solid OpenSCAD_Model
  facet normal 0.873485 -0.332159 0.355942
    outer loop
      vertex 18.1288 98.912 195.082
      vertex 16.9048 95.6204 195.014
      vertex 18.2703 98.9211 194.743
    endloop
  endfacet
  facet normal 0.229851 -0.336456 -0.913217
    outer loop
      vertex 6.01723 84.8446 191.704
      vertex 4.0939 82.9454 191.92
      vertex 5.34952 84.8017 191.552
    endloop
  endfacet
  facet normal 0.25513 -0.7248 -0.639979
    outer loop
      vertex 0.69341 79.3009 193.362
      vertex 0.498877 79.2885 193.298
      vertex 2.60806 80.2439 193.057
    endloop
  endfacet
  facet normal 0.205506 -0.146381 -0.967647
    outer loop
      vertex 8.52388 92.1359 190.576
      vertex 7.53984 92.0728 190.377
      vertex 8.2988 95.0681 190.085
    endloop
  endfacet
  facet normal 0.0756918 -0.13139 0.988437
    outer loop
      vertex 2.15122 94.6735 198.978
      vertex 1.85068 91.7076 198.607
      vertex 3.02796 91.7832 198.527
    endloop
  endfacet
  facet normal 0.146599 -0.0744246 0.986392
    outer loop
      vertex 9.71576 105.546 199.129
      vertex 8.05215 101.732 199.088
      vertex 9.31326 101.813 198.907
    endloop
  endfacet
  facet normal 0.452633 -0.506972 -0.733555
    outer loop
      vertex 7.60656 83.1708 193.138
      vertex 7.30796 83.1517 192.967
      vertex 9.48343 85.0671 192.986
    endloop
  endfacet
  facet normal 0.252433 -0.0803279 -0.964274
    outer loop
      vertex 12.8802 102.042 190.367
      vertex 11.8095 101.973 190.093
      vertex 13.4439 105.785 190.203
    endloop
  endfacet
  facet normal 0.315395 -0.0293724 0.948506
    outer loop
      vertex 17.2709 118.441 197.907
      vertex 16.295 118.378 198.23
      vertex 17.0958 114.094 197.831
    endloop
  endfacet
  facet normal 0.71652 -0.513123 0.472551
    outer loop
      vertex 13.7534 89.803 195.12
      vertex 12.2116 87.3241 194.766
      vertex 13.9363 89.8148 194.855
    endloop
  endfacet
  facet normal 0.61555 -0.196709 0.763154
    outer loop
      vertex 18.1558 102.381 196.182
      vertex 17.1698 98.8505 196.067
      vertex 18.586 102.408 195.842
    endloop
  endfacet
  facet normal 0.158056 -0.0238628 -0.987142
    outer loop
      vertex 8.94083 113.57 188.843
      vertex 7.47157 117.812 188.505
      vertex 8.95334 117.907 188.74
    endloop
  endfacet
  facet normal 0.182367 -0.847138 -0.499099
    outer loop
      vertex 0.288844 79.275 193.238
      vertex -1.62537 78.6588 193.584
      vertex 0.0641401 79.2605 193.18
    endloop
  endfacet
  facet normal 0.104267 -0.0246111 -0.994245
    outer loop
      vertex 2.84399 113.179 188.052
      vertex 2.73492 117.508 187.934
      vertex 4.35621 117.612 188.101
    endloop
  endfacet
  facet normal 0.0968074 -0.187351 -0.977511
    outer loop
      vertex 1.18913 86.6167 190.413
      vertex 0.497315 88.0125 190.077
      vertex 0.589954 88.7638 189.942
    endloop
  endfacet
  facet normal 0.0967816 -0.187364 -0.977511
    outer loop
      vertex 1.18913 86.6167 190.413
      vertex 0.459931 87.8209 190.11
      vertex 0.497315 88.0125 190.077
    endloop
  endfacet
  facet normal 0.0967802 -0.187365 -0.977511
    outer loop
      vertex 0.459931 87.8209 190.11
      vertex 1.18913 86.6167 190.413
      vertex 0.255338 86.5567 190.332
    endloop
  endfacet
  facet normal 0.0874468 -0.039629 0.995381
    outer loop
      vertex 5.78167 113.368 199.998
      vertex 4.2268 109.126 199.966
      vertex 5.74056 109.223 199.836
    endloop
  endfacet
  facet normal 0.9873 -0.0592757 0.147394
    outer loop
      vertex 21.5469 118.715 194.89
      vertex 21.2882 114.363 194.872
      vertex 21.3484 114.367 194.471
    endloop
  endfacet
  facet normal 0.964903 -0.220587 0.142492
    outer loop
      vertex 20.2286 106.22 194.442
      vertex 19.3173 102.455 194.784
      vertex 19.3714 102.459 194.423
    endloop
  endfacet
  facet normal 0.207252 -0.216748 -0.953974
    outer loop
      vertex 6.51096 86.9582 191.204
      vertex 5.70732 86.9067 191.041
      vertex 6.67409 89.3487 190.696
    endloop
  endfacet
  facet normal 0.573638 -0.634041 0.518586
    outer loop
      vertex 10.1975 85.1129 194.878
      vertex 8.04462 83.199 194.92
      vertex 8.21329 83.2098 194.746
    endloop
  endfacet
  facet normal 0.0872531 -0.0136653 -0.996092
    outer loop
      vertex 1.152 118.392 187.783
      vertex 2.73492 117.508 187.934
      vertex 1.18925 117.409 187.799
    endloop
  endfacet
  facet normal 0.0872745 -0.0136268 -0.996091
    outer loop
      vertex 1.14984 118.693 187.778
      vertex 2.73492 117.508 187.934
      vertex 1.152 118.392 187.783
    endloop
  endfacet
  facet normal 0.0872443 -0.0136675 -0.996093
    outer loop
      vertex 2.73492 117.508 187.934
      vertex 1.14984 118.693 187.778
      vertex 1.0234 121.561 187.728
    endloop
  endfacet
  facet normal 0.0399094 -0.0693593 0.996793
    outer loop
      vertex 1.08045 103.738 199.853
      vertex 1.12079 104.994 199.939
      vertex 1.09506 104.992 199.94
    endloop
  endfacet
  facet normal 0.0400601 -0.0693637 0.996787
    outer loop
      vertex 1.12079 104.994 199.939
      vertex 1.08045 103.738 199.853
      vertex 1.09002 101.285 199.682
    endloop
  endfacet
  facet normal 0.0388742 -0.0693716 0.996833
    outer loop
      vertex 1.07663 103.673 199.849
      vertex 1.09002 101.285 199.682
      vertex 1.08045 103.738 199.853
    endloop
  endfacet
  facet normal 0.0399368 -0.0693627 0.996792
    outer loop
      vertex 1.09002 101.285 199.682
      vertex 1.07663 103.673 199.849
      vertex 1.01355 101.467 199.698
    endloop
  endfacet
  facet normal 0.807829 -0.303507 -0.505268
    outer loop
      vertex 18.1526 98.9136 193.714
      vertex 16.9271 95.6219 193.732
      vertex 17.9331 98.8995 193.372
    endloop
  endfacet
  facet normal 0.200047 -0.0239492 -0.979494
    outer loop
      vertex 11.669 113.746 189.364
      vertex 10.3363 113.66 189.094
      vertex 10.3766 117.998 188.996
    endloop
  endfacet
  facet normal 0.439247 -0.00881372 -0.898323
    outer loop
      vertex 19.0716 123.069 191.622
      vertex 18.2652 118.505 191.273
      vertex 18.2846 123.018 191.238
    endloop
  endfacet
  facet normal 0.141692 -0.0691929 -0.98749
    outer loop
      vertex 6.91597 101.659 189.159
      vertex 5.79708 105.294 188.743
      vertex 7.2101 105.385 188.94
    endloop
  endfacet
  facet normal 0.177496 -0.0107402 -0.984063
    outer loop
      vertex 10.3766 117.998 188.996
      vertex 8.85394 122.413 188.673
      vertex 10.2954 122.505 188.932
    endloop
  endfacet
  facet normal 0.20265 -0.0743777 -0.976423
    outer loop
      vertex 10.6731 101.9 189.834
      vertex 9.47554 101.823 189.591
      vertex 11.1371 105.637 189.645
    endloop
  endfacet
  facet normal 0.12291 -0.0519762 -0.991056
    outer loop
      vertex 5.79708 105.294 188.743
      vertex 4.34118 105.201 188.568
      vertex 4.42875 109.139 188.372
    endloop
  endfacet
  facet normal 0.813472 -0.56983 0.116434
    outer loop
      vertex 14.0482 89.822 194.587
      vertex 12.3481 87.3329 194.284
      vertex 14.0887 89.8246 194.317
    endloop
  endfacet
  facet normal 0.628452 -0.298829 -0.718157
    outer loop
      vertex 15.0669 92.5559 193.16
      vertex 14.7233 92.5338 192.869
      vertex 16.0611 95.5663 192.778
    endloop
  endfacet
  facet normal 0.349921 -0.0700687 -0.934155
    outer loop
      vertex 16.8666 109.937 191.046
      vertex 15.4588 105.914 190.821
      vertex 15.9468 109.878 190.706
    endloop
  endfacet
  facet normal 0.564655 -0.174751 -0.806615
    outer loop
      vertex 18.2178 102.385 192.623
      vertex 17.2285 98.8542 192.696
      vertex 17.7086 102.352 192.274
    endloop
  endfacet
  facet normal 0.464333 -0.245822 0.850862
    outer loop
      vertex 15.5435 95.5331 196.231
      vertex 13.7434 92.4709 196.329
      vertex 14.2443 92.5031 196.065
    endloop
  endfacet
  facet normal 0.127273 -0.092079 0.987584
    outer loop
      vertex 6.7402 101.648 199.249
      vertex 6.35388 98.1563 198.974
      vertex 8.05215 101.732 199.088
    endloop
  endfacet
  facet normal 0.365424 -0.567126 0.738128
    outer loop
      vertex 6.91787 83.1266 195.57
      vertex 5.0506 81.5442 195.279
      vertex 5.33356 81.5624 195.153
    endloop
  endfacet
  facet normal 0.164854 -0.167039 -0.972071
    outer loop
      vertex 5.73449 89.2883 190.528
      vertex 4.75629 89.2256 190.372
      vertex 5.43664 91.9378 190.022
    endloop
  endfacet
  facet normal 0.282201 -0.266 0.921741
    outer loop
      vertex 9.87913 89.5544 196.994
      vertex 8.57784 87.0909 196.682
      vertex 10.5811 89.5994 196.792
    endloop
  endfacet
  facet normal 0.121289 -0.0242577 -0.992321
    outer loop
      vertex 4.43358 113.281 188.216
      vertex 4.35621 117.612 188.101
      vertex 5.98363 113.381 188.403
    endloop
  endfacet
  facet normal 0.392859 -0.10223 -0.913899
    outer loop
      vertex 16.4259 102.27 191.597
      vertex 16.3466 105.971 191.149
      vertex 17.1499 106.023 191.489
    endloop
  endfacet
  facet normal 0.391609 -0.0508166 -0.918728
    outer loop
      vertex 17.6988 109.99 191.398
      vertex 16.8666 109.937 191.046
      vertex 17.2154 114.102 190.965
    endloop
  endfacet
  facet normal 0.18182 -0.0922971 -0.978991
    outer loop
      vertex 8.94553 98.3226 189.822
      vertex 8.22151 101.743 189.366
      vertex 9.47554 101.823 189.591
    endloop
  endfacet
  facet normal 0.0865917 -0.00330672 -0.996238
    outer loop
      vertex 2.55619 122.009 187.856
      vertex 1.94657 125.454 187.792
      vertex 2.37245 125.481 187.829
    endloop
  endfacet
  facet normal 0.0865905 -0.00330149 -0.996239
    outer loop
      vertex 1.01357 121.995 187.722
      vertex 2.55619 122.009 187.856
      vertex 1.01473 121.91 187.722
    endloop
  endfacet
  facet normal 0.0865904 -0.00329754 -0.996239
    outer loop
      vertex 0.998562 122.296 187.72
      vertex 2.55619 122.009 187.856
      vertex 1.01357 121.995 187.722
    endloop
  endfacet
  facet normal 0.0865887 -0.00330727 -0.996239
    outer loop
      vertex 2.55619 122.009 187.856
      vertex 0.998562 122.296 187.72
      vertex 1.94657 125.454 187.792
    endloop
  endfacet
  facet normal 0.346365 0.00790136 -0.938067
    outer loop
      vertex 16.4248 122.899 190.504
      vertex 16.3031 126.375 190.488
      vertex 17.0358 126.422 190.759
    endloop
  endfacet
  facet normal 0.252427 -0.0803254 -0.964276
    outer loop
      vertex 13.4439 105.785 190.203
      vertex 11.8095 101.973 190.093
      vertex 12.3248 105.713 189.916
    endloop
  endfacet
  facet normal 0.221243 -0.523343 -0.8229
    outer loop
      vertex 1.67848 80.1842 192.789
      vertex 1.32618 80.1616 192.708
      vertex 3.21279 81.4263 192.411
    endloop
  endfacet
  facet normal 0.201758 -0.0557533 -0.977847
    outer loop
      vertex 11.4694 109.591 189.488
      vertex 9.88538 105.557 189.392
      vertex 10.1726 109.507 189.226
    endloop
  endfacet
  facet normal 0.176754 0.00116153 -0.984254
    outer loop
      vertex 8.85394 122.413 188.673
      vertex 8.69839 125.887 188.649
      vertex 9.7801 125.957 188.843
    endloop
  endfacet
  facet normal 0.122072 -0.037406 -0.991816
    outer loop
      vertex 5.98363 113.381 188.403
      vertex 4.42875 109.139 188.372
      vertex 4.43358 113.281 188.216
    endloop
  endfacet
  facet normal 0.20783 -0.263865 -0.941903
    outer loop
      vertex 6.51096 86.9582 191.204
      vertex 4.64587 84.7566 191.409
      vertex 5.70732 86.9067 191.041
    endloop
  endfacet
  facet normal 0.257997 -0.589798 0.765229
    outer loop
      vertex 4.38405 81.5015 195.515
      vertex 2.28105 80.2229 195.239
      vertex 2.57151 80.2416 195.155
    endloop
  endfacet
  facet normal 0.319004 -0.156619 0.934723
    outer loop
      vertex 13.8861 98.6397 197.531
      vertex 12.9288 95.3652 197.309
      vertex 13.6922 95.4142 197.057
    endloop
  endfacet
  facet normal 0.497378 -0.00898792 -0.867487
    outer loop
      vertex 19.7211 118.598 192.041
      vertex 19.0716 123.069 191.622
      vertex 19.7591 123.113 192.016
    endloop
  endfacet
  facet normal 0.592218 -0.361331 0.720221
    outer loop
      vertex 15.0259 92.5532 195.513
      vertex 13.1779 89.7661 195.635
      vertex 13.5003 89.7868 195.38
    endloop
  endfacet
  facet normal 0.499131 -0.121706 -0.857937
    outer loop
      vertex 18.4907 106.109 192.196
      vertex 17.1106 102.313 191.932
      vertex 17.8656 106.069 191.838
    endloop
  endfacet
  facet normal 0.720347 -0.272888 -0.637677
    outer loop
      vertex 17.9331 98.8995 193.372
      vertex 16.4324 95.5901 193.093
      vertex 17.6247 98.8797 193.032
    endloop
  endfacet
  facet normal 0.18737 -0.312521 -0.931248
    outer loop
      vertex 3.496 82.907 191.799
      vertex 2.86989 82.8668 191.686
      vertex 4.64587 84.7566 191.409
    endloop
  endfacet
  facet normal 0.185922 -0.209167 -0.960043
    outer loop
      vertex 6.67409 89.3487 190.696
      vertex 4.86579 86.8526 190.89
      vertex 5.73449 89.2883 190.528
    endloop
  endfacet
  facet normal 0.647916 -0.0402342 -0.760649
    outer loop
      vertex 20.53 114.314 192.863
      vertex 20.0646 114.284 192.468
      vertex 20.2989 118.635 192.438
    endloop
  endfacet
  facet normal 0.566479 -0.134796 -0.812977
    outer loop
      vertex 19.0228 106.143 192.561
      vertex 17.7086 102.352 192.274
      vertex 18.4907 106.109 192.196
    endloop
  endfacet
  facet normal 0.466869 -0.0109459 0.884259
    outer loop
      vertex 18.9735 123.062 197.258
      vertex 18.9454 118.548 197.217
      vertex 19.6373 118.593 196.852
    endloop
  endfacet
  facet normal 0.359362 -0.0528856 0.931698
    outer loop
      vertex 17.9631 114.15 197.499
      vertex 17.0958 114.094 197.831
      vertex 17.5942 109.984 197.405
    endloop
  endfacet
  facet normal 0.565044 0.0152383 -0.82492
    outer loop
      vertex 20.3443 123.15 192.418
      vertex 19.801 126.6 192.109
      vertex 20.2402 126.628 192.411
    endloop
  endfacet
  facet normal 0.108258 -0.0901679 0.990025
    outer loop
      vertex 6.7402 101.648 199.249
      vertex 5.38257 101.561 199.39
      vertex 6.35388 98.1563 198.974
    endloop
  endfacet
  facet normal 0.176764 0.00115782 -0.984253
    outer loop
      vertex 10.2954 122.505 188.932
      vertex 9.7801 125.957 188.843
      vertex 10.1463 125.98 188.909
    endloop
  endfacet
  facet normal 0.176766 0.00115817 -0.984252
    outer loop
      vertex 9.7801 125.957 188.843
      vertex 10.2954 122.505 188.932
      vertex 8.85394 122.413 188.673
    endloop
  endfacet
  facet normal 0.496268 -0.464372 0.733537
    outer loop
      vertex 11.1827 87.2581 195.686
      vertex 9.44005 85.0643 195.477
      vertex 11.5323 87.2805 195.464
    endloop
  endfacet
  facet normal 0.357487 -0.0108492 0.933855
    outer loop
      vertex 17.2776 122.954 197.957
      vertex 17.2709 118.441 197.907
      vertex 18.1555 118.498 197.569
    endloop
  endfacet
  facet normal 0.840021 -0.092717 -0.534572
    outer loop
      vertex 21.15 114.354 193.664
      vertex 20.6953 110.183 193.673
      vertex 20.8922 114.338 193.262
    endloop
  endfacet
  facet normal 0.0451982 -0.1556 0.986786
    outer loop
      vertex 0.297157 91.3816 198.646
      vertex 0.649461 91.6305 198.669
      vertex 0.320165 91.6094 198.681
    endloop
  endfacet
  facet normal 0.04527 -0.1557 0.986766
    outer loop
      vertex 0.284444 91.3045 198.634
      vertex 0.649461 91.6305 198.669
      vertex 0.297157 91.3816 198.646
    endloop
  endfacet
  facet normal 0.0451736 -0.155594 0.986788
    outer loop
      vertex 0.0794221 89.7899 198.405
      vertex 0.649461 91.6305 198.669
      vertex 0.284444 91.3045 198.634
    endloop
  endfacet
  facet normal 0.0451808 -0.155597 0.986787
    outer loop
      vertex 0.649461 91.6305 198.669
      vertex 0.0794221 89.7899 198.405
      vertex 0.391091 88.9454 198.257
    endloop
  endfacet
  facet normal 0.0732342 -0.0876436 0.993456
    outer loop
      vertex 2.5519 101.379 199.607
      vertex 2.38561 97.9016 199.312
      vertex 3.98463 101.471 199.509
    endloop
  endfacet
  facet normal 0.150117 -0.295386 -0.94351
    outer loop
      vertex 2.21807 82.825 191.583
      vertex 1.5431 82.7817 191.489
      vertex 2.34759 84.6091 191.045
    endloop
  endfacet
  facet normal 0.105881 -0.0516958 -0.993034
    outer loop
      vertex 4.42875 109.139 188.372
      vertex 2.84814 105.105 188.413
      vertex 2.88194 109.039 188.212
    endloop
  endfacet
  facet normal 0.724219 -0.627605 0.285688
    outer loop
      vertex 12.2116 87.3241 194.766
      vertex 10.3409 85.1221 194.671
      vertex 12.3118 87.3306 194.526
    endloop
  endfacet
  facet normal 0.488863 -0.85686 -0.163718
    outer loop
      vertex 6.2707 81.6226 194.025
      vertex 4.00999 80.3339 194.019
      vertex 6.21507 81.619 193.877
    endloop
  endfacet
  facet normal 0.262246 -0.563992 -0.783032
    outer loop
      vertex 4.05508 81.4803 192.64
      vertex 2.32069 80.2255 192.963
      vertex 3.64814 81.4542 192.523
    endloop
  endfacet
  facet normal 0.147621 -0.0944946 0.98452
    outer loop
      vertex 8.05215 101.732 199.088
      vertex 7.59692 98.2361 198.821
      vertex 8.79178 98.3127 198.649
    endloop
  endfacet
  facet normal 0.246983 -0.0646726 0.966859
    outer loop
      vertex 13.7107 109.734 198.602
      vertex 13.3004 105.776 198.442
      vertex 14.3563 105.844 198.177
    endloop
  endfacet
  facet normal 0.087957 -0.0250649 -0.995809
    outer loop
      vertex 1.2004 117.113 187.808
      vertex 2.73492 117.508 187.934
      vertex 2.84399 113.179 188.052
    endloop
  endfacet
  facet normal 0.0879612 -0.0250815 -0.995808
    outer loop
      vertex 2.73492 117.508 187.934
      vertex 1.2004 117.113 187.808
      vertex 1.18925 117.409 187.799
    endloop
  endfacet
  facet normal 0.138403 -0.0117781 -0.990306
    outer loop
      vertex 5.93717 117.713 188.292
      vertex 5.79929 122.217 188.219
      vertex 7.47157 117.812 188.505
    endloop
  endfacet
  facet normal 0.0866039 -0.00331188 -0.996237
    outer loop
      vertex 0.86363 125.01 187.699
      vertex 1.94657 125.454 187.792
      vertex 0.998562 122.296 187.72
    endloop
  endfacet
  facet normal 0.0865919 -0.00328241 -0.996238
    outer loop
      vertex 0.857805 125.315 187.698
      vertex 1.94657 125.454 187.792
      vertex 0.86363 125.01 187.699
    endloop
  endfacet
  facet normal 0.0865902 -0.00326862 -0.996239
    outer loop
      vertex 1.94657 125.454 187.792
      vertex 0.857805 125.315 187.698
      vertex 0.85407 125.384 187.697
    endloop
  endfacet
  facet normal 0.346402 0.0079031 -0.938053
    outer loop
      vertex 17.4012 122.962 190.865
      vertex 17.0358 126.422 190.759
      vertex 17.2839 126.438 190.851
    endloop
  endfacet
  facet normal 0.346373 0.00789971 -0.938064
    outer loop
      vertex 17.0358 126.422 190.759
      vertex 17.4012 122.962 190.865
      vertex 16.4248 122.899 190.504
    endloop
  endfacet
  facet normal 0.728987 -0.218591 -0.648687
    outer loop
      vertex 18.9615 102.432 193.337
      vertex 17.9331 98.8995 193.372
      vertex 18.6359 102.411 192.978
    endloop
  endfacet
  facet normal 0.860811 -0.399612 -0.315143
    outer loop
      vertex 15.6372 92.5925 194.05
      vertex 15.5248 92.5853 193.752
      vertex 16.9271 95.6219 193.732
    endloop
  endfacet
  facet normal 0.222933 -0.009886 -0.974784
    outer loop
      vertex 13.0256 118.168 189.565
      vertex 11.672 122.594 189.211
      vertex 12.9782 122.678 189.509
    endloop
  endfacet
  facet normal 0.178265 -0.0238415 -0.983694
    outer loop
      vertex 10.3363 113.66 189.094
      vertex 8.94083 113.57 188.843
      vertex 10.3766 117.998 188.996
    endloop
  endfacet
  facet normal 0.31038 -0.00900225 -0.95057
    outer loop
      vertex 15.3767 118.319 190.205
      vertex 15.3593 122.83 190.156
      vertex 16.4288 118.387 190.548
    endloop
  endfacet
  facet normal 0.312158 -0.0450117 -0.948963
    outer loop
      vertex 15.9468 109.878 190.706
      vertex 15.2386 113.975 190.279
      vertex 16.2701 114.041 190.615
    endloop
  endfacet
  facet normal 0.158863 -0.0378194 -0.986576
    outer loop
      vertex 8.94083 113.57 188.843
      vertex 7.40101 109.329 188.757
      vertex 7.48803 113.477 188.612
    endloop
  endfacet
  facet normal 0.204548 -0.119045 -0.971591
    outer loop
      vertex 9.36213 95.1363 190.301
      vertex 8.2988 95.0681 190.085
      vertex 10.0802 98.3954 190.052
    endloop
  endfacet
  facet normal 0.436383 -0.270937 -0.858
    outer loop
      vertex 12.3948 89.7158 192.45
      vertex 11.8818 89.6829 192.2
      vertex 13.251 92.4393 192.026
    endloop
  endfacet
  facet normal 0.226384 -0.0770506 -0.970986
    outer loop
      vertex 11.8095 101.973 190.093
      vertex 10.6731 101.9 189.834
      vertex 11.1371 105.637 189.645
    endloop
  endfacet
  facet normal 0.180866 -0.0722267 -0.980852
    outer loop
      vertex 9.47554 101.823 189.591
      vertex 8.22151 101.743 189.366
      vertex 9.88538 105.557 189.392
    endloop
  endfacet
  facet normal 0.105043 -0.037461 -0.993762
    outer loop
      vertex 2.88194 109.039 188.212
      vertex 2.84399 113.179 188.052
      vertex 4.42875 109.139 188.372
    endloop
  endfacet
  facet normal 0.159712 -0.0532735 -0.985725
    outer loop
      vertex 8.81472 109.42 188.982
      vertex 7.2101 105.385 188.94
      vertex 7.40101 109.329 188.757
    endloop
  endfacet
  facet normal 0.105047 -0.0374593 -0.993761
    outer loop
      vertex 4.42875 109.139 188.372
      vertex 2.84399 113.179 188.052
      vertex 4.43358 113.281 188.216
    endloop
  endfacet
  facet normal 0.0872456 -0.0136669 -0.996093
    outer loop
      vertex 1.0234 121.561 187.728
      vertex 2.55619 122.009 187.856
      vertex 2.73492 117.508 187.934
    endloop
  endfacet
  facet normal 0.0872302 -0.0136135 -0.996095
    outer loop
      vertex 1.01765 121.692 187.726
      vertex 2.55619 122.009 187.856
      vertex 1.0234 121.561 187.728
    endloop
  endfacet
  facet normal 0.0872441 -0.013682 -0.996093
    outer loop
      vertex 2.55619 122.009 187.856
      vertex 1.01765 121.692 187.726
      vertex 1.01473 121.91 187.722
    endloop
  endfacet
  facet normal 0.120554 -0.0123622 -0.99263
    outer loop
      vertex 5.93717 117.713 188.292
      vertex 4.19816 122.114 188.026
      vertex 5.79929 122.217 188.219
    endloop
  endfacet
  facet normal 0.119888 -0.00155732 -0.992786
    outer loop
      vertex 4.19816 122.114 188.026
      vertex 4.02177 125.587 187.999
      vertex 5.22329 125.664 188.144
    endloop
  endfacet
  facet normal 0.705959 -0.220067 0.673196
    outer loop
      vertex 18.586 102.408 195.842
      vertex 17.5774 98.8766 195.745
      vertex 17.8975 98.8972 195.416
    endloop
  endfacet
  facet normal 0.765164 -0.437417 -0.472431
    outer loop
      vertex 13.9551 89.816 193.774
      vertex 13.7816 89.8048 193.503
      vertex 15.5248 92.5853 193.752
    endloop
  endfacet
  facet normal 0.154731 -0.493785 0.855707
    outer loop
      vertex 1.68501 81.3282 196.069
      vertex 0.513621 80.1095 195.577
      vertex 2.19779 81.3611 195.995
    endloop
  endfacet
  facet normal 0.352506 -0.36671 0.860966
    outer loop
      vertex 9.78357 87.1683 196.31
      vertex 8.21498 84.9856 196.023
      vertex 8.67294 85.015 195.848
    endloop
  endfacet
  facet normal 0.647092 -0.110264 -0.754397
    outer loop
      vertex 19.4599 106.171 192.932
      vertex 19.0228 106.143 192.561
      vertex 19.6392 110.115 192.509
    endloop
  endfacet
  facet normal 0.52194 -0.327196 0.787732
    outer loop
      vertex 14.2443 92.5031 196.065
      vertex 13.1779 89.7661 195.635
      vertex 14.6724 92.5305 195.793
    endloop
  endfacet
  facet normal 0.667177 -0.469915 -0.577975
    outer loop
      vertex 13.7816 89.8048 193.503
      vertex 11.8545 87.3012 193.314
      vertex 13.5377 89.7892 193.234
    endloop
  endfacet
  facet normal 0.591382 -0.632906 -0.499697
    outer loop
      vertex 10.2196 85.1143 193.61
      vertex 8.06952 83.2006 193.49
      vertex 10.0283 85.102 193.4
    endloop
  endfacet
  facet normal 0.230511 -0.274723 -0.933484
    outer loop
      vertex 7.27354 87.0072 191.378
      vertex 6.01723 84.8446 191.704
      vertex 6.51096 86.9582 191.204
    endloop
  endfacet
  facet normal 0.255568 -0.236443 -0.937433
    outer loop
      vertex 7.99204 87.0533 191.562
      vertex 7.27354 87.0072 191.378
      vertex 9.22507 89.5124 191.278
    endloop
  endfacet
  facet normal 0.12382 -0.0682263 -0.989956
    outer loop
      vertex 5.79708 105.294 188.743
      vertex 4.17113 101.483 188.803
      vertex 4.34118 105.201 188.568
    endloop
  endfacet
  facet normal 0.431557 -0.326931 -0.840758
    outer loop
      vertex 12.3948 89.7158 192.45
      vertex 10.8309 87.2355 192.612
      vertex 11.8818 89.6829 192.2
    endloop
  endfacet
  facet normal 0.228165 -0.123794 -0.96572
    outer loop
      vertex 10.3711 95.2011 190.531
      vertex 9.36213 95.1363 190.301
      vertex 11.1569 98.4645 190.298
    endloop
  endfacet
  facet normal 0.720338 -0.272883 -0.637689
    outer loop
      vertex 16.7214 95.6087 193.411
      vertex 16.4324 95.5901 193.093
      vertex 17.9331 98.8995 193.372
    endloop
  endfacet
  facet normal 0.440979 -0.0548257 -0.895841
    outer loop
      vertex 18.8325 114.205 191.698
      vertex 17.6988 109.99 191.398
      vertex 18.0706 114.156 191.326
    endloop
  endfacet
  facet normal 0.817367 -0.14017 0.558805
    outer loop
      vertex 20.4038 110.164 195.619
      vertex 19.7608 106.19 195.562
      vertex 20.0159 106.207 195.193
    endloop
  endfacet
  facet normal 0.820895 -0.0939433 0.563299
    outer loop
      vertex 20.8504 114.335 195.663
      vertex 20.4038 110.164 195.619
      vertex 20.6681 110.181 195.236
    endloop
  endfacet
  facet normal 0.361226 -0.168511 0.917126
    outer loop
      vertex 14.7007 98.692 197.262
      vertex 14.3843 95.4587 196.792
      vertex 15.4392 98.7394 196.98
    endloop
  endfacet
  facet normal 0.167577 -0.0579472 0.984155
    outer loop
      vertex 9.99692 109.496 199.313
      vertex 9.71576 105.546 199.129
      vertex 11.3021 109.58 199.096
    endloop
  endfacet
  facet normal 0.0518616 -0.00553505 0.998639
    outer loop
      vertex 1.72528 125.44 200.495
      vertex 2.33691 121.995 200.445
      vertex 2.15218 125.467 200.473
    endloop
  endfacet
  facet normal 0.0518402 -0.00553888 0.99864
    outer loop
      vertex 0.806269 122.385 200.526
      vertex 2.33691 121.995 200.445
      vertex 1.72528 125.44 200.495
    endloop
  endfacet
  facet normal 0.0518431 -0.00552727 0.99864
    outer loop
      vertex 2.33691 121.995 200.445
      vertex 0.806269 122.385 200.526
      vertex 0.824893 121.898 200.523
    endloop
  endfacet
  facet normal 0.1566 0.000235793 -0.987662
    outer loop
      vertex 8.85394 122.413 188.673
      vertex 7.57225 125.815 188.47
      vertex 8.69839 125.887 188.649
    endloop
  endfacet
  facet normal 0.184898 -0.172193 -0.967555
    outer loop
      vertex 6.67409 89.3487 190.696
      vertex 5.73449 89.2883 190.528
      vertex 6.50941 92.0066 190.192
    endloop
  endfacet
  facet normal 0.143904 -0.0260495 0.989249
    outer loop
      vertex 8.76112 117.895 199.775
      vertex 8.75237 113.558 199.662
      vertex 10.1925 117.987 199.569
    endloop
  endfacet
  facet normal 0.615556 -0.196712 0.763148
    outer loop
      vertex 18.586 102.408 195.842
      vertex 17.1698 98.8505 196.067
      vertex 17.5774 98.8766 195.745
    endloop
  endfacet
  facet normal 0.319081 -0.192645 0.927942
    outer loop
      vertex 12.9288 95.3652 197.309
      vertex 11.8246 92.3478 197.062
      vertex 12.5311 92.3931 196.829
    endloop
  endfacet
  facet normal 0.93461 -0.0555057 -0.351318
    outer loop
      vertex 21.3022 114.364 194.068
      vertex 21.15 114.354 193.664
      vertex 21.4059 118.706 193.658
    endloop
  endfacet
  facet normal 0.468542 -0.0617723 0.881279
    outer loop
      vertex 18.7375 114.199 197.154
      vertex 18.3478 110.032 197.069
      vertex 19.0079 110.074 196.721
    endloop
  endfacet
  facet normal 0.129596 -0.139456 0.981711
    outer loop
      vertex 5.87006 94.9122 198.661
      vertex 5.29221 91.9285 198.313
      vertex 7.03496 94.987 198.518
    endloop
  endfacet
  facet normal 0.120204 -0.610955 0.782486
    outer loop
      vertex -0.314013 80.0564 195.671
      vertex -1.28465 79.174 195.131
      vertex 0.106882 80.0834 195.627
    endloop
  endfacet
  facet normal 0.113558 -0.199743 0.973246
    outer loop
      vertex 3.60736 89.1518 198.038
      vertex 2.96067 86.7304 197.617
      vertex 3.87173 86.7888 197.523
    endloop
  endfacet
  facet normal 0.115277 -0.242669 0.963236
    outer loop
      vertex 2.96067 86.7304 197.617
      vertex 2.24094 84.6022 197.167
      vertex 3.87173 86.7888 197.523
    endloop
  endfacet
  facet normal 0.151083 -0.174362 0.973022
    outer loop
      vertex 6.37024 91.9977 198.181
      vertex 5.60759 89.2802 197.812
      vertex 6.5525 89.3409 197.677
    endloop
  endfacet
  facet normal 0.344753 -0.44217 0.828029
    outer loop
      vertex 8.67294 85.015 195.848
      vertex 6.52873 83.1017 195.719
      vertex 6.91787 83.1266 195.57
    endloop
  endfacet
  facet normal 0.544404 -0.589136 -0.597113
    outer loop
      vertex 8.06952 83.2006 193.49
      vertex 7.86075 83.1872 193.313
      vertex 10.0283 85.102 193.4
    endloop
  endfacet
  facet normal 0.634952 -0.54839 -0.544154
    outer loop
      vertex 10.2196 85.1143 193.61
      vertex 10.0283 85.102 193.4
      vertex 11.8545 87.3012 193.314
    endloop
  endfacet
  facet normal 0.184461 -0.491882 -0.850897
    outer loop
      vertex 0.954904 80.1378 192.633
      vertex 0.566127 80.1128 192.563
      vertex 2.26378 81.3654 192.207
    endloop
  endfacet
  facet normal 0.0809049 -0.23319 0.96906
    outer loop
      vertex 2.02257 86.6702 197.697
      vertex 0.577713 84.4955 197.294
      vertex 1.41955 84.5495 197.237
    endloop
  endfacet
  facet normal 0.287232 -0.798212 0.529487
    outer loop
      vertex 3.07972 80.2742 194.975
      vertex 1.15874 79.3308 194.595
      vertex 3.29547 80.288 194.879
    endloop
  endfacet
  facet normal 0.0903045 -0.088704 0.991956
    outer loop
      vertex 5.38257 101.561 199.39
      vertex 3.74307 97.9887 199.22
      vertex 5.06758 98.0737 199.107
    endloop
  endfacet
  facet normal 0.218697 -0.0824906 0.9723
    outer loop
      vertex 13.3004 105.776 198.442
      vertex 11.6633 101.964 198.487
      vertex 12.7429 102.033 198.25
    endloop
  endfacet
  facet normal 0.170599 -0.121224 0.977855
    outer loop
      vertex 9.93375 98.386 198.459
      vertex 8.15471 95.0588 198.357
      vertex 9.2249 95.1275 198.179
    endloop
  endfacet
  facet normal 0.280689 -0.0912844 0.955448
    outer loop
      vertex 14.3563 105.844 198.177
      vertex 13.7531 102.098 197.996
      vertex 15.3356 105.906 197.895
    endloop
  endfacet
  facet normal 0.248964 -0.00953288 -0.968466
    outer loop
      vertex 13.0256 118.168 189.565
      vertex 12.9782 122.678 189.509
      vertex 14.2408 118.246 189.877
    endloop
  endfacet
  facet normal 0.34912 -0.0475943 -0.935868
    outer loop
      vertex 16.8666 109.937 191.046
      vertex 16.2701 114.041 190.615
      vertex 17.2154 114.102 190.965
    endloop
  endfacet
  facet normal 0.389805 -0.00877473 -0.920856
    outer loop
      vertex 18.2652 118.505 191.273
      vertex 17.4012 122.962 190.865
      vertex 18.2846 123.018 191.238
    endloop
  endfacet
  facet normal 0.279635 -0.0429434 -0.959146
    outer loop
      vertex 15.2386 113.975 190.279
      vertex 13.8593 109.744 190.066
      vertex 14.125 113.903 189.958
    endloop
  endfacet
  facet normal 0.438205 0.0110899 -0.898807
    outer loop
      vertex 18.2846 123.018 191.238
      vertex 18.3712 126.508 191.323
      vertex 19.0716 123.069 191.622
    endloop
  endfacet
  facet normal 0.438212 0.0110896 -0.898803
    outer loop
      vertex 18.3712 126.508 191.323
      vertex 18.2846 123.018 191.238
      vertex 18.1713 126.495 191.226
    endloop
  endfacet
  facet normal 0.980476 -0.162316 -0.110997
    outer loop
      vertex 20.2286 106.22 194.442
      vertex 20.1852 106.218 194.064
      vertex 20.8883 110.195 194.458
    endloop
  endfacet
  facet normal 0.566463 -0.134789 -0.812989
    outer loop
      vertex 18.2178 102.385 192.623
      vertex 17.7086 102.352 192.274
      vertex 19.0228 106.143 192.561
    endloop
  endfacet
  facet normal 0.993438 -0.0134991 -0.113571
    outer loop
      vertex 21.6083 118.719 194.48
      vertex 21.5612 118.716 194.069
      vertex 21.6703 123.236 194.487
    endloop
  endfacet
  facet normal 0.647268 -0.00986848 -0.762198
    outer loop
      vertex 20.7735 118.666 192.84
      vertex 20.3443 123.15 192.418
      vertex 20.825 123.181 192.825
    endloop
  endfacet
  facet normal 0.177484 -0.0107444 -0.984065
    outer loop
      vertex 8.95334 117.907 188.74
      vertex 8.85394 122.413 188.673
      vertex 10.3766 117.998 188.996
    endloop
  endfacet
  facet normal 0.178258 -0.0238393 -0.983695
    outer loop
      vertex 10.3766 117.998 188.996
      vertex 8.94083 113.57 188.843
      vertex 8.95334 117.907 188.74
    endloop
  endfacet
  facet normal 0.198493 0.00211786 -0.9801
    outer loop
      vertex 10.2954 122.505 188.932
      vertex 10.496 126.003 188.98
      vertex 11.672 122.594 189.211
    endloop
  endfacet
  facet normal 0.198498 0.00211758 -0.980099
    outer loop
      vertex 10.496 126.003 188.98
      vertex 10.2954 122.505 188.932
      vertex 10.1463 125.98 188.909
    endloop
  endfacet
  facet normal 0.279634 -0.0429433 -0.959146
    outer loop
      vertex 14.943 109.813 190.379
      vertex 13.8593 109.744 190.066
      vertex 15.2386 113.975 190.279
    endloop
  endfacet
  facet normal 0.200047 -0.023949 -0.979493
    outer loop
      vertex 11.669 113.746 189.364
      vertex 10.3766 117.998 188.996
      vertex 11.7359 118.086 189.271
    endloop
  endfacet
  facet normal 0.200882 -0.0390391 -0.978837
    outer loop
      vertex 11.669 113.746 189.364
      vertex 10.1726 109.507 189.226
      vertex 10.3363 113.66 189.094
    endloop
  endfacet
  facet normal 0.179085 -0.0383152 -0.983087
    outer loop
      vertex 10.1726 109.507 189.226
      vertex 8.94083 113.57 188.843
      vertex 10.3363 113.66 189.094
    endloop
  endfacet
  facet normal 0.439286 -0.222822 -0.870275
    outer loop
      vertex 13.8135 92.4754 192.3
      vertex 13.251 92.4393 192.026
      vertex 14.4701 95.4642 191.867
    endloop
  endfacet
  facet normal 0.251549 -0.0597659 -0.965997
    outer loop
      vertex 13.4439 105.785 190.203
      vertex 12.3248 105.713 189.916
      vertex 12.6999 109.67 189.769
    endloop
  endfacet
  facet normal 0.311279 -0.0261179 -0.949959
    outer loop
      vertex 16.4288 118.387 190.548
      vertex 15.2386 113.975 190.279
      vertex 15.3767 118.319 190.205
    endloop
  endfacet
  facet normal 0.250677 -0.0413045 -0.967189
    outer loop
      vertex 13.8593 109.744 190.066
      vertex 12.6999 109.67 189.769
      vertex 14.125 113.903 189.958
    endloop
  endfacet
  facet normal 0.141689 -0.069194 -0.98749
    outer loop
      vertex 6.91597 101.659 189.159
      vertex 5.56407 101.572 188.971
      vertex 5.79708 105.294 188.743
    endloop
  endfacet
  facet normal 0.140786 -0.0524941 -0.988647
    outer loop
      vertex 7.40101 109.329 188.757
      vertex 5.79708 105.294 188.743
      vertex 5.93709 109.235 188.554
    endloop
  endfacet
  facet normal 0.202662 -0.0743829 -0.97642
    outer loop
      vertex 11.1371 105.637 189.645
      vertex 9.47554 101.823 189.591
      vertex 9.88538 105.557 189.392
    endloop
  endfacet
  facet normal 0.25328 -0.10338 -0.961853
    outer loop
      vertex 12.1713 98.5297 190.558
      vertex 11.1569 98.4645 190.298
      vertex 11.8095 101.973 190.093
    endloop
  endfacet
  facet normal 0.0895584 -0.0516171 -0.994643
    outer loop
      vertex 2.88194 109.039 188.212
      vertex 1.41309 108.664 188.099
      vertex 1.41801 108.916 188.087
    endloop
  endfacet
  facet normal 0.0895636 -0.0516378 -0.994642
    outer loop
      vertex 1.41309 108.664 188.099
      vertex 2.88194 109.039 188.212
      vertex 2.84814 105.105 188.413
    endloop
  endfacet
  facet normal 0.0895734 -0.0518056 -0.994632
    outer loop
      vertex 2.88194 109.039 188.212
      vertex 1.41801 108.916 188.087
      vertex 1.41736 108.945 188.085
    endloop
  endfacet
  facet normal 0.103561 -0.0129922 -0.994538
    outer loop
      vertex 2.73492 117.508 187.934
      vertex 2.55619 122.009 187.856
      vertex 4.19816 122.114 188.026
    endloop
  endfacet
  facet normal 0.137707 -0.000672032 -0.990473
    outer loop
      vertex 7.35327 122.317 188.435
      vertex 6.02486 125.716 188.248
      vertex 7.191 125.79 188.41
    endloop
  endfacet
  facet normal 0.105881 -0.0516958 -0.993034
    outer loop
      vertex 4.34118 105.201 188.568
      vertex 2.84814 105.105 188.413
      vertex 4.42875 109.139 188.372
    endloop
  endfacet
  facet normal 0.129737 -0.193305 -0.972523
    outer loop
      vertex 3.74335 89.1605 190.232
      vertex 2.14772 86.6782 190.512
      vertex 2.69967 89.0936 190.106
    endloop
  endfacet
  facet normal 0.167208 -0.246949 -0.954494
    outer loop
      vertex 3.90903 84.7093 191.277
      vertex 3.14193 84.66 191.155
      vertex 4.86579 86.8526 190.89
    endloop
  endfacet
  facet normal 0.132339 -0.204981 0.969778
    outer loop
      vertex 4.62459 89.2171 197.933
      vertex 3.87173 86.7888 197.523
      vertex 4.75214 86.8453 197.414
    endloop
  endfacet
  facet normal 0.36331 -0.710506 0.60265
    outer loop
      vertex 5.33356 81.5624 195.153
      vertex 3.29547 80.288 194.879
      vertex 3.48447 80.3001 194.779
    endloop
  endfacet
  facet normal 0.817577 -0.472699 0.328821
    outer loop
      vertex 15.5041 92.5839 194.938
      vertex 13.9363 89.8148 194.855
      vertex 14.0482 89.822 194.587
    endloop
  endfacet
  facet normal 0.902351 -0.4192 -0.100168
    outer loop
      vertex 15.6712 92.5947 194.348
      vertex 15.6372 92.5925 194.05
      vertex 17.0486 95.6297 194.054
    endloop
  endfacet
  facet normal 0.15553 -0.390622 0.907318
    outer loop
      vertex 2.78534 82.8614 196.54
      vertex 1.68501 81.3282 196.069
      vertex 2.19779 81.3611 195.995
    endloop
  endfacet
  facet normal 0.164907 -0.848264 0.503243
    outer loop
      vertex 0.260027 79.2731 194.892
      vertex -1.64093 78.6578 194.478
      vertex -1.52601 78.6651 194.452
    endloop
  endfacet
  facet normal 0.0788985 -0.192109 0.978197
    outer loop
      vertex 2.55993 89.0846 198.128
      vertex 1.06111 86.6084 197.762
      vertex 2.02257 86.6702 197.697
    endloop
  endfacet
  facet normal 0.219529 -0.436021 0.87275
    outer loop
      vertex 4.58826 82.9771 196.24
      vertex 3.15333 81.4225 195.824
      vertex 3.59231 81.4506 195.728
    endloop
  endfacet
  facet normal 0.711489 -0.170597 0.681674
    outer loop
      vertex 19.4077 106.168 195.925
      vertex 18.586 102.408 195.842
      vertex 18.9239 102.43 195.495
    endloop
  endfacet
  facet normal 0.828547 -0.471994 -0.301217
    outer loop
      vertex 15.6372 92.5925 194.05
      vertex 14.0577 89.8226 194.046
      vertex 15.5248 92.5853 193.752
    endloop
  endfacet
  facet normal 0.948984 -0.282783 0.139509
    outer loop
      vertex 19.3173 102.455 194.784
      vertex 18.2703 98.9211 194.743
      vertex 18.3215 98.9244 194.401
    endloop
  endfacet
  facet normal 0.807823 -0.303506 -0.505279
    outer loop
      vertex 16.9271 95.6219 193.732
      vertex 16.7214 95.6087 193.411
      vertex 17.9331 98.8995 193.372
    endloop
  endfacet
  facet normal 0.358055 -0.67569 -0.644391
    outer loop
      vertex 5.36829 81.5646 193.159
      vertex 3.10968 80.2761 193.255
      vertex 5.08989 81.5468 193.023
    endloop
  endfacet
  facet normal 0.249805 -0.434071 -0.865551
    outer loop
      vertex 3.64814 81.4542 192.523
      vertex 3.21279 81.4263 192.411
      vertex 4.66126 82.9818 192.049
    endloop
  endfacet
  facet normal 0.392209 -0.205237 -0.896688
    outer loop
      vertex 13.251 92.4393 192.026
      vertex 12.6194 92.3988 191.759
      vertex 14.4701 95.4642 191.867
    endloop
  endfacet
  facet normal 0.186804 -0.254669 -0.948814
    outer loop
      vertex 5.70732 86.9067 191.041
      vertex 4.64587 84.7566 191.409
      vertex 4.86579 86.8526 190.89
    endloop
  endfacet
  facet normal 0.106792 -0.0675755 -0.991982
    outer loop
      vertex 4.17113 101.483 188.803
      vertex 2.84814 105.105 188.413
      vertex 4.34118 105.201 188.568
    endloop
  endfacet
  facet normal 0.164858 -0.167038 -0.97207
    outer loop
      vertex 5.73449 89.2883 190.528
      vertex 5.43664 91.9378 190.022
      vertex 6.50941 92.0066 190.192
    endloop
  endfacet
  facet normal 0.556568 -0.269156 -0.785994
    outer loop
      vertex 16.0611 95.5663 192.778
      vertex 14.7233 92.5338 192.869
      vertex 15.6091 95.5373 192.468
    endloop
  endfacet
  facet normal 0.49836 -0.157843 -0.85248
    outer loop
      vertex 17.7086 102.352 192.274
      vertex 16.7461 98.8233 192.365
      vertex 17.1106 102.313 191.932
    endloop
  endfacet
  facet normal 0.556565 -0.269155 -0.785997
    outer loop
      vertex 14.7233 92.5338 192.869
      vertex 14.305 92.507 192.582
      vertex 15.6091 95.5373 192.468
    endloop
  endfacet
  facet normal 0.470141 -0.425491 -0.773256
    outer loop
      vertex 11.2323 87.2613 192.842
      vertex 9.48343 85.0671 192.986
      vertex 10.8309 87.2355 192.612
    endloop
  endfacet
  facet normal 0.348649 -0.281564 -0.893961
    outer loop
      vertex 11.3059 89.6459 191.956
      vertex 9.28568 87.1363 191.959
      vertex 10.6695 89.6051 191.721
    endloop
  endfacet
  facet normal 0.392966 -0.166474 -0.904358
    outer loop
      vertex 15.5308 98.7453 191.723
      vertex 14.4701 95.4642 191.867
      vertex 14.8026 98.6985 191.416
    endloop
  endfacet
  facet normal 0.49665 -0.198289 -0.844997
    outer loop
      vertex 15.6091 95.5373 192.468
      vertex 15.078 95.5032 192.163
      vertex 16.1795 98.7869 192.04
    endloop
  endfacet
  facet normal 0.5673 -0.0987059 -0.817574
    outer loop
      vertex 19.6392 110.115 192.509
      vertex 19.0228 106.143 192.561
      vertex 19.0879 110.08 192.131
    endloop
  endfacet
  facet normal 0.282829 -0.136394 -0.949423
    outer loop
      vertex 13.1195 98.5905 190.832
      vertex 11.3218 95.2621 190.774
      vertex 12.1713 98.5297 190.558
    endloop
  endfacet
  facet normal 0.499157 -0.121716 -0.85792
    outer loop
      vertex 17.7086 102.352 192.274
      vertex 17.1106 102.313 191.932
      vertex 18.4907 106.109 192.196
    endloop
  endfacet
  facet normal 0.715972 0.019144 0.697866
    outer loop
      vertex 21.0555 126.68 195.726
      vertex 20.7641 126.662 196.025
      vertex 21.156 123.202 195.718
    endloop
  endfacet
  facet normal 0.278925 -0.0471447 0.959155
    outer loop
      vertex 15.0964 113.966 198.447
      vertex 14.8046 109.805 198.327
      vertex 15.8191 109.87 198.035
    endloop
  endfacet
  facet normal 0.246064 -0.0451008 0.968204
    outer loop
      vertex 15.0964 113.966 198.447
      vertex 13.7107 109.734 198.602
      vertex 14.8046 109.805 198.327
    endloop
  endfacet
  facet normal 0.0540041 -0.039902 0.997743
    outer loop
      vertex 1.11689 108.992 200.154
      vertex 2.67536 109.026 200.071
      vertex 2.6317 113.166 200.239
    endloop
  endfacet
  facet normal 0.054003 -0.0398435 0.997746
    outer loop
      vertex 2.67536 109.026 200.071
      vertex 1.11689 108.992 200.154
      vertex 1.11699 108.926 200.151
    endloop
  endfacet
  facet normal 0.988532 0.0278143 0.14843
    outer loop
      vertex 21.6082 123.232 194.901
      vertex 21.5255 126.71 194.8
      vertex 21.5097 126.709 194.905
    endloop
  endfacet
  facet normal 0.988533 0.0278142 0.148424
    outer loop
      vertex 21.5255 126.71 194.8
      vertex 21.6082 123.232 194.901
      vertex 21.6703 123.236 194.487
    endloop
  endfacet
  facet normal 0.465709 0.0110536 0.884869
    outer loop
      vertex 19.3891 126.573 196.996
      vertex 19.6742 123.107 196.889
      vertex 19.5671 126.585 196.902
    endloop
  endfacet
  facet normal 0.465763 0.0110588 0.88484
    outer loop
      vertex 19.6742 123.107 196.889
      vertex 19.3891 126.573 196.996
      vertex 18.9735 123.062 197.258
    endloop
  endfacet
  facet normal 0.739804 0.0206694 -0.672505
    outer loop
      vertex 21.1992 123.205 193.238
      vertex 20.723 126.659 192.82
      vertex 20.8181 126.665 192.925
    endloop
  endfacet
  facet normal 0.739834 0.0206775 -0.672472
    outer loop
      vertex 20.723 126.659 192.82
      vertex 21.1992 123.205 193.238
      vertex 20.825 123.181 192.825
    endloop
  endfacet
  facet normal 0.119867 -0.00155692 -0.992789
    outer loop
      vertex 5.79929 122.217 188.219
      vertex 5.22329 125.664 188.144
      vertex 5.63007 125.69 188.193
    endloop
  endfacet
  facet normal 0.119879 -0.00155487 -0.992787
    outer loop
      vertex 5.22329 125.664 188.144
      vertex 5.79929 122.217 188.219
      vertex 4.19816 122.114 188.026
    endloop
  endfacet
  facet normal 0.255103 -0.724756 -0.64004
    outer loop
      vertex 2.60806 80.2439 193.057
      vertex 0.498877 79.2885 193.298
      vertex 2.32069 80.2255 192.963
    endloop
  endfacet
  facet normal 0.193408 -0.101123 0.975893
    outer loop
      vertex 11.6633 101.964 198.487
      vertex 9.93375 98.386 198.459
      vertex 11.0183 98.4557 198.251
    endloop
  endfacet
  facet normal 0.319075 -0.192644 0.927944
    outer loop
      vertex 12.9288 95.3652 197.309
      vertex 12.5311 92.3931 196.829
      vertex 13.6922 95.4142 197.057
    endloop
  endfacet
  facet normal 0.247895 -0.08646 0.964921
    outer loop
      vertex 14.3563 105.844 198.177
      vertex 13.3004 105.776 198.442
      vertex 13.7531 102.098 197.996
    endloop
  endfacet
  facet normal 0.317186 -0.0721716 0.945613
    outer loop
      vertex 15.8191 109.87 198.035
      vertex 15.3356 105.906 197.895
      vertex 16.7502 109.929 197.728
    endloop
  endfacet
  facet normal 0.716768 -0.0841785 0.692212
    outer loop
      vertex 20.4744 114.311 196.05
      vertex 20.038 110.14 195.994
      vertex 20.4038 110.164 195.619
    endloop
  endfacet
  facet normal 0.408679 -0.0327218 0.912091
    outer loop
      vertex 18.1555 118.498 197.569
      vertex 17.9631 114.15 197.499
      vertex 18.7375 114.199 197.154
    endloop
  endfacet
  facet normal 0.714942 -0.125425 0.687842
    outer loop
      vertex 20.4038 110.164 195.619
      vertex 19.4077 106.168 195.925
      vertex 19.7608 106.19 195.562
    endloop
  endfacet
  facet normal 0.983231 -0.108862 0.146307
    outer loop
      vertex 21.2882 114.363 194.872
      vertex 20.8883 110.195 194.458
      vertex 21.3484 114.367 194.471
    endloop
  endfacet
  facet normal 0.0757038 -0.131386 0.988436
    outer loop
      vertex 3.42336 94.7551 198.892
      vertex 2.15122 94.6735 198.978
      vertex 3.02796 91.7832 198.527
    endloop
  endfacet
  facet normal 0.074392 -0.10795 0.991369
    outer loop
      vertex 3.74307 97.9887 199.22
      vertex 2.38561 97.9016 199.312
      vertex 3.42336 94.7551 198.892
    endloop
  endfacet
  facet normal 0.113554 -0.199743 0.973246
    outer loop
      vertex 4.62459 89.2171 197.933
      vertex 3.60736 89.1518 198.038
      vertex 3.87173 86.7888 197.523
    endloop
  endfacet
  facet normal 0.112012 -0.164994 0.979913
    outer loop
      vertex 4.17665 91.8569 198.429
      vertex 3.60736 89.1518 198.038
      vertex 5.29221 91.9285 198.313
    endloop
  endfacet
  facet normal 0.19341 -0.101124 0.975893
    outer loop
      vertex 10.5185 101.89 198.706
      vertex 9.93375 98.386 198.459
      vertex 11.6633 101.964 198.487
    endloop
  endfacet
  facet normal 0.055812 -0.0694415 0.996024
    outer loop
      vertex 1.12079 104.994 199.939
      vertex 1.09002 101.285 199.682
      vertex 2.64875 105.092 199.86
    endloop
  endfacet
  facet normal 0.0593559 -0.129893 0.98975
    outer loop
      vertex 0.85321 94.5902 199.045
      vertex 0.649461 91.6305 198.669
      vertex 2.15122 94.6735 198.978
    endloop
  endfacet
  facet normal 0.0399599 -0.0693529 0.996792
    outer loop
      vertex 1.01355 101.467 199.698
      vertex 1.00821 101.28 199.685
      vertex 1.09002 101.285 199.682
    endloop
  endfacet
  facet normal 0.0914562 -0.109477 0.989773
    outer loop
      vertex 5.06758 98.0737 199.107
      vertex 3.42336 94.7551 198.892
      vertex 4.66461 94.8348 198.786
    endloop
  endfacet
  facet normal 0.167375 -0.479171 -0.861615
    outer loop
      vertex 0.566127 80.1128 192.563
      vertex 0.161377 80.0869 192.499
      vertex 1.22302 81.2986 192.031
    endloop
  endfacet
  facet normal 0.312075 -0.320082 -0.894515
    outer loop
      vertex 7.77902 84.9577 192.213
      vertex 7.23438 84.9227 192.035
      vertex 8.66364 87.0964 191.756
    endloop
  endfacet
  facet normal 0.226488 -0.911223 -0.344057
    outer loop
      vertex 1.17667 79.332 193.566
      vertex -1.13396 78.6903 193.744
      vertex 1.03298 79.3227 193.496
    endloop
  endfacet
  facet normal 0.425629 -0.601806 -0.675773
    outer loop
      vertex 7.60656 83.1708 193.138
      vertex 5.36829 81.5646 193.159
      vertex 7.30796 83.1517 192.967
    endloop
  endfacet
  facet normal 0.230833 -0.935145 0.268738
    outer loop
      vertex 1.28669 79.339 194.527
      vertex -1.00527 78.6986 194.268
      vertex -0.949815 78.7021 194.232
    endloop
  endfacet
  facet normal 0.372931 -0.918538 0.131191
    outer loop
      vertex 3.95978 80.3307 194.354
      vertex 1.63979 79.3617 194.165
      vertex 4.00609 80.3336 194.243
    endloop
  endfacet
  facet normal 0.372941 -0.918546 0.131105
    outer loop
      vertex 3.95978 80.3307 194.354
      vertex 1.60844 79.3597 194.24
      vertex 1.63979 79.3617 194.165
    endloop
  endfacet
  facet normal 0.578553 -0.785245 0.220604
    outer loop
      vertex 8.33515 83.2176 194.57
      vertex 6.20485 81.6183 194.464
      vertex 6.26558 81.6222 194.319
    endloop
  endfacet
  facet normal 0.314987 -0.144635 -0.938011
    outer loop
      vertex 13.0335 95.372 191.299
      vertex 12.2104 95.3191 191.031
      vertex 13.9978 98.6469 191.118
    endloop
  endfacet
  facet normal 0.315053 -0.217529 -0.923809
    outer loop
      vertex 11.9214 92.354 191.501
      vertex 10.6695 89.6051 191.721
      vertex 11.1598 92.3051 191.252
    endloop
  endfacet
  facet normal 0.358072 -0.675718 -0.644352
    outer loop
      vertex 3.32195 80.2897 193.359
      vertex 3.10968 80.2761 193.255
      vertex 5.36829 81.5646 193.159
    endloop
  endfacet
  facet normal 0.327968 -0.503085 -0.799589
    outer loop
      vertex 6.58239 83.1051 192.638
      vertex 4.43199 81.5045 192.763
      vertex 6.1583 83.0779 192.481
    endloop
  endfacet
  facet normal 0.196698 -0.418645 0.886592
    outer loop
      vertex 4.01674 82.9404 196.35
      vertex 2.68788 81.3926 195.914
      vertex 3.15333 81.4225 195.824
    endloop
  endfacet
  facet normal 0.364243 -0.906957 0.211555
    outer loop
      vertex 3.95978 80.3307 194.354
      vertex 1.55722 79.3564 194.314
      vertex 1.60844 79.3597 194.24
    endloop
  endfacet
  facet normal 0.133146 -0.796042 -0.590414
    outer loop
      vertex -0.962842 79.1946 192.984
      vertex -2.29017 78.6161 193.465
      vertex -1.24656 79.1764 192.945
    endloop
  endfacet
  facet normal 0.19097 -0.648324 -0.737025
    outer loop
      vertex -0.174346 79.2452 193.126
      vertex -0.425674 79.2291 193.075
      vertex 1.32618 80.1616 192.708
    endloop
  endfacet
  facet normal 0.068195 -0.0046575 0.997661
    outer loop
      vertex 3.80644 125.573 200.361
      vertex 2.57058 125.494 200.445
      vertex 3.98379 122.1 200.333
    endloop
  endfacet
  facet normal 0.276178 0.0044148 0.961096
    outer loop
      vertex 15.8934 126.349 198.382
      vertex 15.0852 126.297 198.614
      vertex 15.2123 122.821 198.594
    endloop
  endfacet
  facet normal 0.172793 -0.180548 0.968269
    outer loop
      vertex 7.4065 92.0642 198.032
      vertex 6.5525 89.3409 197.677
      vertex 8.39688 92.1278 197.867
    endloop
  endfacet
  facet normal 0.194407 -0.125967 0.972799
    outer loop
      vertex 11.0183 98.4557 198.251
      vertex 9.2249 95.1275 198.179
      vertex 10.2413 95.1927 197.984
    endloop
  endfacet
  facet normal 0.24789 -0.0864607 0.964922
    outer loop
      vertex 13.3004 105.776 198.442
      vertex 12.7429 102.033 198.25
      vertex 13.7531 102.098 197.996
    endloop
  endfacet
  facet normal 0.935638 -0.0126653 -0.352733
    outer loop
      vertex 21.6227 123.232 194.07
      vertex 21.4059 118.706 193.658
      vertex 21.4654 123.222 193.653
    endloop
  endfacet
  facet normal 0.498295 -0.0331739 -0.866373
    outer loop
      vertex 19.4981 114.248 192.079
      vertex 18.8325 114.205 191.698
      vertex 19.7211 118.598 192.041
    endloop
  endfacet
  facet normal 0.349113 -0.0475956 -0.935871
    outer loop
      vertex 16.8666 109.937 191.046
      vertex 15.9468 109.878 190.706
      vertex 16.2701 114.041 190.615
    endloop
  endfacet
  facet normal 0.391616 -0.0508154 -0.918725
    outer loop
      vertex 17.6988 109.99 191.398
      vertex 17.2154 114.102 190.965
      vertex 18.0706 114.156 191.326
    endloop
  endfacet
  facet normal 0.222153 0.00312266 -0.975007
    outer loop
      vertex 11.672 122.594 189.211
      vertex 11.529 126.069 189.189
      vertex 12.5092 126.132 189.413
    endloop
  endfacet
  facet normal 0.248114 0.00418328 -0.968722
    outer loop
      vertex 14.2089 122.757 189.824
      vertex 13.7647 126.212 189.725
      vertex 14.0773 126.232 189.806
    endloop
  endfacet
  facet normal 0.248141 0.00418692 -0.968715
    outer loop
      vertex 13.7647 126.212 189.725
      vertex 14.2089 122.757 189.824
      vertex 12.9782 122.678 189.509
    endloop
  endfacet
  facet normal 0.388812 0.00939944 -0.921269
    outer loop
      vertex 18.2846 123.018 191.238
      vertex 17.5083 126.453 190.946
      vertex 18.1713 126.495 191.226
    endloop
  endfacet
  facet normal 0.348237 -0.0272637 -0.93701
    outer loop
      vertex 17.2154 114.102 190.965
      vertex 16.2701 114.041 190.615
      vertex 16.4288 118.387 190.548
    endloop
  endfacet
  facet normal 0.822783 -0.0128527 0.56821
    outer loop
      vertex 21.4365 123.221 195.312
      vertex 21.156 123.202 195.718
      vertex 21.3774 118.704 195.296
    endloop
  endfacet
  facet normal 0.82257 -0.0515678 0.566321
    outer loop
      vertex 21.1004 118.687 195.696
      vertex 20.8504 114.335 195.663
      vertex 21.3774 118.704 195.296
    endloop
  endfacet
  facet normal 0.360791 -0.10429 0.926797
    outer loop
      vertex 17.0489 106.016 197.287
      vertex 16.2343 105.964 197.598
      vertex 16.3293 102.263 197.145
    endloop
  endfacet
  facet normal 0.740452 -0.0826583 -0.667007
    outer loop
      vertex 20.4445 110.167 193.282
      vertex 20.092 110.144 192.894
      vertex 20.53 114.314 192.863
    endloop
  endfacet
  facet normal 0.916768 -0.208196 -0.340868
    outer loop
      vertex 19.3299 102.456 194.061
      vertex 19.1931 102.447 193.698
      vertex 20.1852 106.218 194.064
    endloop
  endfacet
  facet normal 0.156588 0.000231272 -0.987664
    outer loop
      vertex 7.35327 122.317 188.435
      vertex 7.57225 125.815 188.47
      vertex 8.85394 122.413 188.673
    endloop
  endfacet
  facet normal 0.156599 0.000230586 -0.987662
    outer loop
      vertex 7.57225 125.815 188.47
      vertex 7.35327 122.317 188.435
      vertex 7.191 125.79 188.41
    endloop
  endfacet
  facet normal 0.157301 -0.0112406 -0.987487
    outer loop
      vertex 8.95334 117.907 188.74
      vertex 7.47157 117.812 188.505
      vertex 8.85394 122.413 188.673
    endloop
  endfacet
  facet normal 0.223751 -0.0242048 -0.974346
    outer loop
      vertex 13.0256 118.168 189.565
      vertex 11.669 113.746 189.364
      vertex 11.7359 118.086 189.271
    endloop
  endfacet
  facet normal 0.199248 -0.0102891 -0.979895
    outer loop
      vertex 10.3766 117.998 188.996
      vertex 10.2954 122.505 188.932
      vertex 11.672 122.594 189.211
    endloop
  endfacet
  facet normal 0.310371 -0.00900447 -0.950573
    outer loop
      vertex 16.4288 118.387 190.548
      vertex 15.3593 122.83 190.156
      vertex 16.4248 122.899 190.504
    endloop
  endfacet
  facet normal 0.312169 -0.0450093 -0.94896
    outer loop
      vertex 15.9468 109.878 190.706
      vertex 14.943 109.813 190.379
      vertex 15.2386 113.975 190.279
    endloop
  endfacet
  facet normal 0.225474 -0.057536 -0.972549
    outer loop
      vertex 12.6999 109.67 189.769
      vertex 11.1371 105.637 189.645
      vertex 11.4694 109.591 189.488
    endloop
  endfacet
  facet normal 0.201756 -0.0557524 -0.977848
    outer loop
      vertex 11.1371 105.637 189.645
      vertex 9.88538 105.557 189.392
      vertex 11.4694 109.591 189.488
    endloop
  endfacet
  facet normal 0.224601 -0.0400214 -0.973629
    outer loop
      vertex 12.6999 109.67 189.769
      vertex 11.669 113.746 189.364
      vertex 12.9335 113.827 189.652
    endloop
  endfacet
  facet normal 0.22375 -0.0242042 -0.974346
    outer loop
      vertex 12.9335 113.827 189.652
      vertex 11.669 113.746 189.364
      vertex 13.0256 118.168 189.565
    endloop
  endfacet
  facet normal 0.158855 -0.0378165 -0.986577
    outer loop
      vertex 8.81472 109.42 188.982
      vertex 7.40101 109.329 188.757
      vertex 8.94083 113.57 188.843
    endloop
  endfacet
  facet normal 0.179087 -0.0383146 -0.983087
    outer loop
      vertex 10.1726 109.507 189.226
      vertex 8.81472 109.42 188.982
      vertex 8.94083 113.57 188.843
    endloop
  endfacet
  facet normal 0.139936 -0.03752 -0.989449
    outer loop
      vertex 7.40101 109.329 188.757
      vertex 5.93709 109.235 188.554
      vertex 5.98363 113.381 188.403
    endloop
  endfacet
  facet normal 0.140781 -0.0524924 -0.988648
    outer loop
      vertex 7.2101 105.385 188.94
      vertex 5.79708 105.294 188.743
      vertex 7.40101 109.329 188.757
    endloop
  endfacet
  facet normal 0.142666 -0.0879589 -0.985855
    outer loop
      vertex 6.52042 98.167 189.413
      vertex 5.56407 101.572 188.971
      vertex 6.91597 101.659 189.159
    endloop
  endfacet
  facet normal 0.17995 -0.0543499 -0.982173
    outer loop
      vertex 9.88538 105.557 189.392
      vertex 8.57466 105.472 189.156
      vertex 8.81472 109.42 188.982
    endloop
  endfacet
  facet normal 0.0879589 -0.0250576 -0.995809
    outer loop
      vertex 2.84399 113.179 188.052
      vertex 1.26468 115.11 187.864
      vertex 1.2647 115.407 187.857
    endloop
  endfacet
  facet normal 0.0879483 -0.0250664 -0.99581
    outer loop
      vertex 1.26468 115.11 187.864
      vertex 2.84399 113.179 188.052
      vertex 1.32696 113.082 187.921
    endloop
  endfacet
  facet normal 0.0879366 -0.0250736 -0.99581
    outer loop
      vertex 2.84399 113.179 188.052
      vertex 1.2647 115.407 187.857
      vertex 1.2004 117.113 187.808
    endloop
  endfacet
  facet normal 0.121285 -0.0242592 -0.992321
    outer loop
      vertex 5.98363 113.381 188.403
      vertex 4.35621 117.612 188.101
      vertex 5.93717 117.713 188.292
    endloop
  endfacet
  facet normal 0.104273 -0.0246129 -0.994244
    outer loop
      vertex 4.43358 113.281 188.216
      vertex 2.84399 113.179 188.052
      vertex 4.35621 117.612 188.101
    endloop
  endfacet
  facet normal 0.124805 -0.0864925 -0.988404
    outer loop
      vertex 5.56407 101.572 188.971
      vertex 3.91978 98 189.076
      vertex 4.17113 101.483 188.803
    endloop
  endfacet
  facet normal 0.123819 -0.0682259 -0.989957
    outer loop
      vertex 5.56407 101.572 188.971
      vertex 4.17113 101.483 188.803
      vertex 5.79708 105.294 188.743
    endloop
  endfacet
  facet normal 0.118527 -0.353994 -0.927707
    outer loop
      vertex 0.106927 81.2269 191.887
      vertex -0.473908 81.1897 191.827
      vertex 0.134456 82.6913 191.331
    endloop
  endfacet
  facet normal 0.685908 -0.333934 0.646544
    outer loop
      vertex 16.3881 95.5873 195.635
      vertex 15.0259 92.5532 195.513
      vertex 15.3035 92.5711 195.228
    endloop
  endfacet
  facet normal 0.67482 -0.59233 0.440186
    outer loop
      vertex 12.0478 87.3136 195.003
      vertex 10.1975 85.1129 194.878
      vertex 12.2116 87.3241 194.766
    endloop
  endfacet
  facet normal 0.748267 -0.438504 0.497806
    outer loop
      vertex 15.5041 92.5839 194.938
      vertex 13.7534 89.803 195.12
      vertex 13.9363 89.8148 194.855
    endloop
  endfacet
  facet normal 0.685895 -0.333932 0.646558
    outer loop
      vertex 16.3881 95.5873 195.635
      vertex 15.3035 92.5711 195.228
      vertex 16.6881 95.6065 195.327
    endloop
  endfacet
  facet normal 0.19249 -0.525218 0.828911
    outer loop
      vertex 2.68788 81.3926 195.914
      vertex 1.27826 80.1585 195.459
      vertex 3.15333 81.4225 195.824
    endloop
  endfacet
  facet normal 0.331419 -0.534272 0.777634
    outer loop
      vertex 6.52873 83.1017 195.719
      vertex 4.73368 81.5239 195.4
      vertex 5.0506 81.5442 195.279
    endloop
  endfacet
  facet normal 0.0927328 -0.133439 0.986709
    outer loop
      vertex 3.42336 94.7551 198.892
      vertex 3.02796 91.7832 198.527
      vertex 4.66461 94.8348 198.786
    endloop
  endfacet
  facet normal 0.0626746 -0.189548 0.979869
    outer loop
      vertex 0.391091 88.9454 198.257
      vertex 0.0800983 86.5455 197.813
      vertex 1.06111 86.6084 197.762
    endloop
  endfacet
  facet normal 0.0833051 -0.285849 0.954647
    outer loop
      vertex 0.577713 84.4955 197.294
      vertex 0.0392109 82.6851 196.799
      vertex 0.754535 82.731 196.751
    endloop
  endfacet
  facet normal 0.175575 -0.325598 0.929064
    outer loop
      vertex 4.55052 84.7505 196.883
      vertex 4.01674 82.9404 196.35
      vertex 5.25871 84.7959 196.765
    endloop
  endfacet
  facet normal 0.24423 -0.45603 0.855797
    outer loop
      vertex 5.12728 83.0117 196.122
      vertex 3.59231 81.4506 195.728
      vertex 5.63166 83.0441 195.995
    endloop
  endfacet
  facet normal 0.0603373 -0.443162 0.894409
    outer loop
      vertex -1.74982 81.1078 196.332
      vertex -2.10527 79.9414 195.778
      vertex -1.64481 79.9709 195.762
    endloop
  endfacet
  facet normal 0.765171 -0.437422 -0.472414
    outer loop
      vertex 15.5248 92.5853 193.752
      vertex 13.7816 89.8048 193.503
      vertex 15.3344 92.573 193.455
    endloop
  endfacet
  facet normal 0.864795 -0.492993 -0.0953276
    outer loop
      vertex 15.6712 92.5947 194.348
      vertex 14.0887 89.8246 194.317
      vertex 15.6372 92.5925 194.05
    endloop
  endfacet
  facet normal 0.645157 -0.150586 -0.749064
    outer loop
      vertex 18.6359 102.411 192.978
      vertex 18.2178 102.385 192.623
      vertex 19.0228 106.143 192.561
    endloop
  endfacet
  facet normal 0.931377 -0.348883 -0.104004
    outer loop
      vertex 18.3215 98.9244 194.401
      vertex 17.0486 95.6297 194.054
      vertex 18.2822 98.9219 194.058
    endloop
  endfacet
  facet normal 0.849327 -0.400348 0.344042
    outer loop
      vertex 16.9048 95.6204 195.014
      vertex 15.5041 92.5839 194.938
      vertex 15.6268 92.5918 194.644
    endloop
  endfacet
  facet normal 0.849329 -0.400348 0.344038
    outer loop
      vertex 16.9048 95.6204 195.014
      vertex 15.6268 92.5918 194.644
      vertex 17.0374 95.6289 194.696
    endloop
  endfacet
  facet normal 0.927203 -0.34915 0.135606
    outer loop
      vertex 18.2703 98.9211 194.743
      vertex 17.0374 95.6289 194.696
      vertex 18.3215 98.9244 194.401
    endloop
  endfacet
  facet normal 0.873481 -0.332157 0.355954
    outer loop
      vertex 18.2703 98.9211 194.743
      vertex 16.9048 95.6204 195.014
      vertex 17.0374 95.6289 194.696
    endloop
  endfacet
  facet normal 0.314152 -0.26396 -0.911939
    outer loop
      vertex 9.28568 87.1363 191.959
      vertex 8.66364 87.0964 191.756
      vertex 10.6695 89.6051 191.721
    endloop
  endfacet
  facet normal 0.307886 -0.389485 -0.868048
    outer loop
      vertex 6.1583 83.0779 192.481
      vertex 5.6955 83.0482 192.331
      vertex 7.77902 84.9577 192.213
    endloop
  endfacet
  facet normal 0.205504 -0.146381 -0.967647
    outer loop
      vertex 8.52388 92.1359 190.576
      vertex 8.2988 95.0681 190.085
      vertex 9.36213 95.1363 190.301
    endloop
  endfacet
  facet normal 0.25558 -0.236453 -0.937427
    outer loop
      vertex 9.22507 89.5124 191.278
      vertex 7.27354 87.0072 191.378
      vertex 8.42283 89.4609 191.072
    endloop
  endfacet
  facet normal 0.162625 -0.11189 -0.980323
    outer loop
      vertex 7.18534 94.9966 189.885
      vertex 6.02613 94.9222 189.701
      vertex 6.52042 98.167 189.413
    endloop
  endfacet
  facet normal 0.107785 -0.0854242 -0.990497
    outer loop
      vertex 4.17113 101.483 188.803
      vertex 2.56635 97.9132 188.936
      vertex 2.74267 101.391 188.655
    endloop
  endfacet
  facet normal 0.131289 -0.235237 -0.96303
    outer loop
      vertex 2.34759 84.6091 191.045
      vertex 2.14772 86.6782 190.512
      vertex 3.08247 86.7382 190.625
    endloop
  endfacet
  facet normal 0.129743 -0.193308 -0.972522
    outer loop
      vertex 3.08247 86.7382 190.625
      vertex 2.14772 86.6782 190.512
      vertex 3.74335 89.1605 190.232
    endloop
  endfacet
  facet normal 0.885364 -0.331395 -0.326049
    outer loop
      vertex 18.2822 98.9219 194.058
      vertex 16.9271 95.6219 193.732
      vertex 18.1526 98.9136 193.714
    endloop
  endfacet
  facet normal 0.708006 -0.332509 -0.623029
    outer loop
      vertex 16.7214 95.6087 193.411
      vertex 15.3344 92.573 193.455
      vertex 16.4324 95.5901 193.093
    endloop
  endfacet
  facet normal 0.564665 -0.174751 -0.806607
    outer loop
      vertex 17.2285 98.8542 192.696
      vertex 16.7461 98.8233 192.365
      vertex 17.7086 102.352 192.274
    endloop
  endfacet
  facet normal 0.561531 -0.219269 -0.797875
    outer loop
      vertex 17.2285 98.8542 192.696
      vertex 15.6091 95.5373 192.468
      vertex 16.7461 98.8233 192.365
    endloop
  endfacet
  facet normal 0.521544 -0.462756 -0.716832
    outer loop
      vertex 11.5739 87.2832 193.076
      vertex 9.48343 85.0671 192.986
      vertex 11.2323 87.2613 192.842
    endloop
  endfacet
  facet normal 0.537957 -0.389541 -0.74757
    outer loop
      vertex 13.2244 89.7691 192.969
      vertex 11.2323 87.2613 192.842
      vertex 12.8429 89.7446 192.707
    endloop
  endfacet
  facet normal 0.54907 -0.325455 -0.769806
    outer loop
      vertex 14.7233 92.5338 192.869
      vertex 13.2244 89.7691 192.969
      vertex 14.305 92.507 192.582
    endloop
  endfacet
  facet normal 0.616941 -0.359735 -0.699982
    outer loop
      vertex 15.0669 92.5559 193.16
      vertex 13.2244 89.7691 192.969
      vertex 14.7233 92.5338 192.869
    endloop
  endfacet
  facet normal 0.229785 -0.185798 -0.955342
    outer loop
      vertex 9.45763 92.1958 190.789
      vertex 8.42283 89.4609 191.072
      vertex 8.52388 92.1359 190.576
    endloop
  endfacet
  facet normal 0.283326 -0.249059 -0.926119
    outer loop
      vertex 9.97493 89.5605 191.495
      vertex 8.66364 87.0964 191.756
      vertex 9.22507 89.5124 191.278
    endloop
  endfacet
  facet normal 0.493695 -0.243936 -0.834722
    outer loop
      vertex 15.6091 95.5373 192.468
      vertex 13.8135 92.4754 192.3
      vertex 15.078 95.5032 192.163
    endloop
  endfacet
  facet normal 0.481526 -0.355839 -0.800944
    outer loop
      vertex 11.2323 87.2613 192.842
      vertex 10.8309 87.2355 192.612
      vertex 12.3948 89.7158 192.45
    endloop
  endfacet
  facet normal 0.348643 -0.281559 -0.893964
    outer loop
      vertex 9.8557 87.1729 192.17
      vertex 9.28568 87.1363 191.959
      vertex 11.3059 89.6459 191.956
    endloop
  endfacet
  facet normal 0.283576 -0.205088 -0.936762
    outer loop
      vertex 9.97493 89.5605 191.495
      vertex 9.22507 89.5124 191.278
      vertex 11.1598 92.3051 191.252
    endloop
  endfacet
  facet normal 0.498952 -0.0598219 -0.864563
    outer loop
      vertex 19.0879 110.08 192.131
      vertex 18.4402 110.038 191.76
      vertex 18.8325 114.205 191.698
    endloop
  endfacet
  facet normal 0.499277 -0.0891968 -0.861839
    outer loop
      vertex 18.4907 106.109 192.196
      vertex 18.4402 110.038 191.76
      vertex 19.0879 110.08 192.131
    endloop
  endfacet
  facet normal 0.934612 -0.055505 -0.35131
    outer loop
      vertex 21.5612 118.716 194.069
      vertex 21.3022 114.364 194.068
      vertex 21.4059 118.706 193.658
    endloop
  endfacet
  facet normal 0.903617 -0.26758 -0.334481
    outer loop
      vertex 18.2822 98.9219 194.058
      vertex 18.1526 98.9136 193.714
      vertex 19.1931 102.447 193.698
    endloop
  endfacet
  facet normal 0.350624 -0.0950555 -0.93168
    outer loop
      vertex 15.6573 102.22 191.272
      vertex 15.4588 105.914 190.821
      vertex 16.3466 105.971 191.149
    endloop
  endfacet
  facet normal 0.313812 -0.0891645 -0.945289
    outer loop
      vertex 14.8079 102.166 190.958
      vertex 13.881 102.106 190.656
      vertex 15.4588 105.914 190.821
    endloop
  endfacet
  facet normal 0.351376 -0.154541 -0.923391
    outer loop
      vertex 13.7877 95.4204 191.578
      vertex 13.0335 95.372 191.299
      vertex 13.9978 98.6469 191.118
    endloop
  endfacet
  facet normal 0.25409 -0.129522 -0.958469
    outer loop
      vertex 11.3218 95.2621 190.774
      vertex 11.1569 98.4645 190.298
      vertex 12.1713 98.5297 190.558
    endloop
  endfacet
  facet normal 0.715985 0.0191465 0.697853
    outer loop
      vertex 20.6654 126.655 196.127
      vertex 21.156 123.202 195.718
      vertex 20.7641 126.662 196.025
    endloop
  endfacet
  facet normal 0.715978 0.0191447 0.69786
    outer loop
      vertex 21.156 123.202 195.718
      vertex 20.6654 126.655 196.127
      vertex 20.7676 123.178 196.117
    endloop
  endfacet
  facet normal 0.991836 -0.0589844 -0.113054
    outer loop
      vertex 21.6083 118.719 194.48
      vertex 21.3484 114.367 194.471
      vertex 21.5612 118.716 194.069
    endloop
  endfacet
  facet normal 0.620335 -0.0115955 0.784251
    outer loop
      vertex 20.2731 123.146 196.508
      vertex 20.2286 118.631 196.476
      vertex 20.7169 118.662 196.091
    endloop
  endfacet
  facet normal 0.61918 0.0160617 0.785085
    outer loop
      vertex 20.5398 126.647 196.226
      vertex 20.7676 123.178 196.117
      vertex 20.6654 126.655 196.127
    endloop
  endfacet
  facet normal 0.619196 0.0160631 0.785072
    outer loop
      vertex 20.7676 123.178 196.117
      vertex 20.5398 126.647 196.226
      vertex 20.2731 123.146 196.508
    endloop
  endfacet
  facet normal 0.621136 -0.0753311 0.780074
    outer loop
      vertex 20.4744 114.311 196.05
      vertex 19.9957 114.28 196.428
      vertex 20.038 110.14 195.994
    endloop
  endfacet
  facet normal 0.279829 -0.0680393 0.957636
    outer loop
      vertex 15.8191 109.87 198.035
      vertex 14.8046 109.805 198.327
      vertex 15.3356 105.906 197.895
    endloop
  endfacet
  facet normal 0.317189 -0.0721727 0.945612
    outer loop
      vertex 16.7502 109.929 197.728
      vertex 15.3356 105.906 197.895
      vertex 16.2343 105.964 197.598
    endloop
  endfacet
  facet normal 0.191472 -0.0597206 0.979679
    outer loop
      vertex 11.3021 109.58 199.096
      vertex 10.9755 105.627 198.919
      vertex 12.5416 109.659 198.859
    endloop
  endfacet
  facet normal 0.167577 -0.0579475 0.984154
    outer loop
      vertex 11.3021 109.58 199.096
      vertex 9.71576 105.546 199.129
      vertex 10.9755 105.627 198.919
    endloop
  endfacet
  facet normal 0.215948 -0.0268027 0.976037
    outer loop
      vertex 14.085 118.236 198.824
      vertex 12.7708 113.816 198.993
      vertex 13.9722 113.893 198.729
    endloop
  endfacet
  facet normal 0.61921 0.0160611 0.785061
    outer loop
      vertex 20.5398 126.647 196.226
      vertex 20.1686 126.623 196.519
      vertex 20.2731 123.146 196.508
    endloop
  endfacet
  facet normal 0.840026 -0.0927165 -0.534565
    outer loop
      vertex 20.6953 110.183 193.673
      vertex 20.4445 110.167 193.282
      vertex 20.8922 114.338 193.262
    endloop
  endfacet
  facet normal 0.277036 0.00531956 -0.960845
    outer loop
      vertex 14.2089 122.757 189.824
      vertex 14.3696 126.251 189.89
      vertex 15.3593 122.83 190.156
    endloop
  endfacet
  facet normal 0.277025 0.00532013 -0.960848
    outer loop
      vertex 14.3696 126.251 189.89
      vertex 14.2089 122.757 189.824
      vertex 14.0773 126.232 189.806
    endloop
  endfacet
  facet normal 0.13771 -0.000670976 -0.990472
    outer loop
      vertex 5.79929 122.217 188.219
      vertex 6.02486 125.716 188.248
      vertex 7.35327 122.317 188.435
    endloop
  endfacet
  facet normal 0.137705 -0.000670629 -0.990473
    outer loop
      vertex 6.02486 125.716 188.248
      vertex 5.79929 122.217 188.219
      vertex 5.63007 125.69 188.193
    endloop
  endfacet
  facet normal 0.121679 -0.985323 -0.119719
    outer loop
      vertex -1.06108 78.695 193.78
      vertex -3.38628 78.3811 194
      vertex -1.13396 78.6903 193.744
    endloop
  endfacet
  facet normal 0.117744 -0.981976 -0.147848
    outer loop
      vertex -1.21577 78.6851 193.71
      vertex -3.38628 78.3811 194
      vertex -1.30619 78.6793 193.676
    endloop
  endfacet
  facet normal 0.277482 -0.39144 0.87737
    outer loop
      vertex 7.15925 84.9179 196.348
      vertex 5.63166 83.0441 195.995
      vertex 7.70975 84.9532 196.19
    endloop
  endfacet
  facet normal 0.282674 -0.219603 0.93374
    outer loop
      vertex 11.0547 92.2984 197.284
      vertex 9.87913 89.5544 196.994
      vertex 10.5811 89.5994 196.792
    endloop
  endfacet
  facet normal 0.282581 -0.180447 0.942118
    outer loop
      vertex 12.0969 95.3118 197.548
      vertex 11.8246 92.3478 197.062
      vertex 12.9288 95.3652 197.309
    endloop
  endfacet
  facet normal 0.533407 -0.22107 0.816459
    outer loop
      vertex 16.6762 98.8188 196.381
      vertex 15.5435 95.5331 196.231
      vertex 17.1698 98.8505 196.067
    endloop
  endfacet
  facet normal 0.408678 -0.032722 0.912092
    outer loop
      vertex 18.9454 118.548 197.217
      vertex 18.1555 118.498 197.569
      vertex 18.7375 114.199 197.154
    endloop
  endfacet
  facet normal 0.621137 -0.0753309 0.780073
    outer loop
      vertex 19.9957 114.28 196.428
      vertex 19.5721 110.111 196.363
      vertex 20.038 110.14 195.994
    endloop
  endfacet
  facet normal 0.528864 -0.270935 0.804299
    outer loop
      vertex 15.5435 95.5331 196.231
      vertex 14.2443 92.5031 196.065
      vertex 14.6724 92.5305 195.793
    endloop
  endfacet
  facet normal 0.610563 -0.245865 0.752837
    outer loop
      vertex 17.1698 98.8505 196.067
      vertex 16.3881 95.5873 195.635
      vertex 17.5774 98.8766 195.745
    endloop
  endfacet
  facet normal 0.789754 -0.304668 0.532416
    outer loop
      vertex 17.8975 98.8972 195.416
      vertex 16.6881 95.6065 195.327
      vertex 16.9048 95.6204 195.014
    endloop
  endfacet
  facet normal 0.618688 -0.152288 0.770735
    outer loop
      vertex 18.958 106.139 196.28
      vertex 18.1558 102.381 196.182
      vertex 18.586 102.408 195.842
    endloop
  endfacet
  facet normal 0.0568649 -0.0869567 0.994588
    outer loop
      vertex 2.5519 101.379 199.607
      vertex 1.09002 101.285 199.682
      vertex 2.38561 97.9016 199.312
    endloop
  endfacet
  facet normal 0.0626843 -0.189545 0.979869
    outer loop
      vertex 1.48643 89.0157 198.201
      vertex 0.391091 88.9454 198.257
      vertex 1.06111 86.6084 197.762
    endloop
  endfacet
  facet normal 0.0593688 -0.1299 0.989748
    outer loop
      vertex 2.15122 94.6735 198.978
      vertex 0.649461 91.6305 198.669
      vertex 1.85068 91.7076 198.607
    endloop
  endfacet
  facet normal 0.282205 -0.266003 0.921739
    outer loop
      vertex 10.5811 89.5994 196.792
      vertex 8.57784 87.0909 196.682
      vertex 9.20656 87.1312 196.501
    endloop
  endfacet
  facet normal 0.171675 -0.148552 0.973889
    outer loop
      vertex 8.15471 95.0588 198.357
      vertex 7.4065 92.0642 198.032
      vertex 8.39688 92.1278 197.867
    endloop
  endfacet
  facet normal 0.109379 -0.111501 0.987726
    outer loop
      vertex 6.35388 98.1563 198.974
      vertex 4.66461 94.8348 198.786
      vertex 5.87006 94.9122 198.661
    endloop
  endfacet
  facet normal 0.108255 -0.0901688 0.990025
    outer loop
      vertex 5.38257 101.561 199.39
      vertex 5.06758 98.0737 199.107
      vertex 6.35388 98.1563 198.974
    endloop
  endfacet
  facet normal 0.147618 -0.0944953 0.98452
    outer loop
      vertex 9.31326 101.813 198.907
      vertex 8.05215 101.732 199.088
      vertex 8.79178 98.3127 198.649
    endloop
  endfacet
  facet normal 0.129591 -0.139454 0.981712
    outer loop
      vertex 7.03496 94.987 198.518
      vertex 5.29221 91.9285 198.313
      vertex 6.37024 91.9977 198.181
    endloop
  endfacet
  facet normal 0.0703751 -0.0396883 0.996731
    outer loop
      vertex 4.2268 109.126 199.966
      vertex 2.6317 113.166 200.239
      vertex 2.67536 109.026 200.071
    endloop
  endfacet
  facet normal 0.043653 -0.106862 0.993315
    outer loop
      vertex 0.83265 97.4234 199.349
      vertex 1.00053 97.8127 199.383
      vertex 0.833221 97.4353 199.35
    endloop
  endfacet
  facet normal 0.0418914 -0.106116 0.993471
    outer loop
      vertex 0.825146 97.3509 199.342
      vertex 1.00053 97.8127 199.383
      vertex 0.83265 97.4234 199.349
    endloop
  endfacet
  facet normal 0.0422745 -0.106259 0.993439
    outer loop
      vertex 1.00053 97.8127 199.383
      vertex 0.825146 97.3509 199.342
      vertex 0.85321 94.5902 199.045
    endloop
  endfacet
  facet normal 0.0422773 -0.106259 0.993439
    outer loop
      vertex 0.85321 94.5902 199.045
      vertex 0.825146 97.3509 199.342
      vertex 0.620196 94.5752 199.053
    endloop
  endfacet
  facet normal 0.0436357 -0.128942 0.990692
    outer loop
      vertex 0.602945 94.3375 199.023
      vertex 0.85321 94.5902 199.045
      vertex 0.620196 94.5752 199.053
    endloop
  endfacet
  facet normal 0.0436701 -0.128976 0.990686
    outer loop
      vertex 0.593003 94.2624 199.014
      vertex 0.85321 94.5902 199.045
      vertex 0.602945 94.3375 199.023
    endloop
  endfacet
  facet normal 0.0436115 -0.12893 0.990694
    outer loop
      vertex 0.390901 92.2972 198.767
      vertex 0.85321 94.5902 199.045
      vertex 0.593003 94.2624 199.014
    endloop
  endfacet
  facet normal 0.0436093 -0.12893 0.990694
    outer loop
      vertex 0.85321 94.5902 199.045
      vertex 0.390901 92.2972 198.767
      vertex 0.649461 91.6305 198.669
    endloop
  endfacet
  facet normal 0.0732307 -0.0876421 0.993457
    outer loop
      vertex 3.98463 101.471 199.509
      vertex 2.38561 97.9016 199.312
      vertex 3.74307 97.9887 199.22
    endloop
  endfacet
  facet normal 0.07219 -0.0697962 0.994946
    outer loop
      vertex 2.64875 105.092 199.86
      vertex 2.5519 101.379 199.607
      vertex 3.98463 101.471 199.509
    endloop
  endfacet
  facet normal 0.411219 -0.471551 -0.780089
    outer loop
      vertex 9.13202 85.0445 192.785
      vertex 7.30796 83.1517 192.967
      vertex 8.72972 85.0187 192.588
    endloop
  endfacet
  facet normal 0.115413 -0.980158 -0.161151
    outer loop
      vertex -1.30619 78.6793 193.676
      vertex -3.38628 78.3811 194
      vertex -1.40486 78.6729 193.644
    endloop
  endfacet
  facet normal 0.332514 -0.644034 -0.688952
    outer loop
      vertex 3.10968 80.2761 193.255
      vertex 2.87141 80.2608 193.154
      vertex 4.77738 81.5267 192.891
    endloop
  endfacet
  facet normal 0.521551 -0.462762 -0.716824
    outer loop
      vertex 9.78258 85.0863 193.191
      vertex 9.48343 85.0671 192.986
      vertex 11.5739 87.2832 193.076
    endloop
  endfacet
  facet normal 0.273893 -0.45411 -0.847801
    outer loop
      vertex 4.05508 81.4803 192.64
      vertex 3.64814 81.4542 192.523
      vertex 5.6955 83.0482 192.331
    endloop
  endfacet
  facet normal 0.282234 -0.302503 -0.910404
    outer loop
      vertex 8.66364 87.0964 191.756
      vertex 6.64634 84.885 191.865
      vertex 7.99204 87.0533 191.562
    endloop
  endfacet
  facet normal 0.339064 -0.413104 -0.845211
    outer loop
      vertex 6.58239 83.1051 192.638
      vertex 6.1583 83.0779 192.481
      vertex 7.77902 84.9577 192.213
    endloop
  endfacet
  facet normal 0.533231 -0.721431 -0.441817
    outer loop
      vertex 6.12089 81.6129 193.73
      vertex 5.98852 81.6044 193.585
      vertex 8.06952 83.2006 193.49
    endloop
  endfacet
  facet normal 0.29992 -0.504861 0.809421
    outer loop
      vertex 6.52873 83.1017 195.719
      vertex 4.38405 81.5015 195.515
      vertex 4.73368 81.5239 195.4
    endloop
  endfacet
  facet normal 0.257991 -0.58979 0.765238
    outer loop
      vertex 4.00309 81.477 195.625
      vertex 2.28105 80.2229 195.239
      vertex 4.38405 81.5015 195.515
    endloop
  endfacet
  facet normal 0.620705 -0.674831 0.399159
    outer loop
      vertex 10.1975 85.1129 194.878
      vertex 8.33515 83.2176 194.57
      vertex 10.3409 85.1221 194.671
    endloop
  endfacet
  facet normal 0.733753 -0.626994 -0.261697
    outer loop
      vertex 10.436 85.1282 194.036
      vertex 10.3557 85.123 193.823
      vertex 12.3202 87.3311 194.041
    endloop
  endfacet
  facet normal 0.481516 -0.355836 -0.800951
    outer loop
      vertex 12.8429 89.7446 192.707
      vertex 11.2323 87.2613 192.842
      vertex 12.3948 89.7158 192.45
    endloop
  endfacet
  facet normal 0.373405 -0.440339 -0.816499
    outer loop
      vertex 6.96612 83.1297 192.8
      vertex 6.58239 83.1051 192.638
      vertex 8.72972 85.0187 192.588
    endloop
  endfacet
  facet normal 0.253655 -0.351554 -0.901149
    outer loop
      vertex 6.64634 84.885 191.865
      vertex 4.66126 82.9818 192.049
      vertex 6.01723 84.8446 191.704
    endloop
  endfacet
  facet normal 0.283339 -0.249061 -0.926114
    outer loop
      vertex 8.66364 87.0964 191.756
      vertex 7.99204 87.0533 191.562
      vertex 9.22507 89.5124 191.278
    endloop
  endfacet
  facet normal 0.305557 -0.797072 -0.520874
    outer loop
      vertex 3.32195 80.2897 193.359
      vertex 1.17667 79.332 193.566
      vertex 3.10968 80.2761 193.255
    endloop
  endfacet
  facet normal 0.423764 -0.39291 -0.816116
    outer loop
      vertex 9.13202 85.0445 192.785
      vertex 8.72972 85.0187 192.588
      vertex 10.8309 87.2355 192.612
    endloop
  endfacet
  facet normal 0.425629 -0.601805 -0.675775
    outer loop
      vertex 5.61148 81.5802 193.298
      vertex 5.36829 81.5646 193.159
      vertex 7.60656 83.1708 193.138
    endloop
  endfacet
  facet normal 0.249879 -0.953006 -0.171287
    outer loop
      vertex 1.5651 79.3569 193.861
      vertex -0.898705 78.7054 193.891
      vertex 1.49679 79.3525 193.786
    endloop
  endfacet
  facet normal 0.457441 -0.809572 -0.367888
    outer loop
      vertex 3.89577 80.3265 193.794
      vertex 3.79484 80.3201 193.683
      vertex 6.12089 81.6129 193.73
    endloop
  endfacet
  facet normal 0.379624 -0.924414 -0.0366652
    outer loop
      vertex 1.65113 79.3624 194.089
      vertex 1.64243 79.3618 194.013
      vertex 4.02285 80.3347 194.131
    endloop
  endfacet
  facet normal 0.276141 0.00440976 0.961107
    outer loop
      vertex 15.8934 126.349 198.382
      vertex 16.2893 122.89 198.284
      vertex 16.167 126.367 198.303
    endloop
  endfacet
  facet normal 0.27618 0.00441455 0.961096
    outer loop
      vertex 16.2893 122.89 198.284
      vertex 15.8934 126.349 198.382
      vertex 15.2123 122.821 198.594
    endloop
  endfacet
  facet normal 0.165813 -0.0261441 0.985811
    outer loop
      vertex 10.1925 117.987 199.569
      vertex 10.1557 113.648 199.46
      vertex 11.497 113.735 199.237
    endloop
  endfacet
  facet normal 0.0548747 -0.0538581 0.99704
    outer loop
      vertex 2.64875 105.092 199.86
      vertex 1.11711 108.864 200.148
      vertex 1.12082 106.96 200.045
    endloop
  endfacet
  facet normal 0.0547771 -0.0539381 0.997041
    outer loop
      vertex 1.11818 106.898 200.042
      vertex 2.64875 105.092 199.86
      vertex 1.12082 106.96 200.045
    endloop
  endfacet
  facet normal 0.0548582 -0.0538692 0.99704
    outer loop
      vertex 2.64875 105.092 199.86
      vertex 1.11818 106.898 200.042
      vertex 1.11119 106.322 200.011
    endloop
  endfacet
  facet normal 0.0548643 -0.0538616 0.99704
    outer loop
      vertex 2.64875 105.092 199.86
      vertex 1.11119 106.322 200.011
      vertex 1.12079 104.994 199.939
    endloop
  endfacet
  facet normal 0.148691 -0.117298 0.981902
    outer loop
      vertex 7.59692 98.2361 198.821
      vertex 7.03496 94.987 198.518
      vertex 8.15471 95.0588 198.357
    endloop
  endfacet
  facet normal 0.168534 -0.0765715 0.982717
    outer loop
      vertex 9.71576 105.546 199.129
      vertex 9.31326 101.813 198.907
      vertex 10.9755 105.627 198.919
    endloop
  endfacet
  facet normal 0.248772 -0.110872 0.962195
    outer loop
      vertex 12.7429 102.033 198.25
      vertex 12.0412 98.5213 198.027
      vertex 13.7531 102.098 197.996
    endloop
  endfacet
  facet normal 0.21964 -0.105539 0.969856
    outer loop
      vertex 12.7429 102.033 198.25
      vertex 11.6633 101.964 198.487
      vertex 12.0412 98.5213 198.027
    endloop
  endfacet
  facet normal 0.566151 -0.00932726 -0.824248
    outer loop
      vertex 20.2989 118.635 192.438
      vertex 19.7211 118.598 192.041
      vertex 19.7591 123.113 192.016
    endloop
  endfacet
  facet normal 0.566979 -0.0363126 -0.822931
    outer loop
      vertex 20.2989 118.635 192.438
      vertex 19.4981 114.248 192.079
      vertex 19.7211 118.598 192.041
    endloop
  endfacet
  facet normal 0.567407 -0.0660119 -0.820787
    outer loop
      vertex 19.6392 110.115 192.509
      vertex 19.0879 110.08 192.131
      vertex 20.0646 114.284 192.468
    endloop
  endfacet
  facet normal 0.56698 -0.0363127 -0.822931
    outer loop
      vertex 20.0646 114.284 192.468
      vertex 19.4981 114.248 192.079
      vertex 20.2989 118.635 192.438
    endloop
  endfacet
  facet normal 0.390738 -0.0287621 -0.920053
    outer loop
      vertex 18.2652 118.505 191.273
      vertex 17.2154 114.102 190.965
      vertex 17.3929 118.449 190.904
    endloop
  endfacet
  facet normal 0.388813 0.00939968 -0.921269
    outer loop
      vertex 17.4012 122.962 190.865
      vertex 17.5083 126.453 190.946
      vertex 18.2846 123.018 191.238
    endloop
  endfacet
  facet normal 0.388787 0.00940071 -0.92128
    outer loop
      vertex 17.5083 126.453 190.946
      vertex 17.4012 122.962 190.865
      vertex 17.2839 126.438 190.851
    endloop
  endfacet
  facet normal 0.392335 -0.0751824 -0.916745
    outer loop
      vertex 17.6988 109.99 191.398
      vertex 16.3466 105.971 191.149
      vertex 16.8666 109.937 191.046
    endloop
  endfacet
  facet normal 0.280506 -0.0625225 -0.957814
    outer loop
      vertex 14.4899 105.852 190.505
      vertex 13.8593 109.744 190.066
      vertex 14.943 109.813 190.379
    endloop
  endfacet
  facet normal 0.31127 -0.0261153 -0.949962
    outer loop
      vertex 16.2701 114.041 190.615
      vertex 15.2386 113.975 190.279
      vertex 16.4288 118.387 190.548
    endloop
  endfacet
  facet normal 0.440183 -0.0307011 -0.897383
    outer loop
      vertex 18.8325 114.205 191.698
      vertex 18.0706 114.156 191.326
      vertex 18.2652 118.505 191.273
    endloop
  endfacet
  facet normal 0.842084 -0.0116132 -0.539221
    outer loop
      vertex 21.4059 118.706 193.658
      vertex 21.1992 123.205 193.238
      vertex 21.4654 123.222 193.653
    endloop
  endfacet
  facet normal 0.741151 -0.0449798 -0.66983
    outer loop
      vertex 20.8922 114.338 193.262
      vertex 20.7735 118.666 192.84
      vertex 21.143 118.689 193.247
    endloop
  endfacet
  facet normal 0.822794 -0.0128507 0.568194
    outer loop
      vertex 21.156 123.202 195.718
      vertex 21.1004 118.687 195.696
      vertex 21.3774 118.704 195.296
    endloop
  endfacet
  facet normal 0.987734 -0.108574 -0.112221
    outer loop
      vertex 20.8883 110.195 194.458
      vertex 20.8435 110.192 194.066
      vertex 21.3022 114.364 194.068
    endloop
  endfacet
  facet normal 0.922786 -0.0134911 0.385077
    outer loop
      vertex 21.4365 123.221 195.312
      vertex 21.3774 118.704 195.296
      vertex 21.6082 123.232 194.901
    endloop
  endfacet
  facet normal 0.789749 -0.304667 0.532423
    outer loop
      vertex 17.8975 98.8972 195.416
      vertex 16.9048 95.6204 195.014
      vertex 18.1288 98.912 195.082
    endloop
  endfacet
  facet normal 0.953278 -0.282508 -0.107003
    outer loop
      vertex 19.3714 102.459 194.423
      vertex 18.3215 98.9244 194.401
      vertex 19.3299 102.456 194.061
    endloop
  endfacet
  facet normal 0.903621 -0.26758 -0.334469
    outer loop
      vertex 19.3299 102.456 194.061
      vertex 18.2822 98.9219 194.058
      vertex 19.1931 102.447 193.698
    endloop
  endfacet
  facet normal 0.925797 -0.153124 -0.345621
    outer loop
      vertex 20.8435 110.192 194.066
      vertex 20.1852 106.218 194.064
      vertex 20.6953 110.183 193.673
    endloop
  endfacet
  facet normal 0.102899 -0.00243077 -0.994689
    outer loop
      vertex 2.55619 122.009 187.856
      vertex 2.7896 125.508 187.872
      vertex 4.19816 122.114 188.026
    endloop
  endfacet
  facet normal 0.102905 -0.00243123 -0.994688
    outer loop
      vertex 2.7896 125.508 187.872
      vertex 2.55619 122.009 187.856
      vertex 2.37245 125.481 187.829
    endloop
  endfacet
  facet normal 0.199252 -0.0102902 -0.979894
    outer loop
      vertex 11.7359 118.086 189.271
      vertex 10.3766 117.998 188.996
      vertex 11.672 122.594 189.211
    endloop
  endfacet
  facet normal 0.222932 -0.00988616 -0.974784
    outer loop
      vertex 11.7359 118.086 189.271
      vertex 11.672 122.594 189.211
      vertex 13.0256 118.168 189.565
    endloop
  endfacet
  facet normal 0.313798 -0.0891583 -0.945295
    outer loop
      vertex 15.4588 105.914 190.821
      vertex 13.881 102.106 190.656
      vertex 14.4899 105.852 190.505
    endloop
  endfacet
  facet normal 0.251556 -0.0597644 -0.965996
    outer loop
      vertex 13.4439 105.785 190.203
      vertex 12.6999 109.67 189.769
      vertex 13.8593 109.744 190.066
    endloop
  endfacet
  facet normal 0.226375 -0.0770525 -0.970988
    outer loop
      vertex 11.8095 101.973 190.093
      vertex 11.1371 105.637 189.645
      vertex 12.3248 105.713 189.916
    endloop
  endfacet
  facet normal 0.225478 -0.0575375 -0.972548
    outer loop
      vertex 12.3248 105.713 189.916
      vertex 11.1371 105.637 189.645
      vertex 12.6999 109.67 189.769
    endloop
  endfacet
  facet normal 0.203584 -0.0952913 -0.974409
    outer loop
      vertex 10.0802 98.3954 190.052
      vertex 9.47554 101.823 189.591
      vertex 10.6731 101.9 189.834
    endloop
  endfacet
  facet normal 0.227288 -0.0989503 -0.968787
    outer loop
      vertex 11.8095 101.973 190.093
      vertex 10.0802 98.3954 190.052
      vertex 10.6731 101.9 189.834
    endloop
  endfacet
  facet normal 0.200886 -0.0390403 -0.978836
    outer loop
      vertex 11.4694 109.591 189.488
      vertex 10.1726 109.507 189.226
      vertex 11.669 113.746 189.364
    endloop
  endfacet
  facet normal 0.224597 -0.0400226 -0.97363
    outer loop
      vertex 12.6999 109.67 189.769
      vertex 11.4694 109.591 189.488
      vertex 11.669 113.746 189.364
    endloop
  endfacet
  facet normal 0.25068 -0.0413053 -0.967189
    outer loop
      vertex 14.125 113.903 189.958
      vertex 12.6999 109.67 189.769
      vertex 12.9335 113.827 189.652
    endloop
  endfacet
  facet normal 0.278755 -0.0252558 -0.96003
    outer loop
      vertex 15.2386 113.975 190.279
      vertex 14.125 113.903 189.958
      vertex 14.2408 118.246 189.877
    endloop
  endfacet
  facet normal 0.139143 -0.0240074 -0.989981
    outer loop
      vertex 5.98363 113.381 188.403
      vertex 5.93717 117.713 188.292
      vertex 7.47157 117.812 188.505
    endloop
  endfacet
  facet normal 0.139929 -0.0375227 -0.98945
    outer loop
      vertex 7.40101 109.329 188.757
      vertex 5.98363 113.381 188.403
      vertex 7.48803 113.477 188.612
    endloop
  endfacet
  facet normal 0.179952 -0.0543494 -0.982173
    outer loop
      vertex 9.88538 105.557 189.392
      vertex 8.81472 109.42 188.982
      vertex 10.1726 109.507 189.226
    endloop
  endfacet
  facet normal 0.159719 -0.0532766 -0.985724
    outer loop
      vertex 8.57466 105.472 189.156
      vertex 7.2101 105.385 188.94
      vertex 8.81472 109.42 188.982
    endloop
  endfacet
  facet normal 0.122914 -0.0519749 -0.991055
    outer loop
      vertex 5.79708 105.294 188.743
      vertex 4.42875 109.139 188.372
      vertex 5.93709 109.235 188.554
    endloop
  endfacet
  facet normal 0.12207 -0.0374054 -0.991816
    outer loop
      vertex 5.93709 109.235 188.554
      vertex 4.42875 109.139 188.372
      vertex 5.98363 113.381 188.403
    endloop
  endfacet
  facet normal 0.18489 -0.172194 -0.967556
    outer loop
      vertex 6.67409 89.3487 190.696
      vertex 6.50941 92.0066 190.192
      vertex 7.53984 92.0728 190.377
    endloop
  endfacet
  facet normal 0.160634 -0.0705121 -0.984492
    outer loop
      vertex 8.22151 101.743 189.366
      vertex 6.91597 101.659 189.159
      vertex 7.2101 105.385 188.94
    endloop
  endfacet
  facet normal 0.0887088 -0.0376599 -0.995345
    outer loop
      vertex 2.84399 113.179 188.052
      vertex 1.35298 111.853 187.969
      vertex 1.35554 112.144 187.959
    endloop
  endfacet
  facet normal 0.0887187 -0.037671 -0.995344
    outer loop
      vertex 1.35298 111.853 187.969
      vertex 2.84399 113.179 188.052
      vertex 1.41093 109.236 188.074
    endloop
  endfacet
  facet normal 0.088717 -0.0376717 -0.995344
    outer loop
      vertex 2.84399 113.179 188.052
      vertex 1.35554 112.144 187.959
      vertex 1.32696 113.082 187.921
    endloop
  endfacet
  facet normal 0.120559 -0.0123604 -0.992629
    outer loop
      vertex 4.35621 117.612 188.101
      vertex 4.19816 122.114 188.026
      vertex 5.93717 117.713 188.292
    endloop
  endfacet
  facet normal 0.103552 -0.0129893 -0.994539
    outer loop
      vertex 4.35621 117.612 188.101
      vertex 2.73492 117.508 187.934
      vertex 4.19816 122.114 188.026
    endloop
  endfacet
  facet normal 0.161601 -0.0898779 -0.982755
    outer loop
      vertex 8.22151 101.743 189.366
      vertex 6.52042 98.167 189.413
      vertex 6.91597 101.659 189.159
    endloop
  endfacet
  facet normal 0.161598 -0.0898763 -0.982756
    outer loop
      vertex 7.75738 98.2464 189.609
      vertex 6.52042 98.167 189.413
      vertex 8.22151 101.743 189.366
    endloop
  endfacet
  facet normal 0.11142 -0.156733 -0.981336
    outer loop
      vertex 2.69967 89.0936 190.106
      vertex 1.62936 89.0249 189.995
      vertex 3.18121 91.793 189.729
    endloop
  endfacet
  facet normal 0.0914665 -0.0847341 -0.992197
    outer loop
      vertex 1.3994 100.994 188.565
      vertex 2.74267 101.391 188.655
      vertex 2.56635 97.9132 188.936
    endloop
  endfacet
  facet normal 0.0914716 -0.0847516 -0.992195
    outer loop
      vertex 2.74267 101.391 188.655
      vertex 1.3994 100.994 188.565
      vertex 1.40453 101.305 188.539
    endloop
  endfacet
  facet normal 0.634261 -0.673962 -0.378799
    outer loop
      vertex 8.3477 83.2184 193.849
      vertex 8.23205 83.211 193.669
      vertex 10.2196 85.1143 193.61
    endloop
  endfacet
  facet normal 0.71653 -0.513126 0.472532
    outer loop
      vertex 13.7534 89.803 195.12
      vertex 12.0478 87.3136 195.003
      vertex 12.2116 87.3241 194.766
    endloop
  endfacet
  facet normal 0.817571 -0.472698 0.328839
    outer loop
      vertex 15.5041 92.5839 194.938
      vertex 14.0482 89.822 194.587
      vertex 15.6268 92.5918 194.644
    endloop
  endfacet
  facet normal 0.898331 -0.419459 0.130596
    outer loop
      vertex 17.0374 95.6289 194.696
      vertex 15.6712 92.5947 194.348
      vertex 17.0854 95.632 194.376
    endloop
  endfacet
  facet normal 0.646659 -0.471232 0.59981
    outer loop
      vertex 13.5003 89.7868 195.38
      vertex 11.821 87.2991 195.236
      vertex 13.7534 89.803 195.12
    endloop
  endfacet
  facet normal 0.669398 -0.399371 0.626426
    outer loop
      vertex 15.0259 92.5532 195.513
      vertex 13.5003 89.7868 195.38
      vertex 13.7534 89.803 195.12
    endloop
  endfacet
  facet normal 0.232668 -0.726169 0.64695
    outer loop
      vertex 2.57151 80.2416 195.155
      vertex 0.472044 79.2867 194.839
      vertex 0.668667 79.2993 194.782
    endloop
  endfacet
  facet normal 0.234827 -0.565741 0.790439
    outer loop
      vertex 3.59231 81.4506 195.728
      vertex 2.28105 80.2229 195.239
      vertex 4.00309 81.477 195.625
    endloop
  endfacet
  facet normal 0.0492799 -0.227606 0.972505
    outer loop
      vertex -0.71436 85.1542 197.528
      vertex -0.281248 84.4403 197.339
      vertex 0.0800983 86.5455 197.813
    endloop
  endfacet
  facet normal 0.0492705 -0.227612 0.972505
    outer loop
      vertex -0.281248 84.4403 197.339
      vertex -0.71436 85.1542 197.528
      vertex -0.875068 84.4022 197.36
    endloop
  endfacet
  facet normal 0.117147 -0.297487 0.947511
    outer loop
      vertex 2.24094 84.6022 197.167
      vertex 2.13031 82.8194 196.621
      vertex 3.03865 84.6534 197.084
    endloop
  endfacet
  facet normal 0.049286 -0.227611 0.972504
    outer loop
      vertex -0.524126 86.0355 197.724
      vertex 0.0800983 86.5455 197.813
      vertex -0.443704 86.5119 197.832
    endloop
  endfacet
  facet normal 0.049287 -0.227612 0.972504
    outer loop
      vertex -0.539343 85.973 197.71
      vertex 0.0800983 86.5455 197.813
      vertex -0.524126 86.0355 197.724
    endloop
  endfacet
  facet normal 0.0492826 -0.227608 0.972505
    outer loop
      vertex 0.0800983 86.5455 197.813
      vertex -0.539343 85.973 197.71
      vertex -0.71436 85.1542 197.528
    endloop
  endfacet
  facet normal 0.0648129 -0.229952 0.971041
    outer loop
      vertex 1.06111 86.6084 197.762
      vertex 0.0800983 86.5455 197.813
      vertex 0.577713 84.4955 197.294
    endloop
  endfacet
  facet normal 0.248553 -0.371116 0.894704
    outer loop
      vertex 6.56566 84.8798 196.497
      vertex 5.12728 83.0117 196.122
      vertex 5.63166 83.0441 195.995
    endloop
  endfacet
  facet normal 0.27093 -0.478864 0.835036
    outer loop
      vertex 5.63166 83.0441 195.995
      vertex 4.00309 81.477 195.625
      vertex 6.09943 83.0741 195.861
    endloop
  endfacet
  facet normal 0.0998495 -0.291055 0.951481
    outer loop
      vertex 2.24094 84.6022 197.167
      vertex 0.754535 82.731 196.751
      vertex 1.45249 82.7758 196.691
    endloop
  endfacet
  facet normal 0.196686 -0.41864 0.886598
    outer loop
      vertex 4.01674 82.9404 196.35
      vertex 3.15333 81.4225 195.824
      vertex 4.58826 82.9771 196.24
    endloop
  endfacet
  facet normal 0.137276 -0.481099 0.865851
    outer loop
      vertex 1.15155 81.294 196.134
      vertex 0.513621 80.1095 195.577
      vertex 1.68501 81.3282 196.069
    endloop
  endfacet
  facet normal 0.0792001 -0.586683 0.805934
    outer loop
      vertex -1.64481 79.9709 195.762
      vertex -1.87872 79.1358 195.177
      vertex -1.19159 80 195.738
    endloop
  endfacet
  facet normal 0.15484 -0.314611 0.936507
    outer loop
      vertex 3.80952 84.7029 196.99
      vertex 2.78534 82.8614 196.54
      vertex 4.55052 84.7505 196.883
    endloop
  endfacet
  facet normal 0.136798 -0.37955 0.915002
    outer loop
      vertex 2.13031 82.8194 196.621
      vertex 1.15155 81.294 196.134
      vertex 1.68501 81.3282 196.069
    endloop
  endfacet
  facet normal 0.708021 -0.332512 -0.62301
    outer loop
      vertex 15.3344 92.573 193.455
      vertex 15.0669 92.5559 193.16
      vertex 16.4324 95.5901 193.093
    endloop
  endfacet
  facet normal 0.828554 -0.471996 -0.301194
    outer loop
      vertex 14.0577 89.8226 194.046
      vertex 13.9551 89.816 193.774
      vertex 15.5248 92.5853 193.752
    endloop
  endfacet
  facet normal 0.585916 -0.784774 -0.202068
    outer loop
      vertex 8.41601 83.2228 194.03
      vertex 6.2707 81.6226 194.025
      vertex 8.3477 83.2184 193.849
    endloop
  endfacet
  facet normal 0.690837 -0.398 -0.603606
    outer loop
      vertex 15.3344 92.573 193.455
      vertex 13.7816 89.8048 193.503
      vertex 15.0669 92.5559 193.16
    endloop
  endfacet
  facet normal 0.636414 -0.244206 -0.731669
    outer loop
      vertex 17.6247 98.8797 193.032
      vertex 16.4324 95.5901 193.093
      vertex 17.2285 98.8542 192.696
    endloop
  endfacet
  facet normal 0.636427 -0.244208 -0.731658
    outer loop
      vertex 16.4324 95.5901 193.093
      vertex 16.0611 95.5663 192.778
      vertex 17.2285 98.8542 192.696
    endloop
  endfacet
  facet normal 0.931377 -0.348882 -0.104012
    outer loop
      vertex 17.0854 95.632 194.376
      vertex 17.0486 95.6297 194.054
      vertex 18.3215 98.9244 194.401
    endloop
  endfacet
  facet normal 0.898332 -0.419459 0.130591
    outer loop
      vertex 17.0374 95.6289 194.696
      vertex 15.6268 92.5918 194.644
      vertex 15.6712 92.5947 194.348
    endloop
  endfacet
  facet normal 0.90235 -0.419201 -0.100174
    outer loop
      vertex 17.0854 95.632 194.376
      vertex 15.6712 92.5947 194.348
      vertex 17.0486 95.6297 194.054
    endloop
  endfacet
  facet normal 0.927204 -0.349151 0.1356
    outer loop
      vertex 18.3215 98.9244 194.401
      vertex 17.0374 95.6289 194.696
      vertex 17.0854 95.632 194.376
    endloop
  endfacet
  facet normal 0.168197 -0.303201 -0.937965
    outer loop
      vertex 3.90903 84.7093 191.277
      vertex 2.21807 82.825 191.583
      vertex 3.14193 84.66 191.155
    endloop
  endfacet
  facet normal 0.150107 -0.295386 -0.943512
    outer loop
      vertex 3.14193 84.66 191.155
      vertex 2.21807 82.825 191.583
      vertex 2.34759 84.6091 191.045
    endloop
  endfacet
  facet normal 0.186798 -0.254668 -0.948815
    outer loop
      vertex 4.64587 84.7566 191.409
      vertex 3.90903 84.7093 191.277
      vertex 4.86579 86.8526 190.89
    endloop
  endfacet
  facet normal 0.187018 -0.388586 -0.902233
    outer loop
      vertex 2.26378 81.3654 192.207
      vertex 1.75387 81.3326 192.116
      vertex 2.86989 82.8668 191.686
    endloop
  endfacet
  facet normal 0.185901 -0.209153 -0.96005
    outer loop
      vertex 5.70732 86.9067 191.041
      vertex 4.86579 86.8526 190.89
      vertex 6.67409 89.3487 190.696
    endloop
  endfacet
  facet normal 0.229787 -0.185798 -0.955341
    outer loop
      vertex 8.42283 89.4609 191.072
      vertex 7.57138 89.4062 190.878
      vertex 8.52388 92.1359 190.576
    endloop
  endfacet
  facet normal 0.22902 -0.152381 -0.961421
    outer loop
      vertex 9.45763 92.1958 190.789
      vertex 9.36213 95.1363 190.301
      vertex 10.3711 95.2011 190.531
    endloop
  endfacet
  facet normal 0.230349 -0.225772 -0.946555
    outer loop
      vertex 8.42283 89.4609 191.072
      vertex 7.27354 87.0072 191.378
      vertex 7.57138 89.4062 190.878
    endloop
  endfacet
  facet normal 0.146079 -0.162809 -0.975784
    outer loop
      vertex 4.75629 89.2256 190.372
      vertex 3.74335 89.1605 190.232
      vertex 5.43664 91.9378 190.022
    endloop
  endfacet
  facet normal 0.162625 -0.11189 -0.980323
    outer loop
      vertex 7.18534 94.9966 189.885
      vertex 6.52042 98.167 189.413
      vertex 7.75738 98.2464 189.609
    endloop
  endfacet
  facet normal 0.112928 -0.189928 -0.975282
    outer loop
      vertex 2.14772 86.6782 190.512
      vertex 1.18913 86.6167 190.413
      vertex 2.69967 89.0936 190.106
    endloop
  endfacet
  facet normal 0.0986097 -0.227775 -0.968708
    outer loop
      vertex 0.236473 86.4426 190.357
      vertex 1.18913 86.6167 190.413
      vertex 0.689803 84.5027 190.859
    endloop
  endfacet
  facet normal 0.098611 -0.227782 -0.968706
    outer loop
      vertex 1.18913 86.6167 190.413
      vertex 0.236473 86.4426 190.357
      vertex 0.255338 86.5567 190.332
    endloop
  endfacet
  facet normal 0.167195 -0.246939 -0.954498
    outer loop
      vertex 4.86579 86.8526 190.89
      vertex 3.14193 84.66 191.155
      vertex 3.98968 86.7964 190.751
    endloop
  endfacet
  facet normal 0.148762 -0.24051 -0.959179
    outer loop
      vertex 3.14193 84.66 191.155
      vertex 2.34759 84.6091 191.045
      vertex 3.98968 86.7964 190.751
    endloop
  endfacet
  facet normal 0.820989 -0.244065 -0.516149
    outer loop
      vertex 18.1526 98.9136 193.714
      vertex 17.9331 98.8995 193.372
      vertex 19.1931 102.447 193.698
    endloop
  endfacet
  facet normal 0.728992 -0.218592 -0.648682
    outer loop
      vertex 17.9331 98.8995 193.372
      vertex 17.6247 98.8797 193.032
      vertex 18.6359 102.411 192.978
    endloop
  endfacet
  facet normal 0.488924 -0.295915 -0.820602
    outer loop
      vertex 12.8429 89.7446 192.707
      vertex 12.3948 89.7158 192.45
      vertex 14.305 92.507 192.582
    endloop
  endfacet
  facet normal 0.54909 -0.325461 -0.769789
    outer loop
      vertex 13.2244 89.7691 192.969
      vertex 12.8429 89.7446 192.707
      vertex 14.305 92.507 192.582
    endloop
  endfacet
  facet normal 0.690826 -0.397997 -0.603621
    outer loop
      vertex 13.7816 89.8048 193.503
      vertex 13.5377 89.7892 193.234
      vertex 15.0669 92.5559 193.16
    endloop
  endfacet
  facet normal 0.786828 -0.54815 -0.283607
    outer loop
      vertex 14.0577 89.8226 194.046
      vertex 12.2284 87.3252 193.798
      vertex 13.9551 89.816 193.774
    endloop
  endfacet
  facet normal 0.25482 -0.159563 -0.953733
    outer loop
      vertex 10.3374 92.2523 191.015
      vertex 9.45763 92.1958 190.789
      vertex 11.3218 95.2621 190.774
    endloop
  endfacet
  facet normal 0.314148 -0.263956 -0.911942
    outer loop
      vertex 10.6695 89.6051 191.721
      vertex 8.66364 87.0964 191.756
      vertex 9.97493 89.5605 191.495
    endloop
  endfacet
  facet normal 0.281346 -0.0843148 -0.955895
    outer loop
      vertex 13.881 102.106 190.656
      vertex 12.8802 102.042 190.367
      vertex 13.4439 105.785 190.203
    endloop
  endfacet
  facet normal 0.282838 -0.136399 -0.94942
    outer loop
      vertex 12.2104 95.3191 191.031
      vertex 11.3218 95.2621 190.774
      vertex 13.1195 98.5905 190.832
    endloop
  endfacet
  facet normal 0.283336 -0.168125 -0.944169
    outer loop
      vertex 11.1598 92.3051 191.252
      vertex 10.3374 92.2523 191.015
      vertex 11.3218 95.2621 190.774
    endloop
  endfacet
  facet normal 0.229026 -0.15238 -0.961419
    outer loop
      vertex 9.45763 92.1958 190.789
      vertex 8.52388 92.1359 190.576
      vertex 9.36213 95.1363 190.301
    endloop
  endfacet
  facet normal 0.441686 -0.143905 -0.885553
    outer loop
      vertex 16.1795 98.7869 192.04
      vertex 15.5308 98.7453 191.723
      vertex 17.1106 102.313 191.932
    endloop
  endfacet
  facet normal 0.4937 -0.243939 -0.834718
    outer loop
      vertex 14.305 92.507 192.582
      vertex 13.8135 92.4754 192.3
      vertex 15.6091 95.5373 192.468
    endloop
  endfacet
  facet normal 0.439291 -0.222823 -0.870272
    outer loop
      vertex 15.078 95.5032 192.163
      vertex 13.8135 92.4754 192.3
      vertex 14.4701 95.4642 191.867
    endloop
  endfacet
  facet normal 0.387526 -0.302363 -0.870862
    outer loop
      vertex 11.8818 89.6829 192.2
      vertex 10.3715 87.206 192.388
      vertex 11.3059 89.6459 191.956
    endloop
  endfacet
  facet normal 0.387509 -0.302358 -0.870871
    outer loop
      vertex 10.3715 87.206 192.388
      vertex 9.8557 87.1729 192.17
      vertex 11.3059 89.6459 191.956
    endloop
  endfacet
  facet normal 0.350408 -0.23231 -0.907329
    outer loop
      vertex 12.6194 92.3988 191.759
      vertex 10.6695 89.6051 191.721
      vertex 11.9214 92.354 191.501
    endloop
  endfacet
  facet normal 0.499278 -0.0891967 -0.861838
    outer loop
      vertex 18.4907 106.109 192.196
      vertex 17.8656 106.069 191.838
      vertex 18.4402 110.038 191.76
    endloop
  endfacet
  facet normal 0.567312 -0.0987052 -0.817566
    outer loop
      vertex 19.0228 106.143 192.561
      vertex 18.4907 106.109 192.196
      vertex 19.0879 110.08 192.131
    endloop
  endfacet
  facet normal 0.441576 -0.0814635 -0.893518
    outer loop
      vertex 17.8656 106.069 191.838
      vertex 17.6988 109.99 191.398
      vertex 18.4402 110.038 191.76
    endloop
  endfacet
  facet normal 0.440996 -0.054831 -0.895832
    outer loop
      vertex 18.4402 110.038 191.76
      vertex 17.6988 109.99 191.398
      vertex 18.8325 114.205 191.698
    endloop
  endfacet
  facet normal 0.64793 -0.0736093 -0.758135
    outer loop
      vertex 20.092 110.144 192.894
      vertex 19.6392 110.115 192.509
      vertex 20.0646 114.284 192.468
    endloop
  endfacet
  facet normal 0.647927 -0.0736095 -0.758137
    outer loop
      vertex 20.092 110.144 192.894
      vertex 20.0646 114.284 192.468
      vertex 20.53 114.314 192.863
    endloop
  endfacet
  facet normal 0.740453 -0.0826582 -0.667006
    outer loop
      vertex 20.8922 114.338 193.262
      vertex 20.4445 110.167 193.282
      vertex 20.53 114.314 192.863
    endloop
  endfacet
  facet normal 0.741149 -0.04498 -0.669832
    outer loop
      vertex 20.8922 114.338 193.262
      vertex 20.53 114.314 192.863
      vertex 20.7735 118.666 192.84
    endloop
  endfacet
  facet normal 0.392328 -0.0751799 -0.916748
    outer loop
      vertex 17.1499 106.023 191.489
      vertex 16.3466 105.971 191.149
      vertex 17.6988 109.99 191.398
    endloop
  endfacet
  facet normal 0.441574 -0.0814636 -0.893519
    outer loop
      vertex 17.8656 106.069 191.838
      vertex 17.1499 106.023 191.489
      vertex 17.6988 109.99 191.398
    endloop
  endfacet
  facet normal 0.441684 -0.143904 -0.885554
    outer loop
      vertex 17.1106 102.313 191.932
      vertex 15.5308 98.7453 191.723
      vertex 16.4259 102.27 191.597
    endloop
  endfacet
  facet normal 0.393123 -0.132442 -0.909897
    outer loop
      vertex 15.5308 98.7453 191.723
      vertex 14.8026 98.6985 191.416
      vertex 16.4259 102.27 191.597
    endloop
  endfacet
  facet normal 0.440924 -0.180877 -0.87913
    outer loop
      vertex 15.078 95.5032 192.163
      vertex 14.4701 95.4642 191.867
      vertex 16.1795 98.7869 192.04
    endloop
  endfacet
  facet normal 0.440923 -0.180877 -0.879131
    outer loop
      vertex 16.1795 98.7869 192.04
      vertex 14.4701 95.4642 191.867
      vertex 15.5308 98.7453 191.723
    endloop
  endfacet
  facet normal 0.53709 -0.0111914 0.843451
    outer loop
      vertex 19.6742 123.107 196.889
      vertex 19.6373 118.593 196.852
      vertex 20.2286 118.631 196.476
    endloop
  endfacet
  facet normal 0.537098 -0.0111899 0.843445
    outer loop
      vertex 20.2731 123.146 196.508
      vertex 19.6742 123.107 196.889
      vertex 20.2286 118.631 196.476
    endloop
  endfacet
  facet normal 0.62103 -0.0419606 0.782663
    outer loop
      vertex 20.7169 118.662 196.091
      vertex 20.2286 118.631 196.476
      vertex 20.4744 114.311 196.05
    endloop
  endfacet
  facet normal 0.9188 -0.103103 0.38102
    outer loop
      vertex 21.122 114.352 195.27
      vertex 20.6681 110.181 195.236
      vertex 21.2882 114.363 194.872
    endloop
  endfacet
  facet normal 0.0852269 -0.00378233 0.996354
    outer loop
      vertex 5.01228 125.651 200.258
      vertex 5.59067 122.203 200.195
      vertex 5.42051 125.677 200.223
    endloop
  endfacet
  facet normal 0.0852332 -0.00378127 0.996354
    outer loop
      vertex 5.59067 122.203 200.195
      vertex 5.01228 125.651 200.258
      vertex 3.98379 122.1 200.333
    endloop
  endfacet
  facet normal 0.122808 -0.0134524 0.992339
    outer loop
      vertex 8.65927 122.4 199.849
      vertex 7.15122 122.304 200.034
      vertex 7.27206 117.799 199.958
    endloop
  endfacet
  facet normal 0.125297 -0.055486 0.990567
    outer loop
      vertex 7.21067 109.317 199.684
      vertex 7.02638 105.373 199.487
      vertex 8.63132 109.408 199.51
    endloop
  endfacet
  facet normal 0.12441 -0.040027 0.991423
    outer loop
      vertex 8.75237 113.558 199.662
      vertex 7.21067 109.317 199.684
      vertex 8.63132 109.408 199.51
    endloop
  endfacet
  facet normal 0.189677 -0.0263914 0.981492
    outer loop
      vertex 12.8597 118.158 199.093
      vertex 11.497 113.735 199.237
      vertex 12.7708 113.816 198.993
    endloop
  endfacet
  facet normal 0.243401 0.0031623 0.969921
    outer loop
      vertex 14.2138 126.241 198.833
      vertex 14.0511 122.746 198.885
      vertex 15.2123 122.821 198.594
    endloop
  endfacet
  facet normal 0.243401 0.0031623 0.969921
    outer loop
      vertex 14.0511 122.746 198.885
      vertex 14.2138 126.241 198.833
      vertex 13.9188 126.222 198.907
    endloop
  endfacet
  facet normal 0.191472 -0.0597205 0.97968
    outer loop
      vertex 12.5416 109.659 198.859
      vertex 10.9755 105.627 198.919
      vertex 12.172 105.703 198.69
    endloop
  endfacet
  facet normal 0.218696 -0.0824904 0.9723
    outer loop
      vertex 12.172 105.703 198.69
      vertex 11.6633 101.964 198.487
      vertex 13.3004 105.776 198.442
    endloop
  endfacet
  facet normal 0.188054 0.000934411 0.982158
    outer loop
      vertex 12.338 126.121 199.245
      vertex 12.8101 122.667 199.158
      vertex 12.6723 126.142 199.181
    endloop
  endfacet
  facet normal 0.188052 0.000934209 0.982159
    outer loop
      vertex 12.8101 122.667 199.158
      vertex 12.338 126.121 199.245
      vertex 11.4943 122.582 199.41
    endloop
  endfacet
  facet normal 0.245154 -0.0274108 0.969097
    outer loop
      vertex 14.085 118.236 198.824
      vertex 13.9722 113.893 198.729
      vertex 15.0964 113.966 198.447
    endloop
  endfacet
  facet normal 0.535962 0.0133703 0.844137
    outer loop
      vertex 19.7192 126.595 196.805
      vertex 19.6742 123.107 196.889
      vertex 20.2731 123.146 196.508
    endloop
  endfacet
  facet normal 0.535979 0.0133698 0.844125
    outer loop
      vertex 19.6742 123.107 196.889
      vertex 19.7192 126.595 196.805
      vertex 19.5671 126.585 196.902
    endloop
  endfacet
  facet normal 0.31445 -0.0109554 0.949211
    outer loop
      vertex 17.2776 122.954 197.957
      vertex 16.2893 122.89 198.284
      vertex 16.295 118.378 198.23
    endloop
  endfacet
  facet normal 0.314446 -0.0109546 0.949212
    outer loop
      vertex 17.2776 122.954 197.957
      vertex 16.295 118.378 198.23
      vertex 17.2709 118.441 197.907
    endloop
  endfacet
  facet normal 0.406639 0.00906147 0.913544
    outer loop
      vertex 18.8632 126.54 197.273
      vertex 18.2629 126.501 197.54
      vertex 18.9735 123.062 197.258
    endloop
  endfacet
  facet normal 0.620327 -0.0115969 0.784257
    outer loop
      vertex 20.7676 123.178 196.117
      vertex 20.2731 123.146 196.508
      vertex 20.7169 118.662 196.091
    endloop
  endfacet
  facet normal 0.717033 -0.0121668 0.696933
    outer loop
      vertex 20.7676 123.178 196.117
      vertex 20.7169 118.662 196.091
      vertex 21.156 123.202 195.718
    endloop
  endfacet
  facet normal 0.841245 0.0237295 -0.540133
    outer loop
      vertex 21.4654 123.222 193.653
      vertex 21.2987 126.696 193.546
      vertex 21.3663 126.7 193.652
    endloop
  endfacet
  facet normal 0.841243 0.0237293 -0.540136
    outer loop
      vertex 21.2987 126.696 193.546
      vertex 21.4654 123.222 193.653
      vertex 21.1992 123.205 193.238
    endloop
  endfacet
  facet normal 0.842076 -0.0116148 -0.539234
    outer loop
      vertex 21.4059 118.706 193.658
      vertex 21.143 118.689 193.247
      vertex 21.1992 123.205 193.238
    endloop
  endfacet
  facet normal 0.739844 0.0206779 -0.67246
    outer loop
      vertex 21.1992 123.205 193.238
      vertex 20.8181 126.665 192.925
      vertex 21.0989 126.683 193.234
    endloop
  endfacet
  facet normal 0.993438 -0.0134986 -0.113576
    outer loop
      vertex 21.6703 123.236 194.487
      vertex 21.5612 118.716 194.069
      vertex 21.6227 123.232 194.07
    endloop
  endfacet
  facet normal 0.935072 0.0264877 -0.353467
    outer loop
      vertex 21.4654 123.222 193.653
      vertex 21.4063 126.703 193.758
      vertex 21.6227 123.232 194.07
    endloop
  endfacet
  facet normal 0.935083 0.026487 -0.353436
    outer loop
      vertex 21.4063 126.703 193.758
      vertex 21.4654 123.222 193.653
      vertex 21.3663 126.7 193.652
    endloop
  endfacet
  facet normal 0.248156 0.00418315 -0.968711
    outer loop
      vertex 12.9782 122.678 189.509
      vertex 12.8411 126.153 189.489
      vertex 13.7647 126.212 189.725
    endloop
  endfacet
  facet normal 0.222121 0.00311971 -0.975014
    outer loop
      vertex 12.9782 122.678 189.509
      vertex 12.5092 126.132 189.413
      vertex 12.8411 126.153 189.489
    endloop
  endfacet
  facet normal 0.222149 0.00312363 -0.975008
    outer loop
      vertex 12.5092 126.132 189.413
      vertex 12.9782 122.678 189.509
      vertex 11.672 122.594 189.211
    endloop
  endfacet
  facet normal 0.181304 -0.666495 0.723127
    outer loop
      vertex 1.63315 80.1813 195.391
      vertex -0.206781 79.2432 194.988
      vertex 0.0334533 79.2586 194.942
    endloop
  endfacet
  facet normal 0.268993 -0.773368 0.57406
    outer loop
      vertex 2.83808 80.2587 195.067
      vertex 0.849121 79.3109 194.722
      vertex 3.07972 80.2742 194.975
    endloop
  endfacet
  facet normal 0.107365 -0.974678 -0.196154
    outer loop
      vertex -3.01841 78.4416 193.901
      vertex -1.62537 78.6588 193.584
      vertex -3.05666 78.4331 193.922
    endloop
  endfacet
  facet normal 0.107306 -0.974637 -0.196387
    outer loop
      vertex -1.62537 78.6588 193.584
      vertex -3.01841 78.4416 193.901
      vertex -1.74633 78.651 193.556
    endloop
  endfacet
  facet normal 0.107421 -0.974712 -0.19595
    outer loop
      vertex -3.10673 78.4252 193.934
      vertex -3.38628 78.3811 194
      vertex -3.14147 78.4214 193.934
    endloop
  endfacet
  facet normal 0.151137 -0.368136 -0.917406
    outer loop
      vertex 1.22302 81.2986 192.031
      vertex 0.673313 81.2633 191.955
      vertex 2.21807 82.825 191.583
    endloop
  endfacet
  facet normal 0.15297 -0.813842 -0.560591
    outer loop
      vertex -1.87381 78.6428 193.531
      vertex -2.0073 78.6343 193.507
      vertex -0.425674 79.2291 193.075
    endloop
  endfacet
  facet normal 0.107224 -0.584868 -0.80401
    outer loop
      vertex -1.83868 79.1384 192.878
      vertex -1.90647 79.3248 192.734
      vertex -1.63941 79.7943 192.428
    endloop
  endfacet
  facet normal 0.107462 -0.584797 -0.80403
    outer loop
      vertex -1.83868 79.1384 192.878
      vertex -1.92609 79.2969 192.751
      vertex -1.90647 79.3248 192.734
    endloop
  endfacet
  facet normal 0.107232 -0.584893 -0.803991
    outer loop
      vertex -1.92609 79.2969 192.751
      vertex -1.83868 79.1384 192.878
      vertex -2.03844 79.1256 192.861
    endloop
  endfacet
  facet normal 0.130904 -0.169217 0.976847
    outer loop
      vertex 6.37024 91.9977 198.181
      vertex 5.29221 91.9285 198.313
      vertex 5.60759 89.2802 197.812
    endloop
  endfacet
  facet normal 0.197923 -0.338506 0.919913
    outer loop
      vertex 5.93131 84.8391 196.636
      vertex 4.01674 82.9404 196.35
      vertex 4.58826 82.9771 196.24
    endloop
  endfacet
  facet normal 0.171692 -0.14855 0.973886
    outer loop
      vertex 9.2249 95.1275 198.179
      vertex 8.15471 95.0588 198.357
      vertex 8.39688 92.1278 197.867
    endloop
  endfacet
  facet normal 0.282585 -0.180448 0.942117
    outer loop
      vertex 12.0969 95.3118 197.548
      vertex 11.0547 92.2984 197.284
      vertex 11.8246 92.3478 197.062
    endloop
  endfacet
  facet normal 0.130907 -0.169217 0.976846
    outer loop
      vertex 5.29221 91.9285 198.313
      vertex 4.62459 89.2171 197.933
      vertex 5.60759 89.2802 197.812
    endloop
  endfacet
  facet normal 0.132333 -0.204981 0.969779
    outer loop
      vertex 5.60759 89.2802 197.812
      vertex 4.62459 89.2171 197.933
      vertex 4.75214 86.8453 197.414
    endloop
  endfacet
  facet normal 0.250306 -0.170247 0.953081
    outer loop
      vertex 11.1999 95.2543 197.774
      vertex 11.0547 92.2984 197.284
      vertex 12.0969 95.3118 197.548
    endloop
  endfacet
  facet normal 0.410051 -0.182865 0.893543
    outer loop
      vertex 15.4392 98.7394 196.98
      vertex 14.3843 95.4587 196.792
      vertex 16.0986 98.7817 196.686
    endloop
  endfacet
  facet normal 0.453374 -0.357658 0.816415
    outer loop
      vertex 12.3308 89.7117 196.124
      vertex 10.7736 87.2318 195.902
      vertex 11.1827 87.2581 195.686
    endloop
  endfacet
  facet normal 0.282688 -0.219604 0.933735
    outer loop
      vertex 11.0547 92.2984 197.284
      vertex 10.5811 89.5994 196.792
      vertex 11.8246 92.3478 197.062
    endloop
  endfacet
  facet normal 0.538496 -0.100555 0.836607
    outer loop
      vertex 19.0079 110.074 196.721
      vertex 18.958 106.139 196.28
      vertex 19.5721 110.111 196.363
    endloop
  endfacet
  facet normal 0.621035 -0.0419599 0.782659
    outer loop
      vertex 20.2286 118.631 196.476
      vertex 19.9957 114.28 196.428
      vertex 20.4744 114.311 196.05
    endloop
  endfacet
  facet normal 0.468963 -0.0911455 0.878502
    outer loop
      vertex 19.0079 110.074 196.721
      vertex 18.3478 110.032 197.069
      vertex 18.4135 106.104 196.627
    endloop
  endfacet
  facet normal 0.468547 -0.0617718 0.881276
    outer loop
      vertex 19.4159 114.243 196.797
      vertex 18.7375 114.199 197.154
      vertex 19.0079 110.074 196.721
    endloop
  endfacet
  facet normal 0.669413 -0.399376 0.626406
    outer loop
      vertex 15.0259 92.5532 195.513
      vertex 13.7534 89.803 195.12
      vertex 15.3035 92.5711 195.228
    endloop
  endfacet
  facet normal 0.592207 -0.361324 0.720234
    outer loop
      vertex 14.6724 92.5305 195.793
      vertex 13.1779 89.7661 195.635
      vertex 15.0259 92.5532 195.513
    endloop
  endfacet
  facet normal 0.536233 -0.176577 0.825394
    outer loop
      vertex 17.6348 102.347 196.513
      vertex 16.6762 98.8188 196.381
      vertex 17.1698 98.8505 196.067
    endloop
  endfacet
  facet normal 0.603075 -0.300459 0.738935
    outer loop
      vertex 16.0061 95.5628 195.937
      vertex 14.6724 92.5305 195.793
      vertex 15.0259 92.5532 195.513
    endloop
  endfacet
  facet normal 0.913202 -0.153934 0.377315
    outer loop
      vertex 20.6681 110.181 195.236
      vertex 20.0159 106.207 195.193
      vertex 20.1721 106.217 194.819
    endloop
  endfacet
  facet normal 0.711496 -0.170597 0.681667
    outer loop
      vertex 19.4077 106.168 195.925
      vertex 18.9239 102.43 195.495
      vertex 19.7608 106.19 195.562
    endloop
  endfacet
  facet normal 0.043625 -0.128923 0.990695
    outer loop
      vertex 0.390901 92.2972 198.767
      vertex 0.320165 91.6094 198.681
      vertex 0.649461 91.6305 198.669
    endloop
  endfacet
  facet normal 0.0809135 -0.233195 0.969058
    outer loop
      vertex 1.06111 86.6084 197.762
      vertex 0.577713 84.4955 197.294
      vertex 2.02257 86.6702 197.697
    endloop
  endfacet
  facet normal 0.0976826 -0.237403 0.966487
    outer loop
      vertex 2.02257 86.6702 197.697
      vertex 1.41955 84.5495 197.237
      vertex 2.24094 84.6022 197.167
    endloop
  endfacet
  facet normal 0.0941615 -0.16159 0.982356
    outer loop
      vertex 4.17665 91.8569 198.429
      vertex 3.02796 91.7832 198.527
      vertex 3.60736 89.1518 198.038
    endloop
  endfacet
  facet normal 0.0927258 -0.133436 0.98671
    outer loop
      vertex 4.66461 94.8348 198.786
      vertex 3.02796 91.7832 198.527
      vertex 4.17665 91.8569 198.429
    endloop
  endfacet
  facet normal 0.174915 -0.265987 0.947975
    outer loop
      vertex 5.59842 86.8997 197.293
      vertex 4.55052 84.7505 196.883
      vertex 6.40725 86.9516 197.158
    endloop
  endfacet
  facet normal 0.173915 -0.218892 0.960125
    outer loop
      vertex 6.5525 89.3409 197.677
      vertex 5.59842 86.8997 197.293
      vertex 6.40725 86.9516 197.158
    endloop
  endfacet
  facet normal 0.0568596 -0.0869587 0.994588
    outer loop
      vertex 1.09002 101.285 199.682
      vertex 1.00053 97.8127 199.383
      vertex 2.38561 97.9016 199.312
    endloop
  endfacet
  facet normal 0.0743989 -0.107948 0.991369
    outer loop
      vertex 2.38561 97.9016 199.312
      vertex 2.15122 94.6735 198.978
      vertex 3.42336 94.7551 198.892
    endloop
  endfacet
  facet normal 0.0914515 -0.109475 0.989774
    outer loop
      vertex 3.74307 97.9887 199.22
      vertex 3.42336 94.7551 198.892
      vertex 5.06758 98.0737 199.107
    endloop
  endfacet
  facet normal 0.109386 -0.111505 0.987725
    outer loop
      vertex 5.06758 98.0737 199.107
      vertex 4.66461 94.8348 198.786
      vertex 6.35388 98.1563 198.974
    endloop
  endfacet
  facet normal 0.169533 -0.0974777 0.980692
    outer loop
      vertex 10.5185 101.89 198.706
      vertex 9.31326 101.813 198.907
      vertex 9.93375 98.386 198.459
    endloop
  endfacet
  facet normal 0.149849 -0.143569 0.97823
    outer loop
      vertex 8.15471 95.0588 198.357
      vertex 7.03496 94.987 198.518
      vertex 7.4065 92.0642 198.032
    endloop
  endfacet
  facet normal 0.126245 -0.0727208 0.98933
    outer loop
      vertex 7.02638 105.373 199.487
      vertex 6.7402 101.648 199.249
      vertex 8.05215 101.732 199.088
    endloop
  endfacet
  facet normal 0.0721815 -0.0697994 0.994946
    outer loop
      vertex 4.14625 105.188 199.758
      vertex 2.64875 105.092 199.86
      vertex 3.98463 101.471 199.509
    endloop
  endfacet
  facet normal 0.0580348 -0.106884 0.992576
    outer loop
      vertex 2.38561 97.9016 199.312
      vertex 1.00053 97.8127 199.383
      vertex 2.15122 94.6735 198.978
    endloop
  endfacet
  facet normal 0.0580251 -0.106888 0.992576
    outer loop
      vertex 1.00053 97.8127 199.383
      vertex 0.85321 94.5902 199.045
      vertex 2.15122 94.6735 198.978
    endloop
  endfacet
  facet normal 0.0421825 -0.106222 0.993447
    outer loop
      vertex 0.850921 97.8031 199.389
      vertex 0.833221 97.4353 199.35
      vertex 1.00053 97.8127 199.383
    endloop
  endfacet
  facet normal 0.0410184 -0.0866245 0.995396
    outer loop
      vertex 0.988065 100.559 199.623
      vertex 1.09002 101.285 199.682
      vertex 1.00821 101.28 199.685
    endloop
  endfacet
  facet normal 0.0412788 -0.0866599 0.995382
    outer loop
      vertex 0.98266 100.49 199.617
      vertex 1.09002 101.285 199.682
      vertex 0.988065 100.559 199.623
    endloop
  endfacet
  facet normal 0.0409642 -0.0866188 0.995399
    outer loop
      vertex 1.09002 101.285 199.682
      vertex 0.98266 100.49 199.617
      vertex 1.00053 97.8127 199.383
    endloop
  endfacet
  facet normal 0.0410573 -0.0866178 0.995395
    outer loop
      vertex 1.00053 97.8127 199.383
      vertex 0.98266 100.49 199.617
      vertex 0.867208 98.1353 199.417
    endloop
  endfacet
  facet normal 0.241167 -0.542441 -0.804734
    outer loop
      vertex 3.64814 81.4542 192.523
      vertex 2.01042 80.2055 192.874
      vertex 3.21279 81.4263 192.411
    endloop
  endfacet
  facet normal 0.182352 -0.847116 -0.499142
    outer loop
      vertex -1.51139 78.6661 193.613
      vertex -1.62537 78.6588 193.584
      vertex 0.288844 79.275 193.238
    endloop
  endfacet
  facet normal 0.218559 -0.89848 -0.380743
    outer loop
      vertex -1.13396 78.6903 193.744
      vertex -1.21577 78.6851 193.71
      vertex 0.871677 79.3124 193.428
    endloop
  endfacet
  facet normal 0.299856 -0.477001 -0.826169
    outer loop
      vertex 6.1583 83.0779 192.481
      vertex 4.05508 81.4803 192.64
      vertex 5.6955 83.0482 192.331
    endloop
  endfacet
  facet normal 0.327961 -0.503078 -0.799596
    outer loop
      vertex 4.77738 81.5267 192.891
      vertex 4.43199 81.5045 192.763
      vertex 6.58239 83.1051 192.638
    endloop
  endfacet
  facet normal 0.279553 -0.369114 -0.886344
    outer loop
      vertex 5.6955 83.0482 192.331
      vertex 5.19583 83.0161 192.186
      vertex 6.64634 84.885 191.865
    endloop
  endfacet
  facet normal 0.411206 -0.471543 -0.7801
    outer loop
      vertex 7.30796 83.1517 192.967
      vertex 6.96612 83.1297 192.8
      vertex 8.72972 85.0187 192.588
    endloop
  endfacet
  facet normal 0.332537 -0.644056 -0.68892
    outer loop
      vertex 5.08989 81.5468 193.023
      vertex 3.10968 80.2761 193.255
      vertex 4.77738 81.5267 192.891
    endloop
  endfacet
  facet normal 0.813472 -0.56983 0.116436
    outer loop
      vertex 14.0482 89.822 194.587
      vertex 12.3118 87.3306 194.526
      vertex 12.3481 87.3329 194.284
    endloop
  endfacet
  facet normal 0.563591 -0.757241 -0.330077
    outer loop
      vertex 8.3477 83.2184 193.849
      vertex 6.12089 81.6129 193.73
      vertex 8.23205 83.211 193.669
    endloop
  endfacet
  facet normal 0.4829 -0.857244 0.17872
    outer loop
      vertex 6.20485 81.6183 194.464
      vertex 4.00609 80.3336 194.243
      vertex 6.26558 81.6222 194.319
    endloop
  endfacet
  facet normal 0.681511 -0.725594 0.0951591
    outer loop
      vertex 10.4604 85.1298 194.249
      vertex 8.40972 83.2224 194.391
      vertex 8.43671 83.2241 194.211
    endloop
  endfacet
  facet normal 0.383813 -0.473305 0.792887
    outer loop
      vertex 8.67294 85.015 195.848
      vertex 7.26532 83.1489 195.415
      vertex 9.08184 85.0413 195.665
    endloop
  endfacet
  facet normal 0.576656 -0.42949 0.694987
    outer loop
      vertex 13.1779 89.7661 195.635
      vertex 11.821 87.2991 195.236
      vertex 13.5003 89.7868 195.38
    endloop
  endfacet
  facet normal 0.452629 -0.506967 -0.73356
    outer loop
      vertex 9.48343 85.0671 192.986
      vertex 7.30796 83.1517 192.967
      vertex 9.13202 85.0445 192.785
    endloop
  endfacet
  facet normal 0.577248 -0.504276 -0.642254
    outer loop
      vertex 11.8545 87.3012 193.314
      vertex 9.78258 85.0863 193.191
      vertex 11.5739 87.2832 193.076
    endloop
  endfacet
  facet normal 0.339054 -0.413098 -0.845217
    outer loop
      vertex 8.27813 84.9897 192.397
      vertex 6.58239 83.1051 192.638
      vertex 7.77902 84.9577 192.213
    endloop
  endfacet
  facet normal 0.350428 -0.232324 -0.907318
    outer loop
      vertex 11.3059 89.6459 191.956
      vertex 10.6695 89.6051 191.721
      vertex 12.6194 92.3988 191.759
    endloop
  endfacet
  facet normal 0.255188 -0.287502 -0.923158
    outer loop
      vertex 6.64634 84.885 191.865
      vertex 6.01723 84.8446 191.704
      vertex 7.99204 87.0533 191.562
    endloop
  endfacet
  facet normal 0.255185 -0.287499 -0.92316
    outer loop
      vertex 7.99204 87.0533 191.562
      vertex 6.01723 84.8446 191.704
      vertex 7.27354 87.0072 191.378
    endloop
  endfacet
  facet normal 0.283571 -0.205084 -0.936765
    outer loop
      vertex 11.1598 92.3051 191.252
      vertex 9.22507 89.5124 191.278
      vertex 10.3374 92.2523 191.015
    endloop
  endfacet
  facet normal 0.315037 -0.217527 -0.923815
    outer loop
      vertex 10.6695 89.6051 191.721
      vertex 9.97493 89.5605 191.495
      vertex 11.1598 92.3051 191.252
    endloop
  endfacet
  facet normal 0.345234 -0.34068 -0.8745
    outer loop
      vertex 8.27813 84.9897 192.397
      vertex 7.77902 84.9577 192.213
      vertex 9.28568 87.1363 191.959
    endloop
  endfacet
  facet normal 0.312076 -0.320082 -0.894514
    outer loop
      vertex 9.28568 87.1363 191.959
      vertex 7.77902 84.9577 192.213
      vertex 8.66364 87.0964 191.756
    endloop
  endfacet
  facet normal 0.307901 -0.389501 -0.868036
    outer loop
      vertex 7.77902 84.9577 192.213
      vertex 5.6955 83.0482 192.331
      vertex 7.23438 84.9227 192.035
    endloop
  endfacet
  facet normal 0.253659 -0.351558 -0.901146
    outer loop
      vertex 5.19583 83.0161 192.186
      vertex 4.66126 82.9818 192.049
      vertex 6.64634 84.885 191.865
    endloop
  endfacet
  facet normal 0.498373 -0.681559 -0.535819
    outer loop
      vertex 5.98852 81.6044 193.585
      vertex 5.81849 81.5935 193.44
      vertex 8.06952 83.2006 193.49
    endloop
  endfacet
  facet normal 0.49836 -0.681541 -0.535853
    outer loop
      vertex 8.06952 83.2006 193.49
      vertex 5.81849 81.5935 193.44
      vertex 7.86075 83.1872 193.313
    endloop
  endfacet
  facet normal 0.461836 -0.64092 -0.61313
    outer loop
      vertex 7.86075 83.1872 193.313
      vertex 5.81849 81.5935 193.44
      vertex 7.60656 83.1708 193.138
    endloop
  endfacet
  facet normal 0.434929 -0.777732 -0.453839
    outer loop
      vertex 3.79484 80.3201 193.683
      vertex 3.6652 80.3118 193.573
      vertex 5.81849 81.5935 193.44
    endloop
  endfacet
  facet normal 0.3841 -0.709169 -0.591224
    outer loop
      vertex 5.61148 81.5802 193.298
      vertex 3.50736 80.3016 193.465
      vertex 5.36829 81.5646 193.159
    endloop
  endfacet
  facet normal 0.358309 -0.532535 -0.766825
    outer loop
      vertex 5.08989 81.5468 193.023
      vertex 4.77738 81.5267 192.891
      vertex 6.58239 83.1051 192.638
    endloop
  endfacet
  facet normal 0.362356 -0.889926 -0.277003
    outer loop
      vertex 1.5651 79.3569 193.861
      vertex 1.49679 79.3525 193.786
      vertex 3.79484 80.3201 193.683
    endloop
  endfacet
  facet normal 0.46183 -0.640915 -0.613141
    outer loop
      vertex 5.81849 81.5935 193.44
      vertex 5.61148 81.5802 193.298
      vertex 7.60656 83.1708 193.138
    endloop
  endfacet
  facet normal 0.0518245 -0.00553416 0.998641
    outer loop
      vertex 1.72528 125.44 200.495
      vertex 0.773472 123.242 200.533
      vertex 0.806269 122.385 200.526
    endloop
  endfacet
  facet normal 0.0517292 -0.00549278 0.998646
    outer loop
      vertex 1.72528 125.44 200.495
      vertex 0.773052 123.296 200.533
      vertex 0.773472 123.242 200.533
    endloop
  endfacet
  facet normal 0.0518418 -0.00554291 0.99864
    outer loop
      vertex 0.773052 123.296 200.533
      vertex 1.72528 125.44 200.495
      vertex 0.680817 125.373 200.549
    endloop
  endfacet
  facet normal 0.170582 -0.121215 0.977859
    outer loop
      vertex 8.79178 98.3127 198.649
      vertex 8.15471 95.0588 198.357
      vertex 9.93375 98.386 198.459
    endloop
  endfacet
  facet normal 0.16953 -0.0974781 0.980692
    outer loop
      vertex 9.31326 101.813 198.907
      vertex 8.79178 98.3127 198.649
      vertex 9.93375 98.386 198.459
    endloop
  endfacet
  facet normal 0.49738 -0.00898769 -0.867486
    outer loop
      vertex 19.7211 118.598 192.041
      vertex 19.0423 118.555 191.652
      vertex 19.0716 123.069 191.622
    endloop
  endfacet
  facet normal 0.498294 -0.0331738 -0.866373
    outer loop
      vertex 19.7211 118.598 192.041
      vertex 18.8325 114.205 191.698
      vertex 19.0423 118.555 191.652
    endloop
  endfacet
  facet normal 0.565046 0.0152387 -0.824919
    outer loop
      vertex 19.7591 123.113 192.016
      vertex 19.801 126.6 192.109
      vertex 20.3443 123.15 192.418
    endloop
  endfacet
  facet normal 0.565008 0.0152398 -0.824945
    outer loop
      vertex 19.801 126.6 192.109
      vertex 19.7591 123.113 192.016
      vertex 19.6524 126.59 192.007
    endloop
  endfacet
  facet normal 0.647277 -0.009867 -0.762191
    outer loop
      vertex 20.7735 118.666 192.84
      vertex 20.2989 118.635 192.438
      vertex 20.3443 123.15 192.418
    endloop
  endfacet
  facet normal 0.567412 -0.0660135 -0.820784
    outer loop
      vertex 20.0646 114.284 192.468
      vertex 19.0879 110.08 192.131
      vertex 19.4981 114.248 192.079
    endloop
  endfacet
  facet normal 0.498964 -0.0598204 -0.864555
    outer loop
      vertex 19.0879 110.08 192.131
      vertex 18.8325 114.205 191.698
      vertex 19.4981 114.248 192.079
    endloop
  endfacet
  facet normal 0.309497 0.00655346 -0.950878
    outer loop
      vertex 16.4248 122.899 190.504
      vertex 16.0324 126.358 190.4
      vertex 16.3031 126.375 190.488
    endloop
  endfacet
  facet normal 0.309475 0.00655075 -0.950885
    outer loop
      vertex 16.0324 126.358 190.4
      vertex 16.4248 122.899 190.504
      vertex 15.3593 122.83 190.156
    endloop
  endfacet
  facet normal 0.390758 -0.0287676 -0.920044
    outer loop
      vertex 18.0706 114.156 191.326
      vertex 17.2154 114.102 190.965
      vertex 18.2652 118.505 191.273
    endloop
  endfacet
  facet normal 0.49634 0.0130222 -0.86803
    outer loop
      vertex 19.7591 123.113 192.016
      vertex 19.4777 126.579 191.907
      vertex 19.6524 126.59 192.007
    endloop
  endfacet
  facet normal 0.496293 0.0130175 -0.868058
    outer loop
      vertex 19.4777 126.579 191.907
      vertex 19.7591 123.113 192.016
      vertex 19.0716 123.069 191.622
    endloop
  endfacet
  facet normal 0.647916 -0.040234 -0.760648
    outer loop
      vertex 20.53 114.314 192.863
      vertex 20.2989 118.635 192.438
      vertex 20.7735 118.666 192.84
    endloop
  endfacet
  facet normal 0.566159 -0.0093259 -0.824243
    outer loop
      vertex 20.2989 118.635 192.438
      vertex 19.7591 123.113 192.016
      vertex 20.3443 123.15 192.418
    endloop
  endfacet
  facet normal 0.991836 -0.0589845 -0.113055
    outer loop
      vertex 21.3484 114.367 194.471
      vertex 21.3022 114.364 194.068
      vertex 21.5612 118.716 194.069
    endloop
  endfacet
  facet normal 0.987734 -0.108574 -0.112221
    outer loop
      vertex 21.3484 114.367 194.471
      vertex 20.8883 110.195 194.458
      vertex 21.3022 114.364 194.068
    endloop
  endfacet
  facet normal 0.913205 -0.153934 0.377308
    outer loop
      vertex 20.6681 110.181 195.236
      vertex 20.1721 106.217 194.819
      vertex 20.8298 110.191 194.849
    endloop
  endfacet
  facet normal 0.980476 -0.162316 -0.110996
    outer loop
      vertex 20.8883 110.195 194.458
      vertex 20.1852 106.218 194.064
      vertex 20.8435 110.192 194.066
    endloop
  endfacet
  facet normal 0.921809 -0.0563265 0.38353
    outer loop
      vertex 21.3774 118.704 195.296
      vertex 21.2882 114.363 194.872
      vertex 21.5469 118.715 194.89
    endloop
  endfacet
  facet normal 0.98888 -0.0137914 0.148076
    outer loop
      vertex 21.6082 123.232 194.901
      vertex 21.5469 118.715 194.89
      vertex 21.6703 123.236 194.487
    endloop
  endfacet
  facet normal 0.988881 -0.0137918 0.148071
    outer loop
      vertex 21.6703 123.236 194.487
      vertex 21.5469 118.715 194.89
      vertex 21.6083 118.719 194.48
    endloop
  endfacet
  facet normal 0.9873 -0.059276 0.147397
    outer loop
      vertex 21.5469 118.715 194.89
      vertex 21.3484 114.367 194.471
      vertex 21.6083 118.719 194.48
    endloop
  endfacet
  facet normal 0.904343 -0.208991 0.372138
    outer loop
      vertex 20.0159 106.207 195.193
      vertex 19.1679 102.446 195.142
      vertex 20.1721 106.217 194.819
    endloop
  endfacet
  facet normal 0.948984 -0.282783 0.139508
    outer loop
      vertex 19.3173 102.455 194.784
      vertex 18.3215 98.9244 194.401
      vertex 19.3714 102.459 194.423
    endloop
  endfacet
  facet normal 0.931517 -0.102288 -0.349018
    outer loop
      vertex 21.3022 114.364 194.068
      vertex 20.6953 110.183 193.673
      vertex 21.15 114.354 193.664
    endloop
  endfacet
  facet normal 0.931519 -0.102289 -0.349011
    outer loop
      vertex 20.8435 110.192 194.066
      vertex 20.6953 110.183 193.673
      vertex 21.3022 114.364 194.068
    endloop
  endfacet
  facet normal 0.157296 -0.0112392 -0.987488
    outer loop
      vertex 7.47157 117.812 188.505
      vertex 7.35327 122.317 188.435
      vertex 8.85394 122.413 188.673
    endloop
  endfacet
  facet normal 0.1384 -0.0117794 -0.990306
    outer loop
      vertex 7.47157 117.812 188.505
      vertex 5.79929 122.217 188.219
      vertex 7.35327 122.317 188.435
    endloop
  endfacet
  facet normal 0.204544 -0.119042 -0.971592
    outer loop
      vertex 10.0802 98.3954 190.052
      vertex 8.2988 95.0681 190.085
      vertex 8.94553 98.3226 189.822
    endloop
  endfacet
  facet normal 0.203591 -0.09529 -0.974408
    outer loop
      vertex 10.0802 98.3954 190.052
      vertex 8.94553 98.3226 189.822
      vertex 9.47554 101.823 189.591
    endloop
  endfacet
  facet normal 0.139135 -0.0240049 -0.989982
    outer loop
      vertex 7.48803 113.477 188.612
      vertex 5.98363 113.381 188.403
      vertex 7.47157 117.812 188.505
    endloop
  endfacet
  facet normal 0.158057 -0.0238626 -0.987142
    outer loop
      vertex 7.48803 113.477 188.612
      vertex 7.47157 117.812 188.505
      vertex 8.94083 113.57 188.843
    endloop
  endfacet
  facet normal 0.18086 -0.0722242 -0.980853
    outer loop
      vertex 9.88538 105.557 189.392
      vertex 8.22151 101.743 189.366
      vertex 8.57466 105.472 189.156
    endloop
  endfacet
  facet normal 0.16063 -0.0705131 -0.984493
    outer loop
      vertex 8.22151 101.743 189.366
      vertex 7.2101 105.385 188.94
      vertex 8.57466 105.472 189.156
    endloop
  endfacet
  facet normal 0.0887257 -0.0376348 -0.995345
    outer loop
      vertex 1.41093 109.236 188.074
      vertex 2.88194 109.039 188.212
      vertex 1.41736 108.945 188.085
    endloop
  endfacet
  facet normal 0.0887207 -0.0376718 -0.995344
    outer loop
      vertex 2.88194 109.039 188.212
      vertex 1.41093 109.236 188.074
      vertex 2.84399 113.179 188.052
    endloop
  endfacet
  facet normal 0.102887 -0.00243544 -0.99469
    outer loop
      vertex 4.19816 122.114 188.026
      vertex 2.7896 125.508 187.872
      vertex 4.02177 125.587 187.999
    endloop
  endfacet
  facet normal 0.166035 -0.202818 -0.965037
    outer loop
      vertex 4.86579 86.8526 190.89
      vertex 4.75629 89.2256 190.372
      vertex 5.73449 89.2883 190.528
    endloop
  endfacet
  facet normal 0.128327 -0.159399 -0.978838
    outer loop
      vertex 3.74335 89.1605 190.232
      vertex 3.18121 91.793 189.729
      vertex 4.32578 91.8665 189.867
    endloop
  endfacet
  facet normal 0.181816 -0.0922979 -0.978991
    outer loop
      vertex 8.94553 98.3226 189.822
      vertex 7.75738 98.2464 189.609
      vertex 8.22151 101.743 189.366
    endloop
  endfacet
  facet normal 0.182812 -0.115111 -0.976386
    outer loop
      vertex 8.2988 95.0681 190.085
      vertex 7.75738 98.2464 189.609
      vertex 8.94553 98.3226 189.822
    endloop
  endfacet
  facet normal 0.112925 -0.189926 -0.975282
    outer loop
      vertex 2.69967 89.0936 190.106
      vertex 1.18913 86.6167 190.413
      vertex 1.62936 89.0249 189.995
    endloop
  endfacet
  facet normal 0.163713 -0.137266 -0.976912
    outer loop
      vertex 7.18534 94.9966 189.885
      vertex 5.43664 91.9378 190.022
      vertex 6.02613 94.9222 189.701
    endloop
  endfacet
  facet normal 0.0938044 -0.127689 -0.987368
    outer loop
      vertex 2.32061 94.6844 189.254
      vertex 1.08394 93.5261 189.286
      vertex 1.14731 94.6091 189.152
    endloop
  endfacet
  facet normal 0.0937942 -0.127678 -0.987371
    outer loop
      vertex 2.32061 94.6844 189.254
      vertex 1.05616 93.2915 189.314
      vertex 1.08394 93.5261 189.286
    endloop
  endfacet
  facet normal 0.0938016 -0.127684 -0.987369
    outer loop
      vertex 1.05616 93.2915 189.314
      vertex 2.32061 94.6844 189.254
      vertex 0.93576 91.8958 189.483
    endloop
  endfacet
  facet normal 0.12587 -0.107263 -0.986231
    outer loop
      vertex 5.23954 98.0847 189.235
      vertex 3.58896 94.7658 189.385
      vertex 3.91978 98 189.076
    endloop
  endfacet
  facet normal 0.511584 -0.391214 0.765006
    outer loop
      vertex 13.1779 89.7661 195.635
      vertex 11.1827 87.2581 195.686
      vertex 11.5323 87.2805 195.464
    endloop
  endfacet
  facet normal 0.646645 -0.471221 0.599834
    outer loop
      vertex 13.7534 89.803 195.12
      vertex 11.821 87.2991 195.236
      vertex 12.0478 87.3136 195.003
    endloop
  endfacet
  facet normal 0.860971 -0.493238 0.124282
    outer loop
      vertex 15.6268 92.5918 194.644
      vertex 14.0887 89.8246 194.317
      vertex 15.6712 92.5947 194.348
    endloop
  endfacet
  facet normal 0.860969 -0.493238 0.12429
    outer loop
      vertex 15.6268 92.5918 194.644
      vertex 14.0482 89.822 194.587
      vertex 14.0887 89.8246 194.317
    endloop
  endfacet
  facet normal 0.576661 -0.429492 0.694981
    outer loop
      vertex 13.1779 89.7661 195.635
      vertex 11.5323 87.2805 195.464
      vertex 11.821 87.2991 195.236
    endloop
  endfacet
  facet normal 0.615628 -0.549623 0.564727
    outer loop
      vertex 11.821 87.2991 195.236
      vertex 9.99896 85.1002 195.082
      vertex 10.1975 85.1129 194.878
    endloop
  endfacet
  facet normal 0.19792 -0.684721 0.701416
    outer loop
      vertex 1.63315 80.1813 195.391
      vertex 0.260027 79.2731 194.892
      vertex 1.96785 80.2028 195.318
    endloop
  endfacet
  facet normal 0.234829 -0.565742 0.790438
    outer loop
      vertex 3.59231 81.4506 195.728
      vertex 1.96785 80.2028 195.318
      vertex 2.28105 80.2229 195.239
    endloop
  endfacet
  facet normal 0.0820603 -0.778679 0.622033
    outer loop
      vertex -2.18552 79.1162 195.192
      vertex -2.61081 78.5955 194.597
      vertex -1.87872 79.1358 195.177
    endloop
  endfacet
  facet normal 0.232707 -0.726227 0.64687
    outer loop
      vertex 2.28105 80.2229 195.239
      vertex 0.472044 79.2867 194.839
      vertex 2.57151 80.2416 195.155
    endloop
  endfacet
  facet normal 0.185548 -0.87341 0.450253
    outer loop
      vertex 0.472044 79.2867 194.839
      vertex -1.31874 78.6785 194.397
      vertex 0.668667 79.2993 194.782
    endloop
  endfacet
  facet normal 0.308385 -0.645631 0.698612
    outer loop
      vertex 4.73368 81.5239 195.4
      vertex 2.83808 80.2587 195.067
      vertex 3.07972 80.2742 194.975
    endloop
  endfacet
  facet normal 0.270946 -0.478883 0.83502
    outer loop
      vertex 6.09943 83.0741 195.861
      vertex 4.00309 81.477 195.625
      vertex 4.38405 81.5015 195.515
    endloop
  endfacet
  facet normal 0.244204 -0.456 0.85582
    outer loop
      vertex 5.63166 83.0441 195.995
      vertex 3.59231 81.4506 195.728
      vertex 4.00309 81.477 195.625
    endloop
  endfacet
  facet normal 0.135439 -0.3053 0.942575
    outer loop
      vertex 3.03865 84.6534 197.084
      vertex 2.13031 82.8194 196.621
      vertex 3.80952 84.7029 196.99
    endloop
  endfacet
  facet normal 0.0894599 -0.453661 0.886673
    outer loop
      vertex 0.0310936 81.2221 196.24
      vertex -1.19159 80 195.738
      vertex -0.747409 80.0285 195.708
    endloop
  endfacet
  facet normal 0.0470506 -0.187749 0.981089
    outer loop
      vertex -0.222855 87.7886 198.065
      vertex 0.0800983 86.5455 197.813
      vertex 0.391091 88.9454 198.257
    endloop
  endfacet
  facet normal 0.0470337 -0.187753 0.981089
    outer loop
      vertex 0.0800983 86.5455 197.813
      vertex -0.222855 87.7886 198.065
      vertex -0.443704 86.5119 197.832
    endloop
  endfacet
  facet normal 0.119128 -0.370214 0.921276
    outer loop
      vertex 2.13031 82.8194 196.621
      vertex 0.599515 81.2586 196.192
      vertex 1.15155 81.294 196.134
    endloop
  endfacet
  facet normal 0.0520743 -0.278831 0.958927
    outer loop
      vertex -0.930953 84.1324 197.284
      vertex -0.281248 84.4403 197.339
      vertex -0.875068 84.4022 197.36
    endloop
  endfacet
  facet normal 0.0520128 -0.278709 0.958966
    outer loop
      vertex -0.945194 84.0831 197.271
      vertex -0.281248 84.4403 197.339
      vertex -0.930953 84.1324 197.284
    endloop
  endfacet
  facet normal 0.0520615 -0.278794 0.958939
    outer loop
      vertex -1.00879 83.8373 197.203
      vertex -0.281248 84.4403 197.339
      vertex -0.945194 84.0831 197.271
    endloop
  endfacet
  facet normal 0.0520918 -0.278828 0.958927
    outer loop
      vertex -0.281248 84.4403 197.339
      vertex -1.00879 83.8373 197.203
      vertex -0.690663 82.6383 196.837
    endloop
  endfacet
  facet normal 0.222881 -0.289569 0.930846
    outer loop
      vertex 7.8999 87.0474 196.852
      vertex 5.93131 84.8391 196.636
      vertex 6.56566 84.8798 196.497
    endloop
  endfacet
  facet normal 0.175391 -0.403562 0.897984
    outer loop
      vertex 4.01674 82.9404 196.35
      vertex 2.19779 81.3611 195.995
      vertex 2.68788 81.3926 195.914
    endloop
  endfacet
  facet normal 0.299932 -0.504876 0.809408
    outer loop
      vertex 6.09943 83.0741 195.861
      vertex 4.38405 81.5015 195.515
      vertex 6.52873 83.1017 195.719
    endloop
  endfacet
  facet normal 0.277495 -0.391452 0.877361
    outer loop
      vertex 7.70975 84.9532 196.19
      vertex 5.63166 83.0441 195.995
      vertex 6.09943 83.0741 195.861
    endloop
  endfacet
  facet normal 0.173057 -0.50841 0.843546
    outer loop
      vertex 2.19779 81.3611 195.995
      vertex 1.27826 80.1585 195.459
      vertex 2.68788 81.3926 195.914
    endloop
  endfacet
  facet normal 0.181262 -0.66644 0.723189
    outer loop
      vertex 1.27826 80.1585 195.459
      vertex -0.206781 79.2432 194.988
      vertex 1.63315 80.1813 195.391
    endloop
  endfacet
  facet normal 0.102267 -0.362405 0.926393
    outer loop
      vertex 1.45249 82.7758 196.691
      vertex 0.0310936 81.2221 196.24
      vertex 0.599515 81.2586 196.192
    endloop
  endfacet
  facet normal 0.165219 -0.649982 0.741773
    outer loop
      vertex 0.904595 80.1346 195.521
      vertex -0.45973 79.2269 195.03
      vertex 1.27826 80.1585 195.459
    endloop
  endfacet
  facet normal 0.0622835 -0.771808 0.632798
    outer loop
      vertex -2.92453 78.5754 194.61
      vertex -2.81363 79.074 195.208
      vertex -3.08449 78.5651 194.614
    endloop
  endfacet
  facet normal 0.0564133 -0.771545 0.633668
    outer loop
      vertex -2.81363 79.074 195.208
      vertex -2.92453 78.5754 194.61
      vertex -2.81289 79.0746 195.208
    endloop
  endfacet
  facet normal 0.126614 -0.990306 -0.0571134
    outer loop
      vertex -0.864053 78.7076 193.929
      vertex -3.38628 78.3811 194
      vertex -0.898705 78.7054 193.891
    endloop
  endfacet
  facet normal 0.103726 -0.976895 0.186863
    outer loop
      vertex -1.64093 78.6578 194.478
      vertex -3.38628 78.3811 194
      vertex -1.52601 78.6651 194.452
    endloop
  endfacet
  facet normal 0.0706859 -0.351082 0.933673
    outer loop
      vertex -0.690663 82.6383 196.837
      vertex -1.1459 81.1465 196.31
      vertex -0.551477 81.1847 196.28
    endloop
  endfacet
  facet normal 0.0674319 -0.281799 0.957101
    outer loop
      vertex 0.577713 84.4955 197.294
      vertex -0.690663 82.6383 196.837
      vertex 0.0392109 82.6851 196.799
    endloop
  endfacet
  facet normal 0.136821 -0.379555 0.914996
    outer loop
      vertex 2.13031 82.8194 196.621
      vertex 1.68501 81.3282 196.069
      vertex 2.78534 82.8614 196.54
    endloop
  endfacet
  facet normal 0.135444 -0.305303 0.942574
    outer loop
      vertex 3.80952 84.7029 196.99
      vertex 2.13031 82.8194 196.621
      vertex 2.78534 82.8614 196.54
    endloop
  endfacet
  facet normal 0.789671 -0.367915 -0.490978
    outer loop
      vertex 15.5248 92.5853 193.752
      vertex 15.3344 92.573 193.455
      vertex 16.9271 95.6219 193.732
    endloop
  endfacet
  facet normal 0.789664 -0.36791 -0.490991
    outer loop
      vertex 16.9271 95.6219 193.732
      vertex 15.3344 92.573 193.455
      vertex 16.7214 95.6087 193.411
    endloop
  endfacet
  facet normal 0.68976 -0.591369 -0.417748
    outer loop
      vertex 10.3557 85.123 193.823
      vertex 10.2196 85.1143 193.61
      vertex 12.2284 87.3252 193.798
    endloop
  endfacet
  facet normal 0.732564 -0.512092 -0.448454
    outer loop
      vertex 12.2284 87.3252 193.798
      vertex 12.073 87.3152 193.555
      vertex 13.7816 89.8048 193.503
    endloop
  endfacet
  facet normal 0.628467 -0.298832 -0.718142
    outer loop
      vertex 16.4324 95.5901 193.093
      vertex 15.0669 92.5559 193.16
      vertex 16.0611 95.5663 192.778
    endloop
  endfacet
  facet normal 0.561522 -0.219264 -0.797882
    outer loop
      vertex 16.0611 95.5663 192.778
      vertex 15.6091 95.5373 192.468
      vertex 17.2285 98.8542 192.696
    endloop
  endfacet
  facet normal 0.641758 -0.195027 -0.741695
    outer loop
      vertex 18.6359 102.411 192.978
      vertex 17.2285 98.8542 192.696
      vertex 18.2178 102.385 192.623
    endloop
  endfacet
  facet normal 0.641761 -0.195028 -0.741692
    outer loop
      vertex 17.6247 98.8797 193.032
      vertex 17.2285 98.8542 192.696
      vertex 18.6359 102.411 192.978
    endloop
  endfacet
  facet normal 0.734812 -0.169101 -0.656853
    outer loop
      vertex 18.9615 102.432 193.337
      vertex 18.6359 102.411 192.978
      vertex 19.4599 106.171 192.932
    endloop
  endfacet
  facet normal 0.953279 -0.282508 -0.106998
    outer loop
      vertex 18.3215 98.9244 194.401
      vertex 18.2822 98.9219 194.058
      vertex 19.3299 102.456 194.061
    endloop
  endfacet
  facet normal 0.187356 -0.312509 -0.931255
    outer loop
      vertex 4.64587 84.7566 191.409
      vertex 2.86989 82.8668 191.686
      vertex 3.90903 84.7093 191.277
    endloop
  endfacet
  facet normal 0.227472 -0.41667 -0.880138
    outer loop
      vertex 4.66126 82.9818 192.049
      vertex 3.21279 81.4263 192.411
      vertex 4.0939 82.9454 191.92
    endloop
  endfacet
  facet normal 0.207839 -0.323533 -0.923109
    outer loop
      vertex 4.0939 82.9454 191.92
      vertex 3.496 82.907 191.799
      vertex 4.64587 84.7566 191.409
    endloop
  endfacet
  facet normal 0.202361 -0.506539 -0.838134
    outer loop
      vertex 1.32618 80.1616 192.708
      vertex 0.954904 80.1378 192.633
      vertex 2.26378 81.3654 192.207
    endloop
  endfacet
  facet normal 0.207237 -0.216747 -0.953978
    outer loop
      vertex 7.57138 89.4062 190.878
      vertex 6.51096 86.9582 191.204
      vertex 6.67409 89.3487 190.696
    endloop
  endfacet
  facet normal 0.23035 -0.225772 -0.946555
    outer loop
      vertex 7.27354 87.0072 191.378
      vertex 6.51096 86.9582 191.204
      vertex 7.57138 89.4062 190.878
    endloop
  endfacet
  facet normal 0.147387 -0.197573 -0.969145
    outer loop
      vertex 3.98968 86.7964 190.751
      vertex 3.08247 86.7382 190.625
      vertex 3.74335 89.1605 190.232
    endloop
  endfacet
  facet normal 0.148758 -0.240508 -0.95918
    outer loop
      vertex 3.98968 86.7964 190.751
      vertex 2.34759 84.6091 191.045
      vertex 3.08247 86.7382 190.625
    endloop
  endfacet
  facet normal 0.166034 -0.202818 -0.965038
    outer loop
      vertex 4.86579 86.8526 190.89
      vertex 3.98968 86.7964 190.751
      vertex 4.75629 89.2256 190.372
    endloop
  endfacet
  facet normal 0.147387 -0.197573 -0.969145
    outer loop
      vertex 3.98968 86.7964 190.751
      vertex 3.74335 89.1605 190.232
      vertex 4.75629 89.2256 190.372
    endloop
  endfacet
  facet normal 0.836341 -0.138953 -0.530307
    outer loop
      vertex 20.0422 106.208 193.685
      vertex 19.8001 106.193 193.307
      vertex 20.4445 110.167 193.282
    endloop
  endfacet
  facet normal 0.738471 -0.123914 -0.662801
    outer loop
      vertex 19.8001 106.193 193.307
      vertex 19.4599 106.171 192.932
      vertex 20.4445 110.167 193.282
    endloop
  endfacet
  facet normal 0.43638 -0.270936 -0.858001
    outer loop
      vertex 13.8135 92.4754 192.3
      vertex 12.3948 89.7158 192.45
      vertex 13.251 92.4393 192.026
    endloop
  endfacet
  facet normal 0.488943 -0.295929 -0.820586
    outer loop
      vertex 14.305 92.507 192.582
      vertex 12.3948 89.7158 192.45
      vertex 13.8135 92.4754 192.3
    endloop
  endfacet
  facet normal 0.616945 -0.359738 -0.699977
    outer loop
      vertex 13.5377 89.7892 193.234
      vertex 13.2244 89.7691 192.969
      vertex 15.0669 92.5559 193.16
    endloop
  endfacet
  facet normal 0.600518 -0.42795 -0.675453
    outer loop
      vertex 13.5377 89.7892 193.234
      vertex 11.8545 87.3012 193.314
      vertex 13.2244 89.7691 192.969
    endloop
  endfacet
  facet normal 0.73256 -0.512091 -0.448462
    outer loop
      vertex 13.9551 89.816 193.774
      vertex 12.2284 87.3252 193.798
      vertex 13.7816 89.8048 193.503
    endloop
  endfacet
  facet normal 0.667175 -0.469913 -0.577979
    outer loop
      vertex 12.073 87.3152 193.555
      vertex 11.8545 87.3012 193.314
      vertex 13.7816 89.8048 193.503
    endloop
  endfacet
  facet normal 0.206414 -0.178386 -0.962066
    outer loop
      vertex 7.57138 89.4062 190.878
      vertex 6.67409 89.3487 190.696
      vertex 8.52388 92.1359 190.576
    endloop
  endfacet
  facet normal 0.206428 -0.178395 -0.962062
    outer loop
      vertex 8.52388 92.1359 190.576
      vertex 6.67409 89.3487 190.696
      vertex 7.53984 92.0728 190.377
    endloop
  endfacet
  facet normal 0.349934 -0.0700735 -0.93415
    outer loop
      vertex 16.3466 105.971 191.149
      vertex 15.4588 105.914 190.821
      vertex 16.8666 109.937 191.046
    endloop
  endfacet
  facet normal 0.282142 -0.108734 -0.953191
    outer loop
      vertex 13.1195 98.5905 190.832
      vertex 12.1713 98.5297 190.558
      vertex 13.881 102.106 190.656
    endloop
  endfacet
  facet normal 0.315227 -0.178353 -0.932106
    outer loop
      vertex 13.0335 95.372 191.299
      vertex 11.9214 92.354 191.501
      vertex 12.2104 95.3191 191.031
    endloop
  endfacet
  facet normal 0.351361 -0.154541 -0.923398
    outer loop
      vertex 14.8026 98.6985 191.416
      vertex 13.7877 95.4204 191.578
      vertex 13.9978 98.6469 191.118
    endloop
  endfacet
  facet normal 0.392196 -0.20523 -0.896695
    outer loop
      vertex 14.4701 95.4642 191.867
      vertex 12.6194 92.3988 191.759
      vertex 13.7877 95.4204 191.578
    endloop
  endfacet
  facet normal 0.392951 -0.166473 -0.904365
    outer loop
      vertex 14.4701 95.4642 191.867
      vertex 13.7877 95.4204 191.578
      vertex 14.8026 98.6985 191.416
    endloop
  endfacet
  facet normal 0.390559 -0.249943 -0.885998
    outer loop
      vertex 13.251 92.4393 192.026
      vertex 11.3059 89.6459 191.956
      vertex 12.6194 92.3988 191.759
    endloop
  endfacet
  facet normal 0.39056 -0.249944 -0.885997
    outer loop
      vertex 11.8818 89.6829 192.2
      vertex 11.3059 89.6459 191.956
      vertex 13.251 92.4393 192.026
    endloop
  endfacet
  facet normal 0.738468 -0.123913 -0.662805
    outer loop
      vertex 20.4445 110.167 193.282
      vertex 19.4599 106.171 192.932
      vertex 20.092 110.144 192.894
    endloop
  endfacet
  facet normal 0.647103 -0.110263 -0.754387
    outer loop
      vertex 20.092 110.144 192.894
      vertex 19.4599 106.171 192.932
      vertex 19.6392 110.115 192.509
    endloop
  endfacet
  facet normal 0.441841 -0.110993 -0.890201
    outer loop
      vertex 17.1106 102.313 191.932
      vertex 16.4259 102.27 191.597
      vertex 17.1499 106.023 191.489
    endloop
  endfacet
  facet normal 0.441848 -0.110993 -0.890197
    outer loop
      vertex 17.8656 106.069 191.838
      vertex 17.1106 102.313 191.932
      vertex 17.1499 106.023 191.489
    endloop
  endfacet
  facet normal 0.465774 0.011057 0.884834
    outer loop
      vertex 19.3891 126.573 196.996
      vertex 18.8632 126.54 197.273
      vertex 18.9735 123.062 197.258
    endloop
  endfacet
  facet normal 0.466869 -0.0109461 0.884259
    outer loop
      vertex 19.6742 123.107 196.889
      vertex 18.9735 123.062 197.258
      vertex 19.6373 118.593 196.852
    endloop
  endfacet
  facet normal 0.142366 -0.00104568 0.989814
    outer loop
      vertex 9.59066 125.944 199.718
      vertex 8.50285 125.875 199.875
      vertex 8.65927 122.4 199.849
    endloop
  endfacet
  facet normal 0.0541501 -0.0399751 0.997732
    outer loop
      vertex 1.11508 110.144 200.2
      vertex 2.6317 113.166 200.239
      vertex 1.11679 110.204 200.203
    endloop
  endfacet
  facet normal 0.0539949 -0.0398959 0.997744
    outer loop
      vertex 1.11679 110.204 200.203
      vertex 2.6317 113.166 200.239
      vertex 1.07772 113.066 200.319
    endloop
  endfacet
  facet normal 0.0540045 -0.0399022 0.997743
    outer loop
      vertex 2.6317 113.166 200.239
      vertex 1.11508 110.144 200.2
      vertex 1.11689 108.992 200.154
    endloop
  endfacet
  facet normal 0.190554 -0.0422082 0.980769
    outer loop
      vertex 12.7708 113.816 198.993
      vertex 11.497 113.735 199.237
      vertex 12.5416 109.659 198.859
    endloop
  endfacet
  facet normal 0.192423 -0.0792312 0.978108
    outer loop
      vertex 12.172 105.703 198.69
      vertex 10.9755 105.627 198.919
      vertex 11.6633 101.964 198.487
    endloop
  endfacet
  facet normal 0.190557 -0.0422075 0.980768
    outer loop
      vertex 11.497 113.735 199.237
      vertex 11.3021 109.58 199.096
      vertex 12.5416 109.659 198.859
    endloop
  endfacet
  facet normal 0.246065 -0.0451011 0.968203
    outer loop
      vertex 13.9722 113.893 198.729
      vertex 13.7107 109.734 198.602
      vertex 15.0964 113.966 198.447
    endloop
  endfacet
  facet normal 0.215081 -0.0117101 0.976526
    outer loop
      vertex 14.0511 122.746 198.885
      vertex 12.8101 122.667 199.158
      vertex 14.085 118.236 198.824
    endloop
  endfacet
  facet normal 0.360794 -0.10429 0.926796
    outer loop
      vertex 16.2343 105.964 197.598
      vertex 15.5498 102.213 197.443
      vertex 16.3293 102.263 197.145
    endloop
  endfacet
  facet normal 0.360163 -0.0772436 0.929686
    outer loop
      vertex 16.7502 109.929 197.728
      vertex 16.2343 105.964 197.598
      vertex 17.5942 109.984 197.405
    endloop
  endfacet
  facet normal 0.358457 -0.0308353 0.933037
    outer loop
      vertex 17.2709 118.441 197.907
      vertex 17.0958 114.094 197.831
      vertex 18.1555 118.498 197.569
    endloop
  endfacet
  facet normal 0.357493 -0.0108478 0.933853
    outer loop
      vertex 18.1735 123.011 197.615
      vertex 17.2776 122.954 197.957
      vertex 18.1555 118.498 197.569
    endloop
  endfacet
  facet normal 0.356501 0.00732608 0.934266
    outer loop
      vertex 18.0597 126.488 197.631
      vertex 17.3874 126.445 197.888
      vertex 18.1735 123.011 197.615
    endloop
  endfacet
  facet normal 0.358458 -0.0308356 0.933036
    outer loop
      vertex 18.1555 118.498 197.569
      vertex 17.0958 114.094 197.831
      vertex 17.9631 114.15 197.499
    endloop
  endfacet
  facet normal 0.468979 -0.0911443 0.878494
    outer loop
      vertex 18.3478 110.032 197.069
      vertex 17.7763 106.063 196.963
      vertex 18.4135 106.104 196.627
    endloop
  endfacet
  facet normal 0.740865 -0.0106384 -0.67157
    outer loop
      vertex 21.143 118.689 193.247
      vertex 20.7735 118.666 192.84
      vertex 21.1992 123.205 193.238
    endloop
  endfacet
  facet normal 0.740858 -0.0106371 -0.671578
    outer loop
      vertex 21.1992 123.205 193.238
      vertex 20.7735 118.666 192.84
      vertex 20.825 123.181 192.825
    endloop
  endfacet
  facet normal 0.841232 0.0237312 -0.540154
    outer loop
      vertex 21.1992 123.205 193.238
      vertex 21.0989 126.683 193.234
      vertex 21.2987 126.696 193.546
    endloop
  endfacet
  facet normal 0.841792 -0.0503335 -0.537451
    outer loop
      vertex 21.15 114.354 193.664
      vertex 20.8922 114.338 193.262
      vertex 21.4059 118.706 193.658
    endloop
  endfacet
  facet normal 0.841788 -0.0503325 -0.537457
    outer loop
      vertex 21.4059 118.706 193.658
      vertex 20.8922 114.338 193.262
      vertex 21.143 118.689 193.247
    endloop
  endfacet
  facet normal 0.935638 -0.0126651 -0.352734
    outer loop
      vertex 21.5612 118.716 194.069
      vertex 21.4059 118.706 193.658
      vertex 21.6227 123.232 194.07
    endloop
  endfacet
  facet normal 0.406637 0.00906095 0.913545
    outer loop
      vertex 18.2629 126.501 197.54
      vertex 18.1735 123.011 197.615
      vertex 18.9735 123.062 197.258
    endloop
  endfacet
  facet normal 0.406594 0.00906247 0.913564
    outer loop
      vertex 18.1735 123.011 197.615
      vertex 18.2629 126.501 197.54
      vertex 18.0597 126.488 197.631
    endloop
  endfacet
  facet normal 0.53596 0.0133701 0.844137
    outer loop
      vertex 20.1686 126.623 196.519
      vertex 19.7192 126.595 196.805
      vertex 20.2731 123.146 196.508
    endloop
  endfacet
  facet normal 0.198494 0.00211809 -0.9801
    outer loop
      vertex 11.672 122.594 189.211
      vertex 10.496 126.003 188.98
      vertex 11.529 126.069 189.189
    endloop
  endfacet
  facet normal 0.350674 -0.869638 -0.347503
    outer loop
      vertex 1.49679 79.3525 193.786
      vertex 1.40903 79.3469 193.711
      vertex 3.79484 80.3201 193.683
    endloop
  endfacet
  facet normal 0.201145 -0.872398 -0.445491
    outer loop
      vertex -1.30619 78.6793 193.676
      vertex -1.40486 78.6729 193.644
      vertex 0.498877 79.2885 193.298
    endloop
  endfacet
  facet normal 0.238514 -0.70316 -0.669834
    outer loop
      vertex 2.32069 80.2255 192.963
      vertex 0.288844 79.275 193.238
      vertex 2.01042 80.2055 192.874
    endloop
  endfacet
  facet normal 0.262255 -0.563999 -0.783024
    outer loop
      vertex 2.32069 80.2255 192.963
      vertex 2.01042 80.2055 192.874
      vertex 3.64814 81.4542 192.523
    endloop
  endfacet
  facet normal 0.151034 -0.468314 -0.870557
    outer loop
      vertex 0.161377 80.0869 192.499
      vertex -0.257746 80.06 192.441
      vertex 0.673313 81.2633 191.955
    endloop
  endfacet
  facet normal 0.147382 -0.609188 -0.77921
    outer loop
      vertex 0.161377 80.0869 192.499
      vertex -1.24656 79.1764 192.945
      vertex -0.257746 80.06 192.441
    endloop
  endfacet
  facet normal 0.360746 -0.207257 0.909344
    outer loop
      vertex 13.6922 95.4142 197.057
      vertex 12.5311 92.3931 196.829
      vertex 14.3843 95.4587 196.792
    endloop
  endfacet
  facet normal 0.406242 -0.272869 0.872072
    outer loop
      vertex 13.1715 92.4342 196.584
      vertex 11.8094 89.6783 196.356
      vertex 12.3308 89.7117 196.124
    endloop
  endfacet
  facet normal 0.395086 -0.394745 0.829508
    outer loop
      vertex 10.3066 87.2019 196.11
      vertex 8.67294 85.015 195.848
      vertex 10.7736 87.2318 195.902
    endloop
  endfacet
  facet normal 0.402023 -0.328822 0.854549
    outer loop
      vertex 11.8094 89.6783 196.356
      vertex 10.7736 87.2318 195.902
      vertex 12.3308 89.7117 196.124
    endloop
  endfacet
  facet normal 0.249598 -0.138527 0.95839
    outer loop
      vertex 12.0412 98.5213 198.027
      vertex 11.1999 95.2543 197.774
      vertex 12.9984 98.5827 197.786
    endloop
  endfacet
  facet normal 0.361189 -0.134483 0.922744
    outer loop
      vertex 16.3293 102.263 197.145
      vertex 14.7007 98.692 197.262
      vertex 15.4392 98.7394 196.98
    endloop
  endfacet
  facet normal 0.152369 -0.211316 0.965468
    outer loop
      vertex 5.60759 89.2802 197.812
      vertex 4.75214 86.8453 197.414
      vertex 6.5525 89.3409 197.677
    endloop
  endfacet
  facet normal 0.195417 -0.154536 0.968468
    outer loop
      vertex 9.2249 95.1275 198.179
      vertex 8.39688 92.1278 197.867
      vertex 9.33748 92.1881 197.687
    endloop
  endfacet
  facet normal 0.280728 -0.322087 0.90413
    outer loop
      vertex 8.57784 87.0909 196.682
      vertex 7.15925 84.9179 196.348
      vertex 7.70975 84.9532 196.19
    endloop
  endfacet
  facet normal 0.318624 -0.234363 0.918451
    outer loop
      vertex 12.5311 92.3931 196.829
      vertex 10.5811 89.5994 196.792
      vertex 11.2254 89.6408 196.579
    endloop
  endfacet
  facet normal 0.317965 -0.0971517 0.943112
    outer loop
      vertex 16.2343 105.964 197.598
      vertex 15.3356 105.906 197.895
      vertex 15.5498 102.213 197.443
    endloop
  endfacet
  facet normal 0.282135 -0.146747 0.948085
    outer loop
      vertex 12.9984 98.5827 197.786
      vertex 12.0969 95.3118 197.548
      vertex 13.8861 98.6397 197.531
    endloop
  endfacet
  facet normal 0.316318 -0.0497009 0.94735
    outer loop
      vertex 16.1389 114.032 198.147
      vertex 15.8191 109.87 198.035
      vertex 16.7502 109.929 197.728
    endloop
  endfacet
  facet normal 0.316322 -0.0497002 0.947349
    outer loop
      vertex 17.0958 114.094 197.831
      vertex 16.1389 114.032 198.147
      vertex 16.7502 109.929 197.728
    endloop
  endfacet
  facet normal 0.537824 -0.136633 0.831912
    outer loop
      vertex 18.958 106.139 196.28
      vertex 17.6348 102.347 196.513
      vertex 18.1558 102.381 196.182
    endloop
  endfacet
  facet normal 0.537976 -0.0381743 0.842095
    outer loop
      vertex 20.2286 118.631 196.476
      vertex 19.4159 114.243 196.797
      vertex 19.9957 114.28 196.428
    endloop
  endfacet
  facet normal 0.537965 -0.0381717 0.842103
    outer loop
      vertex 19.6373 118.593 196.852
      vertex 19.4159 114.243 196.797
      vertex 20.2286 118.631 196.476
    endloop
  endfacet
  facet normal 0.409529 -0.0568494 0.910524
    outer loop
      vertex 17.9631 114.15 197.499
      vertex 17.5942 109.984 197.405
      vertex 18.7375 114.199 197.154
    endloop
  endfacet
  facet normal 0.410191 -0.0834766 0.908171
    outer loop
      vertex 17.5942 109.984 197.405
      vertex 17.0489 106.016 197.287
      vertex 17.7763 106.063 196.963
    endloop
  endfacet
  facet normal 0.360159 -0.077242 0.929688
    outer loop
      vertex 17.5942 109.984 197.405
      vertex 16.2343 105.964 197.598
      vertex 17.0489 106.016 197.287
    endloop
  endfacet
  facet normal 0.610558 -0.245864 0.752841
    outer loop
      vertex 17.1698 98.8505 196.067
      vertex 16.0061 95.5628 195.937
      vertex 16.3881 95.5873 195.635
    endloop
  endfacet
  facet normal 0.603075 -0.300459 0.738935
    outer loop
      vertex 16.0061 95.5628 195.937
      vertex 15.0259 92.5532 195.513
      vertex 16.3881 95.5873 195.635
    endloop
  endfacet
  facet normal 0.705955 -0.220067 0.6732
    outer loop
      vertex 18.586 102.408 195.842
      vertex 17.8975 98.8972 195.416
      vertex 18.9239 102.43 195.495
    endloop
  endfacet
  facet normal 0.748267 -0.438504 0.497806
    outer loop
      vertex 15.3035 92.5711 195.228
      vertex 13.7534 89.803 195.12
      vertex 15.5041 92.5839 194.938
    endloop
  endfacet
  facet normal 0.408724 -0.224784 0.884543
    outer loop
      vertex 14.3843 95.4587 196.792
      vertex 13.1715 92.4342 196.584
      vertex 13.7434 92.4709 196.329
    endloop
  endfacet
  facet normal 0.466931 -0.200197 0.861334
    outer loop
      vertex 16.0986 98.7817 196.686
      vertex 15.0022 95.4983 196.517
      vertex 15.5435 95.5331 196.231
    endloop
  endfacet
  facet normal 0.468971 -0.123648 0.874516
    outer loop
      vertex 18.4135 106.104 196.627
      vertex 17.0252 102.308 196.835
      vertex 17.6348 102.347 196.513
    endloop
  endfacet
  facet normal 0.53624 -0.176578 0.825389
    outer loop
      vertex 17.6348 102.347 196.513
      vertex 17.1698 98.8505 196.067
      vertex 18.1558 102.381 196.182
    endloop
  endfacet
  facet normal 0.802521 -0.245247 0.543888
    outer loop
      vertex 19.1679 102.446 195.142
      vertex 17.8975 98.8972 195.416
      vertex 18.1288 98.912 195.082
    endloop
  endfacet
  facet normal 0.811456 -0.190523 0.552485
    outer loop
      vertex 19.7608 106.19 195.562
      vertex 18.9239 102.43 195.495
      vertex 20.0159 106.207 195.193
    endloop
  endfacet
  facet normal 0.697706 -0.274336 0.661775
    outer loop
      vertex 17.5774 98.8766 195.745
      vertex 16.3881 95.5873 195.635
      vertex 17.8975 98.8972 195.416
    endloop
  endfacet
  facet normal 0.697707 -0.274337 0.661773
    outer loop
      vertex 17.8975 98.8972 195.416
      vertex 16.3881 95.5873 195.635
      vertex 16.6881 95.6065 195.327
    endloop
  endfacet
  facet normal 0.0409948 -0.0866437 0.995396
    outer loop
      vertex 0.867208 98.1353 199.417
      vertex 0.850921 97.8031 199.389
      vertex 1.00053 97.8127 199.383
    endloop
  endfacet
  facet normal 0.112014 -0.164995 0.979913
    outer loop
      vertex 5.29221 91.9285 198.313
      vertex 3.60736 89.1518 198.038
      vertex 4.62459 89.2171 197.933
    endloop
  endfacet
  facet normal 0.0976754 -0.237404 0.966488
    outer loop
      vertex 2.96067 86.7304 197.617
      vertex 2.02257 86.6702 197.697
      vertex 2.24094 84.6022 197.167
    endloop
  endfacet
  facet normal 0.083304 -0.285849 0.954647
    outer loop
      vertex 1.41955 84.5495 197.237
      vertex 0.577713 84.4955 197.294
      vertex 0.754535 82.731 196.751
    endloop
  endfacet
  facet normal 0.099846 -0.291053 0.951483
    outer loop
      vertex 1.41955 84.5495 197.237
      vertex 0.754535 82.731 196.751
      vertex 2.24094 84.6022 197.167
    endloop
  endfacet
  facet normal 0.0608974 -0.156947 0.985728
    outer loop
      vertex 0.649461 91.6305 198.669
      vertex 0.391091 88.9454 198.257
      vertex 1.85068 91.7076 198.607
    endloop
  endfacet
  facet normal 0.0941614 -0.16159 0.982356
    outer loop
      vertex 3.02796 91.7832 198.527
      vertex 2.55993 89.0846 198.128
      vertex 3.60736 89.1518 198.038
    endloop
  endfacet
  facet normal 0.133873 -0.249086 0.959184
    outer loop
      vertex 4.75214 86.8453 197.414
      vertex 3.03865 84.6534 197.084
      vertex 3.80952 84.7029 196.99
    endloop
  endfacet
  facet normal 0.153669 -0.256802 0.954169
    outer loop
      vertex 4.75214 86.8453 197.414
      vertex 3.80952 84.7029 196.99
      vertex 4.55052 84.7505 196.883
    endloop
  endfacet
  facet normal 0.110633 -0.136105 0.984498
    outer loop
      vertex 4.66461 94.8348 198.786
      vertex 4.17665 91.8569 198.429
      vertex 5.29221 91.9285 198.313
    endloop
  endfacet
  facet normal 0.110625 -0.136107 0.984498
    outer loop
      vertex 5.87006 94.9122 198.661
      vertex 4.66461 94.8348 198.786
      vertex 5.29221 91.9285 198.313
    endloop
  endfacet
  facet normal 0.148707 -0.117295 0.9819
    outer loop
      vertex 8.79178 98.3127 198.649
      vertex 7.59692 98.2361 198.821
      vertex 8.15471 95.0588 198.357
    endloop
  endfacet
  facet normal 0.128389 -0.114087 0.98514
    outer loop
      vertex 6.35388 98.1563 198.974
      vertex 5.87006 94.9122 198.661
      vertex 7.03496 94.987 198.518
    endloop
  endfacet
  facet normal 0.0892676 -0.0704462 0.993513
    outer loop
      vertex 4.14625 105.188 199.758
      vertex 3.98463 101.471 199.509
      vertex 5.60738 105.282 199.634
    endloop
  endfacet
  facet normal 0.0558148 -0.0694426 0.996023
    outer loop
      vertex 2.64875 105.092 199.86
      vertex 1.09002 101.285 199.682
      vertex 2.5519 101.379 199.607
    endloop
  endfacet
  facet normal 0.191882 -0.85956 -0.473644
    outer loop
      vertex 0.498877 79.2885 193.298
      vertex -1.51139 78.6661 193.613
      vertex 0.288844 79.275 193.238
    endloop
  endfacet
  facet normal 0.238485 -0.703114 -0.669892
    outer loop
      vertex 0.498877 79.2885 193.298
      vertex 0.288844 79.275 193.238
      vertex 2.32069 80.2255 192.963
    endloop
  endfacet
  facet normal 0.101078 -0.971184 -0.215837
    outer loop
      vertex -3.17289 78.418 193.934
      vertex -3.38628 78.3811 194
      vertex -3.20156 78.415 193.934
    endloop
  endfacet
  facet normal 0.101049 -0.971161 -0.215953
    outer loop
      vertex -2.85797 78.4781 193.811
      vertex -1.87381 78.6428 193.531
      vertex -2.95976 78.4549 193.868
    endloop
  endfacet
  facet normal 0.101107 -0.971196 -0.215768
    outer loop
      vertex -1.87381 78.6428 193.531
      vertex -2.85797 78.4781 193.811
      vertex -2.0073 78.6343 193.507
    endloop
  endfacet
  facet normal 0.222236 -0.683142 -0.69565
    outer loop
      vertex 0.288844 79.275 193.238
      vertex 0.0641401 79.2605 193.18
      vertex 1.67848 80.1842 192.789
    endloop
  endfacet
  facet normal 0.307952 -0.61478 -0.726093
    outer loop
      vertex 4.77738 81.5267 192.891
      vertex 2.60806 80.2439 193.057
      vertex 4.43199 81.5045 192.763
    endloop
  endfacet
  facet normal 0.284492 -0.588069 -0.757125
    outer loop
      vertex 2.60806 80.2439 193.057
      vertex 2.32069 80.2255 192.963
      vertex 4.43199 81.5045 192.763
    endloop
  endfacet
  facet normal 0.373397 -0.440331 -0.816507
    outer loop
      vertex 8.72972 85.0187 192.588
      vertex 6.58239 83.1051 192.638
      vertex 8.27813 84.9897 192.397
    endloop
  endfacet
  facet normal 0.390925 -0.565484 -0.726227
    outer loop
      vertex 7.30796 83.1517 192.967
      vertex 5.36829 81.5646 193.159
      vertex 6.96612 83.1297 192.8
    endloop
  endfacet
  facet normal 0.382271 -0.364784 -0.849
    outer loop
      vertex 10.3715 87.206 192.388
      vertex 8.72972 85.0187 192.588
      vertex 9.8557 87.1729 192.17
    endloop
  endfacet
  facet normal 0.470136 -0.425489 -0.77326
    outer loop
      vertex 9.48343 85.0671 192.986
      vertex 9.13202 85.0445 192.785
      vertex 10.8309 87.2355 192.612
    endloop
  endfacet
  facet normal 0.591378 -0.632902 -0.499706
    outer loop
      vertex 8.23205 83.211 193.669
      vertex 8.06952 83.2006 193.49
      vertex 10.2196 85.1143 193.61
    endloop
  endfacet
  facet normal 0.533237 -0.721436 -0.441801
    outer loop
      vertex 8.23205 83.211 193.669
      vertex 6.12089 81.6129 193.73
      vertex 8.06952 83.2006 193.49
    endloop
  endfacet
  facet normal 0.362366 -0.889939 -0.276948
    outer loop
      vertex 3.89577 80.3265 193.794
      vertex 1.5651 79.3569 193.861
      vertex 3.79484 80.3201 193.683
    endloop
  endfacet
  facet normal 0.634266 -0.673965 -0.378784
    outer loop
      vertex 10.3557 85.123 193.823
      vertex 8.3477 83.2184 193.849
      vertex 10.2196 85.1143 193.61
    endloop
  endfacet
  facet normal 0.68444 -0.725407 -0.0729855
    outer loop
      vertex 10.4604 85.1298 194.249
      vertex 8.41601 83.2228 194.03
      vertex 10.436 85.1282 194.036
    endloop
  endfacet
  facet normal 0.681511 -0.725594 0.0951646
    outer loop
      vertex 10.4286 85.1277 194.461
      vertex 8.40972 83.2224 194.391
      vertex 10.4604 85.1298 194.249
    endloop
  endfacet
  facet normal 0.674808 -0.592318 0.44022
    outer loop
      vertex 12.2116 87.3241 194.766
      vertex 10.1975 85.1129 194.878
      vertex 10.3409 85.1221 194.671
    endloop
  endfacet
  facet normal 0.426831 -0.508625 0.74774
    outer loop
      vertex 9.44005 85.0643 195.477
      vertex 7.26532 83.1489 195.415
      vertex 7.56969 83.1685 195.255
    endloop
  endfacet
  facet normal 0.517563 -0.722447 0.458476
    outer loop
      vertex 8.04462 83.199 194.92
      vertex 5.96823 81.6031 194.749
      vertex 6.1056 81.612 194.608
    endloop
  endfacet
  facet normal 0.47944 -0.682777 0.551319
    outer loop
      vertex 7.8298 83.1852 195.089
      vertex 5.79329 81.5919 194.887
      vertex 8.04462 83.199 194.92
    endloop
  endfacet
  facet normal 0.479423 -0.682755 0.551361
    outer loop
      vertex 8.04462 83.199 194.92
      vertex 5.79329 81.5919 194.887
      vertex 5.96823 81.6031 194.749
    endloop
  endfacet
  facet normal 0.440205 -0.642289 0.627443
    outer loop
      vertex 7.56969 83.1685 195.255
      vertex 5.58145 81.5783 195.022
      vertex 5.79329 81.5919 194.887
    endloop
  endfacet
  facet normal 0.544405 -0.589138 -0.597109
    outer loop
      vertex 10.0283 85.102 193.4
      vertex 7.86075 83.1872 193.313
      vertex 9.78258 85.0863 193.191
    endloop
  endfacet
  facet normal 0.577253 -0.504281 -0.642246
    outer loop
      vertex 10.0283 85.102 193.4
      vertex 9.78258 85.0863 193.191
      vertex 11.8545 87.3012 193.314
    endloop
  endfacet
  facet normal 0.497388 -0.546465 -0.673782
    outer loop
      vertex 9.78258 85.0863 193.191
      vertex 7.86075 83.1872 193.313
      vertex 9.48343 85.0671 192.986
    endloop
  endfacet
  facet normal 0.497387 -0.546465 -0.673782
    outer loop
      vertex 7.86075 83.1872 193.313
      vertex 7.60656 83.1708 193.138
      vertex 9.48343 85.0671 192.986
    endloop
  endfacet
  facet normal 0.537945 -0.38953 -0.747584
    outer loop
      vertex 11.5739 87.2832 193.076
      vertex 11.2323 87.2613 192.842
      vertex 13.2244 89.7691 192.969
    endloop
  endfacet
  facet normal 0.600518 -0.42795 -0.675453
    outer loop
      vertex 11.8545 87.3012 193.314
      vertex 11.5739 87.2832 193.076
      vertex 13.2244 89.7691 192.969
    endloop
  endfacet
  facet normal 0.279558 -0.369116 -0.886341
    outer loop
      vertex 7.23438 84.9227 192.035
      vertex 5.6955 83.0482 192.331
      vertex 6.64634 84.885 191.865
    endloop
  endfacet
  facet normal 0.28223 -0.302499 -0.910407
    outer loop
      vertex 7.23438 84.9227 192.035
      vertex 6.64634 84.885 191.865
      vertex 8.66364 87.0964 191.756
    endloop
  endfacet
  facet normal 0.273883 -0.454099 -0.84781
    outer loop
      vertex 5.6955 83.0482 192.331
      vertex 3.64814 81.4542 192.523
      vertex 5.19583 83.0161 192.186
    endloop
  endfacet
  facet normal 0.249826 -0.434082 -0.86554
    outer loop
      vertex 5.19583 83.0161 192.186
      vertex 3.64814 81.4542 192.523
      vertex 4.66126 82.9818 192.049
    endloop
  endfacet
  facet normal 0.0935949 -0.971691 0.216927
    outer loop
      vertex -2.02532 78.6331 194.542
      vertex -3.38628 78.3811 194
      vertex -1.89108 78.6417 194.522
    endloop
  endfacet
  facet normal 0.0861672 -0.356078 0.930475
    outer loop
      vertex 0.0392109 82.6851 196.799
      vertex 0.0310936 81.2221 196.24
      vertex 0.754535 82.731 196.751
    endloop
  endfacet
  facet normal 0.321716 -0.822177 -0.4696
    outer loop
      vertex 1.30218 79.34 193.638
      vertex 1.17667 79.332 193.566
      vertex 3.32195 80.2897 193.359
    endloop
  endfacet
  facet normal 0.336923 -0.846672 -0.411861
    outer loop
      vertex 3.6652 80.3118 193.573
      vertex 1.40903 79.3469 193.711
      vertex 3.50736 80.3016 193.465
    endloop
  endfacet
  facet normal 0.2101 -0.885484 -0.41446
    outer loop
      vertex 0.871677 79.3124 193.428
      vertex -1.30619 78.6793 193.676
      vertex 0.69341 79.3009 193.362
    endloop
  endfacet
  facet normal 0.307964 -0.614798 -0.726073
    outer loop
      vertex 2.87141 80.2608 193.154
      vertex 2.60806 80.2439 193.057
      vertex 4.77738 81.5267 192.891
    endloop
  endfacet
  facet normal 0.410047 -0.743633 -0.528082
    outer loop
      vertex 3.6652 80.3118 193.573
      vertex 3.50736 80.3016 193.465
      vertex 5.81849 81.5935 193.44
    endloop
  endfacet
  facet normal 0.233716 -0.923361 -0.304602
    outer loop
      vertex 1.30218 79.34 193.638
      vertex -1.06108 78.695 193.78
      vertex 1.17667 79.332 193.566
    endloop
  endfacet
  facet normal 0.243408 0.00316449 0.969919
    outer loop
      vertex 15.0852 126.297 198.614
      vertex 14.2138 126.241 198.833
      vertex 15.2123 122.821 198.594
    endloop
  endfacet
  facet normal 0.19441 -0.125969 0.972798
    outer loop
      vertex 9.93375 98.386 198.459
      vertex 9.2249 95.1275 198.179
      vertex 11.0183 98.4557 198.251
    endloop
  endfacet
  facet normal 0.220562 -0.131675 0.966444
    outer loop
      vertex 11.0183 98.4557 198.251
      vertex 10.2413 95.1927 197.984
      vertex 11.1999 95.2543 197.774
    endloop
  endfacet
  facet normal 0.127273 -0.0920793 0.987584
    outer loop
      vertex 8.05215 101.732 199.088
      vertex 6.35388 98.1563 198.974
      vertex 7.59692 98.2361 198.821
    endloop
  endfacet
  facet normal 0.128386 -0.114088 0.98514
    outer loop
      vertex 7.59692 98.2361 198.821
      vertex 6.35388 98.1563 198.974
      vertex 7.03496 94.987 198.518
    endloop
  endfacet
  facet normal 0.646158 0.017793 -0.762996
    outer loop
      vertex 20.3443 123.15 192.418
      vertex 20.2402 126.628 192.411
      vertex 20.6009 126.651 192.717
    endloop
  endfacet
  facet normal 0.646204 0.0177956 -0.762957
    outer loop
      vertex 20.825 123.181 192.825
      vertex 20.6009 126.651 192.717
      vertex 20.723 126.659 192.82
    endloop
  endfacet
  facet normal 0.646165 0.017792 -0.762991
    outer loop
      vertex 20.6009 126.651 192.717
      vertex 20.825 123.181 192.825
      vertex 20.3443 123.15 192.418
    endloop
  endfacet
  facet normal 0.277881 -0.00923522 -0.960571
    outer loop
      vertex 15.3767 118.319 190.205
      vertex 14.2408 118.246 189.877
      vertex 15.3593 122.83 190.156
    endloop
  endfacet
  facet normal 0.277891 -0.00923777 -0.960568
    outer loop
      vertex 14.2408 118.246 189.877
      vertex 14.2089 122.757 189.824
      vertex 15.3593 122.83 190.156
    endloop
  endfacet
  facet normal 0.439251 -0.00881462 -0.898321
    outer loop
      vertex 19.0423 118.555 191.652
      vertex 18.2652 118.505 191.273
      vertex 19.0716 123.069 191.622
    endloop
  endfacet
  facet normal 0.440195 -0.030699 -0.897377
    outer loop
      vertex 18.8325 114.205 191.698
      vertex 18.2652 118.505 191.273
      vertex 19.0423 118.555 191.652
    endloop
  endfacet
  facet normal 0.278753 -0.0252561 -0.960031
    outer loop
      vertex 15.2386 113.975 190.279
      vertex 14.2408 118.246 189.877
      vertex 15.3767 118.319 190.205
    endloop
  endfacet
  facet normal 0.248958 -0.00953476 -0.968467
    outer loop
      vertex 14.2408 118.246 189.877
      vertex 12.9782 122.678 189.509
      vertex 14.2089 122.757 189.824
    endloop
  endfacet
  facet normal 0.496285 0.0130188 -0.868062
    outer loop
      vertex 19.0716 123.069 191.622
      vertex 18.9618 126.546 191.612
      vertex 19.4777 126.579 191.907
    endloop
  endfacet
  facet normal 0.438208 0.0110905 -0.898805
    outer loop
      vertex 19.0716 123.069 191.622
      vertex 18.3712 126.508 191.323
      vertex 18.9618 126.546 191.612
    endloop
  endfacet
  facet normal 0.976022 -0.162603 0.144712
    outer loop
      vertex 20.8298 110.191 194.849
      vertex 20.1721 106.217 194.819
      vertex 20.8883 110.195 194.458
    endloop
  endfacet
  facet normal 0.717375 -0.046507 0.695134
    outer loop
      vertex 21.1004 118.687 195.696
      vertex 20.7169 118.662 196.091
      vertex 20.8504 114.335 195.663
    endloop
  endfacet
  facet normal 0.717027 -0.0121656 0.696939
    outer loop
      vertex 21.156 123.202 195.718
      vertex 20.7169 118.662 196.091
      vertex 21.1004 118.687 195.696
    endloop
  endfacet
  facet normal 0.921808 -0.0563267 0.383532
    outer loop
      vertex 21.3774 118.704 195.296
      vertex 21.122 114.352 195.27
      vertex 21.2882 114.363 194.872
    endloop
  endfacet
  facet normal 0.988533 0.0278144 0.148421
    outer loop
      vertex 21.5722 126.713 194.489
      vertex 21.5255 126.71 194.8
      vertex 21.6703 123.236 194.487
    endloop
  endfacet
  facet normal 0.922782 -0.0134903 0.385085
    outer loop
      vertex 21.6082 123.232 194.901
      vertex 21.3774 118.704 195.296
      vertex 21.5469 118.715 194.89
    endloop
  endfacet
  facet normal 0.228186 -0.123805 -0.965714
    outer loop
      vertex 11.1569 98.4645 190.298
      vertex 9.36213 95.1363 190.301
      vertex 10.0802 98.3954 190.052
    endloop
  endfacet
  facet normal 0.227291 -0.0989517 -0.968786
    outer loop
      vertex 11.1569 98.4645 190.298
      vertex 10.0802 98.3954 190.052
      vertex 11.8095 101.973 190.093
    endloop
  endfacet
  facet normal 0.106793 -0.0675752 -0.991982
    outer loop
      vertex 4.17113 101.483 188.803
      vertex 2.74267 101.391 188.655
      vertex 2.84814 105.105 188.413
    endloop
  endfacet
  facet normal 0.0904676 -0.0672186 -0.993628
    outer loop
      vertex 2.74267 101.391 188.655
      vertex 1.40926 101.602 188.519
      vertex 2.84814 105.105 188.413
    endloop
  endfacet
  facet normal 0.0904698 -0.0672054 -0.993629
    outer loop
      vertex 1.40926 101.602 188.519
      vertex 2.74267 101.391 188.655
      vertex 1.40453 101.305 188.539
    endloop
  endfacet
  facet normal 0.182817 -0.11511 -0.976385
    outer loop
      vertex 8.2988 95.0681 190.085
      vertex 7.18534 94.9966 189.885
      vertex 7.75738 98.2464 189.609
    endloop
  endfacet
  facet normal 0.183847 -0.141389 -0.972733
    outer loop
      vertex 7.53984 92.0728 190.377
      vertex 7.18534 94.9966 189.885
      vertex 8.2988 95.0681 190.085
    endloop
  endfacet
  facet normal 0.75419 -0.647913 0.106801
    outer loop
      vertex 12.3118 87.3306 194.526
      vertex 10.4604 85.1298 194.249
      vertex 12.3481 87.3329 194.284
    endloop
  endfacet
  facet normal 0.864795 -0.492993 -0.0953263
    outer loop
      vertex 14.0887 89.8246 194.317
      vertex 14.0577 89.8226 194.046
      vertex 15.6372 92.5925 194.05
    endloop
  endfacet
  facet normal 0.772103 -0.36904 0.517365
    outer loop
      vertex 16.9048 95.6204 195.014
      vertex 15.3035 92.5711 195.228
      vertex 15.5041 92.5839 194.938
    endloop
  endfacet
  facet normal 0.772106 -0.369042 0.517359
    outer loop
      vertex 16.6881 95.6065 195.327
      vertex 15.3035 92.5711 195.228
      vertex 16.9048 95.6204 195.014
    endloop
  endfacet
  facet normal 0.215052 -0.704642 0.67619
    outer loop
      vertex 1.96785 80.2028 195.318
      vertex 0.260027 79.2731 194.892
      vertex 2.28105 80.2229 195.239
    endloop
  endfacet
  facet normal 0.19245 -0.52517 0.828951
    outer loop
      vertex 3.15333 81.4225 195.824
      vertex 1.27826 80.1585 195.459
      vertex 1.63315 80.1813 195.391
    endloop
  endfacet
  facet normal 0.117477 -0.985593 0.121675
    outer loop
      vertex -1.14424 78.6897 194.335
      vertex -3.38628 78.3811 194
      vertex -1.07017 78.6944 194.302
    endloop
  endfacet
  facet normal 0.205221 -0.899367 0.386036
    outer loop
      vertex 0.849121 79.3109 194.722
      vertex -1.14424 78.6897 194.335
      vertex 1.0127 79.3214 194.66
    endloop
  endfacet
  facet normal 0.282482 -0.616392 0.735028
    outer loop
      vertex 4.73368 81.5239 195.4
      vertex 2.57151 80.2416 195.155
      vertex 2.83808 80.2587 195.067
    endloop
  endfacet
  facet normal 0.282487 -0.6164 0.735019
    outer loop
      vertex 4.38405 81.5015 195.515
      vertex 2.57151 80.2416 195.155
      vertex 4.73368 81.5239 195.4
    endloop
  endfacet
  facet normal 0.133868 -0.249082 0.959186
    outer loop
      vertex 3.87173 86.7888 197.523
      vertex 3.03865 84.6534 197.084
      vertex 4.75214 86.8453 197.414
    endloop
  endfacet
  facet normal 0.115255 -0.242654 0.963242
    outer loop
      vertex 3.87173 86.7888 197.523
      vertex 2.24094 84.6022 197.167
      vertex 3.03865 84.6534 197.084
    endloop
  endfacet
  facet normal 0.0788891 -0.192104 0.978199
    outer loop
      vertex 1.48643 89.0157 198.201
      vertex 1.06111 86.6084 197.762
      vertex 2.55993 89.0846 198.128
    endloop
  endfacet
  facet normal 0.0771727 -0.158926 0.98427
    outer loop
      vertex 3.02796 91.7832 198.527
      vertex 1.48643 89.0157 198.201
      vertex 2.55993 89.0846 198.128
    endloop
  endfacet
  facet normal 0.222123 -0.353568 0.908654
    outer loop
      vertex 6.56566 84.8798 196.497
      vertex 4.58826 82.9771 196.24
      vertex 5.12728 83.0117 196.122
    endloop
  endfacet
  facet normal 0.219535 -0.436024 0.872747
    outer loop
      vertex 4.58826 82.9771 196.24
      vertex 3.59231 81.4506 195.728
      vertex 5.12728 83.0117 196.122
    endloop
  endfacet
  facet normal 0.213049 -0.544273 0.811405
    outer loop
      vertex 3.15333 81.4225 195.824
      vertex 1.63315 80.1813 195.391
      vertex 1.96785 80.2028 195.318
    endloop
  endfacet
  facet normal 0.213017 -0.544251 0.811427
    outer loop
      vertex 3.15333 81.4225 195.824
      vertex 1.96785 80.2028 195.318
      vertex 3.59231 81.4506 195.728
    endloop
  endfacet
  facet normal 0.154724 -0.493777 0.855713
    outer loop
      vertex 2.19779 81.3611 195.995
      vertex 0.513621 80.1095 195.577
      vertex 0.904595 80.1346 195.521
    endloop
  endfacet
  facet normal 0.149705 -0.635259 0.75765
    outer loop
      vertex 0.513621 80.1095 195.577
      vertex -0.45973 79.2269 195.03
      vertex 0.904595 80.1346 195.521
    endloop
  endfacet
  facet normal 0.0706717 -0.351084 0.933673
    outer loop
      vertex 0.0392109 82.6851 196.799
      vertex -0.690663 82.6383 196.837
      vertex -0.551477 81.1847 196.28
    endloop
  endfacet
  facet normal 0.185561 -0.873424 0.450219
    outer loop
      vertex 0.472044 79.2867 194.839
      vertex -1.41847 78.6721 194.425
      vertex -1.31874 78.6785 194.397
    endloop
  endfacet
  facet normal 0.106152 -0.601287 0.79195
    outer loop
      vertex -0.747409 80.0285 195.708
      vertex -1.28465 79.174 195.131
      vertex -0.314013 80.0564 195.671
    endloop
  endfacet
  facet normal 0.074666 -0.447676 0.891073
    outer loop
      vertex -0.551477 81.1847 196.28
      vertex -1.64481 79.9709 195.762
      vertex -1.19159 80 195.738
    endloop
  endfacet
  facet normal 0.104765 -0.461164 0.881109
    outer loop
      vertex 0.0310936 81.2221 196.24
      vertex -0.747409 80.0285 195.708
      vertex -0.314013 80.0564 195.671
    endloop
  endfacet
  facet normal 0.0674441 -0.281806 0.957098
    outer loop
      vertex -0.281248 84.4403 197.339
      vertex -0.690663 82.6383 196.837
      vertex 0.577713 84.4955 197.294
    endloop
  endfacet
  facet normal 0.0648347 -0.229946 0.971041
    outer loop
      vertex 0.0800983 86.5455 197.813
      vertex -0.281248 84.4403 197.339
      vertex 0.577713 84.4955 197.294
    endloop
  endfacet
  facet normal 0.0520851 -0.27883 0.958927
    outer loop
      vertex -1.29229 82.7413 196.899
      vertex -0.690663 82.6383 196.837
      vertex -1.00879 83.8373 197.203
    endloop
  endfacet
  facet normal 0.0521191 -0.27866 0.958975
    outer loop
      vertex -1.30673 82.7001 196.888
      vertex -0.690663 82.6383 196.837
      vertex -1.29229 82.7413 196.899
    endloop
  endfacet
  facet normal 0.0520944 -0.278859 0.958918
    outer loop
      vertex -0.690663 82.6383 196.837
      vertex -1.30673 82.7001 196.888
      vertex -1.33973 82.5966 196.86
    endloop
  endfacet
  facet normal 0.154823 -0.314596 0.936514
    outer loop
      vertex 4.55052 84.7505 196.883
      vertex 2.78534 82.8614 196.54
      vertex 3.41498 82.9018 196.45
    endloop
  endfacet
  facet normal 0.155506 -0.390615 0.907325
    outer loop
      vertex 2.78534 82.8614 196.54
      vertex 2.19779 81.3611 195.995
      vertex 3.41498 82.9018 196.45
    endloop
  endfacet
  facet normal 0.104744 -0.46116 0.881113
    outer loop
      vertex 0.0310936 81.2221 196.24
      vertex -0.314013 80.0564 195.671
      vertex 0.599515 81.2586 196.192
    endloop
  endfacet
  facet normal 0.117146 -0.297487 0.947512
    outer loop
      vertex 2.24094 84.6022 197.167
      vertex 1.45249 82.7758 196.691
      vertex 2.13031 82.8194 196.621
    endloop
  endfacet
  facet normal 0.885367 -0.331397 -0.326038
    outer loop
      vertex 17.0486 95.6297 194.054
      vertex 16.9271 95.6219 193.732
      vertex 18.2822 98.9219 194.058
    endloop
  endfacet
  facet normal 0.860818 -0.399613 -0.315123
    outer loop
      vertex 17.0486 95.6297 194.054
      vertex 15.6372 92.5925 194.05
      vertex 16.9271 95.6219 193.732
    endloop
  endfacet
  facet normal 0.733755 -0.626997 -0.261684
    outer loop
      vertex 12.3202 87.3311 194.041
      vertex 10.3557 85.123 193.823
      vertex 12.2284 87.3252 193.798
    endloop
  endfacet
  facet normal 0.817056 -0.5696 -0.0892997
    outer loop
      vertex 14.0887 89.8246 194.317
      vertex 12.3481 87.3329 194.284
      vertex 14.0577 89.8226 194.046
    endloop
  endfacet
  facet normal 0.221255 -0.523357 -0.822887
    outer loop
      vertex 3.21279 81.4263 192.411
      vertex 1.32618 80.1616 192.708
      vertex 2.75072 81.3966 192.306
    endloop
  endfacet
  facet normal 0.227464 -0.416667 -0.880141
    outer loop
      vertex 3.21279 81.4263 192.411
      vertex 2.75072 81.3966 192.306
      vertex 4.0939 82.9454 191.92
    endloop
  endfacet
  facet normal 0.103166 -0.349003 -0.931426
    outer loop
      vertex -0.473908 81.1897 191.827
      vertex -0.811322 81.8378 191.546
      vertex -0.591813 82.622 191.277
    endloop
  endfacet
  facet normal 0.103165 -0.349003 -0.931426
    outer loop
      vertex -0.473908 81.1897 191.827
      vertex -0.840056 81.7626 191.571
      vertex -0.811322 81.8378 191.546
    endloop
  endfacet
  facet normal 0.103172 -0.348999 -0.931426
    outer loop
      vertex -0.840056 81.7626 191.571
      vertex -0.473908 81.1897 191.827
      vertex -1.04998 81.1527 191.777
    endloop
  endfacet
  facet normal 0.207851 -0.323535 -0.923105
    outer loop
      vertex 5.34952 84.8017 191.552
      vertex 4.0939 82.9454 191.92
      vertex 4.64587 84.7566 191.409
    endloop
  endfacet
  facet normal 0.229867 -0.336471 -0.913208
    outer loop
      vertex 4.66126 82.9818 192.049
      vertex 4.0939 82.9454 191.92
      vertex 6.01723 84.8446 191.704
    endloop
  endfacet
  facet normal 0.20783 -0.263866 -0.941903
    outer loop
      vertex 5.34952 84.8017 191.552
      vertex 4.64587 84.7566 191.409
      vertex 6.51096 86.9582 191.204
    endloop
  endfacet
  facet normal 0.230511 -0.274723 -0.933484
    outer loop
      vertex 6.01723 84.8446 191.704
      vertex 5.34952 84.8017 191.552
      vertex 6.51096 86.9582 191.204
    endloop
  endfacet
  facet normal 0.836344 -0.138953 -0.530303
    outer loop
      vertex 20.6953 110.183 193.673
      vertex 20.0422 106.208 193.685
      vertex 20.4445 110.167 193.282
    endloop
  endfacet
  facet normal 0.925794 -0.153125 -0.345626
    outer loop
      vertex 20.1852 106.218 194.064
      vertex 20.0422 106.208 193.685
      vertex 20.6953 110.183 193.673
    endloop
  endfacet
  facet normal 0.42377 -0.392915 -0.816111
    outer loop
      vertex 10.8309 87.2355 192.612
      vertex 8.72972 85.0187 192.588
      vertex 10.3715 87.206 192.388
    endloop
  endfacet
  facet normal 0.431569 -0.326934 -0.840751
    outer loop
      vertex 10.8309 87.2355 192.612
      vertex 10.3715 87.206 192.388
      vertex 11.8818 89.6829 192.2
    endloop
  endfacet
  facet normal 0.689758 -0.591366 -0.417756
    outer loop
      vertex 12.2284 87.3252 193.798
      vertex 10.2196 85.1143 193.61
      vertex 12.073 87.3152 193.555
    endloop
  endfacet
  facet normal 0.634945 -0.548387 -0.544166
    outer loop
      vertex 12.073 87.3152 193.555
      vertex 10.2196 85.1143 193.61
      vertex 11.8545 87.3012 193.314
    endloop
  endfacet
  facet normal 0.255357 -0.194618 -0.947057
    outer loop
      vertex 10.3374 92.2523 191.015
      vertex 9.22507 89.5124 191.278
      vertex 9.45763 92.1958 190.789
    endloop
  endfacet
  facet normal 0.255364 -0.194618 -0.947055
    outer loop
      vertex 9.22507 89.5124 191.278
      vertex 8.42283 89.4609 191.072
      vertex 9.45763 92.1958 190.789
    endloop
  endfacet
  facet normal 0.314493 -0.115194 -0.942245
    outer loop
      vertex 13.9978 98.6469 191.118
      vertex 13.1195 98.5905 190.832
      vertex 14.8079 102.166 190.958
    endloop
  endfacet
  facet normal 0.350618 -0.0950561 -0.931682
    outer loop
      vertex 15.6573 102.22 191.272
      vertex 14.8079 102.166 190.958
      vertex 15.4588 105.914 190.821
    endloop
  endfacet
  facet normal 0.282133 -0.108729 -0.953194
    outer loop
      vertex 13.881 102.106 190.656
      vertex 12.1713 98.5297 190.558
      vertex 12.8802 102.042 190.367
    endloop
  endfacet
  facet normal 0.253291 -0.103379 -0.961851
    outer loop
      vertex 12.1713 98.5297 190.558
      vertex 11.8095 101.973 190.093
      vertex 12.8802 102.042 190.367
    endloop
  endfacet
  facet normal 0.313011 -0.0659114 -0.94746
    outer loop
      vertex 15.4588 105.914 190.821
      vertex 14.4899 105.852 190.505
      vertex 14.943 109.813 190.379
    endloop
  endfacet
  facet normal 0.313021 -0.0659098 -0.947457
    outer loop
      vertex 15.4588 105.914 190.821
      vertex 14.943 109.813 190.379
      vertex 15.9468 109.878 190.706
    endloop
  endfacet
  facet normal 0.283357 -0.168125 -0.944163
    outer loop
      vertex 12.2104 95.3191 191.031
      vertex 11.1598 92.3051 191.252
      vertex 11.3218 95.2621 190.774
    endloop
  endfacet
  facet normal 0.315242 -0.178354 -0.932101
    outer loop
      vertex 11.9214 92.354 191.501
      vertex 11.1598 92.3051 191.252
      vertex 12.2104 95.3191 191.031
    endloop
  endfacet
  facet normal 0.254815 -0.15956 -0.953735
    outer loop
      vertex 11.3218 95.2621 190.774
      vertex 9.45763 92.1958 190.789
      vertex 10.3711 95.2011 190.531
    endloop
  endfacet
  facet normal 0.2541 -0.129521 -0.958466
    outer loop
      vertex 11.3218 95.2621 190.774
      vertex 10.3711 95.2011 190.531
      vertex 11.1569 98.4645 190.298
    endloop
  endfacet
  facet normal 0.314491 -0.115193 -0.942245
    outer loop
      vertex 14.8079 102.166 190.958
      vertex 13.1195 98.5905 190.832
      vertex 13.881 102.106 190.656
    endloop
  endfacet
  facet normal 0.315001 -0.144642 -0.938005
    outer loop
      vertex 13.9978 98.6469 191.118
      vertex 12.2104 95.3191 191.031
      vertex 13.1195 98.5905 190.832
    endloop
  endfacet
  facet normal 0.351213 -0.190579 -0.916695
    outer loop
      vertex 13.7877 95.4204 191.578
      vertex 12.6194 92.3988 191.759
      vertex 13.0335 95.372 191.299
    endloop
  endfacet
  facet normal 0.351195 -0.190578 -0.916702
    outer loop
      vertex 12.6194 92.3988 191.759
      vertex 11.9214 92.354 191.501
      vertex 13.0335 95.372 191.299
    endloop
  endfacet
  facet normal 0.830216 -0.18932 -0.524309
    outer loop
      vertex 20.0422 106.208 193.685
      vertex 18.9615 102.432 193.337
      vertex 19.8001 106.193 193.307
    endloop
  endfacet
  facet normal 0.645156 -0.150586 -0.749065
    outer loop
      vertex 19.4599 106.171 192.932
      vertex 18.6359 102.411 192.978
      vertex 19.0228 106.143 192.561
    endloop
  endfacet
  facet normal 0.498331 -0.157842 -0.852497
    outer loop
      vertex 16.7461 98.8233 192.365
      vertex 16.1795 98.7869 192.04
      vertex 17.1106 102.313 191.932
    endloop
  endfacet
  facet normal 0.496637 -0.198287 -0.845005
    outer loop
      vertex 16.7461 98.8233 192.365
      vertex 15.6091 95.5373 192.468
      vertex 16.1795 98.7869 192.04
    endloop
  endfacet
  facet normal 0.407695 -0.0108384 0.913054
    outer loop
      vertex 18.1735 123.011 197.615
      vertex 18.1555 118.498 197.569
      vertex 18.9735 123.062 197.258
    endloop
  endfacet
  facet normal 0.407701 -0.0108395 0.913051
    outer loop
      vertex 18.9735 123.062 197.258
      vertex 18.1555 118.498 197.569
      vertex 18.9454 118.548 197.217
    endloop
  endfacet
  facet normal 0.0866425 -0.0264814 0.995887
    outer loop
      vertex 5.73118 117.7 200.117
      vertex 4.14454 117.598 200.253
      vertex 5.78167 113.368 199.998
    endloop
  endfacet
  facet normal 0.0883185 -0.0541924 0.994617
    outer loop
      vertex 4.2268 109.126 199.966
      vertex 4.14625 105.188 199.758
      vertex 5.60738 105.282 199.634
    endloop
  endfacet
  facet normal 0.08522 -0.00377742 0.996355
    outer loop
      vertex 5.01228 125.651 200.258
      vertex 3.80644 125.573 200.361
      vertex 3.98379 122.1 200.333
    endloop
  endfacet
  facet normal 0.142374 -0.00105023 0.989812
    outer loop
      vertex 9.59066 125.944 199.718
      vertex 10.1089 122.493 199.64
      vertex 9.95894 125.968 199.665
    endloop
  endfacet
  facet normal 0.14238 -0.00104942 0.989812
    outer loop
      vertex 10.1089 122.493 199.64
      vertex 9.59066 125.944 199.718
      vertex 8.65927 122.4 199.849
    endloop
  endfacet
  facet normal 0.164239 -8.00964e-005 0.986421
    outer loop
      vertex 10.3109 125.991 199.607
      vertex 10.1089 122.493 199.64
      vertex 11.4943 122.582 199.41
    endloop
  endfacet
  facet normal 0.164258 -8.12479e-005 0.986417
    outer loop
      vertex 10.1089 122.493 199.64
      vertex 10.3109 125.991 199.607
      vertex 9.95894 125.968 199.665
    endloop
  endfacet
  facet normal 0.217758 -0.0619355 0.974036
    outer loop
      vertex 12.5416 109.659 198.859
      vertex 12.172 105.703 198.69
      vertex 13.3004 105.776 198.442
    endloop
  endfacet
  facet normal 0.217764 -0.0619344 0.974034
    outer loop
      vertex 13.7107 109.734 198.602
      vertex 12.5416 109.659 198.859
      vertex 13.3004 105.776 198.442
    endloop
  endfacet
  facet normal 0.103131 -0.00288804 0.994664
    outer loop
      vertex 5.81698 125.702 200.182
      vertex 5.59067 122.203 200.195
      vertex 7.15122 122.304 200.034
    endloop
  endfacet
  facet normal 0.103163 -0.0028901 0.99466
    outer loop
      vertex 5.59067 122.203 200.195
      vertex 5.81698 125.702 200.182
      vertex 5.42051 125.677 200.223
    endloop
  endfacet
  facet normal 0.0548636 -0.0538627 0.99704
    outer loop
      vertex 2.67536 109.026 200.071
      vertex 1.11711 108.864 200.148
      vertex 2.64875 105.092 199.86
    endloop
  endfacet
  facet normal 0.0548706 -0.0539318 0.997036
    outer loop
      vertex 1.11711 108.864 200.148
      vertex 2.67536 109.026 200.071
      vertex 1.11699 108.926 200.151
    endloop
  endfacet
  facet normal 0.168528 -0.0765691 0.982718
    outer loop
      vertex 10.9755 105.627 198.919
      vertex 9.31326 101.813 198.907
      vertex 10.5185 101.89 198.706
    endloop
  endfacet
  facet normal 0.192429 -0.0792299 0.978107
    outer loop
      vertex 10.9755 105.627 198.919
      vertex 10.5185 101.89 198.706
      vertex 11.6633 101.964 198.487
    endloop
  endfacet
  facet normal 0.245154 -0.0274107 0.969097
    outer loop
      vertex 15.2316 118.31 198.536
      vertex 14.085 118.236 198.824
      vertex 15.0964 113.966 198.447
    endloop
  endfacet
  facet normal 0.277087 -0.0111412 0.96078
    outer loop
      vertex 16.2893 122.89 198.284
      vertex 15.2123 122.821 198.594
      vertex 16.295 118.378 198.23
    endloop
  endfacet
  facet normal 0.279827 -0.0680396 0.957636
    outer loop
      vertex 14.8046 109.805 198.327
      vertex 14.3563 105.844 198.177
      vertex 15.3356 105.906 197.895
    endloop
  endfacet
  facet normal 0.246983 -0.0646727 0.966859
    outer loop
      vertex 14.8046 109.805 198.327
      vertex 13.7107 109.734 198.602
      vertex 14.3563 105.844 198.177
    endloop
  endfacet
  facet normal 0.318598 -0.12508 0.939601
    outer loop
      vertex 14.69 102.158 197.727
      vertex 13.8861 98.6397 197.531
      vertex 15.5498 102.213 197.443
    endloop
  endfacet
  facet normal 0.317966 -0.0971517 0.943112
    outer loop
      vertex 15.3356 105.906 197.895
      vertex 14.69 102.158 197.727
      vertex 15.5498 102.213 197.443
    endloop
  endfacet
  facet normal 0.821914 0.0224896 0.569167
    outer loop
      vertex 21.266 126.694 195.421
      vertex 21.0555 126.68 195.726
      vertex 21.156 123.202 195.718
    endloop
  endfacet
  facet normal 0.821897 0.0224891 0.569192
    outer loop
      vertex 21.266 126.694 195.421
      vertex 21.4365 123.221 195.312
      vertex 21.3373 126.698 195.318
    endloop
  endfacet
  facet normal 0.821909 0.0224903 0.569174
    outer loop
      vertex 21.4365 123.221 195.312
      vertex 21.266 126.694 195.421
      vertex 21.156 123.202 195.718
    endloop
  endfacet
  facet normal 0.993103 0.0281079 -0.11383
    outer loop
      vertex 21.6703 123.236 194.487
      vertex 21.5364 126.711 194.176
      vertex 21.5722 126.713 194.489
    endloop
  endfacet
  facet normal 0.313502 0.00578751 0.94957
    outer loop
      vertex 16.9087 126.414 198.058
      vertex 16.167 126.367 198.303
      vertex 16.2893 122.89 198.284
    endloop
  endfacet
  facet normal 0.201174 -0.872434 -0.445407
    outer loop
      vertex 0.69341 79.3009 193.362
      vertex -1.30619 78.6793 193.676
      vertex 0.498877 79.2885 193.298
    endloop
  endfacet
  facet normal 0.288823 -0.772052 -0.566143
    outer loop
      vertex 3.10968 80.2761 193.255
      vertex 0.871677 79.3124 193.428
      vertex 2.87141 80.2608 193.154
    endloop
  endfacet
  facet normal 0.41005 -0.743639 -0.528071
    outer loop
      vertex 5.81849 81.5935 193.44
      vertex 3.50736 80.3016 193.465
      vertex 5.61148 81.5802 193.298
    endloop
  endfacet
  facet normal 0.350664 -0.869615 -0.34757
    outer loop
      vertex 3.79484 80.3201 193.683
      vertex 1.40903 79.3469 193.711
      vertex 3.6652 80.3118 193.573
    endloop
  endfacet
  facet normal 0.254876 -0.964231 -0.0727806
    outer loop
      vertex 1.64243 79.3618 194.013
      vertex -0.839396 78.7092 193.968
      vertex 1.61372 79.36 193.937
    endloop
  endfacet
  facet normal 0.124572 -0.990427 0.0594693
    outer loop
      vertex -0.904015 78.7051 194.196
      vertex -3.38628 78.3811 194
      vertex -0.868054 78.7074 194.159
    endloop
  endfacet
  facet normal 0.098599 -0.227778 -0.968708
    outer loop
      vertex 0.689803 84.5027 190.859
      vertex 0.0896385 85.5542 190.551
      vertex 0.236473 86.4426 190.357
    endloop
  endfacet
  facet normal 0.0986578 -0.227745 -0.96871
    outer loop
      vertex 0.689803 84.5027 190.859
      vertex 0.0494781 85.3909 190.585
      vertex 0.0896385 85.5542 190.551
    endloop
  endfacet
  facet normal 0.0985982 -0.227786 -0.968706
    outer loop
      vertex 0.0494781 85.3909 190.585
      vertex 0.689803 84.5027 190.859
      vertex -0.149964 84.4488 190.787
    endloop
  endfacet
  facet normal 0.222242 -0.683147 -0.695643
    outer loop
      vertex 2.01042 80.2055 192.874
      vertex 0.288844 79.275 193.238
      vertex 1.67848 80.1842 192.789
    endloop
  endfacet
  facet normal 0.241187 -0.542455 -0.804719
    outer loop
      vertex 2.01042 80.2055 192.874
      vertex 1.67848 80.1842 192.789
      vertex 3.21279 81.4263 192.411
    endloop
  endfacet
  facet normal 0.105692 -0.445699 -0.888922
    outer loop
      vertex -0.473908 81.1897 191.827
      vertex -1.19223 80.7589 191.957
      vertex -1.04998 81.1527 191.777
    endloop
  endfacet
  facet normal 0.105653 -0.445644 -0.888954
    outer loop
      vertex -0.473908 81.1897 191.827
      vertex -1.21858 80.7039 191.982
      vertex -1.19223 80.7589 191.957
    endloop
  endfacet
  facet normal 0.105698 -0.445701 -0.88892
    outer loop
      vertex -1.21858 80.7039 191.982
      vertex -0.473908 81.1897 191.827
      vertex -1.49656 80.0711 192.266
    endloop
  endfacet
  facet normal 0.168594 -0.377506 -0.91053
    outer loop
      vertex 2.86989 82.8668 191.686
      vertex 1.75387 81.3326 192.116
      vertex 2.21807 82.825 191.583
    endloop
  endfacet
  facet normal 0.162828 -0.824127 -0.542496
    outer loop
      vertex -0.174346 79.2452 193.126
      vertex -1.74633 78.651 193.556
      vertex -0.425674 79.2291 193.075
    endloop
  endfacet
  facet normal 0.0943322 -0.968167 -0.231848
    outer loop
      vertex -3.22789 78.4123 193.934
      vertex -3.38628 78.3811 194
      vertex -3.25224 78.4098 193.935
    endloop
  endfacet
  facet normal 0.0943482 -0.96817 -0.231832
    outer loop
      vertex -2.68535 78.5314 193.658
      vertex -2.14627 78.6253 193.485
      vertex -2.74311 78.5078 193.733
    endloop
  endfacet
  facet normal 0.0943757 -0.968186 -0.231754
    outer loop
      vertex -2.14627 78.6253 193.485
      vertex -2.68535 78.5314 193.658
      vertex -2.29017 78.6161 193.465
    endloop
  endfacet
  facet normal 0.072119 -0.963491 -0.257844
    outer loop
      vertex -3.35281 78.4003 193.938
      vertex -3.38628 78.3811 194
      vertex -3.3699 78.3988 193.938
    endloop
  endfacet
  facet normal 0.460081 -0.297782 0.836451
    outer loop
      vertex 14.2443 92.5031 196.065
      vertex 12.3308 89.7117 196.124
      vertex 12.7876 89.741 195.883
    endloop
  endfacet
  facet normal 0.453364 -0.357654 0.816422
    outer loop
      vertex 12.3308 89.7117 196.124
      vertex 11.1827 87.2581 195.686
      vertex 12.7876 89.741 195.883
    endloop
  endfacet
  facet normal 0.172801 -0.180554 0.968267
    outer loop
      vertex 8.39688 92.1278 197.867
      vertex 6.5525 89.3409 197.677
      vertex 7.45558 89.3988 197.526
    endloop
  endfacet
  facet normal 0.464336 -0.245824 0.85086
    outer loop
      vertex 15.0022 95.4983 196.517
      vertex 13.7434 92.4709 196.329
      vertex 15.5435 95.5331 196.231
    endloop
  endfacet
  facet normal 0.359468 -0.251935 0.898505
    outer loop
      vertex 13.1715 92.4342 196.584
      vertex 11.2254 89.6408 196.579
      vertex 11.8094 89.6783 196.356
    endloop
  endfacet
  facet normal 0.318622 -0.234361 0.918453
    outer loop
      vertex 11.8246 92.3478 197.062
      vertex 10.5811 89.5994 196.792
      vertex 12.5311 92.3931 196.829
    endloop
  endfacet
  facet normal 0.282134 -0.146746 0.948086
    outer loop
      vertex 13.8861 98.6397 197.531
      vertex 12.0969 95.3118 197.548
      vertex 12.9288 95.3652 197.309
    endloop
  endfacet
  facet normal 0.249604 -0.13853 0.958388
    outer loop
      vertex 12.9984 98.5827 197.786
      vertex 11.1999 95.2543 197.774
      vertex 12.0969 95.3118 197.548
    endloop
  endfacet
  facet normal 0.221461 -0.161706 0.961668
    outer loop
      vertex 11.1999 95.2543 197.774
      vertex 9.33748 92.1881 197.687
      vertex 10.2246 92.2451 197.492
    endloop
  endfacet
  facet normal 0.222233 -0.196748 0.954936
    outer loop
      vertex 9.33748 92.1881 197.687
      vertex 9.12218 89.5058 197.184
      vertex 10.2246 92.2451 197.492
    endloop
  endfacet
  facet normal 0.197868 -0.27682 0.940329
    outer loop
      vertex 6.40725 86.9516 197.158
      vertex 5.93131 84.8391 196.636
      vertex 7.17541 87.0009 197.011
    endloop
  endfacet
  facet normal 0.250786 -0.207191 0.94561
    outer loop
      vertex 10.2246 92.2451 197.492
      vertex 9.12218 89.5058 197.184
      vertex 11.0547 92.2984 197.284
    endloop
  endfacet
  facet normal 0.309426 -0.415002 0.855587
    outer loop
      vertex 7.70975 84.9532 196.19
      vertex 6.09943 83.0741 195.861
      vertex 6.52873 83.1017 195.719
    endloop
  endfacet
  facet normal 0.280739 -0.32209 0.904126
    outer loop
      vertex 8.57784 87.0909 196.682
      vertex 7.70975 84.9532 196.19
      vertex 9.20656 87.1312 196.501
    endloop
  endfacet
  facet normal 0.173907 -0.218892 0.960126
    outer loop
      vertex 6.5525 89.3409 197.677
      vertex 6.40725 86.9516 197.158
      vertex 7.45558 89.3988 197.526
    endloop
  endfacet
  facet normal 0.222119 -0.353564 0.908656
    outer loop
      vertex 5.93131 84.8391 196.636
      vertex 4.58826 82.9771 196.24
      vertex 6.56566 84.8798 196.497
    endloop
  endfacet
  facet normal 0.222232 -0.196748 0.954936
    outer loop
      vertex 9.33748 92.1881 197.687
      vertex 8.31327 89.4539 197.362
      vertex 9.12218 89.5058 197.184
    endloop
  endfacet
  facet normal 0.197926 -0.338509 0.919911
    outer loop
      vertex 5.25871 84.7959 196.765
      vertex 4.01674 82.9404 196.35
      vertex 5.93131 84.8391 196.636
    endloop
  endfacet
  facet normal 0.361184 -0.134481 0.922746
    outer loop
      vertex 15.5498 102.213 197.443
      vertex 14.7007 98.692 197.262
      vertex 16.3293 102.263 197.145
    endloop
  endfacet
  facet normal 0.318588 -0.125075 0.939605
    outer loop
      vertex 15.5498 102.213 197.443
      vertex 13.8861 98.6397 197.531
      vertex 14.7007 98.692 197.262
    endloop
  endfacet
  facet normal 0.359368 -0.0528847 0.931696
    outer loop
      vertex 17.0958 114.094 197.831
      vertex 16.7502 109.929 197.728
      vertex 17.5942 109.984 197.405
    endloop
  endfacet
  facet normal 0.315399 -0.0293715 0.948505
    outer loop
      vertex 16.295 118.378 198.23
      vertex 16.1389 114.032 198.147
      vertex 17.0958 114.094 197.831
    endloop
  endfacet
  facet normal 0.278003 -0.0282507 0.960165
    outer loop
      vertex 16.295 118.378 198.23
      vertex 15.0964 113.966 198.447
      vertex 16.1389 114.032 198.147
    endloop
  endfacet
  facet normal 0.278926 -0.0471446 0.959155
    outer loop
      vertex 16.1389 114.032 198.147
      vertex 15.0964 113.966 198.447
      vertex 15.8191 109.87 198.035
    endloop
  endfacet
  facet normal 0.620443 -0.111974 0.776217
    outer loop
      vertex 19.5721 110.111 196.363
      vertex 19.4077 106.168 195.925
      vertex 20.038 110.14 195.994
    endloop
  endfacet
  facet normal 0.714933 -0.125422 0.687852
    outer loop
      vertex 20.038 110.14 195.994
      vertex 19.4077 106.168 195.925
      vertex 20.4038 110.164 195.619
    endloop
  endfacet
  facet normal 0.467813 -0.0351274 0.883129
    outer loop
      vertex 19.6373 118.593 196.852
      vertex 18.7375 114.199 197.154
      vertex 19.4159 114.243 196.797
    endloop
  endfacet
  facet normal 0.467823 -0.0351298 0.883124
    outer loop
      vertex 18.9454 118.548 197.217
      vertex 18.7375 114.199 197.154
      vertex 19.6373 118.593 196.852
    endloop
  endfacet
  facet normal 0.538484 -0.0678702 0.839898
    outer loop
      vertex 19.4159 114.243 196.797
      vertex 19.0079 110.074 196.721
      vertex 19.9957 114.28 196.428
    endloop
  endfacet
  facet normal 0.538489 -0.0678714 0.839895
    outer loop
      vertex 19.9957 114.28 196.428
      vertex 19.0079 110.074 196.721
      vertex 19.5721 110.111 196.363
    endloop
  endfacet
  facet normal 0.468365 -0.159768 0.86897
    outer loop
      vertex 17.0252 102.308 196.835
      vertex 16.6762 98.8188 196.381
      vertex 17.6348 102.347 196.513
    endloop
  endfacet
  facet normal 0.468968 -0.123647 0.874517
    outer loop
      vertex 17.7763 106.063 196.963
      vertex 17.0252 102.308 196.835
      vertex 18.4135 106.104 196.627
    endloop
  endfacet
  facet normal 0.537814 -0.136629 0.831919
    outer loop
      vertex 18.4135 106.104 196.627
      vertex 17.6348 102.347 196.513
      vertex 18.958 106.139 196.28
    endloop
  endfacet
  facet normal 0.538485 -0.100555 0.836614
    outer loop
      vertex 19.0079 110.074 196.721
      vertex 18.4135 106.104 196.627
      vertex 18.958 106.139 196.28
    endloop
  endfacet
  facet normal 0.410565 -0.113001 0.904802
    outer loop
      vertex 17.0489 106.016 197.287
      vertex 16.3293 102.263 197.145
      vertex 17.0252 102.308 196.835
    endloop
  endfacet
  facet normal 0.410581 -0.113001 0.904795
    outer loop
      vertex 17.0489 106.016 197.287
      vertex 17.0252 102.308 196.835
      vertex 17.7763 106.063 196.963
    endloop
  endfacet
  facet normal 0.533411 -0.221072 0.816456
    outer loop
      vertex 17.1698 98.8505 196.067
      vertex 15.5435 95.5331 196.231
      vertex 16.0061 95.5628 195.937
    endloop
  endfacet
  facet normal 0.528876 -0.270937 0.804291
    outer loop
      vertex 15.5435 95.5331 196.231
      vertex 14.6724 92.5305 195.793
      vertex 16.0061 95.5628 195.937
    endloop
  endfacet
  facet normal 0.468355 -0.159768 0.868975
    outer loop
      vertex 17.0252 102.308 196.835
      vertex 16.0986 98.7817 196.686
      vertex 16.6762 98.8188 196.381
    endloop
  endfacet
  facet normal 0.466924 -0.200196 0.861338
    outer loop
      vertex 16.0986 98.7817 196.686
      vertex 15.5435 95.5331 196.231
      vertex 16.6762 98.8188 196.381
    endloop
  endfacet
  facet normal 0.41003 -0.182853 0.893555
    outer loop
      vertex 16.0986 98.7817 196.686
      vertex 14.3843 95.4587 196.792
      vertex 15.0022 95.4983 196.517
    endloop
  endfacet
  facet normal 0.360731 -0.207248 0.909352
    outer loop
      vertex 14.3843 95.4587 196.792
      vertex 12.5311 92.3931 196.829
      vertex 13.1715 92.4342 196.584
    endloop
  endfacet
  facet normal 0.904343 -0.208991 0.372137
    outer loop
      vertex 20.1721 106.217 194.819
      vertex 19.1679 102.446 195.142
      vertex 19.3173 102.455 194.784
    endloop
  endfacet
  facet normal 0.817366 -0.140171 0.558807
    outer loop
      vertex 20.4038 110.164 195.619
      vertex 20.0159 106.207 195.193
      vertex 20.6681 110.181 195.236
    endloop
  endfacet
  facet normal 0.891431 -0.268361 0.365149
    outer loop
      vertex 19.1679 102.446 195.142
      vertex 18.1288 98.912 195.082
      vertex 18.2703 98.9211 194.743
    endloop
  endfacet
  facet normal 0.891429 -0.268361 0.365152
    outer loop
      vertex 19.1679 102.446 195.142
      vertex 18.2703 98.9211 194.743
      vertex 19.3173 102.455 194.784
    endloop
  endfacet
  facet normal 0.0957962 -0.195481 0.976018
    outer loop
      vertex 2.55993 89.0846 198.128
      vertex 2.02257 86.6702 197.697
      vertex 3.60736 89.1518 198.038
    endloop
  endfacet
  facet normal 0.0957975 -0.195482 0.976017
    outer loop
      vertex 3.60736 89.1518 198.038
      vertex 2.02257 86.6702 197.697
      vertex 2.96067 86.7304 197.617
    endloop
  endfacet
  facet normal 0.0608942 -0.156945 0.985728
    outer loop
      vertex 1.85068 91.7076 198.607
      vertex 0.391091 88.9454 198.257
      vertex 1.48643 89.0157 198.201
    endloop
  endfacet
  facet normal 0.0771757 -0.158928 0.984269
    outer loop
      vertex 1.85068 91.7076 198.607
      vertex 1.48643 89.0157 198.201
      vertex 3.02796 91.7832 198.527
    endloop
  endfacet
  facet normal 0.152355 -0.211306 0.965473
    outer loop
      vertex 6.5525 89.3409 197.677
      vertex 4.75214 86.8453 197.414
      vertex 5.59842 86.8997 197.293
    endloop
  endfacet
  facet normal 0.153651 -0.256801 0.954172
    outer loop
      vertex 4.75214 86.8453 197.414
      vertex 4.55052 84.7505 196.883
      vertex 5.59842 86.8997 197.293
    endloop
  endfacet
  facet normal 0.151086 -0.174362 0.973022
    outer loop
      vertex 7.4065 92.0642 198.032
      vertex 6.37024 91.9977 198.181
      vertex 6.5525 89.3409 197.677
    endloop
  endfacet
  facet normal 0.149858 -0.143568 0.978228
    outer loop
      vertex 7.03496 94.987 198.518
      vertex 6.37024 91.9977 198.181
      vertex 7.4065 92.0642 198.032
    endloop
  endfacet
  facet normal 0.165001 -0.0124896 0.986214
    outer loop
      vertex 11.4943 122.582 199.41
      vertex 10.1089 122.493 199.64
      vertex 10.1925 117.987 199.569
    endloop
  endfacet
  facet normal 0.143116 -0.0129492 0.989621
    outer loop
      vertex 10.1089 122.493 199.64
      vertex 8.65927 122.4 199.849
      vertex 10.1925 117.987 199.569
    endloop
  endfacet
  facet normal 0.0902988 -0.0887014 0.991957
    outer loop
      vertex 3.98463 101.471 199.509
      vertex 3.74307 97.9887 199.22
      vertex 5.38257 101.561 199.39
    endloop
  endfacet
  facet normal 0.16667 -0.0412355 0.98515
    outer loop
      vertex 11.497 113.735 199.237
      vertex 9.99692 109.496 199.313
      vertex 11.3021 109.58 199.096
    endloop
  endfacet
  facet normal 0.0892597 -0.0704429 0.993514
    outer loop
      vertex 5.60738 105.282 199.634
      vertex 3.98463 101.471 199.509
      vertex 5.38257 101.561 199.39
    endloop
  endfacet
  facet normal 0.107223 -0.0714072 0.991667
    outer loop
      vertex 5.60738 105.282 199.634
      vertex 5.38257 101.561 199.39
      vertex 6.7402 101.648 199.249
    endloop
  endfacet
  facet normal 0.299863 -0.477009 -0.826163
    outer loop
      vertex 4.43199 81.5045 192.763
      vertex 4.05508 81.4803 192.64
      vertex 6.1583 83.0779 192.481
    endloop
  endfacet
  facet normal 0.284492 -0.58807 -0.757125
    outer loop
      vertex 4.43199 81.5045 192.763
      vertex 2.32069 80.2255 192.963
      vertex 4.05508 81.4803 192.64
    endloop
  endfacet
  facet normal 0.358322 -0.532544 -0.766813
    outer loop
      vertex 6.96612 83.1297 192.8
      vertex 5.08989 81.5468 193.023
      vertex 6.58239 83.1051 192.638
    endloop
  endfacet
  facet normal 0.390939 -0.565494 -0.726211
    outer loop
      vertex 5.36829 81.5646 193.159
      vertex 5.08989 81.5468 193.023
      vertex 6.96612 83.1297 192.8
    endloop
  endfacet
  facet normal 0.345239 -0.340682 -0.874498
    outer loop
      vertex 9.8557 87.1729 192.17
      vertex 8.27813 84.9897 192.397
      vertex 9.28568 87.1363 191.959
    endloop
  endfacet
  facet normal 0.382281 -0.364788 -0.848994
    outer loop
      vertex 8.72972 85.0187 192.588
      vertex 8.27813 84.9897 192.397
      vertex 9.8557 87.1729 192.17
    endloop
  endfacet
  facet normal 0.475972 -0.836781 -0.270644
    outer loop
      vertex 3.96758 80.3312 193.906
      vertex 3.89577 80.3265 193.794
      vertex 6.21507 81.619 193.877
    endloop
  endfacet
  facet normal 0.475976 -0.836791 -0.270606
    outer loop
      vertex 6.21507 81.619 193.877
      vertex 3.89577 80.3265 193.794
      vertex 6.12089 81.6129 193.73
    endloop
  endfacet
  facet normal 0.379624 -0.924414 -0.0366584
    outer loop
      vertex 4.02285 80.3347 194.131
      vertex 1.64243 79.3618 194.013
      vertex 4.00999 80.3339 194.019
    endloop
  endfacet
  facet normal 0.49268 -0.867743 0.0654851
    outer loop
      vertex 6.28756 81.6236 194.172
      vertex 4.00609 80.3336 194.243
      vertex 4.02285 80.3347 194.131
    endloop
  endfacet
  facet normal 0.658788 -0.707366 0.256186
    outer loop
      vertex 10.3409 85.1221 194.671
      vertex 8.40972 83.2224 194.391
      vertex 10.4286 85.1277 194.461
    endloop
  endfacet
  facet normal 0.658778 -0.707362 0.256223
    outer loop
      vertex 10.3409 85.1221 194.671
      vertex 8.33515 83.2176 194.57
      vertex 8.40972 83.2224 194.391
    endloop
  endfacet
  facet normal 0.786826 -0.548148 -0.283617
    outer loop
      vertex 12.3202 87.3311 194.041
      vertex 12.2284 87.3252 193.798
      vertex 14.0577 89.8226 194.046
    endloop
  endfacet
  facet normal 0.667337 -0.706815 -0.23468
    outer loop
      vertex 8.41601 83.2228 194.03
      vertex 8.3477 83.2184 193.849
      vertex 10.3557 85.123 193.823
    endloop
  endfacet
  facet normal 0.776489 -0.548809 0.309633
    outer loop
      vertex 14.0482 89.822 194.587
      vertex 12.2116 87.3241 194.766
      vertex 12.3118 87.3306 194.526
    endloop
  endfacet
  facet normal 0.776493 -0.548813 0.309619
    outer loop
      vertex 13.9363 89.8148 194.855
      vertex 12.2116 87.3241 194.766
      vertex 14.0482 89.822 194.587
    endloop
  endfacet
  facet normal 0.554565 -0.505745 0.660818
    outer loop
      vertex 11.821 87.2991 195.236
      vertex 9.74616 85.0839 195.282
      vertex 9.99896 85.1002 195.082
    endloop
  endfacet
  facet normal 0.440211 -0.642293 0.627435
    outer loop
      vertex 7.56969 83.1685 195.255
      vertex 5.79329 81.5919 194.887
      vertex 7.8298 83.1852 195.089
    endloop
  endfacet
  facet normal 0.363316 -0.710512 0.602639
    outer loop
      vertex 5.33356 81.5624 195.153
      vertex 3.48447 80.3001 194.779
      vertex 5.58145 81.5783 195.022
    endloop
  endfacet
  facet normal 0.383815 -0.473306 0.792885
    outer loop
      vertex 8.67294 85.015 195.848
      vertex 6.91787 83.1266 195.57
      vertex 7.26532 83.1489 195.415
    endloop
  endfacet
  facet normal 0.523312 -0.590499 0.614375
    outer loop
      vertex 9.74616 85.0839 195.282
      vertex 7.8298 83.1852 195.089
      vertex 9.99896 85.1002 195.082
    endloop
  endfacet
  facet normal 0.401858 -0.603329 0.688843
    outer loop
      vertex 7.26532 83.1489 195.415
      vertex 5.33356 81.5624 195.153
      vertex 7.56969 83.1685 195.255
    endloop
  endfacet
  facet normal 0.594342 -0.800081 0.0814131
    outer loop
      vertex 8.43671 83.2241 194.211
      vertex 6.26558 81.6222 194.319
      vertex 6.28756 81.6236 194.172
    endloop
  endfacet
  facet normal 0.492679 -0.86774 0.0655298
    outer loop
      vertex 6.26558 81.6222 194.319
      vertex 4.00609 80.3336 194.243
      vertex 6.28756 81.6236 194.172
    endloop
  endfacet
  facet normal 0.391432 -0.744819 0.540394
    outer loop
      vertex 5.58145 81.5783 195.022
      vertex 3.48447 80.3001 194.779
      vertex 5.79329 81.5919 194.887
    endloop
  endfacet
  facet normal 0.444384 -0.810414 0.381774
    outer loop
      vertex 5.96823 81.6031 194.749
      vertex 3.77938 80.3191 194.571
      vertex 6.1056 81.612 194.608
    endloop
  endfacet
  facet normal 0.365427 -0.567129 0.738125
    outer loop
      vertex 6.91787 83.1266 195.57
      vertex 5.33356 81.5624 195.153
      vertex 7.26532 83.1489 195.415
    endloop
  endfacet
  facet normal 0.331412 -0.534268 0.77764
    outer loop
      vertex 6.52873 83.1017 195.719
      vertex 5.0506 81.5442 195.279
      vertex 6.91787 83.1266 195.57
    endloop
  endfacet
  facet normal 0.434949 -0.777752 -0.453785
    outer loop
      vertex 5.98852 81.6044 193.585
      vertex 3.79484 80.3201 193.683
      vertex 5.81849 81.5935 193.44
    endloop
  endfacet
  facet normal 0.457435 -0.809561 -0.367918
    outer loop
      vertex 6.12089 81.6129 193.73
      vertex 3.79484 80.3201 193.683
      vertex 5.98852 81.6044 193.585
    endloop
  endfacet
  facet normal 0.220566 -0.131675 0.966443
    outer loop
      vertex 12.0412 98.5213 198.027
      vertex 11.0183 98.4557 198.251
      vertex 11.1999 95.2543 197.774
    endloop
  endfacet
  facet normal 0.219637 -0.105539 0.969856
    outer loop
      vertex 11.6633 101.964 198.487
      vertex 11.0183 98.4557 198.251
      vertex 12.0412 98.5213 198.027
    endloop
  endfacet
  facet normal 0.348241 -0.0272629 -0.937009
    outer loop
      vertex 17.2154 114.102 190.965
      vertex 16.4288 118.387 190.548
      vertex 17.3929 118.449 190.904
    endloop
  endfacet
  facet normal 0.347316 -0.00884596 -0.937707
    outer loop
      vertex 16.4288 118.387 190.548
      vertex 16.4248 122.899 190.504
      vertex 17.4012 122.962 190.865
    endloop
  endfacet
  facet normal 0.347317 -0.00884624 -0.937706
    outer loop
      vertex 17.3929 118.449 190.904
      vertex 16.4288 118.387 190.548
      vertex 17.4012 122.962 190.865
    endloop
  endfacet
  facet normal 0.389796 -0.00877674 -0.920859
    outer loop
      vertex 18.2652 118.505 191.273
      vertex 17.3929 118.449 190.904
      vertex 17.4012 122.962 190.865
    endloop
  endfacet
  facet normal 0.249813 -0.0246312 -0.967981
    outer loop
      vertex 14.125 113.903 189.958
      vertex 12.9335 113.827 189.652
      vertex 14.2408 118.246 189.877
    endloop
  endfacet
  facet normal 0.249809 -0.02463 -0.967982
    outer loop
      vertex 14.2408 118.246 189.877
      vertex 12.9335 113.827 189.652
      vertex 13.0256 118.168 189.565
    endloop
  endfacet
  facet normal 0.277034 0.00531873 -0.960845
    outer loop
      vertex 15.3593 122.83 190.156
      vertex 14.3696 126.251 189.89
      vertex 15.2329 126.307 190.139
    endloop
  endfacet
  facet normal 0.309486 0.00654842 -0.950882
    outer loop
      vertex 15.3593 122.83 190.156
      vertex 15.2329 126.307 190.139
      vertex 16.0324 126.358 190.4
    endloop
  endfacet
  facet normal 0.717373 -0.0465072 0.695136
    outer loop
      vertex 20.7169 118.662 196.091
      vertex 20.4744 114.311 196.05
      vertex 20.8504 114.335 195.663
    endloop
  endfacet
  facet normal 0.716777 -0.0841777 0.692203
    outer loop
      vertex 20.4744 114.311 196.05
      vertex 20.4038 110.164 195.619
      vertex 20.8504 114.335 195.663
    endloop
  endfacet
  facet normal 0.922194 0.0256612 0.385875
    outer loop
      vertex 21.5097 126.709 194.905
      vertex 21.3809 126.701 195.214
      vertex 21.6082 123.232 194.901
    endloop
  endfacet
  facet normal 0.922195 0.0256606 0.385872
    outer loop
      vertex 21.4365 123.221 195.312
      vertex 21.3809 126.701 195.214
      vertex 21.3373 126.698 195.318
    endloop
  endfacet
  facet normal 0.922192 0.0256607 0.385879
    outer loop
      vertex 21.3809 126.701 195.214
      vertex 21.4365 123.221 195.312
      vertex 21.6082 123.232 194.901
    endloop
  endfacet
  facet normal 0.935067 0.0264861 -0.353481
    outer loop
      vertex 21.6227 123.232 194.07
      vertex 21.4063 126.703 193.758
      vertex 21.5243 126.71 194.07
    endloop
  endfacet
  facet normal 0.993101 0.0281066 -0.113844
    outer loop
      vertex 21.6227 123.232 194.07
      vertex 21.5364 126.711 194.176
      vertex 21.6703 123.236 194.487
    endloop
  endfacet
  facet normal 0.9931 0.028107 -0.113855
    outer loop
      vertex 21.5364 126.711 194.176
      vertex 21.6227 123.232 194.07
      vertex 21.5243 126.71 194.07
    endloop
  endfacet
  facet normal 0.0895448 -0.0516787 -0.994641
    outer loop
      vertex 2.84814 105.105 188.413
      vertex 1.43691 105.45 188.268
      vertex 1.44585 105.73 188.255
    endloop
  endfacet
  facet normal 0.0895615 -0.0516113 -0.994643
    outer loop
      vertex 1.43691 105.45 188.268
      vertex 2.84814 105.105 188.413
      vertex 1.43653 105.014 188.291
    endloop
  endfacet
  facet normal 0.0895634 -0.0516371 -0.994642
    outer loop
      vertex 1.41244 108.631 188.101
      vertex 2.84814 105.105 188.413
      vertex 1.44585 105.73 188.255
    endloop
  endfacet
  facet normal 0.089363 -0.0517199 -0.994655
    outer loop
      vertex 2.84814 105.105 188.413
      vertex 1.41244 108.631 188.101
      vertex 1.41309 108.664 188.099
    endloop
  endfacet
  facet normal 0.0904753 -0.0672207 -0.993627
    outer loop
      vertex 2.84814 105.105 188.413
      vertex 1.43333 102.582 188.455
      vertex 1.43653 105.014 188.291
    endloop
  endfacet
  facet normal 0.0904392 -0.0672006 -0.993632
    outer loop
      vertex 2.84814 105.105 188.413
      vertex 1.42055 102.311 188.472
      vertex 1.43333 102.582 188.455
    endloop
  endfacet
  facet normal 0.0905034 -0.0672332 -0.993624
    outer loop
      vertex 1.42055 102.311 188.472
      vertex 2.84814 105.105 188.413
      vertex 1.40926 101.602 188.519
    endloop
  endfacet
  facet normal 0.0914793 -0.0847292 -0.992196
    outer loop
      vertex 2.56635 97.9132 188.936
      vertex 1.37453 99.4853 188.692
      vertex 1.3994 100.994 188.565
    endloop
  endfacet
  facet normal 0.0914441 -0.084756 -0.992197
    outer loop
      vertex 2.56635 97.9132 188.936
      vertex 1.35744 99.2254 188.712
      vertex 1.37453 99.4853 188.692
    endloop
  endfacet
  facet normal 0.0914715 -0.0847308 -0.992196
    outer loop
      vertex 1.35744 99.2254 188.712
      vertex 2.56635 97.9132 188.936
      vertex 1.30971 97.8325 188.827
    endloop
  endfacet
  facet normal 0.107796 -0.085429 -0.990496
    outer loop
      vertex 3.91978 98 189.076
      vertex 2.56635 97.9132 188.936
      vertex 4.17113 101.483 188.803
    endloop
  endfacet
  facet normal 0.108884 -0.105735 -0.988415
    outer loop
      vertex 3.58896 94.7658 189.385
      vertex 2.56635 97.9132 188.936
      vertex 3.91978 98 189.076
    endloop
  endfacet
  facet normal 0.111415 -0.15673 -0.981337
    outer loop
      vertex 3.18121 91.793 189.729
      vertex 1.62936 89.0249 189.995
      vertex 2.00744 91.7177 189.608
    endloop
  endfacet
  facet normal 0.163715 -0.137268 -0.976911
    outer loop
      vertex 6.50941 92.0066 190.192
      vertex 5.43664 91.9378 190.022
      vertex 7.18534 94.9966 189.885
    endloop
  endfacet
  facet normal 0.183843 -0.141389 -0.972734
    outer loop
      vertex 7.53984 92.0728 190.377
      vertex 6.50941 92.0066 190.192
      vertex 7.18534 94.9966 189.885
    endloop
  endfacet
  facet normal 0.110076 -0.129179 -0.985493
    outer loop
      vertex 3.18121 91.793 189.729
      vertex 2.00744 91.7177 189.608
      vertex 2.32061 94.6844 189.254
    endloop
  endfacet
  facet normal 0.0748118 -0.965437 0.249668
    outer loop
      vertex -2.76643 78.5855 194.605
      vertex -3.38628 78.3811 194
      vertex -2.61081 78.5955 194.597
    endloop
  endfacet
  facet normal 0.21507 -0.704669 0.676156
    outer loop
      vertex 2.28105 80.2229 195.239
      vertex 0.260027 79.2731 194.892
      vertex 0.472044 79.2867 194.839
    endloop
  endfacet
  facet normal 0.0470264 -0.187739 0.981092
    outer loop
      vertex -0.0825872 88.5864 198.211
      vertex 0.391091 88.9454 198.257
      vertex -0.0386262 88.9178 198.273
    endloop
  endfacet
  facet normal 0.0469556 -0.187649 0.981113
    outer loop
      vertex -0.0981153 88.5098 198.197
      vertex 0.391091 88.9454 198.257
      vertex -0.0825872 88.5864 198.211
    endloop
  endfacet
  facet normal 0.0470454 -0.187746 0.98109
    outer loop
      vertex 0.391091 88.9454 198.257
      vertex -0.0981153 88.5098 198.197
      vertex -0.222855 87.7886 198.065
    endloop
  endfacet
  facet normal 0.0451668 -0.155602 0.986787
    outer loop
      vertex 0.0794221 89.7899 198.405
      vertex -0.0386262 88.9178 198.273
      vertex 0.391091 88.9454 198.257
    endloop
  endfacet
  facet normal 0.134702 -0.622262 0.771133
    outer loop
      vertex 0.106882 80.0834 195.627
      vertex -0.724396 79.2099 195.068
      vertex 0.513621 80.1095 195.577
    endloop
  endfacet
  facet normal 0.173074 -0.508419 0.843537
    outer loop
      vertex 2.19779 81.3611 195.995
      vertex 0.904595 80.1346 195.521
      vertex 1.27826 80.1585 195.459
    endloop
  endfacet
  facet normal 0.0526218 -0.770104 0.635744
    outer loop
      vertex -3.09746 78.8342 194.941
      vertex -3.08449 78.5651 194.614
      vertex -2.81363 79.074 195.208
    endloop
  endfacet
  facet normal 0.0529053 -0.770087 0.635741
    outer loop
      vertex -3.08449 78.5651 194.614
      vertex -3.09746 78.8342 194.941
      vertex -3.10959 78.8332 194.941
    endloop
  endfacet
  facet normal 0.0535524 -0.578135 0.814182
    outer loop
      vertex -2.63868 79.2887 195.35
      vertex -2.49722 79.0961 195.204
      vertex -2.10527 79.9414 195.778
    endloop
  endfacet
  facet normal 0.0535256 -0.578149 0.814174
    outer loop
      vertex -2.7903 79.0879 195.217
      vertex -2.49722 79.0961 195.204
      vertex -2.63868 79.2887 195.35
    endloop
  endfacet
  facet normal 0.0535301 -0.577135 0.814893
    outer loop
      vertex -2.80536 79.0795 195.212
      vertex -2.49722 79.0961 195.204
      vertex -2.7903 79.0879 195.217
    endloop
  endfacet
  facet normal 0.0536601 -0.580933 0.812181
    outer loop
      vertex -2.49722 79.0961 195.204
      vertex -2.80536 79.0795 195.212
      vertex -2.8112 79.076 195.21
    endloop
  endfacet
  facet normal 0.120177 -0.610927 0.782513
    outer loop
      vertex 0.106882 80.0834 195.627
      vertex -1.28465 79.174 195.131
      vertex -0.999731 79.1923 195.102
    endloop
  endfacet
  facet normal 0.0746897 -0.447693 0.891063
    outer loop
      vertex -1.1459 81.1465 196.31
      vertex -1.64481 79.9709 195.762
      vertex -0.551477 81.1847 196.28
    endloop
  endfacet
  facet normal 0.13334 -0.815051 0.563837
    outer loop
      vertex -0.724396 79.2099 195.068
      vertex -2.02532 78.6331 194.542
      vertex -0.45973 79.2269 195.03
    endloop
  endfacet
  facet normal 0.137284 -0.481102 0.865849
    outer loop
      vertex 1.15155 81.294 196.134
      vertex 0.106882 80.0834 195.627
      vertex 0.513621 80.1095 195.577
    endloop
  endfacet
  facet normal 0.0924996 -0.593215 0.799712
    outer loop
      vertex -1.19159 80 195.738
      vertex -1.87872 79.1358 195.177
      vertex -0.747409 80.0285 195.708
    endloop
  endfacet
  facet normal 0.175407 -0.403577 0.897974
    outer loop
      vertex 3.41498 82.9018 196.45
      vertex 2.19779 81.3611 195.995
      vertex 4.01674 82.9404 196.35
    endloop
  endfacet
  facet normal 0.175578 -0.325599 0.929063
    outer loop
      vertex 4.55052 84.7505 196.883
      vertex 3.41498 82.9018 196.45
      vertex 4.01674 82.9404 196.35
    endloop
  endfacet
  facet normal 0.817055 -0.5696 -0.0893076
    outer loop
      vertex 12.3481 87.3329 194.284
      vertex 12.3202 87.3311 194.041
      vertex 14.0577 89.8226 194.046
    endloop
  endfacet
  facet normal 0.757477 -0.647702 -0.0819171
    outer loop
      vertex 12.3481 87.3329 194.284
      vertex 10.4604 85.1298 194.249
      vertex 12.3202 87.3311 194.041
    endloop
  endfacet
  facet normal 0.184429 -0.491847 -0.850925
    outer loop
      vertex 2.26378 81.3654 192.207
      vertex 0.566127 80.1128 192.563
      vertex 1.75387 81.3326 192.116
    endloop
  endfacet
  facet normal 0.168175 -0.303183 -0.937975
    outer loop
      vertex 2.86989 82.8668 191.686
      vertex 2.21807 82.825 191.583
      vertex 3.90903 84.7093 191.277
    endloop
  endfacet
  facet normal 0.133699 -0.59952 -0.789114
    outer loop
      vertex -0.257746 80.06 192.441
      vertex -1.24656 79.1764 192.945
      vertex -0.689589 80.0322 192.389
    endloop
  endfacet
  facet normal 0.734814 -0.169101 -0.656851
    outer loop
      vertex 19.8001 106.193 193.307
      vertex 18.9615 102.432 193.337
      vertex 19.4599 106.171 192.932
    endloop
  endfacet
  facet normal 0.916762 -0.208193 -0.340885
    outer loop
      vertex 20.1852 106.218 194.064
      vertex 19.1931 102.447 193.698
      vertex 20.0422 106.208 193.685
    endloop
  endfacet
  facet normal 0.392851 -0.102231 -0.913902
    outer loop
      vertex 16.4259 102.27 191.597
      vertex 15.6573 102.22 191.272
      vertex 16.3466 105.971 191.149
    endloop
  endfacet
  facet normal 0.393101 -0.132431 -0.909909
    outer loop
      vertex 16.4259 102.27 191.597
      vertex 14.8026 98.6985 191.416
      vertex 15.6573 102.22 191.272
    endloop
  endfacet
  facet normal 0.281361 -0.0843125 -0.955891
    outer loop
      vertex 13.881 102.106 190.656
      vertex 13.4439 105.785 190.203
      vertex 14.4899 105.852 190.505
    endloop
  endfacet
  facet normal 0.280516 -0.0625206 -0.957811
    outer loop
      vertex 14.4899 105.852 190.505
      vertex 13.4439 105.785 190.203
      vertex 13.8593 109.744 190.066
    endloop
  endfacet
  facet normal 0.351129 -0.122992 -0.928214
    outer loop
      vertex 15.6573 102.22 191.272
      vertex 13.9978 98.6469 191.118
      vertex 14.8079 102.166 190.958
    endloop
  endfacet
  facet normal 0.351118 -0.122987 -0.928219
    outer loop
      vertex 14.8026 98.6985 191.416
      vertex 13.9978 98.6469 191.118
      vertex 15.6573 102.22 191.272
    endloop
  endfacet
  facet normal 0.123576 -0.0260799 0.991992
    outer loop
      vertex 8.76112 117.895 199.775
      vertex 7.27206 117.799 199.958
      vertex 8.75237 113.558 199.662
    endloop
  endfacet
  facet normal 0.0681932 -0.00465826 0.997661
    outer loop
      vertex 2.57058 125.494 200.445
      vertex 2.33691 121.995 200.445
      vertex 3.98379 122.1 200.333
    endloop
  endfacet
  facet normal 0.0681922 -0.00465818 0.997661
    outer loop
      vertex 2.33691 121.995 200.445
      vertex 2.57058 125.494 200.445
      vertex 2.15218 125.467 200.473
    endloop
  endfacet
  facet normal 0.122108 -0.00197812 0.992515
    outer loop
      vertex 8.50285 125.875 199.875
      vertex 7.37117 125.802 200.014
      vertex 8.65927 122.4 199.849
    endloop
  endfacet
  facet normal 0.214261 0.00201009 0.976774
    outer loop
      vertex 13.6035 126.202 198.976
      vertex 14.0511 122.746 198.885
      vertex 13.9188 126.222 198.907
    endloop
  endfacet
  facet normal 0.214255 0.00200928 0.976776
    outer loop
      vertex 14.0511 122.746 198.885
      vertex 13.6035 126.202 198.976
      vertex 12.8101 122.667 199.158
    endloop
  endfacet
  facet normal 0.188844 -0.0120735 0.981933
    outer loop
      vertex 12.8101 122.667 199.158
      vertex 11.4943 122.582 199.41
      vertex 12.8597 118.158 199.093
    endloop
  endfacet
  facet normal 0.122093 -0.00198368 0.992517
    outer loop
      vertex 7.37117 125.802 200.014
      vertex 7.15122 122.304 200.034
      vertex 8.65927 122.4 199.849
    endloop
  endfacet
  facet normal 0.122074 -0.00198246 0.992519
    outer loop
      vertex 7.15122 122.304 200.034
      vertex 7.37117 125.802 200.014
      vertex 6.98805 125.777 200.061
    endloop
  endfacet
  facet normal 0.103129 -0.00288907 0.994664
    outer loop
      vertex 6.98805 125.777 200.061
      vertex 5.81698 125.702 200.182
      vertex 7.15122 122.304 200.034
    endloop
  endfacet
  facet normal 0.215091 -0.0117071 0.976524
    outer loop
      vertex 14.085 118.236 198.824
      vertex 12.8101 122.667 199.158
      vertex 12.8597 118.158 199.093
    endloop
  endfacet
  facet normal 0.215952 -0.0268041 0.976036
    outer loop
      vertex 12.8597 118.158 199.093
      vertex 12.7708 113.816 198.993
      vertex 14.085 118.236 198.824
    endloop
  endfacet
  facet normal 0.280696 -0.0912872 0.955446
    outer loop
      vertex 15.3356 105.906 197.895
      vertex 13.7531 102.098 197.996
      vertex 14.69 102.158 197.727
    endloop
  endfacet
  facet normal 0.281478 -0.117309 0.95237
    outer loop
      vertex 14.69 102.158 197.727
      vertex 12.9984 98.5827 197.786
      vertex 13.8861 98.6397 197.531
    endloop
  endfacet
  facet normal 0.356486 0.00732232 0.934272
    outer loop
      vertex 17.3874 126.445 197.888
      vertex 17.2776 122.954 197.957
      vertex 18.1735 123.011 197.615
    endloop
  endfacet
  facet normal 0.356477 0.00732271 0.934276
    outer loop
      vertex 17.2776 122.954 197.957
      vertex 17.3874 126.445 197.888
      vertex 17.1598 126.43 197.975
    endloop
  endfacet
  facet normal 0.313478 0.00578724 0.949578
    outer loop
      vertex 16.9087 126.414 198.058
      vertex 17.2776 122.954 197.957
      vertex 17.1598 126.43 197.975
    endloop
  endfacet
  facet normal 0.313494 0.00578909 0.949572
    outer loop
      vertex 17.2776 122.954 197.957
      vertex 16.9087 126.414 198.058
      vertex 16.2893 122.89 198.284
    endloop
  endfacet
  facet normal 0.210128 -0.885534 -0.414338
    outer loop
      vertex -1.21577 78.6851 193.71
      vertex -1.30619 78.6793 193.676
      vertex 0.871677 79.3124 193.428
    endloop
  endfacet
  facet normal 0.226479 -0.911205 -0.344111
    outer loop
      vertex -1.06108 78.695 193.78
      vertex -1.13396 78.6903 193.744
      vertex 1.17667 79.332 193.566
    endloop
  endfacet
  facet normal 0.112906 -0.978323 -0.173601
    outer loop
      vertex -1.40486 78.6729 193.644
      vertex -3.38628 78.3811 194
      vertex -1.51139 78.6661 193.613
    endloop
  endfacet
  facet normal 0.191905 -0.859596 -0.473569
    outer loop
      vertex -1.40486 78.6729 193.644
      vertex -1.51139 78.6661 193.613
      vertex 0.498877 79.2885 193.298
    endloop
  endfacet
  facet normal 0.321712 -0.822172 -0.469611
    outer loop
      vertex 3.50736 80.3016 193.465
      vertex 1.30218 79.34 193.638
      vertex 3.32195 80.2897 193.359
    endloop
  endfacet
  facet normal 0.384102 -0.709171 -0.59122
    outer loop
      vertex 3.50736 80.3016 193.465
      vertex 3.32195 80.2897 193.359
      vertex 5.36829 81.5646 193.159
    endloop
  endfacet
  facet normal 0.364246 -0.906963 0.211525
    outer loop
      vertex 3.88411 80.3258 194.463
      vertex 1.55722 79.3564 194.314
      vertex 3.95978 80.3307 194.354
    endloop
  endfacet
  facet normal 0.237841 -0.945065 0.224242
    outer loop
      vertex 1.39602 79.346 194.458
      vertex -0.949815 78.7021 194.232
      vertex 1.48632 79.3518 194.387
    endloop
  endfacet
  facet normal 0.249888 -0.953031 -0.171135
    outer loop
      vertex -0.864053 78.7076 193.929
      vertex -0.898705 78.7054 193.891
      vertex 1.5651 79.3569 193.861
    endloop
  endfacet
  facet normal 0.245533 -0.944551 -0.218028
    outer loop
      vertex -0.898705 78.7054 193.891
      vertex -0.943217 78.7026 193.853
      vertex 1.49679 79.3525 193.786
    endloop
  endfacet
  facet normal 0.377315 -0.918265 -0.120098
    outer loop
      vertex 1.64243 79.3618 194.013
      vertex 1.61372 79.36 193.937
      vertex 3.96758 80.3312 193.906
    endloop
  endfacet
  facet normal 0.253026 -0.95965 -0.12268
    outer loop
      vertex 1.61372 79.36 193.937
      vertex -0.839396 78.7092 193.968
      vertex 1.5651 79.3569 193.861
    endloop
  endfacet
  facet normal 0.596849 -0.79992 -0.0624533
    outer loop
      vertex 6.28756 81.6236 194.172
      vertex 6.2707 81.6226 194.025
      vertex 8.43671 83.2241 194.211
    endloop
  endfacet
  facet normal 0.482892 -0.857239 0.178765
    outer loop
      vertex 6.20485 81.6183 194.464
      vertex 3.95978 80.3307 194.354
      vertex 4.00609 80.3336 194.243
    endloop
  endfacet
  facet normal 0.132921 -0.288923 -0.94808
    outer loop
      vertex 2.34759 84.6091 191.045
      vertex 0.847649 82.737 191.405
      vertex 1.52913 84.5565 190.946
    endloop
  endfacet
  facet normal 0.116507 -0.283724 -0.951802
    outer loop
      vertex 0.847649 82.737 191.405
      vertex 0.134456 82.6913 191.331
      vertex 0.689803 84.5027 190.859
    endloop
  endfacet
  facet normal 0.206409 -0.664889 -0.717857
    outer loop
      vertex 0.0641401 79.2605 193.18
      vertex -0.174346 79.2452 193.126
      vertex 1.67848 80.1842 192.789
    endloop
  endfacet
  facet normal 0.206382 -0.664852 -0.717898
    outer loop
      vertex 1.67848 80.1842 192.789
      vertex -0.174346 79.2452 193.126
      vertex 1.32618 80.1616 192.708
    endloop
  endfacet
  facet normal 0.120287 -0.451674 -0.884037
    outer loop
      vertex 0.106927 81.2269 191.887
      vertex -1.13245 80.0038 192.343
      vertex -0.473908 81.1897 191.827
    endloop
  endfacet
  facet normal 0.187038 -0.388592 -0.902227
    outer loop
      vertex 3.496 82.907 191.799
      vertex 2.26378 81.3654 192.207
      vertex 2.86989 82.8668 191.686
    endloop
  endfacet
  facet normal 0.206589 -0.401568 -0.892224
    outer loop
      vertex 4.0939 82.9454 191.92
      vertex 2.26378 81.3654 192.207
      vertex 3.496 82.907 191.799
    endloop
  endfacet
  facet normal 0.152962 -0.813832 -0.560607
    outer loop
      vertex -0.425674 79.2291 193.075
      vertex -2.0073 78.6343 193.507
      vertex -0.688853 79.2122 193.027
    endloop
  endfacet
  facet normal 0.133176 -0.796072 -0.590368
    outer loop
      vertex -2.14627 78.6253 193.485
      vertex -2.29017 78.6161 193.465
      vertex -0.962842 79.1946 192.984
    endloop
  endfacet
  facet normal 0.143047 -0.804439 -0.576554
    outer loop
      vertex -0.688853 79.2122 193.027
      vertex -2.0073 78.6343 193.507
      vertex -0.962842 79.1946 192.984
    endloop
  endfacet
  facet normal 0.110286 -0.976525 -0.185032
    outer loop
      vertex -3.10673 78.4252 193.934
      vertex -3.07958 78.428 193.935
      vertex -3.38628 78.3811 194
    endloop
  endfacet
  facet normal 0.109832 -0.979497 -0.168888
    outer loop
      vertex -3.07958 78.428 193.935
      vertex -3.10673 78.4252 193.934
      vertex -3.09922 78.426 193.934
    endloop
  endfacet
  facet normal 0.109781 -0.976174 -0.187168
    outer loop
      vertex -3.07958 78.428 193.935
      vertex -1.51139 78.6661 193.613
      vertex -3.38628 78.3811 194
    endloop
  endfacet
  facet normal 0.110233 -0.976498 -0.185205
    outer loop
      vertex -3.05666 78.4331 193.922
      vertex -1.51139 78.6661 193.613
      vertex -3.07958 78.428 193.935
    endloop
  endfacet
  facet normal 0.110203 -0.976476 -0.185339
    outer loop
      vertex -1.51139 78.6661 193.613
      vertex -3.05666 78.4331 193.922
      vertex -1.62537 78.6588 193.584
    endloop
  endfacet
  facet normal 0.107251 -0.584925 -0.803965
    outer loop
      vertex -1.13245 80.0038 192.343
      vertex -1.55903 79.9325 192.338
      vertex -1.53752 79.9778 192.308
    endloop
  endfacet
  facet normal 0.107235 -0.584828 -0.804038
    outer loop
      vertex -1.13245 80.0038 192.343
      vertex -1.58288 79.8937 192.363
      vertex -1.55903 79.9325 192.338
    endloop
  endfacet
  facet normal 0.107264 -0.58493 -0.80396
    outer loop
      vertex -1.13245 80.0038 192.343
      vertex -1.63941 79.7943 192.428
      vertex -1.58288 79.8937 192.363
    endloop
  endfacet
  facet normal 0.107231 -0.584869 -0.804008
    outer loop
      vertex -1.63941 79.7943 192.428
      vertex -1.13245 80.0038 192.343
      vertex -1.83868 79.1384 192.878
    endloop
  endfacet
  facet normal 0.356971 -0.304323 0.883153
    outer loop
      vertex 11.2254 89.6408 196.579
      vertex 9.78357 87.1683 196.31
      vertex 10.3066 87.2019 196.11
    endloop
  endfacet
  facet normal 0.352499 -0.366707 0.860971
    outer loop
      vertex 9.78357 87.1683 196.31
      vertex 8.67294 85.015 195.848
      vertex 10.3066 87.2019 196.11
    endloop
  endfacet
  facet normal 0.511587 -0.391217 0.765002
    outer loop
      vertex 12.7876 89.741 195.883
      vertex 11.1827 87.2581 195.686
      vertex 13.1779 89.7661 195.635
    endloop
  endfacet
  facet normal 0.521935 -0.327194 0.787736
    outer loop
      vertex 14.2443 92.5031 196.065
      vertex 12.7876 89.741 195.883
      vertex 13.1779 89.7661 195.635
    endloop
  endfacet
  facet normal 0.356966 -0.304322 0.883156
    outer loop
      vertex 11.2254 89.6408 196.579
      vertex 10.3066 87.2019 196.11
      vertex 11.8094 89.6783 196.356
    endloop
  endfacet
  facet normal 0.408708 -0.224782 0.884551
    outer loop
      vertex 14.3843 95.4587 196.792
      vertex 13.7434 92.4709 196.329
      vertex 15.0022 95.4983 196.517
    endloop
  endfacet
  facet normal 0.281481 -0.11731 0.952369
    outer loop
      vertex 13.7531 102.098 197.996
      vertex 12.9984 98.5827 197.786
      vertex 14.69 102.158 197.727
    endloop
  endfacet
  facet normal 0.248779 -0.110876 0.962193
    outer loop
      vertex 13.7531 102.098 197.996
      vertex 12.0412 98.5213 198.027
      vertex 12.9984 98.5827 197.786
    endloop
  endfacet
  facet normal 0.250923 -0.25114 0.934862
    outer loop
      vertex 9.12218 89.5058 197.184
      vertex 7.8999 87.0474 196.852
      vertex 8.57784 87.0909 196.682
    endloop
  endfacet
  facet normal 0.250291 -0.170247 0.953085
    outer loop
      vertex 11.1999 95.2543 197.774
      vertex 10.2246 92.2451 197.492
      vertex 11.0547 92.2984 197.284
    endloop
  endfacet
  facet normal 0.309435 -0.415007 0.855581
    outer loop
      vertex 7.70975 84.9532 196.19
      vertex 6.52873 83.1017 195.719
      vertex 8.21498 84.9856 196.023
    endloop
  endfacet
  facet normal 0.344761 -0.442178 0.828021
    outer loop
      vertex 8.21498 84.9856 196.023
      vertex 6.52873 83.1017 195.719
      vertex 8.67294 85.015 195.848
    endloop
  endfacet
  facet normal 0.222785 -0.238555 0.945229
    outer loop
      vertex 8.31327 89.4539 197.362
      vertex 7.17541 87.0009 197.011
      vertex 9.12218 89.5058 197.184
    endloop
  endfacet
  facet normal 0.250369 -0.30455 0.919002
    outer loop
      vertex 7.8999 87.0474 196.852
      vertex 6.56566 84.8798 196.497
      vertex 8.57784 87.0909 196.682
    endloop
  endfacet
  facet normal 0.222771 -0.238545 0.945235
    outer loop
      vertex 9.12218 89.5058 197.184
      vertex 7.17541 87.0009 197.011
      vertex 7.8999 87.0474 196.852
    endloop
  endfacet
  facet normal 0.196388 -0.187948 0.962345
    outer loop
      vertex 8.39688 92.1278 197.867
      vertex 8.31327 89.4539 197.362
      vertex 9.33748 92.1881 197.687
    endloop
  endfacet
  facet normal 0.197877 -0.276822 0.940327
    outer loop
      vertex 6.40725 86.9516 197.158
      vertex 5.25871 84.7959 196.765
      vertex 5.93131 84.8391 196.636
    endloop
  endfacet
  facet normal 0.174898 -0.265973 0.947982
    outer loop
      vertex 6.40725 86.9516 197.158
      vertex 4.55052 84.7505 196.883
      vertex 5.25871 84.7959 196.765
    endloop
  endfacet
  facet normal 0.361231 -0.168512 0.917124
    outer loop
      vertex 14.7007 98.692 197.262
      vertex 13.6922 95.4142 197.057
      vertex 14.3843 95.4587 196.792
    endloop
  endfacet
  facet normal 0.318999 -0.156619 0.934725
    outer loop
      vertex 13.8861 98.6397 197.531
      vertex 13.6922 95.4142 197.057
      vertex 14.7007 98.692 197.262
    endloop
  endfacet
  facet normal 0.410589 -0.145902 0.900072
    outer loop
      vertex 17.0252 102.308 196.835
      vertex 15.4392 98.7394 196.98
      vertex 16.0986 98.7817 196.686
    endloop
  endfacet
  facet normal 0.410572 -0.145894 0.900081
    outer loop
      vertex 16.3293 102.263 197.145
      vertex 15.4392 98.7394 196.98
      vertex 17.0252 102.308 196.835
    endloop
  endfacet
  facet normal 0.409526 -0.0568484 0.910526
    outer loop
      vertex 18.7375 114.199 197.154
      vertex 17.5942 109.984 197.405
      vertex 18.3478 110.032 197.069
    endloop
  endfacet
  facet normal 0.410186 -0.083477 0.908173
    outer loop
      vertex 18.3478 110.032 197.069
      vertex 17.5942 109.984 197.405
      vertex 17.7763 106.063 196.963
    endloop
  endfacet
  facet normal 0.618689 -0.152288 0.770735
    outer loop
      vertex 18.958 106.139 196.28
      vertex 18.586 102.408 195.842
      vertex 19.4077 106.168 195.925
    endloop
  endfacet
  facet normal 0.620436 -0.111974 0.776222
    outer loop
      vertex 19.5721 110.111 196.363
      vertex 18.958 106.139 196.28
      vertex 19.4077 106.168 195.925
    endloop
  endfacet
  facet normal 0.811458 -0.190524 0.552481
    outer loop
      vertex 20.0159 106.207 195.193
      vertex 18.9239 102.43 195.495
      vertex 19.1679 102.446 195.142
    endloop
  endfacet
  facet normal 0.802527 -0.245249 0.543878
    outer loop
      vertex 18.9239 102.43 195.495
      vertex 17.8975 98.8972 195.416
      vertex 19.1679 102.446 195.142
    endloop
  endfacet
  facet normal 0.964903 -0.220588 0.142491
    outer loop
      vertex 20.1721 106.217 194.819
      vertex 19.3173 102.455 194.784
      vertex 20.2286 106.22 194.442
    endloop
  endfacet
  facet normal 0.976022 -0.162602 0.144715
    outer loop
      vertex 20.8883 110.195 194.458
      vertex 20.1721 106.217 194.819
      vertex 20.2286 106.22 194.442
    endloop
  endfacet
  facet normal 0.0389618 -0.0540168 0.99778
    outer loop
      vertex 1.11119 106.322 200.011
      vertex 1.09506 104.992 199.94
      vertex 1.12079 104.994 199.939
    endloop
  endfacet
  facet normal 0.14474 -0.0405178 0.98864
    outer loop
      vertex 8.75237 113.558 199.662
      vertex 8.63132 109.408 199.51
      vertex 9.99692 109.496 199.313
    endloop
  endfacet
  facet normal 0.10722 -0.0714082 0.991668
    outer loop
      vertex 7.02638 105.373 199.487
      vertex 5.60738 105.282 199.634
      vertex 6.7402 101.648 199.249
    endloop
  endfacet
  facet normal 0.052496 -0.0158961 0.998495
    outer loop
      vertex 2.33691 121.995 200.445
      vertex 0.842123 121.449 200.515
      vertex 2.5184 117.494 200.363
    endloop
  endfacet
  facet normal 0.0525022 -0.0159132 0.998494
    outer loop
      vertex 0.842123 121.449 200.515
      vertex 2.33691 121.995 200.445
      vertex 0.824893 121.898 200.523
    endloop
  endfacet
  facet normal 0.0688608 -0.0152184 0.99751
    outer loop
      vertex 3.98379 122.1 200.333
      vertex 2.33691 121.995 200.445
      vertex 2.5184 117.494 200.363
    endloop
  endfacet
  facet normal 0.585913 -0.784772 -0.202085
    outer loop
      vertex 6.2707 81.6226 194.025
      vertex 6.21507 81.619 193.877
      vertex 8.3477 83.2184 193.849
    endloop
  endfacet
  facet normal 0.563598 -0.757254 -0.330037
    outer loop
      vertex 6.21507 81.619 193.877
      vertex 6.12089 81.6129 193.73
      vertex 8.3477 83.2184 193.849
    endloop
  endfacet
  facet normal 0.378152 -0.92451 0.0477761
    outer loop
      vertex 4.00609 80.3336 194.243
      vertex 1.63979 79.3617 194.165
      vertex 4.02285 80.3347 194.131
    endloop
  endfacet
  facet normal 0.378152 -0.924507 0.0478292
    outer loop
      vertex 4.02285 80.3347 194.131
      vertex 1.63979 79.3617 194.165
      vertex 1.65113 79.3624 194.089
    endloop
  endfacet
  facet normal 0.754189 -0.647913 0.106804
    outer loop
      vertex 12.3118 87.3306 194.526
      vertex 10.4286 85.1277 194.461
      vertex 10.4604 85.1298 194.249
    endloop
  endfacet
  facet normal 0.724225 -0.627612 0.285659
    outer loop
      vertex 12.3118 87.3306 194.526
      vertex 10.3409 85.1221 194.671
      vertex 10.4286 85.1277 194.461
    endloop
  endfacet
  facet normal 0.44296 -0.427253 0.788188
    outer loop
      vertex 10.7736 87.2318 195.902
      vertex 9.44005 85.0643 195.477
      vertex 11.1827 87.2581 195.686
    endloop
  endfacet
  facet normal 0.426841 -0.508636 0.747727
    outer loop
      vertex 9.08184 85.0413 195.665
      vertex 7.26532 83.1489 195.415
      vertex 9.44005 85.0643 195.477
    endloop
  endfacet
  facet normal 0.554564 -0.505744 0.660819
    outer loop
      vertex 11.5323 87.2805 195.464
      vertex 9.74616 85.0839 195.282
      vertex 11.821 87.2991 195.236
    endloop
  endfacet
  facet normal 0.615617 -0.549618 0.564744
    outer loop
      vertex 11.821 87.2991 195.236
      vertex 10.1975 85.1129 194.878
      vertex 12.0478 87.3136 195.003
    endloop
  endfacet
  facet normal 0.308376 -0.645623 0.698624
    outer loop
      vertex 4.73368 81.5239 195.4
      vertex 3.07972 80.2742 194.975
      vertex 5.0506 81.5442 195.279
    endloop
  endfacet
  facet normal 0.401874 -0.603349 0.688816
    outer loop
      vertex 7.56969 83.1685 195.255
      vertex 5.33356 81.5624 195.153
      vertex 5.58145 81.5783 195.022
    endloop
  endfacet
  facet normal 0.444379 -0.810405 0.3818
    outer loop
      vertex 6.1056 81.612 194.608
      vertex 3.77938 80.3191 194.571
      vertex 3.88411 80.3258 194.463
    endloop
  endfacet
  facet normal 0.352532 -0.890567 0.287422
    outer loop
      vertex 3.77938 80.3191 194.571
      vertex 1.55722 79.3564 194.314
      vertex 3.88411 80.3258 194.463
    endloop
  endfacet
  facet normal 0.466291 -0.837405 0.285176
    outer loop
      vertex 6.1056 81.612 194.608
      vertex 3.88411 80.3258 194.463
      vertex 6.20485 81.6183 194.464
    endloop
  endfacet
  facet normal 0.551786 -0.758002 0.3478
    outer loop
      vertex 8.33515 83.2176 194.57
      vertex 6.1056 81.612 194.608
      vertex 6.20485 81.6183 194.464
    endloop
  endfacet
  facet normal 0.594343 -0.800084 0.081379
    outer loop
      vertex 8.40972 83.2224 194.391
      vertex 6.26558 81.6222 194.319
      vertex 8.43671 83.2241 194.211
    endloop
  endfacet
  facet normal 0.578549 -0.785243 0.220624
    outer loop
      vertex 8.33515 83.2176 194.57
      vertex 6.26558 81.6222 194.319
      vertex 8.40972 83.2224 194.391
    endloop
  endfacet
  facet normal 0.573635 -0.634038 0.518593
    outer loop
      vertex 9.99896 85.1002 195.082
      vertex 8.04462 83.199 194.92
      vertex 10.1975 85.1129 194.878
    endloop
  endfacet
  facet normal 0.620708 -0.674833 0.399151
    outer loop
      vertex 10.1975 85.1129 194.878
      vertex 8.21329 83.2098 194.746
      vertex 8.33515 83.2176 194.57
    endloop
  endfacet
  facet normal 0.287267 -0.798251 0.529408
    outer loop
      vertex 3.07972 80.2742 194.975
      vertex 1.0127 79.3214 194.66
      vertex 1.15874 79.3308 194.595
    endloop
  endfacet
  facet normal 0.322421 -0.847624 0.4214
    outer loop
      vertex 3.48447 80.3001 194.779
      vertex 1.39602 79.346 194.458
      vertex 3.64599 80.3105 194.676
    endloop
  endfacet
  facet normal 0.0662365 -0.581668 0.810725
    outer loop
      vertex -2.10527 79.9414 195.778
      vertex -2.49722 79.0961 195.204
      vertex -2.18552 79.1162 195.192
    endloop
  endfacet
  facet normal 0.195412 -0.154536 0.968469
    outer loop
      vertex 10.2413 95.1927 197.984
      vertex 9.2249 95.1275 198.179
      vertex 9.33748 92.1881 197.687
    endloop
  endfacet
  facet normal 0.221442 -0.161694 0.961675
    outer loop
      vertex 10.2413 95.1927 197.984
      vertex 9.33748 92.1881 197.687
      vertex 11.1999 95.2543 197.774
    endloop
  endfacet
  facet normal 0.822565 -0.0515666 0.566328
    outer loop
      vertex 21.3774 118.704 195.296
      vertex 20.8504 114.335 195.663
      vertex 21.122 114.352 195.27
    endloop
  endfacet
  facet normal 0.820898 -0.093943 0.563295
    outer loop
      vertex 20.8504 114.335 195.663
      vertex 20.6681 110.181 195.236
      vertex 21.122 114.352 195.27
    endloop
  endfacet
  facet normal 0.124799 -0.0864901 -0.988405
    outer loop
      vertex 5.23954 98.0847 189.235
      vertex 3.91978 98 189.076
      vertex 5.56407 101.572 188.971
    endloop
  endfacet
  facet normal 0.142665 -0.0879593 -0.985855
    outer loop
      vertex 6.52042 98.167 189.413
      vertex 5.23954 98.0847 189.235
      vertex 5.56407 101.572 188.971
    endloop
  endfacet
  facet normal 0.096774 -0.187361 -0.977513
    outer loop
      vertex 0.589954 88.7638 189.942
      vertex 1.62936 89.0249 189.995
      vertex 1.18913 86.6167 190.413
    endloop
  endfacet
  facet normal 0.0967835 -0.1874 -0.977504
    outer loop
      vertex 1.62936 89.0249 189.995
      vertex 0.589954 88.7638 189.942
      vertex 0.614116 88.9597 189.907
    endloop
  endfacet
  facet normal 0.0925546 -0.104675 -0.99019
    outer loop
      vertex 2.32061 94.6844 189.254
      vertex 1.2618 96.4647 188.967
      vertex 1.29841 97.5099 188.86
    endloop
  endfacet
  facet normal 0.0925795 -0.10466 -0.99019
    outer loop
      vertex 2.32061 94.6844 189.254
      vertex 1.23968 96.2167 188.991
      vertex 1.2618 96.4647 188.967
    endloop
  endfacet
  facet normal 0.0925714 -0.104666 -0.99019
    outer loop
      vertex 1.23968 96.2167 188.991
      vertex 2.32061 94.6844 189.254
      vertex 1.14731 94.6091 189.152
    endloop
  endfacet
  facet normal 0.121513 -0.988368 0.0914495
    outer loop
      vertex -1.00527 78.6986 194.268
      vertex -3.38628 78.3811 194
      vertex -0.949815 78.7021 194.232
    endloop
  endfacet
  facet normal 0.197897 -0.684701 0.701442
    outer loop
      vertex 1.63315 80.1813 195.391
      vertex 0.0334533 79.2586 194.942
      vertex 0.260027 79.2731 194.892
    endloop
  endfacet
  facet normal 0.0792221 -0.586686 0.80593
    outer loop
      vertex -1.64481 79.9709 195.762
      vertex -2.18552 79.1162 195.192
      vertex -1.87872 79.1358 195.177
    endloop
  endfacet
  facet normal 0.0662439 -0.581668 0.810724
    outer loop
      vertex -2.10527 79.9414 195.778
      vertex -2.18552 79.1162 195.192
      vertex -1.64481 79.9709 195.762
    endloop
  endfacet
  facet normal 0.165219 -0.649982 0.741773
    outer loop
      vertex 1.27826 80.1585 195.459
      vertex -0.45973 79.2269 195.03
      vertex -0.206781 79.2432 194.988
    endloop
  endfacet
  facet normal 0.106142 -0.601284 0.791954
    outer loop
      vertex -0.747409 80.0285 195.708
      vertex -1.57803 79.1551 195.156
      vertex -1.28465 79.174 195.131
    endloop
  endfacet
  facet normal 0.092488 -0.593205 0.799721
    outer loop
      vertex -0.747409 80.0285 195.708
      vertex -1.87872 79.1358 195.177
      vertex -1.57803 79.1551 195.156
    endloop
  endfacet
  facet normal 0.757477 -0.647702 -0.0819133
    outer loop
      vertex 10.4604 85.1298 194.249
      vertex 10.436 85.1282 194.036
      vertex 12.3202 87.3311 194.041
    endloop
  endfacet
  facet normal 0.667332 -0.706812 -0.234701
    outer loop
      vertex 10.436 85.1282 194.036
      vertex 8.41601 83.2228 194.03
      vertex 10.3557 85.123 193.823
    endloop
  endfacet
  facet normal 0.206605 -0.401585 -0.892213
    outer loop
      vertex 2.75072 81.3966 192.306
      vertex 2.26378 81.3654 192.207
      vertex 4.0939 82.9454 191.92
    endloop
  endfacet
  facet normal 0.202379 -0.506549 -0.838124
    outer loop
      vertex 2.75072 81.3966 192.306
      vertex 1.32618 80.1616 192.708
      vertex 2.26378 81.3654 192.207
    endloop
  endfacet
  facet normal 0.0873422 -0.965839 -0.24398
    outer loop
      vertex -3.2749 78.4076 193.935
      vertex -3.38628 78.3811 194
      vertex -3.2961 78.4055 193.936
    endloop
  endfacet
  facet normal 0.0872071 -0.965777 -0.244273
    outer loop
      vertex -2.43845 78.6066 193.447
      vertex -2.59086 78.5703 193.536
      vertex -2.51538 78.6016 193.439
    endloop
  endfacet
  facet normal 0.090906 -0.966924 -0.238317
    outer loop
      vertex -3.25224 78.4098 193.935
      vertex -3.38628 78.3811 194
      vertex -3.2749 78.4076 193.935
    endloop
  endfacet
  facet normal 0.0908434 -0.966903 -0.238423
    outer loop
      vertex -2.59086 78.5703 193.536
      vertex -2.29017 78.6161 193.465
      vertex -2.68535 78.5314 193.658
    endloop
  endfacet
  facet normal 0.0908094 -0.966875 -0.238549
    outer loop
      vertex -2.29017 78.6161 193.465
      vertex -2.59086 78.5703 193.536
      vertex -2.43845 78.6066 193.447
    endloop
  endfacet
  facet normal 0.830211 -0.189318 -0.524316
    outer loop
      vertex 19.1931 102.447 193.698
      vertex 18.9615 102.432 193.337
      vertex 20.0422 106.208 193.685
    endloop
  endfacet
  facet normal 0.820987 -0.244064 -0.516152
    outer loop
      vertex 19.1931 102.447 193.698
      vertex 17.9331 98.8995 193.372
      vertex 18.9615 102.432 193.337
    endloop
  endfacet
  facet normal 0.0525024 -0.0158916 0.998494
    outer loop
      vertex 2.5184 117.494 200.363
      vertex 0.897458 119.954 200.488
      vertex 0.978027 117.395 200.443
    endloop
  endfacet
  facet normal 0.0523874 -0.0159676 0.998499
    outer loop
      vertex 2.5184 117.494 200.363
      vertex 0.897398 120.01 200.489
      vertex 0.897458 119.954 200.488
    endloop
  endfacet
  facet normal 0.0525017 -0.0158937 0.998494
    outer loop
      vertex 0.897398 120.01 200.489
      vertex 2.5184 117.494 200.363
      vertex 0.842123 121.449 200.515
    endloop
  endfacet
  facet normal 0.0695914 -0.0268391 0.997214
    outer loop
      vertex 4.14454 117.598 200.253
      vertex 2.5184 117.494 200.363
      vertex 2.6317 113.166 200.239
    endloop
  endfacet
  facet normal 0.189679 -0.026392 0.981491
    outer loop
      vertex 11.5604 118.074 199.341
      vertex 11.497 113.735 199.237
      vertex 12.8597 118.158 199.093
    endloop
  endfacet
  facet normal 0.188845 -0.0120732 0.981933
    outer loop
      vertex 12.8597 118.158 199.093
      vertex 11.4943 122.582 199.41
      vertex 11.5604 118.074 199.341
    endloop
  endfacet
  facet normal 0.278005 -0.0282511 0.960164
    outer loop
      vertex 15.2316 118.31 198.536
      vertex 15.0964 113.966 198.447
      vertex 16.295 118.378 198.23
    endloop
  endfacet
  facet normal 0.244266 -0.0113967 0.969641
    outer loop
      vertex 15.2123 122.821 198.594
      vertex 14.0511 122.746 198.885
      vertex 14.085 118.236 198.824
    endloop
  endfacet
  facet normal 0.305528 -0.797037 -0.520946
    outer loop
      vertex 1.17667 79.332 193.566
      vertex 1.03298 79.3227 193.496
      vertex 3.10968 80.2761 193.255
    endloop
  endfacet
  facet normal 0.119814 -0.983689 -0.134164
    outer loop
      vertex -1.13396 78.6903 193.744
      vertex -3.38628 78.3811 194
      vertex -1.21577 78.6851 193.71
    endloop
  endfacet
  facet normal 0.288835 -0.772073 -0.566107
    outer loop
      vertex 1.03298 79.3227 193.496
      vertex 0.871677 79.3124 193.428
      vertex 3.10968 80.2761 193.255
    endloop
  endfacet
  facet normal 0.218575 -0.898502 -0.380682
    outer loop
      vertex 1.03298 79.3227 193.496
      vertex -1.13396 78.6903 193.744
      vertex 0.871677 79.3124 193.428
    endloop
  endfacet
  facet normal 0.233732 -0.923394 -0.304488
    outer loop
      vertex -0.997412 78.6991 193.816
      vertex -1.06108 78.695 193.78
      vertex 1.30218 79.34 193.638
    endloop
  endfacet
  facet normal 0.240098 -0.934566 -0.262565
    outer loop
      vertex 1.40903 79.3469 193.711
      vertex -0.943217 78.7026 193.853
      vertex 1.30218 79.34 193.638
    endloop
  endfacet
  facet normal 0.23086 -0.935177 0.268602
    outer loop
      vertex 1.28669 79.339 194.527
      vertex -0.949815 78.7021 194.232
      vertex 1.39602 79.346 194.458
    endloop
  endfacet
  facet normal 0.255369 -0.96659 -0.0221396
    outer loop
      vertex 1.65113 79.3624 194.089
      vertex -0.824832 78.7102 194.006
      vertex 1.64243 79.3618 194.013
    endloop
  endfacet
  facet normal 0.0622304 -0.770268 0.634677
    outer loop
      vertex -2.81289 79.0746 195.208
      vertex -2.49722 79.0961 195.204
      vertex -2.8112 79.076 195.21
    endloop
  endfacet
  facet normal 0.0623073 -0.771812 0.63279
    outer loop
      vertex -2.49722 79.0961 195.204
      vertex -2.81289 79.0746 195.208
      vertex -2.92453 78.5754 194.61
    endloop
  endfacet
  facet normal 0.0819957 -0.778661 0.622064
    outer loop
      vertex -2.18552 79.1162 195.192
      vertex -2.76643 78.5855 194.605
      vertex -2.61081 78.5955 194.597
    endloop
  endfacet
  facet normal 0.254479 -0.966647 0.0288878
    outer loop
      vertex 1.63979 79.3617 194.165
      vertex -0.826172 78.7101 194.083
      vertex 1.65113 79.3624 194.089
    endloop
  endfacet
  facet normal 0.252223 -0.964401 0.0794585
    outer loop
      vertex 1.60844 79.3597 194.24
      vertex -0.842072 78.709 194.122
      vertex 1.63979 79.3617 194.165
    endloop
  endfacet
  facet normal 0.371426 -0.9065 -0.200747
    outer loop
      vertex 1.61372 79.36 193.937
      vertex 1.5651 79.3569 193.861
      vertex 3.96758 80.3312 193.906
    endloop
  endfacet
  facet normal 0.371425 -0.906496 -0.20077
    outer loop
      vertex 3.96758 80.3312 193.906
      vertex 1.5651 79.3569 193.861
      vertex 3.89577 80.3265 193.794
    endloop
  endfacet
  facet normal 0.253019 -0.959638 -0.122783
    outer loop
      vertex -0.839396 78.7092 193.968
      vertex -0.864053 78.7076 193.929
      vertex 1.5651 79.3569 193.861
    endloop
  endfacet
  facet normal 0.127165 -0.991041 -0.0408232
    outer loop
      vertex -0.839396 78.7092 193.968
      vertex -3.38628 78.3811 194
      vertex -0.864053 78.7076 193.929
    endloop
  endfacet
  facet normal 0.127141 -0.991838 0.00959333
    outer loop
      vertex -0.826172 78.7101 194.083
      vertex -3.38628 78.3811 194
      vertex -0.820419 78.7104 194.045
    endloop
  endfacet
  facet normal 0.254479 -0.966646 0.0289177
    outer loop
      vertex 1.65113 79.3624 194.089
      vertex -0.826172 78.7101 194.083
      vertex -0.820419 78.7104 194.045
    endloop
  endfacet
  facet normal 0.100736 -0.279669 -0.954797
    outer loop
      vertex 0.134456 82.6913 191.331
      vertex -0.580272 82.6639 191.264
      vertex 0.689803 84.5027 190.859
    endloop
  endfacet
  facet normal 0.10073 -0.279128 -0.954956
    outer loop
      vertex -0.580272 82.6639 191.264
      vertex 0.134456 82.6913 191.331
      vertex -0.585375 82.6451 191.269
    endloop
  endfacet
  facet normal 0.114624 -0.231023 -0.966173
    outer loop
      vertex 2.14772 86.6782 190.512
      vertex 0.689803 84.5027 190.859
      vertex 1.18913 86.6167 190.413
    endloop
  endfacet
  facet normal 0.116529 -0.283721 -0.9518
    outer loop
      vertex 0.847649 82.737 191.405
      vertex 0.689803 84.5027 190.859
      vertex 1.52913 84.5565 190.946
    endloop
  endfacet
  facet normal 0.151055 -0.46832 -0.870551
    outer loop
      vertex 1.22302 81.2986 192.031
      vertex 0.161377 80.0869 192.499
      vertex 0.673313 81.2633 191.955
    endloop
  endfacet
  facet normal 0.134497 -0.360348 -0.923071
    outer loop
      vertex 1.5431 82.7817 191.489
      vertex 0.106927 81.2269 191.887
      vertex 0.847649 82.737 191.405
    endloop
  endfacet
  facet normal 0.176036 -0.633584 -0.753381
    outer loop
      vertex 0.954904 80.1378 192.633
      vertex -0.425674 79.2291 193.075
      vertex 0.566127 80.1128 192.563
    endloop
  endfacet
  facet normal 0.19097 -0.648325 -0.737024
    outer loop
      vertex 1.32618 80.1616 192.708
      vertex -0.425674 79.2291 193.075
      vertex 0.954904 80.1378 192.633
    endloop
  endfacet
  facet normal 0.161497 -0.620538 -0.767367
    outer loop
      vertex -0.688853 79.2122 193.027
      vertex -0.962842 79.1946 192.984
      vertex 0.161377 80.0869 192.499
    endloop
  endfacet
  facet normal 0.147389 -0.609195 -0.779203
    outer loop
      vertex -0.962842 79.1946 192.984
      vertex -1.24656 79.1764 192.945
      vertex 0.161377 80.0869 192.499
    endloop
  endfacet
  facet normal 0.172639 -0.835257 -0.522054
    outer loop
      vertex -1.62537 78.6588 193.584
      vertex -1.74633 78.651 193.556
      vertex -0.174346 79.2452 193.126
    endloop
  endfacet
  facet normal 0.172669 -0.835287 -0.521997
    outer loop
      vertex 0.0641401 79.2605 193.18
      vertex -1.62537 78.6588 193.584
      vertex -0.174346 79.2452 193.126
    endloop
  endfacet
  facet normal 0.162853 -0.824149 -0.542455
    outer loop
      vertex -1.74633 78.651 193.556
      vertex -1.87381 78.6428 193.531
      vertex -0.425674 79.2291 193.075
    endloop
  endfacet
  facet normal 0.10425 -0.972866 -0.206553
    outer loop
      vertex -3.14147 78.4214 193.934
      vertex -3.38628 78.3811 194
      vertex -3.17289 78.418 193.934
    endloop
  endfacet
  facet normal 0.104332 -0.972905 -0.206329
    outer loop
      vertex -2.95976 78.4549 193.868
      vertex -1.74633 78.651 193.556
      vertex -3.01841 78.4416 193.901
    endloop
  endfacet
  facet normal 0.104307 -0.972889 -0.206416
    outer loop
      vertex -1.74633 78.651 193.556
      vertex -2.95976 78.4549 193.868
      vertex -1.87381 78.6428 193.531
    endloop
  endfacet
  facet normal 0.113454 -0.782444 -0.612299
    outer loop
      vertex -1.53889 79.1577 192.909
      vertex -2.43845 78.6066 193.447
      vertex -1.83868 79.1384 192.878
    endloop
  endfacet
  facet normal 0.120326 -0.591425 -0.797332
    outer loop
      vertex -0.689589 80.0322 192.389
      vertex -1.83868 79.1384 192.878
      vertex -1.13245 80.0038 192.343
    endloop
  endfacet
  facet normal 0.123317 -0.788724 -0.602251
    outer loop
      vertex -1.24656 79.1764 192.945
      vertex -2.29017 78.6161 193.465
      vertex -1.53889 79.1577 192.909
    endloop
  endfacet
  facet normal 0.103412 -0.77712 -0.620799
    outer loop
      vertex -1.83868 79.1384 192.878
      vertex -2.22383 78.889 193.126
      vertex -2.20671 78.9057 193.108
    endloop
  endfacet
  facet normal 0.103703 -0.777298 -0.620527
    outer loop
      vertex -2.22383 78.889 193.126
      vertex -1.83868 79.1384 192.878
      vertex -2.31364 78.7963 193.227
    endloop
  endfacet
  facet normal 0.103673 -0.777284 -0.620549
    outer loop
      vertex -1.83868 79.1384 192.878
      vertex -2.20671 78.9057 193.108
      vertex -2.03844 79.1256 192.861
    endloop
  endfacet
  facet normal 0.0799521 -0.964233 -0.252711
    outer loop
      vertex -3.31605 78.4036 193.936
      vertex -3.38628 78.3811 194
      vertex -3.3349 78.4019 193.937
    endloop
  endfacet
  facet normal 0.359457 -0.251928 0.898512
    outer loop
      vertex 12.5311 92.3931 196.829
      vertex 11.2254 89.6408 196.579
      vertex 13.1715 92.4342 196.584
    endloop
  endfacet
  facet normal 0.402018 -0.32882 0.854552
    outer loop
      vertex 11.8094 89.6783 196.356
      vertex 10.3066 87.2019 196.11
      vertex 10.7736 87.2318 195.902
    endloop
  endfacet
  facet normal 0.406249 -0.272871 0.872068
    outer loop
      vertex 13.1715 92.4342 196.584
      vertex 12.3308 89.7117 196.124
      vertex 13.7434 92.4709 196.329
    endloop
  endfacet
  facet normal 0.460074 -0.297777 0.836457
    outer loop
      vertex 13.7434 92.4709 196.329
      vertex 12.3308 89.7117 196.124
      vertex 14.2443 92.5031 196.065
    endloop
  endfacet
  facet normal 0.250371 -0.304553 0.919001
    outer loop
      vertex 8.57784 87.0909 196.682
      vertex 6.56566 84.8798 196.497
      vertex 7.15925 84.9179 196.348
    endloop
  endfacet
  facet normal 0.248541 -0.371111 0.894709
    outer loop
      vertex 6.56566 84.8798 196.497
      vertex 5.63166 83.0441 195.995
      vertex 7.15925 84.9179 196.348
    endloop
  endfacet
  facet normal 0.314588 -0.342653 0.885225
    outer loop
      vertex 9.20656 87.1312 196.501
      vertex 7.70975 84.9532 196.19
      vertex 8.21498 84.9856 196.023
    endloop
  endfacet
  facet normal 0.314583 -0.342651 0.885228
    outer loop
      vertex 9.20656 87.1312 196.501
      vertex 8.21498 84.9856 196.023
      vertex 9.78357 87.1683 196.31
    endloop
  endfacet
  facet normal 0.222887 -0.289574 0.930843
    outer loop
      vertex 7.17541 87.0009 197.011
      vertex 5.93131 84.8391 196.636
      vertex 7.8999 87.0474 196.852
    endloop
  endfacet
  facet normal 0.196384 -0.187948 0.962345
    outer loop
      vertex 8.39688 92.1278 197.867
      vertex 7.45558 89.3988 197.526
      vertex 8.31327 89.4539 197.362
    endloop
  endfacet
  facet normal 0.197253 -0.227894 0.953496
    outer loop
      vertex 7.45558 89.3988 197.526
      vertex 7.17541 87.0009 197.011
      vertex 8.31327 89.4539 197.362
    endloop
  endfacet
  facet normal 0.197249 -0.227894 0.953497
    outer loop
      vertex 7.45558 89.3988 197.526
      vertex 6.40725 86.9516 197.158
      vertex 7.17541 87.0009 197.011
    endloop
  endfacet
  facet normal 0.250914 -0.251138 0.934865
    outer loop
      vertex 9.12218 89.5058 197.184
      vertex 8.57784 87.0909 196.682
      vertex 9.87913 89.5544 196.994
    endloop
  endfacet
  facet normal 0.250792 -0.207195 0.945607
    outer loop
      vertex 11.0547 92.2984 197.284
      vertex 9.12218 89.5058 197.184
      vertex 9.87913 89.5544 196.994
    endloop
  endfacet
  facet normal 0.969289 -0.220306 -0.109292
    outer loop
      vertex 19.3714 102.459 194.423
      vertex 19.3299 102.456 194.061
      vertex 20.2286 106.22 194.442
    endloop
  endfacet
  facet normal 0.969289 -0.220306 -0.10929
    outer loop
      vertex 20.2286 106.22 194.442
      vertex 19.3299 102.456 194.061
      vertex 20.1852 106.218 194.064
    endloop
  endfacet
  facet normal 0.98323 -0.108863 0.14631
    outer loop
      vertex 21.2882 114.363 194.872
      vertex 20.8298 110.191 194.849
      vertex 20.8883 110.195 194.458
    endloop
  endfacet
  facet normal 0.918804 -0.103105 0.381009
    outer loop
      vertex 21.2882 114.363 194.872
      vertex 20.6681 110.181 195.236
      vertex 20.8298 110.191 194.849
    endloop
  endfacet
  facet normal 0.126249 -0.0727197 0.98933
    outer loop
      vertex 8.39764 105.461 199.318
      vertex 7.02638 105.373 199.487
      vertex 8.05215 101.732 199.088
    endloop
  endfacet
  facet normal 0.146597 -0.0744238 0.986393
    outer loop
      vertex 8.39764 105.461 199.318
      vertex 8.05215 101.732 199.088
      vertex 9.71576 105.546 199.129
    endloop
  endfacet
  facet normal 0.0859131 -0.0145852 0.996196
    outer loop
      vertex 5.59067 122.203 200.195
      vertex 3.98379 122.1 200.333
      vertex 5.73118 117.7 200.117
    endloop
  endfacet
  facet normal 0.105385 -0.039739 0.993637
    outer loop
      vertex 5.78167 113.368 199.998
      vertex 5.74056 109.223 199.836
      vertex 7.21067 109.317 199.684
    endloop
  endfacet
  facet normal 0.0532121 -0.0272964 0.99821
    outer loop
      vertex 2.5184 117.494 200.363
      vertex 0.987986 117.081 200.434
      vertex 2.6317 113.166 200.239
    endloop
  endfacet
  facet normal 0.053222 -0.0273333 0.998209
    outer loop
      vertex 0.987986 117.081 200.434
      vertex 2.5184 117.494 200.363
      vertex 0.978027 117.395 200.443
    endloop
  endfacet
  facet normal 0.0532004 -0.0273632 0.998209
    outer loop
      vertex 1.07323 113.402 200.329
      vertex 2.6317 113.166 200.239
      vertex 1.07421 113.459 200.33
    endloop
  endfacet
  facet normal 0.0529057 -0.0274402 0.998222
    outer loop
      vertex 0.99877 116.672 200.422
      vertex 2.6317 113.166 200.239
      vertex 0.999151 116.728 200.423
    endloop
  endfacet
  facet normal 0.0532819 -0.027267 0.998207
    outer loop
      vertex 0.999151 116.728 200.423
      vertex 2.6317 113.166 200.239
      vertex 0.987986 117.081 200.434
    endloop
  endfacet
  facet normal 0.0532103 -0.0272979 0.99821
    outer loop
      vertex 2.6317 113.166 200.239
      vertex 1.07323 113.402 200.329
      vertex 1.07772 113.066 200.319
    endloop
  endfacet
  facet normal 0.053213 -0.0272964 0.99821
    outer loop
      vertex 2.6317 113.166 200.239
      vertex 0.99877 116.672 200.422
      vertex 1.07421 113.459 200.33
    endloop
  endfacet
  facet normal 0.442951 -0.427249 0.788196
    outer loop
      vertex 10.7736 87.2318 195.902
      vertex 9.08184 85.0413 195.665
      vertex 9.44005 85.0643 195.477
    endloop
  endfacet
  facet normal 0.395092 -0.39475 0.829503
    outer loop
      vertex 10.7736 87.2318 195.902
      vertex 8.67294 85.015 195.848
      vertex 9.08184 85.0413 195.665
    endloop
  endfacet
  facet normal 0.496263 -0.464367 0.733544
    outer loop
      vertex 11.5323 87.2805 195.464
      vertex 9.44005 85.0643 195.477
      vertex 9.74616 85.0839 195.282
    endloop
  endfacet
  facet normal 0.523321 -0.590509 0.614357
    outer loop
      vertex 9.99896 85.1002 195.082
      vertex 7.8298 83.1852 195.089
      vertex 8.04462 83.199 194.92
    endloop
  endfacet
  facet normal 0.335416 -0.677141 0.654963
    outer loop
      vertex 5.0506 81.5442 195.279
      vertex 3.07972 80.2742 194.975
      vertex 5.33356 81.5624 195.153
    endloop
  endfacet
  facet normal 0.3354 -0.677117 0.654995
    outer loop
      vertex 5.33356 81.5624 195.153
      vertex 3.07972 80.2742 194.975
      vertex 3.29547 80.288 194.879
    endloop
  endfacet
  facet normal 0.466294 -0.837411 0.285155
    outer loop
      vertex 6.20485 81.6183 194.464
      vertex 3.88411 80.3258 194.463
      vertex 3.95978 80.3307 194.354
    endloop
  endfacet
  facet normal 0.248643 -0.959937 0.129217
    outer loop
      vertex 1.55722 79.3564 194.314
      vertex -0.868054 78.7074 194.159
      vertex -0.842072 78.709 194.122
    endloop
  endfacet
  facet normal 0.494695 -0.867613 -0.0502422
    outer loop
      vertex 4.02285 80.3347 194.131
      vertex 4.00999 80.3339 194.019
      vertex 6.28756 81.6236 194.172
    endloop
  endfacet
  facet normal 0.494696 -0.867611 -0.0502704
    outer loop
      vertex 6.28756 81.6236 194.172
      vertex 4.00999 80.3339 194.019
      vertex 6.2707 81.6226 194.025
    endloop
  endfacet
  facet normal 0.517555 -0.722441 0.458493
    outer loop
      vertex 8.04462 83.199 194.92
      vertex 6.1056 81.612 194.608
      vertex 8.21329 83.2098 194.746
    endloop
  endfacet
  facet normal 0.551783 -0.757998 0.347815
    outer loop
      vertex 8.21329 83.2098 194.746
      vertex 6.1056 81.612 194.608
      vertex 8.33515 83.2176 194.57
    endloop
  endfacet
  facet normal 0.33838 -0.870404 0.357625
    outer loop
      vertex 3.64599 80.3105 194.676
      vertex 1.39602 79.346 194.458
      vertex 3.77938 80.3191 194.571
    endloop
  endfacet
  facet normal 0.418898 -0.778771 0.466949
    outer loop
      vertex 5.79329 81.5919 194.887
      vertex 3.77938 80.3191 194.571
      vertex 5.96823 81.6031 194.749
    endloop
  endfacet
  facet normal 0.175325 -0.860656 0.47805
    outer loop
      vertex 0.260027 79.2731 194.892
      vertex -1.52601 78.6651 194.452
      vertex 0.472044 79.2867 194.839
    endloop
  endfacet
  facet normal 0.109777 -0.980524 0.162853
    outer loop
      vertex -1.41847 78.6721 194.425
      vertex -3.38628 78.3811 194
      vertex -1.31874 78.6785 194.397
    endloop
  endfacet
  facet normal 0.188053 0.000934074 0.982158
    outer loop
      vertex 12.338 126.121 199.245
      vertex 11.3506 126.057 199.434
      vertex 11.4943 122.582 199.41
    endloop
  endfacet
  facet normal 0.127039 -0.131233 -0.983178
    outer loop
      vertex 4.82576 94.8452 189.534
      vertex 3.18121 91.793 189.729
      vertex 3.58896 94.7658 189.385
    endloop
  endfacet
  facet normal 0.143716 -0.109296 -0.983565
    outer loop
      vertex 6.52042 98.167 189.413
      vertex 4.82576 94.8452 189.534
      vertex 5.23954 98.0847 189.235
    endloop
  endfacet
  facet normal 0.0951927 -0.154743 -0.983358
    outer loop
      vertex 1.62936 89.0249 189.995
      vertex 0.636133 89.1416 189.881
      vertex 2.00744 91.7177 189.608
    endloop
  endfacet
  facet normal 0.0951943 -0.154731 -0.98336
    outer loop
      vertex 0.636133 89.1416 189.881
      vertex 1.62936 89.0249 189.995
      vertex 0.614116 88.9597 189.907
    endloop
  endfacet
  facet normal 0.125869 -0.107263 -0.986231
    outer loop
      vertex 4.82576 94.8452 189.534
      vertex 3.58896 94.7658 189.385
      vertex 5.23954 98.0847 189.235
    endloop
  endfacet
  facet normal 0.0894533 -0.453656 0.886676
    outer loop
      vertex -0.551477 81.1847 196.28
      vertex -1.19159 80 195.738
      vertex 0.0310936 81.2221 196.24
    endloop
  endfacet
  facet normal 0.0861707 -0.356078 0.930475
    outer loop
      vertex 0.0392109 82.6851 196.799
      vertex -0.551477 81.1847 196.28
      vertex 0.0310936 81.2221 196.24
    endloop
  endfacet
  facet normal 0.0670606 -0.964298 0.256187
    outer loop
      vertex -3.08449 78.5651 194.614
      vertex -3.38628 78.3811 194
      vertex -2.92453 78.5754 194.61
    endloop
  endfacet
  facet normal 0.0721243 -0.774676 0.628232
    outer loop
      vertex -2.49722 79.0961 195.204
      vertex -2.92453 78.5754 194.61
      vertex -2.18552 79.1162 195.192
    endloop
  endfacet
  facet normal 0.68444 -0.725406 -0.0729916
    outer loop
      vertex 8.43671 83.2241 194.211
      vertex 8.41601 83.2228 194.03
      vertex 10.4604 85.1298 194.249
    endloop
  endfacet
  facet normal 0.596848 -0.799922 -0.0624224
    outer loop
      vertex 8.43671 83.2241 194.211
      vertex 6.2707 81.6226 194.025
      vertex 8.41601 83.2228 194.03
    endloop
  endfacet
  facet normal 0.167391 -0.479176 -0.861609
    outer loop
      vertex 1.75387 81.3326 192.116
      vertex 0.566127 80.1128 192.563
      vertex 1.22302 81.2986 192.031
    endloop
  endfacet
  facet normal 0.168622 -0.377512 -0.910523
    outer loop
      vertex 1.75387 81.3326 192.116
      vertex 1.22302 81.2986 192.031
      vertex 2.21807 82.825 191.583
    endloop
  endfacet
  facet normal 0.216843 -0.0434788 0.975238
    outer loop
      vertex 12.7708 113.816 198.993
      vertex 12.5416 109.659 198.859
      vertex 13.9722 113.893 198.729
    endloop
  endfacet
  facet normal 0.216843 -0.043479 0.975238
    outer loop
      vertex 13.9722 113.893 198.729
      vertex 12.5416 109.659 198.859
      vertex 13.7107 109.734 198.602
    endloop
  endfacet
  facet normal 0.277084 -0.011142 0.960781
    outer loop
      vertex 16.295 118.378 198.23
      vertex 15.2123 122.821 198.594
      vertex 15.2316 118.31 198.536
    endloop
  endfacet
  facet normal 0.244263 -0.011396 0.969642
    outer loop
      vertex 15.2123 122.821 198.594
      vertex 14.085 118.236 198.824
      vertex 15.2316 118.31 198.536
    endloop
  endfacet
  facet normal 0.271948 -0.747846 -0.605616
    outer loop
      vertex 0.871677 79.3124 193.428
      vertex 0.69341 79.3009 193.362
      vertex 2.60806 80.2439 193.057
    endloop
  endfacet
  facet normal 0.271957 -0.747856 -0.6056
    outer loop
      vertex 2.87141 80.2608 193.154
      vertex 0.871677 79.3124 193.428
      vertex 2.60806 80.2439 193.057
    endloop
  endfacet
  facet normal 0.336919 -0.846666 -0.411875
    outer loop
      vertex 1.40903 79.3469 193.711
      vertex 1.30218 79.34 193.638
      vertex 3.50736 80.3016 193.465
    endloop
  endfacet
  facet normal 0.245544 -0.944577 -0.217903
    outer loop
      vertex 1.49679 79.3525 193.786
      vertex -0.943217 78.7026 193.853
      vertex 1.40903 79.3469 193.711
    endloop
  endfacet
  facet normal 0.125771 -0.989334 -0.0734889
    outer loop
      vertex -0.898705 78.7054 193.891
      vertex -3.38628 78.3811 194
      vertex -0.943217 78.7026 193.853
    endloop
  endfacet
  facet normal 0.240109 -0.934581 -0.262499
    outer loop
      vertex -0.943217 78.7026 193.853
      vertex -0.997412 78.6991 193.816
      vertex 1.30218 79.34 193.638
    endloop
  endfacet
  facet normal 0.125715 -0.991141 0.0428463
    outer loop
      vertex -0.868054 78.7074 194.159
      vertex -3.38628 78.3811 194
      vertex -0.842072 78.709 194.122
    endloop
  endfacet
  facet normal 0.248636 -0.95993 0.129284
    outer loop
      vertex 1.55722 79.3564 194.314
      vertex -0.842072 78.709 194.122
      vertex 1.60844 79.3597 194.24
    endloop
  endfacet
  facet normal 0.418887 -0.77876 0.466977
    outer loop
      vertex 5.79329 81.5919 194.887
      vertex 3.64599 80.3105 194.676
      vertex 3.77938 80.3191 194.571
    endloop
  endfacet
  facet normal 0.391457 -0.744858 0.540322
    outer loop
      vertex 5.79329 81.5919 194.887
      vertex 3.48447 80.3001 194.779
      vertex 3.64599 80.3105 194.676
    endloop
  endfacet
  facet normal 0.322419 -0.847622 0.421406
    outer loop
      vertex 3.48447 80.3001 194.779
      vertex 1.28669 79.339 194.527
      vertex 1.39602 79.346 194.458
    endloop
  endfacet
  facet normal 0.305194 -0.823235 0.478687
    outer loop
      vertex 3.29547 80.288 194.879
      vertex 1.28669 79.339 194.527
      vertex 3.48447 80.3001 194.779
    endloop
  endfacet
  facet normal 0.102264 -0.790051 0.604451
    outer loop
      vertex -1.57803 79.1551 195.156
      vertex -2.30949 78.6149 194.574
      vertex -1.28465 79.174 195.131
    endloop
  endfacet
  facet normal 0.0824946 -0.967422 0.239352
    outer loop
      vertex -2.4583 78.6053 194.586
      vertex -3.38628 78.3811 194
      vertex -2.30949 78.6149 194.574
    endloop
  endfacet
  facet normal 0.250701 -0.74918 0.613089
    outer loop
      vertex 2.57151 80.2416 195.155
      vertex 0.849121 79.3109 194.722
      vertex 2.83808 80.2587 195.067
    endloop
  endfacet
  facet normal 0.214419 -0.912025 0.34962
    outer loop
      vertex 1.0127 79.3214 194.66
      vertex -1.14424 78.6897 194.335
      vertex 1.15874 79.3308 194.595
    endloop
  endfacet
  facet normal 0.214401 -0.911996 0.349708
    outer loop
      vertex 1.15874 79.3308 194.595
      vertex -1.14424 78.6897 194.335
      vertex -1.07017 78.6944 194.302
    endloop
  endfacet
  facet normal 0.268984 -0.773354 0.574082
    outer loop
      vertex 3.07972 80.2742 194.975
      vertex 0.849121 79.3109 194.722
      vertex 1.0127 79.3214 194.66
    endloop
  endfacet
  facet normal 0.127435 -0.99182 -0.00732061
    outer loop
      vertex -0.820419 78.7104 194.045
      vertex -3.38628 78.3811 194
      vertex -0.824832 78.7102 194.006
    endloop
  endfacet
  facet normal 0.255369 -0.96659 -0.0221411
    outer loop
      vertex -0.820419 78.7104 194.045
      vertex -0.824832 78.7102 194.006
      vertex 1.65113 79.3624 194.089
    endloop
  endfacet
  facet normal 0.488864 -0.856861 -0.163708
    outer loop
      vertex 4.00999 80.3339 194.019
      vertex 3.96758 80.3312 193.906
      vertex 6.21507 81.619 193.877
    endloop
  endfacet
  facet normal 0.377313 -0.918262 -0.120127
    outer loop
      vertex 4.00999 80.3339 194.019
      vertex 1.64243 79.3618 194.013
      vertex 3.96758 80.3312 193.906
    endloop
  endfacet
  facet normal 0.134509 -0.360358 -0.923065
    outer loop
      vertex 0.673313 81.2633 191.955
      vertex 0.106927 81.2269 191.887
      vertex 1.5431 82.7817 191.489
    endloop
  endfacet
  facet normal 0.13293 -0.288929 -0.948077
    outer loop
      vertex 1.5431 82.7817 191.489
      vertex 0.847649 82.737 191.405
      vertex 2.34759 84.6091 191.045
    endloop
  endfacet
  facet normal 0.114631 -0.231027 -0.966171
    outer loop
      vertex 1.52913 84.5565 190.946
      vertex 0.689803 84.5027 190.859
      vertex 2.14772 86.6782 190.512
    endloop
  endfacet
  facet normal 0.131279 -0.235238 -0.963031
    outer loop
      vertex 2.34759 84.6091 191.045
      vertex 1.52913 84.5565 190.946
      vertex 2.14772 86.6782 190.512
    endloop
  endfacet
  facet normal 0.103177 -0.349002 -0.931425
    outer loop
      vertex -0.591813 82.622 191.277
      vertex 0.134456 82.6913 191.331
      vertex -0.473908 81.1897 191.827
    endloop
  endfacet
  facet normal 0.103172 -0.348938 -0.931449
    outer loop
      vertex 0.134456 82.6913 191.331
      vertex -0.591813 82.622 191.277
      vertex -0.585375 82.6451 191.269
    endloop
  endfacet
  facet normal 0.100722 -0.279651 -0.954804
    outer loop
      vertex 0.689803 84.5027 190.859
      vertex -0.380528 83.3872 191.073
      vertex -0.149964 84.4488 190.787
    endloop
  endfacet
  facet normal 0.100865 -0.279778 -0.954752
    outer loop
      vertex 0.689803 84.5027 190.859
      vertex -0.41496 83.2747 191.103
      vertex -0.380528 83.3872 191.073
    endloop
  endfacet
  facet normal 0.100728 -0.279664 -0.954799
    outer loop
      vertex -0.41496 83.2747 191.103
      vertex 0.689803 84.5027 190.859
      vertex -0.580272 82.6639 191.264
    endloop
  endfacet
  facet normal 0.135408 -0.459207 -0.877948
    outer loop
      vertex 0.673313 81.2633 191.955
      vertex -0.257746 80.06 192.441
      vertex 0.106927 81.2269 191.887
    endloop
  endfacet
  facet normal 0.105689 -0.445695 -0.888924
    outer loop
      vertex -1.13245 80.0038 192.343
      vertex -1.49656 80.0711 192.266
      vertex -0.473908 81.1897 191.827
    endloop
  endfacet
  facet normal 0.105684 -0.445713 -0.888915
    outer loop
      vertex -1.49656 80.0711 192.266
      vertex -1.13245 80.0038 192.343
      vertex -1.53752 79.9778 192.308
    endloop
  endfacet
  facet normal 0.0681828 -0.963497 -0.258893
    outer loop
      vertex -3.3699 78.3988 193.938
      vertex -3.38628 78.3811 194
      vertex -3.38627 78.3974 193.939
    endloop
  endfacet
  facet normal 0.161504 -0.620542 -0.767362
    outer loop
      vertex 0.566127 80.1128 192.563
      vertex -0.688853 79.2122 193.027
      vertex 0.161377 80.0869 192.499
    endloop
  endfacet
  facet normal 0.17603 -0.63358 -0.753385
    outer loop
      vertex -0.425674 79.2291 193.075
      vertex -0.688853 79.2122 193.027
      vertex 0.566127 80.1128 192.563
    endloop
  endfacet
  facet normal 0.143039 -0.804434 -0.576564
    outer loop
      vertex -2.0073 78.6343 193.507
      vertex -2.14627 78.6253 193.485
      vertex -0.962842 79.1946 192.984
    endloop
  endfacet
  facet normal 0.0978098 -0.969629 -0.224173
    outer loop
      vertex -3.20156 78.415 193.934
      vertex -3.38628 78.3811 194
      vertex -3.22789 78.4123 193.934
    endloop
  endfacet
  facet normal 0.0953883 -0.968902 -0.228321
    outer loop
      vertex -2.76388 78.4994 193.76
      vertex -2.85797 78.4781 193.811
      vertex -2.78189 78.4955 193.769
    endloop
  endfacet
  facet normal 0.0978268 -0.969636 -0.224136
    outer loop
      vertex -2.76388 78.4994 193.76
      vertex -2.0073 78.6343 193.507
      vertex -2.85797 78.4781 193.811
    endloop
  endfacet
  facet normal 0.0977565 -0.969602 -0.22431
    outer loop
      vertex -2.14627 78.6253 193.485
      vertex -2.76388 78.4994 193.76
      vertex -2.74311 78.5078 193.733
    endloop
  endfacet
  facet normal 0.0977818 -0.969612 -0.224258
    outer loop
      vertex -2.76388 78.4994 193.76
      vertex -2.14627 78.6253 193.485
      vertex -2.0073 78.6343 193.507
    endloop
  endfacet
  facet normal 0.113476 -0.782391 -0.612362
    outer loop
      vertex -2.49677 78.6142 193.426
      vertex -2.43845 78.6066 193.447
      vertex -2.51538 78.6016 193.439
    endloop
  endfacet
  facet normal 0.113535 -0.782283 -0.61249
    outer loop
      vertex -2.47993 78.6249 193.416
      vertex -2.43845 78.6066 193.447
      vertex -2.49677 78.6142 193.426
    endloop
  endfacet
  facet normal 0.113353 -0.782431 -0.612334
    outer loop
      vertex -2.31364 78.7963 193.227
      vertex -2.43845 78.6066 193.447
      vertex -2.47993 78.6249 193.416
    endloop
  endfacet
  facet normal 0.113478 -0.782453 -0.612282
    outer loop
      vertex -2.43845 78.6066 193.447
      vertex -2.31364 78.7963 193.227
      vertex -1.83868 79.1384 192.878
    endloop
  endfacet
  facet normal 0.123249 -0.78869 -0.60231
    outer loop
      vertex -2.29017 78.6161 193.465
      vertex -2.43845 78.6066 193.447
      vertex -1.53889 79.1577 192.909
    endloop
  endfacet
  facet normal 0.0757156 -0.963711 -0.255984
    outer loop
      vertex -3.3349 78.4019 193.937
      vertex -3.38628 78.3811 194
      vertex -3.35281 78.4003 193.938
    endloop
  endfacet
  facet normal 0.120303 -0.591406 -0.797349
    outer loop
      vertex -1.53889 79.1577 192.909
      vertex -1.83868 79.1384 192.878
      vertex -0.689589 80.0322 192.389
    endloop
  endfacet
  facet normal 0.13372 -0.599528 -0.789104
    outer loop
      vertex -1.24656 79.1764 192.945
      vertex -1.53889 79.1577 192.909
      vertex -0.689589 80.0322 192.389
    endloop
  endfacet
  facet normal 0.317314 -0.283571 0.904931
    outer loop
      vertex 10.5811 89.5994 196.792
      vertex 9.20656 87.1312 196.501
      vertex 11.2254 89.6408 196.579
    endloop
  endfacet
  facet normal 0.317305 -0.283564 0.904936
    outer loop
      vertex 11.2254 89.6408 196.579
      vertex 9.20656 87.1312 196.501
      vertex 9.78357 87.1683 196.31
    endloop
  endfacet
  facet normal 0.125294 -0.0554851 0.990567
    outer loop
      vertex 8.63132 109.408 199.51
      vertex 7.02638 105.373 199.487
      vertex 8.39764 105.461 199.318
    endloop
  endfacet
  facet normal 0.14564 -0.0565515 0.98772
    outer loop
      vertex 8.63132 109.408 199.51
      vertex 8.39764 105.461 199.318
      vertex 9.71576 105.546 199.129
    endloop
  endfacet
  facet normal 0.0859055 -0.0145883 0.996196
    outer loop
      vertex 5.73118 117.7 200.117
      vertex 3.98379 122.1 200.333
      vertex 4.14454 117.598 200.253
    endloop
  endfacet
  facet normal 0.0688658 -0.01522 0.99751
    outer loop
      vertex 3.98379 122.1 200.333
      vertex 2.5184 117.494 200.363
      vertex 4.14454 117.598 200.253
    endloop
  endfacet
  facet normal 0.473621 -0.547971 0.6895
    outer loop
      vertex 9.44005 85.0643 195.477
      vertex 7.8298 83.1852 195.089
      vertex 9.74616 85.0839 195.282
    endloop
  endfacet
  facet normal 0.473624 -0.547972 0.689498
    outer loop
      vertex 9.44005 85.0643 195.477
      vertex 7.56969 83.1685 195.255
      vertex 7.8298 83.1852 195.089
    endloop
  endfacet
  facet normal 0.214255 0.00200937 0.976776
    outer loop
      vertex 13.6035 126.202 198.976
      vertex 12.6723 126.142 199.181
      vertex 12.8101 122.667 199.158
    endloop
  endfacet
  facet normal 0.144854 -0.133911 -0.98035
    outer loop
      vertex 5.43664 91.9378 190.022
      vertex 4.82576 94.8452 189.534
      vertex 6.02613 94.9222 189.701
    endloop
  endfacet
  facet normal 0.143721 -0.109298 -0.983564
    outer loop
      vertex 6.02613 94.9222 189.701
      vertex 4.82576 94.8452 189.534
      vertex 6.52042 98.167 189.413
    endloop
  endfacet
  facet normal 0.127043 -0.131235 -0.983177
    outer loop
      vertex 4.32578 91.8665 189.867
      vertex 3.18121 91.793 189.729
      vertex 4.82576 94.8452 189.534
    endloop
  endfacet
  facet normal 0.128323 -0.1594 -0.978838
    outer loop
      vertex 3.74335 89.1605 190.232
      vertex 2.69967 89.0936 190.106
      vertex 3.18121 91.793 189.729
    endloop
  endfacet
  facet normal 0.0925728 -0.104668 -0.990189
    outer loop
      vertex 1.29841 97.5099 188.86
      vertex 2.56635 97.9132 188.936
      vertex 2.32061 94.6844 189.254
    endloop
  endfacet
  facet normal 0.092578 -0.104685 -0.990187
    outer loop
      vertex 2.56635 97.9132 188.936
      vertex 1.29841 97.5099 188.86
      vertex 1.30971 97.8325 188.827
    endloop
  endfacet
  facet normal 0.119098 -0.370188 0.921291
    outer loop
      vertex 1.45249 82.7758 196.691
      vertex 0.599515 81.2586 196.192
      vertex 2.13031 82.8194 196.621
    endloop
  endfacet
  facet normal 0.102289 -0.362423 0.926383
    outer loop
      vertex 0.754535 82.731 196.751
      vertex 0.0310936 81.2221 196.24
      vertex 1.45249 82.7758 196.691
    endloop
  endfacet
  facet normal 0.055676 -0.347357 0.936079
    outer loop
      vertex -1.64127 81.6108 196.512
      vertex -0.690663 82.6383 196.837
      vertex -1.33973 82.5966 196.86
    endloop
  endfacet
  facet normal 0.0492921 -0.346245 0.936848
    outer loop
      vertex -1.74982 81.1078 196.332
      vertex -1.64127 81.6108 196.512
      vertex -1.64299 81.6066 196.511
    endloop
  endfacet
  facet normal 0.0556616 -0.347346 0.936084
    outer loop
      vertex -1.64127 81.6108 196.512
      vertex -1.74982 81.1078 196.332
      vertex -0.690663 82.6383 196.837
    endloop
  endfacet
  facet normal 0.0429007 -0.345136 0.937572
    outer loop
      vertex -1.65556 81.5754 196.5
      vertex -1.74982 81.1078 196.332
      vertex -1.64299 81.6066 196.511
    endloop
  endfacet
  facet normal 0.0410127 -0.344826 0.93777
    outer loop
      vertex -1.74982 81.1078 196.332
      vertex -1.65556 81.5754 196.5
      vertex -1.78542 81.2258 196.377
    endloop
  endfacet
  facet normal 0.124674 -0.988176 -0.0892489
    outer loop
      vertex -0.943217 78.7026 193.853
      vertex -3.38628 78.3811 194
      vertex -0.997412 78.6991 193.816
    endloop
  endfacet
  facet normal 0.123314 -0.986838 -0.104614
    outer loop
      vertex -0.997412 78.6991 193.816
      vertex -3.38628 78.3811 194
      vertex -1.06108 78.695 193.78
    endloop
  endfacet
  facet normal 0.352524 -0.890557 0.287462
    outer loop
      vertex 3.77938 80.3191 194.571
      vertex 1.48632 79.3518 194.387
      vertex 1.55722 79.3564 194.314
    endloop
  endfacet
  facet normal 0.338388 -0.870419 0.357582
    outer loop
      vertex 3.77938 80.3191 194.571
      vertex 1.39602 79.346 194.458
      vertex 1.48632 79.3518 194.387
    endloop
  endfacet
  facet normal 0.243795 -0.953391 0.177791
    outer loop
      vertex 1.55722 79.3564 194.314
      vertex -0.904015 78.7051 194.196
      vertex -0.868054 78.7074 194.159
    endloop
  endfacet
  facet normal 0.243799 -0.953399 0.177741
    outer loop
      vertex 1.48632 79.3518 194.387
      vertex -0.904015 78.7051 194.196
      vertex 1.55722 79.3564 194.314
    endloop
  endfacet
  facet normal 0.222989 -0.924033 0.310546
    outer loop
      vertex 1.15874 79.3308 194.595
      vertex -1.07017 78.6944 194.302
      vertex 1.28669 79.339 194.527
    endloop
  endfacet
  facet normal 0.305177 -0.823215 0.478731
    outer loop
      vertex 3.29547 80.288 194.879
      vertex 1.15874 79.3308 194.595
      vertex 1.28669 79.339 194.527
    endloop
  endfacet
  facet normal 0.0631673 -0.964069 0.258033
    outer loop
      vertex -3.24569 78.5548 194.615
      vertex -3.38628 78.3811 194
      vertex -3.08449 78.5651 194.614
    endloop
  endfacet
  facet normal 0.0525933 -0.770103 0.635748
    outer loop
      vertex -3.08449 78.5651 194.614
      vertex -3.115 78.8327 194.94
      vertex -3.18399 78.8228 194.934
    endloop
  endfacet
  facet normal 0.0526136 -0.770099 0.635751
    outer loop
      vertex -3.08449 78.5651 194.614
      vertex -3.18399 78.8228 194.934
      vertex -3.24569 78.5548 194.615
    endloop
  endfacet
  facet normal 0.0515122 -0.770196 0.635723
    outer loop
      vertex -3.115 78.8327 194.94
      vertex -3.08449 78.5651 194.614
      vertex -3.10959 78.8332 194.941
    endloop
  endfacet
  facet normal 0.133404 -0.815122 0.563719
    outer loop
      vertex -0.45973 79.2269 195.03
      vertex -2.02532 78.6331 194.542
      vertex -1.89108 78.6417 194.522
    endloop
  endfacet
  facet normal 0.112526 -0.797363 0.592917
    outer loop
      vertex -1.28465 79.174 195.131
      vertex -2.30949 78.6149 194.574
      vertex -0.999731 79.1923 195.102
    endloop
  endfacet
  facet normal 0.222997 -0.924048 0.310496
    outer loop
      vertex 1.28669 79.339 194.527
      vertex -1.07017 78.6944 194.302
      vertex -1.00527 78.6986 194.268
    endloop
  endfacet
  facet normal 0.119623 -0.987066 0.106728
    outer loop
      vertex -1.07017 78.6944 194.302
      vertex -3.38628 78.3811 194
      vertex -1.00527 78.6986 194.268
    endloop
  endfacet
  facet normal 0.195565 -0.886416 0.419549
    outer loop
      vertex 0.668667 79.2993 194.782
      vertex -1.31874 78.6785 194.397
      vertex 0.849121 79.3109 194.722
    endloop
  endfacet
  facet normal 0.25072 -0.7492 0.613057
    outer loop
      vertex 2.57151 80.2416 195.155
      vertex 0.668667 79.2993 194.782
      vertex 0.849121 79.3109 194.722
    endloop
  endfacet
  facet normal 0.115116 -0.983996 0.136017
    outer loop
      vertex -1.22721 78.6843 194.366
      vertex -3.38628 78.3811 194
      vertex -1.14424 78.6897 194.335
    endloop
  endfacet
  facet normal 0.205206 -0.899349 0.386085
    outer loop
      vertex 0.849121 79.3109 194.722
      vertex -1.22721 78.6843 194.366
      vertex -1.14424 78.6897 194.335
    endloop
  endfacet
  facet normal 0.127443 -0.991556 -0.023986
    outer loop
      vertex -0.824832 78.7102 194.006
      vertex -3.38628 78.3811 194
      vertex -0.839396 78.7092 193.968
    endloop
  endfacet
  facet normal 0.254876 -0.964234 -0.0727449
    outer loop
      vertex -0.824832 78.7102 194.006
      vertex -0.839396 78.7092 193.968
      vertex 1.64243 79.3618 194.013
    endloop
  endfacet
  facet normal 0.252224 -0.964403 0.0794387
    outer loop
      vertex 1.63979 79.3617 194.165
      vertex -0.842072 78.709 194.122
      vertex -0.826172 78.7101 194.083
    endloop
  endfacet
  facet normal 0.126569 -0.991611 0.0262307
    outer loop
      vertex -0.842072 78.709 194.122
      vertex -3.38628 78.3811 194
      vertex -0.826172 78.7101 194.083
    endloop
  endfacet
  facet normal 0.118529 -0.353994 -0.927706
    outer loop
      vertex 0.847649 82.737 191.405
      vertex 0.106927 81.2269 191.887
      vertex 0.134456 82.6913 191.331
    endloop
  endfacet
  facet normal 0.151158 -0.368155 -0.917395
    outer loop
      vertex 2.21807 82.825 191.583
      vertex 0.673313 81.2633 191.955
      vertex 1.5431 82.7817 191.489
    endloop
  endfacet
  facet normal 0.135412 -0.459208 -0.877947
    outer loop
      vertex -0.257746 80.06 192.441
      vertex -0.689589 80.0322 192.389
      vertex 0.106927 81.2269 191.887
    endloop
  endfacet
  facet normal 0.120311 -0.451694 -0.884024
    outer loop
      vertex -0.689589 80.0322 192.389
      vertex -1.13245 80.0038 192.343
      vertex 0.106927 81.2269 191.887
    endloop
  endfacet
  facet normal 0.0833413 -0.964858 -0.249204
    outer loop
      vertex -3.2961 78.4055 193.936
      vertex -3.38628 78.3811 194
      vertex -3.31605 78.4036 193.936
    endloop
  endfacet
  facet normal 0.0703812 -0.0396859 0.99673
    outer loop
      vertex 4.22605 113.268 200.131
      vertex 2.6317 113.166 200.239
      vertex 4.2268 109.126 199.966
    endloop
  endfacet
  facet normal 0.145637 -0.0565524 0.98772
    outer loop
      vertex 9.99692 109.496 199.313
      vertex 8.63132 109.408 199.51
      vertex 9.71576 105.546 199.129
    endloop
  endfacet
  facet normal 0.12359 -0.0260747 0.991991
    outer loop
      vertex 8.75237 113.558 199.662
      vertex 7.27206 117.799 199.958
      vertex 7.29243 113.465 199.841
    endloop
  endfacet
  facet normal 0.143117 -0.0129489 0.989621
    outer loop
      vertex 10.1925 117.987 199.569
      vertex 8.65927 122.4 199.849
      vertex 8.76112 117.895 199.775
    endloop
  endfacet
  facet normal 0.0695895 -0.0268384 0.997215
    outer loop
      vertex 4.14454 117.598 200.253
      vertex 2.6317 113.166 200.239
      vertex 4.22605 113.268 200.131
    endloop
  endfacet
  facet normal 0.0883164 -0.0541932 0.994617
    outer loop
      vertex 5.74056 109.223 199.836
      vertex 4.2268 109.126 199.966
      vertex 5.60738 105.282 199.634
    endloop
  endfacet
  facet normal 0.144859 -0.13391 -0.980349
    outer loop
      vertex 5.43664 91.9378 190.022
      vertex 4.32578 91.8665 189.867
      vertex 4.82576 94.8452 189.534
    endloop
  endfacet
  facet normal 0.146079 -0.162809 -0.975784
    outer loop
      vertex 5.43664 91.9378 190.022
      vertex 3.74335 89.1605 190.232
      vertex 4.32578 91.8665 189.867
    endloop
  endfacet
  facet normal 0.110086 -0.129176 -0.985492
    outer loop
      vertex 3.18121 91.793 189.729
      vertex 2.32061 94.6844 189.254
      vertex 3.58896 94.7658 189.385
    endloop
  endfacet
  facet normal 0.108883 -0.105735 -0.988415
    outer loop
      vertex 3.58896 94.7658 189.385
      vertex 2.32061 94.6844 189.254
      vertex 2.56635 97.9132 188.936
    endloop
  endfacet
  facet normal 0.12067 -0.47028 0.874228
    outer loop
      vertex 0.599515 81.2586 196.192
      vertex -0.314013 80.0564 195.671
      vertex 0.106882 80.0834 195.627
    endloop
  endfacet
  facet normal 0.120681 -0.470283 0.874225
    outer loop
      vertex 0.599515 81.2586 196.192
      vertex 0.106882 80.0834 195.627
      vertex 1.15155 81.294 196.134
    endloop
  endfacet
  facet normal 0.0534992 -0.578122 0.814195
    outer loop
      vertex -2.51758 79.448 195.455
      vertex -2.10527 79.9414 195.778
      vertex -2.29377 79.9293 195.782
    endloop
  endfacet
  facet normal 0.06107 -0.581736 0.811082
    outer loop
      vertex -2.63868 79.2887 195.35
      vertex -2.51758 79.448 195.455
      vertex -2.53063 79.4318 195.444
    endloop
  endfacet
  facet normal 0.0523822 -0.577517 0.814696
    outer loop
      vertex -2.51758 79.448 195.455
      vertex -2.63868 79.2887 195.35
      vertex -2.10527 79.9414 195.778
    endloop
  endfacet
  facet normal 0.0463497 -0.440027 0.896787
    outer loop
      vertex -2.25759 79.9965 195.813
      vertex -2.10527 79.9414 195.778
      vertex -2.16787 80.2175 195.917
    endloop
  endfacet
  facet normal 0.0462012 -0.440344 0.89664
    outer loop
      vertex -2.26977 79.9749 195.803
      vertex -2.10527 79.9414 195.778
      vertex -2.25759 79.9965 195.813
    endloop
  endfacet
  facet normal 0.0463022 -0.439978 0.896814
    outer loop
      vertex -2.10527 79.9414 195.778
      vertex -2.26977 79.9749 195.803
      vertex -2.29377 79.9293 195.782
    endloop
  endfacet
  facet normal 0.0556677 -0.347349 0.936082
    outer loop
      vertex -0.690663 82.6383 196.837
      vertex -1.74982 81.1078 196.332
      vertex -1.1459 81.1465 196.31
    endloop
  endfacet
  facet normal 0.0603321 -0.443162 0.894409
    outer loop
      vertex -1.1459 81.1465 196.31
      vertex -1.74982 81.1078 196.332
      vertex -1.64481 79.9709 195.762
    endloop
  endfacet
  facet normal 0.237859 -0.945096 0.22409
    outer loop
      vertex 1.48632 79.3518 194.387
      vertex -0.949815 78.7021 194.232
      vertex -0.904015 78.7051 194.196
    endloop
  endfacet
  facet normal 0.123196 -0.989515 0.0753805
    outer loop
      vertex -0.949815 78.7021 194.232
      vertex -3.38628 78.3811 194
      vertex -0.904015 78.7051 194.196
    endloop
  endfacet
  facet normal 0.0721541 -0.774692 0.628209
    outer loop
      vertex -2.18552 79.1162 195.192
      vertex -2.92453 78.5754 194.61
      vertex -2.76643 78.5855 194.605
    endloop
  endfacet
  facet normal 0.0709678 -0.96476 0.253379
    outer loop
      vertex -2.92453 78.5754 194.61
      vertex -3.38628 78.3811 194
      vertex -2.76643 78.5855 194.605
    endloop
  endfacet
  facet normal 0.0430506 -0.769557 0.637126
    outer loop
      vertex -3.26328 78.8104 194.924
      vertex -3.42801 78.7847 194.904
      vertex -3.40748 78.5444 194.613
    endloop
  endfacet
  facet normal 0.164898 -0.848252 0.503266
    outer loop
      vertex 0.0334533 79.2586 194.942
      vertex -1.64093 78.6578 194.478
      vertex 0.260027 79.2731 194.892
    endloop
  endfacet
  facet normal 0.154416 -0.836461 0.525823
    outer loop
      vertex -0.206781 79.2432 194.988
      vertex -1.64093 78.6578 194.478
      vertex 0.0334533 79.2586 194.942
    endloop
  endfacet
  facet normal 0.134736 -0.622281 0.771111
    outer loop
      vertex 0.106882 80.0834 195.627
      vertex -0.999731 79.1923 195.102
      vertex -0.724396 79.2099 195.068
    endloop
  endfacet
  facet normal 0.143876 -0.825352 0.54598
    outer loop
      vertex -0.45973 79.2269 195.03
      vertex -1.76278 78.6499 194.501
      vertex -0.206781 79.2432 194.988
    endloop
  endfacet
  facet normal 0.0921494 -0.783832 0.614097
    outer loop
      vertex -1.87872 79.1358 195.177
      vertex -2.61081 78.5955 194.597
      vertex -2.4583 78.6053 194.586
    endloop
  endfacet
  facet normal 0.0787101 -0.966341 0.244928
    outer loop
      vertex -2.61081 78.5955 194.597
      vertex -3.38628 78.3811 194
      vertex -2.4583 78.6053 194.586
    endloop
  endfacet
  facet normal 0.195576 -0.886432 0.419508
    outer loop
      vertex 0.849121 79.3109 194.722
      vertex -1.31874 78.6785 194.397
      vertex -1.22721 78.6843 194.366
    endloop
  endfacet
  facet normal 0.112548 -0.982299 0.14974
    outer loop
      vertex -1.31874 78.6785 194.397
      vertex -3.38628 78.3811 194
      vertex -1.22721 78.6843 194.366
    endloop
  endfacet
  facet normal 0.14389 -0.0260448 0.989251
    outer loop
      vertex 10.1925 117.987 199.569
      vertex 8.75237 113.558 199.662
      vertex 10.1557 113.648 199.46
    endloop
  endfacet
  facet normal 0.122808 -0.0134524 0.992339
    outer loop
      vertex 8.65927 122.4 199.849
      vertex 7.27206 117.799 199.958
      vertex 8.76112 117.895 199.775
    endloop
  endfacet
  facet normal 0.165804 -0.0261468 0.985812
    outer loop
      vertex 11.5604 118.074 199.341
      vertex 10.1925 117.987 199.569
      vertex 11.497 113.735 199.237
    endloop
  endfacet
  facet normal 0.164995 -0.0124879 0.986215
    outer loop
      vertex 11.4943 122.582 199.41
      vertex 10.1925 117.987 199.569
      vertex 11.5604 118.074 199.341
    endloop
  endfacet
  facet normal 0.103827 -0.013998 0.994497
    outer loop
      vertex 7.15122 122.304 200.034
      vertex 5.59067 122.203 200.195
      vertex 7.27206 117.799 199.958
    endloop
  endfacet
  facet normal 0.103831 -0.0139967 0.994496
    outer loop
      vertex 7.27206 117.799 199.958
      vertex 5.59067 122.203 200.195
      vertex 5.73118 117.7 200.117
    endloop
  endfacet
  facet normal 0.0712387 -0.0539177 0.996001
    outer loop
      vertex 2.67536 109.026 200.071
      vertex 2.64875 105.092 199.86
      vertex 4.2268 109.126 199.966
    endloop
  endfacet
  facet normal 0.0712339 -0.0539158 0.996001
    outer loop
      vertex 4.2268 109.126 199.966
      vertex 2.64875 105.092 199.86
      vertex 4.14625 105.188 199.758
    endloop
  endfacet
  facet normal 0.106262 -0.0547077 0.992832
    outer loop
      vertex 5.74056 109.223 199.836
      vertex 5.60738 105.282 199.634
      vertex 7.21067 109.317 199.684
    endloop
  endfacet
  facet normal 0.106269 -0.0547104 0.992831
    outer loop
      vertex 7.21067 109.317 199.684
      vertex 5.60738 105.282 199.634
      vertex 7.02638 105.373 199.487
    endloop
  endfacet
  facet normal 0.0874469 -0.039629 0.995381
    outer loop
      vertex 5.78167 113.368 199.998
      vertex 4.22605 113.268 200.131
      vertex 4.2268 109.126 199.966
    endloop
  endfacet
  facet normal 0.0866462 -0.0264799 0.995887
    outer loop
      vertex 5.78167 113.368 199.998
      vertex 4.14454 117.598 200.253
      vertex 4.22605 113.268 200.131
    endloop
  endfacet
  facet normal 0.0938032 -0.127685 -0.987369
    outer loop
      vertex 2.00744 91.7177 189.608
      vertex 0.93576 91.8958 189.483
      vertex 2.32061 94.6844 189.254
    endloop
  endfacet
  facet normal 0.0938016 -0.127694 -0.987368
    outer loop
      vertex 0.93576 91.8958 189.483
      vertex 2.00744 91.7177 189.608
      vertex 0.914341 91.6475 189.513
    endloop
  endfacet
  facet normal 0.0951896 -0.154734 -0.98336
    outer loop
      vertex 2.00744 91.7177 189.608
      vertex 0.829531 90.6816 189.657
      vertex 0.914341 91.6475 189.513
    endloop
  endfacet
  facet normal 0.095228 -0.154777 -0.983349
    outer loop
      vertex 2.00744 91.7177 189.608
      vertex 0.796592 90.4672 189.688
      vertex 0.829531 90.6816 189.657
    endloop
  endfacet
  facet normal 0.0951924 -0.154743 -0.983358
    outer loop
      vertex 0.796592 90.4672 189.688
      vertex 2.00744 91.7177 189.608
      vertex 0.636133 89.1416 189.881
    endloop
  endfacet
  facet normal 0.0461965 -0.439982 0.896818
    outer loop
      vertex -1.97197 80.6976 196.142
      vertex -1.74982 81.1078 196.332
      vertex -1.83122 81.1025 196.334
    endloop
  endfacet
  facet normal 0.0463494 -0.440018 0.896792
    outer loop
      vertex -2.10527 79.9414 195.778
      vertex -1.97197 80.6976 196.142
      vertex -1.98482 80.6683 196.128
    endloop
  endfacet
  facet normal 0.0462563 -0.440007 0.896802
    outer loop
      vertex -1.97197 80.6976 196.142
      vertex -2.10527 79.9414 195.778
      vertex -1.74982 81.1078 196.332
    endloop
  endfacet
  facet normal 0.0463776 -0.440022 0.896789
    outer loop
      vertex -2.10527 79.9414 195.778
      vertex -1.98482 80.6683 196.128
      vertex -2.16787 80.2175 195.917
    endloop
  endfacet
  facet normal 0.040919 -0.344852 0.937765
    outer loop
      vertex -1.78542 81.2258 196.377
      vertex -1.83122 81.1025 196.334
      vertex -1.74982 81.1078 196.332
    endloop
  endfacet
  facet normal 0.175323 -0.860653 0.478057
    outer loop
      vertex 0.472044 79.2867 194.839
      vertex -1.52601 78.6651 194.452
      vertex -1.41847 78.6721 194.425
    endloop
  endfacet
  facet normal 0.106841 -0.978719 0.175199
    outer loop
      vertex -1.52601 78.6651 194.452
      vertex -3.38628 78.3811 194
      vertex -1.41847 78.6721 194.425
    endloop
  endfacet
  facet normal 0.100464 -0.975093 0.197738
    outer loop
      vertex -1.76278 78.6499 194.501
      vertex -3.38628 78.3811 194
      vertex -1.64093 78.6578 194.478
    endloop
  endfacet
  facet normal 0.154424 -0.836468 0.525809
    outer loop
      vertex -0.206781 79.2432 194.988
      vertex -1.76278 78.6499 194.501
      vertex -1.64093 78.6578 194.478
    endloop
  endfacet
  facet normal 0.122945 -0.805755 0.579348
    outer loop
      vertex -0.999731 79.1923 195.102
      vertex -2.02532 78.6331 194.542
      vertex -0.724396 79.2099 195.068
    endloop
  endfacet
  facet normal 0.149663 -0.635232 0.757682
    outer loop
      vertex 0.513621 80.1095 195.577
      vertex -0.724396 79.2099 195.068
      vertex -0.45973 79.2269 195.03
    endloop
  endfacet
  facet normal 0.0899058 -0.970096 0.225455
    outer loop
      vertex -2.16498 78.6241 194.559
      vertex -3.38628 78.3811 194
      vertex -2.02532 78.6331 194.542
    endloop
  endfacet
  facet normal 0.122837 -0.805682 0.579472
    outer loop
      vertex -0.999731 79.1923 195.102
      vertex -2.16498 78.6241 194.559
      vertex -2.02532 78.6331 194.542
    endloop
  endfacet
  facet normal 0.102221 -0.79003 0.604486
    outer loop
      vertex -1.57803 79.1551 195.156
      vertex -2.4583 78.6053 194.586
      vertex -2.30949 78.6149 194.574
    endloop
  endfacet
  facet normal 0.0920896 -0.783809 0.614135
    outer loop
      vertex -1.87872 79.1358 195.177
      vertex -2.4583 78.6053 194.586
      vertex -1.57803 79.1551 195.156
    endloop
  endfacet
  facet normal 0.144731 -0.0405205 0.988641
    outer loop
      vertex 10.1557 113.648 199.46
      vertex 8.75237 113.558 199.662
      vertex 9.99692 109.496 199.313
    endloop
  endfacet
  facet normal 0.166671 -0.0412361 0.98515
    outer loop
      vertex 10.1557 113.648 199.46
      vertex 9.99692 109.496 199.313
      vertex 11.497 113.735 199.237
    endloop
  endfacet
  facet normal 0.104575 -0.0262227 0.994171
    outer loop
      vertex 7.27206 117.799 199.958
      vertex 5.78167 113.368 199.998
      vertex 7.29243 113.465 199.841
    endloop
  endfacet
  facet normal 0.104582 -0.0262249 0.99417
    outer loop
      vertex 7.27206 117.799 199.958
      vertex 5.73118 117.7 200.117
      vertex 5.78167 113.368 199.998
    endloop
  endfacet
  facet normal 0.164237 -8.07041e-005 0.986421
    outer loop
      vertex 11.3506 126.057 199.434
      vertex 10.3109 125.991 199.607
      vertex 11.4943 122.582 199.41
    endloop
  endfacet
  facet normal 0.043053 -0.769548 0.637135
    outer loop
      vertex -3.26328 78.8104 194.924
      vertex -3.24569 78.5548 194.615
      vertex -3.18399 78.8228 194.934
    endloop
  endfacet
  facet normal 0.0430188 -0.769551 0.637135
    outer loop
      vertex -3.24569 78.5548 194.615
      vertex -3.26328 78.8104 194.924
      vertex -3.40748 78.5444 194.613
    endloop
  endfacet
  facet normal 0.0592841 -0.964077 0.258923
    outer loop
      vertex -3.24569 78.5548 194.615
      vertex -3.40748 78.5444 194.613
      vertex -3.38628 78.3811 194
    endloop
  endfacet
  facet normal 0.143867 -0.825344 0.545995
    outer loop
      vertex -0.45973 79.2269 195.03
      vertex -1.89108 78.6417 194.522
      vertex -1.76278 78.6499 194.501
    endloop
  endfacet
  facet normal 0.0970578 -0.973337 0.207836
    outer loop
      vertex -1.89108 78.6417 194.522
      vertex -3.38628 78.3811 194
      vertex -1.76278 78.6499 194.501
    endloop
  endfacet
  facet normal 0.112595 -0.797428 0.592817
    outer loop
      vertex -0.999731 79.1923 195.102
      vertex -2.30949 78.6149 194.574
      vertex -2.16498 78.6241 194.559
    endloop
  endfacet
  facet normal 0.0862941 -0.968702 0.232743
    outer loop
      vertex -2.30949 78.6149 194.574
      vertex -3.38628 78.3811 194
      vertex -2.16498 78.6241 194.559
    endloop
  endfacet
  facet normal 0.105387 -0.0397381 0.993637
    outer loop
      vertex 7.29243 113.465 199.841
      vertex 5.78167 113.368 199.998
      vertex 7.21067 109.317 199.684
    endloop
  endfacet
  facet normal 0.124416 -0.0400292 0.991422
    outer loop
      vertex 7.29243 113.465 199.841
      vertex 7.21067 109.317 199.684
      vertex 8.75237 113.558 199.662
    endloop
  endfacet
  facet normal -0.0640443 0.997947 -3.14804e-006
    outer loop
      vertex 0.722057 125.375 197.496
      vertex 1.72528 125.44 200.495
      vertex 2.15218 125.467 200.473
    endloop
  endfacet
  facet normal -0.0640546 0.997946 1.82054e-006
    outer loop
      vertex 0.722057 125.375 197.496
      vertex 2.15218 125.467 200.473
      vertex 2.57058 125.494 200.445
    endloop
  endfacet
  facet normal -0.0640527 0.997947 6.38288e-007
    outer loop
      vertex 0.722057 125.375 197.496
      vertex 2.57058 125.494 200.445
      vertex 3.80644 125.573 200.361
    endloop
  endfacet
  facet normal -0.0640556 0.997946 4.21462e-006
    outer loop
      vertex 0.729977 125.376 197.18
      vertex 3.80644 125.573 200.361
      vertex 5.01228 125.651 200.258
    endloop
  endfacet
  facet normal -0.064046 0.997947 -9.19324e-006
    outer loop
      vertex 0.729977 125.376 197.18
      vertex 5.01228 125.651 200.258
      vertex 5.42051 125.677 200.223
    endloop
  endfacet
  facet normal -0.0640465 0.997947 -8.43405e-006
    outer loop
      vertex 0.729977 125.376 197.18
      vertex 5.42051 125.677 200.223
      vertex 5.81698 125.702 200.182
    endloop
  endfacet
  facet normal -0.0640528 0.997947 2.26806e-006
    outer loop
      vertex 0.729977 125.376 197.18
      vertex 5.81698 125.702 200.182
      vertex 6.98805 125.777 200.061
    endloop
  endfacet
  facet normal -0.0640495 0.997947 -1.96785e-007
    outer loop
      vertex 7.191 125.79 188.41
      vertex 6.98805 125.777 200.061
      vertex 7.37117 125.802 200.014
    endloop
  endfacet
  facet normal -0.0640557 0.997946 1.90477e-007
    outer loop
      vertex 7.57225 125.815 188.47
      vertex 7.37117 125.802 200.014
      vertex 8.50285 125.875 199.875
    endloop
  endfacet
  facet normal -0.0640489 0.997947 1.18211e-008
    outer loop
      vertex 8.69839 125.887 188.649
      vertex 8.50285 125.875 199.875
      vertex 9.59066 125.944 199.718
    endloop
  endfacet
  facet normal -0.0640475 0.997947 3.11282e-007
    outer loop
      vertex 9.7801 125.957 188.843
      vertex 9.59066 125.944 199.718
      vertex 9.95894 125.968 199.665
    endloop
  endfacet
  facet normal -0.0640507 0.997947 -1.5907e-007
    outer loop
      vertex 10.1463 125.98 188.909
      vertex 9.95894 125.968 199.665
      vertex 10.3109 125.991 199.607
    endloop
  endfacet
  facet normal -0.0640567 0.997946 4.25965e-007
    outer loop
      vertex 10.496 126.003 188.98
      vertex 10.3109 125.991 199.607
      vertex 11.3506 126.057 199.434
    endloop
  endfacet
  facet normal -0.0640464 0.997947 -8.26384e-008
    outer loop
      vertex 11.529 126.069 189.189
      vertex 11.3506 126.057 199.434
      vertex 12.338 126.121 199.245
    endloop
  endfacet
  facet normal -0.0640693 0.997945 -1.27924e-007
    outer loop
      vertex 12.5092 126.132 189.413
      vertex 12.338 126.121 199.245
      vertex 12.6723 126.142 199.181
    endloop
  endfacet
  facet normal -0.0640494 0.997947 -1.89832e-007
    outer loop
      vertex 12.8411 126.153 189.489
      vertex 12.6723 126.142 199.181
      vertex 13.6035 126.202 198.976
    endloop
  endfacet
  facet normal -0.0640449 0.997947 -4.04114e-007
    outer loop
      vertex 13.7647 126.212 189.725
      vertex 13.6035 126.202 198.976
      vertex 13.9188 126.222 198.907
    endloop
  endfacet
  facet normal -0.0640543 0.997946 1.63659e-007
    outer loop
      vertex 14.0773 126.232 189.806
      vertex 13.9188 126.222 198.907
      vertex 14.2138 126.241 198.833
    endloop
  endfacet
  facet normal -0.0640519 0.997947 4.0306e-007
    outer loop
      vertex 14.3696 126.251 189.89
      vertex 14.2138 126.241 198.833
      vertex 15.0852 126.297 198.614
    endloop
  endfacet
  facet normal -0.0640543 0.997946 1.37022e-008
    outer loop
      vertex 15.2329 126.307 190.139
      vertex 15.0852 126.297 198.614
      vertex 15.8934 126.349 198.382
    endloop
  endfacet
  facet normal -0.0640326 0.997948 -3.06931e-007
    outer loop
      vertex 16.0324 126.358 190.4
      vertex 15.8934 126.349 198.382
      vertex 16.167 126.367 198.303
    endloop
  endfacet
  facet normal -0.0640551 0.997946 6.94781e-007
    outer loop
      vertex 16.3031 126.375 190.488
      vertex 16.167 126.367 198.303
      vertex 16.9087 126.414 198.058
    endloop
  endfacet
  facet normal -0.0640691 0.997945 1.28118e-007
    outer loop
      vertex 17.0358 126.422 190.759
      vertex 16.9087 126.414 198.058
      vertex 17.1598 126.43 197.975
    endloop
  endfacet
  facet normal -0.0640248 0.997948 4.95727e-007
    outer loop
      vertex 17.2839 126.438 190.851
      vertex 17.1598 126.43 197.975
      vertex 17.3874 126.445 197.888
    endloop
  endfacet
  facet normal -0.0640522 0.997947 7.14206e-007
    outer loop
      vertex 17.5083 126.453 190.946
      vertex 17.3874 126.445 197.888
      vertex 18.0597 126.488 197.631
    endloop
  endfacet
  facet normal -0.0640651 0.997946 1.99722e-007
    outer loop
      vertex 18.1713 126.495 191.226
      vertex 18.0597 126.488 197.631
      vertex 18.2629 126.501 197.54
    endloop
  endfacet
  facet normal -0.064054 0.997946 1.18348e-007
    outer loop
      vertex 1.72528 125.44 200.495
      vertex 0.722057 125.375 197.496
      vertex 0.680817 125.373 200.549
    endloop
  endfacet
  facet normal -0.0640529 0.997947 -8.51538e-008
    outer loop
      vertex 18.3712 126.508 191.323
      vertex 18.2629 126.501 197.54
      vertex 18.8632 126.54 197.273
    endloop
  endfacet
  facet normal -0.0640498 0.997947 -1.41355e-007
    outer loop
      vertex 11.3506 126.057 199.434
      vertex 11.529 126.069 189.189
      vertex 10.496 126.003 188.98
    endloop
  endfacet
  facet normal -0.0640529 0.997947 -7.90336e-007
    outer loop
      vertex 18.9618 126.546 191.612
      vertex 18.8632 126.54 197.273
      vertex 19.3891 126.573 196.996
    endloop
  endfacet
  facet normal -0.0643379 0.997928 -0.000522583
    outer loop
      vertex 19.7192 126.595 196.805
      vertex 19.3891 126.573 196.996
      vertex 19.5671 126.585 196.902
    endloop
  endfacet
  facet normal -0.0640379 0.997947 -7.33167e-007
    outer loop
      vertex 19.3891 126.573 196.996
      vertex 19.7192 126.595 196.805
      vertex 19.4777 126.579 191.907
    endloop
  endfacet
  facet normal -0.0640587 0.997946 1.31879e-006
    outer loop
      vertex 19.801 126.6 192.109
      vertex 19.7192 126.595 196.805
      vertex 20.1686 126.623 196.519
    endloop
  endfacet
  facet normal -0.0640479 0.997947 -6.8814e-008
    outer loop
      vertex 20.2402 126.628 192.411
      vertex 20.1686 126.623 196.519
      vertex 20.5398 126.647 196.226
    endloop
  endfacet
  facet normal -0.0640432 0.997947 1.03233e-005
    outer loop
      vertex 20.7641 126.662 196.025
      vertex 20.5398 126.647 196.226
      vertex 20.6654 126.655 196.127
    endloop
  endfacet
  facet normal -0.064053 0.997947 -6.08403e-007
    outer loop
      vertex 20.5398 126.647 196.226
      vertex 20.7641 126.662 196.025
      vertex 20.6009 126.651 192.717
    endloop
  endfacet
  facet normal -0.0640648 0.997946 -1.02204e-006
    outer loop
      vertex 20.8181 126.665 192.925
      vertex 20.7641 126.662 196.025
      vertex 21.0555 126.68 195.726
    endloop
  endfacet
  facet normal -0.064045 0.997947 -1.13522e-007
    outer loop
      vertex 21.0989 126.683 193.234
      vertex 21.0555 126.68 195.726
      vertex 21.266 126.694 195.421
    endloop
  endfacet
  facet normal -0.0644029 0.997924 -0.000216768
    outer loop
      vertex 21.3809 126.701 195.214
      vertex 21.266 126.694 195.421
      vertex 21.3373 126.698 195.318
    endloop
  endfacet
  facet normal -0.0640099 0.997949 1.66624e-006
    outer loop
      vertex 21.2987 126.696 193.546
      vertex 21.266 126.694 195.421
      vertex 21.3809 126.701 195.214
    endloop
  endfacet
  facet normal -0.0640133 0.997949 1.93872e-005
    outer loop
      vertex 21.5255 126.71 194.8
      vertex 21.3809 126.701 195.214
      vertex 21.5097 126.709 194.905
    endloop
  endfacet
  facet normal -0.0640594 0.997946 3.20079e-006
    outer loop
      vertex 21.4063 126.703 193.758
      vertex 21.3809 126.701 195.214
      vertex 21.5255 126.71 194.8
    endloop
  endfacet
  facet normal -0.063949 0.997953 9.15377e-006
    outer loop
      vertex 21.5364 126.711 194.176
      vertex 21.5255 126.71 194.8
      vertex 21.5722 126.713 194.489
    endloop
  endfacet
  facet normal -0.0640898 0.997944 6.69082e-006
    outer loop
      vertex 21.4063 126.703 193.758
      vertex 21.5255 126.71 194.8
      vertex 21.5364 126.711 194.176
    endloop
  endfacet
  facet normal -0.0640326 0.997948 -1.11705e-005
    outer loop
      vertex 21.4063 126.703 193.758
      vertex 21.5364 126.711 194.176
      vertex 21.5243 126.71 194.07
    endloop
  endfacet
  facet normal -0.0640458 0.997947 3.4401e-006
    outer loop
      vertex 21.3809 126.701 195.214
      vertex 21.4063 126.703 193.758
      vertex 21.2987 126.696 193.546
    endloop
  endfacet
  facet normal -0.0640641 0.997946 1.28296e-005
    outer loop
      vertex 21.2987 126.696 193.546
      vertex 21.4063 126.703 193.758
      vertex 21.3663 126.7 193.652
    endloop
  endfacet
  facet normal -0.0640573 0.997946 8.37047e-007
    outer loop
      vertex 21.266 126.694 195.421
      vertex 21.2987 126.696 193.546
      vertex 21.0989 126.683 193.234
    endloop
  endfacet
  facet normal -0.0640703 0.997945 -5.56255e-007
    outer loop
      vertex 21.0555 126.68 195.726
      vertex 21.0989 126.683 193.234
      vertex 20.8181 126.665 192.925
    endloop
  endfacet
  facet normal -0.0640499 0.997947 -7.61053e-007
    outer loop
      vertex 20.7641 126.662 196.025
      vertex 20.8181 126.665 192.925
      vertex 20.6009 126.651 192.717
    endloop
  endfacet
  facet normal -0.0644503 0.997921 0.00041833
    outer loop
      vertex 20.6009 126.651 192.717
      vertex 20.8181 126.665 192.925
      vertex 20.723 126.659 192.82
    endloop
  endfacet
  facet normal -0.0640432 0.997947 -4.37549e-007
    outer loop
      vertex 20.5398 126.647 196.226
      vertex 20.6009 126.651 192.717
      vertex 20.2402 126.628 192.411
    endloop
  endfacet
  facet normal -0.0640431 0.997947 1.45071e-008
    outer loop
      vertex 20.1686 126.623 196.519
      vertex 20.2402 126.628 192.411
      vertex 19.801 126.6 192.109
    endloop
  endfacet
  facet normal -0.0640739 0.997945 1.05242e-006
    outer loop
      vertex 19.7192 126.595 196.805
      vertex 19.801 126.6 192.109
      vertex 19.4777 126.579 191.907
    endloop
  endfacet
  facet normal -0.0641683 0.997939 0.000152782
    outer loop
      vertex 19.4777 126.579 191.907
      vertex 19.801 126.6 192.109
      vertex 19.6524 126.59 192.007
    endloop
  endfacet
  facet normal -0.0640508 0.997947 -9.59554e-007
    outer loop
      vertex 19.3891 126.573 196.996
      vertex 19.4777 126.579 191.907
      vertex 18.9618 126.546 191.612
    endloop
  endfacet
  facet normal -0.0640459 0.997947 -6.67016e-007
    outer loop
      vertex 18.8632 126.54 197.273
      vertex 18.9618 126.546 191.612
      vertex 18.3712 126.508 191.323
    endloop
  endfacet
  facet normal -0.0640495 0.997947 -2.65045e-008
    outer loop
      vertex 18.2629 126.501 197.54
      vertex 18.3712 126.508 191.323
      vertex 18.1713 126.495 191.226
    endloop
  endfacet
  facet normal -0.0640493 0.997947 4.74778e-007
    outer loop
      vertex 18.0597 126.488 197.631
      vertex 18.1713 126.495 191.226
      vertex 17.5083 126.453 190.946
    endloop
  endfacet
  facet normal -0.0640464 0.997947 8.15446e-007
    outer loop
      vertex 17.3874 126.445 197.888
      vertex 17.5083 126.453 190.946
      vertex 17.2839 126.438 190.851
    endloop
  endfacet
  facet normal -0.0640574 0.997946 -7.39914e-008
    outer loop
      vertex 17.1598 126.43 197.975
      vertex 17.2839 126.438 190.851
      vertex 17.0358 126.422 190.759
    endloop
  endfacet
  facet normal -0.0640518 0.997947 4.30393e-007
    outer loop
      vertex 16.9087 126.414 198.058
      vertex 17.0358 126.422 190.759
      vertex 16.3031 126.375 190.488
    endloop
  endfacet
  facet normal -0.0640729 0.997945 3.82597e-007
    outer loop
      vertex 16.167 126.367 198.303
      vertex 16.3031 126.375 190.488
      vertex 16.0324 126.358 190.4
    endloop
  endfacet
  facet normal -0.0640471 0.997947 -5.61118e-007
    outer loop
      vertex 15.8934 126.349 198.382
      vertex 16.0324 126.358 190.4
      vertex 15.2329 126.307 190.139
    endloop
  endfacet
  facet normal -0.0640484 0.997947 1.16336e-007
    outer loop
      vertex 15.0852 126.297 198.614
      vertex 15.2329 126.307 190.139
      vertex 14.3696 126.251 189.89
    endloop
  endfacet
  facet normal -0.0640604 0.997946 2.54948e-007
    outer loop
      vertex 14.2138 126.241 198.833
      vertex 14.3696 126.251 189.89
      vertex 14.0773 126.232 189.806
    endloop
  endfacet
  facet normal -0.0640662 0.997946 -4.43564e-008
    outer loop
      vertex 13.9188 126.222 198.907
      vertex 14.0773 126.232 189.806
      vertex 13.7647 126.212 189.725
    endloop
  endfacet
  facet normal -0.0640464 0.997947 -4.3095e-007
    outer loop
      vertex 13.6035 126.202 198.976
      vertex 13.7647 126.212 189.725
      vertex 12.8411 126.153 189.489
    endloop
  endfacet
  facet normal -0.0640574 0.997946 -3.28632e-007
    outer loop
      vertex 12.6723 126.142 199.181
      vertex 12.8411 126.153 189.489
      vertex 12.5092 126.132 189.413
    endloop
  endfacet
  facet normal -0.06405 0.997947 2.09785e-007
    outer loop
      vertex 12.338 126.121 199.245
      vertex 12.5092 126.132 189.413
      vertex 11.529 126.069 189.189
    endloop
  endfacet
  facet normal -0.0640601 0.997946 8.66051e-006
    outer loop
      vertex 3.80644 125.573 200.361
      vertex 0.729977 125.376 197.18
      vertex 0.722057 125.375 197.496
    endloop
  endfacet
  facet normal -0.0640716 0.997945 1.64609e-007
    outer loop
      vertex 10.3109 125.991 199.607
      vertex 10.496 126.003 188.98
      vertex 10.1463 125.98 188.909
    endloop
  endfacet
  facet normal -0.0640353 0.997948 1.09167e-007
    outer loop
      vertex 9.95894 125.968 199.665
      vertex 10.1463 125.98 188.909
      vertex 9.7801 125.957 188.843
    endloop
  endfacet
  facet normal -0.0640517 0.997947 2.38193e-007
    outer loop
      vertex 9.59066 125.944 199.718
      vertex 9.7801 125.957 188.843
      vertex 8.69839 125.887 188.649
    endloop
  endfacet
  facet normal -0.0640527 0.997947 -5.5463e-008
    outer loop
      vertex 8.50285 125.875 199.875
      vertex 8.69839 125.887 188.649
      vertex 7.57225 125.815 188.47
    endloop
  endfacet
  facet normal -0.0640645 0.997946 3.75033e-008
    outer loop
      vertex 7.37117 125.802 200.014
      vertex 7.57225 125.815 188.47
      vertex 7.191 125.79 188.41
    endloop
  endfacet
  facet normal -0.0640516 0.997947 -2.34365e-007
    outer loop
      vertex 6.98805 125.777 200.061
      vertex 7.191 125.79 188.41
      vertex 0.729977 125.376 197.18
    endloop
  endfacet
  facet normal -0.06405 0.997947 9.74517e-007
    outer loop
      vertex 6.02486 125.716 188.248
      vertex 0.729977 125.376 197.18
      vertex 7.191 125.79 188.41
    endloop
  endfacet
  facet normal -0.064047 0.997947 2.72914e-006
    outer loop
      vertex 5.63007 125.69 188.193
      vertex 0.729977 125.376 197.18
      vertex 6.02486 125.716 188.248
    endloop
  endfacet
  facet normal -0.0640507 0.997947 7.26391e-007
    outer loop
      vertex 5.22329 125.664 188.144
      vertex 0.729977 125.376 197.18
      vertex 5.63007 125.69 188.193
    endloop
  endfacet
  facet normal -0.0640516 0.997947 2.46482e-007
    outer loop
      vertex 4.02177 125.587 187.999
      vertex 0.729977 125.376 197.18
      vertex 5.22329 125.664 188.144
    endloop
  endfacet
  facet normal -0.0640537 0.997946 -5.06031e-007
    outer loop
      vertex 0.729977 125.376 197.18
      vertex 4.02177 125.587 187.999
      vertex 0.832981 125.382 188.695
    endloop
  endfacet
  facet normal -0.0640529 0.997947 3.10253e-006
    outer loop
      vertex 2.7896 125.508 187.872
      vertex 0.832981 125.382 188.695
      vertex 4.02177 125.587 187.999
    endloop
  endfacet
  facet normal -0.0640617 0.997946 -1.78728e-005
    outer loop
      vertex 2.37245 125.481 187.829
      vertex 0.832981 125.382 188.695
      vertex 2.7896 125.508 187.872
    endloop
  endfacet
  facet normal -0.0640395 0.997947 2.17299e-005
    outer loop
      vertex 1.94657 125.454 187.792
      vertex 0.832981 125.382 188.695
      vertex 2.37245 125.481 187.829
    endloop
  endfacet
  facet normal -0.064053 0.997947 5.12788e-006
    outer loop
      vertex 0.832981 125.382 188.695
      vertex 1.94657 125.454 187.792
      vertex 0.851936 125.384 187.891
    endloop
  endfacet
  facet normal -0.0640533 0.997946 1.79914e-006
    outer loop
      vertex 0.851936 125.384 187.891
      vertex 1.94657 125.454 187.792
      vertex 0.85407 125.384 187.697
    endloop
  endfacet
  facet normal -0.997795 -0.0640433 -0.0174521
    outer loop
      vertex -3.38627 78.3974 193.939
      vertex -3.40748 78.5444 194.613
      vertex -3.42801 78.7847 194.904
    endloop
  endfacet
  facet normal -0.997795 -0.0640346 -0.0174541
    outer loop
      vertex -3.40748 78.5444 194.613
      vertex -3.38627 78.3974 193.939
      vertex -3.38628 78.3811 194
    endloop
  endfacet
  facet normal -0.0131932 -0.0663599 0.997709
    outer loop
      vertex 1.39224 107.191 189.792
      vertex 2.19313 107.111 189.798
      vertex 2.19127 107.242 189.806
    endloop
  endfacet
  facet normal -0.0131932 -0.0663599 0.997709
    outer loop
      vertex 2.19313 107.111 189.798
      vertex 1.39224 107.191 189.792
      vertex 1.3941 107.06 189.784
    endloop
  endfacet
  facet normal 0.0215638 -0.0640546 -0.997713
    outer loop
      vertex 1.34712 107.188 191.775
      vertex 2.14762 107.108 191.797
      vertex 1.34859 107.057 191.783
    endloop
  endfacet
  facet normal 0.0215638 -0.0640546 -0.997713
    outer loop
      vertex 2.14762 107.108 191.797
      vertex 1.34712 107.188 191.775
      vertex 2.14615 107.239 191.789
    endloop
  endfacet
  facet normal 0.0627766 -0.995885 0.0653544
    outer loop
      vertex 1.36167 108.051 190.654
      vertex 2.15762 108.111 190.798
      vertex 1.35859 108.06 190.784
    endloop
  endfacet
  facet normal 0.0627766 -0.995885 0.0653545
    outer loop
      vertex 2.15762 108.111 190.798
      vertex 1.36167 108.051 190.654
      vertex 2.1607 108.103 190.668
    endloop
  endfacet
  facet normal -0.0627787 0.995884 -0.0653815
    outer loop
      vertex 1.3693 106.056 190.782
      vertex 2.1654 106.116 190.927
      vertex 2.1689 106.108 190.796
    endloop
  endfacet
  facet normal -0.0627787 0.995884 -0.0653814
    outer loop
      vertex 2.1654 106.116 190.927
      vertex 1.3693 106.056 190.782
      vertex 1.3658 106.065 190.913
    endloop
  endfacet
  facet normal 0.0291473 -0.658783 0.751768
    outer loop
      vertex 1.37841 107.768 190.077
      vertex 2.18066 107.72 190.005
      vertex 2.17744 107.819 190.091
    endloop
  endfacet
  facet normal 0.0291382 -0.658849 0.751711
    outer loop
      vertex 2.18066 107.72 190.005
      vertex 1.37841 107.768 190.077
      vertex 1.38163 107.669 189.991
    endloop
  endfacet
  facet normal 0.0596418 -0.749565 -0.659239
    outer loop
      vertex 1.34623 107.765 191.491
      vertex 2.1464 107.903 191.407
      vertex 2.14526 107.817 191.505
    endloop
  endfacet
  facet normal 0.0596418 -0.749565 -0.659239
    outer loop
      vertex 2.1464 107.903 191.407
      vertex 1.34623 107.765 191.491
      vertex 1.34737 107.852 191.393
    endloop
  endfacet
  facet normal 0.0662516 -0.944618 -0.321414
    outer loop
      vertex 1.35085 107.983 191.167
      vertex 2.15216 108.077 191.057
      vertex 2.14988 108.034 191.181
    endloop
  endfacet
  facet normal 0.0662516 -0.944618 -0.321414
    outer loop
      vertex 2.15216 108.077 191.057
      vertex 1.35085 107.983 191.167
      vertex 1.35313 108.025 191.043
    endloop
  endfacet
  facet normal -0.0500666 0.553471 0.831362
    outer loop
      vertex 1.39743 106.559 189.917
      vertex 2.19619 106.501 190.004
      vertex 2.19646 106.61 189.931
    endloop
  endfacet
  facet normal -0.0500666 0.553471 0.831362
    outer loop
      vertex 2.19619 106.501 190.004
      vertex 1.39743 106.559 189.917
      vertex 1.39716 106.45 189.99
    endloop
  endfacet
  facet normal 0.00458524 0.195736 -0.980646
    outer loop
      vertex 2.14338 106.849 191.763
      vertex 1.34526 106.926 191.774
      vertex 2.14626 106.977 191.788
    endloop
  endfacet
  facet normal 0.0045953 0.195533 -0.980686
    outer loop
      vertex 1.34291 106.821 191.753
      vertex 2.14338 106.849 191.763
      vertex 1.34305 106.797 191.749
    endloop
  endfacet
  facet normal 0.00458713 0.195755 -0.980642
    outer loop
      vertex 2.14338 106.849 191.763
      vertex 1.34291 106.821 191.753
      vertex 1.34526 106.926 191.774
    endloop
  endfacet
  facet normal 0.0127041 -0.442334 0.89676
    outer loop
      vertex 1.38467 107.56 189.918
      vertex 2.18651 107.494 189.874
      vertex 2.1837 107.612 189.932
    endloop
  endfacet
  facet normal 0.0127041 -0.442334 0.89676
    outer loop
      vertex 2.18651 107.494 189.874
      vertex 1.38467 107.56 189.918
      vertex 1.38748 107.443 189.86
    endloop
  endfacet
  facet normal -0.004592 -0.19572 0.980649
    outer loop
      vertex 1.39002 107.319 189.818
      vertex 2.19127 107.242 189.806
      vertex 2.18905 107.37 189.832
    endloop
  endfacet
  facet normal -0.004592 -0.19572 0.980649
    outer loop
      vertex 2.19127 107.242 189.806
      vertex 1.39002 107.319 189.818
      vertex 1.39224 107.191 189.792
    endloop
  endfacet
  facet normal 0.0211043 -0.555379 0.83133
    outer loop
      vertex 1.38163 107.669 189.991
      vertex 2.1837 107.612 189.932
      vertex 2.18066 107.72 190.005
    endloop
  endfacet
  facet normal 0.0211043 -0.555379 0.83133
    outer loop
      vertex 2.1837 107.612 189.932
      vertex 1.38163 107.669 189.991
      vertex 1.38467 107.56 189.918
    endloop
  endfacet
  facet normal 0.0497512 -0.895526 0.44222
    outer loop
      vertex 1.37167 107.926 190.284
      vertex 2.16729 108.035 190.416
      vertex 1.36827 107.984 190.402
    endloop
  endfacet
  facet normal 0.0497512 -0.895526 0.44222
    outer loop
      vertex 2.16729 108.035 190.416
      vertex 1.37167 107.926 190.284
      vertex 2.1707 107.978 190.298
    endloop
  endfacet
  facet normal 0.0550604 -0.945348 0.321382
    outer loop
      vertex 1.36827 107.984 190.402
      vertex 2.16394 108.077 190.539
      vertex 1.36491 108.026 190.526
    endloop
  endfacet
  facet normal 0.0550604 -0.945348 0.321382
    outer loop
      vertex 2.16394 108.077 190.539
      vertex 1.36827 107.984 190.402
      vertex 2.16729 108.035 190.416
    endloop
  endfacet
  facet normal 0.0435938 -0.830414 0.555438
    outer loop
      vertex 1.37507 107.854 190.175
      vertex 2.1707 107.978 190.298
      vertex 1.37167 107.926 190.284
    endloop
  endfacet
  facet normal 0.04358 -0.830379 0.555492
    outer loop
      vertex 2.1707 107.978 190.298
      vertex 1.37507 107.854 190.175
      vertex 2.1741 107.905 190.189
    endloop
  endfacet
  facet normal 0.0500666 -0.553471 -0.831362
    outer loop
      vertex 2.14429 107.609 191.664
      vertex 1.34553 107.667 191.577
      vertex 2.14456 107.718 191.591
    endloop
  endfacet
  facet normal 0.0500666 -0.553471 -0.831362
    outer loop
      vertex 1.34553 107.667 191.577
      vertex 2.14429 107.609 191.664
      vertex 1.34526 107.558 191.65
    endloop
  endfacet
  facet normal 0.055329 -0.657169 -0.75171
    outer loop
      vertex 2.14456 107.718 191.591
      vertex 1.34623 107.765 191.491
      vertex 2.14526 107.817 191.505
    endloop
  endfacet
  facet normal 0.055329 -0.657169 -0.75171
    outer loop
      vertex 1.34623 107.765 191.491
      vertex 2.14456 107.718 191.591
      vertex 1.34553 107.667 191.577
    endloop
  endfacet
  facet normal 0.0651509 -0.894554 -0.442187
    outer loop
      vertex 1.34892 107.925 191.284
      vertex 2.14988 108.034 191.181
      vertex 2.14795 107.976 191.298
    endloop
  endfacet
  facet normal 0.0651509 -0.894554 -0.442187
    outer loop
      vertex 2.14988 108.034 191.181
      vertex 1.34892 107.925 191.284
      vertex 1.35085 107.983 191.167
    endloop
  endfacet
  facet normal 0.0662196 -0.978547 -0.195092
    outer loop
      vertex 1.35313 108.025 191.043
      vertex 2.15476 108.102 190.929
      vertex 2.15216 108.077 191.057
    endloop
  endfacet
  facet normal 0.0662196 -0.978547 -0.195092
    outer loop
      vertex 2.15476 108.102 190.929
      vertex 1.35313 108.025 191.043
      vertex 1.35573 108.051 190.915
    endloop
  endfacet
  facet normal -0.0662094 0.978562 0.195018
    outer loop
      vertex 1.37621 106.091 190.524
      vertex 2.17239 106.116 190.666
      vertex 2.17581 106.142 190.538
    endloop
  endfacet
  facet normal -0.0662228 0.978546 0.195095
    outer loop
      vertex 2.17239 106.116 190.666
      vertex 1.37621 106.091 190.524
      vertex 1.37279 106.065 190.652
    endloop
  endfacet
  facet normal -0.0650566 0.995736 0.0653993
    outer loop
      vertex 1.37279 106.065 190.652
      vertex 2.1689 106.108 190.796
      vertex 2.17239 106.116 190.666
    endloop
  endfacet
  facet normal -0.0650552 0.995737 0.0653918
    outer loop
      vertex 2.1689 106.108 190.796
      vertex 1.37279 106.065 190.652
      vertex 1.3693 106.056 190.782
    endloop
  endfacet
  facet normal -0.0550618 0.945362 -0.321339
    outer loop
      vertex 1.36235 106.09 191.041
      vertex 2.15861 106.183 191.179
      vertex 2.16195 106.141 191.055
    endloop
  endfacet
  facet normal -0.0550543 0.94535 -0.321375
    outer loop
      vertex 2.15861 106.183 191.179
      vertex 1.36235 106.09 191.041
      vertex 1.35902 106.132 191.165
    endloop
  endfacet
  facet normal -0.0126993 0.442395 -0.89673
    outer loop
      vertex 1.34424 106.673 191.707
      vertex 2.14545 106.607 191.663
      vertex 1.34585 106.556 191.649
    endloop
  endfacet
  facet normal -0.0127018 0.442372 -0.896742
    outer loop
      vertex 2.14545 106.607 191.663
      vertex 1.34424 106.673 191.707
      vertex 2.14384 106.725 191.721
    endloop
  endfacet
  facet normal -0.0210929 0.555357 -0.831345
    outer loop
      vertex 1.34585 106.556 191.649
      vertex 2.14746 106.498 191.59
      vertex 1.34786 106.447 191.576
    endloop
  endfacet
  facet normal -0.0210929 0.555357 -0.831345
    outer loop
      vertex 2.14746 106.498 191.59
      vertex 1.34585 106.556 191.649
      vertex 2.14545 106.607 191.663
    endloop
  endfacet
  facet normal 0.0131851 0.0664039 -0.997706
    outer loop
      vertex 2.14626 106.977 191.788
      vertex 1.34526 106.926 191.774
      vertex 1.34868 107.051 191.783
    endloop
  endfacet
  facet normal 0.0131974 0.0665377 -0.997697
    outer loop
      vertex 1.34868 107.051 191.783
      vertex 2.14838 107.055 191.794
      vertex 2.14626 106.977 191.788
    endloop
  endfacet
  facet normal 0.0132031 0.0655752 -0.99776
    outer loop
      vertex 1.34859 107.057 191.783
      vertex 2.14838 107.055 191.794
      vertex 1.34868 107.051 191.783
    endloop
  endfacet
  facet normal 0.0132043 0.0661905 -0.99772
    outer loop
      vertex 2.14838 107.055 191.794
      vertex 1.34859 107.057 191.783
      vertex 2.14762 107.108 191.797
    endloop
  endfacet
  facet normal 0.00410159 -0.32193 0.946754
    outer loop
      vertex 1.38748 107.443 189.86
      vertex 2.18905 107.37 189.832
      vertex 2.18651 107.494 189.874
    endloop
  endfacet
  facet normal 0.00410159 -0.32193 0.946754
    outer loop
      vertex 2.18905 107.37 189.832
      vertex 1.38748 107.443 189.86
      vertex 1.39002 107.319 189.818
    endloop
  endfacet
  facet normal 0.0594221 -0.978982 0.195098
    outer loop
      vertex 1.36491 108.026 190.526
      vertex 2.1607 108.103 190.668
      vertex 1.36167 108.051 190.654
    endloop
  endfacet
  facet normal 0.0594265 -0.978986 0.195076
    outer loop
      vertex 2.1607 108.103 190.668
      vertex 1.36491 108.026 190.526
      vertex 2.16394 108.077 190.539
    endloop
  endfacet
  facet normal 0.0366688 -0.750991 0.659293
    outer loop
      vertex 1.37841 107.768 190.077
      vertex 2.1741 107.905 190.189
      vertex 1.37507 107.854 190.175
    endloop
  endfacet
  facet normal 0.0366856 -0.751041 0.659235
    outer loop
      vertex 2.1741 107.905 190.189
      vertex 1.37841 107.768 190.077
      vertex 2.17744 107.819 190.091
    endloop
  endfacet
  facet normal 0.043953 -0.440407 -0.896722
    outer loop
      vertex 1.34526 107.558 191.65
      vertex 2.14447 107.492 191.721
      vertex 1.34544 107.44 191.707
    endloop
  endfacet
  facet normal 0.043953 -0.440407 -0.896722
    outer loop
      vertex 2.14447 107.492 191.721
      vertex 1.34526 107.558 191.65
      vertex 2.14429 107.609 191.664
    endloop
  endfacet
  facet normal 0.0295833 -0.193657 -0.980623
    outer loop
      vertex 1.34606 107.316 191.749
      vertex 2.14615 107.239 191.789
      vertex 1.34712 107.188 191.775
    endloop
  endfacet
  facet normal 0.0295833 -0.193657 -0.980623
    outer loop
      vertex 2.14615 107.239 191.789
      vertex 1.34606 107.316 191.749
      vertex 2.14509 107.368 191.763
    endloop
  endfacet
  facet normal 0.0629346 -0.829147 -0.555477
    outer loop
      vertex 1.34737 107.852 191.393
      vertex 2.14795 107.976 191.298
      vertex 2.1464 107.903 191.407
    endloop
  endfacet
  facet normal 0.0629346 -0.829147 -0.555477
    outer loop
      vertex 2.14795 107.976 191.298
      vertex 1.34737 107.852 191.393
      vertex 1.34892 107.925 191.284
    endloop
  endfacet
  facet normal 0.0650536 -0.99574 -0.0653485
    outer loop
      vertex 1.35573 108.051 190.915
      vertex 2.15762 108.111 190.798
      vertex 2.15476 108.102 190.929
    endloop
  endfacet
  facet normal 0.0650536 -0.99574 -0.0653485
    outer loop
      vertex 2.15762 108.111 190.798
      vertex 1.35573 108.051 190.915
      vertex 1.35859 108.06 190.784
    endloop
  endfacet
  facet normal -0.0295646 0.193657 0.980624
    outer loop
      vertex 1.39557 106.929 189.792
      vertex 2.19565 106.852 189.831
      vertex 2.1946 106.981 189.806
    endloop
  endfacet
  facet normal -0.0295765 0.193545 0.980645
    outer loop
      vertex 2.19565 106.852 189.831
      vertex 1.39557 106.929 189.792
      vertex 1.39662 106.801 189.817
    endloop
  endfacet
  facet normal -0.0215638 0.0640546 0.997713
    outer loop
      vertex 1.3941 107.06 189.784
      vertex 2.1946 106.981 189.806
      vertex 2.19313 107.111 189.798
    endloop
  endfacet
  facet normal -0.0215521 0.0641708 0.997706
    outer loop
      vertex 2.1946 106.981 189.806
      vertex 1.3941 107.06 189.784
      vertex 1.39557 106.929 189.792
    endloop
  endfacet
  facet normal -0.0651459 0.894514 0.442268
    outer loop
      vertex 1.38261 106.191 190.283
      vertex 2.1791 106.185 190.414
      vertex 2.18221 106.243 190.297
    endloop
  endfacet
  facet normal -0.0651381 0.894537 0.442222
    outer loop
      vertex 2.1791 106.185 190.414
      vertex 1.38261 106.191 190.283
      vertex 1.3795 106.133 190.4
    endloop
  endfacet
  facet normal -0.0596524 0.749529 0.659278
    outer loop
      vertex 1.39388 106.351 190.076
      vertex 2.18847 106.316 190.188
      vertex 2.19488 106.403 190.09
    endloop
  endfacet
  facet normal -0.0596421 0.74958 0.659222
    outer loop
      vertex 2.18847 106.316 190.188
      vertex 1.39388 106.351 190.076
      vertex 1.38746 106.265 190.174
    endloop
  endfacet
  facet normal -0.062956 0.829782 0.554525
    outer loop
      vertex 2.18234 106.246 190.292
      vertex 1.38261 106.191 190.283
      vertex 2.18221 106.243 190.297
    endloop
  endfacet
  facet normal -0.062924 0.829157 0.555463
    outer loop
      vertex 2.18234 106.246 190.292
      vertex 1.38388 106.224 190.235
      vertex 1.38261 106.191 190.283
    endloop
  endfacet
  facet normal -0.062934 0.82912 0.555517
    outer loop
      vertex 1.38746 106.265 190.174
      vertex 2.18234 106.246 190.292
      vertex 2.18847 106.316 190.188
    endloop
  endfacet
  facet normal -0.0629235 0.829164 0.555453
    outer loop
      vertex 2.18234 106.246 190.292
      vertex 1.38746 106.265 190.174
      vertex 1.38388 106.224 190.235
    endloop
  endfacet
  facet normal -0.055328 0.657149 0.751727
    outer loop
      vertex 1.39716 106.45 189.99
      vertex 2.19556 106.413 190.081
      vertex 2.19619 106.501 190.004
    endloop
  endfacet
  facet normal -0.0552383 0.65777 0.751191
    outer loop
      vertex 2.19556 106.413 190.081
      vertex 1.39716 106.45 189.99
      vertex 2.19488 106.403 190.09
    endloop
  endfacet
  facet normal -0.0553282 0.657234 0.751653
    outer loop
      vertex 1.39678 106.397 190.036
      vertex 2.19488 106.403 190.09
      vertex 1.39716 106.45 189.99
    endloop
  endfacet
  facet normal -0.0553369 0.657062 0.751802
    outer loop
      vertex 2.19488 106.403 190.09
      vertex 1.39678 106.397 190.036
      vertex 1.39388 106.351 190.076
    endloop
  endfacet
  facet normal -0.043579 0.830391 -0.555474
    outer loop
      vertex 1.35584 106.19 191.282
      vertex 2.15249 106.314 191.405
      vertex 2.15544 106.241 191.296
    endloop
  endfacet
  facet normal -0.043579 0.830391 -0.555474
    outer loop
      vertex 2.15249 106.314 191.405
      vertex 1.35584 106.19 191.282
      vertex 1.3529 106.262 191.391
    endloop
  endfacet
  facet normal -0.0366683 0.75102 -0.659261
    outer loop
      vertex 1.3529 106.262 191.391
      vertex 2.14982 106.4 191.503
      vertex 2.15249 106.314 191.405
    endloop
  endfacet
  facet normal -0.0366587 0.750991 -0.659294
    outer loop
      vertex 2.14982 106.4 191.503
      vertex 1.3529 106.262 191.391
      vertex 1.35022 106.349 191.489
    endloop
  endfacet
  facet normal -0.049741 0.89552 -0.442233
    outer loop
      vertex 1.35902 106.132 191.165
      vertex 2.15544 106.241 191.296
      vertex 2.15861 106.183 191.179
    endloop
  endfacet
  facet normal -0.049741 0.89552 -0.442233
    outer loop
      vertex 2.15544 106.241 191.296
      vertex 1.35902 106.132 191.165
      vertex 1.35584 106.19 191.282
    endloop
  endfacet
  facet normal -0.0291288 0.658857 -0.751704
    outer loop
      vertex 1.34786 106.447 191.576
      vertex 2.14982 106.4 191.503
      vertex 1.35022 106.349 191.489
    endloop
  endfacet
  facet normal -0.0291288 0.658857 -0.751704
    outer loop
      vertex 2.14982 106.4 191.503
      vertex 1.34786 106.447 191.576
      vertex 2.14746 106.498 191.59
    endloop
  endfacet
  facet normal -0.00409239 0.321879 -0.946772
    outer loop
      vertex 1.34305 106.797 191.749
      vertex 2.14384 106.725 191.721
      vertex 1.34424 106.673 191.707
    endloop
  endfacet
  facet normal -0.00410467 0.32176 -0.946812
    outer loop
      vertex 2.14384 106.725 191.721
      vertex 1.34305 106.797 191.749
      vertex 2.14292 106.821 191.753
    endloop
  endfacet
  facet normal -0.00410958 0.321915 -0.94676
    outer loop
      vertex 2.14292 106.821 191.753
      vertex 1.34305 106.797 191.749
      vertex 2.14338 106.849 191.763
    endloop
  endfacet
  facet normal 0.0370794 -0.319665 -0.946805
    outer loop
      vertex 1.34544 107.44 191.707
      vertex 2.14509 107.368 191.763
      vertex 1.34606 107.316 191.749
    endloop
  endfacet
  facet normal 0.0370794 -0.319665 -0.946805
    outer loop
      vertex 2.14509 107.368 191.763
      vertex 1.34544 107.44 191.707
      vertex 2.14447 107.492 191.721
    endloop
  endfacet
  facet normal -0.0439478 0.440313 0.896768
    outer loop
      vertex 1.39725 106.677 189.859
      vertex 2.19646 106.61 189.931
      vertex 2.19628 106.728 189.873
    endloop
  endfacet
  facet normal -0.0439478 0.440313 0.896768
    outer loop
      vertex 2.19646 106.61 189.931
      vertex 1.39725 106.677 189.859
      vertex 1.39743 106.559 189.917
    endloop
  endfacet
  facet normal -0.0662406 0.94463 0.321382
    outer loop
      vertex 1.3795 106.133 190.4
      vertex 2.17581 106.142 190.538
      vertex 2.1791 106.185 190.414
    endloop
  endfacet
  facet normal -0.0662406 0.94463 0.321382
    outer loop
      vertex 2.17581 106.142 190.538
      vertex 1.3795 106.133 190.4
      vertex 1.37621 106.091 190.524
    endloop
  endfacet
  facet normal -0.0594271 0.978986 -0.195077
    outer loop
      vertex 1.3658 106.065 190.913
      vertex 2.16195 106.141 191.055
      vertex 2.1654 106.116 190.927
    endloop
  endfacet
  facet normal -0.059427 0.978986 -0.195077
    outer loop
      vertex 2.16195 106.141 191.055
      vertex 1.3658 106.065 190.913
      vertex 1.36235 106.09 191.041
    endloop
  endfacet
  facet normal -0.0370855 0.31977 0.946769
    outer loop
      vertex 1.39662 106.801 189.817
      vertex 2.19628 106.728 189.873
      vertex 2.19565 106.852 189.831
    endloop
  endfacet
  facet normal -0.0370855 0.31977 0.946769
    outer loop
      vertex 2.19628 106.728 189.873
      vertex 1.39662 106.801 189.817
      vertex 1.39725 106.677 189.859
    endloop
  endfacet
  facet normal -0.0131831 -0.0663298 0.997711
    outer loop
      vertex 1.16722 117.19 189.8
      vertex 1.97016 117.111 189.805
      vertex 1.96506 117.241 189.814
    endloop
  endfacet
  facet normal -0.0131946 -0.0664464 0.997703
    outer loop
      vertex 1.97016 117.111 189.805
      vertex 1.16722 117.19 189.8
      vertex 1.17233 117.059 189.791
    endloop
  endfacet
  facet normal 0.0215717 -0.0640679 -0.997712
    outer loop
      vertex 1.13719 117.188 191.782
      vertex 1.93987 117.109 191.805
      vertex 1.14203 117.057 191.791
    endloop
  endfacet
  facet normal 0.02156 -0.0641846 -0.997705
    outer loop
      vertex 1.93987 117.109 191.805
      vertex 1.13719 117.188 191.782
      vertex 1.93502 117.239 191.796
    endloop
  endfacet
  facet normal 0.0627677 -0.995884 0.0653808
    outer loop
      vertex 1.11906 118.058 190.791
      vertex 1.9192 118.101 190.675
      vertex 1.91689 118.109 190.805
    endloop
  endfacet
  facet normal 0.0627748 -0.995881 0.0654312
    outer loop
      vertex 1.9192 118.101 190.675
      vertex 1.11906 118.058 190.791
      vertex 1.12136 118.05 190.661
    endloop
  endfacet
  facet normal -0.0650567 0.995737 0.065388
    outer loop
      vertex 1.98514 116.118 190.674
      vertex 1.18501 116.058 190.79
      vertex 1.98318 116.109 190.804
    endloop
  endfacet
  facet normal -0.0650567 0.995737 0.065388
    outer loop
      vertex 1.18501 116.058 190.79
      vertex 1.98514 116.118 190.674
      vertex 1.18698 116.067 190.66
    endloop
  endfacet
  facet normal 0.0291349 -0.658872 0.751691
    outer loop
      vertex 1.14093 117.766 190.084
      vertex 1.94383 117.719 190.012
      vertex 1.93877 117.817 190.098
    endloop
  endfacet
  facet normal 0.029144 -0.658805 0.751749
    outer loop
      vertex 1.94383 117.719 190.012
      vertex 1.14093 117.766 190.084
      vertex 1.14599 117.668 189.998
    endloop
  endfacet
  facet normal 0.0596337 -0.749555 -0.65925
    outer loop
      vertex 1.11951 117.765 191.498
      vertex 1.91555 117.902 191.414
      vertex 1.91735 117.816 191.512
    endloop
  endfacet
  facet normal 0.0596337 -0.749555 -0.65925
    outer loop
      vertex 1.91555 117.902 191.414
      vertex 1.11951 117.765 191.498
      vertex 1.11772 117.851 191.4
    endloop
  endfacet
  facet normal 0.0662481 -0.944617 -0.321419
    outer loop
      vertex 1.11616 117.982 191.174
      vertex 1.91427 118.075 191.064
      vertex 1.914 118.033 191.188
    endloop
  endfacet
  facet normal 0.0662481 -0.944617 -0.321419
    outer loop
      vertex 1.91427 118.075 191.064
      vertex 1.11616 117.982 191.174
      vertex 1.11644 118.024 191.05
    endloop
  endfacet
  facet normal -0.0500751 0.553518 0.83133
    outer loop
      vertex 1.18936 116.559 189.925
      vertex 1.99024 116.502 190.011
      vertex 1.98719 116.611 189.939
    endloop
  endfacet
  facet normal -0.0500751 0.553518 0.83133
    outer loop
      vertex 1.99024 116.502 190.011
      vertex 1.18936 116.559 189.925
      vertex 1.1924 116.451 189.997
    endloop
  endfacet
  facet normal 0.0127053 -0.442435 0.896711
    outer loop
      vertex 1.15124 117.559 189.925
      vertex 1.95442 117.493 189.881
      vertex 1.94907 117.61 189.939
    endloop
  endfacet
  facet normal 0.0127156 -0.442341 0.896757
    outer loop
      vertex 1.95442 117.493 189.881
      vertex 1.15124 117.559 189.925
      vertex 1.15658 117.442 189.867
    endloop
  endfacet
  facet normal -0.00457606 -0.195779 0.980637
    outer loop
      vertex 1.16194 117.318 189.825
      vertex 1.96506 117.241 189.814
      vertex 1.95978 117.369 189.839
    endloop
  endfacet
  facet normal -0.00457606 -0.195779 0.980637
    outer loop
      vertex 1.96506 117.241 189.814
      vertex 1.16194 117.318 189.825
      vertex 1.16722 117.19 189.8
    endloop
  endfacet
  facet normal 0.0211105 -0.555326 0.831365
    outer loop
      vertex 1.14599 117.668 189.998
      vertex 1.94907 117.61 189.939
      vertex 1.94383 117.719 190.012
    endloop
  endfacet
  facet normal 0.0211008 -0.555407 0.831311
    outer loop
      vertex 1.94907 117.61 189.939
      vertex 1.14599 117.668 189.998
      vertex 1.15124 117.559 189.925
    endloop
  endfacet
  facet normal 0.0497503 -0.895544 0.442182
    outer loop
      vertex 1.13174 117.925 190.291
      vertex 1.92559 118.034 190.423
      vertex 1.12776 117.982 190.409
    endloop
  endfacet
  facet normal 0.0497396 -0.895522 0.442228
    outer loop
      vertex 1.92559 118.034 190.423
      vertex 1.13174 117.925 190.291
      vertex 1.92957 117.976 190.305
    endloop
  endfacet
  facet normal 0.036667 -0.751021 0.659259
    outer loop
      vertex 1.14093 117.766 190.084
      vertex 1.93399 117.903 190.196
      vertex 1.13616 117.852 190.183
    endloop
  endfacet
  facet normal 0.036667 -0.751021 0.659259
    outer loop
      vertex 1.93399 117.903 190.196
      vertex 1.14093 117.766 190.084
      vertex 1.93877 117.817 190.098
    endloop
  endfacet
  facet normal 0.0439418 -0.440398 -0.896726
    outer loop
      vertex 1.125 117.557 191.657
      vertex 1.92643 117.491 191.729
      vertex 1.1286 117.44 191.715
    endloop
  endfacet
  facet normal 0.0439537 -0.440304 -0.896772
    outer loop
      vertex 1.92643 117.491 191.729
      vertex 1.125 117.557 191.657
      vertex 1.92284 117.609 191.671
    endloop
  endfacet
  facet normal 0.0500751 -0.553518 -0.83133
    outer loop
      vertex 1.12196 117.666 191.584
      vertex 1.92284 117.609 191.671
      vertex 1.125 117.557 191.657
    endloop
  endfacet
  facet normal 0.0500751 -0.553518 -0.83133
    outer loop
      vertex 1.92284 117.609 191.671
      vertex 1.12196 117.666 191.584
      vertex 1.91979 117.717 191.598
    endloop
  endfacet
  facet normal 0.0651455 -0.894541 -0.442213
    outer loop
      vertex 1.11659 117.924 191.291
      vertex 1.914 118.033 191.188
      vertex 1.91443 117.975 191.305
    endloop
  endfacet
  facet normal 0.0651455 -0.894541 -0.442213
    outer loop
      vertex 1.914 118.033 191.188
      vertex 1.11659 117.924 191.291
      vertex 1.11616 117.982 191.174
    endloop
  endfacet
  facet normal 0.0650546 -0.995739 -0.0653619
    outer loop
      vertex 1.11741 118.049 190.922
      vertex 1.91689 118.109 190.805
      vertex 1.91524 118.101 190.936
    endloop
  endfacet
  facet normal 0.0650447 -0.995735 -0.0654275
    outer loop
      vertex 1.91689 118.109 190.805
      vertex 1.11741 118.049 190.922
      vertex 1.11906 118.058 190.791
    endloop
  endfacet
  facet normal -0.0662219 0.978557 0.19504
    outer loop
      vertex 1.98645 116.142 190.553
      vertex 1.18698 116.067 190.66
      vertex 1.98514 116.118 190.674
    endloop
  endfacet
  facet normal -0.0662086 0.978644 0.194607
    outer loop
      vertex 1.18837 116.093 190.531
      vertex 1.98645 116.142 190.553
      vertex 1.98667 116.144 190.545
    endloop
  endfacet
  facet normal -0.0662156 0.978549 0.195082
    outer loop
      vertex 1.98645 116.142 190.553
      vertex 1.18837 116.093 190.531
      vertex 1.18698 116.067 190.66
    endloop
  endfacet
  facet normal 0.00410661 -0.321837 0.946786
    outer loop
      vertex 1.15658 117.442 189.867
      vertex 1.95978 117.369 189.839
      vertex 1.95442 117.493 189.881
    endloop
  endfacet
  facet normal 0.00410661 -0.321837 0.946786
    outer loop
      vertex 1.95978 117.369 189.839
      vertex 1.15658 117.442 189.867
      vertex 1.16194 117.318 189.825
    endloop
  endfacet
  facet normal 0.0550511 -0.945337 0.321414
    outer loop
      vertex 1.12776 117.982 190.409
      vertex 1.92211 118.075 190.546
      vertex 1.12428 118.024 190.532
    endloop
  endfacet
  facet normal 0.0550587 -0.945349 0.321379
    outer loop
      vertex 1.92211 118.075 190.546
      vertex 1.12776 117.982 190.409
      vertex 1.92559 118.034 190.423
    endloop
  endfacet
  facet normal 0.0594228 -0.978993 0.195042
    outer loop
      vertex 1.12428 118.024 190.532
      vertex 1.9192 118.101 190.675
      vertex 1.12136 118.05 190.661
    endloop
  endfacet
  facet normal 0.0594228 -0.978993 0.195042
    outer loop
      vertex 1.9192 118.101 190.675
      vertex 1.12428 118.024 190.532
      vertex 1.92211 118.075 190.546
    endloop
  endfacet
  facet normal 0.0553318 -0.657114 -0.751758
    outer loop
      vertex 1.11951 117.765 191.498
      vertex 1.91979 117.717 191.598
      vertex 1.12196 117.666 191.584
    endloop
  endfacet
  facet normal 0.0553207 -0.65718 -0.7517
    outer loop
      vertex 1.91979 117.717 191.598
      vertex 1.11951 117.765 191.498
      vertex 1.91735 117.816 191.512
    endloop
  endfacet
  facet normal 0.0370862 -0.319666 -0.946804
    outer loop
      vertex 1.1286 117.44 191.715
      vertex 1.93052 117.367 191.771
      vertex 1.13268 117.316 191.757
    endloop
  endfacet
  facet normal 0.0370742 -0.319771 -0.946769
    outer loop
      vertex 1.93052 117.367 191.771
      vertex 1.1286 117.44 191.715
      vertex 1.92643 117.491 191.729
    endloop
  endfacet
  facet normal 0.0295718 -0.193663 -0.980622
    outer loop
      vertex 1.13268 117.316 191.757
      vertex 1.93502 117.239 191.796
      vertex 1.13719 117.188 191.782
    endloop
  endfacet
  facet normal 0.0295837 -0.19355 -0.980644
    outer loop
      vertex 1.93502 117.239 191.796
      vertex 1.13268 117.316 191.757
      vertex 1.93052 117.367 191.771
    endloop
  endfacet
  facet normal -0.0215717 0.0640679 0.997712
    outer loop
      vertex 1.17233 117.059 189.791
      vertex 1.97501 116.98 189.813
      vertex 1.97016 117.111 189.805
    endloop
  endfacet
  facet normal -0.02156 0.0641845 0.997705
    outer loop
      vertex 1.97501 116.98 189.813
      vertex 1.17233 117.059 189.791
      vertex 1.17717 116.929 189.799
    endloop
  endfacet
  facet normal -0.055335 0.65718 0.7517
    outer loop
      vertex 1.1924 116.451 189.997
      vertex 1.99268 116.403 190.097
      vertex 1.99024 116.502 190.011
    endloop
  endfacet
  facet normal -0.055335 0.65718 0.7517
    outer loop
      vertex 1.99268 116.403 190.097
      vertex 1.1924 116.451 189.997
      vertex 1.19485 116.352 190.083
    endloop
  endfacet
  facet normal -0.0550578 0.945356 -0.321359
    outer loop
      vertex 1.17953 116.092 191.049
      vertex 1.97426 116.185 191.187
      vertex 1.97769 116.143 191.063
    endloop
  endfacet
  facet normal -0.0550468 0.945339 -0.321411
    outer loop
      vertex 1.97426 116.185 191.187
      vertex 1.17953 116.092 191.049
      vertex 1.1761 116.134 191.173
    endloop
  endfacet
  facet normal -0.0651495 0.894543 0.442209
    outer loop
      vertex 1.194 116.193 190.29
      vertex 1.99022 116.186 190.422
      vertex 1.99356 116.244 190.304
    endloop
  endfacet
  facet normal -0.0651496 0.894542 0.44221
    outer loop
      vertex 1.99022 116.186 190.422
      vertex 1.194 116.193 190.29
      vertex 1.19065 116.135 190.408
    endloop
  endfacet
  facet normal 0.0435756 -0.83037 0.555505
    outer loop
      vertex 1.13616 117.852 190.183
      vertex 1.92957 117.976 190.305
      vertex 1.13174 117.925 190.291
    endloop
  endfacet
  facet normal 0.0435756 -0.83037 0.555505
    outer loop
      vertex 1.92957 117.976 190.305
      vertex 1.13616 117.852 190.183
      vertex 1.93399 117.903 190.196
    endloop
  endfacet
  facet normal 0.0629287 -0.829159 -0.555459
    outer loop
      vertex 1.11772 117.851 191.4
      vertex 1.91443 117.975 191.305
      vertex 1.91555 117.902 191.414
    endloop
  endfacet
  facet normal 0.0629287 -0.829159 -0.555459
    outer loop
      vertex 1.91443 117.975 191.305
      vertex 1.11772 117.851 191.4
      vertex 1.11659 117.924 191.291
    endloop
  endfacet
  facet normal 0.0662175 -0.978552 -0.19507
    outer loop
      vertex 1.11644 118.024 191.05
      vertex 1.91524 118.101 190.936
      vertex 1.91427 118.075 191.064
    endloop
  endfacet
  facet normal 0.0662211 -0.978556 -0.195047
    outer loop
      vertex 1.91524 118.101 190.936
      vertex 1.11644 118.024 191.05
      vertex 1.11741 118.049 190.922
    endloop
  endfacet
  facet normal -0.0370862 0.319666 0.946804
    outer loop
      vertex 1.18168 116.801 189.825
      vertex 1.9836 116.728 189.881
      vertex 1.97951 116.852 189.839
    endloop
  endfacet
  facet normal -0.0370742 0.319771 0.946769
    outer loop
      vertex 1.9836 116.728 189.881
      vertex 1.18168 116.801 189.825
      vertex 1.18576 116.677 189.867
    endloop
  endfacet
  facet normal -0.0295718 0.193663 0.980622
    outer loop
      vertex 1.17717 116.929 189.799
      vertex 1.97951 116.852 189.839
      vertex 1.97501 116.98 189.813
    endloop
  endfacet
  facet normal -0.0295837 0.19355 0.980644
    outer loop
      vertex 1.97951 116.852 189.839
      vertex 1.17717 116.929 189.799
      vertex 1.18168 116.801 189.825
    endloop
  endfacet
  facet normal -0.0629343 0.829136 0.555493
    outer loop
      vertex 1.99506 116.28 190.252
      vertex 1.194 116.193 190.29
      vertex 1.99356 116.244 190.304
    endloop
  endfacet
  facet normal -0.0629235 0.829161 0.555457
    outer loop
      vertex 1.19676 116.258 190.193
      vertex 1.99506 116.28 190.252
      vertex 1.99448 116.317 190.196
    endloop
  endfacet
  facet normal -0.0629283 0.829103 0.555543
    outer loop
      vertex 1.99506 116.28 190.252
      vertex 1.19676 116.258 190.193
      vertex 1.194 116.193 190.29
    endloop
  endfacet
  facet normal -0.0629352 0.829331 0.555203
    outer loop
      vertex 1.19676 116.258 190.193
      vertex 1.99448 116.317 190.196
      vertex 1.19664 116.266 190.182
    endloop
  endfacet
  facet normal -0.0439418 0.440398 0.896726
    outer loop
      vertex 1.18576 116.677 189.867
      vertex 1.98719 116.611 189.939
      vertex 1.9836 116.728 189.881
    endloop
  endfacet
  facet normal -0.0439537 0.440304 0.896772
    outer loop
      vertex 1.98719 116.611 189.939
      vertex 1.18576 116.677 189.867
      vertex 1.18936 116.559 189.925
    endloop
  endfacet
  facet normal -0.0291424 0.658879 -0.751684
    outer loop
      vertex 1.15925 116.449 191.584
      vertex 1.96196 116.402 191.511
      vertex 1.16379 116.35 191.497
    endloop
  endfacet
  facet normal -0.0291424 0.658879 -0.751684
    outer loop
      vertex 1.96196 116.402 191.511
      vertex 1.15925 116.449 191.584
      vertex 1.95742 116.5 191.598
    endloop
  endfacet
  facet normal -0.0127018 0.442248 -0.896803
    outer loop
      vertex 1.15421 116.568 191.661
      vertex 1.95393 116.609 191.67
      vertex 1.15462 116.557 191.656
    endloop
  endfacet
  facet normal -0.0127073 0.442345 -0.896755
    outer loop
      vertex 1.15262 116.675 191.714
      vertex 1.95393 116.609 191.67
      vertex 1.15421 116.568 191.661
    endloop
  endfacet
  facet normal -0.0127006 0.442407 -0.896725
    outer loop
      vertex 1.95393 116.609 191.67
      vertex 1.15262 116.675 191.714
      vertex 1.95218 116.726 191.728
    endloop
  endfacet
  facet normal 0.0131837 0.0663298 -0.997711
    outer loop
      vertex 1.14203 117.057 191.791
      vertex 1.94498 116.978 191.796
      vertex 1.14714 116.927 191.782
    endloop
  endfacet
  facet normal 0.0131948 0.0664426 -0.997703
    outer loop
      vertex 1.94498 116.978 191.796
      vertex 1.14203 117.057 191.791
      vertex 1.93987 117.109 191.805
    endloop
  endfacet
  facet normal 0.00459154 0.195458 -0.980701
    outer loop
      vertex 1.15112 116.83 191.763
      vertex 1.95025 116.85 191.77
      vertex 1.15132 116.799 191.757
    endloop
  endfacet
  facet normal 0.0045827 0.19579 -0.980635
    outer loop
      vertex 1.95025 116.85 191.77
      vertex 1.15112 116.83 191.763
      vertex 1.94498 116.978 191.796
    endloop
  endfacet
  facet normal 0.0045742 0.195834 -0.980626
    outer loop
      vertex 1.94498 116.978 191.796
      vertex 1.15112 116.83 191.763
      vertex 1.14714 116.927 191.782
    endloop
  endfacet
  facet normal -0.00409679 0.321833 -0.946788
    outer loop
      vertex 1.15132 116.799 191.757
      vertex 1.95109 116.831 191.764
      vertex 1.95218 116.726 191.728
    endloop
  endfacet
  facet normal -0.00409053 0.321894 -0.946767
    outer loop
      vertex 1.15132 116.799 191.757
      vertex 1.95218 116.726 191.728
      vertex 1.15262 116.675 191.714
    endloop
  endfacet
  facet normal -0.00407033 0.321219 -0.946996
    outer loop
      vertex 1.95109 116.831 191.764
      vertex 1.15132 116.799 191.757
      vertex 1.95025 116.85 191.77
    endloop
  endfacet
  facet normal -0.0662433 0.944655 0.321307
    outer loop
      vertex 1.98667 116.144 190.545
      vertex 1.18874 116.112 190.474
      vertex 1.18837 116.093 190.531
    endloop
  endfacet
  facet normal -0.0662516 0.944617 0.321418
    outer loop
      vertex 1.99022 116.186 190.422
      vertex 1.18874 116.112 190.474
      vertex 1.98667 116.144 190.545
    endloop
  endfacet
  facet normal -0.0662523 0.94462 0.32141
    outer loop
      vertex 1.18874 116.112 190.474
      vertex 1.99022 116.186 190.422
      vertex 1.19065 116.135 190.408
    endloop
  endfacet
  facet normal -0.0596314 0.749505 0.659308
    outer loop
      vertex 1.99268 116.403 190.097
      vertex 1.19664 116.266 190.182
      vertex 1.99448 116.317 190.196
    endloop
  endfacet
  facet normal -0.0596462 0.749555 0.65925
    outer loop
      vertex 1.19664 116.266 190.182
      vertex 1.99268 116.403 190.097
      vertex 1.19485 116.352 190.083
    endloop
  endfacet
  facet normal -0.0627697 0.995886 -0.0653578
    outer loop
      vertex 1.98318 116.109 190.804
      vertex 1.18252 116.067 190.921
      vertex 1.98068 116.118 190.935
    endloop
  endfacet
  facet normal -0.0627779 0.995881 -0.065416
    outer loop
      vertex 1.18252 116.067 190.921
      vertex 1.98318 116.109 190.804
      vertex 1.18501 116.058 190.79
    endloop
  endfacet
  facet normal -0.0435953 0.830406 -0.555451
    outer loop
      vertex 1.17229 116.192 191.29
      vertex 1.96633 116.315 191.413
      vertex 1.97045 116.243 191.304
    endloop
  endfacet
  facet normal -0.0435815 0.83037 -0.555505
    outer loop
      vertex 1.96633 116.315 191.413
      vertex 1.17229 116.192 191.29
      vertex 1.16816 116.264 191.399
    endloop
  endfacet
  facet normal -0.0594161 0.978987 -0.195074
    outer loop
      vertex 1.18252 116.067 190.921
      vertex 1.97769 116.143 191.063
      vertex 1.98068 116.118 190.935
    endloop
  endfacet
  facet normal -0.0594272 0.978998 -0.195018
    outer loop
      vertex 1.97769 116.143 191.063
      vertex 1.18252 116.067 190.921
      vertex 1.17953 116.092 191.049
    endloop
  endfacet
  facet normal -0.021097 0.555262 -0.831408
    outer loop
      vertex 1.15925 116.449 191.584
      vertex 1.95493 116.558 191.637
      vertex 1.95742 116.5 191.598
    endloop
  endfacet
  facet normal -0.0211138 0.555354 -0.831346
    outer loop
      vertex 1.15462 116.557 191.656
      vertex 1.95493 116.558 191.637
      vertex 1.15925 116.449 191.584
    endloop
  endfacet
  facet normal -0.0211124 0.555443 -0.831287
    outer loop
      vertex 1.95493 116.558 191.637
      vertex 1.15462 116.557 191.656
      vertex 1.95393 116.609 191.67
    endloop
  endfacet
  facet normal -0.0497346 0.895505 -0.442263
    outer loop
      vertex 1.1761 116.134 191.173
      vertex 1.97045 116.243 191.304
      vertex 1.97426 116.185 191.187
    endloop
  endfacet
  facet normal -0.0497561 0.89555 -0.44217
    outer loop
      vertex 1.97045 116.243 191.304
      vertex 1.1761 116.134 191.173
      vertex 1.17229 116.192 191.29
    endloop
  endfacet
  facet normal -0.0366725 0.751009 -0.659272
    outer loop
      vertex 1.16816 116.264 191.399
      vertex 1.96196 116.402 191.511
      vertex 1.96633 116.315 191.413
    endloop
  endfacet
  facet normal -0.0366725 0.751009 -0.659272
    outer loop
      vertex 1.96196 116.402 191.511
      vertex 1.16816 116.264 191.399
      vertex 1.16379 116.35 191.497
    endloop
  endfacet
  facet normal -0.0131856 -0.0664758 0.997701
    outer loop
      vertex 1.18753 111.35 196.456
      vertex 1.98842 111.27 196.462
      vertex 1.98656 111.401 196.47
    endloop
  endfacet
  facet normal -0.0131742 -0.0663597 0.997709
    outer loop
      vertex 1.98842 111.27 196.462
      vertex 1.18753 111.35 196.456
      vertex 1.18939 111.219 196.448
    endloop
  endfacet
  facet normal 0.0131932 0.0663599 -0.997709
    outer loop
      vertex 1.14389 111.216 198.447
      vertex 1.94478 111.137 198.453
      vertex 1.14575 111.086 198.439
    endloop
  endfacet
  facet normal 0.0131932 0.0663599 -0.997709
    outer loop
      vertex 1.94478 111.137 198.453
      vertex 1.14389 111.216 198.447
      vertex 1.94292 111.268 198.461
    endloop
  endfacet
  facet normal 0.0650543 -0.995736 -0.0654064
    outer loop
      vertex 1.15102 112.21 197.579
      vertex 1.95291 112.27 197.462
      vertex 1.95005 112.261 197.593
    endloop
  endfacet
  facet normal 0.0650543 -0.995736 -0.0654064
    outer loop
      vertex 1.95291 112.27 197.462
      vertex 1.15102 112.21 197.579
      vertex 1.15388 112.219 197.448
    endloop
  endfacet
  facet normal -0.0650543 0.995736 0.0654064
    outer loop
      vertex 1.98129 110.277 197.33
      vertex 1.1794 110.216 197.447
      vertex 1.97843 110.268 197.461
    endloop
  endfacet
  facet normal -0.0650543 0.995736 0.0654065
    outer loop
      vertex 1.1794 110.216 197.447
      vertex 1.98129 110.277 197.33
      vertex 1.18226 110.225 197.316
    endloop
  endfacet
  facet normal 0.036674 -0.751081 0.659191
    outer loop
      vertex 1.17037 112.013 196.84
      vertex 1.97067 112.031 196.816
      vertex 1.96996 112.064 196.854
    endloop
  endfacet
  facet normal 0.0366741 -0.751071 0.659202
    outer loop
      vertex 1.17371 111.927 196.741
      vertex 1.97067 112.031 196.816
      vertex 1.17037 112.013 196.84
    endloop
  endfacet
  facet normal 0.0366762 -0.75108 0.659192
    outer loop
      vertex 1.97067 112.031 196.816
      vertex 1.17371 111.927 196.741
      vertex 1.97274 111.978 196.755
    endloop
  endfacet
  facet normal 0.0553276 -0.65714 -0.751735
    outer loop
      vertex 1.93985 111.877 198.255
      vertex 1.14153 111.925 198.155
      vertex 1.94056 111.976 198.169
    endloop
  endfacet
  facet normal 0.0553276 -0.65714 -0.751735
    outer loop
      vertex 1.14153 111.925 198.155
      vertex 1.93985 111.877 198.255
      vertex 1.14082 111.826 198.241
    endloop
  endfacet
  facet normal 0.0651502 -0.894531 -0.442233
    outer loop
      vertex 1.14421 112.084 197.948
      vertex 1.94518 112.193 197.845
      vertex 1.94324 112.135 197.962
    endloop
  endfacet
  facet normal 0.0651502 -0.894531 -0.442233
    outer loop
      vertex 1.94518 112.193 197.845
      vertex 1.14421 112.084 197.948
      vertex 1.14615 112.142 197.831
    endloop
  endfacet
  facet normal -0.00410035 0.321913 -0.946761
    outer loop
      vertex 1.14796 110.957 198.413
      vertex 1.94953 110.884 198.385
      vertex 1.1505 110.833 198.371
    endloop
  endfacet
  facet normal -0.00411109 0.321808 -0.946796
    outer loop
      vertex 1.94953 110.884 198.385
      vertex 1.14796 110.957 198.413
      vertex 1.94699 111.008 198.427
    endloop
  endfacet
  facet normal 0.0127109 -0.442428 0.896714
    outer loop
      vertex 1.17997 111.72 196.582
      vertex 1.98181 111.654 196.538
      vertex 1.979 111.771 196.596
    endloop
  endfacet
  facet normal 0.0127109 -0.442428 0.896714
    outer loop
      vertex 1.98181 111.654 196.538
      vertex 1.17997 111.72 196.582
      vertex 1.18278 111.602 196.524
    endloop
  endfacet
  facet normal 0.0550589 -0.945339 0.321407
    outer loop
      vertex 1.16401 112.143 197.066
      vertex 1.96088 112.237 197.204
      vertex 1.16045 112.185 197.19
    endloop
  endfacet
  facet normal 0.0550589 -0.945339 0.321407
    outer loop
      vertex 1.96088 112.237 197.204
      vertex 1.16401 112.143 197.066
      vertex 1.96444 112.195 197.08
    endloop
  endfacet
  facet normal 0.0497512 -0.895541 0.44219
    outer loop
      vertex 1.16705 112.086 196.948
      vertex 1.96444 112.195 197.08
      vertex 1.16401 112.143 197.066
    endloop
  endfacet
  facet normal 0.0497405 -0.895518 0.442236
    outer loop
      vertex 1.96444 112.195 197.08
      vertex 1.16705 112.086 196.948
      vertex 1.96748 112.137 196.962
    endloop
  endfacet
  facet normal 0.0439478 -0.440313 -0.896768
    outer loop
      vertex 1.14056 111.717 198.314
      vertex 1.93977 111.651 198.386
      vertex 1.14074 111.6 198.372
    endloop
  endfacet
  facet normal 0.0439478 -0.440313 -0.896768
    outer loop
      vertex 1.93977 111.651 198.386
      vertex 1.14056 111.717 198.314
      vertex 1.93959 111.768 198.328
    endloop
  endfacet
  facet normal 0.050068 -0.553498 -0.831344
    outer loop
      vertex 1.93959 111.768 198.328
      vertex 1.14082 111.826 198.241
      vertex 1.93985 111.877 198.255
    endloop
  endfacet
  facet normal 0.050068 -0.553498 -0.831344
    outer loop
      vertex 1.14082 111.826 198.241
      vertex 1.93959 111.768 198.328
      vertex 1.14056 111.717 198.314
    endloop
  endfacet
  facet normal 0.0295758 -0.193534 -0.980648
    outer loop
      vertex 1.14136 111.475 198.413
      vertex 1.94144 111.398 198.453
      vertex 1.14242 111.347 198.439
    endloop
  endfacet
  facet normal 0.0295758 -0.193534 -0.980648
    outer loop
      vertex 1.94144 111.398 198.453
      vertex 1.14136 111.475 198.413
      vertex 1.94039 111.527 198.427
    endloop
  endfacet
  facet normal 0.059643 -0.749594 -0.659206
    outer loop
      vertex 1.14153 111.925 198.155
      vertex 1.9417 112.062 198.071
      vertex 1.94056 111.976 198.169
    endloop
  endfacet
  facet normal 0.059643 -0.749594 -0.659206
    outer loop
      vertex 1.9417 112.062 198.071
      vertex 1.14153 111.925 198.155
      vertex 1.14267 112.011 198.057
    endloop
  endfacet
  facet normal 0.0662516 -0.944618 -0.321414
    outer loop
      vertex 1.14615 112.142 197.831
      vertex 1.94746 112.236 197.721
      vertex 1.94518 112.193 197.845
    endloop
  endfacet
  facet normal 0.0662516 -0.944618 -0.321414
    outer loop
      vertex 1.94746 112.236 197.721
      vertex 1.14615 112.142 197.831
      vertex 1.14843 112.184 197.707
    endloop
  endfacet
  facet normal -0.0370794 0.319665 0.946805
    outer loop
      vertex 1.19192 110.96 196.482
      vertex 1.99157 110.887 196.538
      vertex 1.99095 111.011 196.496
    endloop
  endfacet
  facet normal -0.0370794 0.319665 0.946805
    outer loop
      vertex 1.99157 110.887 196.538
      vertex 1.19192 110.96 196.482
      vertex 1.19254 110.836 196.524
    endloop
  endfacet
  facet normal -0.0662516 0.944618 0.321414
    outer loop
      vertex 1.98616 110.345 197.078
      vertex 1.18485 110.251 197.188
      vertex 1.98388 110.302 197.202
    endloop
  endfacet
  facet normal -0.0662516 0.944618 0.321414
    outer loop
      vertex 1.18485 110.251 197.188
      vertex 1.98616 110.345 197.078
      vertex 1.18713 110.293 197.064
    endloop
  endfacet
  facet normal -0.0662194 0.978558 0.195036
    outer loop
      vertex 1.98388 110.302 197.202
      vertex 1.18226 110.225 197.316
      vertex 1.98129 110.277 197.33
    endloop
  endfacet
  facet normal -0.0662194 0.978558 0.195036
    outer loop
      vertex 1.18226 110.225 197.316
      vertex 1.98388 110.302 197.202
      vertex 1.18485 110.251 197.188
    endloop
  endfacet
  facet normal -0.0553276 0.65714 0.751735
    outer loop
      vertex 1.19246 110.609 196.654
      vertex 1.99078 110.562 196.754
      vertex 1.99149 110.661 196.668
    endloop
  endfacet
  facet normal -0.0553276 0.65714 0.751735
    outer loop
      vertex 1.99078 110.562 196.754
      vertex 1.19246 110.609 196.654
      vertex 1.19175 110.511 196.74
    endloop
  endfacet
  facet normal -0.0629226 0.829111 0.555532
    outer loop
      vertex 1.98964 110.476 196.852
      vertex 1.18906 110.351 196.947
      vertex 1.98809 110.403 196.961
    endloop
  endfacet
  facet normal -0.0629346 0.829147 0.555477
    outer loop
      vertex 1.18906 110.351 196.947
      vertex 1.98964 110.476 196.852
      vertex 1.19061 110.424 196.838
    endloop
  endfacet
  facet normal -0.0435729 0.830388 -0.555479
    outer loop
      vertex 1.16631 110.35 197.947
      vertex 1.96194 110.474 198.069
      vertex 1.96534 110.401 197.961
    endloop
  endfacet
  facet normal -0.0435832 0.830415 -0.555438
    outer loop
      vertex 1.96194 110.474 198.069
      vertex 1.16631 110.35 197.947
      vertex 1.16291 110.423 198.055
    endloop
  endfacet
  facet normal -0.0594238 0.978993 -0.195043
    outer loop
      vertex 1.17632 110.225 197.577
      vertex 1.9721 110.302 197.719
      vertex 1.97535 110.276 197.591
    endloop
  endfacet
  facet normal -0.0594238 0.978993 -0.195042
    outer loop
      vertex 1.9721 110.302 197.719
      vertex 1.17632 110.225 197.577
      vertex 1.17307 110.25 197.705
    endloop
  endfacet
  facet normal -0.0211023 0.555352 -0.831348
    outer loop
      vertex 1.15331 110.716 198.313
      vertex 1.95538 110.658 198.254
      vertex 1.15635 110.607 198.24
    endloop
  endfacet
  facet normal -0.0211023 0.555352 -0.831348
    outer loop
      vertex 1.95538 110.658 198.254
      vertex 1.15331 110.716 198.313
      vertex 1.95234 110.767 198.327
    endloop
  endfacet
  facet normal -0.0291405 0.658878 -0.751685
    outer loop
      vertex 1.15635 110.607 198.24
      vertex 1.9586 110.56 198.168
      vertex 1.15957 110.509 198.154
    endloop
  endfacet
  facet normal -0.0291405 0.658878 -0.751685
    outer loop
      vertex 1.9586 110.56 198.168
      vertex 1.15635 110.607 198.24
      vertex 1.95538 110.658 198.254
    endloop
  endfacet
  facet normal 0.00457253 0.195731 -0.980647
    outer loop
      vertex 1.14575 111.086 198.439
      vertex 1.94699 111.008 198.427
      vertex 1.14796 110.957 198.413
    endloop
  endfacet
  facet normal 0.00458366 0.195843 -0.980625
    outer loop
      vertex 1.94699 111.008 198.427
      vertex 1.14575 111.086 198.439
      vertex 1.94478 111.137 198.453
    endloop
  endfacet
  facet normal 0.00409303 -0.321808 0.946796
    outer loop
      vertex 1.18278 111.602 196.524
      vertex 1.98435 111.53 196.496
      vertex 1.98181 111.654 196.538
    endloop
  endfacet
  facet normal 0.00409303 -0.321808 0.946796
    outer loop
      vertex 1.98435 111.53 196.496
      vertex 1.18278 111.602 196.524
      vertex 1.18532 111.478 196.482
    endloop
  endfacet
  facet normal -0.00459124 -0.195731 0.980647
    outer loop
      vertex 1.18532 111.478 196.482
      vertex 1.98656 111.401 196.47
      vertex 1.98435 111.53 196.496
    endloop
  endfacet
  facet normal -0.00459124 -0.195731 0.980647
    outer loop
      vertex 1.98656 111.401 196.47
      vertex 1.18532 111.478 196.482
      vertex 1.18753 111.35 196.456
    endloop
  endfacet
  facet normal 0.0291329 -0.658783 0.751768
    outer loop
      vertex 1.17371 111.927 196.741
      vertex 1.97595 111.88 196.669
      vertex 1.97274 111.978 196.755
    endloop
  endfacet
  facet normal 0.0291329 -0.658783 0.751768
    outer loop
      vertex 1.97595 111.88 196.669
      vertex 1.17371 111.927 196.741
      vertex 1.17693 111.828 196.655
    endloop
  endfacet
  facet normal 0.0211043 -0.555379 0.83133
    outer loop
      vertex 1.17693 111.828 196.655
      vertex 1.979 111.771 196.596
      vertex 1.97595 111.88 196.669
    endloop
  endfacet
  facet normal 0.0211043 -0.555379 0.83133
    outer loop
      vertex 1.979 111.771 196.596
      vertex 1.17693 111.828 196.655
      vertex 1.17997 111.72 196.582
    endloop
  endfacet
  facet normal 0.0594292 -0.978999 0.195012
    outer loop
      vertex 1.15914 112.194 197.232
      vertex 1.95689 112.262 197.332
      vertex 1.15696 112.211 197.318
    endloop
  endfacet
  facet normal 0.0594248 -0.978993 0.195043
    outer loop
      vertex 1.15914 112.194 197.232
      vertex 1.96088 112.237 197.204
      vertex 1.95689 112.262 197.332
    endloop
  endfacet
  facet normal 0.0594262 -0.978981 0.195101
    outer loop
      vertex 1.96088 112.237 197.204
      vertex 1.15914 112.194 197.232
      vertex 1.16045 112.185 197.19
    endloop
  endfacet
  facet normal 0.062774 -0.995878 0.0654726
    outer loop
      vertex 1.15388 112.219 197.448
      vertex 1.95387 112.268 197.422
      vertex 1.95291 112.27 197.462
    endloop
  endfacet
  facet normal 0.0627722 -0.995882 0.0654123
    outer loop
      vertex 1.15696 112.211 197.318
      vertex 1.95387 112.268 197.422
      vertex 1.15388 112.219 197.448
    endloop
  endfacet
  facet normal 0.0627813 -0.995886 0.0653447
    outer loop
      vertex 1.95387 112.268 197.422
      vertex 1.15696 112.211 197.318
      vertex 1.95689 112.262 197.332
    endloop
  endfacet
  facet normal 0.043568 -0.830274 0.55565
    outer loop
      vertex 1.16726 112.079 196.939
      vertex 1.96748 112.137 196.962
      vertex 1.16705 112.086 196.948
    endloop
  endfacet
  facet normal 0.0435791 -0.83037 0.555505
    outer loop
      vertex 1.16726 112.079 196.939
      vertex 1.96996 112.064 196.854
      vertex 1.96748 112.137 196.962
    endloop
  endfacet
  facet normal 0.0435782 -0.830375 0.555498
    outer loop
      vertex 1.96996 112.064 196.854
      vertex 1.16726 112.079 196.939
      vertex 1.17037 112.013 196.84
    endloop
  endfacet
  facet normal 0.0370855 -0.31977 -0.946769
    outer loop
      vertex 1.14074 111.6 198.372
      vertex 1.94039 111.527 198.427
      vertex 1.14136 111.475 198.413
    endloop
  endfacet
  facet normal 0.0370855 -0.31977 -0.946769
    outer loop
      vertex 1.94039 111.527 198.427
      vertex 1.14074 111.6 198.372
      vertex 1.93977 111.651 198.386
    endloop
  endfacet
  facet normal 0.0215711 -0.0641705 -0.997706
    outer loop
      vertex 1.14242 111.347 198.439
      vertex 1.94292 111.268 198.461
      vertex 1.14389 111.216 198.447
    endloop
  endfacet
  facet normal 0.0215711 -0.0641705 -0.997706
    outer loop
      vertex 1.94292 111.268 198.461
      vertex 1.14242 111.347 198.439
      vertex 1.94144 111.398 198.453
    endloop
  endfacet
  facet normal 0.0629345 -0.829147 -0.555477
    outer loop
      vertex 1.14267 112.011 198.057
      vertex 1.94324 112.135 197.962
      vertex 1.9417 112.062 198.071
    endloop
  endfacet
  facet normal 0.0629345 -0.829147 -0.555477
    outer loop
      vertex 1.94324 112.135 197.962
      vertex 1.14267 112.011 198.057
      vertex 1.14421 112.084 197.948
    endloop
  endfacet
  facet normal 0.0662193 -0.978558 -0.195036
    outer loop
      vertex 1.14843 112.184 197.707
      vertex 1.95005 112.261 197.593
      vertex 1.94746 112.236 197.721
    endloop
  endfacet
  facet normal 0.0662193 -0.978558 -0.195036
    outer loop
      vertex 1.95005 112.261 197.593
      vertex 1.14843 112.184 197.707
      vertex 1.15102 112.21 197.579
    endloop
  endfacet
  facet normal -0.059643 0.749594 0.659206
    outer loop
      vertex 1.99078 110.562 196.754
      vertex 1.19061 110.424 196.838
      vertex 1.98964 110.476 196.852
    endloop
  endfacet
  facet normal -0.059643 0.749594 0.659206
    outer loop
      vertex 1.19061 110.424 196.838
      vertex 1.99078 110.562 196.754
      vertex 1.19175 110.511 196.74
    endloop
  endfacet
  facet normal -0.050068 0.553498 0.831344
    outer loop
      vertex 1.19272 110.718 196.581
      vertex 1.99149 110.661 196.668
      vertex 1.99175 110.77 196.595
    endloop
  endfacet
  facet normal -0.050068 0.553498 0.831344
    outer loop
      vertex 1.99149 110.661 196.668
      vertex 1.19272 110.718 196.581
      vertex 1.19246 110.609 196.654
    endloop
  endfacet
  facet normal -0.0497451 0.895549 -0.442173
    outer loop
      vertex 1.16972 110.292 197.829
      vertex 1.96534 110.401 197.961
      vertex 1.96875 110.343 197.843
    endloop
  endfacet
  facet normal -0.0497343 0.895527 -0.44222
    outer loop
      vertex 1.96534 110.401 197.961
      vertex 1.16972 110.292 197.829
      vertex 1.16631 110.35 197.947
    endloop
  endfacet
  facet normal -0.0550523 0.94533 -0.321434
    outer loop
      vertex 1.17307 110.25 197.705
      vertex 1.96875 110.343 197.843
      vertex 1.9721 110.302 197.719
    endloop
  endfacet
  facet normal -0.0550523 0.94533 -0.321434
    outer loop
      vertex 1.96875 110.343 197.843
      vertex 1.17307 110.25 197.705
      vertex 1.16972 110.292 197.829
    endloop
  endfacet
  facet normal -0.0627754 0.995882 -0.0654124
    outer loop
      vertex 1.1794 110.216 197.447
      vertex 1.97535 110.276 197.591
      vertex 1.97843 110.268 197.461
    endloop
  endfacet
  facet normal -0.0627753 0.995882 -0.0654124
    outer loop
      vertex 1.97535 110.276 197.591
      vertex 1.1794 110.216 197.447
      vertex 1.17632 110.225 197.577
    endloop
  endfacet
  facet normal -0.0366688 0.750991 -0.659293
    outer loop
      vertex 1.16291 110.423 198.055
      vertex 1.9586 110.56 198.168
      vertex 1.96194 110.474 198.069
    endloop
  endfacet
  facet normal -0.0366688 0.750991 -0.659293
    outer loop
      vertex 1.9586 110.56 198.168
      vertex 1.16291 110.423 198.055
      vertex 1.15957 110.509 198.154
    endloop
  endfacet
  facet normal -0.0651509 0.894553 0.442187
    outer loop
      vertex 1.98809 110.403 196.961
      vertex 1.18713 110.293 197.064
      vertex 1.98616 110.345 197.078
    endloop
  endfacet
  facet normal -0.0651418 0.894531 0.442234
    outer loop
      vertex 1.18713 110.293 197.064
      vertex 1.98809 110.403 196.961
      vertex 1.18906 110.351 196.947
    endloop
  endfacet
  facet normal -0.0295826 0.193646 0.980625
    outer loop
      vertex 1.19086 111.088 196.456
      vertex 1.99095 111.011 196.496
      vertex 1.98989 111.14 196.47
    endloop
  endfacet
  facet normal -0.0295826 0.193646 0.980625
    outer loop
      vertex 1.99095 111.011 196.496
      vertex 1.19086 111.088 196.456
      vertex 1.19192 110.96 196.482
    endloop
  endfacet
  facet normal -0.043953 0.440407 0.896722
    outer loop
      vertex 1.19254 110.836 196.524
      vertex 1.99175 110.77 196.595
      vertex 1.99157 110.887 196.538
    endloop
  endfacet
  facet normal -0.043953 0.440407 0.896722
    outer loop
      vertex 1.99175 110.77 196.595
      vertex 1.19254 110.836 196.524
      vertex 1.19272 110.718 196.581
    endloop
  endfacet
  facet normal -0.0127058 0.442357 -0.896749
    outer loop
      vertex 1.1505 110.833 198.371
      vertex 1.95234 110.767 198.327
      vertex 1.15331 110.716 198.313
    endloop
  endfacet
  facet normal -0.0127058 0.442357 -0.896749
    outer loop
      vertex 1.95234 110.767 198.327
      vertex 1.1505 110.833 198.371
      vertex 1.94953 110.884 198.385
    endloop
  endfacet
  facet normal -0.0215521 0.0641708 0.997706
    outer loop
      vertex 1.18939 111.219 196.448
      vertex 1.98989 111.14 196.47
      vertex 1.98842 111.27 196.462
    endloop
  endfacet
  facet normal -0.0215638 0.0640546 0.997713
    outer loop
      vertex 1.98989 111.14 196.47
      vertex 1.18939 111.219 196.448
      vertex 1.19086 111.088 196.456
    endloop
  endfacet
  facet normal -0.0131946 -0.0664464 0.997703
    outer loop
      vertex 1.00283 118.848 196.462
      vertex 1.80577 118.769 196.467
      vertex 1.80066 118.899 196.476
    endloop
  endfacet
  facet normal -0.0131831 -0.0663298 0.997711
    outer loop
      vertex 1.80577 118.769 196.467
      vertex 1.00283 118.848 196.462
      vertex 1.00793 118.718 196.453
    endloop
  endfacet
  facet normal 0.0650546 -0.995739 -0.0653618
    outer loop
      vertex 0.953013 119.708 197.584
      vertex 1.7525 119.768 197.467
      vertex 1.75085 119.759 197.598
    endloop
  endfacet
  facet normal 0.0650546 -0.995739 -0.0653618
    outer loop
      vertex 1.7525 119.768 197.467
      vertex 0.953013 119.708 197.584
      vertex 0.954664 119.716 197.453
    endloop
  endfacet
  facet normal -0.0650567 0.995737 0.065388
    outer loop
      vertex 1.81935 117.776 197.336
      vertex 1.01922 117.716 197.452
      vertex 1.81738 117.768 197.466
    endloop
  endfacet
  facet normal -0.0650567 0.995737 0.065388
    outer loop
      vertex 1.01922 117.716 197.452
      vertex 1.81935 117.776 197.336
      vertex 1.02118 117.725 197.322
    endloop
  endfacet
  facet normal -0.0553313 0.657182 0.751698
    outer loop
      vertex 1.02057 118.109 196.659
      vertex 1.82033 118.061 196.759
      vertex 1.81874 118.16 196.673
    endloop
  endfacet
  facet normal -0.0553313 0.657182 0.751698
    outer loop
      vertex 1.82033 118.061 196.759
      vertex 1.02057 118.109 196.659
      vertex 1.02217 118.01 196.745
    endloop
  endfacet
  facet normal 0.0366796 -0.751021 0.659259
    outer loop
      vertex 0.976539 119.424 196.746
      vertex 1.7696 119.562 196.859
      vertex 0.971762 119.51 196.845
    endloop
  endfacet
  facet normal 0.0366795 -0.751021 0.659259
    outer loop
      vertex 1.7696 119.562 196.859
      vertex 0.976539 119.424 196.746
      vertex 1.77437 119.476 196.76
    endloop
  endfacet
  facet normal 0.0553207 -0.65718 -0.7517
    outer loop
      vertex 0.95512 119.423 198.16
      vertex 1.7554 119.376 198.26
      vertex 0.957563 119.325 198.246
    endloop
  endfacet
  facet normal 0.0553318 -0.657114 -0.751758
    outer loop
      vertex 1.7554 119.376 198.26
      vertex 0.95512 119.423 198.16
      vertex 1.75296 119.474 198.174
    endloop
  endfacet
  facet normal 0.065154 -0.894541 -0.442213
    outer loop
      vertex 0.952198 119.582 197.953
      vertex 1.74961 119.691 197.85
      vertex 1.75003 119.633 197.967
    endloop
  endfacet
  facet normal 0.0651449 -0.894518 -0.442259
    outer loop
      vertex 1.74961 119.691 197.85
      vertex 0.952198 119.582 197.953
      vertex 0.95177 119.64 197.836
    endloop
  endfacet
  facet normal 0.0127156 -0.442341 0.896757
    outer loop
      vertex 0.986841 119.217 196.587
      vertex 1.79003 119.151 196.543
      vertex 1.78468 119.269 196.601
    endloop
  endfacet
  facet normal 0.0127053 -0.442435 0.896711
    outer loop
      vertex 1.79003 119.151 196.543
      vertex 0.986841 119.217 196.587
      vertex 0.99219 119.1 196.529
    endloop
  endfacet
  facet normal 0.0211008 -0.555407 0.831311
    outer loop
      vertex 0.981595 119.326 196.66
      vertex 1.78468 119.269 196.601
      vertex 1.77943 119.377 196.674
    endloop
  endfacet
  facet normal 0.0211105 -0.555326 0.831365
    outer loop
      vertex 1.78468 119.269 196.601
      vertex 0.981595 119.326 196.66
      vertex 0.986841 119.217 196.587
    endloop
  endfacet
  facet normal 0.0550525 -0.945349 0.321379
    outer loop
      vertex 0.963362 119.641 197.071
      vertex 1.75772 119.734 197.209
      vertex 0.959883 119.683 197.195
    endloop
  endfacet
  facet normal 0.0550525 -0.945349 0.321379
    outer loop
      vertex 1.75772 119.734 197.209
      vertex 0.963362 119.641 197.071
      vertex 1.7612 119.692 197.085
    endloop
  endfacet
  facet normal 0.0435783 -0.83037 0.555505
    outer loop
      vertex 0.971762 119.51 196.845
      vertex 1.76518 119.634 196.967
      vertex 0.967344 119.583 196.953
    endloop
  endfacet
  facet normal 0.0435886 -0.830397 0.555465
    outer loop
      vertex 1.76518 119.634 196.967
      vertex 0.971762 119.51 196.845
      vertex 1.7696 119.562 196.859
    endloop
  endfacet
  facet normal 0.0439408 -0.440425 -0.896714
    outer loop
      vertex 1.75956 119.231 198.351
      vertex 0.960487 119.216 198.319
      vertex 1.75844 119.267 198.333
    endloop
  endfacet
  facet normal 0.0439304 -0.445978 -0.893965
    outer loop
      vertex 0.959422 119.137 198.358
      vertex 1.75846 119.15 198.391
      vertex 1.75847 119.149 198.391
    endloop
  endfacet
  facet normal 0.0439575 -0.440469 -0.896691
    outer loop
      vertex 0.959422 119.137 198.358
      vertex 1.75847 119.149 198.391
      vertex 0.960305 119.098 198.377
    endloop
  endfacet
  facet normal 0.0439564 -0.440296 -0.896776
    outer loop
      vertex 1.75846 119.15 198.391
      vertex 0.959422 119.137 198.358
      vertex 0.960487 119.216 198.319
    endloop
  endfacet
  facet normal 0.0439408 -0.440419 -0.896716
    outer loop
      vertex 0.960487 119.216 198.319
      vertex 1.75956 119.231 198.351
      vertex 1.75846 119.15 198.391
    endloop
  endfacet
  facet normal 0.0500562 -0.553503 -0.831341
    outer loop
      vertex 0.957563 119.325 198.246
      vertex 1.75844 119.267 198.333
      vertex 0.960535 119.218 198.317
    endloop
  endfacet
  facet normal 0.0500574 -0.553527 -0.831326
    outer loop
      vertex 0.960535 119.218 198.317
      vertex 1.75844 119.267 198.333
      vertex 0.960487 119.216 198.319
    endloop
  endfacet
  facet normal 0.0500578 -0.553492 -0.831349
    outer loop
      vertex 1.75844 119.267 198.333
      vertex 0.957563 119.325 198.246
      vertex 1.7554 119.376 198.26
    endloop
  endfacet
  facet normal 0.0295844 -0.19367 -0.980621
    outer loop
      vertex 0.96345 118.974 198.419
      vertex 1.76518 118.897 198.458
      vertex 0.967016 118.846 198.444
    endloop
  endfacet
  facet normal 0.0295844 -0.19367 -0.980621
    outer loop
      vertex 1.76518 118.897 198.458
      vertex 0.96345 118.974 198.419
      vertex 1.76161 119.026 198.433
    endloop
  endfacet
  facet normal 0.0629392 -0.829159 -0.555459
    outer loop
      vertex 0.953322 119.509 198.062
      vertex 1.75003 119.633 197.967
      vertex 1.75116 119.56 198.076
    endloop
  endfacet
  facet normal 0.0629392 -0.829159 -0.555459
    outer loop
      vertex 1.75003 119.633 197.967
      vertex 0.953322 119.509 198.062
      vertex 0.952198 119.582 197.953
    endloop
  endfacet
  facet normal 0.0662212 -0.978551 -0.19507
    outer loop
      vertex 0.952043 119.682 197.712
      vertex 1.75085 119.759 197.598
      vertex 1.74988 119.733 197.726
    endloop
  endfacet
  facet normal 0.0662212 -0.978551 -0.19507
    outer loop
      vertex 1.75085 119.759 197.598
      vertex 0.952043 119.682 197.712
      vertex 0.953013 119.708 197.584
    endloop
  endfacet
  facet normal 0.00408855 -0.321838 0.946786
    outer loop
      vertex 0.99219 119.1 196.529
      vertex 1.79538 119.028 196.501
      vertex 1.79003 119.151 196.543
    endloop
  endfacet
  facet normal 0.00408855 -0.321838 0.946786
    outer loop
      vertex 1.79538 119.028 196.501
      vertex 0.99219 119.1 196.529
      vertex 0.997549 118.976 196.487
    endloop
  endfacet
  facet normal -0.00459476 -0.19578 0.980637
    outer loop
      vertex 0.997549 118.976 196.487
      vertex 1.80066 118.899 196.476
      vertex 1.79538 119.028 196.501
    endloop
  endfacet
  facet normal -0.00459476 -0.19578 0.980637
    outer loop
      vertex 1.80066 118.899 196.476
      vertex 0.997549 118.976 196.487
      vertex 1.00283 118.848 196.462
    endloop
  endfacet
  facet normal 0.029144 -0.658805 0.751749
    outer loop
      vertex 0.976539 119.424 196.746
      vertex 1.77943 119.377 196.674
      vertex 1.77437 119.476 196.76
    endloop
  endfacet
  facet normal 0.0291349 -0.658872 0.751691
    outer loop
      vertex 1.77943 119.377 196.674
      vertex 0.976539 119.424 196.746
      vertex 0.981595 119.326 196.66
    endloop
  endfacet
  facet normal 0.0594265 -0.978993 0.195042
    outer loop
      vertex 0.959883 119.683 197.195
      vertex 1.7548 119.759 197.337
      vertex 0.956967 119.708 197.323
    endloop
  endfacet
  facet normal 0.0594221 -0.978989 0.195064
    outer loop
      vertex 1.7548 119.759 197.337
      vertex 0.959883 119.683 197.195
      vertex 1.75772 119.734 197.209
    endloop
  endfacet
  facet normal 0.0627761 -0.995884 0.0653733
    outer loop
      vertex 0.954664 119.716 197.453
      vertex 1.7548 119.759 197.337
      vertex 1.7525 119.768 197.467
    endloop
  endfacet
  facet normal 0.0627772 -0.995884 0.0653809
    outer loop
      vertex 1.7548 119.759 197.337
      vertex 0.954664 119.716 197.453
      vertex 0.956967 119.708 197.323
    endloop
  endfacet
  facet normal 0.0497396 -0.895522 0.442228
    outer loop
      vertex 0.967344 119.583 196.953
      vertex 1.7612 119.692 197.085
      vertex 0.963362 119.641 197.071
    endloop
  endfacet
  facet normal 0.0497395 -0.895522 0.442229
    outer loop
      vertex 1.7612 119.692 197.085
      vertex 0.967344 119.583 196.953
      vertex 1.76518 119.634 196.967
    endloop
  endfacet
  facet normal 0.0370805 -0.319673 -0.946802
    outer loop
      vertex 0.960305 119.098 198.377
      vertex 1.76161 119.026 198.433
      vertex 0.96345 118.974 198.419
    endloop
  endfacet
  facet normal 0.0370805 -0.319673 -0.946802
    outer loop
      vertex 1.76161 119.026 198.433
      vertex 0.960305 119.098 198.377
      vertex 1.75847 119.149 198.391
    endloop
  endfacet
  facet normal 0.0215647 -0.0640775 -0.997712
    outer loop
      vertex 0.967016 118.846 198.444
      vertex 1.7691 118.767 198.467
      vertex 0.970941 118.715 198.453
    endloop
  endfacet
  facet normal 0.021565 -0.0640737 -0.997712
    outer loop
      vertex 1.7691 118.767 198.467
      vertex 0.967016 118.846 198.444
      vertex 1.76518 118.897 198.458
    endloop
  endfacet
  facet normal -0.02156 0.0641845 0.997705
    outer loop
      vertex 1.00793 118.718 196.453
      vertex 1.81061 118.639 196.475
      vertex 1.80577 118.769 196.467
    endloop
  endfacet
  facet normal -0.02156 0.0641845 0.997705
    outer loop
      vertex 1.81061 118.639 196.475
      vertex 1.00793 118.718 196.453
      vertex 1.01278 118.587 196.462
    endloop
  endfacet
  facet normal -0.0370793 0.319571 0.946837
    outer loop
      vertex 1.01382 118.459 196.487
      vertex 1.81269 118.434 196.526
      vertex 1.81338 118.51 196.501
    endloop
  endfacet
  facet normal -0.0370817 0.31952 0.946854
    outer loop
      vertex 1.81269 118.434 196.526
      vertex 1.01382 118.459 196.487
      vertex 1.0135 118.424 196.499
    endloop
  endfacet
  facet normal -0.0370821 0.319769 0.94677
    outer loop
      vertex 1.81269 118.434 196.526
      vertex 1.0135 118.424 196.499
      vertex 1.01575 118.335 196.529
    endloop
  endfacet
  facet normal -0.0370896 0.319828 0.946749
    outer loop
      vertex 1.81392 118.386 196.543
      vertex 1.81269 118.434 196.526
      vertex 1.01575 118.335 196.529
    endloop
  endfacet
  facet normal -0.0596354 0.74954 0.659268
    outer loop
      vertex 1.82033 118.061 196.759
      vertex 1.02318 117.924 196.844
      vertex 1.82134 117.975 196.858
    endloop
  endfacet
  facet normal -0.0596438 0.749568 0.659234
    outer loop
      vertex 1.02318 117.924 196.844
      vertex 1.82033 118.061 196.759
      vertex 1.02217 118.01 196.745
    endloop
  endfacet
  facet normal -0.0651528 0.894541 0.442212
    outer loop
      vertex 1.82175 117.902 196.966
      vertex 1.02339 117.793 197.07
      vertex 1.82155 117.844 197.084
    endloop
  endfacet
  facet normal -0.0651528 0.894541 0.442212
    outer loop
      vertex 1.02339 117.793 197.07
      vertex 1.82175 117.902 196.966
      vertex 1.02359 117.851 196.952
    endloop
  endfacet
  facet normal 0.0131954 0.0663223 -0.997711
    outer loop
      vertex 0.970941 118.715 198.453
      vertex 1.77332 118.636 198.458
      vertex 0.975158 118.585 198.444
    endloop
  endfacet
  facet normal 0.0131957 0.0663262 -0.997711
    outer loop
      vertex 1.77332 118.636 198.458
      vertex 0.970941 118.715 198.453
      vertex 1.7691 118.767 198.467
    endloop
  endfacet
  facet normal 0.0596462 -0.749555 -0.65925
    outer loop
      vertex 0.95512 119.423 198.16
      vertex 1.75116 119.56 198.076
      vertex 1.75296 119.474 198.174
    endloop
  endfacet
  facet normal 0.0596462 -0.749555 -0.65925
    outer loop
      vertex 1.75116 119.56 198.076
      vertex 0.95512 119.423 198.16
      vertex 0.953322 119.509 198.062
    endloop
  endfacet
  facet normal 0.0662481 -0.944617 -0.321419
    outer loop
      vertex 0.95177 119.64 197.836
      vertex 1.74988 119.733 197.726
      vertex 1.74961 119.691 197.85
    endloop
  endfacet
  facet normal 0.0662544 -0.944628 -0.321384
    outer loop
      vertex 1.74988 119.733 197.726
      vertex 0.95177 119.64 197.836
      vertex 0.952043 119.682 197.712
    endloop
  endfacet
  facet normal -0.0550558 0.945338 -0.321411
    outer loop
      vertex 1.01374 117.75 197.711
      vertex 1.80847 117.843 197.849
      vertex 1.8119 117.801 197.725
    endloop
  endfacet
  facet normal -0.0550558 0.945338 -0.321411
    outer loop
      vertex 1.80847 117.843 197.849
      vertex 1.01374 117.75 197.711
      vertex 1.01031 117.792 197.835
    endloop
  endfacet
  facet normal -0.0291475 0.658842 -0.751717
    outer loop
      vertex 0.993461 118.107 198.246
      vertex 1.79617 118.06 198.173
      vertex 0.998002 118.009 198.159
    endloop
  endfacet
  facet normal -0.0291424 0.658879 -0.751684
    outer loop
      vertex 1.79617 118.06 198.173
      vertex 0.993461 118.107 198.246
      vertex 1.79162 118.158 198.26
    endloop
  endfacet
  facet normal -0.021104 0.555354 -0.831346
    outer loop
      vertex 0.988826 118.216 198.318
      vertex 1.79162 118.158 198.26
      vertex 0.993461 118.107 198.246
    endloop
  endfacet
  facet normal -0.021104 0.555354 -0.831346
    outer loop
      vertex 1.79162 118.158 198.26
      vertex 0.988826 118.216 198.318
      vertex 1.78699 118.267 198.332
    endloop
  endfacet
  facet normal -0.0127054 0.442334 -0.89676
    outer loop
      vertex 0.984178 118.333 198.376
      vertex 1.78699 118.267 198.332
      vertex 0.988826 118.216 198.318
    endloop
  endfacet
  facet normal -0.0127029 0.442357 -0.896749
    outer loop
      vertex 1.78699 118.267 198.332
      vertex 0.984178 118.333 198.376
      vertex 1.78234 118.384 198.39
    endloop
  endfacet
  facet normal -0.0629369 0.829153 0.555468
    outer loop
      vertex 1.82134 117.975 196.858
      vertex 1.02359 117.851 196.952
      vertex 1.82175 117.902 196.966
    endloop
  endfacet
  facet normal -0.062928 0.829126 0.555509
    outer loop
      vertex 1.02359 117.851 196.952
      vertex 1.82134 117.975 196.858
      vertex 1.02318 117.924 196.844
    endloop
  endfacet
  facet normal -0.0662451 0.944615 0.321425
    outer loop
      vertex 1.82155 117.844 197.084
      vertex 1.02258 117.751 197.193
      vertex 1.82074 117.802 197.207
    endloop
  endfacet
  facet normal -0.0662543 0.944632 0.321373
    outer loop
      vertex 1.02258 117.751 197.193
      vertex 1.82155 117.844 197.084
      vertex 1.02339 117.793 197.07
    endloop
  endfacet
  facet normal -0.0662219 0.97856 0.195026
    outer loop
      vertex 1.82074 117.802 197.207
      vertex 1.02118 117.725 197.322
      vertex 1.81935 117.776 197.336
    endloop
  endfacet
  facet normal -0.0662128 0.978549 0.195082
    outer loop
      vertex 1.02118 117.725 197.322
      vertex 1.82074 117.802 197.207
      vertex 1.02258 117.751 197.193
    endloop
  endfacet
  facet normal -0.029549 0.193287 0.980697
    outer loop
      vertex 1.81061 118.639 196.475
      vertex 1.01278 118.587 196.462
      vertex 1.01425 118.545 196.47
    endloop
  endfacet
  facet normal -0.0295766 0.193526 0.980649
    outer loop
      vertex 1.01425 118.545 196.47
      vertex 1.8136 118.553 196.492
      vertex 1.81061 118.639 196.475
    endloop
  endfacet
  facet normal -0.0295785 0.193916 0.980572
    outer loop
      vertex 1.8136 118.553 196.492
      vertex 1.01425 118.545 196.47
      vertex 1.81338 118.51 196.501
    endloop
  endfacet
  facet normal -0.0295908 0.193677 0.980619
    outer loop
      vertex 1.81338 118.51 196.501
      vertex 1.01425 118.545 196.47
      vertex 1.01382 118.459 196.487
    endloop
  endfacet
  facet normal -0.0439548 0.440422 0.896714
    outer loop
      vertex 1.01575 118.335 196.529
      vertex 1.81659 118.269 196.601
      vertex 1.81392 118.386 196.543
    endloop
  endfacet
  facet normal -0.0439548 0.440422 0.896714
    outer loop
      vertex 1.81659 118.269 196.601
      vertex 1.01575 118.335 196.529
      vertex 1.01842 118.217 196.587
    endloop
  endfacet
  facet normal -0.0500656 0.553427 0.831391
    outer loop
      vertex 1.01842 118.217 196.587
      vertex 1.81874 118.16 196.673
      vertex 1.81659 118.269 196.601
    endloop
  endfacet
  facet normal -0.0500656 0.553427 0.831392
    outer loop
      vertex 1.81874 118.16 196.673
      vertex 1.01842 118.217 196.587
      vertex 1.02057 118.109 196.659
    endloop
  endfacet
  facet normal -0.0627709 0.995886 -0.0653579
    outer loop
      vertex 1.81738 117.768 197.466
      vertex 1.01672 117.725 197.583
      vertex 1.81489 117.776 197.597
    endloop
  endfacet
  facet normal -0.0627781 0.995882 -0.0654084
    outer loop
      vertex 1.01672 117.725 197.583
      vertex 1.81738 117.768 197.466
      vertex 1.01922 117.716 197.452
    endloop
  endfacet
  facet normal -0.0435874 0.830406 -0.555451
    outer loop
      vertex 1.0065 117.85 197.952
      vertex 1.80054 117.974 198.075
      vertex 1.80466 117.901 197.966
    endloop
  endfacet
  facet normal -0.0435736 0.830371 -0.555505
    outer loop
      vertex 1.80054 117.974 198.075
      vertex 1.0065 117.85 197.952
      vertex 1.00237 117.922 198.061
    endloop
  endfacet
  facet normal -0.0594199 0.978987 -0.195074
    outer loop
      vertex 1.01672 117.725 197.583
      vertex 1.8119 117.801 197.725
      vertex 1.81489 117.776 197.597
    endloop
  endfacet
  facet normal -0.0594265 0.978993 -0.19504
    outer loop
      vertex 1.8119 117.801 197.725
      vertex 1.01672 117.725 197.583
      vertex 1.01374 117.75 197.711
    endloop
  endfacet
  facet normal -0.0366653 0.75101 -0.659272
    outer loop
      vertex 1.00237 117.922 198.061
      vertex 1.79617 118.06 198.173
      vertex 1.80054 117.974 198.075
    endloop
  endfacet
  facet normal -0.0366821 0.75106 -0.659214
    outer loop
      vertex 1.79617 118.06 198.173
      vertex 1.00237 117.922 198.061
      vertex 0.998002 118.009 198.159
    endloop
  endfacet
  facet normal -0.00409448 0.321858 -0.946779
    outer loop
      vertex 0.979596 118.457 198.418
      vertex 1.78234 118.384 198.39
      vertex 0.984178 118.333 198.376
    endloop
  endfacet
  facet normal -0.00409448 0.321858 -0.946779
    outer loop
      vertex 1.78234 118.384 198.39
      vertex 0.979596 118.457 198.418
      vertex 1.77776 118.508 198.432
    endloop
  endfacet
  facet normal 0.00458806 0.195796 -0.980634
    outer loop
      vertex 0.975158 118.585 198.444
      vertex 1.77776 118.508 198.432
      vertex 0.979596 118.457 198.418
    endloop
  endfacet
  facet normal 0.00458695 0.195784 -0.980636
    outer loop
      vertex 1.77776 118.508 198.432
      vertex 0.975158 118.585 198.444
      vertex 1.77332 118.636 198.458
    endloop
  endfacet
  facet normal -0.0497454 0.895528 -0.442216
    outer loop
      vertex 1.01031 117.792 197.835
      vertex 1.80466 117.901 197.966
      vertex 1.80847 117.843 197.849
    endloop
  endfacet
  facet normal -0.0497453 0.895528 -0.442217
    outer loop
      vertex 1.80466 117.901 197.966
      vertex 1.01031 117.792 197.835
      vertex 1.0065 117.85 197.952
    endloop
  endfacet
  facet normal -0.0132002 -0.066405 0.997705
    outer loop
      vertex 1.01393 95.4837 193.104
      vertex 1.80948 95.404 193.109
      vertex 1.81602 95.5352 193.118
    endloop
  endfacet
  facet normal -0.0131998 -0.0664012 0.997706
    outer loop
      vertex 1.80948 95.404 193.109
      vertex 1.01393 95.4837 193.104
      vertex 1.0074 95.3525 193.095
    endloop
  endfacet
  facet normal 0.0650566 -0.995735 -0.0654169
    outer loop
      vertex 1.0149 96.3551 194.097
      vertex 1.81058 96.3976 194.241
      vertex 1.0085 96.3461 194.227
    endloop
  endfacet
  facet normal 0.0650579 -0.995734 -0.0654245
    outer loop
      vertex 1.81058 96.3976 194.241
      vertex 1.0149 96.3551 194.097
      vertex 1.81699 96.4066 194.111
    endloop
  endfacet
  facet normal 0.0366815 -0.751042 0.659235
    outer loop
      vertex 1.03168 96.1491 193.488
      vertex 1.83367 96.1141 193.404
      vertex 1.83376 96.2006 193.502
    endloop
  endfacet
  facet normal 0.0366815 -0.751042 0.659235
    outer loop
      vertex 1.83367 96.1141 193.404
      vertex 1.03168 96.1491 193.488
      vertex 1.03158 96.0626 193.39
    endloop
  endfacet
  facet normal 0.0553245 -0.657186 -0.751695
    outer loop
      vertex 1.76005 96.0109 194.903
      vertex 0.967119 96.0585 194.803
      vertex 1.7692 96.11 194.817
    endloop
  endfacet
  facet normal 0.0553356 -0.65712 -0.751752
    outer loop
      vertex 0.967119 96.0585 194.803
      vertex 1.76005 96.0109 194.903
      vertex 0.957966 95.9594 194.889
    endloop
  endfacet
  facet normal 0.0651576 -0.894554 -0.442185
    outer loop
      vertex 0.993415 96.2774 194.479
      vertex 1.78708 96.2704 194.61
      vertex 0.984996 96.2189 194.596
    endloop
  endfacet
  facet normal 0.0651576 -0.894554 -0.442185
    outer loop
      vertex 1.78708 96.2704 194.61
      vertex 0.993415 96.2774 194.479
      vertex 1.7955 96.3289 194.493
    endloop
  endfacet
  facet normal -0.055326 0.657106 0.751765
    outer loop
      vertex 0.951091 94.7389 193.3
      vertex 1.74176 94.6911 193.4
      vertex 1.75442 94.7905 193.314
    endloop
  endfacet
  facet normal -0.055326 0.657106 0.751765
    outer loop
      vertex 1.74176 94.6911 193.4
      vertex 0.951091 94.7389 193.3
      vertex 0.938437 94.6395 193.386
    endloop
  endfacet
  facet normal -0.00408824 0.321765 -0.946811
    outer loop
      vertex 1.67721 95.0121 195.031
      vertex 0.881465 95.0851 195.059
      vertex 1.68479 95.1367 195.073
    endloop
  endfacet
  facet normal -0.00408824 0.321765 -0.946811
    outer loop
      vertex 0.881465 95.0851 195.059
      vertex 1.67721 95.0121 195.031
      vertex 0.873888 94.9605 195.017
    endloop
  endfacet
  facet normal 0.0127114 -0.4423 0.896777
    outer loop
      vertex 1.02783 95.8549 193.23
      vertex 1.82633 95.7886 193.186
      vertex 1.82992 95.9064 193.244
    endloop
  endfacet
  facet normal 0.0127011 -0.442393 0.896731
    outer loop
      vertex 1.82633 95.7886 193.186
      vertex 1.02783 95.8549 193.23
      vertex 1.02424 95.7371 193.172
    endloop
  endfacet
  facet normal -0.00458204 -0.19572 0.980649
    outer loop
      vertex 1.01958 95.6127 193.13
      vertex 1.81602 95.5352 193.118
      vertex 1.82167 95.6641 193.144
    endloop
  endfacet
  facet normal -0.00459428 -0.195842 0.980625
    outer loop
      vertex 1.81602 95.5352 193.118
      vertex 1.01958 95.6127 193.13
      vertex 1.01393 95.4837 193.104
    endloop
  endfacet
  facet normal 0.0550501 -0.94534 0.321405
    outer loop
      vertex 1.0283 96.2797 193.714
      vertex 1.82697 96.373 193.852
      vertex 1.02489 96.3216 193.838
    endloop
  endfacet
  facet normal 0.0550611 -0.945357 0.321353
    outer loop
      vertex 1.82697 96.373 193.852
      vertex 1.0283 96.2797 193.714
      vertex 1.83039 96.3311 193.728
    endloop
  endfacet
  facet normal 0.0435791 -0.830402 0.555458
    outer loop
      vertex 1.03058 96.2218 193.597
      vertex 1.83376 96.2006 193.502
      vertex 1.83266 96.2733 193.611
    endloop
  endfacet
  facet normal 0.0435864 -0.830366 0.555512
    outer loop
      vertex 1.83376 96.2006 193.502
      vertex 1.03058 96.2218 193.597
      vertex 1.03168 96.1491 193.488
    endloop
  endfacet
  facet normal 0.0439554 -0.440351 -0.896749
    outer loop
      vertex 1.7421 95.7832 195.033
      vertex 0.94888 95.8498 194.961
      vertex 1.75096 95.9013 194.975
    endloop
  endfacet
  facet normal 0.0439409 -0.440464 -0.896694
    outer loop
      vertex 1.7421 95.7832 195.033
      vertex 0.940936 95.744 195.013
      vertex 0.94888 95.8498 194.961
    endloop
  endfacet
  facet normal 0.0439254 -0.440039 -0.896903
    outer loop
      vertex 0.940936 95.744 195.013
      vertex 1.7421 95.7832 195.033
      vertex 0.93917 95.7316 195.019
    endloop
  endfacet
  facet normal 0.0500768 -0.553486 -0.831352
    outer loop
      vertex 1.75096 95.9013 194.975
      vertex 0.957966 95.9594 194.889
      vertex 1.76005 96.0109 194.903
    endloop
  endfacet
  facet normal 0.0500729 -0.553513 -0.831334
    outer loop
      vertex 0.957966 95.9594 194.889
      vertex 1.75096 95.9013 194.975
      vertex 0.94888 95.8498 194.961
    endloop
  endfacet
  facet normal 0.0596363 -0.749538 -0.65927
    outer loop
      vertex 0.97618 96.1455 194.705
      vertex 1.7692 96.11 194.817
      vertex 0.967119 96.0585 194.803
    endloop
  endfacet
  facet normal 0.0596363 -0.749538 -0.65927
    outer loop
      vertex 1.7692 96.11 194.817
      vertex 0.97618 96.1455 194.705
      vertex 1.77826 96.197 194.719
    endloop
  endfacet
  facet normal 0.0662202 -0.978557 -0.195042
    outer loop
      vertex 1.0085 96.3461 194.227
      vertex 1.80338 96.3715 194.369
      vertex 1.00129 96.3201 194.355
    endloop
  endfacet
  facet normal 0.0662202 -0.978557 -0.195042
    outer loop
      vertex 1.80338 96.3715 194.369
      vertex 1.0085 96.3461 194.227
      vertex 1.81058 96.3976 194.241
    endloop
  endfacet
  facet normal -0.0370907 0.319743 0.946778
    outer loop
      vertex 0.992102 95.0922 193.129
      vertex 1.78671 95.034 193.18
      vertex 1.79419 95.1437 193.143
    endloop
  endfacet
  facet normal -0.0371062 0.31958 0.946832
    outer loop
      vertex 1.78671 95.034 193.18
      vertex 0.992102 95.0922 193.129
      vertex 1.78472 95.019 193.185
    endloop
  endfacet
  facet normal -0.0370892 0.319727 0.946783
    outer loop
      vertex 0.987405 95.0232 193.152
      vertex 1.78472 95.019 193.185
      vertex 0.992102 95.0922 193.129
    endloop
  endfacet
  facet normal -0.0370895 0.319708 0.94679
    outer loop
      vertex 1.78472 95.019 193.185
      vertex 0.987405 95.0232 193.152
      vertex 0.979969 94.9673 193.171
    endloop
  endfacet
  facet normal -0.0662447 0.944619 0.321414
    outer loop
      vertex 0.90309 94.4201 193.71
      vertex 1.69618 94.4288 193.848
      vertex 1.70642 94.4716 193.724
    endloop
  endfacet
  facet normal -0.0662447 0.944619 0.321414
    outer loop
      vertex 1.69618 94.4288 193.848
      vertex 0.90309 94.4201 193.71
      vertex 0.892853 94.3773 193.834
    endloop
  endfacet
  facet normal -0.0662147 0.978552 0.195067
    outer loop
      vertex 0.892853 94.3773 193.834
      vertex 1.68702 94.4027 193.976
      vertex 1.69618 94.4288 193.848
    endloop
  endfacet
  facet normal -0.0662185 0.978548 0.195089
    outer loop
      vertex 1.68702 94.4027 193.976
      vertex 0.892853 94.3773 193.834
      vertex 0.883692 94.3511 193.962
    endloop
  endfacet
  facet normal -0.0435786 0.830385 -0.555483
    outer loop
      vertex 1.66206 94.5267 194.606
      vertex 0.858517 94.548 194.701
      vertex 1.66184 94.5995 194.715
    endloop
  endfacet
  facet normal -0.0435786 0.830385 -0.555483
    outer loop
      vertex 0.858517 94.548 194.701
      vertex 1.66206 94.5267 194.606
      vertex 0.858738 94.4752 194.592
    endloop
  endfacet
  facet normal -0.0594252 0.978989 -0.195064
    outer loop
      vertex 0.869206 94.3502 194.223
      vertex 1.66745 94.427 194.365
      vertex 1.67253 94.4017 194.237
    endloop
  endfacet
  facet normal -0.0594252 0.978989 -0.195064
    outer loop
      vertex 1.66745 94.427 194.365
      vertex 0.869206 94.3502 194.223
      vertex 0.864129 94.3754 194.351
    endloop
  endfacet
  facet normal -0.0366696 0.751024 -0.659256
    outer loop
      vertex 1.66184 94.5995 194.715
      vertex 0.859961 94.6345 194.799
      vertex 1.66329 94.6861 194.813
    endloop
  endfacet
  facet normal -0.0366696 0.751024 -0.659256
    outer loop
      vertex 0.859961 94.6345 194.799
      vertex 1.66184 94.5995 194.715
      vertex 0.858517 94.548 194.701
    endloop
  endfacet
  facet normal 0.00458363 0.195868 -0.98062
    outer loop
      vertex 1.68479 95.1367 195.073
      vertex 0.890314 95.2142 195.085
      vertex 1.69364 95.2658 195.099
    endloop
  endfacet
  facet normal 0.00458363 0.195868 -0.98062
    outer loop
      vertex 0.890314 95.2142 195.085
      vertex 1.68479 95.1367 195.073
      vertex 0.881465 95.0851 195.059
    endloop
  endfacet
  facet normal 0.00409112 -0.321896 0.946766
    outer loop
      vertex 1.02424 95.7371 193.172
      vertex 1.82167 95.6641 193.144
      vertex 1.82633 95.7886 193.186
    endloop
  endfacet
  facet normal 0.00410186 -0.321792 0.946801
    outer loop
      vertex 1.82167 95.6641 193.144
      vertex 1.02424 95.7371 193.172
      vertex 1.01958 95.6127 193.13
    endloop
  endfacet
  facet normal 0.0291409 -0.65877 0.75178
    outer loop
      vertex 1.03158 96.0626 193.39
      vertex 1.83238 96.0155 193.317
      vertex 1.83367 96.1141 193.404
    endloop
  endfacet
  facet normal 0.0291279 -0.658865 0.751697
    outer loop
      vertex 1.83238 96.0155 193.317
      vertex 1.03158 96.0626 193.39
      vertex 1.03029 95.964 193.303
    endloop
  endfacet
  facet normal 0.0210975 -0.555442 0.831287
    outer loop
      vertex 1.03029 95.964 193.303
      vertex 1.82992 95.9064 193.244
      vertex 1.83238 96.0155 193.317
    endloop
  endfacet
  facet normal 0.0211105 -0.555335 0.831359
    outer loop
      vertex 1.82992 95.9064 193.244
      vertex 1.03029 95.964 193.303
      vertex 1.02783 95.8549 193.23
    endloop
  endfacet
  facet normal 0.0594185 -0.97899 0.195061
    outer loop
      vertex 1.02489 96.3216 193.838
      vertex 1.82248 96.3983 193.98
      vertex 1.0204 96.3469 193.966
    endloop
  endfacet
  facet normal 0.0594185 -0.97899 0.195061
    outer loop
      vertex 1.82248 96.3983 193.98
      vertex 1.02489 96.3216 193.838
      vertex 1.82697 96.373 193.852
    endloop
  endfacet
  facet normal 0.0627783 -0.995884 0.0653754
    outer loop
      vertex 1.0204 96.3469 193.966
      vertex 1.81699 96.4066 194.111
      vertex 1.0149 96.3551 194.097
    endloop
  endfacet
  facet normal 0.062769 -0.995881 0.0654253
    outer loop
      vertex 1.81699 96.4066 194.111
      vertex 1.0204 96.3469 193.966
      vertex 1.82248 96.3983 193.98
    endloop
  endfacet
  facet normal 0.0370713 -0.319774 -0.946768
    outer loop
      vertex 0.93917 95.7316 195.019
      vertex 1.7402 95.7553 195.042
      vertex 1.72728 95.6581 195.074
    endloop
  endfacet
  facet normal 0.037068 -0.319604 -0.946826
    outer loop
      vertex 1.7402 95.7553 195.042
      vertex 0.93917 95.7316 195.019
      vertex 1.7421 95.7832 195.033
    endloop
  endfacet
  facet normal 0.0370853 -0.319654 -0.946808
    outer loop
      vertex 1.72728 95.6581 195.074
      vertex 0.923855 95.6164 195.057
      vertex 0.93917 95.7316 195.019
    endloop
  endfacet
  facet normal 0.0371171 -0.32037 -0.946565
    outer loop
      vertex 0.923855 95.6164 195.057
      vertex 1.72728 95.6581 195.074
      vertex 0.922881 95.6065 195.06
    endloop
  endfacet
  facet normal 0.0295786 -0.193632 -0.980628
    outer loop
      vertex 1.72331 95.626 195.081
      vertex 0.922881 95.6065 195.06
      vertex 1.72728 95.6581 195.074
    endloop
  endfacet
  facet normal 0.0295787 -0.193642 -0.980626
    outer loop
      vertex 1.71453 95.5287 195.1
      vertex 0.922881 95.6065 195.06
      vertex 1.72331 95.626 195.081
    endloop
  endfacet
  facet normal 0.0295829 -0.193603 -0.980634
    outer loop
      vertex 0.922881 95.6065 195.06
      vertex 1.71453 95.5287 195.1
      vertex 0.9112 95.4771 195.086
    endloop
  endfacet
  facet normal 0.021567 -0.0640753 -0.997712
    outer loop
      vertex 1.70361 95.3972 195.108
      vertex 0.9112 95.4771 195.086
      vertex 1.71453 95.5287 195.1
    endloop
  endfacet
  facet normal 0.0215667 -0.0640789 -0.997712
    outer loop
      vertex 0.9112 95.4771 195.086
      vertex 1.70361 95.3972 195.108
      vertex 0.900282 95.3457 195.094
    endloop
  endfacet
  facet normal 0.0131988 0.0662969 -0.997713
    outer loop
      vertex 1.69364 95.2658 195.099
      vertex 0.900282 95.3457 195.094
      vertex 1.70361 95.3972 195.108
    endloop
  endfacet
  facet normal 0.0131988 0.0662969 -0.997713
    outer loop
      vertex 0.900282 95.3457 195.094
      vertex 1.69364 95.2658 195.099
      vertex 0.890314 95.2142 195.085
    endloop
  endfacet
  facet normal 0.0629322 -0.829163 -0.555454
    outer loop
      vertex 0.984996 96.2189 194.596
      vertex 1.77826 96.197 194.719
      vertex 0.97618 96.1455 194.705
    endloop
  endfacet
  facet normal 0.0629414 -0.829126 -0.555507
    outer loop
      vertex 1.77826 96.197 194.719
      vertex 0.984996 96.2189 194.596
      vertex 1.78708 96.2704 194.61
    endloop
  endfacet
  facet normal -0.0629336 0.829131 0.555501
    outer loop
      vertex 0.926079 94.5523 193.484
      vertex 1.71756 94.5303 193.607
      vertex 1.7294 94.6039 193.498
    endloop
  endfacet
  facet normal -0.0629336 0.829131 0.555501
    outer loop
      vertex 1.71756 94.5303 193.607
      vertex 0.926079 94.5523 193.484
      vertex 0.914229 94.4787 193.593
    endloop
  endfacet
  facet normal -0.0596431 0.749598 0.659201
    outer loop
      vertex 0.938437 94.6395 193.386
      vertex 1.7294 94.6039 193.498
      vertex 1.74176 94.6911 193.4
    endloop
  endfacet
  facet normal -0.0596431 0.749598 0.659201
    outer loop
      vertex 1.7294 94.6039 193.498
      vertex 0.938437 94.6395 193.386
      vertex 0.926079 94.5523 193.484
    endloop
  endfacet
  facet normal -0.0500596 0.553215 0.831533
    outer loop
      vertex 0.963825 94.8487 193.228
      vertex 1.76545 94.8856 193.252
      vertex 1.76773 94.9003 193.242
    endloop
  endfacet
  facet normal -0.0500678 0.55353 0.831323
    outer loop
      vertex 0.963825 94.8487 193.228
      vertex 1.75442 94.7905 193.314
      vertex 1.76545 94.8856 193.252
    endloop
  endfacet
  facet normal -0.0500695 0.553519 0.83133
    outer loop
      vertex 1.75442 94.7905 193.314
      vertex 0.963825 94.8487 193.228
      vertex 0.951091 94.7389 193.3
    endloop
  endfacet
  facet normal -0.029588 0.193574 0.980639
    outer loop
      vertex 1.00008 95.2213 193.104
      vertex 1.79419 95.1437 193.143
      vertex 1.80216 95.2728 193.118
    endloop
  endfacet
  facet normal -0.0295868 0.193585 0.980637
    outer loop
      vertex 1.79419 95.1437 193.143
      vertex 1.00008 95.2213 193.104
      vertex 0.992102 95.0922 193.129
    endloop
  endfacet
  facet normal -0.0497434 0.895551 -0.442169
    outer loop
      vertex 1.66395 94.4689 194.489
      vertex 0.858738 94.4752 194.592
      vertex 1.66206 94.5267 194.606
    endloop
  endfacet
  facet normal -0.0497557 0.895505 -0.442262
    outer loop
      vertex 0.858738 94.4752 194.592
      vertex 1.66395 94.4689 194.489
      vertex 0.86062 94.4173 194.475
    endloop
  endfacet
  facet normal -0.0550583 0.945345 -0.321391
    outer loop
      vertex 0.864129 94.3754 194.351
      vertex 1.66395 94.4689 194.489
      vertex 1.66745 94.427 194.365
    endloop
  endfacet
  facet normal -0.0550692 0.945362 -0.321339
    outer loop
      vertex 1.66395 94.4689 194.489
      vertex 0.864129 94.3754 194.351
      vertex 0.86062 94.4173 194.475
    endloop
  endfacet
  facet normal -0.0627735 0.995881 -0.0654281
    outer loop
      vertex 0.875765 94.342 194.092
      vertex 1.67253 94.4017 194.237
      vertex 1.67909 94.3936 194.106
    endloop
  endfacet
  facet normal -0.0627749 0.995881 -0.0654206
    outer loop
      vertex 1.67253 94.4017 194.237
      vertex 0.875765 94.342 194.092
      vertex 0.869206 94.3502 194.223
    endloop
  endfacet
  facet normal -0.0211031 0.555388 -0.831323
    outer loop
      vertex 1.66637 94.7848 194.9
      vertex 0.867712 94.8425 194.959
      vertex 1.67104 94.8941 194.973
    endloop
  endfacet
  facet normal -0.0211031 0.555388 -0.831323
    outer loop
      vertex 0.867712 94.8425 194.959
      vertex 1.66637 94.7848 194.9
      vertex 0.863043 94.7333 194.886
    endloop
  endfacet
  facet normal 0.0497477 -0.895508 0.442257
    outer loop
      vertex 1.0283 96.2797 193.714
      vertex 1.83266 96.2733 193.611
      vertex 1.83039 96.3311 193.728
    endloop
  endfacet
  facet normal 0.0497416 -0.895531 0.44221
    outer loop
      vertex 1.83266 96.2733 193.611
      vertex 1.0283 96.2797 193.714
      vertex 1.03058 96.2218 193.597
    endloop
  endfacet
  facet normal 0.0662572 -0.944613 -0.32143
    outer loop
      vertex 1.00129 96.3201 194.355
      vertex 1.7955 96.3289 194.493
      vertex 0.993415 96.2774 194.479
    endloop
  endfacet
  facet normal 0.0662513 -0.944625 -0.321395
    outer loop
      vertex 1.7955 96.3289 194.493
      vertex 1.00129 96.3201 194.355
      vertex 1.80338 96.3715 194.369
    endloop
  endfacet
  facet normal -0.0651496 0.894531 0.442233
    outer loop
      vertex 0.914229 94.4787 193.593
      vertex 1.70642 94.4716 193.724
      vertex 1.71756 94.5303 193.607
    endloop
  endfacet
  facet normal -0.0651419 0.894554 0.442187
    outer loop
      vertex 1.70642 94.4716 193.724
      vertex 0.914229 94.4787 193.593
      vertex 0.90309 94.4201 193.71
    endloop
  endfacet
  facet normal -0.043959 0.440388 0.896731
    outer loop
      vertex 0.979969 94.9673 193.171
      vertex 1.76773 94.9003 193.242
      vertex 1.78472 95.019 193.185
    endloop
  endfacet
  facet normal -0.0439598 0.440382 0.896734
    outer loop
      vertex 0.966248 94.8715 193.217
      vertex 1.76773 94.9003 193.242
      vertex 0.979969 94.9673 193.171
    endloop
  endfacet
  facet normal -0.0439604 0.440416 0.896717
    outer loop
      vertex 1.76773 94.9003 193.242
      vertex 0.966248 94.8715 193.217
      vertex 0.963825 94.8487 193.228
    endloop
  endfacet
  facet normal -0.0215813 0.0641797 0.997705
    outer loop
      vertex 1.0074 95.3525 193.095
      vertex 1.80216 95.2728 193.118
      vertex 1.80948 95.404 193.109
    endloop
  endfacet
  facet normal -0.0215813 0.0641797 0.997705
    outer loop
      vertex 1.80216 95.2728 193.118
      vertex 1.0074 95.3525 193.095
      vertex 1.00008 95.2213 193.104
    endloop
  endfacet
  facet normal -0.0650525 0.995738 0.0653718
    outer loop
      vertex 0.883692 94.3511 193.962
      vertex 1.67909 94.3936 194.106
      vertex 1.68702 94.4027 193.976
    endloop
  endfacet
  facet normal -0.0650525 0.995738 0.0653718
    outer loop
      vertex 1.67909 94.3936 194.106
      vertex 0.883692 94.3511 193.962
      vertex 0.875765 94.342 194.092
    endloop
  endfacet
  facet normal -0.029135 0.658835 -0.751723
    outer loop
      vertex 1.66329 94.6861 194.813
      vertex 0.863043 94.7333 194.886
      vertex 1.66637 94.7848 194.9
    endloop
  endfacet
  facet normal -0.029135 0.658835 -0.751723
    outer loop
      vertex 0.863043 94.7333 194.886
      vertex 1.66329 94.6861 194.813
      vertex 0.859961 94.6345 194.799
    endloop
  endfacet
  facet normal -0.0127063 0.442391 -0.896732
    outer loop
      vertex 1.67104 94.8941 194.973
      vertex 0.873888 94.9605 195.017
      vertex 1.67721 95.0121 195.031
    endloop
  endfacet
  facet normal -0.0127063 0.442391 -0.896732
    outer loop
      vertex 0.873888 94.9605 195.017
      vertex 1.67104 94.8941 194.973
      vertex 0.867712 94.8425 194.959
    endloop
  endfacet
  facet normal -0.0131988 -0.0663991 0.997706
    outer loop
      vertex 0.110475 87.081 193.079
      vertex 0.898219 87.0008 193.084
      vertex 0.916974 87.1328 193.093
    endloop
  endfacet
  facet normal -0.0131992 -0.0664029 0.997706
    outer loop
      vertex 0.898219 87.0008 193.084
      vertex 0.110475 87.081 193.079
      vertex 0.0917195 86.949 193.07
    endloop
  endfacet
  facet normal 0.0650562 -0.995736 -0.0653965
    outer loop
      vertex 0.159169 87.9554 194.072
      vertex 0.953745 87.9979 194.217
      vertex 0.147245 87.9461 194.203
    endloop
  endfacet
  facet normal 0.0650549 -0.995737 -0.065389
    outer loop
      vertex 0.953745 87.9979 194.217
      vertex 0.159169 87.9554 194.072
      vertex 0.965669 88.0072 194.087
    endloop
  endfacet
  facet normal -0.0650549 0.99574 0.0653448
    outer loop
      vertex -0.17276 85.9386 193.934
      vertex 0.621236 85.981 194.078
      vertex 0.635763 85.9905 193.948
    endloop
  endfacet
  facet normal -0.0650549 0.99574 0.0653448
    outer loop
      vertex 0.621236 85.981 194.078
      vertex -0.17276 85.9386 193.934
      vertex -0.187286 85.9291 194.064
    endloop
  endfacet
  facet normal 0.0366814 -0.751044 0.659232
    outer loop
      vertex 0.178038 87.7496 193.464
      vertex 0.979707 87.7146 193.379
      vertex 0.984537 87.8013 193.478
    endloop
  endfacet
  facet normal 0.0366814 -0.751044 0.659232
    outer loop
      vertex 0.979707 87.7146 193.379
      vertex 0.178038 87.7496 193.464
      vertex 0.173208 87.6628 193.365
    endloop
  endfacet
  facet normal 0.0553343 -0.657132 -0.751742
    outer loop
      vertex 0.842633 87.6072 194.877
      vertex 0.0578275 87.6554 194.778
      vertex 0.864327 87.7072 194.792
    endloop
  endfacet
  facet normal 0.0553295 -0.65716 -0.751718
    outer loop
      vertex 0.0578275 87.6554 194.778
      vertex 0.842633 87.6072 194.877
      vertex 0.0361339 87.5555 194.863
    endloop
  endfacet
  facet normal 0.0651548 -0.894518 -0.442258
    outer loop
      vertex 0.116603 87.8764 194.454
      vertex 0.904909 87.869 194.585
      vertex 0.0984093 87.8173 194.571
    endloop
  endfacet
  facet normal 0.0651471 -0.894541 -0.442213
    outer loop
      vertex 0.904909 87.869 194.585
      vertex 0.116603 87.8764 194.454
      vertex 0.923102 87.9282 194.468
    endloop
  endfacet
  facet normal -0.0553283 0.657105 0.751766
    outer loop
      vertex -0.0334618 86.331 193.274
      vertex 0.747557 86.2826 193.374
      vertex 0.775061 86.3829 193.288
    endloop
  endfacet
  facet normal -0.0553283 0.657105 0.751765
    outer loop
      vertex 0.747557 86.2826 193.374
      vertex -0.0334618 86.331 193.274
      vertex -0.0609653 86.2307 193.359
    endloop
  endfacet
  facet normal -0.0040953 0.321865 -0.946777
    outer loop
      vertex 0.64935 86.6014 195.004
      vertex -0.139395 86.6749 195.032
      vertex 0.669128 86.7267 195.046
    endloop
  endfacet
  facet normal -0.00409348 0.321882 -0.946771
    outer loop
      vertex -0.139395 86.6749 195.032
      vertex 0.64935 86.6014 195.004
      vertex -0.159173 86.5495 194.989
    endloop
  endfacet
  facet normal 0.0126984 -0.442348 0.896753
    outer loop
      vertex 0.155307 87.4541 193.206
      vertex 0.949042 87.3875 193.162
      vertex 0.961806 87.5059 193.22
    endloop
  endfacet
  facet normal 0.0126984 -0.442348 0.896753
    outer loop
      vertex 0.949042 87.3875 193.162
      vertex 0.155307 87.4541 193.206
      vertex 0.142543 87.3358 193.147
    endloop
  endfacet
  facet normal -0.00458097 -0.195724 0.980648
    outer loop
      vertex 0.127513 87.2107 193.105
      vertex 0.916974 87.1328 193.093
      vertex 0.934012 87.2625 193.119
    endloop
  endfacet
  facet normal -0.00459211 -0.195833 0.980626
    outer loop
      vertex 0.916974 87.1328 193.093
      vertex 0.127513 87.2107 193.105
      vertex 0.110475 87.081 193.079
    endloop
  endfacet
  facet normal 0.0550523 -0.945341 0.321401
    outer loop
      vertex 0.179046 87.8804 193.69
      vertex 0.981706 87.9741 193.828
      vertex 0.175207 87.9223 193.814
    endloop
  endfacet
  facet normal 0.0550597 -0.945353 0.321366
    outer loop
      vertex 0.981706 87.9741 193.828
      vertex 0.179046 87.8804 193.69
      vertex 0.985546 87.9322 193.704
    endloop
  endfacet
  facet normal 0.0435869 -0.830376 0.555496
    outer loop
      vertex 0.179995 87.8225 193.573
      vertex 0.984537 87.8013 193.478
      vertex 0.986495 87.8743 193.587
    endloop
  endfacet
  facet normal 0.0435869 -0.830376 0.555496
    outer loop
      vertex 0.984537 87.8013 193.478
      vertex 0.179995 87.8225 193.573
      vertex 0.178038 87.7496 193.464
    endloop
  endfacet
  facet normal 0.0439555 -0.440383 -0.896733
    outer loop
      vertex 0.79829 87.3779 195.007
      vertex 0.0139956 87.4451 194.936
      vertex 0.820495 87.4968 194.95
    endloop
  endfacet
  facet normal 0.0439584 -0.440361 -0.896744
    outer loop
      vertex 0.0139956 87.4451 194.936
      vertex 0.79829 87.3779 195.007
      vertex -0.00820897 87.3261 194.993
    endloop
  endfacet
  facet normal 0.0500708 -0.553505 -0.83134
    outer loop
      vertex 0.820495 87.4968 194.95
      vertex 0.0361339 87.5555 194.863
      vertex 0.842633 87.6072 194.877
    endloop
  endfacet
  facet normal 0.0500708 -0.553505 -0.83134
    outer loop
      vertex 0.0361339 87.5555 194.863
      vertex 0.820495 87.4968 194.95
      vertex 0.0139956 87.4451 194.936
    endloop
  endfacet
  facet normal 0.0596488 -0.749577 -0.659224
    outer loop
      vertex 0.078705 87.7432 194.68
      vertex 0.864327 87.7072 194.792
      vertex 0.0578275 87.6554 194.778
    endloop
  endfacet
  facet normal 0.0596488 -0.749577 -0.659224
    outer loop
      vertex 0.864327 87.7072 194.792
      vertex 0.078705 87.7432 194.68
      vertex 0.885204 87.795 194.694
    endloop
  endfacet
  facet normal 0.0662189 -0.978551 -0.19507
    outer loop
      vertex 0.147245 87.9461 194.203
      vertex 0.939474 87.9714 194.345
      vertex 0.132975 87.9196 194.331
    endloop
  endfacet
  facet normal 0.0662226 -0.978547 -0.195092
    outer loop
      vertex 0.939474 87.9714 194.345
      vertex 0.147245 87.9461 194.203
      vertex 0.953745 87.9979 194.217
    endloop
  endfacet
  facet normal -0.0662536 0.944625 0.321393
    outer loop
      vertex -0.134837 86.0087 193.682
      vertex 0.653347 86.0172 193.82
      vertex 0.673686 86.0606 193.697
    endloop
  endfacet
  facet normal -0.0662536 0.944625 0.321393
    outer loop
      vertex 0.653347 86.0172 193.82
      vertex -0.134837 86.0087 193.682
      vertex -0.155176 85.9653 193.806
    endloop
  endfacet
  facet normal -0.0662212 0.978549 0.195082
    outer loop
      vertex -0.155176 85.9653 193.806
      vertex 0.635763 85.9905 193.948
      vertex 0.653347 86.0172 193.82
    endloop
  endfacet
  facet normal -0.0662212 0.978549 0.195082
    outer loop
      vertex 0.635763 85.9905 193.948
      vertex -0.155176 85.9653 193.806
      vertex -0.17276 85.9386 193.934
    endloop
  endfacet
  facet normal -0.0435741 0.830403 -0.555457
    outer loop
      vertex 0.597797 86.1137 194.578
      vertex -0.207416 86.1349 194.673
      vertex 0.601106 86.1867 194.687
    endloop
  endfacet
  facet normal -0.0435795 0.830376 -0.555497
    outer loop
      vertex -0.207416 86.1349 194.673
      vertex 0.597797 86.1137 194.578
      vertex -0.210726 86.0618 194.564
    endloop
  endfacet
  facet normal -0.0594252 0.978997 -0.195022
    outer loop
      vertex -0.198509 85.9369 194.195
      vertex 0.602289 86.0139 194.337
      vertex 0.610014 85.9888 194.209
    endloop
  endfacet
  facet normal -0.0594143 0.978987 -0.195078
    outer loop
      vertex 0.602289 86.0139 194.337
      vertex -0.198509 85.9369 194.195
      vertex -0.206234 85.962 194.323
    endloop
  endfacet
  facet normal -0.0366682 0.75099 -0.659294
    outer loop
      vertex 0.601106 86.1867 194.687
      vertex -0.200457 86.2217 194.771
      vertex 0.608065 86.2736 194.786
    endloop
  endfacet
  facet normal -0.0366636 0.751019 -0.659262
    outer loop
      vertex -0.200457 86.2217 194.771
      vertex 0.601106 86.1867 194.687
      vertex -0.207416 86.1349 194.673
    endloop
  endfacet
  facet normal 0.00459446 0.195712 -0.980651
    outer loop
      vertex 0.669128 86.7267 195.046
      vertex -0.117131 86.8048 195.058
      vertex 0.691392 86.8567 195.072
    endloop
  endfacet
  facet normal 0.00459446 0.195712 -0.980651
    outer loop
      vertex -0.117131 86.8048 195.058
      vertex 0.669128 86.7267 195.046
      vertex -0.139395 86.6749 195.032
    endloop
  endfacet
  facet normal 0.00409291 -0.321911 0.946761
    outer loop
      vertex 0.142543 87.3358 193.147
      vertex 0.934012 87.2625 193.119
      vertex 0.949042 87.3875 193.162
    endloop
  endfacet
  facet normal 0.00410365 -0.321809 0.946796
    outer loop
      vertex 0.934012 87.2625 193.119
      vertex 0.142543 87.3358 193.147
      vertex 0.127513 87.2107 193.105
    endloop
  endfacet
  facet normal 0.0291454 -0.658827 0.75173
    outer loop
      vertex 0.173208 87.6628 193.365
      vertex 0.972087 87.6156 193.293
      vertex 0.979707 87.7146 193.379
    endloop
  endfacet
  facet normal 0.0291363 -0.658892 0.751673
    outer loop
      vertex 0.972087 87.6156 193.293
      vertex 0.173208 87.6628 193.365
      vertex 0.165587 87.5638 193.279
    endloop
  endfacet
  facet normal 0.0210947 -0.555332 0.831361
    outer loop
      vertex 0.165587 87.5638 193.279
      vertex 0.961806 87.5059 193.22
      vertex 0.972087 87.6156 193.293
    endloop
  endfacet
  facet normal 0.0210947 -0.555332 0.831361
    outer loop
      vertex 0.961806 87.5059 193.22
      vertex 0.165587 87.5638 193.279
      vertex 0.155307 87.4541 193.206
    endloop
  endfacet
  facet normal 0.0594266 -0.978988 0.195065
    outer loop
      vertex 0.175207 87.9223 193.814
      vertex 0.975043 87.9992 193.956
      vertex 0.168543 87.9475 193.942
    endloop
  endfacet
  facet normal 0.0594223 -0.978984 0.195087
    outer loop
      vertex 0.975043 87.9992 193.956
      vertex 0.175207 87.9223 193.814
      vertex 0.981706 87.9741 193.828
    endloop
  endfacet
  facet normal 0.0627776 -0.995882 0.0654084
    outer loop
      vertex 0.168543 87.9475 193.942
      vertex 0.965669 88.0072 194.087
      vertex 0.159169 87.9554 194.072
    endloop
  endfacet
  facet normal 0.0627776 -0.995882 0.0654084
    outer loop
      vertex 0.965669 88.0072 194.087
      vertex 0.168543 87.9475 193.942
      vertex 0.975043 87.9992 193.956
    endloop
  endfacet
  facet normal 0.0497485 -0.895523 0.442227
    outer loop
      vertex 0.179046 87.8804 193.69
      vertex 0.986495 87.8743 193.587
      vertex 0.985546 87.9322 193.704
    endloop
  endfacet
  facet normal 0.0497485 -0.895523 0.442227
    outer loop
      vertex 0.986495 87.8743 193.587
      vertex 0.179046 87.8804 193.69
      vertex 0.179995 87.8225 193.573
    endloop
  endfacet
  facet normal 0.0370837 -0.319693 -0.946795
    outer loop
      vertex -0.00820897 87.3261 194.993
      vertex 0.789062 87.3249 195.024
      vertex 0.770158 87.2519 195.048
    endloop
  endfacet
  facet normal 0.0370848 -0.319617 -0.946821
    outer loop
      vertex 0.789062 87.3249 195.024
      vertex -0.00820897 87.3261 194.993
      vertex 0.79829 87.3779 195.007
    endloop
  endfacet
  facet normal 0.0370858 -0.319676 -0.946801
    outer loop
      vertex 0.770158 87.2519 195.048
      vertex -0.0103162 87.314 194.997
      vertex -0.00820897 87.3261 194.993
    endloop
  endfacet
  facet normal 0.0370774 -0.319758 -0.946773
    outer loop
      vertex 0.770158 87.2519 195.048
      vertex -0.0367055 87.2121 195.03
      vertex -0.0103162 87.314 194.997
    endloop
  endfacet
  facet normal 0.0370596 -0.319332 -0.946918
    outer loop
      vertex -0.0367055 87.2121 195.03
      vertex 0.770158 87.2519 195.048
      vertex -0.0394079 87.2 195.034
    endloop
  endfacet
  facet normal 0.0215774 -0.0642338 -0.997702
    outer loop
      vertex 0.71576 86.9891 195.081
      vertex -0.0667061 87.0697 195.059
      vertex 0.741817 87.1216 195.073
    endloop
  endfacet
  facet normal 0.021577 -0.0642375 -0.997701
    outer loop
      vertex -0.0667061 87.0697 195.059
      vertex 0.71576 86.9891 195.081
      vertex -0.0927623 86.9372 195.067
    endloop
  endfacet
  facet normal 0.0131888 0.0664699 -0.997701
    outer loop
      vertex 0.691392 86.8567 195.072
      vertex -0.0927623 86.9372 195.067
      vertex 0.71576 86.9891 195.081
    endloop
  endfacet
  facet normal 0.0131884 0.0664662 -0.997702
    outer loop
      vertex -0.0927623 86.9372 195.067
      vertex 0.691392 86.8567 195.072
      vertex -0.117131 86.8048 195.058
    endloop
  endfacet
  facet normal 0.0662497 -0.94463 -0.321381
    outer loop
      vertex 0.132975 87.9196 194.331
      vertex 0.923102 87.9282 194.468
      vertex 0.116603 87.8764 194.454
    endloop
  endfacet
  facet normal 0.0662497 -0.94463 -0.321381
    outer loop
      vertex 0.923102 87.9282 194.468
      vertex 0.132975 87.9196 194.331
      vertex 0.939474 87.9714 194.345
    endloop
  endfacet
  facet normal -0.0629366 0.829142 0.555485
    outer loop
      vertex -0.087325 86.1426 193.457
      vertex 0.696433 86.12 193.58
      vertex 0.721198 86.1945 193.471
    endloop
  endfacet
  facet normal -0.0629366 0.829142 0.555485
    outer loop
      vertex 0.696433 86.12 193.58
      vertex -0.087325 86.1426 193.457
      vertex -0.11209 86.0682 193.566
    endloop
  endfacet
  facet normal -0.0596455 0.749595 0.659204
    outer loop
      vertex -0.0609653 86.2307 193.359
      vertex 0.721198 86.1945 193.471
      vertex 0.747557 86.2826 193.374
    endloop
  endfacet
  facet normal -0.0596455 0.749595 0.659204
    outer loop
      vertex 0.721198 86.1945 193.471
      vertex -0.0609653 86.2307 193.359
      vertex -0.087325 86.1426 193.457
    endloop
  endfacet
  facet normal -0.0500622 0.553394 0.831414
    outer loop
      vertex -0.00528531 86.4418 193.202
      vertex 0.798224 86.474 193.229
      vertex 0.804043 86.4937 193.216
    endloop
  endfacet
  facet normal -0.0500646 0.553531 0.831323
    outer loop
      vertex -0.00528531 86.4418 193.202
      vertex 0.775061 86.3829 193.288
      vertex 0.798224 86.474 193.229
    endloop
  endfacet
  facet normal -0.0500702 0.553493 0.831347
    outer loop
      vertex 0.775061 86.3829 193.288
      vertex -0.00528531 86.4418 193.202
      vertex -0.0334618 86.331 193.274
    endloop
  endfacet
  facet normal -0.0295886 0.193607 0.980633
    outer loop
      vertex 0.0715684 86.8169 193.078
      vertex 0.856865 86.7388 193.117
      vertex 0.878068 86.8687 193.092
    endloop
  endfacet
  facet normal -0.0295886 0.193607 0.980633
    outer loop
      vertex 0.856865 86.7388 193.117
      vertex 0.0715684 86.8169 193.078
      vertex 0.050366 86.687 193.103
    endloop
  endfacet
  facet normal -0.0497426 0.895523 -0.442226
    outer loop
      vertex 0.598193 86.0558 194.461
      vertex -0.210726 86.0618 194.564
      vertex 0.597797 86.1137 194.578
    endloop
  endfacet
  facet normal -0.0497365 0.895546 -0.44218
    outer loop
      vertex -0.210726 86.0618 194.564
      vertex 0.598193 86.0558 194.461
      vertex -0.210329 86.0039 194.447
    endloop
  endfacet
  facet normal -0.0627771 0.995884 -0.0653812
    outer loop
      vertex -0.187286 85.9291 194.064
      vertex 0.610014 85.9888 194.209
      vertex 0.621236 85.981 194.078
    endloop
  endfacet
  facet normal -0.0627771 0.995884 -0.0653812
    outer loop
      vertex 0.610014 85.9888 194.209
      vertex -0.187286 85.9291 194.064
      vertex -0.198509 85.9369 194.195
    endloop
  endfacet
  facet normal -0.021101 0.555351 -0.831348
    outer loop
      vertex 0.618555 86.3728 194.872
      vertex -0.176128 86.4308 194.931
      vertex 0.632395 86.4827 194.945
    endloop
  endfacet
  facet normal -0.021101 0.555351 -0.831348
    outer loop
      vertex -0.176128 86.4308 194.931
      vertex 0.618555 86.3728 194.872
      vertex -0.189968 86.3209 194.858
    endloop
  endfacet
  facet normal -0.0127013 0.442372 -0.896742
    outer loop
      vertex 0.632395 86.4827 194.945
      vertex -0.159173 86.5495 194.989
      vertex 0.64935 86.6014 195.004
    endloop
  endfacet
  facet normal -0.0127038 0.44235 -0.896753
    outer loop
      vertex -0.159173 86.5495 194.989
      vertex 0.632395 86.4827 194.945
      vertex -0.176128 86.4308 194.931
    endloop
  endfacet
  facet normal 0.0295926 -0.193824 -0.98059
    outer loop
      vertex 0.762831 87.2219 195.054
      vertex -0.0394079 87.2 195.034
      vertex 0.770158 87.2519 195.048
    endloop
  endfacet
  facet normal 0.0295866 -0.193556 -0.980643
    outer loop
      vertex 0.741817 87.1216 195.073
      vertex -0.0394079 87.2 195.034
      vertex 0.762831 87.2219 195.054
    endloop
  endfacet
  facet normal 0.029582 -0.193597 -0.980635
    outer loop
      vertex -0.0394079 87.2 195.034
      vertex 0.741817 87.1216 195.073
      vertex -0.0667061 87.0697 195.059
    endloop
  endfacet
  facet normal 0.0629399 -0.829133 -0.555497
    outer loop
      vertex 0.0984093 87.8173 194.571
      vertex 0.885204 87.795 194.694
      vertex 0.078705 87.7432 194.68
    endloop
  endfacet
  facet normal 0.0629399 -0.829133 -0.555497
    outer loop
      vertex 0.885204 87.795 194.694
      vertex 0.0984093 87.8173 194.571
      vertex 0.904909 87.869 194.585
    endloop
  endfacet
  facet normal -0.0651523 0.89453 0.442234
    outer loop
      vertex -0.11209 86.0682 193.566
      vertex 0.673686 86.0606 193.697
      vertex 0.696433 86.12 193.58
    endloop
  endfacet
  facet normal -0.0651523 0.89453 0.442234
    outer loop
      vertex 0.673686 86.0606 193.697
      vertex -0.11209 86.0682 193.566
      vertex -0.134837 86.0087 193.682
    endloop
  endfacet
  facet normal -0.0439548 0.440226 0.896811
    outer loop
      vertex 0.0270066 86.5614 193.145
      vertex 0.830766 86.5907 193.17
      vertex 0.834975 86.6133 193.159
    endloop
  endfacet
  facet normal -0.0439586 0.440405 0.896722
    outer loop
      vertex 0.830766 86.5907 193.17
      vertex 0.0270066 86.5614 193.145
      vertex 0.804043 86.4937 193.216
    endloop
  endfacet
  facet normal -0.0439545 0.440437 0.896707
    outer loop
      vertex -0.00108774 86.4594 193.193
      vertex 0.804043 86.4937 193.216
      vertex 0.0270066 86.5614 193.145
    endloop
  endfacet
  facet normal -0.0439536 0.440407 0.896721
    outer loop
      vertex 0.804043 86.4937 193.216
      vertex -0.00108774 86.4594 193.193
      vertex -0.00528531 86.4418 193.202
    endloop
  endfacet
  facet normal -0.0215773 0.0641466 0.997707
    outer loop
      vertex 0.0917195 86.949 193.07
      vertex 0.878068 86.8687 193.092
      vertex 0.898219 87.0008 193.084
    endloop
  endfacet
  facet normal -0.0215777 0.064143 0.997707
    outer loop
      vertex 0.878068 86.8687 193.092
      vertex 0.0917195 86.949 193.07
      vertex 0.0715684 86.8169 193.078
    endloop
  endfacet
  facet normal -0.0550452 0.945343 -0.321399
    outer loop
      vertex -0.206234 85.962 194.323
      vertex 0.598193 86.0558 194.461
      vertex 0.602289 86.0139 194.337
    endloop
  endfacet
  facet normal -0.0550452 0.945343 -0.321399
    outer loop
      vertex 0.598193 86.0558 194.461
      vertex -0.206234 85.962 194.323
      vertex -0.210329 86.0039 194.447
    endloop
  endfacet
  facet normal -0.0291395 0.658877 -0.751686
    outer loop
      vertex 0.608065 86.2736 194.786
      vertex -0.189968 86.3209 194.858
      vertex 0.618555 86.3728 194.872
    endloop
  endfacet
  facet normal -0.0291395 0.658877 -0.751686
    outer loop
      vertex -0.189968 86.3209 194.858
      vertex 0.608065 86.2736 194.786
      vertex -0.200457 86.2217 194.771
    endloop
  endfacet
  facet normal -0.037092 0.319741 0.946779
    outer loop
      vertex 0.050366 86.687 193.103
      vertex 0.834975 86.6133 193.159
      vertex 0.856865 86.7388 193.117
    endloop
  endfacet
  facet normal -0.0370839 0.31981 0.946756
    outer loop
      vertex 0.0314551 86.5786 193.139
      vertex 0.834975 86.6133 193.159
      vertex 0.050366 86.687 193.103
    endloop
  endfacet
  facet normal -0.0370589 0.319094 0.946998
    outer loop
      vertex 0.834975 86.6133 193.159
      vertex 0.0314551 86.5786 193.139
      vertex 0.0270066 86.5614 193.145
    endloop
  endfacet
  facet normal -0.999158 -0.0381274 -0.0151718
    outer loop
      vertex 1.9192 118.101 190.675
      vertex 1.91524 118.101 190.936
      vertex 1.91689 118.109 190.805
    endloop
  endfacet
  facet normal -0.999159 -0.0380985 -0.0151717
    outer loop
      vertex 1.92211 118.075 190.546
      vertex 1.91524 118.101 190.936
      vertex 1.9192 118.101 190.675
    endloop
  endfacet
  facet normal -0.999159 -0.0380966 -0.0151719
    outer loop
      vertex 1.92211 118.075 190.546
      vertex 1.91427 118.075 191.064
      vertex 1.91524 118.101 190.936
    endloop
  endfacet
  facet normal -0.999159 -0.0380976 -0.0151719
    outer loop
      vertex 1.92559 118.034 190.423
      vertex 1.91427 118.075 191.064
      vertex 1.92211 118.075 190.546
    endloop
  endfacet
  facet normal -0.999159 -0.0380927 -0.0151722
    outer loop
      vertex 1.92559 118.034 190.423
      vertex 1.914 118.033 191.188
      vertex 1.91427 118.075 191.064
    endloop
  endfacet
  facet normal -0.999159 -0.038098 -0.0151722
    outer loop
      vertex 1.92957 117.976 190.305
      vertex 1.914 118.033 191.188
      vertex 1.92559 118.034 190.423
    endloop
  endfacet
  facet normal -0.999159 -0.0380995 -0.0151721
    outer loop
      vertex 1.92957 117.976 190.305
      vertex 1.91443 117.975 191.305
      vertex 1.914 118.033 191.188
    endloop
  endfacet
  facet normal -0.999159 -0.0380964 -0.0151721
    outer loop
      vertex 1.93399 117.903 190.196
      vertex 1.91443 117.975 191.305
      vertex 1.92957 117.976 190.305
    endloop
  endfacet
  facet normal -0.999159 -0.0380995 -0.0151719
    outer loop
      vertex 1.93399 117.903 190.196
      vertex 1.91555 117.902 191.414
      vertex 1.91443 117.975 191.305
    endloop
  endfacet
  facet normal -0.999159 -0.0380966 -0.0151719
    outer loop
      vertex 1.93877 117.817 190.098
      vertex 1.91555 117.902 191.414
      vertex 1.93399 117.903 190.196
    endloop
  endfacet
  facet normal -0.999159 -0.0380973 -0.0151718
    outer loop
      vertex 1.93877 117.817 190.098
      vertex 1.91735 117.816 191.512
      vertex 1.91555 117.902 191.414
    endloop
  endfacet
  facet normal -0.999159 -0.0380968 -0.0151718
    outer loop
      vertex 1.94383 117.719 190.012
      vertex 1.91735 117.816 191.512
      vertex 1.93877 117.817 190.098
    endloop
  endfacet
  facet normal -0.999159 -0.0380992 -0.0151717
    outer loop
      vertex 1.94383 117.719 190.012
      vertex 1.91979 117.717 191.598
      vertex 1.91735 117.816 191.512
    endloop
  endfacet
  facet normal -0.999159 -0.038098 -0.0151717
    outer loop
      vertex 1.94907 117.61 189.939
      vertex 1.91979 117.717 191.598
      vertex 1.94383 117.719 190.012
    endloop
  endfacet
  facet normal -0.999159 -0.0380981 -0.0151717
    outer loop
      vertex 1.94907 117.61 189.939
      vertex 1.92284 117.609 191.671
      vertex 1.91979 117.717 191.598
    endloop
  endfacet
  facet normal -0.999159 -0.0380983 -0.0151717
    outer loop
      vertex 1.95442 117.493 189.881
      vertex 1.92284 117.609 191.671
      vertex 1.94907 117.61 189.939
    endloop
  endfacet
  facet normal -0.999159 -0.0380948 -0.0151719
    outer loop
      vertex 1.95442 117.493 189.881
      vertex 1.92643 117.491 191.729
      vertex 1.92284 117.609 191.671
    endloop
  endfacet
  facet normal -0.999159 -0.0380958 -0.0151719
    outer loop
      vertex 1.95978 117.369 189.839
      vertex 1.92643 117.491 191.729
      vertex 1.95442 117.493 189.881
    endloop
  endfacet
  facet normal -0.999159 -0.0380986 -0.0151717
    outer loop
      vertex 1.95978 117.369 189.839
      vertex 1.93052 117.367 191.771
      vertex 1.92643 117.491 191.729
    endloop
  endfacet
  facet normal -0.999159 -0.0380974 -0.0151717
    outer loop
      vertex 1.96506 117.241 189.814
      vertex 1.93052 117.367 191.771
      vertex 1.95978 117.369 189.839
    endloop
  endfacet
  facet normal -0.999159 -0.0380982 -0.0151717
    outer loop
      vertex 1.96506 117.241 189.814
      vertex 1.93502 117.239 191.796
      vertex 1.93052 117.367 191.771
    endloop
  endfacet
  facet normal -0.999159 -0.0381001 -0.0151717
    outer loop
      vertex 1.97016 117.111 189.805
      vertex 1.93502 117.239 191.796
      vertex 1.96506 117.241 189.814
    endloop
  endfacet
  facet normal -0.999159 -0.0380968 -0.0151719
    outer loop
      vertex 1.97016 117.111 189.805
      vertex 1.93987 117.109 191.805
      vertex 1.93502 117.239 191.796
    endloop
  endfacet
  facet normal -0.999159 -0.038096 -0.0151719
    outer loop
      vertex 1.97501 116.98 189.813
      vertex 1.93987 117.109 191.805
      vertex 1.97016 117.111 189.805
    endloop
  endfacet
  facet normal -0.999159 -0.038096 -0.0151719
    outer loop
      vertex 1.97501 116.98 189.813
      vertex 1.94498 116.978 191.796
      vertex 1.93987 117.109 191.805
    endloop
  endfacet
  facet normal -0.999159 -0.0380991 -0.0151719
    outer loop
      vertex 1.97951 116.852 189.839
      vertex 1.94498 116.978 191.796
      vertex 1.97501 116.98 189.813
    endloop
  endfacet
  facet normal -0.999159 -0.0380998 -0.0151718
    outer loop
      vertex 1.95109 116.831 191.764
      vertex 1.94498 116.978 191.796
      vertex 1.97951 116.852 189.839
    endloop
  endfacet
  facet normal -0.999159 -0.0380981 -0.0151798
    outer loop
      vertex 1.94498 116.978 191.796
      vertex 1.95109 116.831 191.764
      vertex 1.95025 116.85 191.77
    endloop
  endfacet
  facet normal -0.999159 -0.0380967 -0.0151718
    outer loop
      vertex 1.9836 116.728 189.881
      vertex 1.95109 116.831 191.764
      vertex 1.97951 116.852 189.839
    endloop
  endfacet
  facet normal -0.999159 -0.0380967 -0.0151718
    outer loop
      vertex 1.98719 116.611 189.939
      vertex 1.95109 116.831 191.764
      vertex 1.9836 116.728 189.881
    endloop
  endfacet
  facet normal -0.999159 -0.038099 -0.0151715
    outer loop
      vertex 1.99024 116.502 190.011
      vertex 1.95109 116.831 191.764
      vertex 1.98719 116.611 189.939
    endloop
  endfacet
  facet normal -0.999158 -0.0381099 -0.0151839
    outer loop
      vertex 1.99506 116.28 190.252
      vertex 1.99024 116.502 190.011
      vertex 1.99268 116.403 190.097
    endloop
  endfacet
  facet normal -0.99916 -0.0380753 -0.0151561
    outer loop
      vertex 1.99506 116.28 190.252
      vertex 1.99268 116.403 190.097
      vertex 1.99448 116.317 190.196
    endloop
  endfacet
  facet normal -0.999159 -0.038097 -0.0151719
    outer loop
      vertex 1.99024 116.502 190.011
      vertex 1.99506 116.28 190.252
      vertex 1.95109 116.831 191.764
    endloop
  endfacet
  facet normal -0.999159 -0.0381 -0.0151709
    outer loop
      vertex 1.7548 119.759 197.337
      vertex 1.75085 119.759 197.598
      vertex 1.7525 119.768 197.467
    endloop
  endfacet
  facet normal -0.999158 -0.038112 -0.0151709
    outer loop
      vertex 1.75772 119.734 197.209
      vertex 1.75085 119.759 197.598
      vertex 1.7548 119.759 197.337
    endloop
  endfacet
  facet normal -0.999159 -0.0380966 -0.0151719
    outer loop
      vertex 1.75772 119.734 197.209
      vertex 1.74988 119.733 197.726
      vertex 1.75085 119.759 197.598
    endloop
  endfacet
  facet normal -0.999159 -0.0380976 -0.0151719
    outer loop
      vertex 1.7612 119.692 197.085
      vertex 1.74988 119.733 197.726
      vertex 1.75772 119.734 197.209
    endloop
  endfacet
  facet normal -0.999159 -0.0380927 -0.0151722
    outer loop
      vertex 1.7612 119.692 197.085
      vertex 1.74961 119.691 197.85
      vertex 1.74988 119.733 197.726
    endloop
  endfacet
  facet normal -0.999159 -0.038089 -0.0151722
    outer loop
      vertex 1.76518 119.634 196.967
      vertex 1.74961 119.691 197.85
      vertex 1.7612 119.692 197.085
    endloop
  endfacet
  facet normal -0.999159 -0.0380984 -0.0151716
    outer loop
      vertex 1.76518 119.634 196.967
      vertex 1.75003 119.633 197.967
      vertex 1.74961 119.691 197.85
    endloop
  endfacet
  facet normal -0.999159 -0.0381012 -0.0151716
    outer loop
      vertex 1.7696 119.562 196.859
      vertex 1.75003 119.633 197.967
      vertex 1.76518 119.634 196.967
    endloop
  endfacet
  facet normal -0.999159 -0.0380992 -0.0151717
    outer loop
      vertex 1.7696 119.562 196.859
      vertex 1.75116 119.56 198.076
      vertex 1.75003 119.633 197.967
    endloop
  endfacet
  facet normal -0.999159 -0.0380968 -0.0151717
    outer loop
      vertex 1.77437 119.476 196.76
      vertex 1.75116 119.56 198.076
      vertex 1.7696 119.562 196.859
    endloop
  endfacet
  facet normal -0.999159 -0.0380971 -0.0151717
    outer loop
      vertex 1.77437 119.476 196.76
      vertex 1.75296 119.474 198.174
      vertex 1.75116 119.56 198.076
    endloop
  endfacet
  facet normal -0.999159 -0.0380993 -0.0151717
    outer loop
      vertex 1.77943 119.377 196.674
      vertex 1.75296 119.474 198.174
      vertex 1.77437 119.476 196.76
    endloop
  endfacet
  facet normal -0.999159 -0.038097 -0.0151718
    outer loop
      vertex 1.77943 119.377 196.674
      vertex 1.7554 119.376 198.26
      vertex 1.75296 119.474 198.174
    endloop
  endfacet
  facet normal -0.999159 -0.0380958 -0.0151718
    outer loop
      vertex 1.78468 119.269 196.601
      vertex 1.7554 119.376 198.26
      vertex 1.77943 119.377 196.674
    endloop
  endfacet
  facet normal -0.999159 -0.0380963 -0.0151718
    outer loop
      vertex 1.75956 119.231 198.351
      vertex 1.7554 119.376 198.26
      vertex 1.78468 119.269 196.601
    endloop
  endfacet
  facet normal -0.999158 -0.038108 -0.0151906
    outer loop
      vertex 1.7554 119.376 198.26
      vertex 1.75956 119.231 198.351
      vertex 1.75844 119.267 198.333
    endloop
  endfacet
  facet normal -0.999159 -0.0381002 -0.0151719
    outer loop
      vertex 1.79003 119.151 196.543
      vertex 1.75956 119.231 198.351
      vertex 1.78468 119.269 196.601
    endloop
  endfacet
  facet normal -0.999159 -0.0380967 -0.015172
    outer loop
      vertex 1.79538 119.028 196.501
      vertex 1.75956 119.231 198.351
      vertex 1.79003 119.151 196.543
    endloop
  endfacet
  facet normal -0.999159 -0.0380965 -0.0151721
    outer loop
      vertex 1.80066 118.899 196.476
      vertex 1.75956 119.231 198.351
      vertex 1.79538 119.028 196.501
    endloop
  endfacet
  facet normal -0.999159 -0.0380983 -0.0151717
    outer loop
      vertex 1.80577 118.769 196.467
      vertex 1.75956 119.231 198.351
      vertex 1.80066 118.899 196.476
    endloop
  endfacet
  facet normal -0.999159 -0.0380987 -0.015186
    outer loop
      vertex 1.8136 118.553 196.492
      vertex 1.80577 118.769 196.467
      vertex 1.81061 118.639 196.475
    endloop
  endfacet
  facet normal -0.999159 -0.038097 -0.015172
    outer loop
      vertex 1.80577 118.769 196.467
      vertex 1.8136 118.553 196.492
      vertex 1.75956 119.231 198.351
    endloop
  endfacet
  facet normal -0.970425 0.215937 -0.107924
    outer loop
      vertex 0.789062 87.3249 195.024
      vertex 0.762831 87.2219 195.054
      vertex 0.770158 87.2519 195.048
    endloop
  endfacet
  facet normal -0.97045 0.216105 -0.10736
    outer loop
      vertex 0.830766 86.5907 193.17
      vertex 0.762831 87.2219 195.054
      vertex 0.789062 87.3249 195.024
    endloop
  endfacet
  facet normal -0.970449 0.215878 -0.107823
    outer loop
      vertex 0.798224 86.474 193.229
      vertex 0.830766 86.5907 193.17
      vertex 0.804043 86.4937 193.216
    endloop
  endfacet
  facet normal -0.970448 0.216111 -0.107362
    outer loop
      vertex 0.830766 86.5907 193.17
      vertex 0.798224 86.474 193.229
      vertex 0.762831 87.2219 195.054
    endloop
  endfacet
  facet normal -0.977781 0.18658 -0.095564
    outer loop
      vertex 0.762831 87.2219 195.054
      vertex 0.71576 86.9891 195.081
      vertex 0.741817 87.1216 195.073
    endloop
  endfacet
  facet normal -0.977798 0.186611 -0.0953234
    outer loop
      vertex 0.762831 87.2219 195.054
      vertex 0.691392 86.8567 195.072
      vertex 0.71576 86.9891 195.081
    endloop
  endfacet
  facet normal -0.977785 0.186601 -0.0954764
    outer loop
      vertex 0.762831 87.2219 195.054
      vertex 0.669128 86.7267 195.046
      vertex 0.691392 86.8567 195.072
    endloop
  endfacet
  facet normal -0.977792 0.186601 -0.0954053
    outer loop
      vertex 0.762831 87.2219 195.054
      vertex 0.64935 86.6014 195.004
      vertex 0.669128 86.7267 195.046
    endloop
  endfacet
  facet normal -0.977791 0.186602 -0.0954129
    outer loop
      vertex 0.762831 87.2219 195.054
      vertex 0.632395 86.4827 194.945
      vertex 0.64935 86.6014 195.004
    endloop
  endfacet
  facet normal -0.977791 0.186602 -0.0954135
    outer loop
      vertex 0.798224 86.474 193.229
      vertex 0.632395 86.4827 194.945
      vertex 0.762831 87.2219 195.054
    endloop
  endfacet
  facet normal -0.977791 0.186604 -0.0954135
    outer loop
      vertex 0.775061 86.3829 193.288
      vertex 0.632395 86.4827 194.945
      vertex 0.798224 86.474 193.229
    endloop
  endfacet
  facet normal -0.977791 0.186604 -0.0954134
    outer loop
      vertex 0.775061 86.3829 193.288
      vertex 0.618555 86.3728 194.872
      vertex 0.632395 86.4827 194.945
    endloop
  endfacet
  facet normal -0.977792 0.186597 -0.0954136
    outer loop
      vertex 0.747557 86.2826 193.374
      vertex 0.618555 86.3728 194.872
      vertex 0.775061 86.3829 193.288
    endloop
  endfacet
  facet normal -0.977789 0.186613 -0.0954143
    outer loop
      vertex 0.747557 86.2826 193.374
      vertex 0.608065 86.2736 194.786
      vertex 0.618555 86.3728 194.872
    endloop
  endfacet
  facet normal -0.977791 0.186603 -0.0954146
    outer loop
      vertex 0.721198 86.1945 193.471
      vertex 0.608065 86.2736 194.786
      vertex 0.747557 86.2826 193.374
    endloop
  endfacet
  facet normal -0.977795 0.186583 -0.0954136
    outer loop
      vertex 0.721198 86.1945 193.471
      vertex 0.601106 86.1867 194.687
      vertex 0.608065 86.2736 194.786
    endloop
  endfacet
  facet normal -0.97779 0.186609 -0.095413
    outer loop
      vertex 0.696433 86.12 193.58
      vertex 0.601106 86.1867 194.687
      vertex 0.721198 86.1945 193.471
    endloop
  endfacet
  facet normal -0.977789 0.186615 -0.0954133
    outer loop
      vertex 0.696433 86.12 193.58
      vertex 0.597797 86.1137 194.578
      vertex 0.601106 86.1867 194.687
    endloop
  endfacet
  facet normal -0.97779 0.18661 -0.0954134
    outer loop
      vertex 0.673686 86.0606 193.697
      vertex 0.597797 86.1137 194.578
      vertex 0.696433 86.12 193.58
    endloop
  endfacet
  facet normal -0.977793 0.186595 -0.0954127
    outer loop
      vertex 0.673686 86.0606 193.697
      vertex 0.598193 86.0558 194.461
      vertex 0.597797 86.1137 194.578
    endloop
  endfacet
  facet normal -0.977797 0.186573 -0.0954133
    outer loop
      vertex 0.653347 86.0172 193.82
      vertex 0.598193 86.0558 194.461
      vertex 0.673686 86.0606 193.697
    endloop
  endfacet
  facet normal -0.977792 0.186596 -0.0954143
    outer loop
      vertex 0.653347 86.0172 193.82
      vertex 0.602289 86.0139 194.337
      vertex 0.598193 86.0558 194.461
    endloop
  endfacet
  facet normal -0.977794 0.186588 -0.0954145
    outer loop
      vertex 0.635763 85.9905 193.948
      vertex 0.602289 86.0139 194.337
      vertex 0.653347 86.0172 193.82
    endloop
  endfacet
  facet normal -0.97778 0.18666 -0.0954177
    outer loop
      vertex 0.635763 85.9905 193.948
      vertex 0.610014 85.9888 194.209
      vertex 0.602289 86.0139 194.337
    endloop
  endfacet
  facet normal -0.977777 0.186675 -0.0954173
    outer loop
      vertex 0.610014 85.9888 194.209
      vertex 0.635763 85.9905 193.948
      vertex 0.621236 85.981 194.078
    endloop
  endfacet
  facet normal -0.986138 0.145481 -0.0797933
    outer loop
      vertex 0.975043 87.9992 193.956
      vertex 0.953745 87.9979 194.217
      vertex 0.965669 88.0072 194.087
    endloop
  endfacet
  facet normal -0.98613 0.145537 -0.0797923
    outer loop
      vertex 0.981706 87.9741 193.828
      vertex 0.953745 87.9979 194.217
      vertex 0.975043 87.9992 193.956
    endloop
  endfacet
  facet normal -0.986121 0.145597 -0.0797953
    outer loop
      vertex 0.981706 87.9741 193.828
      vertex 0.939474 87.9714 194.345
      vertex 0.953745 87.9979 194.217
    endloop
  endfacet
  facet normal -0.986121 0.145597 -0.0797953
    outer loop
      vertex 0.985546 87.9322 193.704
      vertex 0.939474 87.9714 194.345
      vertex 0.981706 87.9741 193.828
    endloop
  endfacet
  facet normal -0.986124 0.145574 -0.0797942
    outer loop
      vertex 0.985546 87.9322 193.704
      vertex 0.923102 87.9282 194.468
      vertex 0.939474 87.9714 194.345
    endloop
  endfacet
  facet normal -0.986125 0.145572 -0.0797942
    outer loop
      vertex 0.986495 87.8743 193.587
      vertex 0.923102 87.9282 194.468
      vertex 0.985546 87.9322 193.704
    endloop
  endfacet
  facet normal -0.986127 0.145558 -0.0797935
    outer loop
      vertex 0.986495 87.8743 193.587
      vertex 0.904909 87.869 194.585
      vertex 0.923102 87.9282 194.468
    endloop
  endfacet
  facet normal -0.986125 0.145571 -0.0797933
    outer loop
      vertex 0.984537 87.8013 193.478
      vertex 0.904909 87.869 194.585
      vertex 0.986495 87.8743 193.587
    endloop
  endfacet
  facet normal -0.986125 0.145568 -0.0797932
    outer loop
      vertex 0.984537 87.8013 193.478
      vertex 0.885204 87.795 194.694
      vertex 0.904909 87.869 194.585
    endloop
  endfacet
  facet normal -0.986124 0.145577 -0.079793
    outer loop
      vertex 0.979707 87.7146 193.379
      vertex 0.885204 87.795 194.694
      vertex 0.984537 87.8013 193.478
    endloop
  endfacet
  facet normal -0.986124 0.145577 -0.079793
    outer loop
      vertex 0.979707 87.7146 193.379
      vertex 0.864327 87.7072 194.792
      vertex 0.885204 87.795 194.694
    endloop
  endfacet
  facet normal -0.986125 0.145572 -0.0797931
    outer loop
      vertex 0.972087 87.6156 193.293
      vertex 0.864327 87.7072 194.792
      vertex 0.979707 87.7146 193.379
    endloop
  endfacet
  facet normal -0.986125 0.145568 -0.0797929
    outer loop
      vertex 0.972087 87.6156 193.293
      vertex 0.842633 87.6072 194.877
      vertex 0.864327 87.7072 194.792
    endloop
  endfacet
  facet normal -0.986126 0.145565 -0.079793
    outer loop
      vertex 0.961806 87.5059 193.22
      vertex 0.842633 87.6072 194.877
      vertex 0.972087 87.6156 193.293
    endloop
  endfacet
  facet normal -0.986124 0.145575 -0.0797935
    outer loop
      vertex 0.961806 87.5059 193.22
      vertex 0.820495 87.4968 194.95
      vertex 0.842633 87.6072 194.877
    endloop
  endfacet
  facet normal -0.986125 0.145571 -0.0797935
    outer loop
      vertex 0.949042 87.3875 193.162
      vertex 0.820495 87.4968 194.95
      vertex 0.961806 87.5059 193.22
    endloop
  endfacet
  facet normal -0.986124 0.145577 -0.0797939
    outer loop
      vertex 0.789062 87.3249 195.024
      vertex 0.820495 87.4968 194.95
      vertex 0.949042 87.3875 193.162
    endloop
  endfacet
  facet normal -0.986124 0.145573 -0.0798037
    outer loop
      vertex 0.820495 87.4968 194.95
      vertex 0.789062 87.3249 195.024
      vertex 0.79829 87.3779 195.007
    endloop
  endfacet
  facet normal -0.986123 0.14558 -0.0797937
    outer loop
      vertex 0.934012 87.2625 193.119
      vertex 0.789062 87.3249 195.024
      vertex 0.949042 87.3875 193.162
    endloop
  endfacet
  facet normal -0.986125 0.145572 -0.0797935
    outer loop
      vertex 0.916974 87.1328 193.093
      vertex 0.789062 87.3249 195.024
      vertex 0.934012 87.2625 193.119
    endloop
  endfacet
  facet normal -0.986125 0.145569 -0.0797933
    outer loop
      vertex 0.898219 87.0008 193.084
      vertex 0.789062 87.3249 195.024
      vertex 0.916974 87.1328 193.093
    endloop
  endfacet
  facet normal -0.986124 0.145575 -0.0797942
    outer loop
      vertex 0.878068 86.8687 193.092
      vertex 0.789062 87.3249 195.024
      vertex 0.898219 87.0008 193.084
    endloop
  endfacet
  facet normal -0.986124 0.145578 -0.0797949
    outer loop
      vertex 0.856865 86.7388 193.117
      vertex 0.789062 87.3249 195.024
      vertex 0.878068 86.8687 193.092
    endloop
  endfacet
  facet normal -0.986119 0.145502 -0.079992
    outer loop
      vertex 0.830766 86.5907 193.17
      vertex 0.856865 86.7388 193.117
      vertex 0.834975 86.6133 193.159
    endloop
  endfacet
  facet normal -0.986124 0.145574 -0.0797936
    outer loop
      vertex 0.856865 86.7388 193.117
      vertex 0.830766 86.5907 193.17
      vertex 0.789062 87.3249 195.024
    endloop
  endfacet
  facet normal -0.991715 0.109456 -0.0672379
    outer loop
      vertex 1.7402 95.7553 195.042
      vertex 1.72331 95.626 195.081
      vertex 1.72728 95.6581 195.074
    endloop
  endfacet
  facet normal -0.991717 0.109477 -0.0671674
    outer loop
      vertex 1.78671 95.034 193.18
      vertex 1.72331 95.626 195.081
      vertex 1.7402 95.7553 195.042
    endloop
  endfacet
  facet normal -0.991717 0.109493 -0.0671478
    outer loop
      vertex 1.76545 94.8856 193.252
      vertex 1.78671 95.034 193.18
      vertex 1.78472 95.019 193.185
    endloop
  endfacet
  facet normal -0.991718 0.109555 -0.0670238
    outer loop
      vertex 1.76545 94.8856 193.252
      vertex 1.78472 95.019 193.185
      vertex 1.76773 94.9003 193.242
    endloop
  endfacet
  facet normal -0.991717 0.109482 -0.067169
    outer loop
      vertex 1.78671 95.034 193.18
      vertex 1.76545 94.8856 193.252
      vertex 1.72331 95.626 195.081
    endloop
  endfacet
  facet normal -0.99534 0.0792048 -0.0550073
    outer loop
      vertex 1.72331 95.626 195.081
      vertex 1.70361 95.3972 195.108
      vertex 1.71453 95.5287 195.1
    endloop
  endfacet
  facet normal -0.995339 0.0792028 -0.0550241
    outer loop
      vertex 1.72331 95.626 195.081
      vertex 1.69364 95.2658 195.099
      vertex 1.70361 95.3972 195.108
    endloop
  endfacet
  facet normal -0.995341 0.0792051 -0.0549818
    outer loop
      vertex 1.72331 95.626 195.081
      vertex 1.68479 95.1367 195.073
      vertex 1.69364 95.2658 195.099
    endloop
  endfacet
  facet normal -0.995339 0.0792054 -0.055013
    outer loop
      vertex 1.72331 95.626 195.081
      vertex 1.67721 95.0121 195.031
      vertex 1.68479 95.1367 195.073
    endloop
  endfacet
  facet normal -0.99534 0.0792041 -0.0549956
    outer loop
      vertex 1.72331 95.626 195.081
      vertex 1.67104 94.8941 194.973
      vertex 1.67721 95.0121 195.031
    endloop
  endfacet
  facet normal -0.99534 0.079204 -0.0549951
    outer loop
      vertex 1.76545 94.8856 193.252
      vertex 1.67104 94.8941 194.973
      vertex 1.72331 95.626 195.081
    endloop
  endfacet
  facet normal -0.99534 0.0792071 -0.0549951
    outer loop
      vertex 1.75442 94.7905 193.314
      vertex 1.67104 94.8941 194.973
      vertex 1.76545 94.8856 193.252
    endloop
  endfacet
  facet normal -0.99534 0.0792078 -0.0549952
    outer loop
      vertex 1.75442 94.7905 193.314
      vertex 1.66637 94.7848 194.9
      vertex 1.67104 94.8941 194.973
    endloop
  endfacet
  facet normal -0.99534 0.079203 -0.0549952
    outer loop
      vertex 1.74176 94.6911 193.4
      vertex 1.66637 94.7848 194.9
      vertex 1.75442 94.7905 193.314
    endloop
  endfacet
  facet normal -0.99534 0.0792038 -0.0549952
    outer loop
      vertex 1.74176 94.6911 193.4
      vertex 1.66329 94.6861 194.813
      vertex 1.66637 94.7848 194.9
    endloop
  endfacet
  facet normal -0.99534 0.079206 -0.0549952
    outer loop
      vertex 1.7294 94.6039 193.498
      vertex 1.66329 94.6861 194.813
      vertex 1.74176 94.6911 193.4
    endloop
  endfacet
  facet normal -0.99534 0.079202 -0.054995
    outer loop
      vertex 1.7294 94.6039 193.498
      vertex 1.66184 94.5995 194.715
      vertex 1.66329 94.6861 194.813
    endloop
  endfacet
  facet normal -0.995341 0.079199 -0.054995
    outer loop
      vertex 1.71756 94.5303 193.607
      vertex 1.66184 94.5995 194.715
      vertex 1.7294 94.6039 193.498
    endloop
  endfacet
  facet normal -0.99534 0.0792053 -0.0549954
    outer loop
      vertex 1.71756 94.5303 193.607
      vertex 1.66206 94.5267 194.606
      vertex 1.66184 94.5995 194.715
    endloop
  endfacet
  facet normal -0.995339 0.0792163 -0.0549953
    outer loop
      vertex 1.70642 94.4716 193.724
      vertex 1.66206 94.5267 194.606
      vertex 1.71756 94.5303 193.607
    endloop
  endfacet
  facet normal -0.995339 0.0792164 -0.0549953
    outer loop
      vertex 1.70642 94.4716 193.724
      vertex 1.66395 94.4689 194.489
      vertex 1.66206 94.5267 194.606
    endloop
  endfacet
  facet normal -0.995341 0.0791959 -0.0549955
    outer loop
      vertex 1.69618 94.4288 193.848
      vertex 1.66395 94.4689 194.489
      vertex 1.70642 94.4716 193.724
    endloop
  endfacet
  facet normal -0.99534 0.0792087 -0.0549962
    outer loop
      vertex 1.69618 94.4288 193.848
      vertex 1.66745 94.427 194.365
      vertex 1.66395 94.4689 194.489
    endloop
  endfacet
  facet normal -0.995342 0.0791868 -0.0549964
    outer loop
      vertex 1.68702 94.4027 193.976
      vertex 1.66745 94.427 194.365
      vertex 1.69618 94.4288 193.848
    endloop
  endfacet
  facet normal -0.995339 0.0792133 -0.0549979
    outer loop
      vertex 1.68702 94.4027 193.976
      vertex 1.67253 94.4017 194.237
      vertex 1.66745 94.427 194.365
    endloop
  endfacet
  facet normal -0.995344 0.0791529 -0.0549984
    outer loop
      vertex 1.67253 94.4017 194.237
      vertex 1.68702 94.4027 193.976
      vertex 1.67909 94.3936 194.106
    endloop
  endfacet
  facet normal -0.997576 0.0527755 -0.0453485
    outer loop
      vertex 1.82248 96.3983 193.98
      vertex 1.81058 96.3976 194.241
      vertex 1.81699 96.4066 194.111
    endloop
  endfacet
  facet normal -0.997577 0.052768 -0.0453485
    outer loop
      vertex 1.82697 96.373 193.852
      vertex 1.81058 96.3976 194.241
      vertex 1.82248 96.3983 193.98
    endloop
  endfacet
  facet normal -0.997577 0.0527674 -0.0453485
    outer loop
      vertex 1.82697 96.373 193.852
      vertex 1.80338 96.3715 194.369
      vertex 1.81058 96.3976 194.241
    endloop
  endfacet
  facet normal -0.997576 0.0527749 -0.0453484
    outer loop
      vertex 1.83039 96.3311 193.728
      vertex 1.80338 96.3715 194.369
      vertex 1.82697 96.373 193.852
    endloop
  endfacet
  facet normal -0.997577 0.0527597 -0.0453475
    outer loop
      vertex 1.83039 96.3311 193.728
      vertex 1.7955 96.3289 194.493
      vertex 1.80338 96.3715 194.369
    endloop
  endfacet
  facet normal -0.997577 0.0527551 -0.0453475
    outer loop
      vertex 1.83266 96.2733 193.611
      vertex 1.7955 96.3289 194.493
      vertex 1.83039 96.3311 193.728
    endloop
  endfacet
  facet normal -0.997577 0.0527635 -0.045348
    outer loop
      vertex 1.83266 96.2733 193.611
      vertex 1.78708 96.2704 194.61
      vertex 1.7955 96.3289 194.493
    endloop
  endfacet
  facet normal -0.997577 0.0527681 -0.045348
    outer loop
      vertex 1.83376 96.2006 193.502
      vertex 1.78708 96.2704 194.61
      vertex 1.83266 96.2733 193.611
    endloop
  endfacet
  facet normal -0.997577 0.0527683 -0.045348
    outer loop
      vertex 1.83376 96.2006 193.502
      vertex 1.77826 96.197 194.719
      vertex 1.78708 96.2704 194.61
    endloop
  endfacet
  facet normal -0.997577 0.0527667 -0.045348
    outer loop
      vertex 1.83367 96.1141 193.404
      vertex 1.77826 96.197 194.719
      vertex 1.83376 96.2006 193.502
    endloop
  endfacet
  facet normal -0.997577 0.0527683 -0.0453481
    outer loop
      vertex 1.83367 96.1141 193.404
      vertex 1.7692 96.11 194.817
      vertex 1.77826 96.197 194.719
    endloop
  endfacet
  facet normal -0.997577 0.0527579 -0.0453482
    outer loop
      vertex 1.83238 96.0155 193.317
      vertex 1.7692 96.11 194.817
      vertex 1.83367 96.1141 193.404
    endloop
  endfacet
  facet normal -0.997577 0.0527592 -0.0453483
    outer loop
      vertex 1.83238 96.0155 193.317
      vertex 1.76005 96.0109 194.903
      vertex 1.7692 96.11 194.817
    endloop
  endfacet
  facet normal -0.997576 0.052772 -0.0453482
    outer loop
      vertex 1.82992 95.9064 193.244
      vertex 1.76005 96.0109 194.903
      vertex 1.83238 96.0155 193.317
    endloop
  endfacet
  facet normal -0.997577 0.0527618 -0.0453476
    outer loop
      vertex 1.82992 95.9064 193.244
      vertex 1.75096 95.9013 194.975
      vertex 1.76005 96.0109 194.903
    endloop
  endfacet
  facet normal -0.997577 0.0527583 -0.0453476
    outer loop
      vertex 1.82633 95.7886 193.186
      vertex 1.75096 95.9013 194.975
      vertex 1.82992 95.9064 193.244
    endloop
  endfacet
  facet normal -0.997577 0.0527683 -0.0453482
    outer loop
      vertex 1.7402 95.7553 195.042
      vertex 1.75096 95.9013 194.975
      vertex 1.82633 95.7886 193.186
    endloop
  endfacet
  facet normal -0.997577 0.0527773 -0.0453286
    outer loop
      vertex 1.75096 95.9013 194.975
      vertex 1.7402 95.7553 195.042
      vertex 1.7421 95.7832 195.033
    endloop
  endfacet
  facet normal -0.997577 0.0527672 -0.0453482
    outer loop
      vertex 1.82167 95.6641 193.144
      vertex 1.7402 95.7553 195.042
      vertex 1.82633 95.7886 193.186
    endloop
  endfacet
  facet normal -0.997577 0.0527607 -0.0453479
    outer loop
      vertex 1.81602 95.5352 193.118
      vertex 1.7402 95.7553 195.042
      vertex 1.82167 95.6641 193.144
    endloop
  endfacet
  facet normal -0.997577 0.0527661 -0.0453485
    outer loop
      vertex 1.80948 95.404 193.109
      vertex 1.7402 95.7553 195.042
      vertex 1.81602 95.5352 193.118
    endloop
  endfacet
  facet normal -0.997577 0.0527639 -0.0453481
    outer loop
      vertex 1.80216 95.2728 193.118
      vertex 1.7402 95.7553 195.042
      vertex 1.80948 95.404 193.109
    endloop
  endfacet
  facet normal -0.997577 0.052763 -0.0453479
    outer loop
      vertex 1.79419 95.1437 193.143
      vertex 1.7402 95.7553 195.042
      vertex 1.80216 95.2728 193.118
    endloop
  endfacet
  facet normal -0.997577 0.0527651 -0.0453486
    outer loop
      vertex 1.7402 95.7553 195.042
      vertex 1.79419 95.1437 193.143
      vertex 1.78671 95.034 193.18
    endloop
  endfacet
  facet normal -0.998796 0.0300277 -0.0387897
    outer loop
      vertex 2.14292 106.821 191.753
      vertex 2.14626 106.977 191.788
      vertex 2.14838 107.055 191.794
    endloop
  endfacet
  facet normal -0.998801 0.0300051 -0.0386888
    outer loop
      vertex 2.14626 106.977 191.788
      vertex 2.14292 106.821 191.753
      vertex 2.14338 106.849 191.763
    endloop
  endfacet
  facet normal -0.998798 0.0300207 -0.0387491
    outer loop
      vertex 2.19556 106.413 190.081
      vertex 2.14292 106.821 191.753
      vertex 2.14838 107.055 191.794
    endloop
  endfacet
  facet normal -0.998797 0.0298473 -0.0389034
    outer loop
      vertex 2.18847 106.316 190.188
      vertex 2.19556 106.413 190.081
      vertex 2.19488 106.403 190.09
    endloop
  endfacet
  facet normal -0.998798 0.0300181 -0.0387485
    outer loop
      vertex 2.19556 106.413 190.081
      vertex 2.18847 106.316 190.188
      vertex 2.14292 106.821 191.753
    endloop
  endfacet
  facet normal -0.998798 0.0300203 -0.0387492
    outer loop
      vertex 2.14292 106.821 191.753
      vertex 2.18847 106.316 190.188
      vertex 2.18234 106.246 190.292
    endloop
  endfacet
  facet normal -0.999642 -0.000503736 -0.0267521
    outer loop
      vertex 2.14292 106.821 191.753
      vertex 2.14545 106.607 191.663
      vertex 2.14384 106.725 191.721
    endloop
  endfacet
  facet normal -0.999642 -0.000496804 -0.0267685
    outer loop
      vertex 2.14292 106.821 191.753
      vertex 2.14746 106.498 191.59
      vertex 2.14545 106.607 191.663
    endloop
  endfacet
  facet normal -0.999642 -0.000499321 -0.0267635
    outer loop
      vertex 2.14292 106.821 191.753
      vertex 2.14982 106.4 191.503
      vertex 2.14746 106.498 191.59
    endloop
  endfacet
  facet normal -0.999642 -0.00049607 -0.026769
    outer loop
      vertex 2.14292 106.821 191.753
      vertex 2.15249 106.314 191.405
      vertex 2.14982 106.4 191.503
    endloop
  endfacet
  facet normal -0.999642 -0.000497151 -0.0267674
    outer loop
      vertex 2.18234 106.246 190.292
      vertex 2.15249 106.314 191.405
      vertex 2.14292 106.821 191.753
    endloop
  endfacet
  facet normal -0.999635 -0.000968073 -0.0270034
    outer loop
      vertex 2.1791 106.185 190.414
      vertex 2.18234 106.246 190.292
      vertex 2.18221 106.243 190.297
    endloop
  endfacet
  facet normal -0.999642 -0.000496806 -0.0267674
    outer loop
      vertex 2.18234 106.246 190.292
      vertex 2.15544 106.241 191.296
      vertex 2.15249 106.314 191.405
    endloop
  endfacet
  facet normal -0.999642 -0.000498895 -0.0267674
    outer loop
      vertex 2.18234 106.246 190.292
      vertex 2.1791 106.185 190.414
      vertex 2.15544 106.241 191.296
    endloop
  endfacet
  facet normal -0.999642 -0.000496497 -0.0267676
    outer loop
      vertex 2.1791 106.185 190.414
      vertex 2.15861 106.183 191.179
      vertex 2.15544 106.241 191.296
    endloop
  endfacet
  facet normal -0.999642 -0.000494473 -0.0267676
    outer loop
      vertex 2.17581 106.142 190.538
      vertex 2.15861 106.183 191.179
      vertex 2.1791 106.185 190.414
    endloop
  endfacet
  facet normal -0.999642 -0.000488797 -0.0267679
    outer loop
      vertex 2.17581 106.142 190.538
      vertex 2.16195 106.141 191.055
      vertex 2.15861 106.183 191.179
    endloop
  endfacet
  facet normal -0.999642 -0.00051275 -0.026768
    outer loop
      vertex 2.17239 106.116 190.666
      vertex 2.16195 106.141 191.055
      vertex 2.17581 106.142 190.538
    endloop
  endfacet
  facet normal -0.999642 -0.000482674 -0.0267699
    outer loop
      vertex 2.17239 106.116 190.666
      vertex 2.1654 106.116 190.927
      vertex 2.16195 106.141 191.055
    endloop
  endfacet
  facet normal -0.999642 -0.000480638 -0.0267699
    outer loop
      vertex 2.1654 106.116 190.927
      vertex 2.17239 106.116 190.666
      vertex 2.1689 106.108 190.796
    endloop
  endfacet
  facet normal -0.99924 0.0178227 -0.0346699
    outer loop
      vertex 1.96088 112.237 197.204
      vertex 1.95387 112.268 197.422
      vertex 1.95689 112.262 197.332
    endloop
  endfacet
  facet normal -0.99924 0.0178066 -0.0346677
    outer loop
      vertex 1.96444 112.195 197.08
      vertex 1.95387 112.268 197.422
      vertex 1.96088 112.237 197.204
    endloop
  endfacet
  facet normal -0.99924 0.0177997 -0.0346662
    outer loop
      vertex 1.96748 112.137 196.962
      vertex 1.95387 112.268 197.422
      vertex 1.96444 112.195 197.08
    endloop
  endfacet
  facet normal -0.999239 0.0178368 -0.0346883
    outer loop
      vertex 1.97067 112.031 196.816
      vertex 1.96748 112.137 196.962
      vertex 1.96996 112.064 196.854
    endloop
  endfacet
  facet normal -0.99924 0.0178104 -0.0346692
    outer loop
      vertex 1.96748 112.137 196.962
      vertex 1.97067 112.031 196.816
      vertex 1.95387 112.268 197.422
    endloop
  endfacet
  facet normal -0.999659 -0.0127519 -0.0227705
    outer loop
      vertex 2.1607 108.103 190.668
      vertex 2.15476 108.102 190.929
      vertex 2.15762 108.111 190.798
    endloop
  endfacet
  facet normal -0.99966 -0.0127002 -0.0227705
    outer loop
      vertex 2.16394 108.077 190.539
      vertex 2.15476 108.102 190.929
      vertex 2.1607 108.103 190.668
    endloop
  endfacet
  facet normal -0.99966 -0.0127123 -0.0227697
    outer loop
      vertex 2.16394 108.077 190.539
      vertex 2.15216 108.077 191.057
      vertex 2.15476 108.102 190.929
    endloop
  endfacet
  facet normal -0.99966 -0.0127193 -0.0227697
    outer loop
      vertex 2.16729 108.035 190.416
      vertex 2.15216 108.077 191.057
      vertex 2.16394 108.077 190.539
    endloop
  endfacet
  facet normal -0.99966 -0.0127114 -0.0227702
    outer loop
      vertex 2.16729 108.035 190.416
      vertex 2.14988 108.034 191.181
      vertex 2.15216 108.077 191.057
    endloop
  endfacet
  facet normal -0.99966 -0.0127128 -0.0227702
    outer loop
      vertex 2.1707 107.978 190.298
      vertex 2.14988 108.034 191.181
      vertex 2.16729 108.035 190.416
    endloop
  endfacet
  facet normal -0.99966 -0.012719 -0.0227698
    outer loop
      vertex 2.1707 107.978 190.298
      vertex 2.14795 107.976 191.298
      vertex 2.14988 108.034 191.181
    endloop
  endfacet
  facet normal -0.99966 -0.0127214 -0.0227698
    outer loop
      vertex 2.1741 107.905 190.189
      vertex 2.14795 107.976 191.298
      vertex 2.1707 107.978 190.298
    endloop
  endfacet
  facet normal -0.99966 -0.0127183 -0.02277
    outer loop
      vertex 2.1741 107.905 190.189
      vertex 2.1464 107.903 191.407
      vertex 2.14795 107.976 191.298
    endloop
  endfacet
  facet normal -0.99966 -0.0127136 -0.02277
    outer loop
      vertex 2.17744 107.819 190.091
      vertex 2.1464 107.903 191.407
      vertex 2.1741 107.905 190.189
    endloop
  endfacet
  facet normal -0.99966 -0.0127171 -0.0227698
    outer loop
      vertex 2.17744 107.819 190.091
      vertex 2.14526 107.817 191.505
      vertex 2.1464 107.903 191.407
    endloop
  endfacet
  facet normal -0.99966 -0.0127185 -0.0227698
    outer loop
      vertex 2.18066 107.72 190.005
      vertex 2.14526 107.817 191.505
      vertex 2.17744 107.819 190.091
    endloop
  endfacet
  facet normal -0.99966 -0.0127165 -0.0227699
    outer loop
      vertex 2.18066 107.72 190.005
      vertex 2.14456 107.718 191.591
      vertex 2.14526 107.817 191.505
    endloop
  endfacet
  facet normal -0.99966 -0.0127165 -0.0227699
    outer loop
      vertex 2.1837 107.612 189.932
      vertex 2.14456 107.718 191.591
      vertex 2.18066 107.72 190.005
    endloop
  endfacet
  facet normal -0.99966 -0.0127155 -0.02277
    outer loop
      vertex 2.1837 107.612 189.932
      vertex 2.14429 107.609 191.664
      vertex 2.14456 107.718 191.591
    endloop
  endfacet
  facet normal -0.99966 -0.0127188 -0.02277
    outer loop
      vertex 2.18651 107.494 189.874
      vertex 2.14429 107.609 191.664
      vertex 2.1837 107.612 189.932
    endloop
  endfacet
  facet normal -0.99966 -0.0127176 -0.0227701
    outer loop
      vertex 2.18651 107.494 189.874
      vertex 2.14447 107.492 191.721
      vertex 2.14429 107.609 191.664
    endloop
  endfacet
  facet normal -0.99966 -0.0127137 -0.0227701
    outer loop
      vertex 2.18905 107.37 189.832
      vertex 2.14447 107.492 191.721
      vertex 2.18651 107.494 189.874
    endloop
  endfacet
  facet normal -0.99966 -0.0127153 -0.02277
    outer loop
      vertex 2.18905 107.37 189.832
      vertex 2.14509 107.368 191.763
      vertex 2.14447 107.492 191.721
    endloop
  endfacet
  facet normal -0.99966 -0.0127177 -0.02277
    outer loop
      vertex 2.19127 107.242 189.806
      vertex 2.14509 107.368 191.763
      vertex 2.18905 107.37 189.832
    endloop
  endfacet
  facet normal -0.99966 -0.012717 -0.02277
    outer loop
      vertex 2.14838 107.055 191.794
      vertex 2.14509 107.368 191.763
      vertex 2.19127 107.242 189.806
    endloop
  endfacet
  facet normal -0.99966 -0.0127179 -0.0227701
    outer loop
      vertex 2.14838 107.055 191.794
      vertex 2.19127 107.242 189.806
      vertex 2.19313 107.111 189.798
    endloop
  endfacet
  facet normal -0.99966 -0.0127161 -0.0227604
    outer loop
      vertex 2.14509 107.368 191.763
      vertex 2.14838 107.055 191.794
      vertex 2.14615 107.239 191.789
    endloop
  endfacet
  facet normal -0.999659 -0.0127172 -0.0228022
    outer loop
      vertex 2.14615 107.239 191.789
      vertex 2.14838 107.055 191.794
      vertex 2.14762 107.108 191.797
    endloop
  endfacet
  facet normal -0.99966 -0.0127151 -0.02277
    outer loop
      vertex 2.1946 106.981 189.806
      vertex 2.14838 107.055 191.794
      vertex 2.19313 107.111 189.798
    endloop
  endfacet
  facet normal -0.99966 -0.0127179 -0.0227699
    outer loop
      vertex 2.19565 106.852 189.831
      vertex 2.14838 107.055 191.794
      vertex 2.1946 106.981 189.806
    endloop
  endfacet
  facet normal -0.99966 -0.0127181 -0.0227699
    outer loop
      vertex 2.19628 106.728 189.873
      vertex 2.14838 107.055 191.794
      vertex 2.19565 106.852 189.831
    endloop
  endfacet
  facet normal -0.99966 -0.0127149 -0.0227704
    outer loop
      vertex 2.19646 106.61 189.931
      vertex 2.14838 107.055 191.794
      vertex 2.19628 106.728 189.873
    endloop
  endfacet
  facet normal -0.99966 -0.0127157 -0.0227702
    outer loop
      vertex 2.19619 106.501 190.004
      vertex 2.14838 107.055 191.794
      vertex 2.19646 106.61 189.931
    endloop
  endfacet
  facet normal -0.99966 -0.0127146 -0.0227706
    outer loop
      vertex 2.14838 107.055 191.794
      vertex 2.19619 106.501 190.004
      vertex 2.19556 106.413 190.081
    endloop
  endfacet
  facet normal -0.99966 -0.0127209 -0.0227701
    outer loop
      vertex 1.95387 112.268 197.422
      vertex 1.95005 112.261 197.593
      vertex 1.95291 112.27 197.462
    endloop
  endfacet
  facet normal -0.99966 -0.0127177 -0.02277
    outer loop
      vertex 1.95387 112.268 197.422
      vertex 1.94746 112.236 197.721
      vertex 1.95005 112.261 197.593
    endloop
  endfacet
  facet normal -0.99966 -0.0127118 -0.0227694
    outer loop
      vertex 1.95387 112.268 197.422
      vertex 1.94518 112.193 197.845
      vertex 1.94746 112.236 197.721
    endloop
  endfacet
  facet normal -0.99966 -0.0127158 -0.0227701
    outer loop
      vertex 1.95387 112.268 197.422
      vertex 1.94324 112.135 197.962
      vertex 1.94518 112.193 197.845
    endloop
  endfacet
  facet normal -0.99966 -0.0127199 -0.0227711
    outer loop
      vertex 1.95387 112.268 197.422
      vertex 1.9417 112.062 198.071
      vertex 1.94324 112.135 197.962
    endloop
  endfacet
  facet normal -0.99966 -0.0127166 -0.0227701
    outer loop
      vertex 1.97067 112.031 196.816
      vertex 1.9417 112.062 198.071
      vertex 1.95387 112.268 197.422
    endloop
  endfacet
  facet normal -0.99966 -0.0127284 -0.0227585
    outer loop
      vertex 1.97595 111.88 196.669
      vertex 1.97067 112.031 196.816
      vertex 1.97274 111.978 196.755
    endloop
  endfacet
  facet normal -0.99966 -0.0127185 -0.02277
    outer loop
      vertex 1.97067 112.031 196.816
      vertex 1.94056 111.976 198.169
      vertex 1.9417 112.062 198.071
    endloop
  endfacet
  facet normal -0.99966 -0.0127172 -0.02277
    outer loop
      vertex 1.97067 112.031 196.816
      vertex 1.97595 111.88 196.669
      vertex 1.94056 111.976 198.169
    endloop
  endfacet
  facet normal -0.99966 -0.0127156 -0.0227701
    outer loop
      vertex 1.97595 111.88 196.669
      vertex 1.93985 111.877 198.255
      vertex 1.94056 111.976 198.169
    endloop
  endfacet
  facet normal -0.99966 -0.0127164 -0.0227701
    outer loop
      vertex 1.979 111.771 196.596
      vertex 1.93985 111.877 198.255
      vertex 1.97595 111.88 196.669
    endloop
  endfacet
  facet normal -0.99966 -0.0127165 -0.0227701
    outer loop
      vertex 1.979 111.771 196.596
      vertex 1.93959 111.768 198.328
      vertex 1.93985 111.877 198.255
    endloop
  endfacet
  facet normal -0.99966 -0.0127147 -0.0227701
    outer loop
      vertex 1.98181 111.654 196.538
      vertex 1.93959 111.768 198.328
      vertex 1.979 111.771 196.596
    endloop
  endfacet
  facet normal -0.99966 -0.0127147 -0.0227701
    outer loop
      vertex 1.98181 111.654 196.538
      vertex 1.93977 111.651 198.386
      vertex 1.93959 111.768 198.328
    endloop
  endfacet
  facet normal -0.99966 -0.0127167 -0.0227701
    outer loop
      vertex 1.98435 111.53 196.496
      vertex 1.93977 111.651 198.386
      vertex 1.98181 111.654 196.538
    endloop
  endfacet
  facet normal -0.99966 -0.0127181 -0.02277
    outer loop
      vertex 1.98435 111.53 196.496
      vertex 1.94039 111.527 198.427
      vertex 1.93977 111.651 198.386
    endloop
  endfacet
  facet normal -0.99966 -0.0127185 -0.02277
    outer loop
      vertex 1.98656 111.401 196.47
      vertex 1.94039 111.527 198.427
      vertex 1.98435 111.53 196.496
    endloop
  endfacet
  facet normal -0.99966 -0.0127146 -0.0227702
    outer loop
      vertex 1.98656 111.401 196.47
      vertex 1.94144 111.398 198.453
      vertex 1.94039 111.527 198.427
    endloop
  endfacet
  facet normal -0.99966 -0.0127143 -0.0227702
    outer loop
      vertex 1.98842 111.27 196.462
      vertex 1.94144 111.398 198.453
      vertex 1.98656 111.401 196.47
    endloop
  endfacet
  facet normal -0.99966 -0.0127178 -0.02277
    outer loop
      vertex 1.98842 111.27 196.462
      vertex 1.94292 111.268 198.461
      vertex 1.94144 111.398 198.453
    endloop
  endfacet
  facet normal -0.99966 -0.0127169 -0.02277
    outer loop
      vertex 1.98989 111.14 196.47
      vertex 1.94292 111.268 198.461
      vertex 1.98842 111.27 196.462
    endloop
  endfacet
  facet normal -0.99966 -0.012717 -0.02277
    outer loop
      vertex 1.98989 111.14 196.47
      vertex 1.94478 111.137 198.453
      vertex 1.94292 111.268 198.461
    endloop
  endfacet
  facet normal -0.99966 -0.0127181 -0.02277
    outer loop
      vertex 1.99095 111.011 196.496
      vertex 1.94478 111.137 198.453
      vertex 1.98989 111.14 196.47
    endloop
  endfacet
  facet normal -0.99966 -0.0127157 -0.0227701
    outer loop
      vertex 1.99095 111.011 196.496
      vertex 1.94699 111.008 198.427
      vertex 1.94478 111.137 198.453
    endloop
  endfacet
  facet normal -0.99966 -0.0127154 -0.0227701
    outer loop
      vertex 1.99157 110.887 196.538
      vertex 1.94699 111.008 198.427
      vertex 1.99095 111.011 196.496
    endloop
  endfacet
  facet normal -0.99966 -0.0127157 -0.0227701
    outer loop
      vertex 1.99157 110.887 196.538
      vertex 1.94953 110.884 198.385
      vertex 1.94699 111.008 198.427
    endloop
  endfacet
  facet normal -0.99966 -0.0127167 -0.0227701
    outer loop
      vertex 1.99175 110.77 196.595
      vertex 1.94953 110.884 198.385
      vertex 1.99157 110.887 196.538
    endloop
  endfacet
  facet normal -0.99966 -0.0127186 -0.02277
    outer loop
      vertex 1.99175 110.77 196.595
      vertex 1.95234 110.767 198.327
      vertex 1.94953 110.884 198.385
    endloop
  endfacet
  facet normal -0.99966 -0.0127164 -0.02277
    outer loop
      vertex 1.99149 110.661 196.668
      vertex 1.95234 110.767 198.327
      vertex 1.99175 110.77 196.595
    endloop
  endfacet
  facet normal -0.99966 -0.0127166 -0.02277
    outer loop
      vertex 1.99149 110.661 196.668
      vertex 1.95538 110.658 198.254
      vertex 1.95234 110.767 198.327
    endloop
  endfacet
  facet normal -0.99966 -0.0127168 -0.02277
    outer loop
      vertex 1.99078 110.562 196.754
      vertex 1.95538 110.658 198.254
      vertex 1.99149 110.661 196.668
    endloop
  endfacet
  facet normal -0.99966 -0.0127157 -0.0227701
    outer loop
      vertex 1.99078 110.562 196.754
      vertex 1.9586 110.56 198.168
      vertex 1.95538 110.658 198.254
    endloop
  endfacet
  facet normal -0.99966 -0.0127185 -0.0227701
    outer loop
      vertex 1.98964 110.476 196.852
      vertex 1.9586 110.56 198.168
      vertex 1.99078 110.562 196.754
    endloop
  endfacet
  facet normal -0.99966 -0.012719 -0.02277
    outer loop
      vertex 1.98964 110.476 196.852
      vertex 1.96194 110.474 198.069
      vertex 1.9586 110.56 198.168
    endloop
  endfacet
  facet normal -0.99966 -0.0127135 -0.02277
    outer loop
      vertex 1.98809 110.403 196.961
      vertex 1.96194 110.474 198.069
      vertex 1.98964 110.476 196.852
    endloop
  endfacet
  facet normal -0.99966 -0.0127115 -0.0227702
    outer loop
      vertex 1.98809 110.403 196.961
      vertex 1.96534 110.401 197.961
      vertex 1.96194 110.474 198.069
    endloop
  endfacet
  facet normal -0.99966 -0.0127199 -0.0227702
    outer loop
      vertex 1.98616 110.345 197.078
      vertex 1.96534 110.401 197.961
      vertex 1.98809 110.403 196.961
    endloop
  endfacet
  facet normal -0.99966 -0.0127185 -0.0227703
    outer loop
      vertex 1.98616 110.345 197.078
      vertex 1.96875 110.343 197.843
      vertex 1.96534 110.401 197.961
    endloop
  endfacet
  facet normal -0.99966 -0.0127171 -0.0227703
    outer loop
      vertex 1.98388 110.302 197.202
      vertex 1.96875 110.343 197.843
      vertex 1.98616 110.345 197.078
    endloop
  endfacet
  facet normal -0.99966 -0.0127116 -0.0227706
    outer loop
      vertex 1.98388 110.302 197.202
      vertex 1.9721 110.302 197.719
      vertex 1.96875 110.343 197.843
    endloop
  endfacet
  facet normal -0.99966 -0.012716 -0.0227706
    outer loop
      vertex 1.98129 110.277 197.33
      vertex 1.9721 110.302 197.719
      vertex 1.98388 110.302 197.202
    endloop
  endfacet
  facet normal -0.99966 -0.0127245 -0.0227701
    outer loop
      vertex 1.98129 110.277 197.33
      vertex 1.97535 110.276 197.591
      vertex 1.9721 110.302 197.719
    endloop
  endfacet
  facet normal -0.99966 -0.0127336 -0.0227701
    outer loop
      vertex 1.97535 110.276 197.591
      vertex 1.98129 110.277 197.33
      vertex 1.97843 110.268 197.461
    endloop
  endfacet
  facet normal -0.999584 -0.000629739 -0.0288288
    outer loop
      vertex 1.95493 116.558 191.637
      vertex 1.95218 116.726 191.728
      vertex 1.95109 116.831 191.764
    endloop
  endfacet
  facet normal -0.999585 -0.000638814 -0.0288122
    outer loop
      vertex 1.95218 116.726 191.728
      vertex 1.95493 116.558 191.637
      vertex 1.95393 116.609 191.67
    endloop
  endfacet
  facet normal -0.999584 -0.00062595 -0.0288369
    outer loop
      vertex 1.99506 116.28 190.252
      vertex 1.95493 116.558 191.637
      vertex 1.95109 116.831 191.764
    endloop
  endfacet
  facet normal -0.999584 -0.000633539 -0.028841
    outer loop
      vertex 1.99022 116.186 190.422
      vertex 1.99506 116.28 190.252
      vertex 1.99356 116.244 190.304
    endloop
  endfacet
  facet normal -0.999584 -0.000611276 -0.0288287
    outer loop
      vertex 1.98645 116.142 190.553
      vertex 1.99506 116.28 190.252
      vertex 1.99022 116.186 190.422
    endloop
  endfacet
  facet normal -0.999585 -0.00049764 -0.0287908
    outer loop
      vertex 1.98645 116.142 190.553
      vertex 1.99022 116.186 190.422
      vertex 1.98667 116.144 190.545
    endloop
  endfacet
  facet normal -0.999584 -0.000628154 -0.0288364
    outer loop
      vertex 1.99506 116.28 190.252
      vertex 1.98645 116.142 190.553
      vertex 1.95493 116.558 191.637
    endloop
  endfacet
  facet normal -0.999584 -0.000627779 -0.0288362
    outer loop
      vertex 1.81269 118.434 196.526
      vertex 1.75956 119.231 198.351
      vertex 1.8136 118.553 196.492
    endloop
  endfacet
  facet normal -0.999581 -0.00065714 -0.0289387
    outer loop
      vertex 1.81269 118.434 196.526
      vertex 1.8136 118.553 196.492
      vertex 1.81338 118.51 196.501
    endloop
  endfacet
  facet normal -0.999584 -0.00062917 -0.0288356
    outer loop
      vertex 1.75956 119.231 198.351
      vertex 1.81269 118.434 196.526
      vertex 1.75846 119.15 198.391
    endloop
  endfacet
  facet normal -0.999368 -0.0311856 -0.0170837
    outer loop
      vertex 1.95493 116.558 191.637
      vertex 1.96196 116.402 191.511
      vertex 1.95742 116.5 191.598
    endloop
  endfacet
  facet normal -0.999368 -0.0311607 -0.0171147
    outer loop
      vertex 1.95493 116.558 191.637
      vertex 1.96633 116.315 191.413
      vertex 1.96196 116.402 191.511
    endloop
  endfacet
  facet normal -0.999368 -0.0311636 -0.0171116
    outer loop
      vertex 1.95493 116.558 191.637
      vertex 1.97045 116.243 191.304
      vertex 1.96633 116.315 191.413
    endloop
  endfacet
  facet normal -0.999368 -0.0311624 -0.0171128
    outer loop
      vertex 1.95493 116.558 191.637
      vertex 1.97426 116.185 191.187
      vertex 1.97045 116.243 191.304
    endloop
  endfacet
  facet normal -0.999368 -0.031159 -0.0171155
    outer loop
      vertex 1.95493 116.558 191.637
      vertex 1.97769 116.143 191.063
      vertex 1.97426 116.185 191.187
    endloop
  endfacet
  facet normal -0.999368 -0.0311613 -0.0171139
    outer loop
      vertex 1.98645 116.142 190.553
      vertex 1.97769 116.143 191.063
      vertex 1.95493 116.558 191.637
    endloop
  endfacet
  facet normal -0.999368 -0.0311663 -0.0171139
    outer loop
      vertex 1.98514 116.118 190.674
      vertex 1.97769 116.143 191.063
      vertex 1.98645 116.142 190.553
    endloop
  endfacet
  facet normal -0.999368 -0.0311498 -0.0171149
    outer loop
      vertex 1.98514 116.118 190.674
      vertex 1.98068 116.118 190.935
      vertex 1.97769 116.143 191.063
    endloop
  endfacet
  facet normal -0.999368 -0.0311593 -0.0171149
    outer loop
      vertex 1.98068 116.118 190.935
      vertex 1.98514 116.118 190.674
      vertex 1.98318 116.109 190.804
    endloop
  endfacet
  facet normal -0.999411 -0.0306145 -0.0154971
    outer loop
      vertex 1.75846 119.15 198.391
      vertex 1.76161 119.026 198.433
      vertex 1.75847 119.149 198.391
    endloop
  endfacet
  facet normal -0.999368 -0.0311645 -0.017123
    outer loop
      vertex 1.75846 119.15 198.391
      vertex 1.76518 118.897 198.458
      vertex 1.76161 119.026 198.433
    endloop
  endfacet
  facet normal -0.999368 -0.0311576 -0.0170972
    outer loop
      vertex 1.75846 119.15 198.391
      vertex 1.7691 118.767 198.467
      vertex 1.76518 118.897 198.458
    endloop
  endfacet
  facet normal -0.999368 -0.0311619 -0.0171192
    outer loop
      vertex 1.75846 119.15 198.391
      vertex 1.77332 118.636 198.458
      vertex 1.7691 118.767 198.467
    endloop
  endfacet
  facet normal -0.999368 -0.031161 -0.0171122
    outer loop
      vertex 1.75846 119.15 198.391
      vertex 1.77776 118.508 198.432
      vertex 1.77332 118.636 198.458
    endloop
  endfacet
  facet normal -0.999368 -0.0311611 -0.0171137
    outer loop
      vertex 1.81269 118.434 196.526
      vertex 1.77776 118.508 198.432
      vertex 1.75846 119.15 198.391
    endloop
  endfacet
  facet normal -0.999368 -0.031165 -0.0171196
    outer loop
      vertex 1.81659 118.269 196.601
      vertex 1.81269 118.434 196.526
      vertex 1.81392 118.386 196.543
    endloop
  endfacet
  facet normal -0.999368 -0.0311612 -0.0171137
    outer loop
      vertex 1.81269 118.434 196.526
      vertex 1.78234 118.384 198.39
      vertex 1.77776 118.508 198.432
    endloop
  endfacet
  facet normal -0.999368 -0.0311624 -0.0171138
    outer loop
      vertex 1.81269 118.434 196.526
      vertex 1.81659 118.269 196.601
      vertex 1.78234 118.384 198.39
    endloop
  endfacet
  facet normal -0.999368 -0.0311627 -0.0171138
    outer loop
      vertex 1.81659 118.269 196.601
      vertex 1.78699 118.267 198.332
      vertex 1.78234 118.384 198.39
    endloop
  endfacet
  facet normal -0.999368 -0.0311581 -0.0171138
    outer loop
      vertex 1.81874 118.16 196.673
      vertex 1.78699 118.267 198.332
      vertex 1.81659 118.269 196.601
    endloop
  endfacet
  facet normal -0.999368 -0.0311615 -0.0171135
    outer loop
      vertex 1.81874 118.16 196.673
      vertex 1.79162 118.158 198.26
      vertex 1.78699 118.267 198.332
    endloop
  endfacet
  facet normal -0.999368 -0.0311624 -0.0171135
    outer loop
      vertex 1.82033 118.061 196.759
      vertex 1.79162 118.158 198.26
      vertex 1.81874 118.16 196.673
    endloop
  endfacet
  facet normal -0.999368 -0.0311579 -0.0171138
    outer loop
      vertex 1.82033 118.061 196.759
      vertex 1.79617 118.06 198.173
      vertex 1.79162 118.158 198.26
    endloop
  endfacet
  facet normal -0.999368 -0.0311604 -0.0171138
    outer loop
      vertex 1.82134 117.975 196.858
      vertex 1.79617 118.06 198.173
      vertex 1.82033 118.061 196.759
    endloop
  endfacet
  facet normal -0.999368 -0.0311618 -0.0171137
    outer loop
      vertex 1.82134 117.975 196.858
      vertex 1.80054 117.974 198.075
      vertex 1.79617 118.06 198.173
    endloop
  endfacet
  facet normal -0.999368 -0.0311622 -0.0171137
    outer loop
      vertex 1.82175 117.902 196.966
      vertex 1.80054 117.974 198.075
      vertex 1.82134 117.975 196.858
    endloop
  endfacet
  facet normal -0.999368 -0.0311602 -0.0171139
    outer loop
      vertex 1.82175 117.902 196.966
      vertex 1.80466 117.901 197.966
      vertex 1.80054 117.974 198.075
    endloop
  endfacet
  facet normal -0.999368 -0.0311629 -0.0171139
    outer loop
      vertex 1.82155 117.844 197.084
      vertex 1.80466 117.901 197.966
      vertex 1.82175 117.902 196.966
    endloop
  endfacet
  facet normal -0.999368 -0.0311668 -0.0171136
    outer loop
      vertex 1.82155 117.844 197.084
      vertex 1.80847 117.843 197.849
      vertex 1.80466 117.901 197.966
    endloop
  endfacet
  facet normal -0.999368 -0.0311554 -0.0171136
    outer loop
      vertex 1.82074 117.802 197.207
      vertex 1.80847 117.843 197.849
      vertex 1.82155 117.844 197.084
    endloop
  endfacet
  facet normal -0.999368 -0.0311599 -0.0171133
    outer loop
      vertex 1.82074 117.802 197.207
      vertex 1.8119 117.801 197.725
      vertex 1.80847 117.843 197.849
    endloop
  endfacet
  facet normal -0.999368 -0.03117 -0.0171133
    outer loop
      vertex 1.81935 117.776 197.336
      vertex 1.8119 117.801 197.725
      vertex 1.82074 117.802 197.207
    endloop
  endfacet
  facet normal -0.999368 -0.0311451 -0.0171149
    outer loop
      vertex 1.81935 117.776 197.336
      vertex 1.81489 117.776 197.597
      vertex 1.8119 117.801 197.725
    endloop
  endfacet
  facet normal -0.999368 -0.0311593 -0.0171149
    outer loop
      vertex 1.81489 117.776 197.597
      vertex 1.81935 117.776 197.336
      vertex 1.81738 117.768 197.466
    endloop
  endfacet
  facet normal -0.999612 -0.00756686 -0.0267989
    outer loop
      vertex 1.14984 118.693 187.778
      vertex 0.773472 123.242 200.533
      vertex 0.773052 123.296 200.533
    endloop
  endfacet
  facet normal -0.999612 -0.00756407 -0.0267999
    outer loop
      vertex 0.773472 123.242 200.533
      vertex 1.14984 118.693 187.778
      vertex 1.152 118.392 187.783
    endloop
  endfacet
  facet normal -0.999159 -0.0380811 -0.0151699
    outer loop
      vertex 1.152 118.392 187.783
      vertex 1.12136 118.05 190.661
      vertex 1.11906 118.058 190.791
    endloop
  endfacet
  facet normal -0.999159 -0.0380979 -0.0151719
    outer loop
      vertex 1.152 118.392 187.783
      vertex 1.12428 118.024 190.532
      vertex 1.12136 118.05 190.661
    endloop
  endfacet
  facet normal -0.999159 -0.0381017 -0.0151724
    outer loop
      vertex 1.152 118.392 187.783
      vertex 1.12776 117.982 190.409
      vertex 1.12428 118.024 190.532
    endloop
  endfacet
  facet normal -0.999159 -0.0380956 -0.0151714
    outer loop
      vertex 1.152 118.392 187.783
      vertex 1.13174 117.925 190.291
      vertex 1.12776 117.982 190.409
    endloop
  endfacet
  facet normal -0.999159 -0.038097 -0.0151717
    outer loop
      vertex 1.152 118.392 187.783
      vertex 1.13616 117.852 190.183
      vertex 1.13174 117.925 190.291
    endloop
  endfacet
  facet normal -0.999159 -0.0380969 -0.0151716
    outer loop
      vertex 1.152 118.392 187.783
      vertex 1.14093 117.766 190.084
      vertex 1.13616 117.852 190.183
    endloop
  endfacet
  facet normal -0.999159 -0.0380998 -0.0151725
    outer loop
      vertex 1.152 118.392 187.783
      vertex 1.14599 117.668 189.998
      vertex 1.14093 117.766 190.084
    endloop
  endfacet
  facet normal -0.999159 -0.0380953 -0.015171
    outer loop
      vertex 1.152 118.392 187.783
      vertex 1.15124 117.559 189.925
      vertex 1.14599 117.668 189.998
    endloop
  endfacet
  facet normal -0.999159 -0.0380998 -0.0151727
    outer loop
      vertex 1.152 118.392 187.783
      vertex 1.15658 117.442 189.867
      vertex 1.15124 117.559 189.925
    endloop
  endfacet
  facet normal -0.999159 -0.0380977 -0.0151718
    outer loop
      vertex 1.18925 117.409 187.799
      vertex 1.15658 117.442 189.867
      vertex 1.152 118.392 187.783
    endloop
  endfacet
  facet normal -0.999159 -0.0380968 -0.0151718
    outer loop
      vertex 1.18925 117.409 187.799
      vertex 1.16194 117.318 189.825
      vertex 1.15658 117.442 189.867
    endloop
  endfacet
  facet normal -0.999159 -0.0380965 -0.0151718
    outer loop
      vertex 1.18925 117.409 187.799
      vertex 1.16722 117.19 189.8
      vertex 1.16194 117.318 189.825
    endloop
  endfacet
  facet normal -0.999159 -0.0380977 -0.0151719
    outer loop
      vertex 1.2004 117.113 187.808
      vertex 1.16722 117.19 189.8
      vertex 1.18925 117.409 187.799
    endloop
  endfacet
  facet normal -0.999159 -0.0380983 -0.0151719
    outer loop
      vertex 1.2004 117.113 187.808
      vertex 1.17233 117.059 189.791
      vertex 1.16722 117.19 189.8
    endloop
  endfacet
  facet normal -0.999159 -0.0380978 -0.0151719
    outer loop
      vertex 1.2004 117.113 187.808
      vertex 1.17717 116.929 189.799
      vertex 1.17233 117.059 189.791
    endloop
  endfacet
  facet normal -0.999159 -0.0380973 -0.0151718
    outer loop
      vertex 1.2004 117.113 187.808
      vertex 1.18168 116.801 189.825
      vertex 1.17717 116.929 189.799
    endloop
  endfacet
  facet normal -0.999159 -0.0380987 -0.015172
    outer loop
      vertex 1.2004 117.113 187.808
      vertex 1.18576 116.677 189.867
      vertex 1.18168 116.801 189.825
    endloop
  endfacet
  facet normal -0.999159 -0.0380975 -0.0151718
    outer loop
      vertex 1.2647 115.407 187.857
      vertex 1.18576 116.677 189.867
      vertex 1.2004 117.113 187.808
    endloop
  endfacet
  facet normal -0.999159 -0.0380954 -0.0151732
    outer loop
      vertex 1.18576 116.677 189.867
      vertex 1.2647 115.407 187.857
      vertex 1.18936 116.559 189.925
    endloop
  endfacet
  facet normal -0.999159 -0.0380988 -0.0151712
    outer loop
      vertex 1.18936 116.559 189.925
      vertex 1.2647 115.407 187.857
      vertex 1.1924 116.451 189.997
    endloop
  endfacet
  facet normal -0.999159 -0.0380988 -0.0151712
    outer loop
      vertex 1.1924 116.451 189.997
      vertex 1.2647 115.407 187.857
      vertex 1.19485 116.352 190.083
    endloop
  endfacet
  facet normal -0.999159 -0.0380964 -0.0151723
    outer loop
      vertex 1.19485 116.352 190.083
      vertex 1.2647 115.407 187.857
      vertex 1.19664 116.266 190.182
    endloop
  endfacet
  facet normal -0.999158 -0.038118 -0.0151643
    outer loop
      vertex 1.19664 116.266 190.182
      vertex 1.2647 115.407 187.857
      vertex 1.19676 116.258 190.193
    endloop
  endfacet
  facet normal -0.999159 -0.0380981 -0.0151714
    outer loop
      vertex 0.953013 119.708 197.584
      vertex 0.824893 121.898 200.523
      vertex 0.806269 122.385 200.526
    endloop
  endfacet
  facet normal -0.999159 -0.0380975 -0.0151719
    outer loop
      vertex 0.954664 119.716 197.453
      vertex 0.806269 122.385 200.526
      vertex 0.773472 123.242 200.533
    endloop
  endfacet
  facet normal -0.999159 -0.0380968 -0.0151724
    outer loop
      vertex 0.824893 121.898 200.523
      vertex 0.953013 119.708 197.584
      vertex 0.952043 119.682 197.712
    endloop
  endfacet
  facet normal -0.999159 -0.0380993 -0.0151704
    outer loop
      vertex 0.806269 122.385 200.526
      vertex 0.954664 119.716 197.453
      vertex 0.953013 119.708 197.584
    endloop
  endfacet
  facet normal -0.999159 -0.0380962 -0.0151733
    outer loop
      vertex 0.773472 123.242 200.533
      vertex 0.956967 119.708 197.323
      vertex 0.954664 119.716 197.453
    endloop
  endfacet
  facet normal -0.999159 -0.038098 -0.0151714
    outer loop
      vertex 0.773472 123.242 200.533
      vertex 0.959883 119.683 197.195
      vertex 0.956967 119.708 197.323
    endloop
  endfacet
  facet normal -0.999159 -0.0380975 -0.0151719
    outer loop
      vertex 0.773472 123.242 200.533
      vertex 0.963362 119.641 197.071
      vertex 0.959883 119.683 197.195
    endloop
  endfacet
  facet normal -0.999159 -0.0380946 -0.0151749
    outer loop
      vertex 0.773472 123.242 200.533
      vertex 0.967344 119.583 196.953
      vertex 0.963362 119.641 197.071
    endloop
  endfacet
  facet normal -0.999159 -0.0380976 -0.0151718
    outer loop
      vertex 1.11906 118.058 190.791
      vertex 0.967344 119.583 196.953
      vertex 0.773472 123.242 200.533
    endloop
  endfacet
  facet normal -0.999159 -0.0380884 -0.0151741
    outer loop
      vertex 1.11741 118.049 190.922
      vertex 0.967344 119.583 196.953
      vertex 1.11906 118.058 190.791
    endloop
  endfacet
  facet normal -0.999159 -0.0380978 -0.0151717
    outer loop
      vertex 1.11906 118.058 190.791
      vertex 0.773472 123.242 200.533
      vertex 1.152 118.392 187.783
    endloop
  endfacet
  facet normal -0.999159 -0.0380965 -0.0151721
    outer loop
      vertex 0.967344 119.583 196.953
      vertex 1.11741 118.049 190.922
      vertex 0.971762 119.51 196.845
    endloop
  endfacet
  facet normal -0.999159 -0.038101 -0.0151709
    outer loop
      vertex 1.11644 118.024 191.05
      vertex 0.971762 119.51 196.845
      vertex 1.11741 118.049 190.922
    endloop
  endfacet
  facet normal -0.999159 -0.0380954 -0.0151724
    outer loop
      vertex 0.971762 119.51 196.845
      vertex 1.11644 118.024 191.05
      vertex 0.976539 119.424 196.746
    endloop
  endfacet
  facet normal -0.999159 -0.0380941 -0.0151727
    outer loop
      vertex 1.11616 117.982 191.174
      vertex 0.976539 119.424 196.746
      vertex 1.11644 118.024 191.05
    endloop
  endfacet
  facet normal -0.999159 -0.0380967 -0.015172
    outer loop
      vertex 0.976539 119.424 196.746
      vertex 1.11616 117.982 191.174
      vertex 0.981595 119.326 196.66
    endloop
  endfacet
  facet normal -0.999159 -0.0380985 -0.0151716
    outer loop
      vertex 1.11659 117.924 191.291
      vertex 0.981595 119.326 196.66
      vertex 1.11616 117.982 191.174
    endloop
  endfacet
  facet normal -0.999159 -0.038098 -0.0151717
    outer loop
      vertex 0.981595 119.326 196.66
      vertex 1.11659 117.924 191.291
      vertex 0.986841 119.217 196.587
    endloop
  endfacet
  facet normal -0.999159 -0.0380989 -0.0151715
    outer loop
      vertex 1.11772 117.851 191.4
      vertex 0.986841 119.217 196.587
      vertex 1.11659 117.924 191.291
    endloop
  endfacet
  facet normal -0.999159 -0.0380983 -0.0151716
    outer loop
      vertex 0.986841 119.217 196.587
      vertex 1.11772 117.851 191.4
      vertex 0.99219 119.1 196.529
    endloop
  endfacet
  facet normal -0.999159 -0.0380973 -0.0151719
    outer loop
      vertex 1.11951 117.765 191.498
      vertex 0.99219 119.1 196.529
      vertex 1.11772 117.851 191.4
    endloop
  endfacet
  facet normal -0.999159 -0.0380961 -0.0151722
    outer loop
      vertex 0.99219 119.1 196.529
      vertex 1.11951 117.765 191.498
      vertex 0.997549 118.976 196.487
    endloop
  endfacet
  facet normal -0.999159 -0.0380971 -0.015172
    outer loop
      vertex 1.12196 117.666 191.584
      vertex 0.997549 118.976 196.487
      vertex 1.11951 117.765 191.498
    endloop
  endfacet
  facet normal -0.999159 -0.0380969 -0.015172
    outer loop
      vertex 0.997549 118.976 196.487
      vertex 1.12196 117.666 191.584
      vertex 1.00283 118.848 196.462
    endloop
  endfacet
  facet normal -0.999159 -0.0380981 -0.0151717
    outer loop
      vertex 1.125 117.557 191.657
      vertex 1.00283 118.848 196.462
      vertex 1.12196 117.666 191.584
    endloop
  endfacet
  facet normal -0.999159 -0.0381001 -0.0151712
    outer loop
      vertex 1.00283 118.848 196.462
      vertex 1.125 117.557 191.657
      vertex 1.00793 118.718 196.453
    endloop
  endfacet
  facet normal -0.999159 -0.0380968 -0.015172
    outer loop
      vertex 1.1286 117.44 191.715
      vertex 1.00793 118.718 196.453
      vertex 1.125 117.557 191.657
    endloop
  endfacet
  facet normal -0.999159 -0.0380977 -0.0151717
    outer loop
      vertex 1.00793 118.718 196.453
      vertex 1.1286 117.44 191.715
      vertex 1.01278 118.587 196.462
    endloop
  endfacet
  facet normal -0.999159 -0.0380977 -0.0151717
    outer loop
      vertex 1.13268 117.316 191.757
      vertex 1.01278 118.587 196.462
      vertex 1.1286 117.44 191.715
    endloop
  endfacet
  facet normal -0.999159 -0.0380942 -0.0151727
    outer loop
      vertex 1.01278 118.587 196.462
      vertex 1.13268 117.316 191.757
      vertex 1.01425 118.545 196.47
    endloop
  endfacet
  facet normal -0.999159 -0.038099 -0.0151714
    outer loop
      vertex 1.13719 117.188 191.782
      vertex 1.01425 118.545 196.47
      vertex 1.13268 117.316 191.757
    endloop
  endfacet
  facet normal -0.999159 -0.0380951 -0.0151726
    outer loop
      vertex 1.14203 117.057 191.791
      vertex 1.01425 118.545 196.47
      vertex 1.13719 117.188 191.782
    endloop
  endfacet
  facet normal -0.999159 -0.0381001 -0.015171
    outer loop
      vertex 1.14714 116.927 191.782
      vertex 1.01425 118.545 196.47
      vertex 1.14203 117.057 191.791
    endloop
  endfacet
  facet normal -0.999159 -0.0380935 -0.0151733
    outer loop
      vertex 1.01425 118.545 196.47
      vertex 1.14714 116.927 191.782
      vertex 1.15112 116.83 191.763
    endloop
  endfacet
  facet normal -0.999159 -0.0380975 -0.0151718
    outer loop
      vertex 0.824893 121.898 200.523
      vertex 0.952043 119.682 197.712
      vertex 0.842123 121.449 200.515
    endloop
  endfacet
  facet normal -0.999159 -0.0380979 -0.0151716
    outer loop
      vertex 0.842123 121.449 200.515
      vertex 0.952043 119.682 197.712
      vertex 0.95177 119.64 197.836
    endloop
  endfacet
  facet normal -0.999159 -0.0380964 -0.0151726
    outer loop
      vertex 0.952198 119.582 197.953
      vertex 0.842123 121.449 200.515
      vertex 0.95177 119.64 197.836
    endloop
  endfacet
  facet normal -0.999159 -0.0380988 -0.0151709
    outer loop
      vertex 0.953322 119.509 198.062
      vertex 0.842123 121.449 200.515
      vertex 0.952198 119.582 197.953
    endloop
  endfacet
  facet normal -0.999159 -0.0380976 -0.0151718
    outer loop
      vertex 0.842123 121.449 200.515
      vertex 0.953322 119.509 198.062
      vertex 0.897398 120.01 200.489
    endloop
  endfacet
  facet normal -0.999159 -0.0380967 -0.015172
    outer loop
      vertex 0.95512 119.423 198.16
      vertex 0.897398 120.01 200.489
      vertex 0.953322 119.509 198.062
    endloop
  endfacet
  facet normal -0.999159 -0.0380985 -0.0151715
    outer loop
      vertex 0.957563 119.325 198.246
      vertex 0.897398 120.01 200.489
      vertex 0.95512 119.423 198.16
    endloop
  endfacet
  facet normal -0.999159 -0.0380981 -0.0151716
    outer loop
      vertex 0.897398 120.01 200.489
      vertex 0.957563 119.325 198.246
      vertex 0.960535 119.218 198.317
    endloop
  endfacet
  facet normal -0.999591 -0.0137441 -0.02506
    outer loop
      vertex 1.01473 121.91 187.722
      vertex 0.729977 125.376 197.18
      vertex 1.01357 121.995 187.722
    endloop
  endfacet
  facet normal -0.999591 -0.0137432 -0.0250603
    outer loop
      vertex 1.01765 121.692 187.726
      vertex 0.729977 125.376 197.18
      vertex 1.01473 121.91 187.722
    endloop
  endfacet
  facet normal -0.999591 -0.0137439 -0.02506
    outer loop
      vertex 0.729977 125.376 197.18
      vertex 1.01765 121.692 187.726
      vertex 0.722057 125.375 197.496
    endloop
  endfacet
  facet normal -0.998928 -0.0442725 -0.0135303
    outer loop
      vertex 0.722057 125.375 197.496
      vertex 0.773052 123.296 200.533
      vertex 0.680817 125.373 200.549
    endloop
  endfacet
  facet normal -0.998928 -0.0442742 -0.0135297
    outer loop
      vertex 1.0234 121.561 187.728
      vertex 0.722057 125.375 197.496
      vertex 1.01765 121.692 187.726
    endloop
  endfacet
  facet normal -0.998928 -0.0442726 -0.0135303
    outer loop
      vertex 1.14984 118.693 187.778
      vertex 0.722057 125.375 197.496
      vertex 1.0234 121.561 187.728
    endloop
  endfacet
  facet normal -0.998928 -0.0442726 -0.0135304
    outer loop
      vertex 0.722057 125.375 197.496
      vertex 1.14984 118.693 187.778
      vertex 0.773052 123.296 200.533
    endloop
  endfacet
  facet normal -0.999537 -0.0192195 -0.023593
    outer loop
      vertex 0.86363 125.01 187.699
      vertex 0.851936 125.384 187.891
      vertex 0.857805 125.315 187.698
    endloop
  endfacet
  facet normal -0.999537 -0.0192194 -0.0235931
    outer loop
      vertex 0.851936 125.384 187.891
      vertex 0.86363 125.01 187.699
      vertex 0.832981 125.382 188.695
    endloop
  endfacet
  facet normal -0.998688 -0.049746 -0.0121619
    outer loop
      vertex 0.998562 122.296 187.72
      vertex 0.832981 125.382 188.695
      vertex 0.86363 125.01 187.699
    endloop
  endfacet
  facet normal -0.998688 -0.0497459 -0.012162
    outer loop
      vertex 0.832981 125.382 188.695
      vertex 0.998562 122.296 187.72
      vertex 0.729977 125.376 197.18
    endloop
  endfacet
  facet normal -0.998688 -0.0497448 -0.0121624
    outer loop
      vertex 0.729977 125.376 197.18
      vertex 0.998562 122.296 187.72
      vertex 1.01357 121.995 187.722
    endloop
  endfacet
  facet normal -0.99845 -0.054554 -0.0110484
    outer loop
      vertex 0.857805 125.315 187.698
      vertex 0.851936 125.384 187.891
      vertex 0.85407 125.384 187.697
    endloop
  endfacet
  facet normal -0.0708369 0.924423 -0.374732
    outer loop
      vertex -3.07958 78.428 193.935
      vertex -3.10959 78.8332 194.941
      vertex -3.09746 78.8342 194.941
    endloop
  endfacet
  facet normal -0.0694987 0.924524 -0.374733
    outer loop
      vertex -3.10959 78.8332 194.941
      vertex -3.07958 78.428 193.935
      vertex -3.115 78.8327 194.94
    endloop
  endfacet
  facet normal -0.0704537 0.92445 -0.374737
    outer loop
      vertex -3.115 78.8327 194.94
      vertex -3.07958 78.428 193.935
      vertex -3.09922 78.426 193.934
    endloop
  endfacet
  facet normal -0.0986666 0.922075 -0.374223
    outer loop
      vertex -3.10673 78.4252 193.934
      vertex -3.18399 78.8228 194.934
      vertex -3.115 78.8327 194.94
    endloop
  endfacet
  facet normal -0.0985319 0.922089 -0.374223
    outer loop
      vertex -3.17289 78.418 193.934
      vertex -3.18399 78.8228 194.934
      vertex -3.14147 78.4214 193.934
    endloop
  endfacet
  facet normal -0.0984196 0.922101 -0.374224
    outer loop
      vertex -3.25224 78.4098 193.935
      vertex -3.26328 78.8104 194.924
      vertex -3.22789 78.4123 193.934
    endloop
  endfacet
  facet normal -0.0988777 0.922055 -0.374216
    outer loop
      vertex -3.42801 78.7847 194.904
      vertex -3.3699 78.3988 193.938
      vertex -3.38627 78.3974 193.939
    endloop
  endfacet
  facet normal -0.0984131 0.922108 -0.374209
    outer loop
      vertex -3.42801 78.7847 194.904
      vertex -3.35281 78.4003 193.938
      vertex -3.3699 78.3988 193.938
    endloop
  endfacet
  facet normal -0.0988173 0.922059 -0.374221
    outer loop
      vertex -3.42801 78.7847 194.904
      vertex -3.3349 78.4019 193.937
      vertex -3.35281 78.4003 193.938
    endloop
  endfacet
  facet normal -0.0983878 0.922114 -0.374201
    outer loop
      vertex -3.42801 78.7847 194.904
      vertex -3.31605 78.4036 193.936
      vertex -3.3349 78.4019 193.937
    endloop
  endfacet
  facet normal -0.0988511 0.922052 -0.374231
    outer loop
      vertex -3.42801 78.7847 194.904
      vertex -3.2961 78.4055 193.936
      vertex -3.31605 78.4036 193.936
    endloop
  endfacet
  facet normal -0.0987004 0.922073 -0.374218
    outer loop
      vertex -3.26328 78.8104 194.924
      vertex -3.2961 78.4055 193.936
      vertex -3.42801 78.7847 194.904
    endloop
  endfacet
  facet normal -0.0986773 0.922075 -0.37422
    outer loop
      vertex -3.2961 78.4055 193.936
      vertex -3.26328 78.8104 194.924
      vertex -3.2749 78.4076 193.935
    endloop
  endfacet
  facet normal -0.0988397 0.922061 -0.374212
    outer loop
      vertex -3.2749 78.4076 193.935
      vertex -3.26328 78.8104 194.924
      vertex -3.25224 78.4098 193.935
    endloop
  endfacet
  facet normal -0.0990562 0.922038 -0.374211
    outer loop
      vertex -3.10673 78.4252 193.934
      vertex -3.115 78.8327 194.94
      vertex -3.09922 78.426 193.934
    endloop
  endfacet
  facet normal -0.0986704 0.922075 -0.374223
    outer loop
      vertex -3.18399 78.8228 194.934
      vertex -3.10673 78.4252 193.934
      vertex -3.14147 78.4214 193.934
    endloop
  endfacet
  facet normal -0.0987982 0.922061 -0.374221
    outer loop
      vertex -3.26328 78.8104 194.924
      vertex -3.20156 78.415 193.934
      vertex -3.22789 78.4123 193.934
    endloop
  endfacet
  facet normal -0.0986947 0.922074 -0.374218
    outer loop
      vertex -3.18399 78.8228 194.934
      vertex -3.17289 78.418 193.934
      vertex -3.26328 78.8104 194.924
    endloop
  endfacet
  facet normal -0.0987406 0.922068 -0.37422
    outer loop
      vertex -3.26328 78.8104 194.924
      vertex -3.17289 78.418 193.934
      vertex -3.20156 78.415 193.934
    endloop
  endfacet
  facet normal -0.36297 0.861682 -0.354621
    outer loop
      vertex -2.7903 79.0879 195.217
      vertex -2.78189 78.4955 193.769
      vertex -2.80536 79.0795 195.212
    endloop
  endfacet
  facet normal -0.362339 0.861911 -0.354711
    outer loop
      vertex -2.78189 78.4955 193.769
      vertex -2.7903 79.0879 195.217
      vertex -2.76388 78.4994 193.76
    endloop
  endfacet
  facet normal -0.384989 0.850892 -0.357444
    outer loop
      vertex -2.80536 79.0795 195.212
      vertex -2.81289 79.0746 195.208
      vertex -2.8112 79.076 195.21
    endloop
  endfacet
  facet normal -0.392115 0.852646 -0.345313
    outer loop
      vertex -2.80536 79.0795 195.212
      vertex -2.81363 79.074 195.208
      vertex -2.81289 79.0746 195.208
    endloop
  endfacet
  facet normal -0.387301 0.851651 -0.353112
    outer loop
      vertex -2.80536 79.0795 195.212
      vertex -3.09746 78.8342 194.941
      vertex -2.81363 79.074 195.208
    endloop
  endfacet
  facet normal -0.389266 0.851636 -0.350982
    outer loop
      vertex -2.78189 78.4955 193.769
      vertex -3.09746 78.8342 194.941
      vertex -2.80536 79.0795 195.212
    endloop
  endfacet
  facet normal -0.389211 0.851655 -0.350996
    outer loop
      vertex -3.09746 78.8342 194.941
      vertex -3.05666 78.4331 193.922
      vertex -3.07958 78.428 193.935
    endloop
  endfacet
  facet normal -0.389303 0.851618 -0.350985
    outer loop
      vertex -3.09746 78.8342 194.941
      vertex -3.01841 78.4416 193.901
      vertex -3.05666 78.4331 193.922
    endloop
  endfacet
  facet normal -0.389236 0.851646 -0.35099
    outer loop
      vertex -3.09746 78.8342 194.941
      vertex -2.95976 78.4549 193.868
      vertex -3.01841 78.4416 193.901
    endloop
  endfacet
  facet normal -0.3893 0.851618 -0.350988
    outer loop
      vertex -3.09746 78.8342 194.941
      vertex -2.85797 78.4781 193.811
      vertex -2.95976 78.4549 193.868
    endloop
  endfacet
  facet normal -0.389327 0.851605 -0.35099
    outer loop
      vertex -3.09746 78.8342 194.941
      vertex -2.78189 78.4955 193.769
      vertex -2.85797 78.4781 193.811
    endloop
  endfacet
  facet normal -0.638338 0.709625 -0.298257
    outer loop
      vertex -2.47993 78.6249 193.416
      vertex -2.53063 79.4318 195.444
      vertex -2.51758 79.448 195.455
    endloop
  endfacet
  facet normal -0.638314 0.709644 -0.298264
    outer loop
      vertex -2.53063 79.4318 195.444
      vertex -2.47993 78.6249 193.416
      vertex -2.49677 78.6142 193.426
    endloop
  endfacet
  facet normal -0.660996 0.691537 -0.291308
    outer loop
      vertex -2.76388 78.4994 193.76
      vertex -2.63868 79.2887 195.35
      vertex -2.53063 79.4318 195.444
    endloop
  endfacet
  facet normal -0.660992 0.69154 -0.29131
    outer loop
      vertex -2.63868 79.2887 195.35
      vertex -2.76388 78.4994 193.76
      vertex -2.7903 79.0879 195.217
    endloop
  endfacet
  facet normal -0.660988 0.691543 -0.291312
    outer loop
      vertex -2.53063 79.4318 195.444
      vertex -2.74311 78.5078 193.733
      vertex -2.76388 78.4994 193.76
    endloop
  endfacet
  facet normal -0.661011 0.691526 -0.2913
    outer loop
      vertex -2.53063 79.4318 195.444
      vertex -2.68535 78.5314 193.658
      vertex -2.74311 78.5078 193.733
    endloop
  endfacet
  facet normal -0.661004 0.691532 -0.291304
    outer loop
      vertex -2.53063 79.4318 195.444
      vertex -2.59086 78.5703 193.536
      vertex -2.68535 78.5314 193.658
    endloop
  endfacet
  facet normal -0.660982 0.691549 -0.291312
    outer loop
      vertex -2.49677 78.6142 193.426
      vertex -2.59086 78.5703 193.536
      vertex -2.53063 79.4318 195.444
    endloop
  endfacet
  facet normal -0.660685 0.692019 -0.290868
    outer loop
      vertex -2.59086 78.5703 193.536
      vertex -2.49677 78.6142 193.426
      vertex -2.51538 78.6016 193.439
    endloop
  endfacet
  facet normal -0.794156 0.558272 -0.240102
    outer loop
      vertex -2.20671 78.9057 193.108
      vertex -2.26977 79.9749 195.803
      vertex -2.25759 79.9965 195.813
    endloop
  endfacet
  facet normal -0.794183 0.558239 -0.24009
    outer loop
      vertex -2.26977 79.9749 195.803
      vertex -2.20671 78.9057 193.108
      vertex -2.22383 78.889 193.126
    endloop
  endfacet
  facet normal -0.812672 0.534943 -0.231084
    outer loop
      vertex -2.26977 79.9749 195.803
      vertex -2.51758 79.448 195.455
      vertex -2.29377 79.9293 195.782
    endloop
  endfacet
  facet normal -0.812755 0.534883 -0.230934
    outer loop
      vertex -2.22383 78.889 193.126
      vertex -2.51758 79.448 195.455
      vertex -2.26977 79.9749 195.803
    endloop
  endfacet
  facet normal -0.812766 0.534866 -0.230931
    outer loop
      vertex -2.31364 78.7963 193.227
      vertex -2.51758 79.448 195.455
      vertex -2.22383 78.889 193.126
    endloop
  endfacet
  facet normal -0.812754 0.534883 -0.230935
    outer loop
      vertex -2.51758 79.448 195.455
      vertex -2.31364 78.7963 193.227
      vertex -2.47993 78.6249 193.416
    endloop
  endfacet
  facet normal -0.856987 0.472102 -0.206624
    outer loop
      vertex -1.90647 79.3248 192.734
      vertex -1.98482 80.6683 196.128
      vertex -1.97197 80.6976 196.142
    endloop
  endfacet
  facet normal -0.856942 0.472172 -0.206651
    outer loop
      vertex -1.98482 80.6683 196.128
      vertex -1.90647 79.3248 192.734
      vertex -1.92609 79.2969 192.751
    endloop
  endfacet
  facet normal -0.872816 0.446707 -0.196585
    outer loop
      vertex -1.92609 79.2969 192.751
      vertex -2.16787 80.2175 195.917
      vertex -1.98482 80.6683 196.128
    endloop
  endfacet
  facet normal -0.872817 0.446704 -0.196585
    outer loop
      vertex -2.16787 80.2175 195.917
      vertex -1.92609 79.2969 192.751
      vertex -2.25759 79.9965 195.813
    endloop
  endfacet
  facet normal -0.872817 0.446703 -0.196589
    outer loop
      vertex -2.20671 78.9057 193.108
      vertex -1.92609 79.2969 192.751
      vertex -2.03844 79.1256 192.861
    endloop
  endfacet
  facet normal -0.872816 0.446706 -0.196585
    outer loop
      vertex -1.92609 79.2969 192.751
      vertex -2.20671 78.9057 193.108
      vertex -2.25759 79.9965 195.813
    endloop
  endfacet
  facet normal -0.653462 0.470855 -0.592691
    outer loop
      vertex -1.64127 81.6108 196.512
      vertex -1.65556 81.5754 196.5
      vertex -1.64299 81.6066 196.511
    endloop
  endfacet
  facet normal -0.886353 0.423281 -0.187646
    outer loop
      vertex -1.55903 79.9325 192.338
      vertex -1.65556 81.5754 196.5
      vertex -1.64127 81.6108 196.512
    endloop
  endfacet
  facet normal -0.886335 0.423313 -0.187658
    outer loop
      vertex -1.65556 81.5754 196.5
      vertex -1.55903 79.9325 192.338
      vertex -1.58288 79.8937 192.363
    endloop
  endfacet
  facet normal -0.900638 0.396827 -0.177142
    outer loop
      vertex -1.58288 79.8937 192.363
      vertex -1.78542 81.2258 196.377
      vertex -1.65556 81.5754 196.5
    endloop
  endfacet
  facet normal -0.900626 0.396851 -0.17715
    outer loop
      vertex -1.78542 81.2258 196.377
      vertex -1.58288 79.8937 192.363
      vertex -1.83122 81.1025 196.334
    endloop
  endfacet
  facet normal -0.900639 0.396824 -0.177142
    outer loop
      vertex -1.83122 81.1025 196.334
      vertex -1.58288 79.8937 192.363
      vertex -1.97197 80.6976 196.142
    endloop
  endfacet
  facet normal -0.900636 0.39683 -0.177143
    outer loop
      vertex -1.63941 79.7943 192.428
      vertex -1.97197 80.6976 196.142
      vertex -1.58288 79.8937 192.363
    endloop
  endfacet
  facet normal -0.900638 0.396826 -0.177143
    outer loop
      vertex -1.97197 80.6976 196.142
      vertex -1.63941 79.7943 192.428
      vertex -1.90647 79.3248 192.734
    endloop
  endfacet
  facet normal -0.915859 0.365891 -0.165306
    outer loop
      vertex -1.19223 80.7589 191.957
      vertex -1.30673 82.7001 196.888
      vertex -1.29229 82.7413 196.899
    endloop
  endfacet
  facet normal -0.915833 0.365947 -0.165328
    outer loop
      vertex -1.30673 82.7001 196.888
      vertex -1.19223 80.7589 191.957
      vertex -1.21858 80.7039 191.982
    endloop
  endfacet
  facet normal -0.928261 0.338394 -0.154342
    outer loop
      vertex -1.21858 80.7039 191.982
      vertex -1.33973 82.5966 196.86
      vertex -1.30673 82.7001 196.888
    endloop
  endfacet
  facet normal -0.928262 0.338391 -0.154341
    outer loop
      vertex -1.33973 82.5966 196.86
      vertex -1.21858 80.7039 191.982
      vertex -1.64127 81.6108 196.512
    endloop
  endfacet
  facet normal -0.928262 0.338391 -0.154341
    outer loop
      vertex -1.49656 80.0711 192.266
      vertex -1.64127 81.6108 196.512
      vertex -1.21858 80.7039 191.982
    endloop
  endfacet
  facet normal -0.928257 0.338588 -0.153938
    outer loop
      vertex -1.55903 79.9325 192.338
      vertex -1.49656 80.0711 192.266
      vertex -1.53752 79.9778 192.308
    endloop
  endfacet
  facet normal -0.928265 0.338384 -0.154338
    outer loop
      vertex -1.49656 80.0711 192.266
      vertex -1.55903 79.9325 192.338
      vertex -1.64127 81.6108 196.512
    endloop
  endfacet
  facet normal -0.939528 0.310786 -0.143872
    outer loop
      vertex -0.811322 81.8378 191.546
      vertex -0.945194 84.0831 197.271
      vertex -0.930953 84.1324 197.284
    endloop
  endfacet
  facet normal -0.939527 0.310789 -0.143873
    outer loop
      vertex -0.945194 84.0831 197.271
      vertex -0.811322 81.8378 191.546
      vertex -0.840056 81.7626 191.571
    endloop
  endfacet
  facet normal -0.950091 0.282428 -0.132521
    outer loop
      vertex -0.840056 81.7626 191.571
      vertex -1.00879 83.8373 197.203
      vertex -0.945194 84.0831 197.271
    endloop
  endfacet
  facet normal -0.950089 0.282433 -0.132523
    outer loop
      vertex -1.00879 83.8373 197.203
      vertex -0.840056 81.7626 191.571
      vertex -1.29229 82.7413 196.899
    endloop
  endfacet
  facet normal -0.950089 0.282433 -0.132523
    outer loop
      vertex -1.04998 81.1527 191.777
      vertex -1.29229 82.7413 196.899
      vertex -0.840056 81.7626 191.571
    endloop
  endfacet
  facet normal -0.95009 0.282429 -0.132522
    outer loop
      vertex -1.29229 82.7413 196.899
      vertex -1.04998 81.1527 191.777
      vertex -1.19223 80.7589 191.957
    endloop
  endfacet
  facet normal -0.957356 0.260717 -0.124485
    outer loop
      vertex -0.380528 83.3872 191.073
      vertex -0.539343 85.973 197.71
      vertex -0.524126 86.0355 197.724
    endloop
  endfacet
  facet normal -0.957358 0.260712 -0.124483
    outer loop
      vertex -0.539343 85.973 197.71
      vertex -0.380528 83.3872 191.073
      vertex -0.41496 83.2747 191.103
    endloop
  endfacet
  facet normal -0.966229 0.231686 -0.112797
    outer loop
      vertex -0.41496 83.2747 191.103
      vertex -0.71436 85.1542 197.528
      vertex -0.539343 85.973 197.71
    endloop
  endfacet
  facet normal -0.966229 0.231685 -0.112797
    outer loop
      vertex -0.71436 85.1542 197.528
      vertex -0.41496 83.2747 191.103
      vertex -0.875068 84.4022 197.36
    endloop
  endfacet
  facet normal -0.966228 0.231688 -0.112797
    outer loop
      vertex -0.875068 84.4022 197.36
      vertex -0.41496 83.2747 191.103
      vertex -0.930953 84.1324 197.284
    endloop
  endfacet
  facet normal -0.966229 0.231686 -0.112797
    outer loop
      vertex -0.580272 82.6639 191.264
      vertex -0.930953 84.1324 197.284
      vertex -0.41496 83.2747 191.103
    endloop
  endfacet
  facet normal -0.966224 0.231654 -0.112901
    outer loop
      vertex -0.591813 82.622 191.277
      vertex -0.580272 82.6639 191.264
      vertex -0.585375 82.6451 191.269
    endloop
  endfacet
  facet normal -0.966229 0.231687 -0.112797
    outer loop
      vertex -0.580272 82.6639 191.264
      vertex -0.591813 82.622 191.277
      vertex -0.930953 84.1324 197.284
    endloop
  endfacet
  facet normal -0.966229 0.231687 -0.112797
    outer loop
      vertex -0.930953 84.1324 197.284
      vertex -0.591813 82.622 191.277
      vertex -0.811322 81.8378 191.546
    endloop
  endfacet
  facet normal -0.970433 0.216166 -0.107383
    outer loop
      vertex 0.0896385 85.5542 190.551
      vertex 0.0270066 86.5614 193.145
      vertex 0.0314551 86.5786 193.139
    endloop
  endfacet
  facet normal -0.970451 0.216101 -0.107359
    outer loop
      vertex 0.0896385 85.5542 190.551
      vertex -0.00108774 86.4594 193.193
      vertex 0.0270066 86.5614 193.145
    endloop
  endfacet
  facet normal -0.970448 0.216111 -0.107362
    outer loop
      vertex -0.00108774 86.4594 193.193
      vertex 0.0896385 85.5542 190.551
      vertex 0.0494781 85.3909 190.585
    endloop
  endfacet
  facet normal -0.97045 0.216104 -0.107359
    outer loop
      vertex -0.0103162 87.314 194.997
      vertex -0.0981153 88.5098 198.197
      vertex -0.0825872 88.5864 198.211
    endloop
  endfacet
  facet normal -0.970447 0.216115 -0.107363
    outer loop
      vertex -0.0981153 88.5098 198.197
      vertex -0.0103162 87.314 194.997
      vertex -0.0367055 87.2121 195.03
    endloop
  endfacet
  facet normal -0.977794 0.186594 -0.0954054
    outer loop
      vertex -0.134837 86.0087 193.682
      vertex -0.380528 83.3872 191.073
      vertex -0.155176 85.9653 193.806
    endloop
  endfacet
  facet normal -0.977791 0.186604 -0.0954165
    outer loop
      vertex -0.11209 86.0682 193.566
      vertex -0.380528 83.3872 191.073
      vertex -0.134837 86.0087 193.682
    endloop
  endfacet
  facet normal -0.977791 0.186603 -0.095415
    outer loop
      vertex -0.380528 83.3872 191.073
      vertex -0.11209 86.0682 193.566
      vertex -0.149964 84.4488 190.787
    endloop
  endfacet
  facet normal -0.977791 0.186605 -0.095416
    outer loop
      vertex -0.087325 86.1426 193.457
      vertex -0.149964 84.4488 190.787
      vertex -0.11209 86.0682 193.566
    endloop
  endfacet
  facet normal -0.977791 0.186603 -0.0954149
    outer loop
      vertex -0.0609653 86.2307 193.359
      vertex -0.149964 84.4488 190.787
      vertex -0.087325 86.1426 193.457
    endloop
  endfacet
  facet normal -0.977791 0.186601 -0.0954137
    outer loop
      vertex -0.149964 84.4488 190.787
      vertex -0.0609653 86.2307 193.359
      vertex 0.0494781 85.3909 190.585
    endloop
  endfacet
  facet normal -0.977792 0.186598 -0.0954128
    outer loop
      vertex -0.0334618 86.331 193.274
      vertex 0.0494781 85.3909 190.585
      vertex -0.0609653 86.2307 193.359
    endloop
  endfacet
  facet normal -0.977791 0.186603 -0.0954143
    outer loop
      vertex -0.00528531 86.4418 193.202
      vertex 0.0494781 85.3909 190.585
      vertex -0.0334618 86.331 193.274
    endloop
  endfacet
  facet normal -0.977786 0.186627 -0.0954239
    outer loop
      vertex 0.0494781 85.3909 190.585
      vertex -0.00528531 86.4418 193.202
      vertex -0.00108774 86.4594 193.193
    endloop
  endfacet
  facet normal -0.977791 0.186602 -0.0954136
    outer loop
      vertex -0.0367055 87.2121 195.03
      vertex -0.222855 87.7886 198.065
      vertex -0.0981153 88.5098 198.197
    endloop
  endfacet
  facet normal -0.977789 0.186613 -0.0954156
    outer loop
      vertex -0.0394079 87.2 195.034
      vertex -0.222855 87.7886 198.065
      vertex -0.0367055 87.2121 195.03
    endloop
  endfacet
  facet normal -0.977792 0.186601 -0.0954133
    outer loop
      vertex -0.0667061 87.0697 195.059
      vertex -0.222855 87.7886 198.065
      vertex -0.0394079 87.2 195.034
    endloop
  endfacet
  facet normal -0.977791 0.186602 -0.0954139
    outer loop
      vertex -0.443704 86.5119 197.832
      vertex -0.0667061 87.0697 195.059
      vertex -0.0927623 86.9372 195.067
    endloop
  endfacet
  facet normal -0.977791 0.186605 -0.0954133
    outer loop
      vertex -0.443704 86.5119 197.832
      vertex -0.0927623 86.9372 195.067
      vertex -0.117131 86.8048 195.058
    endloop
  endfacet
  facet normal -0.977793 0.186591 -0.0954176
    outer loop
      vertex -0.524126 86.0355 197.724
      vertex -0.117131 86.8048 195.058
      vertex -0.139395 86.6749 195.032
    endloop
  endfacet
  facet normal -0.977789 0.186614 -0.0954114
    outer loop
      vertex -0.524126 86.0355 197.724
      vertex -0.139395 86.6749 195.032
      vertex -0.159173 86.5495 194.989
    endloop
  endfacet
  facet normal -0.977791 0.186602 -0.0954137
    outer loop
      vertex -0.0667061 87.0697 195.059
      vertex -0.443704 86.5119 197.832
      vertex -0.222855 87.7886 198.065
    endloop
  endfacet
  facet normal -0.977793 0.186592 -0.0954162
    outer loop
      vertex -0.524126 86.0355 197.724
      vertex -0.159173 86.5495 194.989
      vertex -0.176128 86.4308 194.931
    endloop
  endfacet
  facet normal -0.977791 0.186604 -0.0954141
    outer loop
      vertex -0.524126 86.0355 197.724
      vertex -0.176128 86.4308 194.931
      vertex -0.189968 86.3209 194.858
    endloop
  endfacet
  facet normal -0.977789 0.186613 -0.0954131
    outer loop
      vertex -0.524126 86.0355 197.724
      vertex -0.189968 86.3209 194.858
      vertex -0.200457 86.2217 194.771
    endloop
  endfacet
  facet normal -0.977792 0.186599 -0.0954142
    outer loop
      vertex -0.524126 86.0355 197.724
      vertex -0.200457 86.2217 194.771
      vertex -0.207416 86.1349 194.673
    endloop
  endfacet
  facet normal -0.977792 0.186597 -0.0954143
    outer loop
      vertex -0.524126 86.0355 197.724
      vertex -0.207416 86.1349 194.673
      vertex -0.210726 86.0618 194.564
    endloop
  endfacet
  facet normal -0.977791 0.186604 -0.0954135
    outer loop
      vertex -0.117131 86.8048 195.058
      vertex -0.524126 86.0355 197.724
      vertex -0.443704 86.5119 197.832
    endloop
  endfacet
  facet normal -0.977788 0.186622 -0.0954137
    outer loop
      vertex -0.210329 86.0039 194.447
      vertex -0.524126 86.0355 197.724
      vertex -0.210726 86.0618 194.564
    endloop
  endfacet
  facet normal -0.977793 0.186595 -0.0954139
    outer loop
      vertex -0.206234 85.962 194.323
      vertex -0.524126 86.0355 197.724
      vertex -0.210329 86.0039 194.447
    endloop
  endfacet
  facet normal -0.97779 0.186608 -0.0954189
    outer loop
      vertex -0.380528 83.3872 191.073
      vertex -0.206234 85.962 194.323
      vertex -0.198509 85.9369 194.195
    endloop
  endfacet
  facet normal -0.977791 0.186603 -0.0954146
    outer loop
      vertex -0.380528 83.3872 191.073
      vertex -0.198509 85.9369 194.195
      vertex -0.187286 85.9291 194.064
    endloop
  endfacet
  facet normal -0.977792 0.1866 -0.0954117
    outer loop
      vertex -0.155176 85.9653 193.806
      vertex -0.380528 83.3872 191.073
      vertex -0.17276 85.9386 193.934
    endloop
  endfacet
  facet normal -0.977788 0.186613 -0.095423
    outer loop
      vertex -0.17276 85.9386 193.934
      vertex -0.380528 83.3872 191.073
      vertex -0.187286 85.9291 194.064
    endloop
  endfacet
  facet normal -0.977791 0.186602 -0.0954139
    outer loop
      vertex -0.206234 85.962 194.323
      vertex -0.380528 83.3872 191.073
      vertex -0.524126 86.0355 197.724
    endloop
  endfacet
  facet normal -0.980193 0.175445 -0.0918788
    outer loop
      vertex 0.497315 88.0125 190.077
      vertex 0.284444 91.3045 198.634
      vertex 0.297157 91.3816 198.646
    endloop
  endfacet
  facet normal -0.980195 0.175433 -0.0918746
    outer loop
      vertex 0.284444 91.3045 198.634
      vertex 0.497315 88.0125 190.077
      vertex 0.459931 87.8209 190.11
    endloop
  endfacet
  facet normal -0.986124 0.145574 -0.0797938
    outer loop
      vertex 0.132975 87.9196 194.331
      vertex 0.0794221 89.7899 198.405
      vertex 0.284444 91.3045 198.634
    endloop
  endfacet
  facet normal -0.986124 0.145576 -0.0797946
    outer loop
      vertex 0.0984093 87.8173 194.571
      vertex 0.0794221 89.7899 198.405
      vertex 0.116603 87.8764 194.454
    endloop
  endfacet
  facet normal -0.986124 0.145575 -0.0797947
    outer loop
      vertex 0.147245 87.9461 194.203
      vertex 0.284444 91.3045 198.634
      vertex 0.159169 87.9554 194.072
    endloop
  endfacet
  facet normal -0.986123 0.14558 -0.0797983
    outer loop
      vertex 0.284444 91.3045 198.634
      vertex 0.168543 87.9475 193.942
      vertex 0.159169 87.9554 194.072
    endloop
  endfacet
  facet normal -0.986126 0.145566 -0.0797886
    outer loop
      vertex 0.284444 91.3045 198.634
      vertex 0.175207 87.9223 193.814
      vertex 0.168543 87.9475 193.942
    endloop
  endfacet
  facet normal -0.986124 0.145574 -0.0797938
    outer loop
      vertex 0.459931 87.8209 190.11
      vertex 0.175207 87.9223 193.814
      vertex 0.284444 91.3045 198.634
    endloop
  endfacet
  facet normal -0.986126 0.145564 -0.0797936
    outer loop
      vertex 0.175207 87.9223 193.814
      vertex 0.459931 87.8209 190.11
      vertex 0.179046 87.8804 193.69
    endloop
  endfacet
  facet normal -0.986125 0.14557 -0.0797936
    outer loop
      vertex 0.179046 87.8804 193.69
      vertex 0.459931 87.8209 190.11
      vertex 0.179995 87.8225 193.573
    endloop
  endfacet
  facet normal -0.986125 0.145572 -0.0797936
    outer loop
      vertex 0.459931 87.8209 190.11
      vertex 0.178038 87.7496 193.464
      vertex 0.179995 87.8225 193.573
    endloop
  endfacet
  facet normal -0.986124 0.145578 -0.0797934
    outer loop
      vertex 0.459931 87.8209 190.11
      vertex 0.173208 87.6628 193.365
      vertex 0.178038 87.7496 193.464
    endloop
  endfacet
  facet normal -0.986123 0.145584 -0.079793
    outer loop
      vertex 0.459931 87.8209 190.11
      vertex 0.165587 87.5638 193.279
      vertex 0.173208 87.6628 193.365
    endloop
  endfacet
  facet normal -0.986125 0.145566 -0.0797947
    outer loop
      vertex 0.459931 87.8209 190.11
      vertex 0.155307 87.4541 193.206
      vertex 0.165587 87.5638 193.279
    endloop
  endfacet
  facet normal -0.986125 0.145571 -0.0797941
    outer loop
      vertex 0.459931 87.8209 190.11
      vertex 0.142543 87.3358 193.147
      vertex 0.155307 87.4541 193.206
    endloop
  endfacet
  facet normal -0.986125 0.145571 -0.0797941
    outer loop
      vertex 0.459931 87.8209 190.11
      vertex 0.127513 87.2107 193.105
      vertex 0.142543 87.3358 193.147
    endloop
  endfacet
  facet normal -0.986123 0.145581 -0.0797918
    outer loop
      vertex 0.459931 87.8209 190.11
      vertex 0.110475 87.081 193.079
      vertex 0.127513 87.2107 193.105
    endloop
  endfacet
  facet normal -0.986124 0.145573 -0.0797939
    outer loop
      vertex 0.255338 86.5567 190.332
      vertex 0.110475 87.081 193.079
      vertex 0.459931 87.8209 190.11
    endloop
  endfacet
  facet normal -0.986124 0.145577 -0.0797945
    outer loop
      vertex 0.110475 87.081 193.079
      vertex 0.255338 86.5567 190.332
      vertex 0.0917195 86.949 193.07
    endloop
  endfacet
  facet normal -0.986125 0.145567 -0.0797932
    outer loop
      vertex 0.0917195 86.949 193.07
      vertex 0.255338 86.5567 190.332
      vertex 0.0715684 86.8169 193.078
    endloop
  endfacet
  facet normal -0.986125 0.14557 -0.0797935
    outer loop
      vertex 0.236473 86.4426 190.357
      vertex 0.0715684 86.8169 193.078
      vertex 0.255338 86.5567 190.332
    endloop
  endfacet
  facet normal -0.986124 0.145578 -0.0797944
    outer loop
      vertex 0.0715684 86.8169 193.078
      vertex 0.236473 86.4426 190.357
      vertex 0.050366 86.687 193.103
    endloop
  endfacet
  facet normal -0.986124 0.145574 -0.0797941
    outer loop
      vertex 0.0896385 85.5542 190.551
      vertex 0.050366 86.687 193.103
      vertex 0.236473 86.4426 190.357
    endloop
  endfacet
  facet normal -0.986125 0.145568 -0.0797915
    outer loop
      vertex 0.050366 86.687 193.103
      vertex 0.0896385 85.5542 190.551
      vertex 0.0314551 86.5786 193.139
    endloop
  endfacet
  facet normal -0.986125 0.145571 -0.0797913
    outer loop
      vertex 0.132975 87.9196 194.331
      vertex 0.284444 91.3045 198.634
      vertex 0.147245 87.9461 194.203
    endloop
  endfacet
  facet normal -0.986124 0.145575 -0.0797943
    outer loop
      vertex 0.0794221 89.7899 198.405
      vertex 0.132975 87.9196 194.331
      vertex 0.116603 87.8764 194.454
    endloop
  endfacet
  facet normal -0.986125 0.14557 -0.0797919
    outer loop
      vertex 0.078705 87.7432 194.68
      vertex 0.0794221 89.7899 198.405
      vertex 0.0984093 87.8173 194.571
    endloop
  endfacet
  facet normal -0.986124 0.145574 -0.079794
    outer loop
      vertex 0.0794221 89.7899 198.405
      vertex 0.078705 87.7432 194.68
      vertex -0.0386262 88.9178 198.273
    endloop
  endfacet
  facet normal -0.986124 0.145576 -0.0797946
    outer loop
      vertex 0.0578275 87.6554 194.778
      vertex -0.0386262 88.9178 198.273
      vertex 0.078705 87.7432 194.68
    endloop
  endfacet
  facet normal -0.986125 0.145571 -0.0797929
    outer loop
      vertex -0.0386262 88.9178 198.273
      vertex 0.0578275 87.6554 194.778
      vertex -0.0825872 88.5864 198.211
    endloop
  endfacet
  facet normal -0.986124 0.145577 -0.0797945
    outer loop
      vertex 0.0361339 87.5555 194.863
      vertex -0.0825872 88.5864 198.211
      vertex 0.0578275 87.6554 194.778
    endloop
  endfacet
  facet normal -0.986124 0.145574 -0.0797936
    outer loop
      vertex 0.0139956 87.4451 194.936
      vertex -0.0825872 88.5864 198.211
      vertex 0.0361339 87.5555 194.863
    endloop
  endfacet
  facet normal -0.986125 0.145569 -0.0797919
    outer loop
      vertex -0.00820897 87.3261 194.993
      vertex -0.0825872 88.5864 198.211
      vertex 0.0139956 87.4451 194.936
    endloop
  endfacet
  facet normal -0.986128 0.145552 -0.0797852
    outer loop
      vertex -0.0825872 88.5864 198.211
      vertex -0.00820897 87.3261 194.993
      vertex -0.0103162 87.314 194.997
    endloop
  endfacet
  facet normal -0.986955 0.140453 -0.0786997
    outer loop
      vertex 0.829531 90.6816 189.657
      vertex 0.593003 94.2624 199.014
      vertex 0.602945 94.3375 199.023
    endloop
  endfacet
  facet normal -0.986955 0.140448 -0.078698
    outer loop
      vertex 0.593003 94.2624 199.014
      vertex 0.829531 90.6816 189.657
      vertex 0.796592 90.4672 189.688
    endloop
  endfacet
  facet normal -0.991663 0.110341 -0.0665494
    outer loop
      vertex 0.796592 90.4672 189.688
      vertex 0.320165 91.6094 198.681
      vertex 0.390901 92.2972 198.767
    endloop
  endfacet
  facet normal -0.991663 0.110343 -0.0665497
    outer loop
      vertex 0.796592 90.4672 189.688
      vertex 0.390901 92.2972 198.767
      vertex 0.593003 94.2624 199.014
    endloop
  endfacet
  facet normal -0.991663 0.110344 -0.0665498
    outer loop
      vertex 0.320165 91.6094 198.681
      vertex 0.796592 90.4672 189.688
      vertex 0.297157 91.3816 198.646
    endloop
  endfacet
  facet normal -0.991663 0.110343 -0.0665496
    outer loop
      vertex 0.636133 89.1416 189.881
      vertex 0.297157 91.3816 198.646
      vertex 0.796592 90.4672 189.688
    endloop
  endfacet
  facet normal -0.991663 0.110343 -0.0665498
    outer loop
      vertex 0.614116 88.9597 189.907
      vertex 0.297157 91.3816 198.646
      vertex 0.636133 89.1416 189.881
    endloop
  endfacet
  facet normal -0.991663 0.110342 -0.0665494
    outer loop
      vertex 0.589954 88.7638 189.942
      vertex 0.297157 91.3816 198.646
      vertex 0.614116 88.9597 189.907
    endloop
  endfacet
  facet normal -0.991663 0.110343 -0.0665497
    outer loop
      vertex 0.297157 91.3816 198.646
      vertex 0.589954 88.7638 189.942
      vertex 0.497315 88.0125 190.077
    endloop
  endfacet
  facet normal -0.991718 0.109476 -0.0671668
    outer loop
      vertex 1.08394 93.5261 189.286
      vertex 0.979969 94.9673 193.171
      vertex 0.987405 95.0232 193.152
    endloop
  endfacet
  facet normal -0.991716 0.109484 -0.0671698
    outer loop
      vertex 1.08394 93.5261 189.286
      vertex 0.966248 94.8715 193.217
      vertex 0.979969 94.9673 193.171
    endloop
  endfacet
  facet normal -0.991716 0.109484 -0.0671698
    outer loop
      vertex 0.966248 94.8715 193.217
      vertex 1.08394 93.5261 189.286
      vertex 1.05616 93.2915 189.314
    endloop
  endfacet
  facet normal -0.991717 0.109483 -0.0671693
    outer loop
      vertex 0.940936 95.744 195.013
      vertex 0.825146 97.3509 199.342
      vertex 0.83265 97.4234 199.349
    endloop
  endfacet
  facet normal -0.99172 0.109454 -0.0671588
    outer loop
      vertex 0.93917 95.7316 195.019
      vertex 0.825146 97.3509 199.342
      vertex 0.940936 95.744 195.013
    endloop
  endfacet
  facet normal -0.991715 0.109493 -0.0671732
    outer loop
      vertex 0.825146 97.3509 199.342
      vertex 0.93917 95.7316 195.019
      vertex 0.923855 95.6164 195.057
    endloop
  endfacet
  facet normal -0.99534 0.0792048 -0.0549955
    outer loop
      vertex 1.05616 93.2915 189.314
      vertex 0.963825 94.8487 193.228
      vertex 0.966248 94.8715 193.217
    endloop
  endfacet
  facet normal -0.99534 0.0792033 -0.0549949
    outer loop
      vertex 1.05616 93.2915 189.314
      vertex 0.951091 94.7389 193.3
      vertex 0.963825 94.8487 193.228
    endloop
  endfacet
  facet normal -0.99534 0.0792037 -0.0549951
    outer loop
      vertex 1.05616 93.2915 189.314
      vertex 0.938437 94.6395 193.386
      vertex 0.951091 94.7389 193.3
    endloop
  endfacet
  facet normal -0.99534 0.0792042 -0.0549952
    outer loop
      vertex 0.93576 91.8958 189.483
      vertex 0.938437 94.6395 193.386
      vertex 1.05616 93.2915 189.314
    endloop
  endfacet
  facet normal -0.99534 0.0792052 -0.0549959
    outer loop
      vertex 0.938437 94.6395 193.386
      vertex 0.93576 91.8958 189.483
      vertex 0.926079 94.5523 193.484
    endloop
  endfacet
  facet normal -0.99534 0.0792022 -0.0549939
    outer loop
      vertex 0.926079 94.5523 193.484
      vertex 0.93576 91.8958 189.483
      vertex 0.914229 94.4787 193.593
    endloop
  endfacet
  facet normal -0.99534 0.0792042 -0.0549952
    outer loop
      vertex 0.914341 91.6475 189.513
      vertex 0.914229 94.4787 193.593
      vertex 0.93576 91.8958 189.483
    endloop
  endfacet
  facet normal -0.99534 0.0792035 -0.0549947
    outer loop
      vertex 0.914229 94.4787 193.593
      vertex 0.914341 91.6475 189.513
      vertex 0.90309 94.4201 193.71
    endloop
  endfacet
  facet normal -0.99534 0.0792048 -0.0549956
    outer loop
      vertex 0.829531 90.6816 189.657
      vertex 0.90309 94.4201 193.71
      vertex 0.914341 91.6475 189.513
    endloop
  endfacet
  facet normal -0.99534 0.0792082 -0.0549984
    outer loop
      vertex 0.892853 94.3773 193.834
      vertex 0.829531 90.6816 189.657
      vertex 0.883692 94.3511 193.962
    endloop
  endfacet
  facet normal -0.99534 0.0792037 -0.0549946
    outer loop
      vertex 0.883692 94.3511 193.962
      vertex 0.829531 90.6816 189.657
      vertex 0.875765 94.342 194.092
    endloop
  endfacet
  facet normal -0.99534 0.0792041 -0.054995
    outer loop
      vertex 0.875765 94.342 194.092
      vertex 0.829531 90.6816 189.657
      vertex 0.869206 94.3502 194.223
    endloop
  endfacet
  facet normal -0.99534 0.0792045 -0.0549953
    outer loop
      vertex 0.869206 94.3502 194.223
      vertex 0.829531 90.6816 189.657
      vertex 0.602945 94.3375 199.023
    endloop
  endfacet
  facet normal -0.995346 0.0791501 -0.0549733
    outer loop
      vertex 0.922881 95.6065 195.06
      vertex 0.825146 97.3509 199.342
      vertex 0.923855 95.6164 195.057
    endloop
  endfacet
  facet normal -0.99534 0.0792011 -0.054996
    outer loop
      vertex 0.620196 94.5752 199.053
      vertex 0.922881 95.6065 195.06
      vertex 0.9112 95.4771 195.086
    endloop
  endfacet
  facet normal -0.99534 0.0792098 -0.054994
    outer loop
      vertex 0.620196 94.5752 199.053
      vertex 0.9112 95.4771 195.086
      vertex 0.900282 95.3457 195.094
    endloop
  endfacet
  facet normal -0.99534 0.0792014 -0.0549957
    outer loop
      vertex 0.620196 94.5752 199.053
      vertex 0.900282 95.3457 195.094
      vertex 0.890314 95.2142 195.085
    endloop
  endfacet
  facet normal -0.99534 0.0792076 -0.0549947
    outer loop
      vertex 0.620196 94.5752 199.053
      vertex 0.890314 95.2142 195.085
      vertex 0.881465 95.0851 195.059
    endloop
  endfacet
  facet normal -0.99534 0.0792011 -0.0549958
    outer loop
      vertex 0.602945 94.3375 199.023
      vertex 0.881465 95.0851 195.059
      vertex 0.873888 94.9605 195.017
    endloop
  endfacet
  facet normal -0.99534 0.079203 -0.0549955
    outer loop
      vertex 0.602945 94.3375 199.023
      vertex 0.873888 94.9605 195.017
      vertex 0.867712 94.8425 194.959
    endloop
  endfacet
  facet normal -0.99534 0.0792081 -0.0549948
    outer loop
      vertex 0.602945 94.3375 199.023
      vertex 0.867712 94.8425 194.959
      vertex 0.863043 94.7333 194.886
    endloop
  endfacet
  facet normal -0.99534 0.0792044 -0.0549952
    outer loop
      vertex 0.602945 94.3375 199.023
      vertex 0.863043 94.7333 194.886
      vertex 0.859961 94.6345 194.799
    endloop
  endfacet
  facet normal -0.99534 0.0792043 -0.0549952
    outer loop
      vertex 0.922881 95.6065 195.06
      vertex 0.620196 94.5752 199.053
      vertex 0.825146 97.3509 199.342
    endloop
  endfacet
  facet normal -0.99534 0.0792024 -0.0549954
    outer loop
      vertex 0.602945 94.3375 199.023
      vertex 0.859961 94.6345 194.799
      vertex 0.858517 94.548 194.701
    endloop
  endfacet
  facet normal -0.99534 0.079205 -0.0549952
    outer loop
      vertex 0.602945 94.3375 199.023
      vertex 0.858517 94.548 194.701
      vertex 0.858738 94.4752 194.592
    endloop
  endfacet
  facet normal -0.995341 0.0791921 -0.0549957
    outer loop
      vertex 0.602945 94.3375 199.023
      vertex 0.858738 94.4752 194.592
      vertex 0.86062 94.4173 194.475
    endloop
  endfacet
  facet normal -0.995339 0.0792198 -0.0549951
    outer loop
      vertex 0.602945 94.3375 199.023
      vertex 0.86062 94.4173 194.475
      vertex 0.864129 94.3754 194.351
    endloop
  endfacet
  facet normal -0.995341 0.0791998 -0.0549953
    outer loop
      vertex 0.602945 94.3375 199.023
      vertex 0.864129 94.3754 194.351
      vertex 0.869206 94.3502 194.223
    endloop
  endfacet
  facet normal -0.99534 0.0792027 -0.0549936
    outer loop
      vertex 0.90309 94.4201 193.71
      vertex 0.829531 90.6816 189.657
      vertex 0.892853 94.3773 193.834
    endloop
  endfacet
  facet normal -0.99534 0.0792056 -0.0549949
    outer loop
      vertex 0.881465 95.0851 195.059
      vertex 0.602945 94.3375 199.023
      vertex 0.620196 94.5752 199.053
    endloop
  endfacet
  facet normal -0.994876 0.0831585 -0.0575056
    outer loop
      vertex 1.2618 96.4647 188.967
      vertex 0.98266 100.49 199.617
      vertex 0.988065 100.559 199.623
    endloop
  endfacet
  facet normal -0.994877 0.0831499 -0.0575024
    outer loop
      vertex 0.98266 100.49 199.617
      vertex 1.2618 96.4647 188.967
      vertex 1.23968 96.2167 188.991
    endloop
  endfacet
  facet normal -0.997577 0.0527639 -0.0453478
    outer loop
      vertex 0.993415 96.2774 194.479
      vertex 0.867208 98.1353 199.417
      vertex 0.98266 100.49 199.617
    endloop
  endfacet
  facet normal -0.997577 0.052761 -0.0453466
    outer loop
      vertex 0.97618 96.1455 194.705
      vertex 0.867208 98.1353 199.417
      vertex 0.984996 96.2189 194.596
    endloop
  endfacet
  facet normal -0.997577 0.0527655 -0.0453485
    outer loop
      vertex 0.867208 98.1353 199.417
      vertex 0.97618 96.1455 194.705
      vertex 0.850921 97.8031 199.389
    endloop
  endfacet
  facet normal -0.997577 0.0527593 -0.0453443
    outer loop
      vertex 1.0085 96.3461 194.227
      vertex 0.98266 100.49 199.617
      vertex 1.0149 96.3551 194.097
    endloop
  endfacet
  facet normal -0.997576 0.0527684 -0.0453512
    outer loop
      vertex 0.98266 100.49 199.617
      vertex 1.0204 96.3469 193.966
      vertex 1.0149 96.3551 194.097
    endloop
  endfacet
  facet normal -0.997577 0.0527619 -0.0453464
    outer loop
      vertex 0.98266 100.49 199.617
      vertex 1.02489 96.3216 193.838
      vertex 1.0204 96.3469 193.966
    endloop
  endfacet
  facet normal -0.997577 0.0527642 -0.045348
    outer loop
      vertex 1.23968 96.2167 188.991
      vertex 1.02489 96.3216 193.838
      vertex 0.98266 100.49 199.617
    endloop
  endfacet
  facet normal -0.997577 0.0527611 -0.045348
    outer loop
      vertex 1.02489 96.3216 193.838
      vertex 1.23968 96.2167 188.991
      vertex 1.0283 96.2797 193.714
    endloop
  endfacet
  facet normal -0.997576 0.0527702 -0.0453481
    outer loop
      vertex 1.0283 96.2797 193.714
      vertex 1.23968 96.2167 188.991
      vertex 1.03058 96.2218 193.597
    endloop
  endfacet
  facet normal -0.997577 0.0527586 -0.0453481
    outer loop
      vertex 1.23968 96.2167 188.991
      vertex 1.03168 96.1491 193.488
      vertex 1.03058 96.2218 193.597
    endloop
  endfacet
  facet normal -0.997577 0.0527652 -0.045348
    outer loop
      vertex 1.23968 96.2167 188.991
      vertex 1.03158 96.0626 193.39
      vertex 1.03168 96.1491 193.488
    endloop
  endfacet
  facet normal -0.997577 0.0527687 -0.0453478
    outer loop
      vertex 1.23968 96.2167 188.991
      vertex 1.03029 95.964 193.303
      vertex 1.03158 96.0626 193.39
    endloop
  endfacet
  facet normal -0.997577 0.052762 -0.0453482
    outer loop
      vertex 1.23968 96.2167 188.991
      vertex 1.02783 95.8549 193.23
      vertex 1.03029 95.964 193.303
    endloop
  endfacet
  facet normal -0.997577 0.0527644 -0.045348
    outer loop
      vertex 1.23968 96.2167 188.991
      vertex 1.02424 95.7371 193.172
      vertex 1.02783 95.8549 193.23
    endloop
  endfacet
  facet normal -0.997577 0.0527608 -0.0453484
    outer loop
      vertex 1.23968 96.2167 188.991
      vertex 1.01958 95.6127 193.13
      vertex 1.02424 95.7371 193.172
    endloop
  endfacet
  facet normal -0.997577 0.0527691 -0.0453472
    outer loop
      vertex 1.23968 96.2167 188.991
      vertex 1.01393 95.4837 193.104
      vertex 1.01958 95.6127 193.13
    endloop
  endfacet
  facet normal -0.997577 0.0527645 -0.045348
    outer loop
      vertex 1.14731 94.6091 189.152
      vertex 1.01393 95.4837 193.104
      vertex 1.23968 96.2167 188.991
    endloop
  endfacet
  facet normal -0.997577 0.052763 -0.0453477
    outer loop
      vertex 1.01393 95.4837 193.104
      vertex 1.14731 94.6091 189.152
      vertex 1.0074 95.3525 193.095
    endloop
  endfacet
  facet normal -0.997577 0.0527639 -0.0453479
    outer loop
      vertex 1.0074 95.3525 193.095
      vertex 1.14731 94.6091 189.152
      vertex 1.00008 95.2213 193.104
    endloop
  endfacet
  facet normal -0.997577 0.0527656 -0.0453481
    outer loop
      vertex 1.00008 95.2213 193.104
      vertex 1.14731 94.6091 189.152
      vertex 0.992102 95.0922 193.129
    endloop
  endfacet
  facet normal -0.997577 0.0527641 -0.045348
    outer loop
      vertex 0.992102 95.0922 193.129
      vertex 1.14731 94.6091 189.152
      vertex 0.987405 95.0232 193.152
    endloop
  endfacet
  facet normal -0.997577 0.0527638 -0.0453479
    outer loop
      vertex 0.987405 95.0232 193.152
      vertex 1.14731 94.6091 189.152
      vertex 1.08394 93.5261 189.286
    endloop
  endfacet
  facet normal -0.997577 0.0527643 -0.0453482
    outer loop
      vertex 1.00129 96.3201 194.355
      vertex 0.98266 100.49 199.617
      vertex 1.0085 96.3461 194.227
    endloop
  endfacet
  facet normal -0.997577 0.0527668 -0.0453501
    outer loop
      vertex 0.993415 96.2774 194.479
      vertex 0.98266 100.49 199.617
      vertex 1.00129 96.3201 194.355
    endloop
  endfacet
  facet normal -0.997577 0.052764 -0.0453478
    outer loop
      vertex 0.867208 98.1353 199.417
      vertex 0.993415 96.2774 194.479
      vertex 0.984996 96.2189 194.596
    endloop
  endfacet
  facet normal -0.997577 0.0527667 -0.0453489
    outer loop
      vertex 0.967119 96.0585 194.803
      vertex 0.850921 97.8031 199.389
      vertex 0.97618 96.1455 194.705
    endloop
  endfacet
  facet normal -0.997577 0.0527627 -0.0453474
    outer loop
      vertex 0.850921 97.8031 199.389
      vertex 0.967119 96.0585 194.803
      vertex 0.833221 97.4353 199.35
    endloop
  endfacet
  facet normal -0.997575 0.0527877 -0.0453549
    outer loop
      vertex 0.833221 97.4353 199.35
      vertex 0.967119 96.0585 194.803
      vertex 0.83265 97.4234 199.349
    endloop
  endfacet
  facet normal -0.997577 0.052766 -0.0453484
    outer loop
      vertex 0.957966 95.9594 194.889
      vertex 0.83265 97.4234 199.349
      vertex 0.967119 96.0585 194.803
    endloop
  endfacet
  facet normal -0.997577 0.0527647 -0.045348
    outer loop
      vertex 0.94888 95.8498 194.961
      vertex 0.83265 97.4234 199.349
      vertex 0.957966 95.9594 194.889
    endloop
  endfacet
  facet normal -0.997577 0.0527598 -0.0453463
    outer loop
      vertex 0.83265 97.4234 199.349
      vertex 0.94888 95.8498 194.961
      vertex 0.940936 95.744 195.013
    endloop
  endfacet
  facet normal -0.996861 0.0615942 -0.0497339
    outer loop
      vertex 1.37453 99.4853 188.692
      vertex 1.07663 103.673 199.849
      vertex 1.08045 103.738 199.853
    endloop
  endfacet
  facet normal -0.996862 0.0615878 -0.0497314
    outer loop
      vertex 1.07663 103.673 199.849
      vertex 1.37453 99.4853 188.692
      vertex 1.35744 99.2254 188.712
    endloop
  endfacet
  facet normal -0.998807 0.0311344 -0.037619
    outer loop
      vertex 1.35744 99.2254 188.712
      vertex 1.00821 101.28 199.685
      vertex 1.01355 101.467 199.698
    endloop
  endfacet
  facet normal -0.998807 0.0311343 -0.037619
    outer loop
      vertex 1.35744 99.2254 188.712
      vertex 1.01355 101.467 199.698
      vertex 1.07663 103.673 199.849
    endloop
  endfacet
  facet normal -0.998807 0.0311344 -0.037619
    outer loop
      vertex 1.00821 101.28 199.685
      vertex 1.35744 99.2254 188.712
      vertex 0.988065 100.559 199.623
    endloop
  endfacet
  facet normal -0.998807 0.0311347 -0.0376191
    outer loop
      vertex 1.30971 97.8325 188.827
      vertex 0.988065 100.559 199.623
      vertex 1.35744 99.2254 188.712
    endloop
  endfacet
  facet normal -0.998807 0.0311337 -0.0376188
    outer loop
      vertex 1.29841 97.5099 188.86
      vertex 0.988065 100.559 199.623
      vertex 1.30971 97.8325 188.827
    endloop
  endfacet
  facet normal -0.998807 0.0311343 -0.037619
    outer loop
      vertex 0.988065 100.559 199.623
      vertex 1.29841 97.5099 188.86
      vertex 1.2618 96.4647 188.967
    endloop
  endfacet
  facet normal -0.998063 0.0443176 -0.0436539
    outer loop
      vertex 1.43333 102.582 188.455
      vertex 1.11818 106.898 200.042
      vertex 1.12082 106.96 200.045
    endloop
  endfacet
  facet normal -0.998063 0.0443182 -0.0436542
    outer loop
      vertex 1.11818 106.898 200.042
      vertex 1.43333 102.582 188.455
      vertex 1.42055 102.311 188.472
    endloop
  endfacet
  facet normal -0.999405 0.0138244 -0.0316001
    outer loop
      vertex 1.42055 102.311 188.472
      vertex 1.11119 106.322 200.011
      vertex 1.11818 106.898 200.042
    endloop
  endfacet
  facet normal -0.999405 0.0138243 -0.0316
    outer loop
      vertex 1.11119 106.322 200.011
      vertex 1.42055 102.311 188.472
      vertex 1.09506 104.992 199.94
    endloop
  endfacet
  facet normal -0.999405 0.0138241 -0.0316
    outer loop
      vertex 1.09506 104.992 199.94
      vertex 1.42055 102.311 188.472
      vertex 1.08045 103.738 199.853
    endloop
  endfacet
  facet normal -0.999405 0.0138239 -0.0315999
    outer loop
      vertex 1.40926 101.602 188.519
      vertex 1.08045 103.738 199.853
      vertex 1.42055 102.311 188.472
    endloop
  endfacet
  facet normal -0.999405 0.0138248 -0.0316001
    outer loop
      vertex 1.40453 101.305 188.539
      vertex 1.08045 103.738 199.853
      vertex 1.40926 101.602 188.519
    endloop
  endfacet
  facet normal -0.999405 0.0138238 -0.0315999
    outer loop
      vertex 1.3994 100.994 188.565
      vertex 1.08045 103.738 199.853
      vertex 1.40453 101.305 188.539
    endloop
  endfacet
  facet normal -0.999405 0.0138244 -0.0316
    outer loop
      vertex 1.08045 103.738 199.853
      vertex 1.3994 100.994 188.565
      vertex 1.37453 99.4853 188.692
    endloop
  endfacet
  facet normal -0.998798 0.0300263 -0.0387512
    outer loop
      vertex 1.44585 105.73 188.255
      vertex 1.39388 106.351 190.076
      vertex 1.39678 106.397 190.036
    endloop
  endfacet
  facet normal -0.998798 0.0300174 -0.0387481
    outer loop
      vertex 1.43691 105.45 188.268
      vertex 1.39388 106.351 190.076
      vertex 1.44585 105.73 188.255
    endloop
  endfacet
  facet normal -0.998798 0.0300174 -0.0387482
    outer loop
      vertex 1.39388 106.351 190.076
      vertex 1.43691 105.45 188.268
      vertex 1.38746 106.265 190.174
    endloop
  endfacet
  facet normal -0.998798 0.030021 -0.0387497
    outer loop
      vertex 1.38746 106.265 190.174
      vertex 1.43691 105.45 188.268
      vertex 1.38388 106.224 190.235
    endloop
  endfacet
  facet normal -0.998798 0.030026 -0.0387513
    outer loop
      vertex 1.34868 107.051 191.783
      vertex 1.11508 110.144 200.2
      vertex 1.11679 110.204 200.203
    endloop
  endfacet
  facet normal -0.998798 0.0300194 -0.0387489
    outer loop
      vertex 1.34526 106.926 191.774
      vertex 1.11508 110.144 200.2
      vertex 1.34868 107.051 191.783
    endloop
  endfacet
  facet normal -0.998798 0.030018 -0.0387483
    outer loop
      vertex 1.11508 110.144 200.2
      vertex 1.34526 106.926 191.774
      vertex 1.34291 106.821 191.753
    endloop
  endfacet
  facet normal -0.999642 -0.000494647 -0.0267685
    outer loop
      vertex 1.37621 106.091 190.524
      vertex 1.43653 105.014 188.291
      vertex 1.37279 106.065 190.652
    endloop
  endfacet
  facet normal -0.999642 -0.000496843 -0.0267674
    outer loop
      vertex 1.3795 106.133 190.4
      vertex 1.43653 105.014 188.291
      vertex 1.37621 106.091 190.524
    endloop
  endfacet
  facet normal -0.999642 -0.00049703 -0.0267673
    outer loop
      vertex 1.38261 106.191 190.283
      vertex 1.43653 105.014 188.291
      vertex 1.3795 106.133 190.4
    endloop
  endfacet
  facet normal -0.999642 -0.00049563 -0.0267681
    outer loop
      vertex 1.38388 106.224 190.235
      vertex 1.43653 105.014 188.291
      vertex 1.38261 106.191 190.283
    endloop
  endfacet
  facet normal -0.999642 -0.000495325 -0.0267683
    outer loop
      vertex 1.43653 105.014 188.291
      vertex 1.38388 106.224 190.235
      vertex 1.43691 105.45 188.268
    endloop
  endfacet
  facet normal -0.99965 -0.000511884 -0.0264382
    outer loop
      vertex 1.11689 108.992 200.154
      vertex 1.11711 108.864 200.148
      vertex 1.11699 108.926 200.151
    endloop
  endfacet
  facet normal -0.999642 -0.000496105 -0.0267679
    outer loop
      vertex 1.34291 106.821 191.753
      vertex 1.11689 108.992 200.154
      vertex 1.11508 110.144 200.2
    endloop
  endfacet
  facet normal -0.999642 -0.000496404 -0.0267678
    outer loop
      vertex 1.11689 108.992 200.154
      vertex 1.34291 106.821 191.753
      vertex 1.11711 108.864 200.148
    endloop
  endfacet
  facet normal -0.999642 -0.000496413 -0.0267678
    outer loop
      vertex 1.11711 108.864 200.148
      vertex 1.34291 106.821 191.753
      vertex 1.12082 106.96 200.045
    endloop
  endfacet
  facet normal -0.999642 -0.000504624 -0.0267677
    outer loop
      vertex 1.34305 106.797 191.749
      vertex 1.12082 106.96 200.045
      vertex 1.34291 106.821 191.753
    endloop
  endfacet
  facet normal -0.999642 -0.000495095 -0.0267679
    outer loop
      vertex 1.34424 106.673 191.707
      vertex 1.12082 106.96 200.045
      vertex 1.34305 106.797 191.749
    endloop
  endfacet
  facet normal -0.999642 -0.000495995 -0.0267679
    outer loop
      vertex 1.34585 106.556 191.649
      vertex 1.12082 106.96 200.045
      vertex 1.34424 106.673 191.707
    endloop
  endfacet
  facet normal -0.999642 -0.000496107 -0.0267679
    outer loop
      vertex 1.34786 106.447 191.576
      vertex 1.12082 106.96 200.045
      vertex 1.34585 106.556 191.649
    endloop
  endfacet
  facet normal -0.999642 -0.000495448 -0.0267679
    outer loop
      vertex 1.35022 106.349 191.489
      vertex 1.12082 106.96 200.045
      vertex 1.34786 106.447 191.576
    endloop
  endfacet
  facet normal -0.999642 -0.000497402 -0.0267678
    outer loop
      vertex 1.3529 106.262 191.391
      vertex 1.12082 106.96 200.045
      vertex 1.35022 106.349 191.489
    endloop
  endfacet
  facet normal -0.999642 -0.000496406 -0.0267677
    outer loop
      vertex 1.43333 102.582 188.455
      vertex 1.3529 106.262 191.391
      vertex 1.35584 106.19 191.282
    endloop
  endfacet
  facet normal -0.999642 -0.000495185 -0.0267692
    outer loop
      vertex 1.43333 102.582 188.455
      vertex 1.35584 106.19 191.282
      vertex 1.35902 106.132 191.165
    endloop
  endfacet
  facet normal -0.999642 -0.000496346 -0.0267677
    outer loop
      vertex 1.43333 102.582 188.455
      vertex 1.35902 106.132 191.165
      vertex 1.36235 106.09 191.041
    endloop
  endfacet
  facet normal -0.999642 -0.000495991 -0.0267682
    outer loop
      vertex 1.43333 102.582 188.455
      vertex 1.36235 106.09 191.041
      vertex 1.3658 106.065 190.913
    endloop
  endfacet
  facet normal -0.999642 -0.000496299 -0.0267677
    outer loop
      vertex 1.43333 102.582 188.455
      vertex 1.37279 106.065 190.652
      vertex 1.43653 105.014 188.291
    endloop
  endfacet
  facet normal -0.999642 -0.000496252 -0.0267678
    outer loop
      vertex 1.37279 106.065 190.652
      vertex 1.43333 102.582 188.455
      vertex 1.3693 106.056 190.782
    endloop
  endfacet
  facet normal -0.999642 -0.000496136 -0.026768
    outer loop
      vertex 1.3693 106.056 190.782
      vertex 1.43333 102.582 188.455
      vertex 1.3658 106.065 190.913
    endloop
  endfacet
  facet normal -0.999642 -0.000496268 -0.0267679
    outer loop
      vertex 1.3529 106.262 191.391
      vertex 1.43333 102.582 188.455
      vertex 1.12082 106.96 200.045
    endloop
  endfacet
  facet normal -0.99924 0.0178155 -0.0346715
    outer loop
      vertex 1.07421 113.459 200.33
      vertex 1.15914 112.194 197.232
      vertex 1.07323 113.402 200.329
    endloop
  endfacet
  facet normal -0.99924 0.0178197 -0.0346732
    outer loop
      vertex 1.07421 113.459 200.33
      vertex 1.16045 112.185 197.19
      vertex 1.15914 112.194 197.232
    endloop
  endfacet
  facet normal -0.99924 0.0178026 -0.0346663
    outer loop
      vertex 1.07421 113.459 200.33
      vertex 1.16401 112.143 197.066
      vertex 1.16045 112.185 197.19
    endloop
  endfacet
  facet normal -0.99924 0.0178106 -0.0346695
    outer loop
      vertex 1.41801 108.916 188.087
      vertex 1.16401 112.143 197.066
      vertex 1.07421 113.459 200.33
    endloop
  endfacet
  facet normal -0.99924 0.0178293 -0.0346762
    outer loop
      vertex 1.41801 108.916 188.087
      vertex 1.16705 112.086 196.948
      vertex 1.16401 112.143 197.066
    endloop
  endfacet
  facet normal -0.999243 0.0177108 -0.034634
    outer loop
      vertex 1.41801 108.916 188.087
      vertex 1.16726 112.079 196.939
      vertex 1.16705 112.086 196.948
    endloop
  endfacet
  facet normal -0.99924 0.017811 -0.0346697
    outer loop
      vertex 1.41309 108.664 188.099
      vertex 1.16726 112.079 196.939
      vertex 1.41801 108.916 188.087
    endloop
  endfacet
  facet normal -0.99924 0.0178112 -0.0346697
    outer loop
      vertex 1.16726 112.079 196.939
      vertex 1.41309 108.664 188.099
      vertex 1.41244 108.631 188.101
    endloop
  endfacet
  facet normal -0.99966 -0.012724 -0.0227714
    outer loop
      vertex 1.41244 108.631 188.101
      vertex 1.36167 108.051 190.654
      vertex 1.35859 108.06 190.784
    endloop
  endfacet
  facet normal -0.99966 -0.012717 -0.0227699
    outer loop
      vertex 1.41244 108.631 188.101
      vertex 1.36491 108.026 190.526
      vertex 1.36167 108.051 190.654
    endloop
  endfacet
  facet normal -0.99966 -0.0127181 -0.0227701
    outer loop
      vertex 1.41244 108.631 188.101
      vertex 1.36827 107.984 190.402
      vertex 1.36491 108.026 190.526
    endloop
  endfacet
  facet normal -0.99966 -0.0127162 -0.0227696
    outer loop
      vertex 1.41244 108.631 188.101
      vertex 1.37167 107.926 190.284
      vertex 1.36827 107.984 190.402
    endloop
  endfacet
  facet normal -0.99966 -0.0127156 -0.0227694
    outer loop
      vertex 1.41244 108.631 188.101
      vertex 1.37507 107.854 190.175
      vertex 1.37167 107.926 190.284
    endloop
  endfacet
  facet normal -0.99966 -0.0127185 -0.0227705
    outer loop
      vertex 1.41244 108.631 188.101
      vertex 1.37841 107.768 190.077
      vertex 1.37507 107.854 190.175
    endloop
  endfacet
  facet normal -0.99966 -0.0127164 -0.0227695
    outer loop
      vertex 1.41244 108.631 188.101
      vertex 1.38163 107.669 189.991
      vertex 1.37841 107.768 190.077
    endloop
  endfacet
  facet normal -0.99966 -0.0127166 -0.0227697
    outer loop
      vertex 1.41244 108.631 188.101
      vertex 1.38467 107.56 189.918
      vertex 1.38163 107.669 189.991
    endloop
  endfacet
  facet normal -0.99966 -0.0127176 -0.0227703
    outer loop
      vertex 1.41244 108.631 188.101
      vertex 1.38748 107.443 189.86
      vertex 1.38467 107.56 189.918
    endloop
  endfacet
  facet normal -0.99966 -0.0127152 -0.0227686
    outer loop
      vertex 1.41244 108.631 188.101
      vertex 1.39002 107.319 189.818
      vertex 1.38748 107.443 189.86
    endloop
  endfacet
  facet normal -0.99966 -0.0127184 -0.0227711
    outer loop
      vertex 1.41244 108.631 188.101
      vertex 1.39224 107.191 189.792
      vertex 1.39002 107.319 189.818
    endloop
  endfacet
  facet normal -0.99966 -0.012717 -0.0227699
    outer loop
      vertex 1.41244 108.631 188.101
      vertex 1.3941 107.06 189.784
      vertex 1.39224 107.191 189.792
    endloop
  endfacet
  facet normal -0.99966 -0.0127169 -0.0227698
    outer loop
      vertex 1.44585 105.73 188.255
      vertex 1.3941 107.06 189.784
      vertex 1.41244 108.631 188.101
    endloop
  endfacet
  facet normal -0.99966 -0.0127168 -0.0227699
    outer loop
      vertex 1.3941 107.06 189.784
      vertex 1.44585 105.73 188.255
      vertex 1.39557 106.929 189.792
    endloop
  endfacet
  facet normal -0.99966 -0.0127163 -0.0227703
    outer loop
      vertex 1.39557 106.929 189.792
      vertex 1.44585 105.73 188.255
      vertex 1.39662 106.801 189.817
    endloop
  endfacet
  facet normal -0.99966 -0.0127179 -0.0227692
    outer loop
      vertex 1.39662 106.801 189.817
      vertex 1.44585 105.73 188.255
      vertex 1.39725 106.677 189.859
    endloop
  endfacet
  facet normal -0.99966 -0.0127159 -0.0227704
    outer loop
      vertex 1.39725 106.677 189.859
      vertex 1.44585 105.73 188.255
      vertex 1.39743 106.559 189.917
    endloop
  endfacet
  facet normal -0.99966 -0.0127192 -0.022769
    outer loop
      vertex 1.39716 106.45 189.99
      vertex 1.44585 105.73 188.255
      vertex 1.39678 106.397 190.036
    endloop
  endfacet
  facet normal -0.99966 -0.0127158 -0.0227704
    outer loop
      vertex 1.39743 106.559 189.917
      vertex 1.44585 105.73 188.255
      vertex 1.39716 106.45 189.99
    endloop
  endfacet
  facet normal -0.99966 -0.012712 -0.0227718
    outer loop
      vertex 1.41244 108.631 188.101
      vertex 1.17037 112.013 196.84
      vertex 1.16726 112.079 196.939
    endloop
  endfacet
  facet normal -0.99966 -0.0127157 -0.0227704
    outer loop
      vertex 1.41244 108.631 188.101
      vertex 1.17371 111.927 196.741
      vertex 1.17037 112.013 196.84
    endloop
  endfacet
  facet normal -0.99966 -0.0127209 -0.0227684
    outer loop
      vertex 1.41244 108.631 188.101
      vertex 1.17693 111.828 196.655
      vertex 1.17371 111.927 196.741
    endloop
  endfacet
  facet normal -0.99966 -0.0127164 -0.0227701
    outer loop
      vertex 1.41244 108.631 188.101
      vertex 1.17997 111.72 196.582
      vertex 1.17693 111.828 196.655
    endloop
  endfacet
  facet normal -0.99966 -0.0127144 -0.0227708
    outer loop
      vertex 1.41244 108.631 188.101
      vertex 1.18278 111.602 196.524
      vertex 1.17997 111.72 196.582
    endloop
  endfacet
  facet normal -0.99966 -0.0127169 -0.0227699
    outer loop
      vertex 1.35859 108.06 190.784
      vertex 1.18278 111.602 196.524
      vertex 1.41244 108.631 188.101
    endloop
  endfacet
  facet normal -0.99966 -0.0127194 -0.0227684
    outer loop
      vertex 1.35573 108.051 190.915
      vertex 1.18278 111.602 196.524
      vertex 1.35859 108.06 190.784
    endloop
  endfacet
  facet normal -0.99966 -0.0127167 -0.0227701
    outer loop
      vertex 1.18278 111.602 196.524
      vertex 1.35573 108.051 190.915
      vertex 1.18532 111.478 196.482
    endloop
  endfacet
  facet normal -0.99966 -0.012715 -0.0227712
    outer loop
      vertex 1.35313 108.025 191.043
      vertex 1.18532 111.478 196.482
      vertex 1.35573 108.051 190.915
    endloop
  endfacet
  facet normal -0.99966 -0.0127198 -0.0227681
    outer loop
      vertex 1.18532 111.478 196.482
      vertex 1.35313 108.025 191.043
      vertex 1.18753 111.35 196.456
    endloop
  endfacet
  facet normal -0.99966 -0.0127166 -0.0227701
    outer loop
      vertex 1.35085 107.983 191.167
      vertex 1.18753 111.35 196.456
      vertex 1.35313 108.025 191.043
    endloop
  endfacet
  facet normal -0.99966 -0.012717 -0.0227698
    outer loop
      vertex 1.18753 111.35 196.456
      vertex 1.35085 107.983 191.167
      vertex 1.18939 111.219 196.448
    endloop
  endfacet
  facet normal -0.99966 -0.0127169 -0.0227698
    outer loop
      vertex 1.34892 107.925 191.284
      vertex 1.18939 111.219 196.448
      vertex 1.35085 107.983 191.167
    endloop
  endfacet
  facet normal -0.99966 -0.0127152 -0.022771
    outer loop
      vertex 1.18939 111.219 196.448
      vertex 1.34892 107.925 191.284
      vertex 1.19086 111.088 196.456
    endloop
  endfacet
  facet normal -0.99966 -0.0127175 -0.0227695
    outer loop
      vertex 1.34737 107.852 191.393
      vertex 1.19086 111.088 196.456
      vertex 1.34892 107.925 191.284
    endloop
  endfacet
  facet normal -0.99966 -0.0127172 -0.0227698
    outer loop
      vertex 1.19086 111.088 196.456
      vertex 1.34737 107.852 191.393
      vertex 1.19192 110.96 196.482
    endloop
  endfacet
  facet normal -0.99966 -0.0127179 -0.0227693
    outer loop
      vertex 1.34623 107.765 191.491
      vertex 1.19192 110.96 196.482
      vertex 1.34737 107.852 191.393
    endloop
  endfacet
  facet normal -0.99966 -0.0127164 -0.0227703
    outer loop
      vertex 1.19192 110.96 196.482
      vertex 1.34623 107.765 191.491
      vertex 1.19254 110.836 196.524
    endloop
  endfacet
  facet normal -0.99966 -0.0127167 -0.0227701
    outer loop
      vertex 1.34553 107.667 191.577
      vertex 1.19254 110.836 196.524
      vertex 1.34623 107.765 191.491
    endloop
  endfacet
  facet normal -0.99966 -0.0127174 -0.0227696
    outer loop
      vertex 1.19254 110.836 196.524
      vertex 1.34553 107.667 191.577
      vertex 1.19272 110.718 196.581
    endloop
  endfacet
  facet normal -0.99966 -0.0127165 -0.0227702
    outer loop
      vertex 1.19272 110.718 196.581
      vertex 1.34526 107.558 191.65
      vertex 1.19246 110.609 196.654
    endloop
  endfacet
  facet normal -0.99966 -0.0127167 -0.0227701
    outer loop
      vertex 1.34526 107.558 191.65
      vertex 1.19272 110.718 196.581
      vertex 1.34553 107.667 191.577
    endloop
  endfacet
  facet normal -0.99966 -0.0127174 -0.0227696
    outer loop
      vertex 1.34544 107.44 191.707
      vertex 1.19246 110.609 196.654
      vertex 1.34526 107.558 191.65
    endloop
  endfacet
  facet normal -0.99966 -0.0127168 -0.02277
    outer loop
      vertex 1.19246 110.609 196.654
      vertex 1.34544 107.44 191.707
      vertex 1.19175 110.511 196.74
    endloop
  endfacet
  facet normal -0.99966 -0.0127156 -0.0227708
    outer loop
      vertex 1.34606 107.316 191.749
      vertex 1.19175 110.511 196.74
      vertex 1.34544 107.44 191.707
    endloop
  endfacet
  facet normal -0.99966 -0.0127177 -0.0227694
    outer loop
      vertex 1.19175 110.511 196.74
      vertex 1.34606 107.316 191.749
      vertex 1.19061 110.424 196.838
    endloop
  endfacet
  facet normal -0.99966 -0.0127187 -0.0227688
    outer loop
      vertex 1.34712 107.188 191.775
      vertex 1.19061 110.424 196.838
      vertex 1.34606 107.316 191.749
    endloop
  endfacet
  facet normal -0.99966 -0.0127176 -0.0227695
    outer loop
      vertex 1.19061 110.424 196.838
      vertex 1.34712 107.188 191.775
      vertex 1.18906 110.351 196.947
    endloop
  endfacet
  facet normal -0.99966 -0.0127143 -0.0227715
    outer loop
      vertex 1.34859 107.057 191.783
      vertex 1.18906 110.351 196.947
      vertex 1.34712 107.188 191.775
    endloop
  endfacet
  facet normal -0.99966 -0.0127162 -0.0227703
    outer loop
      vertex 1.18906 110.351 196.947
      vertex 1.34859 107.057 191.783
      vertex 1.18713 110.293 197.064
    endloop
  endfacet
  facet normal -0.99966 -0.0127448 -0.0227528
    outer loop
      vertex 1.34868 107.051 191.783
      vertex 1.18713 110.293 197.064
      vertex 1.34859 107.057 191.783
    endloop
  endfacet
  facet normal -0.99966 -0.0127166 -0.0227701
    outer loop
      vertex 1.18713 110.293 197.064
      vertex 1.34868 107.051 191.783
      vertex 1.18485 110.251 197.188
    endloop
  endfacet
  facet normal -0.99966 -0.0127158 -0.0227706
    outer loop
      vertex 1.18485 110.251 197.188
      vertex 1.34868 107.051 191.783
      vertex 1.18226 110.225 197.316
    endloop
  endfacet
  facet normal -0.99966 -0.0127199 -0.0227682
    outer loop
      vertex 1.18226 110.225 197.316
      vertex 1.34868 107.051 191.783
      vertex 1.1794 110.216 197.447
    endloop
  endfacet
  facet normal -0.99966 -0.0127167 -0.02277
    outer loop
      vertex 1.1794 110.216 197.447
      vertex 1.34868 107.051 191.783
      vertex 1.11679 110.204 200.203
    endloop
  endfacet
  facet normal -0.99966 -0.012719 -0.0227691
    outer loop
      vertex 1.15102 112.21 197.579
      vertex 1.07323 113.402 200.329
      vertex 1.15388 112.219 197.448
    endloop
  endfacet
  facet normal -0.99966 -0.0127135 -0.0227714
    outer loop
      vertex 1.07323 113.402 200.329
      vertex 1.15696 112.211 197.318
      vertex 1.15388 112.219 197.448
    endloop
  endfacet
  facet normal -0.99966 -0.0127183 -0.0227694
    outer loop
      vertex 1.15696 112.211 197.318
      vertex 1.07323 113.402 200.329
      vertex 1.15914 112.194 197.232
    endloop
  endfacet
  facet normal -0.99966 -0.0127171 -0.0227699
    outer loop
      vertex 1.14843 112.184 197.707
      vertex 1.07323 113.402 200.329
      vertex 1.15102 112.21 197.579
    endloop
  endfacet
  facet normal -0.99966 -0.0127155 -0.0227707
    outer loop
      vertex 1.14615 112.142 197.831
      vertex 1.07323 113.402 200.329
      vertex 1.14843 112.184 197.707
    endloop
  endfacet
  facet normal -0.99966 -0.0127162 -0.0227703
    outer loop
      vertex 1.14421 112.084 197.948
      vertex 1.07323 113.402 200.329
      vertex 1.14615 112.142 197.831
    endloop
  endfacet
  facet normal -0.99966 -0.0127167 -0.02277
    outer loop
      vertex 1.07323 113.402 200.329
      vertex 1.14421 112.084 197.948
      vertex 1.07772 113.066 200.319
    endloop
  endfacet
  facet normal -0.99966 -0.0127177 -0.0227696
    outer loop
      vertex 1.14267 112.011 198.057
      vertex 1.07772 113.066 200.319
      vertex 1.14421 112.084 197.948
    endloop
  endfacet
  facet normal -0.99966 -0.0127188 -0.0227691
    outer loop
      vertex 1.14153 111.925 198.155
      vertex 1.07772 113.066 200.319
      vertex 1.14267 112.011 198.057
    endloop
  endfacet
  facet normal -0.99966 -0.0127161 -0.0227705
    outer loop
      vertex 1.14082 111.826 198.241
      vertex 1.07772 113.066 200.319
      vertex 1.14153 111.925 198.155
    endloop
  endfacet
  facet normal -0.99966 -0.0127174 -0.0227698
    outer loop
      vertex 1.14056 111.717 198.314
      vertex 1.07772 113.066 200.319
      vertex 1.14082 111.826 198.241
    endloop
  endfacet
  facet normal -0.99966 -0.0127152 -0.0227712
    outer loop
      vertex 1.14074 111.6 198.372
      vertex 1.07772 113.066 200.319
      vertex 1.14056 111.717 198.314
    endloop
  endfacet
  facet normal -0.99966 -0.0127179 -0.0227692
    outer loop
      vertex 1.14136 111.475 198.413
      vertex 1.07772 113.066 200.319
      vertex 1.14074 111.6 198.372
    endloop
  endfacet
  facet normal -0.99966 -0.0127156 -0.0227711
    outer loop
      vertex 1.14242 111.347 198.439
      vertex 1.07772 113.066 200.319
      vertex 1.14136 111.475 198.413
    endloop
  endfacet
  facet normal -0.99966 -0.0127168 -0.0227698
    outer loop
      vertex 1.11679 110.204 200.203
      vertex 1.14242 111.347 198.439
      vertex 1.14389 111.216 198.447
    endloop
  endfacet
  facet normal -0.99966 -0.0127178 -0.0227704
    outer loop
      vertex 1.11679 110.204 200.203
      vertex 1.14389 111.216 198.447
      vertex 1.14575 111.086 198.439
    endloop
  endfacet
  facet normal -0.99966 -0.0127183 -0.0227706
    outer loop
      vertex 1.11679 110.204 200.203
      vertex 1.14575 111.086 198.439
      vertex 1.14796 110.957 198.413
    endloop
  endfacet
  facet normal -0.99966 -0.0127143 -0.0227689
    outer loop
      vertex 1.11679 110.204 200.203
      vertex 1.14796 110.957 198.413
      vertex 1.1505 110.833 198.371
    endloop
  endfacet
  facet normal -0.99966 -0.0127184 -0.0227703
    outer loop
      vertex 1.11679 110.204 200.203
      vertex 1.1505 110.833 198.371
      vertex 1.15331 110.716 198.313
    endloop
  endfacet
  facet normal -0.99966 -0.0127167 -0.0227699
    outer loop
      vertex 1.11679 110.204 200.203
      vertex 1.15331 110.716 198.313
      vertex 1.15635 110.607 198.24
    endloop
  endfacet
  facet normal -0.99966 -0.012717 -0.0227699
    outer loop
      vertex 1.14242 111.347 198.439
      vertex 1.11679 110.204 200.203
      vertex 1.07772 113.066 200.319
    endloop
  endfacet
  facet normal -0.99966 -0.012716 -0.0227697
    outer loop
      vertex 1.15957 110.509 198.154
      vertex 1.11679 110.204 200.203
      vertex 1.15635 110.607 198.24
    endloop
  endfacet
  facet normal -0.99966 -0.0127188 -0.0227702
    outer loop
      vertex 1.16291 110.423 198.055
      vertex 1.11679 110.204 200.203
      vertex 1.15957 110.509 198.154
    endloop
  endfacet
  facet normal -0.99966 -0.0127151 -0.0227698
    outer loop
      vertex 1.16631 110.35 197.947
      vertex 1.11679 110.204 200.203
      vertex 1.16291 110.423 198.055
    endloop
  endfacet
  facet normal -0.99966 -0.0127157 -0.0227698
    outer loop
      vertex 1.16972 110.292 197.829
      vertex 1.11679 110.204 200.203
      vertex 1.16631 110.35 197.947
    endloop
  endfacet
  facet normal -0.99966 -0.0127166 -0.0227698
    outer loop
      vertex 1.17307 110.25 197.705
      vertex 1.11679 110.204 200.203
      vertex 1.16972 110.292 197.829
    endloop
  endfacet
  facet normal -0.99966 -0.0127206 -0.0227699
    outer loop
      vertex 1.17632 110.225 197.577
      vertex 1.11679 110.204 200.203
      vertex 1.17307 110.25 197.705
    endloop
  endfacet
  facet normal -0.999659 -0.0127469 -0.0227701
    outer loop
      vertex 1.11679 110.204 200.203
      vertex 1.17632 110.225 197.577
      vertex 1.1794 110.216 197.447
    endloop
  endfacet
  facet normal -0.999478 0.00762814 -0.0313816
    outer loop
      vertex 1.35554 112.144 187.959
      vertex 0.99877 116.672 200.422
      vertex 0.999151 116.728 200.423
    endloop
  endfacet
  facet normal -0.999478 0.00762296 -0.0313797
    outer loop
      vertex 0.99877 116.672 200.422
      vertex 1.35554 112.144 187.959
      vertex 1.35298 111.853 187.969
    endloop
  endfacet
  facet normal -0.999546 -0.0229105 -0.0195659
    outer loop
      vertex 1.35298 111.853 187.969
      vertex 1.07421 113.459 200.33
      vertex 0.99877 116.672 200.422
    endloop
  endfacet
  facet normal -0.999546 -0.0229106 -0.0195659
    outer loop
      vertex 1.41093 109.236 188.074
      vertex 1.07421 113.459 200.33
      vertex 1.35298 111.853 187.969
    endloop
  endfacet
  facet normal -0.999546 -0.0229099 -0.0195661
    outer loop
      vertex 1.41736 108.945 188.085
      vertex 1.07421 113.459 200.33
      vertex 1.41093 109.236 188.074
    endloop
  endfacet
  facet normal -0.999546 -0.0229106 -0.0195658
    outer loop
      vertex 1.07421 113.459 200.33
      vertex 1.41736 108.945 188.085
      vertex 1.41801 108.916 188.087
    endloop
  endfacet
  facet normal -0.999584 -0.000626947 -0.0288366
    outer loop
      vertex 1.26468 115.11 187.864
      vertex 1.19676 116.258 190.193
      vertex 1.2647 115.407 187.857
    endloop
  endfacet
  facet normal -0.999584 -0.000623966 -0.0288381
    outer loop
      vertex 1.19676 116.258 190.193
      vertex 1.26468 115.11 187.864
      vertex 1.194 116.193 190.29
    endloop
  endfacet
  facet normal -0.999584 -0.000629881 -0.0288355
    outer loop
      vertex 1.194 116.193 190.29
      vertex 1.26468 115.11 187.864
      vertex 1.19065 116.135 190.408
    endloop
  endfacet
  facet normal -0.999584 -0.00062303 -0.0288382
    outer loop
      vertex 1.19065 116.135 190.408
      vertex 1.26468 115.11 187.864
      vertex 1.18874 116.112 190.474
    endloop
  endfacet
  facet normal -0.999584 -0.00062894 -0.0288359
    outer loop
      vertex 1.15112 116.83 191.763
      vertex 1.01382 118.459 196.487
      vertex 1.01425 118.545 196.47
    endloop
  endfacet
  facet normal -0.999584 -0.000622874 -0.028838
    outer loop
      vertex 1.15112 116.83 191.763
      vertex 1.0135 118.424 196.499
      vertex 1.01382 118.459 196.487
    endloop
  endfacet
  facet normal -0.999584 -0.000641748 -0.0288316
    outer loop
      vertex 1.15132 116.799 191.757
      vertex 1.0135 118.424 196.499
      vertex 1.15112 116.83 191.763
    endloop
  endfacet
  facet normal -0.999584 -0.000624757 -0.0288374
    outer loop
      vertex 1.15262 116.675 191.714
      vertex 1.0135 118.424 196.499
      vertex 1.15132 116.799 191.757
    endloop
  endfacet
  facet normal -0.999584 -0.00063013 -0.0288355
    outer loop
      vertex 1.0135 118.424 196.499
      vertex 1.15262 116.675 191.714
      vertex 1.15421 116.568 191.661
    endloop
  endfacet
  facet normal -0.999584 -0.000625179 -0.0288372
    outer loop
      vertex 0.960535 119.218 198.317
      vertex 0.897458 119.954 200.488
      vertex 0.897398 120.01 200.489
    endloop
  endfacet
  facet normal -0.999584 -0.000671202 -0.0288216
    outer loop
      vertex 0.960487 119.216 198.319
      vertex 0.897458 119.954 200.488
      vertex 0.960535 119.218 198.317
    endloop
  endfacet
  facet normal -0.999584 -0.000623887 -0.0288377
    outer loop
      vertex 0.897458 119.954 200.488
      vertex 0.960487 119.216 198.319
      vertex 0.959422 119.137 198.358
    endloop
  endfacet
  facet normal -0.999368 -0.0311607 -0.0171142
    outer loop
      vertex 1.18837 116.093 190.531
      vertex 1.32696 113.082 187.921
      vertex 1.18698 116.067 190.66
    endloop
  endfacet
  facet normal -0.999368 -0.0311641 -0.0171103
    outer loop
      vertex 1.18874 116.112 190.474
      vertex 1.32696 113.082 187.921
      vertex 1.18837 116.093 190.531
    endloop
  endfacet
  facet normal -0.999368 -0.0311611 -0.0171138
    outer loop
      vertex 1.32696 113.082 187.921
      vertex 1.18874 116.112 190.474
      vertex 1.26468 115.11 187.864
    endloop
  endfacet
  facet normal -0.999368 -0.0311628 -0.0171143
    outer loop
      vertex 0.999151 116.728 200.423
      vertex 1.01922 117.716 197.452
      vertex 1.02118 117.725 197.322
    endloop
  endfacet
  facet normal -0.999368 -0.0311604 -0.0171135
    outer loop
      vertex 1.01922 117.716 197.452
      vertex 0.987986 117.081 200.434
      vertex 0.978027 117.395 200.443
    endloop
  endfacet
  facet normal -0.999368 -0.0311598 -0.017114
    outer loop
      vertex 1.16816 116.264 191.399
      vertex 1.02118 117.725 197.322
      vertex 1.02258 117.751 197.193
    endloop
  endfacet
  facet normal -0.999368 -0.0311613 -0.0171137
    outer loop
      vertex 1.01922 117.716 197.452
      vertex 0.999151 116.728 200.423
      vertex 0.987986 117.081 200.434
    endloop
  endfacet
  facet normal -0.999368 -0.0311615 -0.0171136
    outer loop
      vertex 1.15421 116.568 191.661
      vertex 1.01575 118.335 196.529
      vertex 1.0135 118.424 196.499
    endloop
  endfacet
  facet normal -0.999368 -0.031162 -0.0171135
    outer loop
      vertex 1.15421 116.568 191.661
      vertex 1.01842 118.217 196.587
      vertex 1.01575 118.335 196.529
    endloop
  endfacet
  facet normal -0.999368 -0.0311595 -0.0171143
    outer loop
      vertex 1.15421 116.568 191.661
      vertex 1.02057 118.109 196.659
      vertex 1.01842 118.217 196.587
    endloop
  endfacet
  facet normal -0.999368 -0.0311623 -0.0171134
    outer loop
      vertex 1.15421 116.568 191.661
      vertex 1.02217 118.01 196.745
      vertex 1.02057 118.109 196.659
    endloop
  endfacet
  facet normal -0.999368 -0.0311616 -0.0171136
    outer loop
      vertex 1.15421 116.568 191.661
      vertex 1.02318 117.924 196.844
      vertex 1.02217 118.01 196.745
    endloop
  endfacet
  facet normal -0.999368 -0.0311486 -0.017117
    outer loop
      vertex 1.15462 116.557 191.656
      vertex 1.02318 117.924 196.844
      vertex 1.15421 116.568 191.661
    endloop
  endfacet
  facet normal -0.999368 -0.0311595 -0.0171141
    outer loop
      vertex 1.02318 117.924 196.844
      vertex 1.15462 116.557 191.656
      vertex 1.02359 117.851 196.952
    endloop
  endfacet
  facet normal -0.999368 -0.0311614 -0.0171137
    outer loop
      vertex 1.15925 116.449 191.584
      vertex 1.02359 117.851 196.952
      vertex 1.15462 116.557 191.656
    endloop
  endfacet
  facet normal -0.999368 -0.0311621 -0.0171135
    outer loop
      vertex 1.02359 117.851 196.952
      vertex 1.15925 116.449 191.584
      vertex 1.02339 117.793 197.07
    endloop
  endfacet
  facet normal -0.999368 -0.0311571 -0.0171147
    outer loop
      vertex 1.16379 116.35 191.497
      vertex 1.02339 117.793 197.07
      vertex 1.15925 116.449 191.584
    endloop
  endfacet
  facet normal -0.999368 -0.0311628 -0.0171133
    outer loop
      vertex 1.02339 117.793 197.07
      vertex 1.16379 116.35 191.497
      vertex 1.02258 117.751 197.193
    endloop
  endfacet
  facet normal -0.999368 -0.0311641 -0.0171129
    outer loop
      vertex 1.16816 116.264 191.399
      vertex 1.02258 117.751 197.193
      vertex 1.16379 116.35 191.497
    endloop
  endfacet
  facet normal -0.999368 -0.0311611 -0.0171137
    outer loop
      vertex 1.02118 117.725 197.322
      vertex 1.16816 116.264 191.399
      vertex 0.999151 116.728 200.423
    endloop
  endfacet
  facet normal -0.999368 -0.0311625 -0.0171136
    outer loop
      vertex 1.17229 116.192 191.29
      vertex 0.999151 116.728 200.423
      vertex 1.16816 116.264 191.399
    endloop
  endfacet
  facet normal -0.999368 -0.0311605 -0.0171145
    outer loop
      vertex 1.35554 112.144 187.959
      vertex 1.17229 116.192 191.29
      vertex 1.1761 116.134 191.173
    endloop
  endfacet
  facet normal -0.999368 -0.0311621 -0.0171126
    outer loop
      vertex 1.35554 112.144 187.959
      vertex 1.1761 116.134 191.173
      vertex 1.17953 116.092 191.049
    endloop
  endfacet
  facet normal -0.999368 -0.0311613 -0.0171136
    outer loop
      vertex 1.35554 112.144 187.959
      vertex 1.17953 116.092 191.049
      vertex 1.18252 116.067 190.921
    endloop
  endfacet
  facet normal -0.999368 -0.0311608 -0.0171141
    outer loop
      vertex 1.18698 116.067 190.66
      vertex 1.32696 113.082 187.921
      vertex 1.18501 116.058 190.79
    endloop
  endfacet
  facet normal -0.999368 -0.031161 -0.0171139
    outer loop
      vertex 1.18501 116.058 190.79
      vertex 1.32696 113.082 187.921
      vertex 1.18252 116.067 190.921
    endloop
  endfacet
  facet normal -0.999368 -0.0311611 -0.0171137
    outer loop
      vertex 1.35554 112.144 187.959
      vertex 1.18252 116.067 190.921
      vertex 1.32696 113.082 187.921
    endloop
  endfacet
  facet normal -0.999368 -0.0311611 -0.0171137
    outer loop
      vertex 1.17229 116.192 191.29
      vertex 1.35554 112.144 187.959
      vertex 0.999151 116.728 200.423
    endloop
  endfacet
  facet normal -0.999368 -0.0311619 -0.0171134
    outer loop
      vertex 0.960305 119.098 198.377
      vertex 0.897458 119.954 200.488
      vertex 0.959422 119.137 198.358
    endloop
  endfacet
  facet normal -0.999368 -0.0311605 -0.017114
    outer loop
      vertex 0.96345 118.974 198.419
      vertex 0.897458 119.954 200.488
      vertex 0.960305 119.098 198.377
    endloop
  endfacet
  facet normal -0.999368 -0.0311625 -0.017113
    outer loop
      vertex 0.967016 118.846 198.444
      vertex 0.897458 119.954 200.488
      vertex 0.96345 118.974 198.419
    endloop
  endfacet
  facet normal -0.999368 -0.0311609 -0.0171139
    outer loop
      vertex 0.970941 118.715 198.453
      vertex 0.897458 119.954 200.488
      vertex 0.967016 118.846 198.444
    endloop
  endfacet
  facet normal -0.999368 -0.0311605 -0.0171132
    outer loop
      vertex 0.978027 117.395 200.443
      vertex 0.970941 118.715 198.453
      vertex 0.975158 118.585 198.444
    endloop
  endfacet
  facet normal -0.999368 -0.0311624 -0.0171143
    outer loop
      vertex 0.978027 117.395 200.443
      vertex 0.975158 118.585 198.444
      vertex 0.979596 118.457 198.418
    endloop
  endfacet
  facet normal -0.999368 -0.0311612 -0.0171137
    outer loop
      vertex 0.978027 117.395 200.443
      vertex 0.979596 118.457 198.418
      vertex 0.984178 118.333 198.376
    endloop
  endfacet
  facet normal -0.999368 -0.0311608 -0.0171135
    outer loop
      vertex 0.978027 117.395 200.443
      vertex 0.984178 118.333 198.376
      vertex 0.988826 118.216 198.318
    endloop
  endfacet
  facet normal -0.999368 -0.031161 -0.0171136
    outer loop
      vertex 0.978027 117.395 200.443
      vertex 0.988826 118.216 198.318
      vertex 0.993461 118.107 198.246
    endloop
  endfacet
  facet normal -0.999368 -0.0311627 -0.0171141
    outer loop
      vertex 0.978027 117.395 200.443
      vertex 0.993461 118.107 198.246
      vertex 0.998002 118.009 198.159
    endloop
  endfacet
  facet normal -0.999368 -0.0311594 -0.0171132
    outer loop
      vertex 0.978027 117.395 200.443
      vertex 0.998002 118.009 198.159
      vertex 1.00237 117.922 198.061
    endloop
  endfacet
  facet normal -0.999368 -0.0311612 -0.0171137
    outer loop
      vertex 0.970941 118.715 198.453
      vertex 0.978027 117.395 200.443
      vertex 0.897458 119.954 200.488
    endloop
  endfacet
  facet normal -0.999368 -0.0311634 -0.0171141
    outer loop
      vertex 1.0065 117.85 197.952
      vertex 0.978027 117.395 200.443
      vertex 1.00237 117.922 198.061
    endloop
  endfacet
  facet normal -0.999368 -0.0311588 -0.0171133
    outer loop
      vertex 1.01031 117.792 197.835
      vertex 0.978027 117.395 200.443
      vertex 1.0065 117.85 197.952
    endloop
  endfacet
  facet normal -0.999368 -0.0311596 -0.0171134
    outer loop
      vertex 1.01374 117.75 197.711
      vertex 0.978027 117.395 200.443
      vertex 1.01031 117.792 197.835
    endloop
  endfacet
  facet normal -0.999368 -0.0311673 -0.0171144
    outer loop
      vertex 1.01672 117.725 197.583
      vertex 0.978027 117.395 200.443
      vertex 1.01374 117.75 197.711
    endloop
  endfacet
  facet normal -0.999368 -0.0311512 -0.0171126
    outer loop
      vertex 0.978027 117.395 200.443
      vertex 1.01672 117.725 197.583
      vertex 1.01922 117.716 197.452
    endloop
  endfacet
endsolid OpenSCAD_Model
