solid OpenSCAD_Model
  facet normal 0.959738 0.0893636 -0.266301
    outer loop
      vertex 206.272 5.2189 266
      vertex 206.27 5.24725 266
      vertex 213.076 5.99657 290.782
    endloop
  endfacet
  facet normal 0.956661 0.117795 -0.266315
    outer loop
      vertex 213.076 5.99657 290.782
      vertex 206.27 5.24773 266
      vertex 214.317 6.13834 295.3
    endloop
  endfacet
  facet normal 0.956151 0.1219 -0.266299
    outer loop
      vertex 206.27 5.24773 266
      vertex 213.076 5.99657 290.782
      vertex 206.27 5.24725 266
    endloop
  endfacet
  facet normal 0.963648 0.029449 -0.265549
    outer loop
      vertex 252.382 10.4888 433.916
      vertex 207.22 11.3166 270.121
      vertex 257.702 11.3262 453.318
    endloop
  endfacet
  facet normal 0.963648 0.0294462 -0.265548
    outer loop
      vertex 252.382 10.4888 433.916
      vertex 257.702 11.3262 453.318
      vertex 257.807 10.9842 453.66
    endloop
  endfacet
  facet normal 0.963648 0.0294428 -0.265549
    outer loop
      vertex 214.317 6.13834 295.3
      vertex 207.22 11.3166 270.121
      vertex 252.382 10.4888 433.916
    endloop
  endfacet
  facet normal 0.963648 0.0294427 -0.265549
    outer loop
      vertex 206.27 5.24773 266
      vertex 207.22 11.3166 270.121
      vertex 214.317 6.13834 295.3
    endloop
  endfacet
  facet normal 0.963647 0.0294434 -0.26555
    outer loop
      vertex 207.22 11.3166 270.121
      vertex 206.27 5.24773 266
      vertex 206.087 11.2176 266
    endloop
  endfacet
  facet normal 0.962394 0.0588623 -0.265205
    outer loop
      vertex 257.702 11.3262 453.318
      vertex 229.57 13.283 351.663
      vertex 256.253 15.6298 449.014
    endloop
  endfacet
  facet normal 0.962394 0.0588579 -0.265205
    outer loop
      vertex 229.57 13.283 351.663
      vertex 257.702 11.3262 453.318
      vertex 207.22 11.3166 270.121
    endloop
  endfacet
  facet normal 0.0380987 -0.999188 0.0131194
    outer loop
      vertex 125.268 -0.618701 266
      vertex 195.113 4.59235 460.052
      vertex 122.05 -0.741412 266
    endloop
  endfacet
  facet normal 0.0380994 -0.999188 0.0131192
    outer loop
      vertex 195.113 4.59235 460.052
      vertex 125.268 -0.618701 266
      vertex 195.217 4.59628 460.048
    endloop
  endfacet
  facet normal 0.068602 -0.997643 0.00159215
    outer loop
      vertex 122.05 -0.741412 266
      vertex 192.691 4.4261 460.218
      vertex 122.016 -0.743738 266
    endloop
  endfacet
  facet normal 0.0686003 -0.997643 0.00159277
    outer loop
      vertex 192.691 4.4261 460.218
      vertex 122.05 -0.741412 266
      vertex 195.113 4.59235 460.052
    endloop
  endfacet
  facet normal 0.0442738 -0.998956 0.0112744
    outer loop
      vertex 128.528 -0.473207 266
      vertex 197.636 4.77771 459.866
      vertex 125.302 -0.616159 266
    endloop
  endfacet
  facet normal 0.0442734 -0.998956 0.0112745
    outer loop
      vertex 197.636 4.77771 459.866
      vertex 128.528 -0.473207 266
      vertex 197.744 4.7824 459.862
    endloop
  endfacet
  facet normal 0.0747666 -0.997201 -0.000151675
    outer loop
      vertex 125.302 -0.616159 266
      vertex 195.217 4.59628 460.048
      vertex 125.268 -0.618701 266
    endloop
  endfacet
  facet normal 0.0747644 -0.997201 -0.00015088
    outer loop
      vertex 195.217 4.59628 460.048
      vertex 125.302 -0.616159 266
      vertex 197.636 4.77771 459.866
    endloop
  endfacet
  facet normal 0.0497471 -0.998715 0.00970179
    outer loop
      vertex 131.794 -0.309456 266
      vertex 200.162 4.97733 459.667
      vertex 128.562 -0.470472 266
    endloop
  endfacet
  facet normal 0.049748 -0.998715 0.00970149
    outer loop
      vertex 200.162 4.97733 459.667
      vertex 131.794 -0.309456 266
      vertex 200.272 4.98277 459.661
    endloop
  endfacet
  facet normal 0.0802474 -0.996774 -0.0016287
    outer loop
      vertex 128.562 -0.470472 266
      vertex 197.744 4.7824 459.862
      vertex 128.528 -0.473207 266
    endloop
  endfacet
  facet normal 0.080227 -0.996775 -0.00162137
    outer loop
      vertex 197.744 4.7824 459.862
      vertex 128.562 -0.470472 266
      vertex 200.162 4.97733 459.667
    endloop
  endfacet
  facet normal 0.0545587 -0.998475 0.00838306
    outer loop
      vertex 135.069 -0.129481 266
      vertex 202.689 5.18965 459.454
      vertex 131.828 -0.30655 266
    endloop
  endfacet
  facet normal 0.0545603 -0.998475 0.0083825
    outer loop
      vertex 202.689 5.18965 459.454
      vertex 135.069 -0.129481 266
      vertex 202.803 5.19582 459.448
    endloop
  endfacet
  facet normal 0.0850192 -0.996375 -0.00283415
    outer loop
      vertex 131.828 -0.30655 266
      vertex 200.272 4.98277 459.661
      vertex 131.794 -0.309456 266
    endloop
  endfacet
  facet normal 0.0850276 -0.996375 -0.00283714
    outer loop
      vertex 200.272 4.98277 459.661
      vertex 131.828 -0.30655 266
      vertex 202.689 5.18965 459.454
    endloop
  endfacet
  facet normal 0.0587319 -0.998247 0.00730585
    outer loop
      vertex 138.352 0.0647153 266
      vertex 205.221 5.41315 459.231
      vertex 135.103 -0.126424 266
    endloop
  endfacet
  facet normal 0.0587346 -0.998247 0.00730492
    outer loop
      vertex 205.221 5.41315 459.231
      vertex 138.352 0.0647153 266
      vertex 205.338 5.42001 459.224
    endloop
  endfacet
  facet normal 0.0891967 -0.996007 -0.00381309
    outer loop
      vertex 135.103 -0.126424 266
      vertex 202.803 5.19582 459.448
      vertex 135.069 -0.129481 266
    endloop
  endfacet
  facet normal 0.0891914 -0.996007 -0.0038112
    outer loop
      vertex 202.803 5.19582 459.448
      vertex 135.103 -0.126424 266
      vertex 205.221 5.41315 459.231
    endloop
  endfacet
  facet normal 0.0623194 -0.998035 0.0064475
    outer loop
      vertex 141.642 0.271225 266
      vertex 207.756 5.64631 458.998
      vertex 138.386 0.0679027 266
    endloop
  endfacet
  facet normal 0.0623189 -0.998035 0.00644768
    outer loop
      vertex 207.756 5.64631 458.998
      vertex 141.642 0.271225 266
      vertex 207.877 5.65384 458.99
    endloop
  endfacet
  facet normal 0.0927705 -0.995677 -0.00456583
    outer loop
      vertex 138.386 0.0679027 266
      vertex 205.338 5.42001 459.224
      vertex 138.352 0.0647153 266
    endloop
  endfacet
  facet normal 0.0927697 -0.995677 -0.00456554
    outer loop
      vertex 205.338 5.42001 459.224
      vertex 138.386 0.0679027 266
      vertex 207.756 5.64631 458.998
    endloop
  endfacet
  facet normal 0.0653261 -0.997847 0.00580237
    outer loop
      vertex 144.938 0.48808 266
      vertex 210.294 5.8876 458.756
      vertex 141.676 0.274522 266
    endloop
  endfacet
  facet normal 0.0653252 -0.997847 0.00580266
    outer loop
      vertex 210.294 5.8876 458.756
      vertex 144.938 0.48808 266
      vertex 210.42 5.89576 458.748
    endloop
  endfacet
  facet normal 0.0957624 -0.995391 -0.00510404
    outer loop
      vertex 141.676 0.274522 266
      vertex 207.877 5.65384 458.99
      vertex 141.642 0.271225 266
    endloop
  endfacet
  facet normal 0.095769 -0.99539 -0.00510633
    outer loop
      vertex 207.877 5.65384 458.99
      vertex 141.676 0.274522 266
      vertex 210.294 5.8876 458.756
    endloop
  endfacet
  facet normal 0.0678906 -0.997679 0.00531895
    outer loop
      vertex 148.239 0.713706 266
      vertex 212.835 6.13573 458.508
      vertex 144.973 0.491469 266
    endloop
  endfacet
  facet normal 0.0678892 -0.997679 0.00531941
    outer loop
      vertex 212.835 6.13573 458.508
      vertex 148.239 0.713706 266
      vertex 212.965 6.14449 458.5
    endloop
  endfacet
  facet normal 0.0983391 -0.995138 -0.00548899
    outer loop
      vertex 144.973 0.491469 266
      vertex 210.42 5.89576 458.748
      vertex 144.938 0.48808 266
    endloop
  endfacet
  facet normal 0.0983267 -0.995139 -0.00548474
    outer loop
      vertex 210.42 5.89576 458.748
      vertex 144.973 0.491469 266
      vertex 212.835 6.13573 458.508
    endloop
  endfacet
  facet normal 0.0701797 -0.997522 0.0049378
    outer loop
      vertex 151.542 0.947146 266
      vertex 215.378 6.38994 458.254
      vertex 148.273 0.717178 266
    endloop
  endfacet
  facet normal 0.0701791 -0.997522 0.00493802
    outer loop
      vertex 215.378 6.38994 458.254
      vertex 151.542 0.947146 266
      vertex 215.511 6.39928 458.245
    endloop
  endfacet
  facet normal 0.100569 -0.994913 -0.00574695
    outer loop
      vertex 148.273 0.717178 266
      vertex 212.965 6.14449 458.5
      vertex 148.239 0.713706 266
    endloop
  endfacet
  facet normal 0.100609 -0.994909 -0.00576046
    outer loop
      vertex 212.965 6.14449 458.5
      vertex 148.273 0.717178 266
      vertex 215.378 6.38994 458.254
    endloop
  endfacet
  facet normal 0.0721872 -0.99738 0.00465923
    outer loop
      vertex 154.848 1.18753 266
      vertex 217.923 6.64954 457.994
      vertex 151.576 0.950691 266
    endloop
  endfacet
  facet normal 0.0721885 -0.99738 0.00465881
    outer loop
      vertex 217.923 6.64954 457.994
      vertex 154.848 1.18753 266
      vertex 218.06 6.65946 457.985
    endloop
  endfacet
  facet normal 0.102629 -0.994702 -0.00593968
    outer loop
      vertex 151.576 0.950691 266
      vertex 215.511 6.39928 458.245
      vertex 151.542 0.947146 266
    endloop
  endfacet
  facet normal 0.102611 -0.994704 -0.00593374
    outer loop
      vertex 215.511 6.39928 458.245
      vertex 151.576 0.950691 266
      vertex 217.923 6.64954 457.994
    endloop
  endfacet
  facet normal 0.0738562 -0.997259 0.00450032
    outer loop
      vertex 158.16 1.43384 266
      vertex 220.472 6.91382 457.73
      vertex 154.883 1.19114 266
    endloop
  endfacet
  facet normal 0.0738582 -0.997259 0.00449964
    outer loop
      vertex 220.472 6.91382 457.73
      vertex 158.16 1.43384 266
      vertex 220.614 6.92429 457.72
    endloop
  endfacet
  facet normal 0.104307 -0.994527 -0.00599789
    outer loop
      vertex 154.883 1.19114 266
      vertex 218.06 6.65946 457.985
      vertex 154.848 1.18753 266
    endloop
  endfacet
  facet normal 0.104276 -0.99453 -0.00598757
    outer loop
      vertex 218.06 6.65946 457.985
      vertex 154.883 1.19114 266
      vertex 220.472 6.91382 457.73
    endloop
  endfacet
  facet normal 0.0751388 -0.997163 0.00447439
    outer loop
      vertex 161.476 1.68477 266
      vertex 223.025 7.18175 457.462
      vertex 158.194 1.4375 266
    endloop
  endfacet
  facet normal 0.0751409 -0.997163 0.00447372
    outer loop
      vertex 223.025 7.18175 457.462
      vertex 161.476 1.68477 266
      vertex 223.171 7.19274 457.451
    endloop
  endfacet
  facet normal 0.105583 -0.994393 -0.00591685
    outer loop
      vertex 158.194 1.4375 266
      vertex 220.614 6.92429 457.72
      vertex 158.16 1.43384 266
    endloop
  endfacet
  facet normal 0.105555 -0.994396 -0.00590778
    outer loop
      vertex 220.614 6.92429 457.72
      vertex 158.194 1.4375 266
      vertex 223.025 7.18175 457.462
    endloop
  endfacet
  facet normal 0.0761162 -0.997089 0.00455227
    outer loop
      vertex 164.795 1.93918 266
      vertex 225.581 7.45241 457.192
      vertex 161.51 1.68847 266
    endloop
  endfacet
  facet normal 0.0761099 -0.997089 0.00455429
    outer loop
      vertex 225.581 7.45241 457.192
      vertex 164.795 1.93918 266
      vertex 225.732 7.46388 457.18
    endloop
  endfacet
  facet normal 0.106544 -0.994291 -0.00572857
    outer loop
      vertex 161.51 1.68847 266
      vertex 223.171 7.19274 457.451
      vertex 161.476 1.68477 266
    endloop
  endfacet
  facet normal 0.106529 -0.994293 -0.00572384
    outer loop
      vertex 223.171 7.19274 457.451
      vertex 161.51 1.68847 266
      vertex 225.581 7.45241 457.192
    endloop
  endfacet
  facet normal 0.0769832 -0.997021 0.00466908
    outer loop
      vertex 168.114 2.19654 266
      vertex 228.139 7.72533 456.919
      vertex 164.829 1.9429 266
    endloop
  endfacet
  facet normal 0.0769839 -0.997021 0.00466888
    outer loop
      vertex 228.139 7.72533 456.919
      vertex 168.114 2.19654 266
      vertex 228.294 7.73727 456.907
    endloop
  endfacet
  facet normal 0.107384 -0.994202 -0.0054975
    outer loop
      vertex 164.829 1.9429 266
      vertex 225.732 7.46388 457.18
      vertex 164.795 1.93918 266
    endloop
  endfacet
  facet normal 0.107395 -0.994201 -0.00550106
    outer loop
      vertex 225.732 7.46388 457.18
      vertex 164.829 1.9429 266
      vertex 228.139 7.72533 456.919
    endloop
  endfacet
  facet normal 0.0777359 -0.996962 0.0048254
    outer loop
      vertex 171.435 2.45654 266
      vertex 230.699 8.00027 456.644
      vertex 168.148 2.2003 266
    endloop
  endfacet
  facet normal 0.0777376 -0.996962 0.00482485
    outer loop
      vertex 230.699 8.00027 456.644
      vertex 171.435 2.45654 266
      vertex 230.859 8.01267 456.631
    endloop
  endfacet
  facet normal 0.108182 -0.994117 -0.00525009
    outer loop
      vertex 168.148 2.2003 266
      vertex 228.294 7.73727 456.907
      vertex 168.114 2.19654 266
    endloop
  endfacet
  facet normal 0.108145 -0.994121 -0.00523831
    outer loop
      vertex 228.294 7.73727 456.907
      vertex 168.148 2.2003 266
      vertex 230.699 8.00027 456.644
    endloop
  endfacet
  facet normal 0.0786469 -0.996855 0.00968903
    outer loop
      vertex 171.884 2.50588 266
      vertex 214.317 6.13834 295.3
      vertex 252.382 10.4888 433.916
    endloop
  endfacet
  facet normal 0.078647 -0.996855 0.0096888
    outer loop
      vertex 171.884 2.50588 266
      vertex 213.076 5.99657 290.782
      vertex 214.317 6.13834 295.3
    endloop
  endfacet
  facet normal 0.0786469 -0.996855 0.009689
    outer loop
      vertex 213.076 5.99657 290.782
      vertex 171.884 2.50588 266
      vertex 206.272 5.2189 266
    endloop
  endfacet
  facet normal 0.109056 -0.994023 -0.00502357
    outer loop
      vertex 230.859 8.01267 456.631
      vertex 252.382 10.4888 433.916
      vertex 257.807 10.9842 453.66
    endloop
  endfacet
  facet normal 0.109056 -0.994023 -0.0050236
    outer loop
      vertex 171.435 2.45654 266
      vertex 252.382 10.4888 433.916
      vertex 230.859 8.01267 456.631
    endloop
  endfacet
  facet normal 0.109058 -0.994023 -0.00502411
    outer loop
      vertex 252.382 10.4888 433.916
      vertex 171.435 2.45654 266
      vertex 171.884 2.50588 266
    endloop
  endfacet
  facet normal 0.10762 0.992755 -0.0534379
    outer loop
      vertex 206.065 11.22 266
      vertex 207.22 11.3166 270.121
      vertex 206.087 11.2176 266
    endloop
  endfacet
  facet normal 0.107638 0.992753 -0.0534428
    outer loop
      vertex 207.22 11.3166 270.121
      vertex 206.065 11.22 266
      vertex 229.57 13.283 351.663
    endloop
  endfacet
  facet normal 0.10934 0.992563 -0.0535111
    outer loop
      vertex 206.03 11.2227 266
      vertex 253.541 15.8441 448.8
      vertex 253.84 15.8128 448.831
    endloop
  endfacet
  facet normal 0.109336 0.992563 -0.0535101
    outer loop
      vertex 253.541 15.8441 448.8
      vertex 206.03 11.2227 266
      vertex 202.758 11.5832 266
    endloop
  endfacet
  facet normal 0.0790047 0.995828 -0.0456604
    outer loop
      vertex 229.57 13.283 351.663
      vertex 253.84 15.8128 448.831
      vertex 256.253 15.6298 449.014
    endloop
  endfacet
  facet normal 0.0789939 0.995829 -0.0456574
    outer loop
      vertex 206.03 11.2227 266
      vertex 229.57 13.283 351.663
      vertex 206.065 11.22 266
    endloop
  endfacet
  facet normal 0.0790039 0.995828 -0.0456602
    outer loop
      vertex 229.57 13.283 351.663
      vertex 206.03 11.2227 266
      vertex 253.84 15.8128 448.831
    endloop
  endfacet
  facet normal 0.10999 0.992524 -0.0529013
    outer loop
      vertex 202.688 11.5888 266
      vertex 248.048 16.282 448.362
      vertex 248.661 16.2175 448.427
    endloop
  endfacet
  facet normal 0.10999 0.992524 -0.0529013
    outer loop
      vertex 248.048 16.282 448.362
      vertex 202.688 11.5888 266
      vertex 196.136 12.3149 266
    endloop
  endfacet
  facet normal 0.0796582 0.995791 -0.0453404
    outer loop
      vertex 202.758 11.5832 266
      vertex 248.661 16.2175 448.427
      vertex 253.541 15.8441 448.8
    endloop
  endfacet
  facet normal 0.0796659 0.99579 -0.0453423
    outer loop
      vertex 248.661 16.2175 448.427
      vertex 202.758 11.5832 266
      vertex 202.688 11.5888 266
    endloop
  endfacet
  facet normal 0.108372 0.992747 -0.0520529
    outer loop
      vertex 196.102 12.3176 266
      vertex 245.315 16.4959 448.148
      vertex 245.624 16.4639 448.18
    endloop
  endfacet
  facet normal 0.108368 0.992747 -0.0520519
    outer loop
      vertex 245.315 16.4959 448.148
      vertex 196.102 12.3176 266
      vertex 192.844 12.6732 266
    endloop
  endfacet
  facet normal 0.0780315 0.995985 -0.0438792
    outer loop
      vertex 196.136 12.3149 266
      vertex 245.624 16.4639 448.18
      vertex 248.048 16.282 448.362
    endloop
  endfacet
  facet normal 0.078039 0.995984 -0.0438812
    outer loop
      vertex 245.624 16.4639 448.18
      vertex 196.136 12.3149 266
      vertex 196.102 12.3176 266
    endloop
  endfacet
  facet normal 0.105721 0.993092 -0.0509059
    outer loop
      vertex 192.809 12.6758 266
      vertex 242.594 16.7022 447.942
      vertex 242.905 16.6707 447.973
    endloop
  endfacet
  facet normal 0.10572 0.993092 -0.0509056
    outer loop
      vertex 242.594 16.7022 447.942
      vertex 192.809 12.6758 266
      vertex 189.565 13.0213 266
    endloop
  endfacet
  facet normal 0.0753719 0.996244 -0.0426201
    outer loop
      vertex 192.844 12.6732 266
      vertex 242.905 16.6707 447.973
      vertex 245.315 16.4959 448.148
    endloop
  endfacet
  facet normal 0.0753781 0.996244 -0.0426218
    outer loop
      vertex 242.905 16.6707 447.973
      vertex 192.844 12.6732 266
      vertex 192.809 12.6758 266
    endloop
  endfacet
  facet normal 0.102246 0.993526 -0.049512
    outer loop
      vertex 189.53 13.0237 266
      vertex 239.883 16.8991 447.745
      vertex 240.196 16.8684 447.776
    endloop
  endfacet
  facet normal 0.10224 0.993527 -0.0495103
    outer loop
      vertex 239.883 16.8991 447.745
      vertex 189.53 13.0237 266
      vertex 186.295 13.3567 266
    endloop
  endfacet
  facet normal 0.0718785 0.996566 -0.0411122
    outer loop
      vertex 189.565 13.0213 266
      vertex 240.196 16.8684 447.776
      vertex 242.594 16.7022 447.942
    endloop
  endfacet
  facet normal 0.0718827 0.996565 -0.0411134
    outer loop
      vertex 240.196 16.8684 447.776
      vertex 189.565 13.0213 266
      vertex 189.53 13.0237 266
    endloop
  endfacet
  facet normal 0.0980241 0.994031 -0.0478886
    outer loop
      vertex 186.261 13.359 266
      vertex 237.179 17.0846 447.559
      vertex 237.495 17.0549 447.589
    endloop
  endfacet
  facet normal 0.0980215 0.994031 -0.0478879
    outer loop
      vertex 237.179 17.0846 447.559
      vertex 186.261 13.359 266
      vertex 183.032 13.6774 266
    endloop
  endfacet
  facet normal 0.0676437 0.996932 -0.0393761
    outer loop
      vertex 186.295 13.3567 266
      vertex 237.495 17.0549 447.589
      vertex 239.883 16.8991 447.745
    endloop
  endfacet
  facet normal 0.0676355 0.996933 -0.0393738
    outer loop
      vertex 237.495 17.0549 447.589
      vertex 186.295 13.3567 266
      vertex 186.261 13.359 266
    endloop
  endfacet
  facet normal 0.0931396 0.994587 -0.0460547
    outer loop
      vertex 182.998 13.6795 266
      vertex 234.484 17.2572 447.387
      vertex 234.801 17.2288 447.415
    endloop
  endfacet
  facet normal 0.0931427 0.994587 -0.0460556
    outer loop
      vertex 234.484 17.2572 447.387
      vertex 182.998 13.6795 266
      vertex 179.776 13.9812 266
    endloop
  endfacet
  facet normal 0.0627484 0.997327 -0.0374301
    outer loop
      vertex 183.032 13.6774 266
      vertex 234.801 17.2288 447.415
      vertex 237.179 17.0846 447.559
    endloop
  endfacet
  facet normal 0.0627524 0.997327 -0.0374312
    outer loop
      vertex 234.801 17.2288 447.415
      vertex 183.032 13.6774 266
      vertex 182.998 13.6795 266
    endloop
  endfacet
  facet normal 0.0876735 0.995176 -0.0440298
    outer loop
      vertex 179.742 13.9832 266
      vertex 231.797 17.4154 447.229
      vertex 232.116 17.3885 447.256
    endloop
  endfacet
  facet normal 0.0876739 0.995176 -0.04403
    outer loop
      vertex 231.797 17.4154 447.229
      vertex 179.742 13.9832 266
      vertex 176.526 14.2665 266
    endloop
  endfacet
  facet normal 0.057262 0.997735 -0.0352905
    outer loop
      vertex 179.776 13.9812 266
      vertex 232.116 17.3885 447.256
      vertex 234.484 17.2572 447.387
    endloop
  endfacet
  facet normal 0.0572298 0.997737 -0.0352812
    outer loop
      vertex 232.116 17.3885 447.256
      vertex 179.776 13.9812 266
      vertex 179.742 13.9832 266
    endloop
  endfacet
  facet normal 0.0816862 0.99578 -0.0418282
    outer loop
      vertex 176.492 14.2683 266
      vertex 229.118 17.5578 447.086
      vertex 229.438 17.5326 447.111
    endloop
  endfacet
  facet normal 0.0816861 0.99578 -0.0418281
    outer loop
      vertex 229.118 17.5578 447.086
      vertex 176.492 14.2683 266
      vertex 173.28 14.5318 266
    endloop
  endfacet
  facet normal 0.051256 0.998141 -0.0329747
    outer loop
      vertex 176.526 14.2665 266
      vertex 229.438 17.5326 447.111
      vertex 231.797 17.4154 447.229
    endloop
  endfacet
  facet normal 0.0512609 0.998141 -0.0329761
    outer loop
      vertex 229.438 17.5326 447.111
      vertex 176.526 14.2665 266
      vertex 176.492 14.2683 266
    endloop
  endfacet
  facet normal 0.0753729 0.996373 -0.0395056
    outer loop
      vertex 173.246 14.5333 266
      vertex 226.445 17.6839 446.96
      vertex 226.767 17.6605 446.984
    endloop
  endfacet
  facet normal 0.0753753 0.996372 -0.0395064
    outer loop
      vertex 226.445 17.6839 446.96
      vertex 173.246 14.5333 266
      vertex 170.036 14.7761 266
    endloop
  endfacet
  facet normal 0.0449266 0.998523 -0.0305391
    outer loop
      vertex 173.28 14.5318 266
      vertex 226.767 17.6605 446.984
      vertex 229.118 17.5578 447.086
    endloop
  endfacet
  facet normal 0.0449223 0.998524 -0.0305379
    outer loop
      vertex 226.767 17.6605 446.984
      vertex 173.28 14.5318 266
      vertex 173.246 14.5333 266
    endloop
  endfacet
  facet normal 0.0688311 0.996939 -0.03709
    outer loop
      vertex 170.002 14.7774 266
      vertex 223.778 17.793 446.851
      vertex 224.101 17.7715 446.873
    endloop
  endfacet
  facet normal 0.0688293 0.996939 -0.0370894
    outer loop
      vertex 223.778 17.793 446.851
      vertex 170.002 14.7774 266
      vertex 166.793 14.999 266
    endloop
  endfacet
  facet normal 0.0383637 0.998871 -0.0280092
    outer loop
      vertex 170.036 14.7761 266
      vertex 224.101 17.7715 446.873
      vertex 226.445 17.6839 446.96
    endloop
  endfacet
  facet normal 0.0383921 0.99887 -0.0280176
    outer loop
      vertex 224.101 17.7715 446.873
      vertex 170.036 14.7761 266
      vertex 170.002 14.7774 266
    endloop
  endfacet
  facet normal 0.0620832 0.997472 -0.0345867
    outer loop
      vertex 166.759 15.0001 266
      vertex 221.117 17.8845 446.759
      vertex 221.441 17.8651 446.779
    endloop
  endfacet
  facet normal 0.0620829 0.997472 -0.0345866
    outer loop
      vertex 221.117 17.8845 446.759
      vertex 166.759 15.0001 266
      vertex 163.551 15.1998 266
    endloop
  endfacet
  facet normal 0.0316009 0.999178 -0.0253936
    outer loop
      vertex 166.793 14.999 266
      vertex 221.441 17.8651 446.779
      vertex 223.778 17.793 446.851
    endloop
  endfacet
  facet normal 0.0316046 0.999178 -0.0253947
    outer loop
      vertex 221.441 17.8651 446.779
      vertex 166.793 14.999 266
      vertex 166.759 15.0001 266
    endloop
  endfacet
  facet normal 0.0551775 0.997963 -0.0320096
    outer loop
      vertex 163.517 15.2006 266
      vertex 218.461 17.9582 446.686
      vertex 218.786 17.9408 446.703
    endloop
  endfacet
  facet normal 0.0551767 0.997963 -0.0320094
    outer loop
      vertex 218.461 17.9582 446.686
      vertex 163.517 15.2006 266
      vertex 160.309 15.378 266
    endloop
  endfacet
  facet normal 0.0246813 0.999438 -0.0227046
    outer loop
      vertex 163.551 15.1998 266
      vertex 218.786 17.9408 446.703
      vertex 221.117 17.8845 446.759
    endloop
  endfacet
  facet normal 0.0246816 0.999437 -0.0227047
    outer loop
      vertex 218.786 17.9408 446.703
      vertex 163.551 15.1998 266
      vertex 163.517 15.2006 266
    endloop
  endfacet
  facet normal 0.0481407 0.998409 -0.0293664
    outer loop
      vertex 160.275 15.3786 266
      vertex 215.813 18.0136 446.63
      vertex 216.138 17.9984 446.646
    endloop
  endfacet
  facet normal 0.0481409 0.998409 -0.0293665
    outer loop
      vertex 215.813 18.0136 446.63
      vertex 160.275 15.3786 266
      vertex 157.068 15.5332 266
    endloop
  endfacet
  facet normal 0.0176323 0.999645 -0.0199499
    outer loop
      vertex 160.309 15.378 266
      vertex 216.138 17.9984 446.646
      vertex 218.461 17.9582 446.686
    endloop
  endfacet
  facet normal 0.0176494 0.999645 -0.0199552
    outer loop
      vertex 216.138 17.9984 446.646
      vertex 160.309 15.378 266
      vertex 160.275 15.3786 266
    endloop
  endfacet
  facet normal 0.0408692 0.99881 -0.0266225
    outer loop
      vertex 157.034 15.5336 266
      vertex 213.173 18.0501 446.594
      vertex 213.497 18.0372 446.607
    endloop
  endfacet
  facet normal 0.0408665 0.99881 -0.0266216
    outer loop
      vertex 213.173 18.0501 446.594
      vertex 157.034 15.5336 266
      vertex 153.829 15.6647 266
    endloop
  endfacet
  facet normal 0.0103476 0.9998 -0.0170943
    outer loop
      vertex 157.068 15.5332 266
      vertex 213.497 18.0372 446.607
      vertex 215.813 18.0136 446.63
    endloop
  endfacet
  facet normal 0.0103581 0.9998 -0.0170976
    outer loop
      vertex 213.497 18.0372 446.607
      vertex 157.068 15.5332 266
      vertex 157.034 15.5336 266
    endloop
  endfacet
  facet normal 0.0333216 0.999162 -0.023763
    outer loop
      vertex 153.795 15.6648 266
      vertex 210.541 18.067 446.577
      vertex 210.865 18.0564 446.588
    endloop
  endfacet
  facet normal 0.0333227 0.999162 -0.0237633
    outer loop
      vertex 210.541 18.067 446.577
      vertex 153.795 15.6648 266
      vertex 150.594 15.7716 266
    endloop
  endfacet
  facet normal 0.00279444 0.999896 -0.0141254
    outer loop
      vertex 153.829 15.6647 266
      vertex 210.865 18.0564 446.588
      vertex 213.173 18.0501 446.594
    endloop
  endfacet
  facet normal 0.00279822 0.999896 -0.0141266
    outer loop
      vertex 210.865 18.0564 446.588
      vertex 153.829 15.6647 266
      vertex 153.795 15.6648 266
    endloop
  endfacet
  facet normal 0.0254503 0.99946 -0.0207702
    outer loop
      vertex 150.56 15.7714 266
      vertex 207.922 18.0635 446.581
      vertex 208.244 18.0554 446.589
    endloop
  endfacet
  facet normal 0.0254531 0.99946 -0.0207711
    outer loop
      vertex 207.922 18.0635 446.581
      vertex 150.56 15.7714 266
      vertex 147.363 15.8528 266
    endloop
  endfacet
  facet normal -0.00508152 0.999926 -0.0110236
    outer loop
      vertex 150.594 15.7716 266
      vertex 208.244 18.0554 446.589
      vertex 210.541 18.067 446.577
    endloop
  endfacet
  facet normal -0.00506872 0.999926 -0.0110277
    outer loop
      vertex 208.244 18.0554 446.589
      vertex 150.594 15.7716 266
      vertex 150.56 15.7714 266
    endloop
  endfacet
  facet normal 0.0171154 0.999699 -0.0175953
    outer loop
      vertex 147.329 15.8524 266
      vertex 205.314 18.0384 446.606
      vertex 205.635 18.033 446.611
    endloop
  endfacet
  facet normal 0.0171196 0.999699 -0.0175966
    outer loop
      vertex 205.314 18.0384 446.606
      vertex 147.329 15.8524 266
      vertex 144.138 15.907 266
    endloop
  endfacet
  facet normal -0.0134187 0.99988 -0.00774038
    outer loop
      vertex 147.363 15.8528 266
      vertex 205.635 18.033 446.611
      vertex 207.922 18.0635 446.581
    endloop
  endfacet
  facet normal -0.013446 0.99988 -0.00773159
    outer loop
      vertex 205.635 18.033 446.611
      vertex 147.363 15.8528 266
      vertex 147.329 15.8524 266
    endloop
  endfacet
  facet normal 0.00832417 0.999864 -0.0142373
    outer loop
      vertex 144.104 15.9063 266
      vertex 202.72 17.9906 446.653
      vertex 203.038 17.988 446.656
    endloop
  endfacet
  facet normal 0.00832276 0.999864 -0.0142368
    outer loop
      vertex 202.72 17.9906 446.653
      vertex 144.104 15.9063 266
      vertex 140.919 15.9328 266
    endloop
  endfacet
  facet normal -0.0222172 0.999744 -0.00427265
    outer loop
      vertex 144.138 15.907 266
      vertex 203.038 17.988 446.656
      vertex 205.314 18.0384 446.606
    endloop
  endfacet
  facet normal -0.022202 0.999744 -0.00427762
    outer loop
      vertex 203.038 17.988 446.656
      vertex 144.138 15.907 266
      vertex 144.104 15.9063 266
    endloop
  endfacet
  facet normal -0.000953402 0.999942 -0.010683
    outer loop
      vertex 140.885 15.9317 266
      vertex 200.14 17.919 446.725
      vertex 200.455 17.9193 446.725
    endloop
  endfacet
  facet normal -0.000955707 0.999942 -0.0106822
    outer loop
      vertex 200.14 17.919 446.725
      vertex 140.885 15.9317 266
      vertex 137.705 15.9287 266
    endloop
  endfacet
  facet normal -0.0314943 0.999504 -0.00061136
    outer loop
      vertex 140.919 15.9328 266
      vertex 200.455 17.9193 446.725
      vertex 202.72 17.9906 446.653
    endloop
  endfacet
  facet normal -0.0314907 0.999504 -0.000612523
    outer loop
      vertex 200.455 17.9193 446.725
      vertex 140.919 15.9328 266
      vertex 140.885 15.9317 266
    endloop
  endfacet
  facet normal -0.0107294 0.999918 -0.00692508
    outer loop
      vertex 137.672 15.9273 266
      vertex 197.576 17.8224 446.822
      vertex 197.888 17.8257 446.818
    endloop
  endfacet
  facet normal -0.0107294 0.999918 -0.00692508
    outer loop
      vertex 197.576 17.8224 446.822
      vertex 137.672 15.9273 266
      vertex 134.5 15.8933 266
    endloop
  endfacet
  facet normal -0.0412618 0.999143 0.00325101
    outer loop
      vertex 137.705 15.9287 266
      vertex 197.888 17.8257 446.818
      vertex 200.14 17.919 446.725
    endloop
  endfacet
  facet normal -0.0412883 0.999142 0.00325983
    outer loop
      vertex 197.888 17.8257 446.818
      vertex 137.705 15.9287 266
      vertex 137.672 15.9273 266
    endloop
  endfacet
  facet normal -0.0212332 0.99977 -0.00288063
    outer loop
      vertex 134.467 15.8916 266
      vertex 195.034 17.6992 446.945
      vertex 195.342 17.7058 446.938
    endloop
  endfacet
  facet normal -0.0212277 0.999771 -0.00288247
    outer loop
      vertex 195.034 17.6992 446.945
      vertex 134.467 15.8916 266
      vertex 131.308 15.8245 266
    endloop
  endfacet
  facet normal -0.0517473 0.998633 0.00739695
    outer loop
      vertex 134.5 15.8933 266
      vertex 195.342 17.7058 446.938
      vertex 197.576 17.8224 446.822
    endloop
  endfacet
  facet normal -0.0517542 0.998632 0.00739926
    outer loop
      vertex 195.342 17.7058 446.938
      vertex 134.5 15.8933 266
      vertex 134.467 15.8916 266
    endloop
  endfacet
  facet normal -0.0328451 0.999459 0.00158929
    outer loop
      vertex 131.275 15.8224 266
      vertex 192.517 17.547 447.097
      vertex 192.819 17.557 447.087
    endloop
  endfacet
  facet normal -0.0328445 0.999459 0.0015891
    outer loop
      vertex 192.517 17.547 447.097
      vertex 131.275 15.8224 266
      vertex 128.132 15.7191 266
    endloop
  endfacet
  facet normal -0.0633462 0.99792 0.0119702
    outer loop
      vertex 131.308 15.8245 266
      vertex 192.819 17.557 447.087
      vertex 195.034 17.6992 446.945
    endloop
  endfacet
  facet normal -0.063349 0.99792 0.0119712
    outer loop
      vertex 192.819 17.557 447.087
      vertex 131.308 15.8245 266
      vertex 131.275 15.8224 266
    endloop
  endfacet
  facet normal -0.0455775 0.99894 0.00649646
    outer loop
      vertex 128.099 15.7166 266
      vertex 190.027 17.3632 447.281
      vertex 190.324 17.3768 447.267
    endloop
  endfacet
  facet normal -0.0455795 0.99894 0.00649714
    outer loop
      vertex 190.027 17.3632 447.281
      vertex 128.099 15.7166 266
      vertex 124.974 15.574 266
    endloop
  endfacet
  facet normal -0.0760549 0.996959 0.0169767
    outer loop
      vertex 128.132 15.7191 266
      vertex 190.324 17.3768 447.267
      vertex 192.517 17.547 447.097
    endloop
  endfacet
  facet normal -0.0760569 0.996959 0.0169774
    outer loop
      vertex 190.324 17.3768 447.267
      vertex 128.132 15.7191 266
      vertex 128.099 15.7166 266
    endloop
  endfacet
  facet normal -0.059436 0.998162 0.0118506
    outer loop
      vertex 124.941 15.571 266
      vertex 187.566 17.1452 447.499
      vertex 187.856 17.1627 447.481
    endloop
  endfacet
  facet normal -0.0594312 0.998162 0.0118489
    outer loop
      vertex 187.566 17.1452 447.499
      vertex 124.941 15.571 266
      vertex 121.833 15.386 266
    endloop
  endfacet
  facet normal -0.0898698 0.995701 0.0224228
    outer loop
      vertex 124.974 15.574 266
      vertex 187.856 17.1627 447.481
      vertex 190.027 17.3632 447.281
    endloop
  endfacet
  facet normal -0.0898655 0.995702 0.0224213
    outer loop
      vertex 187.856 17.1627 447.481
      vertex 124.974 15.574 266
      vertex 124.941 15.571 266
    endloop
  endfacet
  facet normal -0.0744075 0.997072 0.0176549
    outer loop
      vertex 121.8 15.3826 266
      vertex 185.135 16.8907 447.753
      vertex 185.419 16.9123 447.732
    endloop
  endfacet
  facet normal -0.0744052 0.997072 0.0176541
    outer loop
      vertex 185.135 16.8907 447.753
      vertex 121.8 15.3826 266
      vertex 118.711 15.152 266
    endloop
  endfacet
  facet normal -0.104793 0.994091 0.0283169
    outer loop
      vertex 121.833 15.386 266
      vertex 185.419 16.9123 447.732
      vertex 187.566 17.1452 447.499
    endloop
  endfacet
  facet normal -0.104774 0.994093 0.0283101
    outer loop
      vertex 185.419 16.9123 447.732
      vertex 121.833 15.386 266
      vertex 121.8 15.3826 266
    endloop
  endfacet
  facet normal -0.0906416 0.995595 0.0239714
    outer loop
      vertex 118.678 15.1481 266
      vertex 182.74 16.5972 448.047
      vertex 183.015 16.6228 448.021
    endloop
  endfacet
  facet normal -0.0906414 0.995595 0.0239713
    outer loop
      vertex 182.74 16.5972 448.047
      vertex 118.678 15.1481 266
      vertex 115.61 14.8687 266
    endloop
  endfacet
  facet normal -0.120964 0.99205 0.0347177
    outer loop
      vertex 118.711 15.152 266
      vertex 183.015 16.6228 448.021
      vertex 185.135 16.8907 447.753
    endloop
  endfacet
  facet normal -0.120952 0.992051 0.0347135
    outer loop
      vertex 183.015 16.6228 448.021
      vertex 118.711 15.152 266
      vertex 118.678 15.1481 266
    endloop
  endfacet
  facet normal -0.108184 0.993653 0.0308256
    outer loop
      vertex 115.578 14.8643 266
      vertex 180.385 16.2621 448.382
      vertex 180.651 16.292 448.352
    endloop
  endfacet
  facet normal -0.108191 0.993652 0.0308279
    outer loop
      vertex 180.385 16.2621 448.382
      vertex 115.578 14.8643 266
      vertex 112.537 14.5331 266
    endloop
  endfacet
  facet normal -0.138432 0.989496 0.0416521
    outer loop
      vertex 115.61 14.8687 266
      vertex 180.651 16.292 448.352
      vertex 182.74 16.5972 448.047
    endloop
  endfacet
  facet normal -0.138413 0.989499 0.0416451
    outer loop
      vertex 180.651 16.292 448.352
      vertex 115.61 14.8687 266
      vertex 115.578 14.8643 266
    endloop
  endfacet
  facet normal -0.127478 0.991098 0.0383906
    outer loop
      vertex 112.505 14.528 266
      vertex 178.076 15.8827 448.761
      vertex 178.332 15.9169 448.727
    endloop
  endfacet
  facet normal -0.127477 0.991098 0.0383901
    outer loop
      vertex 178.076 15.8827 448.761
      vertex 112.505 14.528 266
      vertex 109.496 14.141 266
    endloop
  endfacet
  facet normal -0.157608 0.986271 0.0492815
    outer loop
      vertex 112.537 14.5331 266
      vertex 178.332 15.9169 448.727
      vertex 180.385 16.2621 448.382
    endloop
  endfacet
  facet normal -0.157601 0.986273 0.049279
    outer loop
      vertex 178.332 15.9169 448.727
      vertex 112.537 14.5331 266
      vertex 112.505 14.528 266
    endloop
  endfacet
  facet normal -0.148733 0.987771 0.0467576
    outer loop
      vertex 109.465 14.1354 266
      vertex 175.822 15.4555 449.188
      vertex 176.066 15.4941 449.15
    endloop
  endfacet
  facet normal -0.148727 0.987772 0.0467557
    outer loop
      vertex 175.822 15.4555 449.188
      vertex 109.465 14.1354 266
      vertex 106.496 13.6883 266
    endloop
  endfacet
  facet normal -0.17872 0.982206 0.0577037
    outer loop
      vertex 109.496 14.141 266
      vertex 176.066 15.4941 449.15
      vertex 178.076 15.8827 448.761
    endloop
  endfacet
  facet normal -0.178715 0.982208 0.0577016
    outer loop
      vertex 176.066 15.4941 449.15
      vertex 109.496 14.141 266
      vertex 109.465 14.1354 266
    endloop
  endfacet
  facet normal -0.172464 0.983415 0.0561354
    outer loop
      vertex 106.466 13.682 266
      vertex 173.633 14.9772 449.667
      vertex 173.864 15.0202 449.624
    endloop
  endfacet
  facet normal -0.172458 0.983416 0.0561333
    outer loop
      vertex 173.633 14.9772 449.667
      vertex 106.466 13.682 266
      vertex 103.547 13.1701 266
    endloop
  endfacet
  facet normal -0.202271 0.977027 0.0671226
    outer loop
      vertex 106.496 13.6883 266
      vertex 173.864 15.0202 449.624
      vertex 175.822 15.4555 449.188
    endloop
  endfacet
  facet normal -0.202248 0.977032 0.0671139
    outer loop
      vertex 173.864 15.0202 449.624
      vertex 106.496 13.6883 266
      vertex 106.466 13.682 266
    endloop
  endfacet
  facet normal -0.199021 0.977725 0.0666738
    outer loop
      vertex 103.517 13.1631 266
      vertex 171.523 14.445 450.199
      vertex 171.739 14.4922 450.152
    endloop
  endfacet
  facet normal -0.199025 0.977724 0.0666752
    outer loop
      vertex 171.523 14.445 450.199
      vertex 103.517 13.1631 266
      vertex 100.664 12.5824 266
    endloop
  endfacet
  facet normal -0.228607 0.970414 0.0776872
    outer loop
      vertex 103.547 13.1701 266
      vertex 171.739 14.4922 450.152
      vertex 173.633 14.9772 449.667
    endloop
  endfacet
  facet normal -0.228615 0.970412 0.0776903
    outer loop
      vertex 171.739 14.4922 450.152
      vertex 103.547 13.1701 266
      vertex 103.517 13.1631 266
    endloop
  endfacet
  facet normal -0.229501 0.970112 0.0788154
    outer loop
      vertex 100.635 12.5746 266
      vertex 169.512 13.8561 450.788
      vertex 169.711 13.9074 450.737
    endloop
  endfacet
  facet normal -0.229502 0.970112 0.0788157
    outer loop
      vertex 169.512 13.8561 450.788
      vertex 100.635 12.5746 266
      vertex 97.8718 11.9209 266
    endloop
  endfacet
  facet normal -0.258779 0.961751 0.0898234
    outer loop
      vertex 100.664 12.5824 266
      vertex 169.711 13.9074 450.737
      vertex 171.523 14.445 450.199
    endloop
  endfacet
  facet normal -0.258795 0.961746 0.0898293
    outer loop
      vertex 169.711 13.9074 450.737
      vertex 100.664 12.5824 266
      vertex 100.635 12.5746 266
    endloop
  endfacet
  facet normal -0.265081 0.959726 0.0930455
    outer loop
      vertex 97.8442 11.9124 266
      vertex 167.629 13.2094 451.435
      vertex 167.809 13.2643 451.38
    endloop
  endfacet
  facet normal -0.265084 0.959725 0.0930468
    outer loop
      vertex 167.629 13.2094 451.435
      vertex 97.8442 11.9124 266
      vertex 95.203 11.1828 266
    endloop
  endfacet
  facet normal -0.293949 0.950145 0.104011
    outer loop
      vertex 97.8718 11.9209 266
      vertex 167.809 13.2643 451.38
      vertex 169.512 13.8561 450.788
    endloop
  endfacet
  facet normal -0.293975 0.950136 0.10402
    outer loop
      vertex 167.809 13.2643 451.38
      vertex 97.8718 11.9209 266
      vertex 97.8442 11.9124 266
    endloop
  endfacet
  facet normal -0.307559 0.945137 0.110103
    outer loop
      vertex 95.1774 11.1736 266
      vertex 165.925 12.5125 452.132
      vertex 166.08 12.5697 452.074
    endloop
  endfacet
  facet normal -0.307562 0.945136 0.110104
    outer loop
      vertex 165.925 12.5125 452.132
      vertex 95.1774 11.1736 266
      vertex 92.7256 10.3758 266
    endloop
  endfacet
  facet normal -0.335855 0.934114 0.120968
    outer loop
      vertex 95.203 11.1828 266
      vertex 166.08 12.5697 452.074
      vertex 167.629 13.2094 451.435
    endloop
  endfacet
  facet normal -0.335888 0.9341 0.120981
    outer loop
      vertex 166.08 12.5697 452.074
      vertex 95.203 11.1828 266
      vertex 95.1774 11.1736 266
    endloop
  endfacet
  facet normal -0.357503 0.924784 0.130258
    outer loop
      vertex 92.7027 10.3661 266
      vertex 164.444 11.7797 452.864
      vertex 164.573 11.8376 452.806
    endloop
  endfacet
  facet normal -0.357472 0.924797 0.130246
    outer loop
      vertex 164.444 11.7797 452.864
      vertex 92.7027 10.3661 266
      vertex 90.5023 9.51556 266
    endloop
  endfacet
  facet normal -0.384976 0.912103 0.140928
    outer loop
      vertex 92.7256 10.3758 266
      vertex 164.573 11.8376 452.806
      vertex 165.925 12.5125 452.132
    endloop
  endfacet
  facet normal -0.384982 0.9121 0.14093
    outer loop
      vertex 164.573 11.8376 452.806
      vertex 92.7256 10.3758 266
      vertex 92.7027 10.3661 266
    endloop
  endfacet
  facet normal -0.414431 0.897064 0.15337
    outer loop
      vertex 90.4825 9.50565 266
      vertex 163.21 11.0281 453.616
      vertex 163.312 11.085 453.559
    endloop
  endfacet
  facet normal -0.414431 0.897065 0.15337
    outer loop
      vertex 163.21 11.0281 453.616
      vertex 90.4825 9.50565 266
      vertex 88.5706 8.6224 266
    endloop
  endfacet
  facet normal -0.440885 0.882497 0.163765
    outer loop
      vertex 90.5023 9.51556 266
      vertex 163.312 11.085 453.559
      vertex 164.444 11.7797 452.864
    endloop
  endfacet
  facet normal -0.44097 0.882449 0.163799
    outer loop
      vertex 163.312 11.085 453.559
      vertex 90.5023 9.51556 266
      vertex 90.4825 9.50565 266
    endloop
  endfacet
  facet normal -0.476152 0.861037 0.178589
    outer loop
      vertex 88.5551 8.61319 266
      vertex 162.291 10.3304 454.314
      vertex 162.363 10.3808 454.263
    endloop
  endfacet
  facet normal -0.476165 0.861029 0.178594
    outer loop
      vertex 162.291 10.3304 454.314
      vertex 88.5551 8.61319 266
      vertex 87.056 7.78417 266
    endloop
  endfacet
  facet normal -0.501281 0.844481 0.188596
    outer loop
      vertex 88.5706 8.6224 266
      vertex 162.363 10.3808 454.263
      vertex 163.21 11.0281 453.616
    endloop
  endfacet
  facet normal -0.50117 0.844557 0.188552
    outer loop
      vertex 162.363 10.3808 454.263
      vertex 88.5706 8.6224 266
      vertex 88.5551 8.61319 266
    endloop
  endfacet
  facet normal -0.542012 0.814811 0.205682
    outer loop
      vertex 87.0446 7.77611 266
      vertex 161.659 9.7197 454.924
      vertex 161.707 9.76201 454.882
    endloop
  endfacet
  facet normal -0.542079 0.81476 0.205709
    outer loop
      vertex 161.659 9.7197 454.924
      vertex 87.0446 7.77611 266
      vertex 85.9437 7.04364 266
    endloop
  endfacet
  facet normal -0.565545 0.796151 0.21518
    outer loop
      vertex 87.0446 7.77611 266
      vertex 162.291 10.3304 454.314
      vertex 87.056 7.78417 266
    endloop
  endfacet
  facet normal -0.565535 0.796159 0.215176
    outer loop
      vertex 162.291 10.3304 454.314
      vertex 87.0446 7.77611 266
      vertex 161.707 9.76201 454.882
    endloop
  endfacet
  facet normal -0.609218 0.757832 0.233547
    outer loop
      vertex 85.1011 6.36581 266
      vertex 161.253 9.20218 455.442
      vertex 85.9352 7.03632 266
    endloop
  endfacet
  facet normal -0.609247 0.757805 0.233559
    outer loop
      vertex 161.253 9.20218 455.442
      vertex 85.1011 6.36581 266
      vertex 161.221 9.16531 455.479
    endloop
  endfacet
  facet normal -0.630527 0.737394 0.242252
    outer loop
      vertex 85.9352 7.03632 266
      vertex 161.659 9.7197 454.924
      vertex 85.9437 7.04364 266
    endloop
  endfacet
  facet normal -0.630676 0.737246 0.242314
    outer loop
      vertex 161.659 9.7197 454.924
      vertex 85.9352 7.03632 266
      vertex 161.253 9.20218 455.442
    endloop
  endfacet
  facet normal -0.665853 0.70033 0.257251
    outer loop
      vertex 84.4598 5.75569 266
      vertex 160.942 8.70117 455.943
      vertex 85.0946 6.35925 266
    endloop
  endfacet
  facet normal -0.665818 0.700368 0.257236
    outer loop
      vertex 160.942 8.70117 455.943
      vertex 84.4598 5.75569 266
      vertex 160.921 8.66949 455.975
    endloop
  endfacet
  facet normal -0.685161 0.678385 0.26523
    outer loop
      vertex 85.0946 6.35925 266
      vertex 161.221 9.16531 455.479
      vertex 85.1011 6.36581 266
    endloop
  endfacet
  facet normal -0.685376 0.678133 0.26532
    outer loop
      vertex 161.221 9.16531 455.479
      vertex 85.0946 6.35925 266
      vertex 160.942 8.70117 455.943
    endloop
  endfacet
  facet normal -0.709044 0.64912 0.275499
    outer loop
      vertex 83.9904 5.24268 266
      vertex 160.737 8.28015 456.364
      vertex 84.4551 5.7502 266
    endloop
  endfacet
  facet normal -0.709148 0.648988 0.275543
    outer loop
      vertex 160.737 8.28015 456.364
      vertex 83.9904 5.24268 266
      vertex 160.724 8.25457 456.389
    endloop
  endfacet
  facet normal -0.726734 0.625962 0.282895
    outer loop
      vertex 84.4551 5.7502 266
      vertex 160.921 8.66949 455.975
      vertex 84.4598 5.75569 266
    endloop
  endfacet
  facet normal -0.72689 0.625751 0.282961
    outer loop
      vertex 160.921 8.66949 455.975
      vertex 84.4551 5.7502 266
      vertex 160.737 8.28015 456.364
    endloop
  endfacet
  facet normal -0.760323 0.577481 0.297361
    outer loop
      vertex 83.66 4.8074 266
      vertex 160.618 7.92529 456.719
      vertex 83.9871 5.23804 266
    endloop
  endfacet
  facet normal -0.760339 0.577456 0.297368
    outer loop
      vertex 160.618 7.92529 456.719
      vertex 83.66 4.8074 266
      vertex 160.61 7.90434 456.74
    endloop
  endfacet
  facet normal -0.77597 0.55268 0.303998
    outer loop
      vertex 83.9871 5.23804 266
      vertex 160.724 8.25457 456.389
      vertex 83.9904 5.24268 266
    endloop
  endfacet
  facet normal -0.775905 0.552787 0.30397
    outer loop
      vertex 160.724 8.25457 456.389
      vertex 83.9871 5.23804 266
      vertex 160.618 7.92529 456.719
    endloop
  endfacet
  facet normal -0.828839 0.453935 0.32706
    outer loop
      vertex 83.4418 4.40866 266
      vertex 160.576 7.60422 457.04
      vertex 83.6579 4.80318 266
    endloop
  endfacet
  facet normal -0.82893 0.453742 0.3271
    outer loop
      vertex 160.576 7.60422 457.04
      vertex 83.4418 4.40866 266
      vertex 160.573 7.58566 457.058
    endloop
  endfacet
  facet normal -0.840413 0.428275 0.332095
    outer loop
      vertex 83.6579 4.80318 266
      vertex 160.61 7.90434 456.74
      vertex 83.66 4.8074 266
    endloop
  endfacet
  facet normal -0.840704 0.427603 0.332223
    outer loop
      vertex 160.61 7.90434 456.74
      vertex 83.6579 4.80318 266
      vertex 160.576 7.60422 457.04
    endloop
  endfacet
  facet normal -0.887575 0.295434 0.353453
    outer loop
      vertex 83.313 4.02114 266
      vertex 160.602 7.29549 457.349
      vertex 83.4406 4.40459 266
    endloop
  endfacet
  facet normal -0.887606 0.295325 0.353467
    outer loop
      vertex 160.602 7.29549 457.349
      vertex 83.313 4.02114 266
      vertex 160.603 7.27804 457.366
    endloop
  endfacet
  facet normal -0.894924 0.267922 0.356832
    outer loop
      vertex 83.4406 4.40459 266
      vertex 160.573 7.58566 457.058
      vertex 83.4418 4.40866 266
    endloop
  endfacet
  facet normal -0.894945 0.267837 0.356842
    outer loop
      vertex 160.573 7.58566 457.058
      vertex 83.4406 4.40459 266
      vertex 160.602 7.29549 457.349
    endloop
  endfacet
  facet normal -0.921413 0.118176 0.370178
    outer loop
      vertex 83.2647 3.6435 266
      vertex 160.689 6.99667 457.647
      vertex 83.3126 4.01719 266
    endloop
  endfacet
  facet normal -0.921347 0.118812 0.37014
    outer loop
      vertex 160.689 6.99667 457.647
      vertex 83.2647 3.6435 266
      vertex 160.694 6.98022 457.664
    endloop
  endfacet
  facet normal -0.924054 0.089259 0.371695
    outer loop
      vertex 83.3126 4.01719 266
      vertex 160.603 7.27804 457.366
      vertex 83.313 4.02114 266
    endloop
  endfacet
  facet normal -0.924004 0.0899058 0.371664
    outer loop
      vertex 160.603 7.27804 457.366
      vertex 83.3126 4.01719 266
      vertex 160.689 6.99667 457.647
    endloop
  endfacet
  facet normal -0.922063 -0.0986586 0.374254
    outer loop
      vertex 83.3022 3.29412 266
      vertex 160.835 6.72149 457.923
      vertex 83.2652 3.63987 266
    endloop
  endfacet
  facet normal -0.922022 -0.0990775 0.374245
    outer loop
      vertex 160.835 6.72149 457.923
      vertex 83.3022 3.29412 266
      vertex 160.842 6.70673 457.937
    endloop
  endfacet
  facet normal -0.918852 -0.127546 0.373421
    outer loop
      vertex 83.2652 3.63987 266
      vertex 160.694 6.98022 457.664
      vertex 83.2647 3.6435 266
    endloop
  endfacet
  facet normal -0.918941 -0.126833 0.373445
    outer loop
      vertex 160.694 6.98022 457.664
      vertex 83.2652 3.63987 266
      vertex 160.835 6.72149 457.923
    endloop
  endfacet
  facet normal -0.851616 -0.389294 0.351
    outer loop
      vertex 83.4432 2.98578 266
      vertex 161.047 6.48062 458.163
      vertex 83.3037 3.29095 266
    endloop
  endfacet
  facet normal -0.851719 -0.389035 0.351037
    outer loop
      vertex 161.047 6.48062 458.163
      vertex 83.4432 2.98578 266
      vertex 161.058 6.46796 458.176
    endloop
  endfacet
  facet normal -0.84091 -0.415202 0.347098
    outer loop
      vertex 83.3037 3.29095 266
      vertex 160.842 6.70673 457.937
      vertex 83.3022 3.29412 266
    endloop
  endfacet
  facet normal -0.840671 -0.415759 0.347011
    outer loop
      vertex 160.842 6.70673 457.937
      vertex 83.3037 3.29095 266
      vertex 161.047 6.48062 458.163
    endloop
  endfacet
  facet normal -0.691528 -0.661004 0.291311
    outer loop
      vertex 83.7049 2.71221 266
      vertex 161.343 6.27027 458.374
      vertex 83.446 2.98301 266
    endloop
  endfacet
  facet normal -0.691708 -0.660786 0.291379
    outer loop
      vertex 161.343 6.27027 458.374
      vertex 83.7049 2.71221 266
      vertex 161.358 6.25932 458.385
    endloop
  endfacet
  facet normal -0.673033 -0.682833 0.284194
    outer loop
      vertex 83.446 2.98301 266
      vertex 161.058 6.46796 458.176
      vertex 83.4432 2.98578 266
    endloop
  endfacet
  facet normal -0.67254 -0.683397 0.284005
    outer loop
      vertex 161.058 6.46796 458.176
      vertex 83.446 2.98301 266
      vertex 161.343 6.27027 458.374
    endloop
  endfacet
  facet normal -0.53488 -0.812756 0.230936
    outer loop
      vertex 84.105 2.44909 266
      vertex 161.743 6.07239 458.572
      vertex 83.7091 2.7096 266
    endloop
  endfacet
  facet normal -0.534444 -0.813091 0.230766
    outer loop
      vertex 161.743 6.07239 458.572
      vertex 84.105 2.44909 266
      vertex 161.763 6.06211 458.582
    endloop
  endfacet
  facet normal -0.511048 -0.830499 0.221588
    outer loop
      vertex 83.7091 2.7096 266
      vertex 161.358 6.25932 458.385
      vertex 83.7049 2.71221 266
    endloop
  endfacet
  facet normal -0.510963 -0.83056 0.221555
    outer loop
      vertex 161.358 6.25932 458.385
      vertex 83.7091 2.7096 266
      vertex 161.743 6.07239 458.572
    endloop
  endfacet
  facet normal -0.446711 -0.872814 0.196583
    outer loop
      vertex 84.668 2.16116 266
      vertex 162.278 5.86022 458.784
      vertex 84.1109 2.44627 266
    endloop
  endfacet
  facet normal -0.446723 -0.872807 0.196587
    outer loop
      vertex 162.278 5.86022 458.784
      vertex 84.668 2.16116 266
      vertex 162.304 5.84927 458.795
    endloop
  endfacet
  facet normal -0.42053 -0.887959 0.186236
    outer loop
      vertex 84.1109 2.44627 266
      vertex 161.763 6.06211 458.582
      vertex 84.105 2.44909 266
    endloop
  endfacet
  facet normal -0.420709 -0.887859 0.186306
    outer loop
      vertex 161.763 6.06211 458.582
      vertex 84.1109 2.44627 266
      vertex 162.278 5.86022 458.784
    endloop
  endfacet
  facet normal -0.396826 -0.900642 0.177123
    outer loop
      vertex 85.4252 1.82784 266
      vertex 162.981 5.61772 459.026
      vertex 84.676 2.15792 266
    endloop
  endfacet
  facet normal -0.396866 -0.900622 0.177139
    outer loop
      vertex 162.981 5.61772 459.026
      vertex 85.4252 1.82784 266
      vertex 163.014 5.60544 459.039
    endloop
  endfacet
  facet normal -0.369704 -0.914135 0.166363
    outer loop
      vertex 84.676 2.15792 266
      vertex 162.304 5.84927 458.795
      vertex 84.668 2.16116 266
    endloop
  endfacet
  facet normal -0.369838 -0.914071 0.166416
    outer loop
      vertex 162.304 5.84927 458.795
      vertex 84.676 2.15792 266
      vertex 162.981 5.61772 459.026
    endloop
  endfacet
  facet normal -0.338395 -0.928267 0.154299
    outer loop
      vertex 86.3912 1.47601 266
      vertex 163.854 5.36459 459.279
      vertex 85.4353 1.82448 266
    endloop
  endfacet
  facet normal -0.338376 -0.928276 0.154291
    outer loop
      vertex 163.854 5.36459 459.279
      vertex 86.3912 1.47601 266
      vertex 163.895 5.35206 459.292
    endloop
  endfacet
  facet normal -0.310526 -0.939717 0.143201
    outer loop
      vertex 85.4353 1.82448 266
      vertex 163.014 5.60544 459.039
      vertex 85.4252 1.82784 266
    endloop
  endfacet
  facet normal -0.310415 -0.93976 0.143157
    outer loop
      vertex 163.014 5.60544 459.039
      vertex 85.4353 1.82448 266
      vertex 163.854 5.36459 459.279
    endloop
  endfacet
  facet normal -0.282435 -0.950099 0.132449
    outer loop
      vertex 87.6174 1.11195 266
      vertex 164.935 5.10774 459.536
      vertex 86.4041 1.47261 266
    endloop
  endfacet
  facet normal -0.282482 -0.950082 0.132467
    outer loop
      vertex 164.935 5.10774 459.536
      vertex 87.6174 1.11195 266
      vertex 164.983 5.09524 459.549
    endloop
  endfacet
  facet normal -0.253538 -0.95974 0.120905
    outer loop
      vertex 86.4041 1.47261 266
      vertex 163.895 5.35206 459.292
      vertex 86.3912 1.47601 266
    endloop
  endfacet
  facet normal -0.253663 -0.959701 0.120955
    outer loop
      vertex 163.895 5.35206 459.292
      vertex 86.4041 1.47261 266
      vertex 164.935 5.10774 459.536
    endloop
  endfacet
  facet normal -0.231689 -0.966239 0.112705
    outer loop
      vertex 89.3303 0.701794 266
      vertex 166.407 4.82723 459.817
      vertex 87.6353 1.10821 266
    endloop
  endfacet
  facet normal -0.231635 -0.966254 0.112684
    outer loop
      vertex 166.407 4.82723 459.817
      vertex 89.3303 0.701794 266
      vertex 166.47 4.8137 459.83
    endloop
  endfacet
  facet normal -0.202304 -0.97411 0.100913
    outer loop
      vertex 87.6353 1.10821 266
      vertex 164.983 5.09524 459.549
      vertex 87.6174 1.11195 266
    endloop
  endfacet
  facet normal -0.20233 -0.974103 0.100923
    outer loop
      vertex 164.983 5.09524 459.549
      vertex 87.6353 1.10821 266
      vertex 166.407 4.82723 459.817
    endloop
  endfacet
  facet normal -0.186604 -0.977803 0.0952885
    outer loop
      vertex 91.6687 0.256295 266
      vertex 168.38 4.53317 460.111
      vertex 89.3548 0.697889 266
    endloop
  endfacet
  facet normal -0.186567 -0.977812 0.0952741
    outer loop
      vertex 168.38 4.53317 460.111
      vertex 91.6687 0.256295 266
      vertex 168.46 4.51911 460.125
    endloop
  endfacet
  facet normal -0.156836 -0.984106 0.083294
    outer loop
      vertex 89.3548 0.697889 266
      vertex 166.47 4.8137 459.83
      vertex 89.3303 0.701794 266
    endloop
  endfacet
  facet normal -0.156827 -0.984108 0.0832905
    outer loop
      vertex 166.47 4.8137 459.83
      vertex 89.3548 0.697889 266
      vertex 168.38 4.53317 460.111
    endloop
  endfacet
  facet normal -0.145576 -0.986143 0.0795532
    outer loop
      vertex 94.2724 -0.127213 266
      vertex 170.552 4.29086 460.353
      vertex 91.696 0.25312 266
    endloop
  endfacet
  facet normal -0.145548 -0.986149 0.079542
    outer loop
      vertex 170.552 4.29086 460.353
      vertex 94.2724 -0.127213 266
      vertex 170.638 4.27921 460.365
    endloop
  endfacet
  facet normal -0.115489 -0.991016 0.0674468
    outer loop
      vertex 91.696 0.25312 266
      vertex 168.46 4.51911 460.125
      vertex 91.6687 0.256295 266
    endloop
  endfacet
  facet normal -0.115497 -0.991015 0.0674502
    outer loop
      vertex 168.46 4.51911 460.125
      vertex 91.696 0.25312 266
      vertex 170.552 4.29086 460.353
    endloop
  endfacet
  facet normal -0.110345 -0.991688 0.0661688
    outer loop
      vertex 97.0599 -0.436484 266
      vertex 172.846 4.11068 460.533
      vertex 94.3015 -0.129557 266
    endloop
  endfacet
  facet normal -0.110346 -0.991688 0.0661693
    outer loop
      vertex 172.846 4.11068 460.533
      vertex 97.0599 -0.436484 266
      vertex 172.934 4.10156 460.542
    endloop
  endfacet
  facet normal -0.0800621 -0.995325 0.054021
    outer loop
      vertex 94.3015 -0.129557 266
      vertex 170.638 4.27921 460.365
      vertex 94.2724 -0.127213 266
    endloop
  endfacet
  facet normal -0.0800686 -0.995324 0.0540236
    outer loop
      vertex 170.638 4.27921 460.365
      vertex 94.3015 -0.129557 266
      vertex 172.846 4.11068 460.533
    endloop
  endfacet
  facet normal -0.0792068 -0.995369 0.0544596
    outer loop
      vertex 99.9985 -0.66938 266
      vertex 175.234 3.99367 460.65
      vertex 97.0906 -0.437985 266
    endloop
  endfacet
  facet normal -0.0792043 -0.99537 0.0544587
    outer loop
      vertex 175.234 3.99367 460.65
      vertex 99.9985 -0.66938 266
      vertex 175.323 3.98692 460.657
    endloop
  endfacet
  facet normal -0.0487989 -0.997912 0.0423102
    outer loop
      vertex 97.0906 -0.437985 266
      vertex 172.934 4.10156 460.542
      vertex 97.0599 -0.436484 266
    endloop
  endfacet
  facet normal -0.0488008 -0.997912 0.0423109
    outer loop
      vertex 172.934 4.10156 460.542
      vertex 97.0906 -0.437985 266
      vertex 175.234 3.99367 460.65
    endloop
  endfacet
  facet normal -0.0527659 -0.997609 0.0446389
    outer loop
      vertex 103.008 -0.827588 266
      vertex 177.653 3.93659 460.707
      vertex 100.03 -0.67008 266
    endloop
  endfacet
  facet normal -0.0527482 -0.99761 0.0446321
    outer loop
      vertex 177.653 3.93659 460.707
      vertex 103.008 -0.827588 266
      vertex 177.743 3.93204 460.712
    endloop
  endfacet
  facet normal -0.0222832 -0.999223 0.0325247
    outer loop
      vertex 100.03 -0.67008 266
      vertex 175.323 3.98692 460.657
      vertex 99.9985 -0.66938 266
    endloop
  endfacet
  facet normal -0.0222868 -0.999222 0.032526
    outer loop
      vertex 175.323 3.98692 460.657
      vertex 100.03 -0.67008 266
      vertex 177.653 3.93659 460.707
    endloop
  endfacet
  facet normal -0.0311354 -0.99884 0.036731
    outer loop
      vertex 106.079 -0.922344 266
      vertex 180.101 3.93062 460.713
      vertex 103.04 -0.827607 266
    endloop
  endfacet
  facet normal -0.0311295 -0.99884 0.0367288
    outer loop
      vertex 180.101 3.93062 460.713
      vertex 106.079 -0.922344 266
      vertex 180.191 3.92789 460.716
    endloop
  endfacet
  facet normal -0.000617813 -0.999695 0.0246742
    outer loop
      vertex 103.04 -0.827607 266
      vertex 177.743 3.93204 460.712
      vertex 103.008 -0.827588 266
    endloop
  endfacet
  facet normal -0.000618178 -0.999695 0.0246743
    outer loop
      vertex 177.743 3.93204 460.712
      vertex 103.04 -0.827607 266
      vertex 180.101 3.93062 460.713
    endloop
  endfacet
  facet normal -0.0138248 -0.999438 0.0305285
    outer loop
      vertex 109.208 -0.964636 266
      vertex 182.576 3.96703 460.677
      vertex 106.112 -0.921799 266
    endloop
  endfacet
  facet normal -0.0138283 -0.999438 0.0305298
    outer loop
      vertex 182.576 3.96703 460.677
      vertex 109.208 -0.964636 266
      vertex 182.669 3.96579 460.678
    endloop
  endfacet
  facet normal 0.0167071 -0.999688 0.0185425
    outer loop
      vertex 106.112 -0.921799 266
      vertex 180.191 3.92789 460.716
      vertex 106.079 -0.922344 266
    endloop
  endfacet
  facet normal 0.0167077 -0.999688 0.0185423
    outer loop
      vertex 180.191 3.92789 460.716
      vertex 106.112 -0.921799 266
      vertex 182.576 3.96703 460.677
    endloop
  endfacet
  facet normal 0.000496243 -0.999675 0.025506
    outer loop
      vertex 112.373 -0.962058 266
      vertex 185.066 4.03923 460.605
      vertex 109.241 -0.963613 266
    endloop
  endfacet
  facet normal 0.00048935 -0.999674 0.0255086
    outer loop
      vertex 185.066 4.03923 460.605
      vertex 112.373 -0.962058 266
      vertex 185.16 4.03927 460.605
    endloop
  endfacet
  facet normal 0.0310333 -0.999426 0.0136013
    outer loop
      vertex 109.241 -0.963613 266
      vertex 182.669 3.96579 460.678
      vertex 109.208 -0.964636 266
    endloop
  endfacet
  facet normal 0.0310323 -0.999426 0.0136017
    outer loop
      vertex 182.669 3.96579 460.678
      vertex 109.241 -0.963613 266
      vertex 185.066 4.03923 460.605
    endloop
  endfacet
  facet normal 0.0127173 -0.999692 0.0213139
    outer loop
      vertex 115.562 -0.920473 266
      vertex 187.564 4.14233 460.502
      vertex 112.407 -0.96062 266
    endloop
  endfacet
  facet normal 0.0127156 -0.999692 0.0213145
    outer loop
      vertex 187.564 4.14233 460.502
      vertex 115.562 -0.920473 266
      vertex 187.66 4.14352 460.5
    endloop
  endfacet
  facet normal 0.0432449 -0.999019 0.00950006
    outer loop
      vertex 112.407 -0.96062 266
      vertex 185.16 4.03927 460.605
      vertex 112.373 -0.962058 266
    endloop
  endfacet
  facet normal 0.0432486 -0.999019 0.00949866
    outer loop
      vertex 185.16 4.03927 460.605
      vertex 112.407 -0.96062 266
      vertex 187.564 4.14233 460.502
    endloop
  endfacet
  facet normal 0.0229113 -0.999577 0.0179138
    outer loop
      vertex 118.778 -0.845748 266
      vertex 190.071 4.27179 460.372
      vertex 115.596 -0.918682 266
    endloop
  endfacet
  facet normal 0.0229147 -0.999577 0.0179125
    outer loop
      vertex 190.071 4.27179 460.372
      vertex 118.778 -0.845748 266
      vertex 190.17 4.274 460.37
    endloop
  endfacet
  facet normal 0.0534364 -0.998552 0.00619046
    outer loop
      vertex 115.596 -0.918682 266
      vertex 187.66 4.14352 460.5
      vertex 115.562 -0.920473 266
    endloop
  endfacet
  facet normal 0.0534334 -0.998552 0.00619161
    outer loop
      vertex 187.66 4.14352 460.5
      vertex 115.596 -0.918682 266
      vertex 190.071 4.27179 460.372
    endloop
  endfacet
  facet normal 0.0311621 -0.999398 0.015263
    outer loop
      vertex 122.016 -0.743738 266
      vertex 192.59 4.42298 460.221
      vertex 118.812 -0.843666 266
    endloop
  endfacet
  facet normal 0.0311639 -0.999398 0.0152624
    outer loop
      vertex 192.59 4.42298 460.221
      vertex 122.016 -0.743738 266
      vertex 192.691 4.4261 460.218
    endloop
  endfacet
  facet normal 0.0616797 -0.998089 0.00363496
    outer loop
      vertex 118.812 -0.843666 266
      vertex 190.17 4.274 460.37
      vertex 118.778 -0.845748 266
    endloop
  endfacet
  facet normal 0.0616744 -0.99809 0.00363692
    outer loop
      vertex 190.17 4.274 460.37
      vertex 118.812 -0.843666 266
      vertex 192.59 4.42298 460.221
    endloop
  endfacet
  facet normal 6.67837e-006 0.707121 0.707093
    outer loop
      vertex 224.34 14.9237 449.72
      vertex 210.865 18.0564 446.588
      vertex 208.244 18.0554 446.589
    endloop
  endfacet
  facet normal 6.80776e-006 0.706955 0.707258
    outer loop
      vertex 208.244 18.0554 446.589
      vertex 210.865 18.0564 446.588
      vertex 210.541 18.067 446.577
    endloop
  endfacet
  facet normal 3.36996e-005 0.707164 0.707049
    outer loop
      vertex 213.173 18.0501 446.594
      vertex 224.34 14.9237 449.72
      vertex 213.497 18.0372 446.607
    endloop
  endfacet
  facet normal -5.91774e-006 0.707094 0.70712
    outer loop
      vertex 210.865 18.0564 446.588
      vertex 224.34 14.9237 449.72
      vertex 213.173 18.0501 446.594
    endloop
  endfacet
  facet normal -5.39071e-006 0.70709 0.707124
    outer loop
      vertex 224.34 14.9237 449.72
      vertex 208.244 18.0554 446.589
      vertex 205.635 18.033 446.611
    endloop
  endfacet
  facet normal -1.60155e-005 0.707708 0.706505
    outer loop
      vertex 205.635 18.033 446.611
      vertex 208.244 18.0554 446.589
      vertex 207.922 18.0635 446.581
    endloop
  endfacet
  facet normal 1.174e-008 0.707107 0.707107
    outer loop
      vertex 215.813 18.0136 446.63
      vertex 224.34 14.9237 449.72
      vertex 216.138 17.9984 446.646
    endloop
  endfacet
  facet normal 3.59665e-006 0.707112 0.707102
    outer loop
      vertex 213.497 18.0372 446.607
      vertex 224.34 14.9237 449.72
      vertex 215.813 18.0136 446.63
    endloop
  endfacet
  facet normal 2.3828e-006 0.707113 0.707101
    outer loop
      vertex 224.34 14.9237 449.72
      vertex 205.635 18.033 446.611
      vertex 203.038 17.988 446.656
    endloop
  endfacet
  facet normal 2.26542e-005 0.706528 0.707685
    outer loop
      vertex 203.038 17.988 446.656
      vertex 205.635 18.033 446.611
      vertex 205.314 18.0384 446.606
    endloop
  endfacet
  facet normal -6.67732e-007 0.707105 0.707108
    outer loop
      vertex 230.699 8.00027 456.644
      vertex 227.8 10.0972 454.547
      vertex 227.8 9.86078 454.783
    endloop
  endfacet
  facet normal -7.02694e-007 0.707107 0.707107
    outer loop
      vertex 245.624 16.4639 448.18
      vertex 230.859 8.01267 456.631
      vertex 257.807 10.9842 453.66
    endloop
  endfacet
  facet normal 3.43357e-005 0.707139 0.707075
    outer loop
      vertex 248.661 16.2175 448.427
      vertex 257.807 10.9842 453.66
      vertex 257.702 11.3262 453.318
    endloop
  endfacet
  facet normal 3.56966e-006 0.707103 0.707111
    outer loop
      vertex 245.315 16.4959 448.148
      vertex 230.859 8.01267 456.631
      vertex 245.624 16.4639 448.18
    endloop
  endfacet
  facet normal 0 0.707105 0.707109
    outer loop
      vertex 226.445 17.6839 446.96
      vertex 224.34 14.9237 449.72
      vertex 227.8 14.9237 449.72
    endloop
  endfacet
  facet normal 5.73954e-007 0.707246 0.706967
    outer loop
      vertex 224.34 14.9237 449.72
      vertex 173.864 15.0202 449.624
      vertex 173.633 14.9772 449.667
    endloop
  endfacet
  facet normal -1.07041e-006 0.707099 0.707114
    outer loop
      vertex 190.324 17.3768 447.267
      vertex 224.34 14.9237 449.72
      vertex 192.819 17.557 447.087
    endloop
  endfacet
  facet normal -0.000142678 0.707418 0.706795
    outer loop
      vertex 173.864 15.0202 449.624
      vertex 176.066 15.4941 449.15
      vertex 175.822 15.4555 449.188
    endloop
  endfacet
  facet normal 3.02087e-006 0.707106 0.707107
    outer loop
      vertex 253.84 15.8128 448.831
      vertex 257.702 11.3262 453.318
      vertex 256.253 15.6298 449.014
    endloop
  endfacet
  facet normal -4.24958e-005 0.707087 0.707127
    outer loop
      vertex 253.541 15.8441 448.8
      vertex 257.702 11.3262 453.318
      vertex 253.84 15.8128 448.831
    endloop
  endfacet
  facet normal 2.20468e-005 0.707128 0.707086
    outer loop
      vertex 257.807 10.9842 453.66
      vertex 248.661 16.2175 448.427
      vertex 248.048 16.282 448.362
    endloop
  endfacet
  facet normal -1.10198e-006 0.707106 0.707108
    outer loop
      vertex 257.702 11.3262 453.318
      vertex 253.541 15.8441 448.8
      vertex 248.661 16.2175 448.427
    endloop
  endfacet
  facet normal -6.00754e-007 0.707106 0.707107
    outer loop
      vertex 242.905 16.6707 447.973
      vertex 230.859 8.01267 456.631
      vertex 245.315 16.4959 448.148
    endloop
  endfacet
  facet normal -3.68826e-006 0.707109 0.707105
    outer loop
      vertex 240.196 16.8684 447.776
      vertex 230.859 8.01267 456.631
      vertex 242.594 16.7022 447.942
    endloop
  endfacet
  facet normal 5.11051e-007 0.707106 0.707107
    outer loop
      vertex 237.495 17.0549 447.589
      vertex 230.859 8.01267 456.631
      vertex 239.883 16.8991 447.745
    endloop
  endfacet
  facet normal 1.19624e-005 0.707102 0.707111
    outer loop
      vertex 237.179 17.0846 447.559
      vertex 230.859 8.01267 456.631
      vertex 237.495 17.0549 447.589
    endloop
  endfacet
  facet normal 7.89772e-007 0.707108 0.707105
    outer loop
      vertex 257.807 10.9842 453.66
      vertex 248.048 16.282 448.362
      vertex 245.624 16.4639 448.18
    endloop
  endfacet
  facet normal 2.85609e-005 0.7071 0.707113
    outer loop
      vertex 234.484 17.2572 447.387
      vertex 230.859 8.01267 456.631
      vertex 234.801 17.2288 447.415
    endloop
  endfacet
  facet normal -3.91075e-006 0.707106 0.707108
    outer loop
      vertex 227.8 14.9237 449.72
      vertex 230.859 8.01267 456.631
      vertex 232.116 17.3885 447.256
    endloop
  endfacet
  facet normal -1.24438e-007 0.707106 0.707107
    outer loop
      vertex 242.594 16.7022 447.942
      vertex 230.859 8.01267 456.631
      vertex 242.905 16.6707 447.973
    endloop
  endfacet
  facet normal -2.64173e-005 0.707126 0.707088
    outer loop
      vertex 231.797 17.4154 447.229
      vertex 227.8 14.9237 449.72
      vertex 232.116 17.3885 447.256
    endloop
  endfacet
  facet normal -3.65486e-005 0.707115 0.707098
    outer loop
      vertex 229.118 17.5578 447.086
      vertex 227.8 14.9237 449.72
      vertex 229.438 17.5326 447.111
    endloop
  endfacet
  facet normal 4.07093e-006 0.707106 0.707108
    outer loop
      vertex 226.445 17.6839 446.96
      vertex 227.8 14.9237 449.72
      vertex 226.767 17.6605 446.984
    endloop
  endfacet
  facet normal -2.70615e-008 0.707107 0.707107
    outer loop
      vertex 239.883 16.8991 447.745
      vertex 230.859 8.01267 456.631
      vertex 240.196 16.8684 447.776
    endloop
  endfacet
  facet normal 2.08279e-005 0.707106 0.707107
    outer loop
      vertex 224.34 14.9237 449.72
      vertex 224.101 17.7715 446.873
      vertex 223.778 17.793 446.851
    endloop
  endfacet
  facet normal 0.000177804 0.706469 0.707744
    outer loop
      vertex 180.651 16.292 448.352
      vertex 183.015 16.6228 448.021
      vertex 182.74 16.5972 448.047
    endloop
  endfacet
  facet normal 1.03647e-006 0.707106 0.707108
    outer loop
      vertex 234.801 17.2288 447.415
      vertex 230.859 8.01267 456.631
      vertex 237.179 17.0846 447.559
    endloop
  endfacet
  facet normal -1.42902e-005 0.707138 0.707075
    outer loop
      vertex 183.015 16.6228 448.021
      vertex 185.419 16.9123 447.732
      vertex 185.135 16.8907 447.753
    endloop
  endfacet
  facet normal 1.32116e-005 0.707113 0.707101
    outer loop
      vertex 224.34 14.9237 449.72
      vertex 221.441 17.8651 446.779
      vertex 221.117 17.8845 446.759
    endloop
  endfacet
  facet normal -1.18724e-007 0.707106 0.707108
    outer loop
      vertex 232.116 17.3885 447.256
      vertex 230.859 8.01267 456.631
      vertex 234.484 17.2572 447.387
    endloop
  endfacet
  facet normal 6.77611e-005 0.706918 0.707295
    outer loop
      vertex 178.332 15.9169 448.727
      vertex 180.651 16.292 448.352
      vertex 180.385 16.2621 448.382
    endloop
  endfacet
  facet normal -7.77802e-005 0.707482 0.706731
    outer loop
      vertex 185.419 16.9123 447.732
      vertex 187.856 17.1627 447.481
      vertex 187.566 17.1452 447.499
    endloop
  endfacet
  facet normal -5.10838e-005 0.707057 0.707157
    outer loop
      vertex 224.34 14.9237 449.72
      vertex 218.786 17.9408 446.703
      vertex 218.461 17.9582 446.686
    endloop
  endfacet
  facet normal 8.61856e-006 0.707109 0.707105
    outer loop
      vertex 230.859 8.01267 456.631
      vertex 227.8 14.9237 449.72
      vertex 227.8 10.0972 454.547
    endloop
  endfacet
  facet normal -8.76226e-005 0.707346 0.706868
    outer loop
      vertex 176.066 15.4941 449.15
      vertex 178.332 15.9169 448.727
      vertex 178.076 15.8827 448.761
    endloop
  endfacet
  facet normal 3.90604e-005 0.706929 0.707285
    outer loop
      vertex 187.856 17.1627 447.481
      vertex 190.324 17.3768 447.267
      vertex 190.027 17.3632 447.281
    endloop
  endfacet
  facet normal 4.0627e-005 0.707002 0.707212
    outer loop
      vertex 176.066 15.4941 449.15
      vertex 180.651 16.292 448.352
      vertex 178.332 15.9169 448.727
    endloop
  endfacet
  facet normal 1.37683e-006 0.707103 0.70711
    outer loop
      vertex 227.8 14.9237 449.72
      vertex 231.797 17.4154 447.229
      vertex 229.438 17.5326 447.111
    endloop
  endfacet
  facet normal -1.9782e-005 0.707175 0.707038
    outer loop
      vertex 176.066 15.4941 449.15
      vertex 183.015 16.6228 448.021
      vertex 180.651 16.292 448.352
    endloop
  endfacet
  facet normal -3.3257e-005 0.707217 0.706997
    outer loop
      vertex 176.066 15.4941 449.15
      vertex 185.419 16.9123 447.732
      vertex 183.015 16.6228 448.021
    endloop
  endfacet
  facet normal 7.55883e-005 0.706568 0.707645
    outer loop
      vertex 190.324 17.3768 447.267
      vertex 192.819 17.557 447.087
      vertex 192.517 17.547 447.097
    endloop
  endfacet
  facet normal 2.19097e-006 0.707106 0.707108
    outer loop
      vertex 227.8 14.9237 449.72
      vertex 229.118 17.5578 447.086
      vertex 226.767 17.6605 446.984
    endloop
  endfacet
  facet normal 2.09491e-005 0.707038 0.707175
    outer loop
      vertex 173.864 15.0202 449.624
      vertex 185.419 16.9123 447.732
      vertex 176.066 15.4941 449.15
    endloop
  endfacet
  facet normal -1.25187e-006 0.707105 0.707108
    outer loop
      vertex 224.34 14.9237 449.72
      vertex 226.445 17.6839 446.96
      vertex 224.101 17.7715 446.873
    endloop
  endfacet
  facet normal 1.07092e-006 0.707099 0.707115
    outer loop
      vertex 185.419 16.9123 447.732
      vertex 173.864 15.0202 449.624
      vertex 187.856 17.1627 447.481
    endloop
  endfacet
  facet normal -6.53044e-005 0.707615 0.706598
    outer loop
      vertex 192.819 17.557 447.087
      vertex 195.342 17.7058 446.938
      vertex 195.034 17.6992 446.945
    endloop
  endfacet
  facet normal 2.06803e-005 0.707035 0.707179
    outer loop
      vertex 187.856 17.1627 447.481
      vertex 173.864 15.0202 449.624
      vertex 190.324 17.3768 447.267
    endloop
  endfacet
  facet normal -4.79694e-006 0.707104 0.70711
    outer loop
      vertex 224.34 14.9237 449.72
      vertex 223.778 17.793 446.851
      vertex 221.441 17.8651 446.779
    endloop
  endfacet
  facet normal 4.06305e-008 0.707107 0.707107
    outer loop
      vertex 224.34 14.9237 449.72
      vertex 190.324 17.3768 447.267
      vertex 173.864 15.0202 449.624
    endloop
  endfacet
  facet normal -9.28751e-007 0.70715 0.707063
    outer loop
      vertex 195.342 17.7058 446.938
      vertex 197.888 17.8257 446.818
      vertex 197.576 17.8224 446.822
    endloop
  endfacet
  facet normal -3.05447e-006 0.707087 0.707126
    outer loop
      vertex 224.34 14.9237 449.72
      vertex 195.342 17.7058 446.938
      vertex 192.819 17.557 447.087
    endloop
  endfacet
  facet normal 4.09724e-006 0.707108 0.707106
    outer loop
      vertex 224.34 14.9237 449.72
      vertex 221.117 17.8845 446.759
      vertex 218.786 17.9408 446.703
    endloop
  endfacet
  facet normal 2.35305e-006 0.707116 0.707098
    outer loop
      vertex 224.34 14.9237 449.72
      vertex 197.888 17.8257 446.818
      vertex 195.342 17.7058 446.938
    endloop
  endfacet
  facet normal 1.7475e-005 0.70691 0.707303
    outer loop
      vertex 197.888 17.8257 446.818
      vertex 200.455 17.9193 446.725
      vertex 200.14 17.919 446.725
    endloop
  endfacet
  facet normal -2.99089e-006 0.707094 0.707119
    outer loop
      vertex 224.34 14.9237 449.72
      vertex 203.038 17.988 446.656
      vertex 200.455 17.9193 446.725
    endloop
  endfacet
  facet normal -1.2129e-006 0.707105 0.707108
    outer loop
      vertex 216.138 17.9984 446.646
      vertex 224.34 14.9237 449.72
      vertex 218.461 17.9582 446.686
    endloop
  endfacet
  facet normal 2.47411e-006 0.707116 0.707097
    outer loop
      vertex 224.34 14.9237 449.72
      vertex 200.455 17.9193 446.725
      vertex 197.888 17.8257 446.818
    endloop
  endfacet
  facet normal -2.35281e-005 0.70748 0.706733
    outer loop
      vertex 200.455 17.9193 446.725
      vertex 203.038 17.988 446.656
      vertex 202.72 17.9906 446.653
    endloop
  endfacet
  facet normal -8.38578e-007 0.707201 0.707012
    outer loop
      vertex 177.653 3.93659 460.707
      vertex 175.234 3.99367 460.65
      vertex 175.323 3.98692 460.657
    endloop
  endfacet
  facet normal 4.33078e-006 0.707106 0.707107
    outer loop
      vertex 184.858 6.87295 457.771
      vertex 182.669 3.96579 460.678
      vertex 185.066 4.03923 460.605
    endloop
  endfacet
  facet normal -7.75969e-005 0.707137 0.707077
    outer loop
      vertex 182.669 3.96579 460.678
      vertex 184.858 6.87295 457.771
      vertex 182.576 3.96703 460.677
    endloop
  endfacet
  facet normal 0.000204041 0.707025 0.707188
    outer loop
      vertex 177.743 3.93204 460.712
      vertex 184.858 12.9061 451.738
      vertex 177.653 3.93659 460.707
    endloop
  endfacet
  facet normal -0.000111037 0.707102 0.707112
    outer loop
      vertex 184.858 6.87295 457.771
      vertex 185.066 4.03923 460.605
      vertex 185.16 4.03927 460.605
    endloop
  endfacet
  facet normal -5.17002e-006 0.707109 0.707104
    outer loop
      vertex 177.653 3.93659 460.707
      vertex 184.858 12.9061 451.738
      vertex 175.234 3.99367 460.65
    endloop
  endfacet
  facet normal 1.86905e-006 0.707108 0.707106
    outer loop
      vertex 184.858 6.87295 457.771
      vertex 185.16 4.03927 460.605
      vertex 187.564 4.14233 460.502
    endloop
  endfacet
  facet normal -4.57951e-005 0.707113 0.7071
    outer loop
      vertex 188.318 6.87295 457.771
      vertex 187.564 4.14233 460.502
      vertex 187.66 4.14352 460.5
    endloop
  endfacet
  facet normal 3.18368e-007 0.707108 0.707106
    outer loop
      vertex 188.318 6.87295 457.771
      vertex 187.66 4.14352 460.5
      vertex 190.071 4.27179 460.372
    endloop
  endfacet
  facet normal 6.40098e-005 0.707129 0.707084
    outer loop
      vertex 188.318 6.87295 457.771
      vertex 190.071 4.27179 460.372
      vertex 190.17 4.274 460.37
    endloop
  endfacet
  facet normal -4.65826e-007 0.707107 0.707107
    outer loop
      vertex 167.629 13.2094 451.435
      vertex 175.234 3.99367 460.65
      vertex 184.858 12.9061 451.738
    endloop
  endfacet
  facet normal 4.83358e-006 0.707109 0.707104
    outer loop
      vertex 175.234 3.99367 460.65
      vertex 167.629 13.2094 451.435
      vertex 172.934 4.10156 460.542
    endloop
  endfacet
  facet normal 2.04819e-006 0.707107 0.707106
    outer loop
      vertex 188.318 6.87295 457.771
      vertex 190.17 4.274 460.37
      vertex 192.59 4.42298 460.221
    endloop
  endfacet
  facet normal 3.24248e-006 0.707108 0.707105
    outer loop
      vertex 188.318 6.87295 457.771
      vertex 192.59 4.42298 460.221
      vertex 192.691 4.4261 460.218
    endloop
  endfacet
  facet normal -1.21159e-005 0.707104 0.707109
    outer loop
      vertex 172.934 4.10156 460.542
      vertex 167.629 13.2094 451.435
      vertex 172.846 4.11068 460.533
    endloop
  endfacet
  facet normal -6.25265e-006 0.707106 0.707108
    outer loop
      vertex 172.846 4.11068 460.533
      vertex 167.629 13.2094 451.435
      vertex 170.638 4.27921 460.365
    endloop
  endfacet
  facet normal 8.51633e-007 0.707107 0.707107
    outer loop
      vertex 188.318 12.9061 451.738
      vertex 192.691 4.4261 460.218
      vertex 195.113 4.59235 460.052
    endloop
  endfacet
  facet normal -0.000103566 0.707064 0.70715
    outer loop
      vertex 188.318 12.9061 451.738
      vertex 195.113 4.59235 460.052
      vertex 195.217 4.59628 460.048
    endloop
  endfacet
  facet normal -1.34051e-006 0.707106 0.707107
    outer loop
      vertex 188.318 12.9061 451.738
      vertex 195.217 4.59628 460.048
      vertex 197.636 4.77771 459.866
    endloop
  endfacet
  facet normal 2.10294e-005 0.707118 0.707095
    outer loop
      vertex 188.318 13.2016 451.442
      vertex 197.636 4.77771 459.866
      vertex 197.744 4.7824 459.862
    endloop
  endfacet
  facet normal -6.99142e-006 0.707107 0.707107
    outer loop
      vertex 170.552 4.29086 460.353
      vertex 167.629 13.2094 451.435
      vertex 168.46 4.51911 460.125
    endloop
  endfacet
  facet normal 0.000140012 0.707114 0.7071
    outer loop
      vertex 168.46 4.51911 460.125
      vertex 167.629 13.2094 451.435
      vertex 168.38 4.53317 460.111
    endloop
  endfacet
  facet normal -1.72851e-006 0.707105 0.707108
    outer loop
      vertex 188.318 13.2016 451.442
      vertex 197.744 4.7824 459.862
      vertex 200.162 4.97733 459.667
    endloop
  endfacet
  facet normal 0.000108392 0.707185 0.707029
    outer loop
      vertex 188.318 13.2016 451.442
      vertex 200.162 4.97733 459.667
      vertex 200.272 4.98277 459.661
    endloop
  endfacet
  facet normal 3.22589e-006 0.707108 0.707106
    outer loop
      vertex 166.08 12.5697 452.074
      vertex 168.38 4.53317 460.111
      vertex 167.629 13.2094 451.435
    endloop
  endfacet
  facet normal -3.38653e-006 0.707107 0.707107
    outer loop
      vertex 168.38 4.53317 460.111
      vertex 166.08 12.5697 452.074
      vertex 166.47 4.8137 459.83
    endloop
  endfacet
  facet normal -9.75843e-007 0.707105 0.707108
    outer loop
      vertex 188.318 13.2016 451.442
      vertex 200.272 4.98277 459.661
      vertex 202.689 5.18965 459.454
    endloop
  endfacet
  facet normal -2.15231e-005 0.707087 0.707127
    outer loop
      vertex 188.318 13.2016 451.442
      vertex 202.689 5.18965 459.454
      vertex 202.803 5.19582 459.448
    endloop
  endfacet
  facet normal -4.24373e-006 0.707107 0.707107
    outer loop
      vertex 165.925 12.5125 452.132
      vertex 166.47 4.8137 459.83
      vertex 166.08 12.5697 452.074
    endloop
  endfacet
  facet normal 8.69582e-005 0.70711 0.707104
    outer loop
      vertex 166.47 4.8137 459.83
      vertex 165.925 12.5125 452.132
      vertex 166.407 4.82723 459.817
    endloop
  endfacet
  facet normal -2.30795e-006 0.707104 0.707109
    outer loop
      vertex 188.318 13.2016 451.442
      vertex 202.803 5.19582 459.448
      vertex 205.221 5.41315 459.231
    endloop
  endfacet
  facet normal 1.02027e-005 0.707118 0.707096
    outer loop
      vertex 188.318 13.2016 451.442
      vertex 205.221 5.41315 459.231
      vertex 205.338 5.42001 459.224
    endloop
  endfacet
  facet normal 7.86167e-006 0.707107 0.707106
    outer loop
      vertex 164.573 11.8376 452.806
      vertex 166.407 4.82723 459.817
      vertex 165.925 12.5125 452.132
    endloop
  endfacet
  facet normal -1.15805e-006 0.707106 0.707107
    outer loop
      vertex 166.407 4.82723 459.817
      vertex 164.573 11.8376 452.806
      vertex 164.983 5.09524 459.549
    endloop
  endfacet
  facet normal 4.09198e-006 0.707111 0.707103
    outer loop
      vertex 188.318 13.2016 451.442
      vertex 205.338 5.42001 459.224
      vertex 207.756 5.64631 458.998
    endloop
  endfacet
  facet normal 4.68286e-005 0.707065 0.707148
    outer loop
      vertex 224.34 14.9237 449.72
      vertex 207.756 5.64631 458.998
      vertex 207.877 5.65384 458.99
    endloop
  endfacet
  facet normal -1.99345e-005 0.707106 0.707108
    outer loop
      vertex 164.444 11.7797 452.864
      vertex 164.983 5.09524 459.549
      vertex 164.573 11.8376 452.806
    endloop
  endfacet
  facet normal -0.000100782 0.707102 0.707111
    outer loop
      vertex 164.983 5.09524 459.549
      vertex 164.444 11.7797 452.864
      vertex 164.935 5.10774 459.536
    endloop
  endfacet
  facet normal -7.57891e-006 0.707114 0.7071
    outer loop
      vertex 224.34 14.9237 449.72
      vertex 207.877 5.65384 458.99
      vertex 210.294 5.8876 458.756
    endloop
  endfacet
  facet normal 0.000125586 0.70701 0.707204
    outer loop
      vertex 224.34 14.9237 449.72
      vertex 210.294 5.8876 458.756
      vertex 210.42 5.89576 458.748
    endloop
  endfacet
  facet normal 0 0.707107 0.707107
    outer loop
      vertex 187.564 4.14233 460.502
      vertex 188.318 6.87295 457.771
      vertex 184.858 6.87295 457.771
    endloop
  endfacet
  facet normal 1.94027e-006 0.707106 0.707107
    outer loop
      vertex 163.312 11.085 453.559
      vertex 164.935 5.10774 459.536
      vertex 164.444 11.7797 452.864
    endloop
  endfacet
  facet normal -5.45324e-006 0.707111 0.707103
    outer loop
      vertex 224.34 14.9237 449.72
      vertex 210.42 5.89576 458.748
      vertex 212.835 6.13573 458.508
    endloop
  endfacet
  facet normal 1.41967e-005 0.707098 0.707115
    outer loop
      vertex 224.34 14.9237 449.72
      vertex 212.835 6.13573 458.508
      vertex 212.965 6.14449 458.5
    endloop
  endfacet
  facet normal -1.47642e-006 0.707106 0.707108
    outer loop
      vertex 164.935 5.10774 459.536
      vertex 163.312 11.085 453.559
      vertex 163.895 5.35206 459.292
    endloop
  endfacet
  facet normal 0.000260075 0.707119 0.707095
    outer loop
      vertex 163.895 5.35206 459.292
      vertex 163.312 11.085 453.559
      vertex 163.854 5.36459 459.279
    endloop
  endfacet
  facet normal 2.43551e-006 0.707106 0.707108
    outer loop
      vertex 224.34 14.9237 449.72
      vertex 212.965 6.14449 458.5
      vertex 215.378 6.38994 458.254
    endloop
  endfacet
  facet normal -2.45878e-005 0.70712 0.707094
    outer loop
      vertex 224.34 14.9237 449.72
      vertex 215.378 6.38994 458.254
      vertex 215.511 6.39928 458.245
    endloop
  endfacet
  facet normal -0.000106621 0.707102 0.707112
    outer loop
      vertex 163.21 11.0281 453.616
      vertex 163.854 5.36459 459.279
      vertex 163.312 11.085 453.559
    endloop
  endfacet
  facet normal 1.19283e-005 0.707108 0.707105
    outer loop
      vertex 162.363 10.3808 454.263
      vertex 163.854 5.36459 459.279
      vertex 163.21 11.0281 453.616
    endloop
  endfacet
  facet normal 2.39607e-006 0.707106 0.707108
    outer loop
      vertex 224.34 14.9237 449.72
      vertex 215.511 6.39928 458.245
      vertex 217.923 6.64954 457.994
    endloop
  endfacet
  facet normal -2.61879e-006 0.707108 0.707106
    outer loop
      vertex 224.34 14.9237 449.72
      vertex 217.923 6.64954 457.994
      vertex 218.06 6.65946 457.985
    endloop
  endfacet
  facet normal 3.38307e-006 0.707107 0.707106
    outer loop
      vertex 163.854 5.36459 459.279
      vertex 162.363 10.3808 454.263
      vertex 163.014 5.60544 459.039
    endloop
  endfacet
  facet normal -1.23905e-005 0.707105 0.707109
    outer loop
      vertex 161.707 9.76201 454.882
      vertex 162.981 5.61772 459.026
      vertex 162.363 10.3808 454.263
    endloop
  endfacet
  facet normal 1.37396e-005 0.707109 0.707105
    outer loop
      vertex 162.981 5.61772 459.026
      vertex 161.707 9.76201 454.882
      vertex 162.304 5.84927 458.795
    endloop
  endfacet
  facet normal -7.18686e-006 0.70711 0.707104
    outer loop
      vertex 224.34 14.9237 449.72
      vertex 218.06 6.65946 457.985
      vertex 220.472 6.91382 457.73
    endloop
  endfacet
  facet normal 0.000132976 0.707026 0.707188
    outer loop
      vertex 224.34 10.0972 454.547
      vertex 220.472 6.91382 457.73
      vertex 220.614 6.92429 457.72
    endloop
  endfacet
  facet normal -3.3493e-006 0.707106 0.707107
    outer loop
      vertex 224.34 9.86078 454.783
      vertex 220.614 6.92429 457.72
      vertex 223.025 7.18175 457.462
    endloop
  endfacet
  facet normal -1.88813e-005 0.70711 0.707104
    outer loop
      vertex 224.34 9.86078 454.783
      vertex 223.025 7.18175 457.462
      vertex 223.171 7.19274 457.451
    endloop
  endfacet
  facet normal 1.84417e-006 0.707105 0.707108
    outer loop
      vertex 224.34 9.86078 454.783
      vertex 223.171 7.19274 457.451
      vertex 225.581 7.45241 457.192
    endloop
  endfacet
  facet normal 1.96217e-005 0.70711 0.707104
    outer loop
      vertex 224.34 9.86078 454.783
      vertex 225.581 7.45241 457.192
      vertex 225.732 7.46388 457.18
    endloop
  endfacet
  facet normal -2.02071e-006 0.707105 0.707108
    outer loop
      vertex 227.8 9.86078 454.783
      vertex 225.732 7.46388 457.18
      vertex 228.139 7.72533 456.919
    endloop
  endfacet
  facet normal -2.55063e-005 0.707103 0.70711
    outer loop
      vertex 227.8 9.86078 454.783
      vertex 228.139 7.72533 456.919
      vertex 228.294 7.73727 456.907
    endloop
  endfacet
  facet normal 5.28713e-007 0.707106 0.707107
    outer loop
      vertex 227.8 9.86078 454.783
      vertex 228.294 7.73727 456.907
      vertex 230.699 8.00027 456.644
    endloop
  endfacet
  facet normal 8.01596e-005 0.707161 0.707052
    outer loop
      vertex 227.8 10.0972 454.547
      vertex 230.699 8.00027 456.644
      vertex 230.859 8.01267 456.631
    endloop
  endfacet
  facet normal 0 0.707104 0.707109
    outer loop
      vertex 225.732 7.46388 457.18
      vertex 227.8 9.86078 454.783
      vertex 224.34 9.86078 454.783
    endloop
  endfacet
  facet normal -2.18547e-006 0.707105 0.707108
    outer loop
      vertex 220.614 6.92429 457.72
      vertex 224.34 9.86078 454.783
      vertex 224.34 10.0972 454.547
    endloop
  endfacet
  facet normal -3.21896e-006 0.707109 0.707105
    outer loop
      vertex 220.472 6.91382 457.73
      vertex 224.34 10.0972 454.547
      vertex 224.34 14.9237 449.72
    endloop
  endfacet
  facet normal 1.85247e-006 0.707107 0.707107
    outer loop
      vertex 192.691 4.4261 460.218
      vertex 188.318 12.9061 451.738
      vertex 188.318 6.87295 457.771
    endloop
  endfacet
  facet normal 6.06053e-007 0.707107 0.707107
    outer loop
      vertex 207.756 5.64631 458.998
      vertex 224.34 14.9237 449.72
      vertex 188.318 13.2016 451.442
    endloop
  endfacet
  facet normal 0 0.707109 0.707105
    outer loop
      vertex 173.633 14.9772 449.667
      vertex 184.858 13.2016 451.442
      vertex 188.318 13.2016 451.442
    endloop
  endfacet
  facet normal -1.1557e-006 0.707084 0.707129
    outer loop
      vertex 184.858 13.2016 451.442
      vertex 167.809 13.2643 451.38
      vertex 167.629 13.2094 451.435
    endloop
  endfacet
  facet normal -1.02776e-006 0.707101 0.707112
    outer loop
      vertex 184.858 13.2016 451.442
      vertex 169.711 13.9074 450.737
      vertex 167.809 13.2643 451.38
    endloop
  endfacet
  facet normal 1.47367e-005 0.707078 0.707135
    outer loop
      vertex 167.809 13.2643 451.38
      vertex 169.711 13.9074 450.737
      vertex 169.512 13.8561 450.788
    endloop
  endfacet
  facet normal -3.67424e-007 0.707109 0.707105
    outer loop
      vertex 184.858 13.2016 451.442
      vertex 171.739 14.4922 450.152
      vertex 169.711 13.9074 450.737
    endloop
  endfacet
  facet normal 0.000100786 0.706933 0.70728
    outer loop
      vertex 169.711 13.9074 450.737
      vertex 171.739 14.4922 450.152
      vertex 171.523 14.445 450.199
    endloop
  endfacet
  facet normal -3.4565e-005 0.707087 0.707126
    outer loop
      vertex 197.636 4.77771 459.866
      vertex 188.318 13.2016 451.442
      vertex 188.318 12.9061 451.738
    endloop
  endfacet
  facet normal 2.85775e-007 0.70711 0.707104
    outer loop
      vertex 173.633 14.9772 449.667
      vertex 188.318 13.2016 451.442
      vertex 224.34 14.9237 449.72
    endloop
  endfacet
  facet normal -9.15191e-007 0.707106 0.707108
    outer loop
      vertex 184.858 13.2016 451.442
      vertex 173.633 14.9772 449.667
      vertex 171.739 14.4922 450.152
    endloop
  endfacet
  facet normal -5.98058e-007 0.707107 0.707107
    outer loop
      vertex 184.858 12.9061 451.738
      vertex 180.101 3.93062 460.713
      vertex 184.858 6.87295 457.771
    endloop
  endfacet
  facet normal -3.92866e-006 0.707108 0.707106
    outer loop
      vertex 184.858 6.87295 457.771
      vertex 180.191 3.92789 460.716
      vertex 182.576 3.96703 460.677
    endloop
  endfacet
  facet normal 9.38751e-005 0.707031 0.707183
    outer loop
      vertex 180.191 3.92789 460.716
      vertex 184.858 6.87295 457.771
      vertex 180.101 3.93062 460.713
    endloop
  endfacet
  facet normal -3.57441e-006 0.707108 0.707106
    outer loop
      vertex 180.101 3.93062 460.713
      vertex 184.858 12.9061 451.738
      vertex 177.743 3.93204 460.712
    endloop
  endfacet
  facet normal 1.95614e-005 0.707109 0.707104
    outer loop
      vertex 161.253 9.20218 455.442
      vertex 162.304 5.84927 458.795
      vertex 161.707 9.76201 454.882
    endloop
  endfacet
  facet normal -1.7172e-005 0.707101 0.707113
    outer loop
      vertex 162.278 5.86022 458.784
      vertex 160.942 8.70117 455.943
      vertex 161.763 6.06211 458.582
    endloop
  endfacet
  facet normal 0.00103507 0.707264 0.706949
    outer loop
      vertex 161.763 6.06211 458.582
      vertex 160.942 8.70117 455.943
      vertex 161.743 6.07239 458.572
    endloop
  endfacet
  facet normal -1.19897e-005 0.707105 0.707109
    outer loop
      vertex 160.737 8.28015 456.364
      vertex 161.743 6.07239 458.572
      vertex 160.942 8.70117 455.943
    endloop
  endfacet
  facet normal -5.22465e-005 0.707096 0.707118
    outer loop
      vertex 161.343 6.27027 458.374
      vertex 161.743 6.07239 458.572
      vertex 160.737 8.28015 456.364
    endloop
  endfacet
  facet normal 0.000443397 0.707596 0.706617
    outer loop
      vertex 161.743 6.07239 458.572
      vertex 161.343 6.27027 458.374
      vertex 161.358 6.25932 458.385
    endloop
  endfacet
  facet normal 5.53434e-006 0.707104 0.707109
    outer loop
      vertex 160.618 7.92529 456.719
      vertex 161.343 6.27027 458.374
      vertex 160.737 8.28015 456.364
    endloop
  endfacet
  facet normal 0.000804313 0.707642 0.706571
    outer loop
      vertex 161.343 6.27027 458.374
      vertex 161.047 6.48062 458.163
      vertex 161.058 6.46796 458.176
    endloop
  endfacet
  facet normal 5.23403e-005 0.707115 0.707099
    outer loop
      vertex 161.343 6.27027 458.374
      vertex 160.618 7.92529 456.719
      vertex 161.047 6.48062 458.163
    endloop
  endfacet
  facet normal -0.00110249 0.706802 0.70741
    outer loop
      vertex 160.835 6.72149 457.923
      vertex 160.689 6.99667 457.647
      vertex 160.694 6.98022 457.664
    endloop
  endfacet
  facet normal 8.82267e-006 0.707108 0.707105
    outer loop
      vertex 160.689 6.99667 457.647
      vertex 161.047 6.48062 458.163
      vertex 160.618 7.92529 456.719
    endloop
  endfacet
  facet normal 0.000389075 0.707177 0.707036
    outer loop
      vertex 160.689 6.99667 457.647
      vertex 160.602 7.29549 457.349
      vertex 160.603 7.27804 457.366
    endloop
  endfacet
  facet normal -0.00174848 0.707227 0.706985
    outer loop
      vertex 160.576 7.60422 457.04
      vertex 160.618 7.92529 456.719
      vertex 160.61 7.90434 456.74
    endloop
  endfacet
  facet normal -0.000950077 0.707264 0.706948
    outer loop
      vertex 160.618 7.92529 456.719
      vertex 160.737 8.28015 456.364
      vertex 160.724 8.25457 456.389
    endloop
  endfacet
  facet normal -0.000135555 0.707058 0.707155
    outer loop
      vertex 161.047 6.48062 458.163
      vertex 160.689 6.99667 457.647
      vertex 160.835 6.72149 457.923
    endloop
  endfacet
  facet normal -0.000539507 0.707233 0.70698
    outer loop
      vertex 160.737 8.28015 456.364
      vertex 160.942 8.70117 455.943
      vertex 160.921 8.66949 455.975
    endloop
  endfacet
  facet normal 0.000748827 0.706813 0.7074
    outer loop
      vertex 161.253 9.20218 455.442
      vertex 161.707 9.76201 454.882
      vertex 161.659 9.7197 454.924
    endloop
  endfacet
  facet normal -0.000843803 0.707053 0.70716
    outer loop
      vertex 160.602 7.29549 457.349
      vertex 160.576 7.60422 457.04
      vertex 160.573 7.58566 457.058
    endloop
  endfacet
  facet normal 0.000154364 0.707016 0.707197
    outer loop
      vertex 161.707 9.76201 454.882
      vertex 162.363 10.3808 454.263
      vertex 162.291 10.3304 454.314
    endloop
  endfacet
  facet normal 0.000236737 0.707099 0.707115
    outer loop
      vertex 160.602 7.29549 457.349
      vertex 160.618 7.92529 456.719
      vertex 160.576 7.60422 457.04
    endloop
  endfacet
  facet normal -0.000193141 0.707076 0.707138
    outer loop
      vertex 162.304 5.84927 458.795
      vertex 161.253 9.20218 455.442
      vertex 162.278 5.86022 458.784
    endloop
  endfacet
  facet normal -0.000121473 0.707103 0.70711
    outer loop
      vertex 160.689 6.99667 457.647
      vertex 160.618 7.92529 456.719
      vertex 160.602 7.29549 457.349
    endloop
  endfacet
  facet normal 7.39497e-006 0.707107 0.707107
    outer loop
      vertex 160.942 8.70117 455.943
      vertex 162.278 5.86022 458.784
      vertex 161.253 9.20218 455.442
    endloop
  endfacet
  facet normal -9.33556e-005 0.707138 0.707076
    outer loop
      vertex 160.942 8.70117 455.943
      vertex 161.253 9.20218 455.442
      vertex 161.221 9.16531 455.479
    endloop
  endfacet
  facet normal -0.000425677 0.707078 0.707136
    outer loop
      vertex 163.014 5.60544 459.039
      vertex 162.363 10.3808 454.263
      vertex 162.981 5.61772 459.026
    endloop
  endfacet
  facet normal 0.00016997 0.707135 0.707078
    outer loop
      vertex 170.638 4.27921 460.365
      vertex 167.629 13.2094 451.435
      vertex 170.552 4.29086 460.353
    endloop
  endfacet
  facet normal -1.15271e-006 0.707087 0.707126
    outer loop
      vertex 167.629 13.2094 451.435
      vertex 184.858 12.9061 451.738
      vertex 184.858 13.2016 451.442
    endloop
  endfacet
  facet normal -0.00191438 0.706271 0.707939
    outer loop
      vertex 161.047 6.48062 458.163
      vertex 160.835 6.72149 457.923
      vertex 160.842 6.70673 457.937
    endloop
  endfacet
  facet normal 0 0 -1
    outer loop
      vertex 206.272 5.2189 266
      vertex 206.27 5.24773 266
      vertex 206.27 5.24725 266
    endloop
  endfacet
  facet normal 0 0 -1
    outer loop
      vertex 206.03 11.2227 266
      vertex 206.087 11.2176 266
      vertex 206.27 5.24773 266
    endloop
  endfacet
  facet normal 0 0 -1
    outer loop
      vertex 206.087 11.2176 266
      vertex 206.03 11.2227 266
      vertex 206.065 11.22 266
    endloop
  endfacet
  facet normal 0 0 -1
    outer loop
      vertex 206.27 5.24773 266
      vertex 202.758 11.5832 266
      vertex 206.03 11.2227 266
    endloop
  endfacet
  facet normal 0 0 -1
    outer loop
      vertex 196.136 12.3149 266
      vertex 206.27 5.24773 266
      vertex 206.272 5.2189 266
    endloop
  endfacet
  facet normal 0 0 -1
    outer loop
      vertex 206.27 5.24773 266
      vertex 202.688 11.5888 266
      vertex 202.758 11.5832 266
    endloop
  endfacet
  facet normal 0 0 -1
    outer loop
      vertex 206.27 5.24773 266
      vertex 196.136 12.3149 266
      vertex 202.688 11.5888 266
    endloop
  endfacet
  facet normal 0 0 -1
    outer loop
      vertex 186.594 7.38713 266
      vertex 196.136 12.3149 266
      vertex 206.272 5.2189 266
    endloop
  endfacet
  facet normal -0 0 -1
    outer loop
      vertex 196.136 12.3149 266
      vertex 186.594 7.38713 266
      vertex 196.102 12.3176 266
    endloop
  endfacet
  facet normal 0 -0 -1
    outer loop
      vertex 186.687 7.57484 266
      vertex 196.102 12.3176 266
      vertex 186.594 7.38713 266
    endloop
  endfacet
  facet normal -0 0 -1
    outer loop
      vertex 196.102 12.3176 266
      vertex 186.687 7.57484 266
      vertex 192.844 12.6732 266
    endloop
  endfacet
  facet normal 0 -0 -1
    outer loop
      vertex 186.809 8.18713 266
      vertex 192.809 12.6758 266
      vertex 186.795 7.97829 266
    endloop
  endfacet
  facet normal 0 0 -1
    outer loop
      vertex 186.795 8.39597 266
      vertex 192.809 12.6758 266
      vertex 186.809 8.18713 266
    endloop
  endfacet
  facet normal -0 0 -1
    outer loop
      vertex 192.809 12.6758 266
      vertex 186.795 8.39597 266
      vertex 189.565 13.0213 266
    endloop
  endfacet
  facet normal -0 0 -1
    outer loop
      vertex 192.844 12.6732 266
      vertex 186.795 7.97829 266
      vertex 192.809 12.6758 266
    endloop
  endfacet
  facet normal 0 -0 -1
    outer loop
      vertex 186.795 7.97829 266
      vertex 192.844 12.6732 266
      vertex 186.754 7.77302 266
    endloop
  endfacet
  facet normal 0 -0 -1
    outer loop
      vertex 186.754 7.77302 266
      vertex 192.844 12.6732 266
      vertex 186.687 7.57484 266
    endloop
  endfacet
  facet normal 0 0 -1
    outer loop
      vertex 206.272 5.2189 266
      vertex 186.478 7.21311 266
      vertex 186.594 7.38713 266
    endloop
  endfacet
  facet normal 0 0 -1
    outer loop
      vertex 206.272 5.2189 266
      vertex 186.34 7.05576 266
      vertex 186.478 7.21311 266
    endloop
  endfacet
  facet normal 0 0 -1
    outer loop
      vertex 206.272 5.2189 266
      vertex 186.183 6.91776 266
      vertex 186.34 7.05576 266
    endloop
  endfacet
  facet normal 0 0 -1
    outer loop
      vertex 206.272 5.2189 266
      vertex 186.009 6.80149 266
      vertex 186.183 6.91776 266
    endloop
  endfacet
  facet normal 0 0 -1
    outer loop
      vertex 206.272 5.2189 266
      vertex 185.821 6.70892 266
      vertex 186.009 6.80149 266
    endloop
  endfacet
  facet normal 0 0 -1
    outer loop
      vertex 206.272 5.2189 266
      vertex 185.623 6.64165 266
      vertex 185.821 6.70892 266
    endloop
  endfacet
  facet normal 0 0 -1
    outer loop
      vertex 206.272 5.2189 266
      vertex 185.418 6.60082 266
      vertex 185.623 6.64165 266
    endloop
  endfacet
  facet normal 0 0 -1
    outer loop
      vertex 171.884 2.50588 266
      vertex 185.418 6.60082 266
      vertex 206.272 5.2189 266
    endloop
  endfacet
  facet normal 0 0 -1
    outer loop
      vertex 176.526 14.2665 266
      vertex 183.609 8.18713 266
      vertex 183.622 7.97829 266
    endloop
  endfacet
  facet normal 0 0 -1
    outer loop
      vertex 183.609 8.18713 266
      vertex 182.998 13.6795 266
      vertex 183.032 13.6774 266
    endloop
  endfacet
  facet normal 0 0 -1
    outer loop
      vertex 183.609 8.18713 266
      vertex 179.776 13.9812 266
      vertex 182.998 13.6795 266
    endloop
  endfacet
  facet normal 0 0 -1
    outer loop
      vertex 171.884 2.50588 266
      vertex 183.622 7.97829 266
      vertex 183.663 7.77302 266
    endloop
  endfacet
  facet normal 0 0 -1
    outer loop
      vertex 171.884 2.50588 266
      vertex 183.663 7.77302 266
      vertex 183.73 7.57484 266
    endloop
  endfacet
  facet normal 0 0 -1
    outer loop
      vertex 171.884 2.50588 266
      vertex 183.73 7.57484 266
      vertex 183.823 7.38713 266
    endloop
  endfacet
  facet normal 0 0 -1
    outer loop
      vertex 183.609 8.18713 266
      vertex 179.742 13.9832 266
      vertex 179.776 13.9812 266
    endloop
  endfacet
  facet normal 0 0 -1
    outer loop
      vertex 183.609 8.18713 266
      vertex 176.526 14.2665 266
      vertex 179.742 13.9832 266
    endloop
  endfacet
  facet normal 0 0 -1
    outer loop
      vertex 171.884 2.50588 266
      vertex 183.823 7.38713 266
      vertex 183.939 7.21311 266
    endloop
  endfacet
  facet normal 0 0 -1
    outer loop
      vertex 171.884 2.50588 266
      vertex 183.939 7.21311 266
      vertex 184.077 7.05576 266
    endloop
  endfacet
  facet normal -0 0 -1
    outer loop
      vertex 183.622 7.97829 266
      vertex 171.884 2.50588 266
      vertex 176.526 14.2665 266
    endloop
  endfacet
  facet normal -0 0 -1
    outer loop
      vertex 176.526 14.2665 266
      vertex 171.884 2.50588 266
      vertex 176.492 14.2683 266
    endloop
  endfacet
  facet normal 0 0 -1
    outer loop
      vertex 171.884 2.50588 266
      vertex 184.077 7.05576 266
      vertex 184.235 6.91776 266
    endloop
  endfacet
  facet normal -0 0 -1
    outer loop
      vertex 176.492 14.2683 266
      vertex 171.884 2.50588 266
      vertex 173.28 14.5318 266
    endloop
  endfacet
  facet normal 0 0 -1
    outer loop
      vertex 185.418 6.60082 266
      vertex 171.884 2.50588 266
      vertex 185.209 6.58713 266
    endloop
  endfacet
  facet normal 0 0 -1
    outer loop
      vertex 171.884 2.50588 266
      vertex 185 6.60082 266
      vertex 185.209 6.58713 266
    endloop
  endfacet
  facet normal 0 0 -1
    outer loop
      vertex 171.884 2.50588 266
      vertex 184.795 6.64165 266
      vertex 185 6.60082 266
    endloop
  endfacet
  facet normal 0 0 -1
    outer loop
      vertex 171.884 2.50588 266
      vertex 184.596 6.70892 266
      vertex 184.795 6.64165 266
    endloop
  endfacet
  facet normal 0 0 -1
    outer loop
      vertex 171.884 2.50588 266
      vertex 184.409 6.80149 266
      vertex 184.596 6.70892 266
    endloop
  endfacet
  facet normal 0 0 -1
    outer loop
      vertex 171.884 2.50588 266
      vertex 184.235 6.91776 266
      vertex 184.409 6.80149 266
    endloop
  endfacet
  facet normal -0 0 -1
    outer loop
      vertex 173.28 14.5318 266
      vertex 171.884 2.50588 266
      vertex 173.246 14.5333 266
    endloop
  endfacet
  facet normal 0 0 -1
    outer loop
      vertex 170.036 14.7761 266
      vertex 171.884 2.50588 266
      vertex 171.435 2.45654 266
    endloop
  endfacet
  facet normal 0 0 -1
    outer loop
      vertex 171.884 2.50588 266
      vertex 170.036 14.7761 266
      vertex 173.246 14.5333 266
    endloop
  endfacet
  facet normal 0 0 -1
    outer loop
      vertex 171.435 2.45654 266
      vertex 170.002 14.7774 266
      vertex 170.036 14.7761 266
    endloop
  endfacet
  facet normal 0 0 -1
    outer loop
      vertex 168.148 2.2003 266
      vertex 170.002 14.7774 266
      vertex 171.435 2.45654 266
    endloop
  endfacet
  facet normal 0 0 -1
    outer loop
      vertex 166.793 14.999 266
      vertex 168.148 2.2003 266
      vertex 168.114 2.19654 266
    endloop
  endfacet
  facet normal 0 0 -1
    outer loop
      vertex 168.148 2.2003 266
      vertex 166.793 14.999 266
      vertex 170.002 14.7774 266
    endloop
  endfacet
  facet normal 0 0 -1
    outer loop
      vertex 168.114 2.19654 266
      vertex 166.759 15.0001 266
      vertex 166.793 14.999 266
    endloop
  endfacet
  facet normal 0 0 -1
    outer loop
      vertex 164.829 1.9429 266
      vertex 166.759 15.0001 266
      vertex 168.114 2.19654 266
    endloop
  endfacet
  facet normal 0 0 -1
    outer loop
      vertex 163.551 15.1998 266
      vertex 164.829 1.9429 266
      vertex 164.795 1.93918 266
    endloop
  endfacet
  facet normal 0 0 -1
    outer loop
      vertex 164.829 1.9429 266
      vertex 163.551 15.1998 266
      vertex 166.759 15.0001 266
    endloop
  endfacet
  facet normal 0 0 -1
    outer loop
      vertex 164.795 1.93918 266
      vertex 163.517 15.2006 266
      vertex 163.551 15.1998 266
    endloop
  endfacet
  facet normal 0 0 -1
    outer loop
      vertex 161.51 1.68847 266
      vertex 163.517 15.2006 266
      vertex 164.795 1.93918 266
    endloop
  endfacet
  facet normal 0 0 -1
    outer loop
      vertex 160.309 15.378 266
      vertex 161.51 1.68847 266
      vertex 161.476 1.68477 266
    endloop
  endfacet
  facet normal 0 0 -1
    outer loop
      vertex 161.51 1.68847 266
      vertex 160.309 15.378 266
      vertex 163.517 15.2006 266
    endloop
  endfacet
  facet normal 0 0 -1
    outer loop
      vertex 161.476 1.68477 266
      vertex 160.275 15.3786 266
      vertex 160.309 15.378 266
    endloop
  endfacet
  facet normal 0 0 -1
    outer loop
      vertex 158.194 1.4375 266
      vertex 160.275 15.3786 266
      vertex 161.476 1.68477 266
    endloop
  endfacet
  facet normal 0 0 -1
    outer loop
      vertex 157.068 15.5332 266
      vertex 158.194 1.4375 266
      vertex 158.16 1.43384 266
    endloop
  endfacet
  facet normal 0 0 -1
    outer loop
      vertex 158.194 1.4375 266
      vertex 157.068 15.5332 266
      vertex 160.275 15.3786 266
    endloop
  endfacet
  facet normal 0 0 -1
    outer loop
      vertex 158.16 1.43384 266
      vertex 157.034 15.5336 266
      vertex 157.068 15.5332 266
    endloop
  endfacet
  facet normal 0 0 -1
    outer loop
      vertex 154.883 1.19114 266
      vertex 157.034 15.5336 266
      vertex 158.16 1.43384 266
    endloop
  endfacet
  facet normal 0 0 -1
    outer loop
      vertex 153.829 15.6647 266
      vertex 154.883 1.19114 266
      vertex 154.848 1.18753 266
    endloop
  endfacet
  facet normal 0 0 -1
    outer loop
      vertex 154.883 1.19114 266
      vertex 153.829 15.6647 266
      vertex 157.034 15.5336 266
    endloop
  endfacet
  facet normal 0 0 -1
    outer loop
      vertex 154.848 1.18753 266
      vertex 153.795 15.6648 266
      vertex 153.829 15.6647 266
    endloop
  endfacet
  facet normal 0 0 -1
    outer loop
      vertex 151.576 0.950691 266
      vertex 153.795 15.6648 266
      vertex 154.848 1.18753 266
    endloop
  endfacet
  facet normal 0 0 -1
    outer loop
      vertex 150.594 15.7716 266
      vertex 151.576 0.950691 266
      vertex 151.542 0.947146 266
    endloop
  endfacet
  facet normal 0 0 -1
    outer loop
      vertex 151.576 0.950691 266
      vertex 150.594 15.7716 266
      vertex 153.795 15.6648 266
    endloop
  endfacet
  facet normal 0 0 -1
    outer loop
      vertex 151.542 0.947146 266
      vertex 150.56 15.7714 266
      vertex 150.594 15.7716 266
    endloop
  endfacet
  facet normal 0 0 -1
    outer loop
      vertex 148.273 0.717178 266
      vertex 150.56 15.7714 266
      vertex 151.542 0.947146 266
    endloop
  endfacet
  facet normal 0 0 -1
    outer loop
      vertex 147.363 15.8528 266
      vertex 148.273 0.717178 266
      vertex 148.239 0.713706 266
    endloop
  endfacet
  facet normal 0 0 -1
    outer loop
      vertex 148.273 0.717178 266
      vertex 147.363 15.8528 266
      vertex 150.56 15.7714 266
    endloop
  endfacet
  facet normal 0 0 -1
    outer loop
      vertex 148.239 0.713706 266
      vertex 147.329 15.8524 266
      vertex 147.363 15.8528 266
    endloop
  endfacet
  facet normal 0 0 -1
    outer loop
      vertex 144.973 0.491469 266
      vertex 147.329 15.8524 266
      vertex 148.239 0.713706 266
    endloop
  endfacet
  facet normal 0 0 -1
    outer loop
      vertex 144.104 15.9063 266
      vertex 144.973 0.491469 266
      vertex 144.938 0.48808 266
    endloop
  endfacet
  facet normal 0 0 -1
    outer loop
      vertex 144.973 0.491469 266
      vertex 144.138 15.907 266
      vertex 147.329 15.8524 266
    endloop
  endfacet
  facet normal 0 0 -1
    outer loop
      vertex 144.973 0.491469 266
      vertex 144.104 15.9063 266
      vertex 144.138 15.907 266
    endloop
  endfacet
  facet normal 0 0 -1
    outer loop
      vertex 141.676 0.274522 266
      vertex 144.104 15.9063 266
      vertex 144.938 0.48808 266
    endloop
  endfacet
  facet normal 0 0 -1
    outer loop
      vertex 140.885 15.9317 266
      vertex 141.676 0.274522 266
      vertex 141.642 0.271225 266
    endloop
  endfacet
  facet normal 0 0 -1
    outer loop
      vertex 141.676 0.274522 266
      vertex 140.919 15.9328 266
      vertex 144.104 15.9063 266
    endloop
  endfacet
  facet normal 0 0 -1
    outer loop
      vertex 141.676 0.274522 266
      vertex 140.885 15.9317 266
      vertex 140.919 15.9328 266
    endloop
  endfacet
  facet normal 0 0 -1
    outer loop
      vertex 138.386 0.0679027 266
      vertex 140.885 15.9317 266
      vertex 141.642 0.271225 266
    endloop
  endfacet
  facet normal 0 0 -1
    outer loop
      vertex 137.672 15.9273 266
      vertex 138.386 0.0679027 266
      vertex 138.352 0.0647153 266
    endloop
  endfacet
  facet normal 0 0 -1
    outer loop
      vertex 138.386 0.0679027 266
      vertex 137.705 15.9287 266
      vertex 140.885 15.9317 266
    endloop
  endfacet
  facet normal 0 0 -1
    outer loop
      vertex 138.386 0.0679027 266
      vertex 137.672 15.9273 266
      vertex 137.705 15.9287 266
    endloop
  endfacet
  facet normal 0 0 -1
    outer loop
      vertex 135.103 -0.126424 266
      vertex 137.672 15.9273 266
      vertex 138.352 0.0647153 266
    endloop
  endfacet
  facet normal 0 0 -1
    outer loop
      vertex 134.467 15.8916 266
      vertex 135.103 -0.126424 266
      vertex 135.069 -0.129481 266
    endloop
  endfacet
  facet normal 0 0 -1
    outer loop
      vertex 135.103 -0.126424 266
      vertex 134.5 15.8933 266
      vertex 137.672 15.9273 266
    endloop
  endfacet
  facet normal 0 0 -1
    outer loop
      vertex 135.103 -0.126424 266
      vertex 134.467 15.8916 266
      vertex 134.5 15.8933 266
    endloop
  endfacet
  facet normal 0 0 -1
    outer loop
      vertex 131.828 -0.30655 266
      vertex 134.467 15.8916 266
      vertex 135.069 -0.129481 266
    endloop
  endfacet
  facet normal 0 0 -1
    outer loop
      vertex 131.275 15.8224 266
      vertex 131.828 -0.30655 266
      vertex 131.794 -0.309456 266
    endloop
  endfacet
  facet normal 0 0 -1
    outer loop
      vertex 131.828 -0.30655 266
      vertex 131.308 15.8245 266
      vertex 134.467 15.8916 266
    endloop
  endfacet
  facet normal 0 0 -1
    outer loop
      vertex 131.828 -0.30655 266
      vertex 131.275 15.8224 266
      vertex 131.308 15.8245 266
    endloop
  endfacet
  facet normal 0 0 -1
    outer loop
      vertex 128.132 15.7191 266
      vertex 131.794 -0.309456 266
      vertex 128.562 -0.470472 266
    endloop
  endfacet
  facet normal 0 0 -1
    outer loop
      vertex 128.099 15.7166 266
      vertex 128.562 -0.470472 266
      vertex 128.528 -0.473207 266
    endloop
  endfacet
  facet normal 0 0 -1
    outer loop
      vertex 131.794 -0.309456 266
      vertex 128.132 15.7191 266
      vertex 131.275 15.8224 266
    endloop
  endfacet
  facet normal 0 0 -1
    outer loop
      vertex 128.562 -0.470472 266
      vertex 128.099 15.7166 266
      vertex 128.132 15.7191 266
    endloop
  endfacet
  facet normal 0 0 -1
    outer loop
      vertex 124.974 15.574 266
      vertex 128.528 -0.473207 266
      vertex 125.302 -0.616159 266
    endloop
  endfacet
  facet normal 0 0 -1
    outer loop
      vertex 117.726 6.04727 266
      vertex 125.302 -0.616159 266
      vertex 125.268 -0.618701 266
    endloop
  endfacet
  facet normal 0 0 -1
    outer loop
      vertex 128.528 -0.473207 266
      vertex 124.974 15.574 266
      vertex 128.099 15.7166 266
    endloop
  endfacet
  facet normal 0 0 -1
    outer loop
      vertex 125.302 -0.616159 266
      vertex 124.941 15.571 266
      vertex 124.974 15.574 266
    endloop
  endfacet
  facet normal 0 0 -1
    outer loop
      vertex 117.712 5.83842 266
      vertex 125.268 -0.618701 266
      vertex 122.05 -0.741412 266
    endloop
  endfacet
  facet normal 0 0 -1
    outer loop
      vertex 117.604 5.43497 266
      vertex 122.05 -0.741412 266
      vertex 122.016 -0.743738 266
    endloop
  endfacet
  facet normal 0 0 -1
    outer loop
      vertex 125.302 -0.616159 266
      vertex 117.712 6.25611 266
      vertex 124.941 15.571 266
    endloop
  endfacet
  facet normal 0 0 -1
    outer loop
      vertex 117.671 6.46138 266
      vertex 124.941 15.571 266
      vertex 117.712 6.25611 266
    endloop
  endfacet
  facet normal 0 0 -1
    outer loop
      vertex 117.395 5.07325 266
      vertex 122.016 -0.743738 266
      vertex 118.812 -0.843666 266
    endloop
  endfacet
  facet normal 0 0 -1
    outer loop
      vertex 116.926 4.66162 266
      vertex 118.812 -0.843666 266
      vertex 118.778 -0.845748 266
    endloop
  endfacet
  facet normal 0 0 -1
    outer loop
      vertex 125.302 -0.616159 266
      vertex 117.726 6.04727 266
      vertex 117.712 6.25611 266
    endloop
  endfacet
  facet normal 0 0 -1
    outer loop
      vertex 117.604 6.65956 266
      vertex 124.941 15.571 266
      vertex 117.671 6.46138 266
    endloop
  endfacet
  facet normal 0 0 -1
    outer loop
      vertex 124.941 15.571 266
      vertex 117.604 6.65956 266
      vertex 121.833 15.386 266
    endloop
  endfacet
  facet normal 0 0 -1
    outer loop
      vertex 125.268 -0.618701 266
      vertex 117.712 5.83842 266
      vertex 117.726 6.04727 266
    endloop
  endfacet
  facet normal 0 0 -1
    outer loop
      vertex 122.05 -0.741412 266
      vertex 117.671 5.63315 266
      vertex 117.712 5.83842 266
    endloop
  endfacet
  facet normal 0 0 -1
    outer loop
      vertex 122.05 -0.741412 266
      vertex 117.604 5.43497 266
      vertex 117.671 5.63315 266
    endloop
  endfacet
  facet normal 0 0 -1
    outer loop
      vertex 122.016 -0.743738 266
      vertex 117.512 5.24727 266
      vertex 117.604 5.43497 266
    endloop
  endfacet
  facet normal 0 0 -1
    outer loop
      vertex 122.016 -0.743738 266
      vertex 117.395 5.07325 266
      vertex 117.512 5.24727 266
    endloop
  endfacet
  facet normal 0 0 -1
    outer loop
      vertex 118.812 -0.843666 266
      vertex 117.257 4.91589 266
      vertex 117.395 5.07325 266
    endloop
  endfacet
  facet normal 0 0 -1
    outer loop
      vertex 118.812 -0.843666 266
      vertex 117.1 4.7779 266
      vertex 117.257 4.91589 266
    endloop
  endfacet
  facet normal 0 0 -1
    outer loop
      vertex 118.812 -0.843666 266
      vertex 116.926 4.66162 266
      vertex 117.1 4.7779 266
    endloop
  endfacet
  facet normal 0 0 -1
    outer loop
      vertex 118.778 -0.845748 266
      vertex 116.738 4.56906 266
      vertex 116.926 4.66162 266
    endloop
  endfacet
  facet normal 0 0 -1
    outer loop
      vertex 118.778 -0.845748 266
      vertex 116.54 4.50178 266
      vertex 116.738 4.56906 266
    endloop
  endfacet
  facet normal 0 0 -1
    outer loop
      vertex 115.596 -0.918682 266
      vertex 116.54 4.50178 266
      vertex 118.778 -0.845748 266
    endloop
  endfacet
  facet normal 0 0 -1
    outer loop
      vertex 116.54 4.50178 266
      vertex 115.596 -0.918682 266
      vertex 116.335 4.46095 266
    endloop
  endfacet
  facet normal 0 0 -1
    outer loop
      vertex 116.335 4.46095 266
      vertex 115.596 -0.918682 266
      vertex 116.126 4.44727 266
    endloop
  endfacet
  facet normal -0 0 -1
    outer loop
      vertex 116.126 4.44727 266
      vertex 115.596 -0.918682 266
      vertex 115.917 4.46095 266
    endloop
  endfacet
  facet normal 0 0 -1
    outer loop
      vertex 115.562 -0.920473 266
      vertex 115.917 4.46095 266
      vertex 115.596 -0.918682 266
    endloop
  endfacet
  facet normal -0 0 -1
    outer loop
      vertex 115.917 4.46095 266
      vertex 115.562 -0.920473 266
      vertex 115.712 4.50178 266
    endloop
  endfacet
  facet normal 0 0 -1
    outer loop
      vertex 115.562 -0.920473 266
      vertex 115.514 4.56906 266
      vertex 115.712 4.50178 266
    endloop
  endfacet
  facet normal 0 0 -1
    outer loop
      vertex 115.562 -0.920473 266
      vertex 115.326 4.66162 266
      vertex 115.514 4.56906 266
    endloop
  endfacet
  facet normal 0 0 -1
    outer loop
      vertex 112.407 -0.96062 266
      vertex 115.326 4.66162 266
      vertex 115.562 -0.920473 266
    endloop
  endfacet
  facet normal -0 0 -1
    outer loop
      vertex 115.326 4.66162 266
      vertex 112.407 -0.96062 266
      vertex 115.152 4.7779 266
    endloop
  endfacet
  facet normal -0 0 -1
    outer loop
      vertex 115.152 4.7779 266
      vertex 112.407 -0.96062 266
      vertex 114.995 4.91589 266
    endloop
  endfacet
  facet normal -0 0 -1
    outer loop
      vertex 114.995 4.91589 266
      vertex 112.407 -0.96062 266
      vertex 114.857 5.07325 266
    endloop
  endfacet
  facet normal 0 0 -1
    outer loop
      vertex 112.373 -0.962058 266
      vertex 114.857 5.07325 266
      vertex 112.407 -0.96062 266
    endloop
  endfacet
  facet normal -0 0 -1
    outer loop
      vertex 114.857 5.07325 266
      vertex 112.373 -0.962058 266
      vertex 114.74 5.24727 266
    endloop
  endfacet
  facet normal 0 0 -1
    outer loop
      vertex 109.241 -0.963613 266
      vertex 114.74 5.24727 266
      vertex 112.373 -0.962058 266
    endloop
  endfacet
  facet normal 0 0 -1
    outer loop
      vertex 109.208 -0.964636 266
      vertex 114.526 6.04727 266
      vertex 114.54 5.83842 266
    endloop
  endfacet
  facet normal -0 0 -1
    outer loop
      vertex 114.74 5.24727 266
      vertex 109.241 -0.963613 266
      vertex 114.648 5.43497 266
    endloop
  endfacet
  facet normal -0 0 -1
    outer loop
      vertex 114.648 5.43497 266
      vertex 109.241 -0.963613 266
      vertex 114.58 5.63315 266
    endloop
  endfacet
  facet normal 0 0 -1
    outer loop
      vertex 114.526 6.04727 266
      vertex 112.505 14.528 266
      vertex 112.537 14.5331 266
    endloop
  endfacet
  facet normal -0 0 -1
    outer loop
      vertex 114.58 5.63315 266
      vertex 109.241 -0.963613 266
      vertex 114.54 5.83842 266
    endloop
  endfacet
  facet normal 0 0 -1
    outer loop
      vertex 114.526 6.04727 266
      vertex 109.496 14.141 266
      vertex 112.505 14.528 266
    endloop
  endfacet
  facet normal 0 0 -1
    outer loop
      vertex 114.526 6.04727 266
      vertex 109.465 14.1354 266
      vertex 109.496 14.141 266
    endloop
  endfacet
  facet normal 0 0 -1
    outer loop
      vertex 109.208 -0.964636 266
      vertex 114.54 5.83842 266
      vertex 109.241 -0.963613 266
    endloop
  endfacet
  facet normal 0 0 -1
    outer loop
      vertex 114.526 6.04727 266
      vertex 109.208 -0.964636 266
      vertex 106.112 -0.921799 266
    endloop
  endfacet
  facet normal 0 0 -1
    outer loop
      vertex 114.526 6.04727 266
      vertex 106.496 13.6883 266
      vertex 109.465 14.1354 266
    endloop
  endfacet
  facet normal 0 0 -1
    outer loop
      vertex 114.526 6.04727 266
      vertex 106.466 13.682 266
      vertex 106.496 13.6883 266
    endloop
  endfacet
  facet normal -0 0 -1
    outer loop
      vertex 114.526 6.04727 266
      vertex 106.112 -0.921799 266
      vertex 106.466 13.682 266
    endloop
  endfacet
  facet normal 0 0 -1
    outer loop
      vertex 103.547 13.1701 266
      vertex 106.112 -0.921799 266
      vertex 106.079 -0.922344 266
    endloop
  endfacet
  facet normal 0 0 -1
    outer loop
      vertex 106.112 -0.921799 266
      vertex 103.547 13.1701 266
      vertex 106.466 13.682 266
    endloop
  endfacet
  facet normal 0 0 -1
    outer loop
      vertex 106.079 -0.922344 266
      vertex 103.517 13.1631 266
      vertex 103.547 13.1701 266
    endloop
  endfacet
  facet normal 0 0 -1
    outer loop
      vertex 103.04 -0.827607 266
      vertex 103.517 13.1631 266
      vertex 106.079 -0.922344 266
    endloop
  endfacet
  facet normal 0 0 -1
    outer loop
      vertex 100.664 12.5824 266
      vertex 103.04 -0.827607 266
      vertex 103.008 -0.827588 266
    endloop
  endfacet
  facet normal 0 0 -1
    outer loop
      vertex 103.04 -0.827607 266
      vertex 100.664 12.5824 266
      vertex 103.517 13.1631 266
    endloop
  endfacet
  facet normal 0 0 -1
    outer loop
      vertex 103.008 -0.827588 266
      vertex 100.635 12.5746 266
      vertex 100.664 12.5824 266
    endloop
  endfacet
  facet normal 0 0 -1
    outer loop
      vertex 100.03 -0.67008 266
      vertex 100.635 12.5746 266
      vertex 103.008 -0.827588 266
    endloop
  endfacet
  facet normal 0 0 -1
    outer loop
      vertex 97.8718 11.9209 266
      vertex 100.03 -0.67008 266
      vertex 99.9985 -0.66938 266
    endloop
  endfacet
  facet normal 0 0 -1
    outer loop
      vertex 100.03 -0.67008 266
      vertex 97.8718 11.9209 266
      vertex 100.635 12.5746 266
    endloop
  endfacet
  facet normal 0 0 -1
    outer loop
      vertex 99.9985 -0.66938 266
      vertex 97.8442 11.9124 266
      vertex 97.8718 11.9209 266
    endloop
  endfacet
  facet normal 0 0 -1
    outer loop
      vertex 97.0906 -0.437985 266
      vertex 97.8442 11.9124 266
      vertex 99.9985 -0.66938 266
    endloop
  endfacet
  facet normal 0 0 -1
    outer loop
      vertex 95.203 11.1828 266
      vertex 97.0906 -0.437985 266
      vertex 97.0599 -0.436484 266
    endloop
  endfacet
  facet normal 0 0 -1
    outer loop
      vertex 97.0906 -0.437985 266
      vertex 95.203 11.1828 266
      vertex 97.8442 11.9124 266
    endloop
  endfacet
  facet normal 0 0 -1
    outer loop
      vertex 97.0599 -0.436484 266
      vertex 95.1774 11.1736 266
      vertex 95.203 11.1828 266
    endloop
  endfacet
  facet normal 0 0 -1
    outer loop
      vertex 94.3015 -0.129557 266
      vertex 95.1774 11.1736 266
      vertex 97.0599 -0.436484 266
    endloop
  endfacet
  facet normal 0 0 -1
    outer loop
      vertex 92.7027 10.3661 266
      vertex 94.3015 -0.129557 266
      vertex 94.2724 -0.127213 266
    endloop
  endfacet
  facet normal 0 0 -1
    outer loop
      vertex 94.3015 -0.129557 266
      vertex 92.7256 10.3758 266
      vertex 95.1774 11.1736 266
    endloop
  endfacet
  facet normal 0 0 -1
    outer loop
      vertex 94.3015 -0.129557 266
      vertex 92.7027 10.3661 266
      vertex 92.7256 10.3758 266
    endloop
  endfacet
  facet normal 0 0 -1
    outer loop
      vertex 91.696 0.25312 266
      vertex 92.7027 10.3661 266
      vertex 94.2724 -0.127213 266
    endloop
  endfacet
  facet normal 0 0 -1
    outer loop
      vertex 90.4825 9.50565 266
      vertex 91.696 0.25312 266
      vertex 91.6687 0.256295 266
    endloop
  endfacet
  facet normal 0 0 -1
    outer loop
      vertex 91.696 0.25312 266
      vertex 90.5023 9.51556 266
      vertex 92.7027 10.3661 266
    endloop
  endfacet
  facet normal 0 0 -1
    outer loop
      vertex 91.696 0.25312 266
      vertex 90.4825 9.50565 266
      vertex 90.5023 9.51556 266
    endloop
  endfacet
  facet normal 0 0 -1
    outer loop
      vertex 88.5706 8.6224 266
      vertex 91.6687 0.256295 266
      vertex 89.3548 0.697889 266
    endloop
  endfacet
  facet normal 0 0 -1
    outer loop
      vertex 88.5551 8.61319 266
      vertex 89.3548 0.697889 266
      vertex 89.3303 0.701794 266
    endloop
  endfacet
  facet normal 0 0 -1
    outer loop
      vertex 91.6687 0.256295 266
      vertex 88.5706 8.6224 266
      vertex 90.4825 9.50565 266
    endloop
  endfacet
  facet normal 0 0 -1
    outer loop
      vertex 89.3548 0.697889 266
      vertex 88.5551 8.61319 266
      vertex 88.5706 8.6224 266
    endloop
  endfacet
  facet normal 0 0 -1
    outer loop
      vertex 87.056 7.78417 266
      vertex 89.3303 0.701794 266
      vertex 87.6353 1.10821 266
    endloop
  endfacet
  facet normal 0 0 -1
    outer loop
      vertex 85.9437 7.04364 266
      vertex 87.6353 1.10821 266
      vertex 87.6174 1.11195 266
    endloop
  endfacet
  facet normal 0 0 -1
    outer loop
      vertex 89.3303 0.701794 266
      vertex 87.056 7.78417 266
      vertex 88.5551 8.61319 266
    endloop
  endfacet
  facet normal 0 0 -1
    outer loop
      vertex 87.6353 1.10821 266
      vertex 87.0446 7.77611 266
      vertex 87.056 7.78417 266
    endloop
  endfacet
  facet normal 0 0 -1
    outer loop
      vertex 85.9352 7.03632 266
      vertex 87.6174 1.11195 266
      vertex 86.4041 1.47261 266
    endloop
  endfacet
  facet normal 0 0 -1
    outer loop
      vertex 85.0946 6.35925 266
      vertex 86.4041 1.47261 266
      vertex 86.3912 1.47601 266
    endloop
  endfacet
  facet normal 0 0 -1
    outer loop
      vertex 87.6353 1.10821 266
      vertex 85.9437 7.04364 266
      vertex 87.0446 7.77611 266
    endloop
  endfacet
  facet normal 0 0 -1
    outer loop
      vertex 87.6174 1.11195 266
      vertex 85.9352 7.03632 266
      vertex 85.9437 7.04364 266
    endloop
  endfacet
  facet normal 0 0 -1
    outer loop
      vertex 85.0946 6.35925 266
      vertex 86.3912 1.47601 266
      vertex 85.4353 1.82448 266
    endloop
  endfacet
  facet normal 0 0 -1
    outer loop
      vertex 84.4551 5.7502 266
      vertex 85.4353 1.82448 266
      vertex 85.4252 1.82784 266
    endloop
  endfacet
  facet normal 0 0 -1
    outer loop
      vertex 86.4041 1.47261 266
      vertex 85.1011 6.36581 266
      vertex 85.9352 7.03632 266
    endloop
  endfacet
  facet normal 0 0 -1
    outer loop
      vertex 86.4041 1.47261 266
      vertex 85.0946 6.35925 266
      vertex 85.1011 6.36581 266
    endloop
  endfacet
  facet normal 0 0 -1
    outer loop
      vertex 84.4551 5.7502 266
      vertex 85.4252 1.82784 266
      vertex 84.676 2.15792 266
    endloop
  endfacet
  facet normal 0 0 -1
    outer loop
      vertex 83.9871 5.23804 266
      vertex 84.676 2.15792 266
      vertex 84.668 2.16116 266
    endloop
  endfacet
  facet normal 0 0 -1
    outer loop
      vertex 85.4353 1.82448 266
      vertex 84.4598 5.75569 266
      vertex 85.0946 6.35925 266
    endloop
  endfacet
  facet normal 0 0 -1
    outer loop
      vertex 85.4353 1.82448 266
      vertex 84.4551 5.7502 266
      vertex 84.4598 5.75569 266
    endloop
  endfacet
  facet normal 0 0 -1
    outer loop
      vertex 83.6579 4.80318 266
      vertex 84.668 2.16116 266
      vertex 84.1109 2.44627 266
    endloop
  endfacet
  facet normal 0 0 -1
    outer loop
      vertex 83.3126 4.01719 266
      vertex 84.1109 2.44627 266
      vertex 84.105 2.44909 266
    endloop
  endfacet
  facet normal 0 0 -1
    outer loop
      vertex 84.676 2.15792 266
      vertex 83.9904 5.24268 266
      vertex 84.4551 5.7502 266
    endloop
  endfacet
  facet normal 0 0 -1
    outer loop
      vertex 84.676 2.15792 266
      vertex 83.9871 5.23804 266
      vertex 83.9904 5.24268 266
    endloop
  endfacet
  facet normal 0 0 -1
    outer loop
      vertex 83.3126 4.01719 266
      vertex 84.105 2.44909 266
      vertex 83.7091 2.7096 266
    endloop
  endfacet
  facet normal 0 0 -1
    outer loop
      vertex 83.446 2.98301 266
      vertex 83.7091 2.7096 266
      vertex 83.7049 2.71221 266
    endloop
  endfacet
  facet normal 0 0 -1
    outer loop
      vertex 84.668 2.16116 266
      vertex 83.6579 4.80318 266
      vertex 83.9871 5.23804 266
    endloop
  endfacet
  facet normal 0 0 -1
    outer loop
      vertex 83.9871 5.23804 266
      vertex 83.6579 4.80318 266
      vertex 83.66 4.8074 266
    endloop
  endfacet
  facet normal 0 0 -1
    outer loop
      vertex 83.7091 2.7096 266
      vertex 83.446 2.98301 266
      vertex 83.2652 3.63987 266
    endloop
  endfacet
  facet normal 0 0 -1
    outer loop
      vertex 83.3037 3.29095 266
      vertex 83.446 2.98301 266
      vertex 83.4432 2.98578 266
    endloop
  endfacet
  facet normal 0 0 -1
    outer loop
      vertex 84.1109 2.44627 266
      vertex 83.4406 4.40459 266
      vertex 83.6579 4.80318 266
    endloop
  endfacet
  facet normal 0 0 -1
    outer loop
      vertex 83.6579 4.80318 266
      vertex 83.4406 4.40459 266
      vertex 83.4418 4.40866 266
    endloop
  endfacet
  facet normal 0 0 -1
    outer loop
      vertex 84.1109 2.44627 266
      vertex 83.3126 4.01719 266
      vertex 83.4406 4.40459 266
    endloop
  endfacet
  facet normal 0 0 -1
    outer loop
      vertex 83.4406 4.40459 266
      vertex 83.3126 4.01719 266
      vertex 83.313 4.02114 266
    endloop
  endfacet
  facet normal 0 0 -1
    outer loop
      vertex 83.446 2.98301 266
      vertex 83.3037 3.29095 266
      vertex 83.2652 3.63987 266
    endloop
  endfacet
  facet normal 0 0 -1
    outer loop
      vertex 83.2652 3.63987 266
      vertex 83.3037 3.29095 266
      vertex 83.3022 3.29412 266
    endloop
  endfacet
  facet normal 0 0 -1
    outer loop
      vertex 83.7091 2.7096 266
      vertex 83.2652 3.63987 266
      vertex 83.3126 4.01719 266
    endloop
  endfacet
  facet normal 0 0 -1
    outer loop
      vertex 83.3126 4.01719 266
      vertex 83.2652 3.63987 266
      vertex 83.2647 3.6435 266
    endloop
  endfacet
  facet normal 0 0 -1
    outer loop
      vertex 186.754 8.60124 266
      vertex 189.565 13.0213 266
      vertex 186.795 8.39597 266
    endloop
  endfacet
  facet normal 0 0 -1
    outer loop
      vertex 186.687 8.79942 266
      vertex 189.565 13.0213 266
      vertex 186.754 8.60124 266
    endloop
  endfacet
  facet normal -0 0 -1
    outer loop
      vertex 189.565 13.0213 266
      vertex 186.687 8.79942 266
      vertex 189.53 13.0237 266
    endloop
  endfacet
  facet normal 0 0 -1
    outer loop
      vertex 186.594 8.98713 266
      vertex 189.53 13.0237 266
      vertex 186.687 8.79942 266
    endloop
  endfacet
  facet normal 0 0 -1
    outer loop
      vertex 186.478 9.16115 266
      vertex 189.53 13.0237 266
      vertex 186.594 8.98713 266
    endloop
  endfacet
  facet normal 0 0 -1
    outer loop
      vertex 186.34 9.3185 266
      vertex 189.53 13.0237 266
      vertex 186.478 9.16115 266
    endloop
  endfacet
  facet normal 0 0 -1
    outer loop
      vertex 186.183 9.45649 266
      vertex 189.53 13.0237 266
      vertex 186.34 9.3185 266
    endloop
  endfacet
  facet normal -0 0 -1
    outer loop
      vertex 189.53 13.0237 266
      vertex 186.183 9.45649 266
      vertex 186.295 13.3567 266
    endloop
  endfacet
  facet normal 0 0 -1
    outer loop
      vertex 186.009 9.57277 266
      vertex 186.295 13.3567 266
      vertex 186.183 9.45649 266
    endloop
  endfacet
  facet normal 0 0 -1
    outer loop
      vertex 185.821 9.66534 266
      vertex 186.295 13.3567 266
      vertex 186.009 9.57277 266
    endloop
  endfacet
  facet normal 0 0 -1
    outer loop
      vertex 185.623 9.73261 266
      vertex 186.295 13.3567 266
      vertex 185.821 9.66534 266
    endloop
  endfacet
  facet normal -0 0 -1
    outer loop
      vertex 186.295 13.3567 266
      vertex 185.623 9.73261 266
      vertex 186.261 13.359 266
    endloop
  endfacet
  facet normal 0 0 -1
    outer loop
      vertex 185.418 9.77344 266
      vertex 186.261 13.359 266
      vertex 185.623 9.73261 266
    endloop
  endfacet
  facet normal 0 0 -1
    outer loop
      vertex 185.209 9.78713 266
      vertex 186.261 13.359 266
      vertex 185.418 9.77344 266
    endloop
  endfacet
  facet normal 0 0 -1
    outer loop
      vertex 185 9.77344 266
      vertex 186.261 13.359 266
      vertex 185.209 9.78713 266
    endloop
  endfacet
  facet normal 0 0 -1
    outer loop
      vertex 183.032 13.6774 266
      vertex 185 9.77344 266
      vertex 184.795 9.73261 266
    endloop
  endfacet
  facet normal 0 0 -1
    outer loop
      vertex 183.032 13.6774 266
      vertex 184.795 9.73261 266
      vertex 184.596 9.66534 266
    endloop
  endfacet
  facet normal 0 0 -1
    outer loop
      vertex 183.032 13.6774 266
      vertex 184.596 9.66534 266
      vertex 184.409 9.57277 266
    endloop
  endfacet
  facet normal 0 0 -1
    outer loop
      vertex 183.032 13.6774 266
      vertex 184.409 9.57277 266
      vertex 184.235 9.45649 266
    endloop
  endfacet
  facet normal 0 0 -1
    outer loop
      vertex 183.032 13.6774 266
      vertex 184.235 9.45649 266
      vertex 184.077 9.3185 266
    endloop
  endfacet
  facet normal 0 0 -1
    outer loop
      vertex 183.032 13.6774 266
      vertex 184.077 9.3185 266
      vertex 183.939 9.16115 266
    endloop
  endfacet
  facet normal 0 0 -1
    outer loop
      vertex 183.032 13.6774 266
      vertex 183.939 9.16115 266
      vertex 183.823 8.98713 266
    endloop
  endfacet
  facet normal 0 0 -1
    outer loop
      vertex 185 9.77344 266
      vertex 183.032 13.6774 266
      vertex 186.261 13.359 266
    endloop
  endfacet
  facet normal 0 0 -1
    outer loop
      vertex 183.73 8.79942 266
      vertex 183.032 13.6774 266
      vertex 183.823 8.98713 266
    endloop
  endfacet
  facet normal 0 0 -1
    outer loop
      vertex 183.663 8.60124 266
      vertex 183.032 13.6774 266
      vertex 183.73 8.79942 266
    endloop
  endfacet
  facet normal 0 0 -1
    outer loop
      vertex 183.622 8.39597 266
      vertex 183.032 13.6774 266
      vertex 183.663 8.60124 266
    endloop
  endfacet
  facet normal 0 0 -1
    outer loop
      vertex 183.032 13.6774 266
      vertex 183.622 8.39597 266
      vertex 183.609 8.18713 266
    endloop
  endfacet
  facet normal 0 0 -1
    outer loop
      vertex 117.512 6.84726 266
      vertex 121.833 15.386 266
      vertex 117.604 6.65956 266
    endloop
  endfacet
  facet normal 0 0 -1
    outer loop
      vertex 121.833 15.386 266
      vertex 117.512 6.84726 266
      vertex 121.8 15.3826 266
    endloop
  endfacet
  facet normal 0 0 -1
    outer loop
      vertex 117.395 7.02128 266
      vertex 121.8 15.3826 266
      vertex 117.512 6.84726 266
    endloop
  endfacet
  facet normal 0 0 -1
    outer loop
      vertex 117.257 7.17864 266
      vertex 121.8 15.3826 266
      vertex 117.395 7.02128 266
    endloop
  endfacet
  facet normal 0 0 -1
    outer loop
      vertex 121.8 15.3826 266
      vertex 117.257 7.17864 266
      vertex 118.711 15.152 266
    endloop
  endfacet
  facet normal 0 0 -1
    outer loop
      vertex 117.1 7.31663 266
      vertex 118.711 15.152 266
      vertex 117.257 7.17864 266
    endloop
  endfacet
  facet normal 0 0 -1
    outer loop
      vertex 116.926 7.43291 266
      vertex 118.711 15.152 266
      vertex 117.1 7.31663 266
    endloop
  endfacet
  facet normal 0 0 -1
    outer loop
      vertex 118.711 15.152 266
      vertex 116.926 7.43291 266
      vertex 118.678 15.1481 266
    endloop
  endfacet
  facet normal 0 0 -1
    outer loop
      vertex 116.738 7.52547 266
      vertex 118.678 15.1481 266
      vertex 116.926 7.43291 266
    endloop
  endfacet
  facet normal 0 0 -1
    outer loop
      vertex 116.54 7.59275 266
      vertex 118.678 15.1481 266
      vertex 116.738 7.52547 266
    endloop
  endfacet
  facet normal 0 0 -1
    outer loop
      vertex 115.61 14.8687 266
      vertex 116.54 7.59275 266
      vertex 116.335 7.63358 266
    endloop
  endfacet
  facet normal 0 0 -1
    outer loop
      vertex 115.61 14.8687 266
      vertex 116.335 7.63358 266
      vertex 116.126 7.64726 266
    endloop
  endfacet
  facet normal 0 0 -1
    outer loop
      vertex 115.578 14.8643 266
      vertex 116.126 7.64726 266
      vertex 115.917 7.63358 266
    endloop
  endfacet
  facet normal 0 0 -1
    outer loop
      vertex 115.578 14.8643 266
      vertex 115.917 7.63358 266
      vertex 115.712 7.59275 266
    endloop
  endfacet
  facet normal 0 0 -1
    outer loop
      vertex 116.54 7.59275 266
      vertex 115.61 14.8687 266
      vertex 118.678 15.1481 266
    endloop
  endfacet
  facet normal 0 0 -1
    outer loop
      vertex 116.126 7.64726 266
      vertex 115.578 14.8643 266
      vertex 115.61 14.8687 266
    endloop
  endfacet
  facet normal 0 0 -1
    outer loop
      vertex 112.537 14.5331 266
      vertex 115.712 7.59275 266
      vertex 115.514 7.52547 266
    endloop
  endfacet
  facet normal 0 0 -1
    outer loop
      vertex 112.537 14.5331 266
      vertex 115.514 7.52547 266
      vertex 115.326 7.43291 266
    endloop
  endfacet
  facet normal 0 0 -1
    outer loop
      vertex 112.537 14.5331 266
      vertex 115.326 7.43291 266
      vertex 115.152 7.31663 266
    endloop
  endfacet
  facet normal 0 0 -1
    outer loop
      vertex 112.537 14.5331 266
      vertex 115.152 7.31663 266
      vertex 114.995 7.17864 266
    endloop
  endfacet
  facet normal 0 0 -1
    outer loop
      vertex 112.537 14.5331 266
      vertex 114.995 7.17864 266
      vertex 114.857 7.02128 266
    endloop
  endfacet
  facet normal 0 0 -1
    outer loop
      vertex 112.537 14.5331 266
      vertex 114.857 7.02128 266
      vertex 114.74 6.84726 266
    endloop
  endfacet
  facet normal 0 0 -1
    outer loop
      vertex 112.537 14.5331 266
      vertex 114.74 6.84726 266
      vertex 114.648 6.65956 266
    endloop
  endfacet
  facet normal 0 0 -1
    outer loop
      vertex 112.537 14.5331 266
      vertex 114.648 6.65956 266
      vertex 114.58 6.46138 266
    endloop
  endfacet
  facet normal 0 0 -1
    outer loop
      vertex 112.537 14.5331 266
      vertex 114.58 6.46138 266
      vertex 114.54 6.25611 266
    endloop
  endfacet
  facet normal 0 0 -1
    outer loop
      vertex 115.712 7.59275 266
      vertex 112.537 14.5331 266
      vertex 115.578 14.8643 266
    endloop
  endfacet
  facet normal 0 0 -1
    outer loop
      vertex 112.537 14.5331 266
      vertex 114.54 6.25611 266
      vertex 114.526 6.04727 266
    endloop
  endfacet
  facet normal -0.0786372 0.996863 -0.0089994
    outer loop
      vertex 185.259 4.22665 266.6
      vertex 185.159 4.46431 293.8
      vertex 185.259 4.47408 294.008
    endloop
  endfacet
  facet normal -0.0786404 0.996862 -0.00899941
    outer loop
      vertex 185.159 4.46431 293.8
      vertex 185.259 4.22665 266.6
      vertex 185.159 4.21876 266.6
    endloop
  endfacet
  facet normal -0.109048 0.99402 0.00571058
    outer loop
      vertex 185.259 4.47408 294.008
      vertex 185.159 4.41433 302.5
      vertex 185.259 4.4253 302.5
    endloop
  endfacet
  facet normal -0.109045 0.99402 0.00571061
    outer loop
      vertex 185.159 4.41433 302.5
      vertex 185.259 4.47408 294.008
      vertex 185.159 4.46431 293.8
    endloop
  endfacet
  facet normal -0.0980122 -0.993999 0.0485751
    outer loop
      vertex 185.259 12.8258 266.6
      vertex 185.159 13.1647 273.333
      vertex 185.159 12.8357 266.6
    endloop
  endfacet
  facet normal -0.0980167 -0.993999 0.048575
    outer loop
      vertex 185.159 13.1647 273.333
      vertex 185.259 12.8258 266.6
      vertex 185.259 13.1712 273.668
    endloop
  endfacet
  facet normal -0.0931315 -0.994556 0.0467432
    outer loop
      vertex 185.159 13.6637 284.033
      vertex 185.259 13.1887 274.127
      vertex 185.259 13.6699 284.365
    endloop
  endfacet
  facet normal -0.0931399 -0.994555 0.0467431
    outer loop
      vertex 185.259 13.1887 274.127
      vertex 185.159 13.6637 284.033
      vertex 185.159 13.1817 273.777
    endloop
  endfacet
  facet normal -0.0627493 -0.997301 0.038116
    outer loop
      vertex 185.159 13.1817 273.777
      vertex 185.259 13.1712 273.668
      vertex 185.259 13.1887 274.127
    endloop
  endfacet
  facet normal -0.0627497 -0.997301 0.0381156
    outer loop
      vertex 185.259 13.1712 273.668
      vertex 185.159 13.1817 273.777
      vertex 185.159 13.1647 273.333
    endloop
  endfacet
  facet normal -0.0876613 -0.995146 0.0447184
    outer loop
      vertex 185.159 14.125 294.478
      vertex 185.259 13.7031 285.285
      vertex 185.259 14.1309 294.806
    endloop
  endfacet
  facet normal -0.0876706 -0.995145 0.0447183
    outer loop
      vertex 185.259 13.7031 285.285
      vertex 185.159 14.125 294.478
      vertex 185.159 13.6964 284.939
    endloop
  endfacet
  facet normal -0.0572594 -0.997711 0.0359762
    outer loop
      vertex 185.159 13.6964 284.939
      vertex 185.259 13.6699 284.365
      vertex 185.259 13.7031 285.285
    endloop
  endfacet
  facet normal -0.0572579 -0.997711 0.0359764
    outer loop
      vertex 185.259 13.6699 284.365
      vertex 185.159 13.6964 284.939
      vertex 185.159 13.6637 284.033
    endloop
  endfacet
  facet normal -0.0816815 -0.995751 0.0425166
    outer loop
      vertex 185.159 14.4554 302.5
      vertex 185.259 14.1767 296.164
      vertex 185.259 14.4472 302.5
    endloop
  endfacet
  facet normal -0.0816698 -0.995752 0.0425168
    outer loop
      vertex 185.259 14.1767 296.164
      vertex 185.159 14.4554 302.5
      vertex 185.159 14.1703 295.823
    endloop
  endfacet
  facet normal -0.0512425 -0.998119 0.0336599
    outer loop
      vertex 185.159 14.1703 295.823
      vertex 185.259 14.1309 294.806
      vertex 185.259 14.1767 296.164
    endloop
  endfacet
  facet normal -0.051245 -0.998119 0.0336597
    outer loop
      vertex 185.259 14.1309 294.806
      vertex 185.159 14.1703 295.823
      vertex 185.159 14.125 294.478
    endloop
  endfacet
  facet normal 0.0906396 -0.995612 -0.0232818
    outer loop
      vertex 116.176 14.2453 266.6
      vertex 116.076 14.2249 267.085
      vertex 116.076 14.2362 266.6
    endloop
  endfacet
  facet normal 0.090642 -0.995611 -0.0232813
    outer loop
      vertex 116.076 14.2249 267.085
      vertex 116.176 14.2453 266.6
      vertex 116.176 14.2277 267.356
    endloop
  endfacet
  facet normal 0.108202 -0.993672 -0.0301387
    outer loop
      vertex 116.076 13.9741 275.306
      vertex 116.176 14.2221 267.49
      vertex 116.176 13.9769 275.575
    endloop
  endfacet
  facet normal 0.108202 -0.993672 -0.0301387
    outer loop
      vertex 116.176 14.2221 267.49
      vertex 116.076 13.9741 275.306
      vertex 116.076 14.2197 267.21
    endloop
  endfacet
  facet normal 0.138411 -0.989528 -0.0409559
    outer loop
      vertex 116.076 14.2197 267.21
      vertex 116.176 14.2277 267.356
      vertex 116.176 14.2221 267.49
    endloop
  endfacet
  facet normal 0.138419 -0.989526 -0.0409613
    outer loop
      vertex 116.176 14.2277 267.356
      vertex 116.076 14.2197 267.21
      vertex 116.076 14.2249 267.085
    endloop
  endfacet
  facet normal 0.127486 -0.991124 -0.037702
    outer loop
      vertex 116.076 13.666 283.291
      vertex 116.176 13.9573 275.973
      vertex 116.176 13.6687 283.558
    endloop
  endfacet
  facet normal 0.127472 -0.991125 -0.0377023
    outer loop
      vertex 116.176 13.9573 275.973
      vertex 116.076 13.666 283.291
      vertex 116.076 13.9549 275.696
    endloop
  endfacet
  facet normal 0.157607 -0.986305 -0.0486006
    outer loop
      vertex 116.076 13.9549 275.696
      vertex 116.176 13.9769 275.575
      vertex 116.176 13.9573 275.973
    endloop
  endfacet
  facet normal 0.157615 -0.986304 -0.0485943
    outer loop
      vertex 116.176 13.9769 275.575
      vertex 116.076 13.9549 275.696
      vertex 116.076 13.9741 275.306
    endloop
  endfacet
  facet normal 0.148721 -0.987806 -0.0460657
    outer loop
      vertex 116.076 13.2976 291.037
      vertex 116.176 13.6315 284.2
      vertex 116.176 13.3003 291.301
    endloop
  endfacet
  facet normal 0.148728 -0.987805 -0.0460656
    outer loop
      vertex 116.176 13.6315 284.2
      vertex 116.076 13.2976 291.037
      vertex 116.076 13.6292 283.925
    endloop
  endfacet
  facet normal 0.178724 -0.982246 -0.0570195
    outer loop
      vertex 116.076 13.6292 283.925
      vertex 116.176 13.6687 283.558
      vertex 116.176 13.6315 284.2
    endloop
  endfacet
  facet normal 0.178726 -0.982245 -0.0570188
    outer loop
      vertex 116.176 13.6687 283.558
      vertex 116.076 13.6292 283.925
      vertex 116.076 13.666 283.291
    endloop
  endfacet
  facet normal 0.17246 -0.983455 -0.0554458
    outer loop
      vertex 116.076 12.8659 298.517
      vertex 116.176 13.2416 292.165
      vertex 116.176 12.8687 298.779
    endloop
  endfacet
  facet normal 0.172459 -0.983455 -0.0554459
    outer loop
      vertex 116.176 13.2416 292.165
      vertex 116.076 12.8659 298.517
      vertex 116.076 13.2394 291.892
    endloop
  endfacet
  facet normal 0.202274 -0.977072 -0.0664422
    outer loop
      vertex 116.076 13.2394 291.892
      vertex 116.176 13.3003 291.301
      vertex 116.176 13.2416 292.165
    endloop
  endfacet
  facet normal 0.202274 -0.977072 -0.0664422
    outer loop
      vertex 116.176 13.3003 291.301
      vertex 116.076 13.2394 291.892
      vertex 116.076 13.2976 291.037
    endloop
  endfacet
  facet normal 0.19903 -0.977769 -0.0659892
    outer loop
      vertex 116.076 12.5846 302.5
      vertex 116.176 12.7847 299.837
      vertex 116.176 12.605 302.5
    endloop
  endfacet
  facet normal 0.199023 -0.977771 -0.0659896
    outer loop
      vertex 116.176 12.7847 299.837
      vertex 116.076 12.5846 302.5
      vertex 116.076 12.7826 299.567
    endloop
  endfacet
  facet normal 0.228607 -0.970468 -0.0770085
    outer loop
      vertex 116.076 12.7826 299.567
      vertex 116.176 12.8687 298.779
      vertex 116.176 12.7847 299.837
    endloop
  endfacet
  facet normal 0.228613 -0.970467 -0.0770076
    outer loop
      vertex 116.176 12.8687 298.779
      vertex 116.076 12.7826 299.567
      vertex 116.076 12.8659 298.517
    endloop
  endfacet
  facet normal 0.0527673 0.997639 -0.0439502
    outer loop
      vertex 116.176 0.643645 300.245
      vertex 116.076 0.748262 302.5
      vertex 116.176 0.742973 302.5
    endloop
  endfacet
  facet normal 0.0527613 0.99764 -0.0439505
    outer loop
      vertex 116.076 0.748262 302.5
      vertex 116.176 0.643645 300.245
      vertex 116.076 0.637454 299.985
    endloop
  endfacet
  facet normal 0.0311409 0.998865 -0.036043
    outer loop
      vertex 116.176 0.377426 292.496
      vertex 116.076 0.611009 298.883
      vertex 116.176 0.617012 299.135
    endloop
  endfacet
  facet normal 0.0311374 0.998865 -0.0360431
    outer loop
      vertex 116.076 0.611009 298.883
      vertex 116.176 0.377426 292.496
      vertex 116.076 0.371061 292.233
    endloop
  endfacet
  facet normal 0.000618267 0.999712 -0.0239904
    outer loop
      vertex 116.176 0.617012 299.135
      vertex 116.076 0.637454 299.985
      vertex 116.176 0.643645 300.245
    endloop
  endfacet
  facet normal 0.000622226 0.999712 -0.02399
    outer loop
      vertex 116.076 0.637454 299.985
      vertex 116.176 0.617012 299.135
      vertex 116.076 0.611009 298.883
    endloop
  endfacet
  facet normal 0.0138194 0.999459 -0.0298382
    outer loop
      vertex 116.176 0.148255 284.458
      vertex 116.076 0.35512 291.341
      vertex 116.176 0.361341 291.595
    endloop
  endfacet
  facet normal 0.0138256 0.999459 -0.0298381
    outer loop
      vertex 116.076 0.35512 291.341
      vertex 116.176 0.148255 284.458
      vertex 116.076 0.141725 284.193
    endloop
  endfacet
  facet normal -0.0167128 0.999701 -0.0178548
    outer loop
      vertex 116.176 0.361341 291.595
      vertex 116.076 0.371061 292.233
      vertex 116.176 0.377426 292.496
    endloop
  endfacet
  facet normal -0.0167136 0.999701 -0.017855
    outer loop
      vertex 116.076 0.371061 292.233
      vertex 116.176 0.361341 291.595
      vertex 116.076 0.35512 291.341
    endloop
  endfacet
  facet normal -0.000498854 0.999692 -0.0248162
    outer loop
      vertex 116.176 -0.049308 276.18
      vertex 116.076 0.133234 283.536
      vertex 116.176 0.139657 283.792
    endloop
  endfacet
  facet normal -0.00050047 0.999692 -0.0248163
    outer loop
      vertex 116.076 0.133234 283.536
      vertex 116.176 -0.049308 276.18
      vertex 116.076 -0.0559959 275.913
    endloop
  endfacet
  facet normal -0.0310315 0.999435 -0.0129154
    outer loop
      vertex 116.176 0.139657 283.792
      vertex 116.076 0.141725 284.193
      vertex 116.176 0.148255 284.458
    endloop
  endfacet
  facet normal -0.031033 0.999435 -0.0129158
    outer loop
      vertex 116.076 0.141725 284.193
      vertex 116.176 0.139657 283.792
      vertex 116.076 0.133234 283.536
    endloop
  endfacet
  facet normal -0.0127179 0.999706 -0.0206247
    outer loop
      vertex 116.176 -0.219643 267.688
      vertex 116.076 -0.0595483 275.51
      vertex 116.176 -0.0529358 275.769
    endloop
  endfacet
  facet normal -0.0127124 0.999706 -0.0206247
    outer loop
      vertex 116.076 -0.0595483 275.51
      vertex 116.176 -0.219643 267.688
      vertex 116.076 -0.226482 267.419
    endloop
  endfacet
  facet normal -0.0432474 0.999026 -0.00881339
    outer loop
      vertex 116.176 -0.0529358 275.769
      vertex 116.076 -0.0559959 275.913
      vertex 116.176 -0.049308 276.18
    endloop
  endfacet
  facet normal -0.0432473 0.999026 -0.00881328
    outer loop
      vertex 116.076 -0.0559959 275.913
      vertex 116.176 -0.0529358 275.769
      vertex 116.076 -0.0595483 275.51
    endloop
  endfacet
  facet normal -0.0229105 0.999589 -0.0172243
    outer loop
      vertex 116.176 -0.236731 266.6
      vertex 116.076 -0.227217 267.285
      vertex 116.176 -0.220426 267.546
    endloop
  endfacet
  facet normal -0.0229116 0.999589 -0.0172244
    outer loop
      vertex 116.076 -0.227217 267.285
      vertex 116.176 -0.236731 266.6
      vertex 116.076 -0.239023 266.6
    endloop
  endfacet
  facet normal -0.0534359 0.998556 -0.00550384
    outer loop
      vertex 116.176 -0.220426 267.546
      vertex 116.076 -0.226482 267.419
      vertex 116.176 -0.219643 267.688
    endloop
  endfacet
  facet normal -0.053435 0.998556 -0.00550451
    outer loop
      vertex 116.076 -0.226482 267.419
      vertex 116.176 -0.220426 267.546
      vertex 116.076 -0.227217 267.285
    endloop
  endfacet
  facet normal 1 0 0
    outer loop
      vertex 185.159 9.78385 301
      vertex 185.159 14.125 294.478
      vertex 185.159 14.1703 295.823
    endloop
  endfacet
  facet normal 1 -0 0
    outer loop
      vertex 185.159 9.78385 301
      vertex 185.159 14.1703 295.823
      vertex 185.159 14.4554 302.5
    endloop
  endfacet
  facet normal 1 0 0
    outer loop
      vertex 185.159 9.78385 301
      vertex 185.159 13.6637 284.033
      vertex 185.159 13.6964 284.939
    endloop
  endfacet
  facet normal 1 0 0
    outer loop
      vertex 185.159 14.125 294.478
      vertex 185.159 9.78385 301
      vertex 185.159 13.6964 284.939
    endloop
  endfacet
  facet normal 1 0 0
    outer loop
      vertex 185.159 9.78385 266.6
      vertex 185.159 13.1647 273.333
      vertex 185.159 13.1817 273.777
    endloop
  endfacet
  facet normal 1 0 0
    outer loop
      vertex 185.159 13.6637 284.033
      vertex 185.159 9.78385 301
      vertex 185.159 9.78385 266.6
    endloop
  endfacet
  facet normal 1 0 0
    outer loop
      vertex 185.159 13.6637 284.033
      vertex 185.159 9.78385 266.6
      vertex 185.159 13.1817 273.777
    endloop
  endfacet
  facet normal 1 -0 0
    outer loop
      vertex 185.159 4.41433 302.5
      vertex 185.159 9.78385 301
      vertex 185.159 14.4554 302.5
    endloop
  endfacet
  facet normal 1 0 0
    outer loop
      vertex 185.159 6.59041 301
      vertex 185.159 4.46431 293.8
      vertex 185.159 6.59041 266.6
    endloop
  endfacet
  facet normal 1 0 0
    outer loop
      vertex 185.159 6.59041 301
      vertex 185.159 4.41433 302.5
      vertex 185.159 4.46431 293.8
    endloop
  endfacet
  facet normal 1 0 0
    outer loop
      vertex 185.159 9.78385 301
      vertex 185.159 4.41433 302.5
      vertex 185.159 6.59041 301
    endloop
  endfacet
  facet normal 1 0 0
    outer loop
      vertex 185.159 13.1647 273.333
      vertex 185.159 9.78385 266.6
      vertex 185.159 12.8357 266.6
    endloop
  endfacet
  facet normal 1 0 0
    outer loop
      vertex 185.159 6.59041 266.6
      vertex 185.159 4.46431 293.8
      vertex 185.159 4.21876 266.6
    endloop
  endfacet
  facet normal 0 0 -1
    outer loop
      vertex 185.159 14.4554 302.5
      vertex 185.259 4.4253 302.5
      vertex 185.159 4.41433 302.5
    endloop
  endfacet
  facet normal 0 0 -1
    outer loop
      vertex 185.259 4.4253 302.5
      vertex 185.159 14.4554 302.5
      vertex 185.259 14.4472 302.5
    endloop
  endfacet
  facet normal -1 0 0
    outer loop
      vertex 185.259 6.59041 266.6
      vertex 185.259 4.47408 294.008
      vertex 185.259 6.59041 301
    endloop
  endfacet
  facet normal -1 0 -0
    outer loop
      vertex 185.259 4.47408 294.008
      vertex 185.259 6.59041 266.6
      vertex 185.259 4.22665 266.6
    endloop
  endfacet
  facet normal -1 0 0
    outer loop
      vertex 185.259 9.78385 301
      vertex 185.259 14.1309 294.806
      vertex 185.259 13.7031 285.285
    endloop
  endfacet
  facet normal -1 0 0
    outer loop
      vertex 185.259 14.1309 294.806
      vertex 185.259 9.78385 301
      vertex 185.259 14.1767 296.164
    endloop
  endfacet
  facet normal -1 0 0
    outer loop
      vertex 185.259 9.78385 266.6
      vertex 185.259 13.6699 284.365
      vertex 185.259 13.1887 274.127
    endloop
  endfacet
  facet normal -1 0 0
    outer loop
      vertex 185.259 9.78385 301
      vertex 185.259 13.6699 284.365
      vertex 185.259 9.78385 266.6
    endloop
  endfacet
  facet normal -1 0 0
    outer loop
      vertex 185.259 9.78385 266.6
      vertex 185.259 13.1712 273.668
      vertex 185.259 12.8258 266.6
    endloop
  endfacet
  facet normal -1 -0 0
    outer loop
      vertex 185.259 13.1712 273.668
      vertex 185.259 9.78385 266.6
      vertex 185.259 13.1887 274.127
    endloop
  endfacet
  facet normal -1 0 0
    outer loop
      vertex 185.259 13.6699 284.365
      vertex 185.259 9.78385 301
      vertex 185.259 13.7031 285.285
    endloop
  endfacet
  facet normal -1 0 0
    outer loop
      vertex 185.259 14.1767 296.164
      vertex 185.259 9.78385 301
      vertex 185.259 14.4472 302.5
    endloop
  endfacet
  facet normal -1 0 0
    outer loop
      vertex 185.259 4.4253 302.5
      vertex 185.259 9.78385 301
      vertex 185.259 6.59041 301
    endloop
  endfacet
  facet normal -1 0 0
    outer loop
      vertex 185.259 9.78385 301
      vertex 185.259 4.4253 302.5
      vertex 185.259 14.4472 302.5
    endloop
  endfacet
  facet normal -1 0 0
    outer loop
      vertex 185.259 4.4253 302.5
      vertex 185.259 6.59041 301
      vertex 185.259 4.47408 294.008
    endloop
  endfacet
  facet normal -0 0 1
    outer loop
      vertex 185.209 6.58713 266.6
      vertex 185.259 4.22665 266.6
      vertex 185.259 6.59041 266.6
    endloop
  endfacet
  facet normal 0 0 1
    outer loop
      vertex 185.159 6.59041 266.6
      vertex 185.259 4.22665 266.6
      vertex 185.209 6.58713 266.6
    endloop
  endfacet
  facet normal 0 0 1
    outer loop
      vertex 185.259 4.22665 266.6
      vertex 185.159 6.59041 266.6
      vertex 185.159 4.21876 266.6
    endloop
  endfacet
  facet normal 0 0 1
    outer loop
      vertex 185.259 12.8258 266.6
      vertex 185.209 9.78713 266.6
      vertex 185.259 9.78385 266.6
    endloop
  endfacet
  facet normal 0 0 1
    outer loop
      vertex 185.159 9.78385 266.6
      vertex 185.259 12.8258 266.6
      vertex 185.159 12.8357 266.6
    endloop
  endfacet
  facet normal 0 0 1
    outer loop
      vertex 185.259 12.8258 266.6
      vertex 185.159 9.78385 266.6
      vertex 185.209 9.78713 266.6
    endloop
  endfacet
  facet normal -0.997859 -0.0653981 0
    outer loop
      vertex 186.809 8.18713 266
      vertex 186.795 8.39597 301
      vertex 186.795 8.39597 266
    endloop
  endfacet
  facet normal -0.997859 -0.0653981 0
    outer loop
      vertex 186.795 8.39597 301
      vertex 186.809 8.18713 266
      vertex 186.809 8.18713 301
    endloop
  endfacet
  facet normal 0.997859 -0.0653981 0
    outer loop
      vertex 183.609 8.18713 301
      vertex 183.622 8.39597 266
      vertex 183.622 8.39597 301
    endloop
  endfacet
  facet normal 0.997859 -0.0653981 0
    outer loop
      vertex 183.622 8.39597 266
      vertex 183.609 8.18713 301
      vertex 183.609 8.18713 266
    endloop
  endfacet
  facet normal 0.0654039 -0.997859 0
    outer loop
      vertex 185 9.77344 301
      vertex 185.159 9.78385 266.6
      vertex 185.159 9.78385 301
    endloop
  endfacet
  facet normal 0.0654039 -0.997859 0
    outer loop
      vertex 185 9.77344 266
      vertex 185.159 9.78385 266.6
      vertex 185 9.77344 301
    endloop
  endfacet
  facet normal 0.0654056 -0.997859 -4.63666e-007
    outer loop
      vertex 185.209 9.78713 266
      vertex 185.159 9.78385 266.6
      vertex 185 9.77344 266
    endloop
  endfacet
  facet normal 0.0654112 -0.997858 0
    outer loop
      vertex 185.159 9.78385 266.6
      vertex 185.209 9.78713 266
      vertex 185.209 9.78713 266.6
    endloop
  endfacet
  facet normal -0.0654006 0.997859 0
    outer loop
      vertex 185.418 6.60082 301
      vertex 185.259 6.59041 266.6
      vertex 185.259 6.59041 301
    endloop
  endfacet
  facet normal -0.0654006 0.997859 0
    outer loop
      vertex 185.418 6.60082 266
      vertex 185.259 6.59041 266.6
      vertex 185.418 6.60082 301
    endloop
  endfacet
  facet normal -0.0654009 0.997859 -6.88902e-008
    outer loop
      vertex 185.209 6.58713 266
      vertex 185.259 6.59041 266.6
      vertex 185.418 6.60082 266
    endloop
  endfacet
  facet normal -0.0654017 0.997859 0
    outer loop
      vertex 185.259 6.59041 266.6
      vertex 185.209 6.58713 266
      vertex 185.209 6.58713 266.6
    endloop
  endfacet
  facet normal -0.751862 0.659321 0
    outer loop
      vertex 186.34 7.05576 266
      vertex 186.478 7.21311 301
      vertex 186.478 7.21311 266
    endloop
  endfacet
  facet normal -0.751862 0.659321 0
    outer loop
      vertex 186.478 7.21311 301
      vertex 186.34 7.05576 266
      vertex 186.34 7.05576 301
    endloop
  endfacet
  facet normal -0.65932 -0.751863 0
    outer loop
      vertex 186.183 9.45649 266
      vertex 186.34 9.3185 301
      vertex 186.183 9.45649 301
    endloop
  endfacet
  facet normal -0.65932 -0.751863 -0
    outer loop
      vertex 186.34 9.3185 301
      vertex 186.183 9.45649 266
      vertex 186.34 9.3185 266
    endloop
  endfacet
  facet normal 0.751825 -0.659362 0
    outer loop
      vertex 183.939 9.16115 301
      vertex 184.077 9.3185 266
      vertex 184.077 9.3185 301
    endloop
  endfacet
  facet normal 0.751825 -0.659362 0
    outer loop
      vertex 184.077 9.3185 266
      vertex 183.939 9.16115 301
      vertex 183.939 9.16115 266
    endloop
  endfacet
  facet normal 0.442275 -0.89688 0
    outer loop
      vertex 184.409 9.57277 266
      vertex 184.596 9.66534 301
      vertex 184.409 9.57277 301
    endloop
  endfacet
  facet normal 0.442275 -0.89688 0
    outer loop
      vertex 184.596 9.66534 301
      vertex 184.409 9.57277 266
      vertex 184.596 9.66534 266
    endloop
  endfacet
  facet normal -0.896885 -0.442264 0
    outer loop
      vertex 186.687 8.79942 266
      vertex 186.594 8.98713 301
      vertex 186.594 8.98713 266
    endloop
  endfacet
  facet normal -0.896885 -0.442264 0
    outer loop
      vertex 186.594 8.98713 301
      vertex 186.687 8.79942 266
      vertex 186.687 8.79942 301
    endloop
  endfacet
  facet normal -0.831444 -0.555608 0
    outer loop
      vertex 186.594 8.98713 266
      vertex 186.478 9.16115 301
      vertex 186.478 9.16115 266
    endloop
  endfacet
  facet normal -0.831444 -0.555608 0
    outer loop
      vertex 186.478 9.16115 301
      vertex 186.594 8.98713 266
      vertex 186.594 8.98713 301
    endloop
  endfacet
  facet normal -0.321442 -0.946929 0
    outer loop
      vertex 185.623 9.73261 266
      vertex 185.821 9.66534 301
      vertex 185.623 9.73261 301
    endloop
  endfacet
  facet normal -0.321442 -0.946929 -0
    outer loop
      vertex 185.821 9.66534 301
      vertex 185.623 9.73261 266
      vertex 185.821 9.66534 266
    endloop
  endfacet
  facet normal -0.195098 -0.980784 0
    outer loop
      vertex 185.418 9.77344 266
      vertex 185.623 9.73261 301
      vertex 185.418 9.77344 301
    endloop
  endfacet
  facet normal -0.195098 -0.980784 -0
    outer loop
      vertex 185.623 9.73261 301
      vertex 185.418 9.77344 266
      vertex 185.623 9.73261 266
    endloop
  endfacet
  facet normal -0.442275 -0.89688 0
    outer loop
      vertex 185.821 9.66534 266
      vertex 186.009 9.57277 301
      vertex 185.821 9.66534 301
    endloop
  endfacet
  facet normal -0.442275 -0.89688 -0
    outer loop
      vertex 186.009 9.57277 301
      vertex 185.821 9.66534 266
      vertex 186.009 9.57277 266
    endloop
  endfacet
  facet normal 0.94695 -0.321382 0
    outer loop
      vertex 183.663 8.60124 301
      vertex 183.73 8.79942 266
      vertex 183.73 8.79942 301
    endloop
  endfacet
  facet normal 0.94695 -0.321382 0
    outer loop
      vertex 183.73 8.79942 266
      vertex 183.663 8.60124 301
      vertex 183.663 8.60124 266
    endloop
  endfacet
  facet normal 0.980783 -0.1951 0
    outer loop
      vertex 183.622 8.39597 301
      vertex 183.663 8.60124 266
      vertex 183.663 8.60124 301
    endloop
  endfacet
  facet normal 0.980783 -0.1951 0
    outer loop
      vertex 183.663 8.60124 266
      vertex 183.622 8.39597 301
      vertex 183.622 8.39597 266
    endloop
  endfacet
  facet normal 0 0 -1
    outer loop
      vertex 186.795 7.97829 301
      vertex 186.795 8.39597 301
      vertex 186.809 8.18713 301
    endloop
  endfacet
  facet normal 0 0 -1
    outer loop
      vertex 186.754 7.77302 301
      vertex 186.795 8.39597 301
      vertex 186.795 7.97829 301
    endloop
  endfacet
  facet normal 0 0 -1
    outer loop
      vertex 186.754 7.77302 301
      vertex 186.754 8.60124 301
      vertex 186.795 8.39597 301
    endloop
  endfacet
  facet normal 0 0 -1
    outer loop
      vertex 186.687 7.57484 301
      vertex 186.754 8.60124 301
      vertex 186.754 7.77302 301
    endloop
  endfacet
  facet normal 0 0 -1
    outer loop
      vertex 186.687 7.57484 301
      vertex 186.687 8.79942 301
      vertex 186.754 8.60124 301
    endloop
  endfacet
  facet normal 0 0 -1
    outer loop
      vertex 186.594 7.38713 301
      vertex 186.687 8.79942 301
      vertex 186.687 7.57484 301
    endloop
  endfacet
  facet normal 0 0 -1
    outer loop
      vertex 186.594 7.38713 301
      vertex 186.594 8.98713 301
      vertex 186.687 8.79942 301
    endloop
  endfacet
  facet normal 0 0 -1
    outer loop
      vertex 186.478 7.21311 301
      vertex 186.594 8.98713 301
      vertex 186.594 7.38713 301
    endloop
  endfacet
  facet normal 0 0 -1
    outer loop
      vertex 186.478 7.21311 301
      vertex 186.478 9.16115 301
      vertex 186.594 8.98713 301
    endloop
  endfacet
  facet normal 0 0 -1
    outer loop
      vertex 186.34 7.05576 301
      vertex 186.478 9.16115 301
      vertex 186.478 7.21311 301
    endloop
  endfacet
  facet normal 0 0 -1
    outer loop
      vertex 186.34 7.05576 301
      vertex 186.34 9.3185 301
      vertex 186.478 9.16115 301
    endloop
  endfacet
  facet normal 0 0 -1
    outer loop
      vertex 186.183 6.91776 301
      vertex 186.34 9.3185 301
      vertex 186.34 7.05576 301
    endloop
  endfacet
  facet normal 0 0 -1
    outer loop
      vertex 186.183 6.91776 301
      vertex 186.183 9.45649 301
      vertex 186.34 9.3185 301
    endloop
  endfacet
  facet normal 0 0 -1
    outer loop
      vertex 186.009 6.80149 301
      vertex 186.183 9.45649 301
      vertex 186.183 6.91776 301
    endloop
  endfacet
  facet normal 0 0 -1
    outer loop
      vertex 186.009 6.80149 301
      vertex 186.009 9.57277 301
      vertex 186.183 9.45649 301
    endloop
  endfacet
  facet normal 0 0 -1
    outer loop
      vertex 185.821 6.70892 301
      vertex 186.009 9.57277 301
      vertex 186.009 6.80149 301
    endloop
  endfacet
  facet normal 0 0 -1
    outer loop
      vertex 185.821 6.70892 301
      vertex 185.821 9.66534 301
      vertex 186.009 9.57277 301
    endloop
  endfacet
  facet normal 0 0 -1
    outer loop
      vertex 185.623 6.64165 301
      vertex 185.821 9.66534 301
      vertex 185.821 6.70892 301
    endloop
  endfacet
  facet normal 0 0 -1
    outer loop
      vertex 185.623 6.64165 301
      vertex 185.623 9.73261 301
      vertex 185.821 9.66534 301
    endloop
  endfacet
  facet normal 0 0 -1
    outer loop
      vertex 185.259 6.59041 301
      vertex 185.623 6.64165 301
      vertex 185.418 6.60082 301
    endloop
  endfacet
  facet normal -0 0 -1
    outer loop
      vertex 185.623 6.64165 301
      vertex 185.259 6.59041 301
      vertex 185.623 9.73261 301
    endloop
  endfacet
  facet normal 0 0 -1
    outer loop
      vertex 185.259 9.78385 301
      vertex 185.623 9.73261 301
      vertex 185.259 6.59041 301
    endloop
  endfacet
  facet normal 0 0 -1
    outer loop
      vertex 185.623 9.73261 301
      vertex 185.259 9.78385 301
      vertex 185.418 9.77344 301
    endloop
  endfacet
  facet normal 0 0 -1
    outer loop
      vertex 184.795 6.64165 301
      vertex 185.159 6.59041 301
      vertex 185 6.60082 301
    endloop
  endfacet
  facet normal 0 0 -1
    outer loop
      vertex 185.159 6.59041 301
      vertex 184.795 6.64165 301
      vertex 185.159 9.78385 301
    endloop
  endfacet
  facet normal 0 0 -1
    outer loop
      vertex 184.795 9.73261 301
      vertex 185.159 9.78385 301
      vertex 184.795 6.64165 301
    endloop
  endfacet
  facet normal 0 0 -1
    outer loop
      vertex 185.159 9.78385 301
      vertex 184.795 9.73261 301
      vertex 185 9.77344 301
    endloop
  endfacet
  facet normal 0 0 -1
    outer loop
      vertex 184.596 6.70892 301
      vertex 184.795 9.73261 301
      vertex 184.795 6.64165 301
    endloop
  endfacet
  facet normal 0 0 -1
    outer loop
      vertex 184.596 6.70892 301
      vertex 184.596 9.66534 301
      vertex 184.795 9.73261 301
    endloop
  endfacet
  facet normal 0 0 -1
    outer loop
      vertex 184.409 6.80149 301
      vertex 184.596 9.66534 301
      vertex 184.596 6.70892 301
    endloop
  endfacet
  facet normal 0 0 -1
    outer loop
      vertex 184.409 6.80149 301
      vertex 184.409 9.57277 301
      vertex 184.596 9.66534 301
    endloop
  endfacet
  facet normal 0 0 -1
    outer loop
      vertex 184.235 6.91776 301
      vertex 184.409 9.57277 301
      vertex 184.409 6.80149 301
    endloop
  endfacet
  facet normal 0 0 -1
    outer loop
      vertex 184.235 6.91776 301
      vertex 184.235 9.45649 301
      vertex 184.409 9.57277 301
    endloop
  endfacet
  facet normal 0 0 -1
    outer loop
      vertex 184.077 7.05576 301
      vertex 184.235 9.45649 301
      vertex 184.235 6.91776 301
    endloop
  endfacet
  facet normal 0 0 -1
    outer loop
      vertex 184.077 7.05576 301
      vertex 184.077 9.3185 301
      vertex 184.235 9.45649 301
    endloop
  endfacet
  facet normal 0 0 -1
    outer loop
      vertex 183.939 7.21311 301
      vertex 184.077 9.3185 301
      vertex 184.077 7.05576 301
    endloop
  endfacet
  facet normal 0 0 -1
    outer loop
      vertex 183.939 7.21311 301
      vertex 183.939 9.16115 301
      vertex 184.077 9.3185 301
    endloop
  endfacet
  facet normal 0 0 -1
    outer loop
      vertex 183.823 7.38713 301
      vertex 183.939 9.16115 301
      vertex 183.939 7.21311 301
    endloop
  endfacet
  facet normal 0 0 -1
    outer loop
      vertex 183.823 7.38713 301
      vertex 183.823 8.98713 301
      vertex 183.939 9.16115 301
    endloop
  endfacet
  facet normal 0 0 -1
    outer loop
      vertex 183.73 7.57484 301
      vertex 183.823 8.98713 301
      vertex 183.823 7.38713 301
    endloop
  endfacet
  facet normal 0 0 -1
    outer loop
      vertex 183.73 7.57484 301
      vertex 183.73 8.79942 301
      vertex 183.823 8.98713 301
    endloop
  endfacet
  facet normal 0 0 -1
    outer loop
      vertex 183.663 7.77302 301
      vertex 183.73 8.79942 301
      vertex 183.73 7.57484 301
    endloop
  endfacet
  facet normal 0 0 -1
    outer loop
      vertex 183.663 7.77302 301
      vertex 183.663 8.60124 301
      vertex 183.73 8.79942 301
    endloop
  endfacet
  facet normal 0 0 -1
    outer loop
      vertex 183.622 7.97829 301
      vertex 183.663 8.60124 301
      vertex 183.663 7.77302 301
    endloop
  endfacet
  facet normal 0 0 -1
    outer loop
      vertex 183.622 7.97829 301
      vertex 183.622 8.39597 301
      vertex 183.663 8.60124 301
    endloop
  endfacet
  facet normal 0 -0 -1
    outer loop
      vertex 183.622 8.39597 301
      vertex 183.622 7.97829 301
      vertex 183.609 8.18713 301
    endloop
  endfacet
  facet normal 0.555584 -0.83146 0
    outer loop
      vertex 184.235 9.45649 266
      vertex 184.409 9.57277 301
      vertex 184.235 9.45649 301
    endloop
  endfacet
  facet normal 0.555584 -0.83146 0
    outer loop
      vertex 184.409 9.57277 301
      vertex 184.235 9.45649 266
      vertex 184.409 9.57277 266
    endloop
  endfacet
  facet normal 0.321442 -0.946929 0
    outer loop
      vertex 184.596 9.66534 266
      vertex 184.795 9.73261 301
      vertex 184.596 9.66534 301
    endloop
  endfacet
  facet normal 0.321442 -0.946929 0
    outer loop
      vertex 184.795 9.73261 301
      vertex 184.596 9.66534 266
      vertex 184.795 9.73261 266
    endloop
  endfacet
  facet normal -0.195098 0.980784 0
    outer loop
      vertex 185.623 6.64165 266
      vertex 185.418 6.60082 301
      vertex 185.623 6.64165 301
    endloop
  endfacet
  facet normal -0.195098 0.980784 0
    outer loop
      vertex 185.418 6.60082 301
      vertex 185.623 6.64165 266
      vertex 185.418 6.60082 266
    endloop
  endfacet
  facet normal -0.442275 0.89688 0
    outer loop
      vertex 186.009 6.80149 266
      vertex 185.821 6.70892 301
      vertex 186.009 6.80149 301
    endloop
  endfacet
  facet normal -0.442275 0.89688 0
    outer loop
      vertex 185.821 6.70892 301
      vertex 186.009 6.80149 266
      vertex 185.821 6.70892 266
    endloop
  endfacet
  facet normal -0.946927 -0.321448 0
    outer loop
      vertex 186.754 8.60124 266
      vertex 186.687 8.79942 301
      vertex 186.687 8.79942 266
    endloop
  endfacet
  facet normal -0.946927 -0.321448 0
    outer loop
      vertex 186.687 8.79942 301
      vertex 186.754 8.60124 266
      vertex 186.754 8.60124 301
    endloop
  endfacet
  facet normal -0.980783 -0.1951 0
    outer loop
      vertex 186.795 8.39597 266
      vertex 186.754 8.60124 301
      vertex 186.754 8.60124 266
    endloop
  endfacet
  facet normal -0.980783 -0.1951 0
    outer loop
      vertex 186.754 8.60124 301
      vertex 186.795 8.39597 266
      vertex 186.795 8.39597 301
    endloop
  endfacet
  facet normal -0.751862 -0.659321 0
    outer loop
      vertex 186.478 9.16115 266
      vertex 186.34 9.3185 301
      vertex 186.34 9.3185 266
    endloop
  endfacet
  facet normal -0.751862 -0.659321 0
    outer loop
      vertex 186.34 9.3185 301
      vertex 186.478 9.16115 266
      vertex 186.478 9.16115 301
    endloop
  endfacet
  facet normal -0.0654112 -0.997858 -0
    outer loop
      vertex 185.209 9.78713 266.6
      vertex 185.209 9.78713 266
      vertex 185.259 9.78385 266.6
    endloop
  endfacet
  facet normal -0.0653976 -0.997859 0
    outer loop
      vertex 185.259 9.78385 266.6
      vertex 185.418 9.77344 301
      vertex 185.259 9.78385 301
    endloop
  endfacet
  facet normal -0.0653976 -0.997859 0
    outer loop
      vertex 185.259 9.78385 266.6
      vertex 185.418 9.77344 266
      vertex 185.418 9.77344 301
    endloop
  endfacet
  facet normal -0.0654009 -0.997859 -8.61909e-007
    outer loop
      vertex 185.418 9.77344 266
      vertex 185.259 9.78385 266.6
      vertex 185.209 9.78713 266
    endloop
  endfacet
  facet normal -0.555584 -0.83146 0
    outer loop
      vertex 186.009 9.57277 266
      vertex 186.183 9.45649 301
      vertex 186.009 9.57277 301
    endloop
  endfacet
  facet normal -0.555584 -0.83146 -0
    outer loop
      vertex 186.183 9.45649 301
      vertex 186.009 9.57277 266
      vertex 186.183 9.45649 266
    endloop
  endfacet
  facet normal 0.896856 -0.442322 0
    outer loop
      vertex 183.73 8.79942 301
      vertex 183.823 8.98713 266
      vertex 183.823 8.98713 301
    endloop
  endfacet
  facet normal 0.896856 -0.442322 0
    outer loop
      vertex 183.823 8.98713 266
      vertex 183.73 8.79942 301
      vertex 183.73 8.79942 266
    endloop
  endfacet
  facet normal 0.831478 -0.555558 0
    outer loop
      vertex 183.823 8.98713 301
      vertex 183.939 9.16115 266
      vertex 183.939 9.16115 301
    endloop
  endfacet
  facet normal 0.831478 -0.555558 0
    outer loop
      vertex 183.939 9.16115 266
      vertex 183.823 8.98713 301
      vertex 183.823 8.98713 266
    endloop
  endfacet
  facet normal 0.659356 -0.751831 0
    outer loop
      vertex 184.077 9.3185 266
      vertex 184.235 9.45649 301
      vertex 184.077 9.3185 301
    endloop
  endfacet
  facet normal 0.659356 -0.751831 0
    outer loop
      vertex 184.235 9.45649 301
      vertex 184.077 9.3185 266
      vertex 184.235 9.45649 266
    endloop
  endfacet
  facet normal 0.195084 -0.980787 0
    outer loop
      vertex 184.795 9.73261 266
      vertex 185 9.77344 301
      vertex 184.795 9.73261 301
    endloop
  endfacet
  facet normal 0.195084 -0.980787 0
    outer loop
      vertex 185 9.77344 301
      vertex 184.795 9.73261 266
      vertex 185 9.77344 266
    endloop
  endfacet
  facet normal -0.946927 0.321448 0
    outer loop
      vertex 186.687 7.57484 266
      vertex 186.754 7.77302 301
      vertex 186.754 7.77302 266
    endloop
  endfacet
  facet normal -0.946927 0.321448 0
    outer loop
      vertex 186.754 7.77302 301
      vertex 186.687 7.57484 266
      vertex 186.687 7.57484 301
    endloop
  endfacet
  facet normal -0.980783 0.1951 0
    outer loop
      vertex 186.754 7.77302 266
      vertex 186.795 7.97829 301
      vertex 186.795 7.97829 266
    endloop
  endfacet
  facet normal -0.980783 0.1951 0
    outer loop
      vertex 186.795 7.97829 301
      vertex 186.754 7.77302 266
      vertex 186.754 7.77302 301
    endloop
  endfacet
  facet normal 0.896856 0.442322 0
    outer loop
      vertex 183.823 7.38713 301
      vertex 183.73 7.57484 266
      vertex 183.73 7.57484 301
    endloop
  endfacet
  facet normal 0.896856 0.442322 0
    outer loop
      vertex 183.73 7.57484 266
      vertex 183.823 7.38713 301
      vertex 183.823 7.38713 266
    endloop
  endfacet
  facet normal -0.555584 0.83146 0
    outer loop
      vertex 186.183 6.91776 266
      vertex 186.009 6.80149 301
      vertex 186.183 6.91776 301
    endloop
  endfacet
  facet normal -0.555584 0.83146 0
    outer loop
      vertex 186.009 6.80149 301
      vertex 186.183 6.91776 266
      vertex 186.009 6.80149 266
    endloop
  endfacet
  facet normal -0.997859 0.065398 0
    outer loop
      vertex 186.795 7.97829 266
      vertex 186.809 8.18713 301
      vertex 186.809 8.18713 266
    endloop
  endfacet
  facet normal -0.997859 0.065398 0
    outer loop
      vertex 186.809 8.18713 301
      vertex 186.795 7.97829 266
      vertex 186.795 7.97829 301
    endloop
  endfacet
  facet normal 0.980783 0.1951 0
    outer loop
      vertex 183.663 7.77302 301
      vertex 183.622 7.97829 266
      vertex 183.622 7.97829 301
    endloop
  endfacet
  facet normal 0.980783 0.1951 0
    outer loop
      vertex 183.622 7.97829 266
      vertex 183.663 7.77302 301
      vertex 183.663 7.77302 266
    endloop
  endfacet
  facet normal 0.997859 0.065398 0
    outer loop
      vertex 183.622 7.97829 301
      vertex 183.609 8.18713 266
      vertex 183.609 8.18713 301
    endloop
  endfacet
  facet normal 0.997859 0.065398 0
    outer loop
      vertex 183.609 8.18713 266
      vertex 183.622 7.97829 301
      vertex 183.622 7.97829 266
    endloop
  endfacet
  facet normal 0.94695 0.321382 0
    outer loop
      vertex 183.73 7.57484 301
      vertex 183.663 7.77302 266
      vertex 183.663 7.77302 301
    endloop
  endfacet
  facet normal 0.94695 0.321382 0
    outer loop
      vertex 183.663 7.77302 266
      vertex 183.73 7.57484 301
      vertex 183.73 7.57484 266
    endloop
  endfacet
  facet normal -0.65932 0.751863 0
    outer loop
      vertex 186.34 7.05576 266
      vertex 186.183 6.91776 301
      vertex 186.34 7.05576 301
    endloop
  endfacet
  facet normal -0.65932 0.751863 0
    outer loop
      vertex 186.183 6.91776 301
      vertex 186.34 7.05576 266
      vertex 186.183 6.91776 266
    endloop
  endfacet
  facet normal -0.321442 0.946929 0
    outer loop
      vertex 185.821 6.70892 266
      vertex 185.623 6.64165 301
      vertex 185.821 6.70892 301
    endloop
  endfacet
  facet normal -0.321442 0.946929 0
    outer loop
      vertex 185.623 6.64165 301
      vertex 185.821 6.70892 266
      vertex 185.623 6.64165 266
    endloop
  endfacet
  facet normal -0.896885 0.442264 0
    outer loop
      vertex 186.594 7.38713 266
      vertex 186.687 7.57484 301
      vertex 186.687 7.57484 266
    endloop
  endfacet
  facet normal -0.896885 0.442264 0
    outer loop
      vertex 186.687 7.57484 301
      vertex 186.594 7.38713 266
      vertex 186.594 7.38713 301
    endloop
  endfacet
  facet normal -0.831444 0.555608 0
    outer loop
      vertex 186.478 7.21311 266
      vertex 186.594 7.38713 301
      vertex 186.594 7.38713 266
    endloop
  endfacet
  facet normal -0.831444 0.555608 0
    outer loop
      vertex 186.594 7.38713 301
      vertex 186.478 7.21311 266
      vertex 186.478 7.21311 301
    endloop
  endfacet
  facet normal 0.0654017 0.997859 0
    outer loop
      vertex 185.209 6.58713 266.6
      vertex 185.209 6.58713 266
      vertex 185.159 6.59041 266.6
    endloop
  endfacet
  facet normal 0.0654069 0.997859 -0
    outer loop
      vertex 185.159 6.59041 266.6
      vertex 185 6.60082 301
      vertex 185.159 6.59041 301
    endloop
  endfacet
  facet normal 0.0654069 0.997859 0
    outer loop
      vertex 185.159 6.59041 266.6
      vertex 185 6.60082 266
      vertex 185 6.60082 301
    endloop
  endfacet
  facet normal 0.0654056 0.997859 3.29353e-007
    outer loop
      vertex 185 6.60082 266
      vertex 185.159 6.59041 266.6
      vertex 185.209 6.58713 266
    endloop
  endfacet
  facet normal 0.321442 0.946929 -0
    outer loop
      vertex 184.795 6.64165 266
      vertex 184.596 6.70892 301
      vertex 184.795 6.64165 301
    endloop
  endfacet
  facet normal 0.321442 0.946929 0
    outer loop
      vertex 184.596 6.70892 301
      vertex 184.795 6.64165 266
      vertex 184.596 6.70892 266
    endloop
  endfacet
  facet normal 0.195084 0.980787 -0
    outer loop
      vertex 185 6.60082 266
      vertex 184.795 6.64165 301
      vertex 185 6.60082 301
    endloop
  endfacet
  facet normal 0.195084 0.980787 0
    outer loop
      vertex 184.795 6.64165 301
      vertex 185 6.60082 266
      vertex 184.795 6.64165 266
    endloop
  endfacet
  facet normal 0.751825 0.659362 0
    outer loop
      vertex 184.077 7.05576 301
      vertex 183.939 7.21311 266
      vertex 183.939 7.21311 301
    endloop
  endfacet
  facet normal 0.751825 0.659362 0
    outer loop
      vertex 183.939 7.21311 266
      vertex 184.077 7.05576 301
      vertex 184.077 7.05576 266
    endloop
  endfacet
  facet normal 0.659356 0.751831 -0
    outer loop
      vertex 184.235 6.91776 266
      vertex 184.077 7.05576 301
      vertex 184.235 6.91776 301
    endloop
  endfacet
  facet normal 0.659356 0.751831 0
    outer loop
      vertex 184.077 7.05576 301
      vertex 184.235 6.91776 266
      vertex 184.077 7.05576 266
    endloop
  endfacet
  facet normal 0.555584 0.83146 -0
    outer loop
      vertex 184.409 6.80149 266
      vertex 184.235 6.91776 301
      vertex 184.409 6.80149 301
    endloop
  endfacet
  facet normal 0.555584 0.83146 0
    outer loop
      vertex 184.235 6.91776 301
      vertex 184.409 6.80149 266
      vertex 184.235 6.91776 266
    endloop
  endfacet
  facet normal 0.831478 0.555558 0
    outer loop
      vertex 183.939 7.21311 301
      vertex 183.823 7.38713 266
      vertex 183.823 7.38713 301
    endloop
  endfacet
  facet normal 0.831478 0.555558 0
    outer loop
      vertex 183.823 7.38713 266
      vertex 183.939 7.21311 301
      vertex 183.939 7.21311 266
    endloop
  endfacet
  facet normal 0.442275 0.89688 -0
    outer loop
      vertex 184.596 6.70892 266
      vertex 184.409 6.80149 301
      vertex 184.596 6.70892 301
    endloop
  endfacet
  facet normal 0.442275 0.89688 0
    outer loop
      vertex 184.409 6.80149 301
      vertex 184.596 6.70892 266
      vertex 184.409 6.80149 266
    endloop
  endfacet
  facet normal 1 -0 0
    outer loop
      vertex 116.076 0.748262 302.5
      vertex 116.076 7.64399 301
      vertex 116.076 12.5846 302.5
    endloop
  endfacet
  facet normal 1 0 0
    outer loop
      vertex 116.076 7.64399 301
      vertex 116.076 0.748262 302.5
      vertex 116.076 4.45054 301
    endloop
  endfacet
  facet normal 1 0 0
    outer loop
      vertex 116.076 0.637454 299.985
      vertex 116.076 4.45054 301
      vertex 116.076 0.748262 302.5
    endloop
  endfacet
  facet normal 1 0 0
    outer loop
      vertex 116.076 0.611009 298.883
      vertex 116.076 4.45054 301
      vertex 116.076 0.637454 299.985
    endloop
  endfacet
  facet normal 1 0 0
    outer loop
      vertex 116.076 0.371061 292.233
      vertex 116.076 4.45054 301
      vertex 116.076 0.611009 298.883
    endloop
  endfacet
  facet normal 1 0 0
    outer loop
      vertex 116.076 0.35512 291.341
      vertex 116.076 4.45054 301
      vertex 116.076 0.371061 292.233
    endloop
  endfacet
  facet normal 1 0 0
    outer loop
      vertex 116.076 0.141725 284.193
      vertex 116.076 4.45054 301
      vertex 116.076 0.35512 291.341
    endloop
  endfacet
  facet normal 1 0 0
    outer loop
      vertex 116.076 4.45054 301
      vertex 116.076 0.141725 284.193
      vertex 116.076 4.45054 266.6
    endloop
  endfacet
  facet normal 1 -0 0
    outer loop
      vertex 116.076 0.133234 283.536
      vertex 116.076 4.45054 266.6
      vertex 116.076 0.141725 284.193
    endloop
  endfacet
  facet normal 1 -0 0
    outer loop
      vertex 116.076 -0.0559959 275.913
      vertex 116.076 4.45054 266.6
      vertex 116.076 0.133234 283.536
    endloop
  endfacet
  facet normal 1 -0 0
    outer loop
      vertex 116.076 -0.0595483 275.51
      vertex 116.076 4.45054 266.6
      vertex 116.076 -0.0559959 275.913
    endloop
  endfacet
  facet normal 1 -0 0
    outer loop
      vertex 116.076 -0.226482 267.419
      vertex 116.076 4.45054 266.6
      vertex 116.076 -0.0595483 275.51
    endloop
  endfacet
  facet normal 1 -0 0
    outer loop
      vertex 116.076 -0.227217 267.285
      vertex 116.076 4.45054 266.6
      vertex 116.076 -0.226482 267.419
    endloop
  endfacet
  facet normal 1 0 0
    outer loop
      vertex 116.076 4.45054 266.6
      vertex 116.076 -0.227217 267.285
      vertex 116.076 -0.239023 266.6
    endloop
  endfacet
  facet normal 1 0 0
    outer loop
      vertex 116.076 7.64399 266.6
      vertex 116.076 14.2249 267.085
      vertex 116.076 14.2197 267.21
    endloop
  endfacet
  facet normal 1 0 0
    outer loop
      vertex 116.076 7.64399 266.6
      vertex 116.076 14.2197 267.21
      vertex 116.076 13.9741 275.306
    endloop
  endfacet
  facet normal 1 0 0
    outer loop
      vertex 116.076 7.64399 266.6
      vertex 116.076 13.9741 275.306
      vertex 116.076 13.9549 275.696
    endloop
  endfacet
  facet normal 1 0 0
    outer loop
      vertex 116.076 7.64399 266.6
      vertex 116.076 13.9549 275.696
      vertex 116.076 13.666 283.291
    endloop
  endfacet
  facet normal 1 0 0
    outer loop
      vertex 116.076 7.64399 266.6
      vertex 116.076 13.666 283.291
      vertex 116.076 13.6292 283.925
    endloop
  endfacet
  facet normal 1 0 0
    outer loop
      vertex 116.076 7.64399 301
      vertex 116.076 13.6292 283.925
      vertex 116.076 13.2976 291.037
    endloop
  endfacet
  facet normal 1 0 0
    outer loop
      vertex 116.076 7.64399 301
      vertex 116.076 13.2976 291.037
      vertex 116.076 13.2394 291.892
    endloop
  endfacet
  facet normal 1 0 0
    outer loop
      vertex 116.076 7.64399 301
      vertex 116.076 13.2394 291.892
      vertex 116.076 12.8659 298.517
    endloop
  endfacet
  facet normal 1 0 0
    outer loop
      vertex 116.076 7.64399 301
      vertex 116.076 12.8659 298.517
      vertex 116.076 12.7826 299.567
    endloop
  endfacet
  facet normal 1 -0 0
    outer loop
      vertex 116.076 7.64399 301
      vertex 116.076 12.7826 299.567
      vertex 116.076 12.5846 302.5
    endloop
  endfacet
  facet normal 1 0 0
    outer loop
      vertex 116.076 13.6292 283.925
      vertex 116.076 7.64399 301
      vertex 116.076 7.64399 266.6
    endloop
  endfacet
  facet normal 1 0 0
    outer loop
      vertex 116.076 14.2249 267.085
      vertex 116.076 7.64399 266.6
      vertex 116.076 14.2362 266.6
    endloop
  endfacet
  facet normal 0 0 -1
    outer loop
      vertex 116.076 12.5846 302.5
      vertex 116.176 0.742973 302.5
      vertex 116.076 0.748262 302.5
    endloop
  endfacet
  facet normal 0 0 -1
    outer loop
      vertex 116.176 0.742973 302.5
      vertex 116.076 12.5846 302.5
      vertex 116.176 12.605 302.5
    endloop
  endfacet
  facet normal -1 0 0
    outer loop
      vertex 116.176 0.148255 284.458
      vertex 116.176 4.45054 301
      vertex 116.176 4.45054 266.6
    endloop
  endfacet
  facet normal -1 -0 0
    outer loop
      vertex 116.176 4.45054 301
      vertex 116.176 0.643645 300.245
      vertex 116.176 0.742973 302.5
    endloop
  endfacet
  facet normal -1 0 0
    outer loop
      vertex 116.176 4.45054 301
      vertex 116.176 0.617012 299.135
      vertex 116.176 0.643645 300.245
    endloop
  endfacet
  facet normal -1 0 0
    outer loop
      vertex 116.176 4.45054 301
      vertex 116.176 0.377426 292.496
      vertex 116.176 0.617012 299.135
    endloop
  endfacet
  facet normal -1 0 0
    outer loop
      vertex 116.176 4.45054 301
      vertex 116.176 0.361341 291.595
      vertex 116.176 0.377426 292.496
    endloop
  endfacet
  facet normal -1 0 0
    outer loop
      vertex 116.176 4.45054 301
      vertex 116.176 0.148255 284.458
      vertex 116.176 0.361341 291.595
    endloop
  endfacet
  facet normal -1 0 0
    outer loop
      vertex 116.176 4.45054 266.6
      vertex 116.176 0.139657 283.792
      vertex 116.176 0.148255 284.458
    endloop
  endfacet
  facet normal -1 0 0
    outer loop
      vertex 116.176 4.45054 266.6
      vertex 116.176 -0.049308 276.18
      vertex 116.176 0.139657 283.792
    endloop
  endfacet
  facet normal -1 0 0
    outer loop
      vertex 116.176 4.45054 266.6
      vertex 116.176 -0.0529358 275.769
      vertex 116.176 -0.049308 276.18
    endloop
  endfacet
  facet normal -1 0 0
    outer loop
      vertex 116.176 4.45054 266.6
      vertex 116.176 -0.219643 267.688
      vertex 116.176 -0.0529358 275.769
    endloop
  endfacet
  facet normal -1 0 0
    outer loop
      vertex 116.176 4.45054 266.6
      vertex 116.176 -0.220426 267.546
      vertex 116.176 -0.219643 267.688
    endloop
  endfacet
  facet normal -1 0 -0
    outer loop
      vertex 116.176 -0.220426 267.546
      vertex 116.176 4.45054 266.6
      vertex 116.176 -0.236731 266.6
    endloop
  endfacet
  facet normal -1 0 0
    outer loop
      vertex 116.176 7.64399 266.6
      vertex 116.176 14.2277 267.356
      vertex 116.176 14.2453 266.6
    endloop
  endfacet
  facet normal -1 -0 0
    outer loop
      vertex 116.176 14.2277 267.356
      vertex 116.176 7.64399 266.6
      vertex 116.176 14.2221 267.49
    endloop
  endfacet
  facet normal -1 -0 0
    outer loop
      vertex 116.176 14.2221 267.49
      vertex 116.176 7.64399 266.6
      vertex 116.176 13.9769 275.575
    endloop
  endfacet
  facet normal -1 -0 0
    outer loop
      vertex 116.176 13.9769 275.575
      vertex 116.176 7.64399 266.6
      vertex 116.176 13.9573 275.973
    endloop
  endfacet
  facet normal -1 -0 0
    outer loop
      vertex 116.176 13.9573 275.973
      vertex 116.176 7.64399 266.6
      vertex 116.176 13.6687 283.558
    endloop
  endfacet
  facet normal -1 -0 0
    outer loop
      vertex 116.176 13.6687 283.558
      vertex 116.176 7.64399 266.6
      vertex 116.176 13.6315 284.2
    endloop
  endfacet
  facet normal -1 0 0
    outer loop
      vertex 116.176 7.64399 301
      vertex 116.176 13.6315 284.2
      vertex 116.176 7.64399 266.6
    endloop
  endfacet
  facet normal -1 0 0
    outer loop
      vertex 116.176 13.6315 284.2
      vertex 116.176 7.64399 301
      vertex 116.176 13.3003 291.301
    endloop
  endfacet
  facet normal -1 0 0
    outer loop
      vertex 116.176 13.3003 291.301
      vertex 116.176 7.64399 301
      vertex 116.176 13.2416 292.165
    endloop
  endfacet
  facet normal -1 0 0
    outer loop
      vertex 116.176 13.2416 292.165
      vertex 116.176 7.64399 301
      vertex 116.176 12.8687 298.779
    endloop
  endfacet
  facet normal -1 0 0
    outer loop
      vertex 116.176 12.8687 298.779
      vertex 116.176 7.64399 301
      vertex 116.176 12.7847 299.837
    endloop
  endfacet
  facet normal -1 0 0
    outer loop
      vertex 116.176 12.7847 299.837
      vertex 116.176 7.64399 301
      vertex 116.176 12.605 302.5
    endloop
  endfacet
  facet normal -1 0 0
    outer loop
      vertex 116.176 0.742973 302.5
      vertex 116.176 7.64399 301
      vertex 116.176 4.45054 301
    endloop
  endfacet
  facet normal -1 0 0
    outer loop
      vertex 116.176 7.64399 301
      vertex 116.176 0.742973 302.5
      vertex 116.176 12.605 302.5
    endloop
  endfacet
  facet normal -0 0 1
    outer loop
      vertex 116.126 4.44727 266.6
      vertex 116.176 -0.236731 266.6
      vertex 116.176 4.45054 266.6
    endloop
  endfacet
  facet normal 0 0 1
    outer loop
      vertex 116.076 -0.239023 266.6
      vertex 116.126 4.44727 266.6
      vertex 116.076 4.45054 266.6
    endloop
  endfacet
  facet normal 0 0 1
    outer loop
      vertex 116.126 4.44727 266.6
      vertex 116.076 -0.239023 266.6
      vertex 116.176 -0.236731 266.6
    endloop
  endfacet
  facet normal -0 0 1
    outer loop
      vertex 116.076 14.2362 266.6
      vertex 116.176 7.64399 266.6
      vertex 116.176 14.2453 266.6
    endloop
  endfacet
  facet normal 0 0 1
    outer loop
      vertex 116.176 7.64399 266.6
      vertex 116.076 14.2362 266.6
      vertex 116.126 7.64726 266.6
    endloop
  endfacet
  facet normal 0 0 1
    outer loop
      vertex 116.126 7.64726 266.6
      vertex 116.076 14.2362 266.6
      vertex 116.076 7.64399 266.6
    endloop
  endfacet
  facet normal -0.997859 -0.0653981 0
    outer loop
      vertex 117.726 6.04727 266
      vertex 117.712 6.25611 301
      vertex 117.712 6.25611 266
    endloop
  endfacet
  facet normal -0.997859 -0.0653981 0
    outer loop
      vertex 117.712 6.25611 301
      vertex 117.726 6.04727 266
      vertex 117.726 6.04727 301
    endloop
  endfacet
  facet normal 0.997859 -0.0653981 0
    outer loop
      vertex 114.526 6.04727 301
      vertex 114.54 6.25611 266
      vertex 114.54 6.25611 301
    endloop
  endfacet
  facet normal 0.997859 -0.0653981 0
    outer loop
      vertex 114.54 6.25611 266
      vertex 114.526 6.04727 301
      vertex 114.526 6.04727 266
    endloop
  endfacet
  facet normal 0.0654006 -0.997859 0
    outer loop
      vertex 115.917 7.63358 301
      vertex 116.076 7.64399 266.6
      vertex 116.076 7.64399 301
    endloop
  endfacet
  facet normal 0.0654006 -0.997859 0
    outer loop
      vertex 115.917 7.63358 266
      vertex 116.076 7.64399 266.6
      vertex 115.917 7.63358 301
    endloop
  endfacet
  facet normal 0.0654033 -0.997859 -7.01413e-007
    outer loop
      vertex 116.126 7.64726 266
      vertex 116.076 7.64399 266.6
      vertex 115.917 7.63358 266
    endloop
  endfacet
  facet normal 0.0654116 -0.997858 0
    outer loop
      vertex 116.076 7.64399 266.6
      vertex 116.126 7.64726 266
      vertex 116.126 7.64726 266.6
    endloop
  endfacet
  facet normal -0.0654067 0.997859 0
    outer loop
      vertex 116.335 4.46095 301
      vertex 116.176 4.45054 266.6
      vertex 116.176 4.45054 301
    endloop
  endfacet
  facet normal -0.0654067 0.997859 0
    outer loop
      vertex 116.335 4.46095 266
      vertex 116.176 4.45054 266.6
      vertex 116.335 4.46095 301
    endloop
  endfacet
  facet normal -0.0654033 0.997859 9.23243e-007
    outer loop
      vertex 116.126 4.44727 266
      vertex 116.176 4.45054 266.6
      vertex 116.335 4.46095 266
    endloop
  endfacet
  facet normal -0.0653922 0.99786 0
    outer loop
      vertex 116.176 4.45054 266.6
      vertex 116.126 4.44727 266
      vertex 116.126 4.44727 266.6
    endloop
  endfacet
  facet normal -0.751843 0.659342 0
    outer loop
      vertex 117.257 4.91589 266
      vertex 117.395 5.07325 301
      vertex 117.395 5.07325 266
    endloop
  endfacet
  facet normal -0.751843 0.659342 0
    outer loop
      vertex 117.395 5.07325 301
      vertex 117.257 4.91589 266
      vertex 117.257 4.91589 301
    endloop
  endfacet
  facet normal -0.659356 -0.751831 0
    outer loop
      vertex 117.1 7.31663 266
      vertex 117.257 7.17864 301
      vertex 117.1 7.31663 301
    endloop
  endfacet
  facet normal -0.659356 -0.751831 -0
    outer loop
      vertex 117.257 7.17864 301
      vertex 117.1 7.31663 266
      vertex 117.257 7.17864 266
    endloop
  endfacet
  facet normal 0.751843 -0.659342 0
    outer loop
      vertex 114.857 7.02128 301
      vertex 114.995 7.17864 266
      vertex 114.995 7.17864 301
    endloop
  endfacet
  facet normal 0.751843 -0.659342 0
    outer loop
      vertex 114.995 7.17864 266
      vertex 114.857 7.02128 301
      vertex 114.857 7.02128 266
    endloop
  endfacet
  facet normal 0.442289 -0.896872 0
    outer loop
      vertex 115.326 7.43291 266
      vertex 115.514 7.52547 301
      vertex 115.326 7.43291 301
    endloop
  endfacet
  facet normal 0.442289 -0.896872 0
    outer loop
      vertex 115.514 7.52547 301
      vertex 115.326 7.43291 266
      vertex 115.514 7.52547 266
    endloop
  endfacet
  facet normal -0.896871 -0.442293 0
    outer loop
      vertex 117.604 6.65956 266
      vertex 117.512 6.84726 301
      vertex 117.512 6.84726 266
    endloop
  endfacet
  facet normal -0.896871 -0.442293 0
    outer loop
      vertex 117.512 6.84726 301
      vertex 117.604 6.65956 266
      vertex 117.604 6.65956 301
    endloop
  endfacet
  facet normal -0.831461 -0.555583 0
    outer loop
      vertex 117.512 6.84726 266
      vertex 117.395 7.02128 301
      vertex 117.395 7.02128 266
    endloop
  endfacet
  facet normal -0.831461 -0.555583 0
    outer loop
      vertex 117.395 7.02128 301
      vertex 117.512 6.84726 266
      vertex 117.512 6.84726 301
    endloop
  endfacet
  facet normal -0.321431 -0.946933 0
    outer loop
      vertex 116.54 7.59275 266
      vertex 116.738 7.52547 301
      vertex 116.54 7.59275 301
    endloop
  endfacet
  facet normal -0.321431 -0.946933 -0
    outer loop
      vertex 116.738 7.52547 301
      vertex 116.54 7.59275 266
      vertex 116.738 7.52547 266
    endloop
  endfacet
  facet normal -0.195091 -0.980785 0
    outer loop
      vertex 116.335 7.63358 266
      vertex 116.54 7.59275 301
      vertex 116.335 7.63358 301
    endloop
  endfacet
  facet normal -0.195091 -0.980785 -0
    outer loop
      vertex 116.54 7.59275 301
      vertex 116.335 7.63358 266
      vertex 116.54 7.59275 266
    endloop
  endfacet
  facet normal -0.442289 -0.896872 0
    outer loop
      vertex 116.738 7.52547 266
      vertex 116.926 7.43291 301
      vertex 116.738 7.52547 301
    endloop
  endfacet
  facet normal -0.442289 -0.896872 -0
    outer loop
      vertex 116.926 7.43291 301
      vertex 116.738 7.52547 266
      vertex 116.926 7.43291 266
    endloop
  endfacet
  facet normal 0.946927 -0.321448 0
    outer loop
      vertex 114.58 6.46138 301
      vertex 114.648 6.65956 266
      vertex 114.648 6.65956 301
    endloop
  endfacet
  facet normal 0.946927 -0.321448 0
    outer loop
      vertex 114.648 6.65956 266
      vertex 114.58 6.46138 301
      vertex 114.58 6.46138 266
    endloop
  endfacet
  facet normal 0.980783 -0.1951 0
    outer loop
      vertex 114.54 6.25611 301
      vertex 114.58 6.46138 266
      vertex 114.58 6.46138 301
    endloop
  endfacet
  facet normal 0.980783 -0.1951 0
    outer loop
      vertex 114.58 6.46138 266
      vertex 114.54 6.25611 301
      vertex 114.54 6.25611 266
    endloop
  endfacet
  facet normal 0 0 -1
    outer loop
      vertex 117.712 5.83842 301
      vertex 117.712 6.25611 301
      vertex 117.726 6.04727 301
    endloop
  endfacet
  facet normal 0 0 -1
    outer loop
      vertex 117.671 5.63315 301
      vertex 117.712 6.25611 301
      vertex 117.712 5.83842 301
    endloop
  endfacet
  facet normal 0 0 -1
    outer loop
      vertex 117.671 5.63315 301
      vertex 117.671 6.46138 301
      vertex 117.712 6.25611 301
    endloop
  endfacet
  facet normal 0 0 -1
    outer loop
      vertex 117.604 5.43497 301
      vertex 117.671 6.46138 301
      vertex 117.671 5.63315 301
    endloop
  endfacet
  facet normal 0 0 -1
    outer loop
      vertex 117.604 5.43497 301
      vertex 117.604 6.65956 301
      vertex 117.671 6.46138 301
    endloop
  endfacet
  facet normal 0 0 -1
    outer loop
      vertex 117.512 5.24727 301
      vertex 117.604 6.65956 301
      vertex 117.604 5.43497 301
    endloop
  endfacet
  facet normal 0 0 -1
    outer loop
      vertex 117.512 5.24727 301
      vertex 117.512 6.84726 301
      vertex 117.604 6.65956 301
    endloop
  endfacet
  facet normal 0 0 -1
    outer loop
      vertex 117.395 5.07325 301
      vertex 117.512 6.84726 301
      vertex 117.512 5.24727 301
    endloop
  endfacet
  facet normal 0 0 -1
    outer loop
      vertex 117.395 5.07325 301
      vertex 117.395 7.02128 301
      vertex 117.512 6.84726 301
    endloop
  endfacet
  facet normal 0 0 -1
    outer loop
      vertex 117.257 4.91589 301
      vertex 117.395 7.02128 301
      vertex 117.395 5.07325 301
    endloop
  endfacet
  facet normal 0 0 -1
    outer loop
      vertex 117.257 4.91589 301
      vertex 117.257 7.17864 301
      vertex 117.395 7.02128 301
    endloop
  endfacet
  facet normal 0 0 -1
    outer loop
      vertex 117.1 4.7779 301
      vertex 117.257 7.17864 301
      vertex 117.257 4.91589 301
    endloop
  endfacet
  facet normal 0 0 -1
    outer loop
      vertex 117.1 4.7779 301
      vertex 117.1 7.31663 301
      vertex 117.257 7.17864 301
    endloop
  endfacet
  facet normal 0 0 -1
    outer loop
      vertex 116.926 4.66162 301
      vertex 117.1 7.31663 301
      vertex 117.1 4.7779 301
    endloop
  endfacet
  facet normal 0 0 -1
    outer loop
      vertex 116.926 4.66162 301
      vertex 116.926 7.43291 301
      vertex 117.1 7.31663 301
    endloop
  endfacet
  facet normal 0 0 -1
    outer loop
      vertex 116.738 4.56906 301
      vertex 116.926 7.43291 301
      vertex 116.926 4.66162 301
    endloop
  endfacet
  facet normal 0 0 -1
    outer loop
      vertex 116.738 4.56906 301
      vertex 116.738 7.52547 301
      vertex 116.926 7.43291 301
    endloop
  endfacet
  facet normal 0 0 -1
    outer loop
      vertex 116.54 4.50178 301
      vertex 116.738 7.52547 301
      vertex 116.738 4.56906 301
    endloop
  endfacet
  facet normal 0 0 -1
    outer loop
      vertex 116.54 4.50178 301
      vertex 116.54 7.59275 301
      vertex 116.738 7.52547 301
    endloop
  endfacet
  facet normal 0 0 -1
    outer loop
      vertex 116.176 4.45054 301
      vertex 116.54 4.50178 301
      vertex 116.335 4.46095 301
    endloop
  endfacet
  facet normal -0 0 -1
    outer loop
      vertex 116.54 4.50178 301
      vertex 116.176 4.45054 301
      vertex 116.54 7.59275 301
    endloop
  endfacet
  facet normal 0 0 -1
    outer loop
      vertex 116.176 7.64399 301
      vertex 116.54 7.59275 301
      vertex 116.176 4.45054 301
    endloop
  endfacet
  facet normal 0 0 -1
    outer loop
      vertex 116.54 7.59275 301
      vertex 116.176 7.64399 301
      vertex 116.335 7.63358 301
    endloop
  endfacet
  facet normal 0 0 -1
    outer loop
      vertex 115.712 4.50178 301
      vertex 116.076 4.45054 301
      vertex 115.917 4.46095 301
    endloop
  endfacet
  facet normal 0 0 -1
    outer loop
      vertex 116.076 4.45054 301
      vertex 115.712 4.50178 301
      vertex 116.076 7.64399 301
    endloop
  endfacet
  facet normal 0 0 -1
    outer loop
      vertex 115.712 7.59275 301
      vertex 116.076 7.64399 301
      vertex 115.712 4.50178 301
    endloop
  endfacet
  facet normal 0 0 -1
    outer loop
      vertex 116.076 7.64399 301
      vertex 115.712 7.59275 301
      vertex 115.917 7.63358 301
    endloop
  endfacet
  facet normal 0 0 -1
    outer loop
      vertex 115.514 4.56906 301
      vertex 115.712 7.59275 301
      vertex 115.712 4.50178 301
    endloop
  endfacet
  facet normal 0 0 -1
    outer loop
      vertex 115.514 4.56906 301
      vertex 115.514 7.52547 301
      vertex 115.712 7.59275 301
    endloop
  endfacet
  facet normal 0 0 -1
    outer loop
      vertex 115.326 4.66162 301
      vertex 115.514 7.52547 301
      vertex 115.514 4.56906 301
    endloop
  endfacet
  facet normal 0 0 -1
    outer loop
      vertex 115.326 4.66162 301
      vertex 115.326 7.43291 301
      vertex 115.514 7.52547 301
    endloop
  endfacet
  facet normal 0 0 -1
    outer loop
      vertex 115.152 4.7779 301
      vertex 115.326 7.43291 301
      vertex 115.326 4.66162 301
    endloop
  endfacet
  facet normal 0 0 -1
    outer loop
      vertex 115.152 4.7779 301
      vertex 115.152 7.31663 301
      vertex 115.326 7.43291 301
    endloop
  endfacet
  facet normal 0 0 -1
    outer loop
      vertex 114.995 4.91589 301
      vertex 115.152 7.31663 301
      vertex 115.152 4.7779 301
    endloop
  endfacet
  facet normal 0 0 -1
    outer loop
      vertex 114.995 4.91589 301
      vertex 114.995 7.17864 301
      vertex 115.152 7.31663 301
    endloop
  endfacet
  facet normal 0 0 -1
    outer loop
      vertex 114.857 5.07325 301
      vertex 114.995 7.17864 301
      vertex 114.995 4.91589 301
    endloop
  endfacet
  facet normal 0 0 -1
    outer loop
      vertex 114.857 5.07325 301
      vertex 114.857 7.02128 301
      vertex 114.995 7.17864 301
    endloop
  endfacet
  facet normal 0 0 -1
    outer loop
      vertex 114.74 5.24727 301
      vertex 114.857 7.02128 301
      vertex 114.857 5.07325 301
    endloop
  endfacet
  facet normal 0 0 -1
    outer loop
      vertex 114.74 5.24727 301
      vertex 114.74 6.84726 301
      vertex 114.857 7.02128 301
    endloop
  endfacet
  facet normal 0 0 -1
    outer loop
      vertex 114.648 5.43497 301
      vertex 114.74 6.84726 301
      vertex 114.74 5.24727 301
    endloop
  endfacet
  facet normal 0 0 -1
    outer loop
      vertex 114.648 5.43497 301
      vertex 114.648 6.65956 301
      vertex 114.74 6.84726 301
    endloop
  endfacet
  facet normal 0 0 -1
    outer loop
      vertex 114.58 5.63315 301
      vertex 114.648 6.65956 301
      vertex 114.648 5.43497 301
    endloop
  endfacet
  facet normal 0 0 -1
    outer loop
      vertex 114.58 5.63315 301
      vertex 114.58 6.46138 301
      vertex 114.648 6.65956 301
    endloop
  endfacet
  facet normal 0 0 -1
    outer loop
      vertex 114.54 5.83842 301
      vertex 114.58 6.46138 301
      vertex 114.58 5.63315 301
    endloop
  endfacet
  facet normal 0 0 -1
    outer loop
      vertex 114.54 5.83842 301
      vertex 114.54 6.25611 301
      vertex 114.58 6.46138 301
    endloop
  endfacet
  facet normal 0 -0 -1
    outer loop
      vertex 114.54 6.25611 301
      vertex 114.54 5.83842 301
      vertex 114.526 6.04727 301
    endloop
  endfacet
  facet normal 0.555567 -0.831471 0
    outer loop
      vertex 115.152 7.31663 266
      vertex 115.326 7.43291 301
      vertex 115.152 7.31663 301
    endloop
  endfacet
  facet normal 0.555567 -0.831471 0
    outer loop
      vertex 115.326 7.43291 301
      vertex 115.152 7.31663 266
      vertex 115.326 7.43291 266
    endloop
  endfacet
  facet normal 0.321442 -0.946929 0
    outer loop
      vertex 115.514 7.52547 266
      vertex 115.712 7.59275 301
      vertex 115.514 7.52547 301
    endloop
  endfacet
  facet normal 0.321442 -0.946929 0
    outer loop
      vertex 115.712 7.59275 301
      vertex 115.514 7.52547 266
      vertex 115.712 7.59275 266
    endloop
  endfacet
  facet normal -0.195091 0.980785 0
    outer loop
      vertex 116.54 4.50178 266
      vertex 116.335 4.46095 301
      vertex 116.54 4.50178 301
    endloop
  endfacet
  facet normal -0.195091 0.980785 0
    outer loop
      vertex 116.335 4.46095 301
      vertex 116.54 4.50178 266
      vertex 116.335 4.46095 266
    endloop
  endfacet
  facet normal -0.442289 0.896872 0
    outer loop
      vertex 116.926 4.66162 266
      vertex 116.738 4.56906 301
      vertex 116.926 4.66162 301
    endloop
  endfacet
  facet normal -0.442289 0.896872 0
    outer loop
      vertex 116.738 4.56906 301
      vertex 116.926 4.66162 266
      vertex 116.738 4.56906 266
    endloop
  endfacet
  facet normal -0.946938 -0.321415 0
    outer loop
      vertex 117.671 6.46138 266
      vertex 117.604 6.65956 301
      vertex 117.604 6.65956 266
    endloop
  endfacet
  facet normal -0.946938 -0.321415 0
    outer loop
      vertex 117.604 6.65956 301
      vertex 117.671 6.46138 266
      vertex 117.671 6.46138 301
    endloop
  endfacet
  facet normal -0.980783 -0.1951 0
    outer loop
      vertex 117.712 6.25611 266
      vertex 117.671 6.46138 301
      vertex 117.671 6.46138 266
    endloop
  endfacet
  facet normal -0.980783 -0.1951 0
    outer loop
      vertex 117.671 6.46138 301
      vertex 117.712 6.25611 266
      vertex 117.712 6.25611 301
    endloop
  endfacet
  facet normal -0.751843 -0.659342 0
    outer loop
      vertex 117.395 7.02128 266
      vertex 117.257 7.17864 301
      vertex 117.257 7.17864 266
    endloop
  endfacet
  facet normal -0.751843 -0.659342 0
    outer loop
      vertex 117.257 7.17864 301
      vertex 117.395 7.02128 266
      vertex 117.395 7.02128 301
    endloop
  endfacet
  facet normal -0.0654017 -0.997859 -0
    outer loop
      vertex 116.126 7.64726 266.6
      vertex 116.126 7.64726 266
      vertex 116.176 7.64399 266.6
    endloop
  endfacet
  facet normal -0.0654038 -0.997859 0
    outer loop
      vertex 116.176 7.64399 266.6
      vertex 116.335 7.63358 301
      vertex 116.176 7.64399 301
    endloop
  endfacet
  facet normal -0.0654038 -0.997859 0
    outer loop
      vertex 116.176 7.64399 266.6
      vertex 116.335 7.63358 266
      vertex 116.335 7.63358 301
    endloop
  endfacet
  facet normal -0.0654033 -0.997859 1.30224e-007
    outer loop
      vertex 116.335 7.63358 266
      vertex 116.176 7.64399 266.6
      vertex 116.126 7.64726 266
    endloop
  endfacet
  facet normal -0.555567 -0.831471 0
    outer loop
      vertex 116.926 7.43291 266
      vertex 117.1 7.31663 301
      vertex 116.926 7.43291 301
    endloop
  endfacet
  facet normal -0.555567 -0.831471 -0
    outer loop
      vertex 117.1 7.31663 301
      vertex 116.926 7.43291 266
      vertex 117.1 7.31663 266
    endloop
  endfacet
  facet normal 0.896885 -0.442264 0
    outer loop
      vertex 114.648 6.65956 301
      vertex 114.74 6.84726 266
      vertex 114.74 6.84726 301
    endloop
  endfacet
  facet normal 0.896885 -0.442264 0
    outer loop
      vertex 114.74 6.84726 266
      vertex 114.648 6.65956 301
      vertex 114.648 6.65956 266
    endloop
  endfacet
  facet normal 0.831461 -0.555583 0
    outer loop
      vertex 114.74 6.84726 301
      vertex 114.857 7.02128 266
      vertex 114.857 7.02128 301
    endloop
  endfacet
  facet normal 0.831461 -0.555583 0
    outer loop
      vertex 114.857 7.02128 266
      vertex 114.74 6.84726 301
      vertex 114.74 6.84726 266
    endloop
  endfacet
  facet normal 0.659338 -0.751847 0
    outer loop
      vertex 114.995 7.17864 266
      vertex 115.152 7.31663 301
      vertex 114.995 7.17864 301
    endloop
  endfacet
  facet normal 0.659338 -0.751847 0
    outer loop
      vertex 115.152 7.31663 301
      vertex 114.995 7.17864 266
      vertex 115.152 7.31663 266
    endloop
  endfacet
  facet normal 0.195091 -0.980785 0
    outer loop
      vertex 115.712 7.59275 266
      vertex 115.917 7.63358 301
      vertex 115.712 7.59275 301
    endloop
  endfacet
  facet normal 0.195091 -0.980785 0
    outer loop
      vertex 115.917 7.63358 301
      vertex 115.712 7.59275 266
      vertex 115.917 7.63358 266
    endloop
  endfacet
  facet normal -0.946938 0.321415 0
    outer loop
      vertex 117.604 5.43497 266
      vertex 117.671 5.63315 301
      vertex 117.671 5.63315 266
    endloop
  endfacet
  facet normal -0.946938 0.321415 0
    outer loop
      vertex 117.671 5.63315 301
      vertex 117.604 5.43497 266
      vertex 117.604 5.43497 301
    endloop
  endfacet
  facet normal -0.980783 0.1951 0
    outer loop
      vertex 117.671 5.63315 266
      vertex 117.712 5.83842 301
      vertex 117.712 5.83842 266
    endloop
  endfacet
  facet normal -0.980783 0.1951 0
    outer loop
      vertex 117.712 5.83842 301
      vertex 117.671 5.63315 266
      vertex 117.671 5.63315 301
    endloop
  endfacet
  facet normal 0.896885 0.442264 0
    outer loop
      vertex 114.74 5.24727 301
      vertex 114.648 5.43497 266
      vertex 114.648 5.43497 301
    endloop
  endfacet
  facet normal 0.896885 0.442264 0
    outer loop
      vertex 114.648 5.43497 266
      vertex 114.74 5.24727 301
      vertex 114.74 5.24727 266
    endloop
  endfacet
  facet normal -0.555567 0.831471 0
    outer loop
      vertex 117.1 4.7779 266
      vertex 116.926 4.66162 301
      vertex 117.1 4.7779 301
    endloop
  endfacet
  facet normal -0.555567 0.831471 0
    outer loop
      vertex 116.926 4.66162 301
      vertex 117.1 4.7779 266
      vertex 116.926 4.66162 266
    endloop
  endfacet
  facet normal -0.997859 0.0653981 0
    outer loop
      vertex 117.712 5.83842 266
      vertex 117.726 6.04727 301
      vertex 117.726 6.04727 266
    endloop
  endfacet
  facet normal -0.997859 0.0653981 0
    outer loop
      vertex 117.726 6.04727 301
      vertex 117.712 5.83842 266
      vertex 117.712 5.83842 301
    endloop
  endfacet
  facet normal 0.980783 0.1951 0
    outer loop
      vertex 114.58 5.63315 301
      vertex 114.54 5.83842 266
      vertex 114.54 5.83842 301
    endloop
  endfacet
  facet normal 0.980783 0.1951 0
    outer loop
      vertex 114.54 5.83842 266
      vertex 114.58 5.63315 301
      vertex 114.58 5.63315 266
    endloop
  endfacet
  facet normal 0.997859 0.0653981 0
    outer loop
      vertex 114.54 5.83842 301
      vertex 114.526 6.04727 266
      vertex 114.526 6.04727 301
    endloop
  endfacet
  facet normal 0.997859 0.0653981 0
    outer loop
      vertex 114.526 6.04727 266
      vertex 114.54 5.83842 301
      vertex 114.54 5.83842 266
    endloop
  endfacet
  facet normal 0.946927 0.321448 0
    outer loop
      vertex 114.648 5.43497 301
      vertex 114.58 5.63315 266
      vertex 114.58 5.63315 301
    endloop
  endfacet
  facet normal 0.946927 0.321448 0
    outer loop
      vertex 114.58 5.63315 266
      vertex 114.648 5.43497 301
      vertex 114.648 5.43497 266
    endloop
  endfacet
  facet normal -0.659356 0.751831 0
    outer loop
      vertex 117.257 4.91589 266
      vertex 117.1 4.7779 301
      vertex 117.257 4.91589 301
    endloop
  endfacet
  facet normal -0.659356 0.751831 0
    outer loop
      vertex 117.1 4.7779 301
      vertex 117.257 4.91589 266
      vertex 117.1 4.7779 266
    endloop
  endfacet
  facet normal -0.321431 0.946933 0
    outer loop
      vertex 116.738 4.56906 266
      vertex 116.54 4.50178 301
      vertex 116.738 4.56906 301
    endloop
  endfacet
  facet normal -0.321431 0.946933 0
    outer loop
      vertex 116.54 4.50178 301
      vertex 116.738 4.56906 266
      vertex 116.54 4.50178 266
    endloop
  endfacet
  facet normal -0.896871 0.442293 0
    outer loop
      vertex 117.512 5.24727 266
      vertex 117.604 5.43497 301
      vertex 117.604 5.43497 266
    endloop
  endfacet
  facet normal -0.896871 0.442293 0
    outer loop
      vertex 117.604 5.43497 301
      vertex 117.512 5.24727 266
      vertex 117.512 5.24727 301
    endloop
  endfacet
  facet normal -0.831461 0.555583 0
    outer loop
      vertex 117.395 5.07325 266
      vertex 117.512 5.24727 301
      vertex 117.512 5.24727 266
    endloop
  endfacet
  facet normal -0.831461 0.555583 0
    outer loop
      vertex 117.512 5.24727 301
      vertex 117.395 5.07325 266
      vertex 117.395 5.07325 301
    endloop
  endfacet
  facet normal 0.0654022 0.997859 0
    outer loop
      vertex 116.126 4.44727 266.6
      vertex 116.126 4.44727 266
      vertex 116.076 4.45054 266.6
    endloop
  endfacet
  facet normal 0.0654036 0.997859 -0
    outer loop
      vertex 116.076 4.45054 266.6
      vertex 115.917 4.46095 301
      vertex 116.076 4.45054 301
    endloop
  endfacet
  facet normal 0.0654036 0.997859 0
    outer loop
      vertex 116.076 4.45054 266.6
      vertex 115.917 4.46095 266
      vertex 115.917 4.46095 301
    endloop
  endfacet
  facet normal 0.0654033 0.997859 9.16058e-008
    outer loop
      vertex 115.917 4.46095 266
      vertex 116.076 4.45054 266.6
      vertex 116.126 4.44727 266
    endloop
  endfacet
  facet normal 0.321442 0.946929 -0
    outer loop
      vertex 115.712 4.50178 266
      vertex 115.514 4.56906 301
      vertex 115.712 4.50178 301
    endloop
  endfacet
  facet normal 0.321442 0.946929 0
    outer loop
      vertex 115.514 4.56906 301
      vertex 115.712 4.50178 266
      vertex 115.514 4.56906 266
    endloop
  endfacet
  facet normal 0.195091 0.980785 -0
    outer loop
      vertex 115.917 4.46095 266
      vertex 115.712 4.50178 301
      vertex 115.917 4.46095 301
    endloop
  endfacet
  facet normal 0.195091 0.980785 0
    outer loop
      vertex 115.712 4.50178 301
      vertex 115.917 4.46095 266
      vertex 115.712 4.50178 266
    endloop
  endfacet
  facet normal 0.751843 0.659342 0
    outer loop
      vertex 114.995 4.91589 301
      vertex 114.857 5.07325 266
      vertex 114.857 5.07325 301
    endloop
  endfacet
  facet normal 0.751843 0.659342 0
    outer loop
      vertex 114.857 5.07325 266
      vertex 114.995 4.91589 301
      vertex 114.995 4.91589 266
    endloop
  endfacet
  facet normal 0.659338 0.751847 -0
    outer loop
      vertex 115.152 4.7779 266
      vertex 114.995 4.91589 301
      vertex 115.152 4.7779 301
    endloop
  endfacet
  facet normal 0.659338 0.751847 0
    outer loop
      vertex 114.995 4.91589 301
      vertex 115.152 4.7779 266
      vertex 114.995 4.91589 266
    endloop
  endfacet
  facet normal 0.555567 0.831471 -0
    outer loop
      vertex 115.326 4.66162 266
      vertex 115.152 4.7779 301
      vertex 115.326 4.66162 301
    endloop
  endfacet
  facet normal 0.555567 0.831471 0
    outer loop
      vertex 115.152 4.7779 301
      vertex 115.326 4.66162 266
      vertex 115.152 4.7779 266
    endloop
  endfacet
  facet normal 0.831461 0.555583 0
    outer loop
      vertex 114.857 5.07325 301
      vertex 114.74 5.24727 266
      vertex 114.74 5.24727 301
    endloop
  endfacet
  facet normal 0.831461 0.555583 0
    outer loop
      vertex 114.74 5.24727 266
      vertex 114.857 5.07325 301
      vertex 114.857 5.07325 266
    endloop
  endfacet
  facet normal 0.442289 0.896872 -0
    outer loop
      vertex 115.514 4.56906 266
      vertex 115.326 4.66162 301
      vertex 115.514 4.56906 301
    endloop
  endfacet
  facet normal 0.442289 0.896872 0
    outer loop
      vertex 115.326 4.66162 301
      vertex 115.514 4.56906 266
      vertex 115.326 4.66162 266
    endloop
  endfacet
  facet normal 0 -0.587642 0.809121
    outer loop
      vertex 185.188 9.28592 459.524
      vertex 188.318 6.87295 457.771
      vertex 187.988 9.28592 459.524
    endloop
  endfacet
  facet normal 0 -0.587642 0.809121
    outer loop
      vertex 188.318 6.87295 457.771
      vertex 185.188 9.28592 459.524
      vertex 184.858 6.87295 457.771
    endloop
  endfacet
  facet normal -0.993789 0.0786844 0.0786844
    outer loop
      vertex 185.188 9.28592 459.524
      vertex 184.858 12.9061 451.738
      vertex 184.858 6.87295 457.771
    endloop
  endfacet
  facet normal -0.99379 0.0786818 0.0786861
    outer loop
      vertex 184.858 12.9061 451.738
      vertex 185.188 14.4079 454.402
      vertex 184.858 13.2016 451.442
    endloop
  endfacet
  facet normal -0.993789 0.0786846 0.0786845
    outer loop
      vertex 185.188 14.4079 454.402
      vertex 184.858 12.9061 451.738
      vertex 185.188 9.28592 459.524
    endloop
  endfacet
  facet normal 0.993789 0.0786844 0.0786844
    outer loop
      vertex 188.318 12.9061 451.738
      vertex 187.988 9.28592 459.524
      vertex 188.318 6.87295 457.771
    endloop
  endfacet
  facet normal 0 0.926006 -0.37751
    outer loop
      vertex 188.318 13.2016 451.442
      vertex 185.188 14.4079 454.402
      vertex 187.988 14.4079 454.402
    endloop
  endfacet
  facet normal 0 0.926006 -0.37751
    outer loop
      vertex 185.188 14.4079 454.402
      vertex 188.318 13.2016 451.442
      vertex 184.858 13.2016 451.442
    endloop
  endfacet
  facet normal 0.99379 0.0786818 0.0786861
    outer loop
      vertex 187.988 14.4079 454.402
      vertex 188.318 12.9061 451.738
      vertex 188.318 13.2016 451.442
    endloop
  endfacet
  facet normal 0.993789 0.0786846 0.0786845
    outer loop
      vertex 188.318 12.9061 451.738
      vertex 187.988 14.4079 454.402
      vertex 187.988 9.28592 459.524
    endloop
  endfacet
  facet normal 0 0.707108 0.707106
    outer loop
      vertex 187.988 14.4079 454.402
      vertex 185.188 9.28592 459.524
      vertex 187.988 9.28592 459.524
    endloop
  endfacet
  facet normal 0 0.707108 0.707106
    outer loop
      vertex 185.188 9.28592 459.524
      vertex 187.988 14.4079 454.402
      vertex 185.188 14.4079 454.402
    endloop
  endfacet
  facet normal 0.993789 0.0786882 0.0786878
    outer loop
      vertex 227.8 14.9237 449.72
      vertex 227.47 16.2507 452.559
      vertex 227.8 10.0972 454.547
    endloop
  endfacet
  facet normal -0.993789 0.0786882 0.0786878
    outer loop
      vertex 224.34 14.9237 449.72
      vertex 224.34 10.0972 454.547
      vertex 224.67 16.2507 452.559
    endloop
  endfacet
  facet normal -0.993789 0.0786884 0.0786886
    outer loop
      vertex 224.34 10.0972 454.547
      vertex 224.67 12.1531 456.656
      vertex 224.67 16.2507 452.559
    endloop
  endfacet
  facet normal -0.993789 0.0786883 0.0786887
    outer loop
      vertex 224.67 12.1531 456.656
      vertex 224.34 10.0972 454.547
      vertex 224.34 9.86078 454.783
    endloop
  endfacet
  facet normal 0 -0.632749 0.774357
    outer loop
      vertex 224.67 12.1531 456.656
      vertex 227.8 9.86078 454.783
      vertex 227.47 12.1531 456.656
    endloop
  endfacet
  facet normal 0 -0.632749 0.774357
    outer loop
      vertex 227.8 9.86078 454.783
      vertex 224.67 12.1531 456.656
      vertex 224.34 9.86078 454.783
    endloop
  endfacet
  facet normal 0 0.905889 -0.423515
    outer loop
      vertex 227.8 14.9237 449.72
      vertex 224.67 16.2507 452.559
      vertex 227.47 16.2507 452.559
    endloop
  endfacet
  facet normal 0 0.905889 -0.423515
    outer loop
      vertex 224.67 16.2507 452.559
      vertex 227.8 14.9237 449.72
      vertex 224.34 14.9237 449.72
    endloop
  endfacet
  facet normal -0 0.707106 0.707107
    outer loop
      vertex 224.67 16.2507 452.559
      vertex 227.47 12.1531 456.656
      vertex 227.47 16.2507 452.559
    endloop
  endfacet
  facet normal 0 0.707106 0.707107
    outer loop
      vertex 227.47 12.1531 456.656
      vertex 224.67 16.2507 452.559
      vertex 224.67 12.1531 456.656
    endloop
  endfacet
  facet normal 0.993789 0.0786884 0.0786886
    outer loop
      vertex 227.47 12.1531 456.656
      vertex 227.8 10.0972 454.547
      vertex 227.47 16.2507 452.559
    endloop
  endfacet
  facet normal 0.993789 0.0786883 0.0786887
    outer loop
      vertex 227.8 10.0972 454.547
      vertex 227.47 12.1531 456.656
      vertex 227.8 9.86078 454.783
    endloop
  endfacet
endsolid OpenSCAD_Model
