solid OpenSCAD_Model
  facet normal 0.998583 0.0481595 0.0226288
    outer loop
      vertex -6.06775 223.903 226.3
      vertex -6.07631 224.081 226.3
      vertex -6.31989 225.983 233
    endloop
  endfacet
  facet normal 0.996817 0.078645 0.0130982
    outer loop
      vertex -5.91895 220.901 233
      vertex -6.06775 223.903 226.3
      vertex -6.31989 225.983 233
    endloop
  endfacet
  facet normal 0.996817 0.0786448 0.0130981
    outer loop
      vertex -6.06775 223.903 226.3
      vertex -5.91895 220.901 233
      vertex -5.67834 218.967 226.3
    endloop
  endfacet
  facet normal 0.998541 0.0476558 0.0253984
    outer loop
      vertex -7.5988 243.502 226.3
      vertex -7.63213 244.2 226.3
      vertex -7.88746 245.979 233
    endloop
  endfacet
  facet normal 0.996843 0.0781462 0.0140506
    outer loop
      vertex -6.31989 225.983 233
      vertex -7.5988 243.502 226.3
      vertex -7.88746 245.979 233
    endloop
  endfacet
  facet normal 0.996843 0.0781462 0.0140506
    outer loop
      vertex -7.5988 243.502 226.3
      vertex -6.31989 225.983 233
      vertex -6.07631 224.081 226.3
    endloop
  endfacet
  facet normal 0.998446 0.0496629 0.0252941
    outer loop
      vertex -7.88912 247.396 226.3
      vertex -7.89483 247.511 226.3
      vertex -8.15205 249.27 233
    endloop
  endfacet
  facet normal 0.996643 0.080146 0.016698
    outer loop
      vertex -7.88746 245.979 233
      vertex -7.88912 247.396 226.3
      vertex -8.15205 249.27 233
    endloop
  endfacet
  facet normal 0.996643 0.0801466 0.0166981
    outer loop
      vertex -7.88912 247.396 226.3
      vertex -7.88746 245.979 233
      vertex -7.63213 244.2 226.3
    endloop
  endfacet
  facet normal 0.998316 0.0523461 0.0250076
    outer loop
      vertex -8.15434 250.633 226.3
      vertex -8.16023 250.745 226.3
      vertex -8.41925 252.484 233
    endloop
  endfacet
  facet normal 0.996428 0.0828214 0.016512
    outer loop
      vertex -8.15205 249.27 233
      vertex -8.15434 250.633 226.3
      vertex -8.41925 252.484 233
    endloop
  endfacet
  facet normal 0.996428 0.0828209 0.0165119
    outer loop
      vertex -8.15434 250.633 226.3
      vertex -8.15205 249.27 233
      vertex -7.89483 247.511 226.3
    endloop
  endfacet
  facet normal 0.997914 0.0601822 0.0233449
    outer loop
      vertex -8.3605 253.193 224.8
      vertex -8.36808 253.319 224.8
      vertex -8.68693 255.425 233
    endloop
  endfacet
  facet normal 0.995771 0.0906429 0.0149687
    outer loop
      vertex -8.41925 252.484 233
      vertex -8.39219 253.293 226.3
      vertex -8.68693 255.425 233
    endloop
  endfacet
  facet normal 0.995771 0.0906431 0.0149688
    outer loop
      vertex -8.39219 253.293 226.3
      vertex -8.41925 252.484 233
      vertex -8.16023 250.745 226.3
    endloop
  endfacet
  facet normal 0.995771 0.0906452 0.014968
    outer loop
      vertex -8.39219 253.293 226.3
      vertex -8.3605 253.193 224.8
      vertex -8.68693 255.425 233
    endloop
  endfacet
  facet normal 0.995771 0.0906423 0.0149682
    outer loop
      vertex -8.3605 253.193 224.8
      vertex -8.39219 253.293 226.3
      vertex -8.33472 252.91 224.8
    endloop
  endfacet
  facet normal 0.99673 0.0785679 0.0188942
    outer loop
      vertex -8.62302 255.644 224.8
      vertex -8.63115 255.747 224.8
      vertex -8.95117 257.835 233
    endloop
  endfacet
  facet normal 0.993985 0.108993 0.0106549
    outer loop
      vertex -8.68693 255.425 233
      vertex -8.62302 255.644 224.8
      vertex -8.95117 257.835 233
    endloop
  endfacet
  facet normal 0.993985 0.108993 0.0106549
    outer loop
      vertex -8.62302 255.644 224.8
      vertex -8.68693 255.425 233
      vertex -8.36808 253.319 224.8
    endloop
  endfacet
  facet normal 0.995387 0.0947824 0.0148752
    outer loop
      vertex -8.78042 256.93 224.8
      vertex -8.78542 256.983 224.8
      vertex -9.10588 259.061 233
    endloop
  endfacet
  facet normal 0.992115 0.125141 0.00685575
    outer loop
      vertex -8.95117 257.835 233
      vertex -8.78042 256.93 224.8
      vertex -9.10588 259.061 233
    endloop
  endfacet
  facet normal 0.992115 0.125141 0.00685572
    outer loop
      vertex -8.78042 256.93 224.8
      vertex -8.95117 257.835 233
      vertex -8.63115 255.747 224.8
    endloop
  endfacet
  facet normal -0.999169 -0.0242752 -0.0327356
    outer loop
      vertex -8.72098 255.809 224.8
      vertex -8.71972 255.757 224.8
      vertex -9.0391 257.844 233
    endloop
  endfacet
  facet normal -0.998182 -0.054785 -0.0251231
    outer loop
      vertex -8.78542 256.983 224.8
      vertex -9.0391 257.844 233
      vertex -9.10588 259.061 233
    endloop
  endfacet
  facet normal -0.998182 -0.0547843 -0.0251231
    outer loop
      vertex -9.0391 257.844 233
      vertex -8.78542 256.983 224.8
      vertex -8.72098 255.809 224.8
    endloop
  endfacet
  facet normal -0.99918 0.00573281 -0.0400718
    outer loop
      vertex -8.72219 253.884 226.3
      vertex -8.72265 253.803 226.3
      vertex -8.98149 255.523 233
    endloop
  endfacet
  facet normal -0.999161 -0.0247927 -0.0326036
    outer loop
      vertex -8.72507 253.999 226.3
      vertex -9.0391 257.844 233
      vertex -8.71972 255.757 224.8
    endloop
  endfacet
  facet normal -0.999161 -0.0247925 -0.0326037
    outer loop
      vertex -9.0391 257.844 233
      vertex -8.72507 253.999 226.3
      vertex -8.98149 255.523 233
    endloop
  endfacet
  facet normal -0.999161 -0.0247927 -0.0326036
    outer loop
      vertex -8.72507 253.999 226.3
      vertex -8.71972 255.757 224.8
      vertex -8.66654 253.614 224.8
    endloop
  endfacet
  facet normal -0.999161 -0.0247883 -0.0326046
    outer loop
      vertex -8.98149 255.523 233
      vertex -8.72507 253.999 226.3
      vertex -8.72219 253.884 226.3
    endloop
  endfacet
  facet normal -0.998191 0.0367038 -0.0476175
    outer loop
      vertex -8.68148 250.714 224.8
      vertex -8.68587 250.594 224.8
      vertex -8.99887 252.72 233
    endloop
  endfacet
  facet normal -0.999173 0.00619878 -0.0401916
    outer loop
      vertex -8.99887 252.72 233
      vertex -8.72265 253.803 226.3
      vertex -8.72538 253.364 226.3
    endloop
  endfacet
  facet normal -0.999173 0.00619974 -0.0401914
    outer loop
      vertex -8.72265 253.803 226.3
      vertex -8.99887 252.72 233
      vertex -8.98149 255.523 233
    endloop
  endfacet
  facet normal -0.999173 0.00619967 -0.0401915
    outer loop
      vertex -8.68148 250.714 224.8
      vertex -8.72538 253.364 226.3
      vertex -8.66742 252.98 224.8
    endloop
  endfacet
  facet normal -0.999173 0.00619965 -0.0401915
    outer loop
      vertex -8.72538 253.364 226.3
      vertex -8.68148 250.714 224.8
      vertex -8.99887 252.72 233
    endloop
  endfacet
  facet normal -0.99702 0.0566674 -0.0523483
    outer loop
      vertex -8.76319 247.646 224.8
      vertex -8.77059 247.516 224.8
      vertex -9.07901 249.664 233
    endloop
  endfacet
  facet normal -0.998648 0.0261908 -0.0449093
    outer loop
      vertex -8.68587 250.594 224.8
      vertex -9.07901 249.664 233
      vertex -8.99887 252.72 233
    endloop
  endfacet
  facet normal -0.998648 0.0261906 -0.0449093
    outer loop
      vertex -9.07901 249.664 233
      vertex -8.68587 250.594 224.8
      vertex -8.76319 247.646 224.8
    endloop
  endfacet
  facet normal -0.995911 0.0711335 -0.0556842
    outer loop
      vertex -8.89458 244.475 224.8
      vertex -8.90416 244.341 224.8
      vertex -9.20752 246.513 233
    endloop
  endfacet
  facet normal -0.998008 0.0406937 -0.0482001
    outer loop
      vertex -8.77059 247.516 224.8
      vertex -9.20752 246.513 233
      vertex -9.07901 249.664 233
    endloop
  endfacet
  facet normal -0.998008 0.0406933 -0.0482001
    outer loop
      vertex -9.20752 246.513 233
      vertex -8.77059 247.516 224.8
      vertex -8.89458 244.475 224.8
    endloop
  endfacet
  facet normal -0.994894 0.0824389 -0.0582217
    outer loop
      vertex -9.06529 241.253 224.8
      vertex -9.07658 241.117 224.8
      vertex -9.37453 243.313 233
    endloop
  endfacet
  facet normal -0.997358 0.0520456 -0.0506822
    outer loop
      vertex -8.90416 244.341 224.8
      vertex -9.37453 243.313 233
      vertex -9.20752 246.513 233
    endloop
  endfacet
  facet normal -0.997358 0.0520455 -0.0506822
    outer loop
      vertex -9.37453 243.313 233
      vertex -8.90416 244.341 224.8
      vertex -9.06529 241.253 224.8
    endloop
  endfacet
  facet normal -0.99393 0.0919986 -0.060324
    outer loop
      vertex -9.26875 238.009 224.8
      vertex -9.28144 237.872 224.8
      vertex -9.5737 240.091 233
    endloop
  endfacet
  facet normal -0.996706 0.0616316 -0.0527167
    outer loop
      vertex -9.07658 241.117 224.8
      vertex -9.5737 240.091 233
      vertex -9.37453 243.313 233
    endloop
  endfacet
  facet normal -0.996706 0.0616316 -0.0527167
    outer loop
      vertex -9.5737 240.091 233
      vertex -9.07658 241.117 224.8
      vertex -9.26875 238.009 224.8
    endloop
  endfacet
  facet normal -0.992983 0.100583 -0.0621901
    outer loop
      vertex -9.501 234.759 224.8
      vertex -9.5149 234.621 224.8
      vertex -9.80128 236.864 233
    endloop
  endfacet
  facet normal -0.99604 0.0702393 -0.0545105
    outer loop
      vertex -9.28144 237.872 224.8
      vertex -9.80128 236.864 233
      vertex -9.5737 240.091 233
    endloop
  endfacet
  facet normal -0.99604 0.0702393 -0.0545105
    outer loop
      vertex -9.80128 236.864 233
      vertex -9.28144 237.872 224.8
      vertex -9.501 234.759 224.8
    endloop
  endfacet
  facet normal -0.992 0.10882 -0.0639853
    outer loop
      vertex -9.76066 231.506 224.8
      vertex -9.77573 231.368 224.8
      vertex -10.056 233.635 233
    endloop
  endfacet
  facet normal -0.995326 0.0785108 -0.0562348
    outer loop
      vertex -9.5149 234.621 224.8
      vertex -10.056 233.635 233
      vertex -9.80128 236.864 233
    endloop
  endfacet
  facet normal -0.995326 0.0785108 -0.0562348
    outer loop
      vertex -10.056 233.635 233
      vertex -9.5149 234.621 224.8
      vertex -9.76066 231.506 224.8
    endloop
  endfacet
  facet normal -0.990984 0.116753 -0.0657189
    outer loop
      vertex -10.047 228.249 224.8
      vertex -10.0632 228.111 224.8
      vertex -10.3372 230.402 233
    endloop
  endfacet
  facet normal -0.994569 0.0864871 -0.0578999
    outer loop
      vertex -9.77573 231.368 224.8
      vertex -10.3372 230.402 233
      vertex -10.056 233.635 233
    endloop
  endfacet
  facet normal -0.994569 0.0864874 -0.0578999
    outer loop
      vertex -10.3372 230.402 233
      vertex -9.77573 231.368 224.8
      vertex -10.047 228.249 224.8
    endloop
  endfacet
  facet normal -0.990012 0.123909 -0.0672591
    outer loop
      vertex -10.3581 224.982 224.8
      vertex -10.3753 224.845 224.8
      vertex -10.6428 227.159 233
    endloop
  endfacet
  facet normal -0.993833 0.0936629 -0.0593648
    outer loop
      vertex -10.0632 228.111 224.8
      vertex -10.6428 227.159 233
      vertex -10.3372 230.402 233
    endloop
  endfacet
  facet normal -0.993833 0.093663 -0.0593648
    outer loop
      vertex -10.6428 227.159 233
      vertex -10.0632 228.111 224.8
      vertex -10.3581 224.982 224.8
    endloop
  endfacet
  facet normal -0.98913 0.13009 -0.0685464
    outer loop
      vertex -10.6915 221.701 224.8
      vertex -10.7097 221.562 224.8
      vertex -10.9705 223.9 233
    endloop
  endfacet
  facet normal -0.993154 0.0998788 -0.0605802
    outer loop
      vertex -10.3753 224.845 224.8
      vertex -10.9705 223.9 233
      vertex -10.6428 227.159 233
    endloop
  endfacet
  facet normal -0.993154 0.0998791 -0.0605802
    outer loop
      vertex -10.9705 223.9 233
      vertex -10.3753 224.845 224.8
      vertex -10.6915 221.701 224.8
    endloop
  endfacet
  facet normal -0.988447 0.134737 -0.0694184
    outer loop
      vertex -11.0429 218.399 224.8
      vertex -11.0619 218.259 224.8
      vertex -11.3159 220.621 233
    endloop
  endfacet
  facet normal -0.992624 0.104547 -0.0613749
    outer loop
      vertex -10.7097 221.562 224.8
      vertex -11.3159 220.621 233
      vertex -10.9705 223.9 233
    endloop
  endfacet
  facet normal -0.992624 0.104547 -0.0613749
    outer loop
      vertex -11.3159 220.621 233
      vertex -10.7097 221.562 224.8
      vertex -11.0429 218.399 224.8
    endloop
  endfacet
  facet normal -0.988002 0.137722 -0.0698974
    outer loop
      vertex -11.3537 215.567 224.8
      vertex -11.3703 215.448 224.8
      vertex -11.6183 217.83 233
    endloop
  endfacet
  facet normal -0.992284 0.107543 -0.0617045
    outer loop
      vertex -11.0619 218.259 224.8
      vertex -11.6183 217.83 233
      vertex -11.3159 220.621 233
    endloop
  endfacet
  facet normal -0.992284 0.107543 -0.0617045
    outer loop
      vertex -11.6183 217.83 233
      vertex -11.0619 218.259 224.8
      vertex -11.3537 215.567 224.8
    endloop
  endfacet
  facet normal 0.431286 -0.862584 0.264462
    outer loop
      vertex -5.87148 218.411 224.8
      vertex -5.73385 218.94 226.3
      vertex -5.91895 220.901 233
    endloop
  endfacet
  facet normal 0.43132 -0.86257 0.264454
    outer loop
      vertex -5.73385 218.94 226.3
      vertex -5.87148 218.411 224.8
      vertex -5.67933 218.507 224.8
    endloop
  endfacet
  facet normal 0.431258 -0.862598 0.264465
    outer loop
      vertex -5.91895 220.901 233
      vertex -5.73385 218.94 226.3
      vertex -5.67834 218.967 226.3
    endloop
  endfacet
  facet normal 0.45791 -0.849895 0.260762
    outer loop
      vertex -11.3703 215.448 224.8
      vertex -5.91895 220.901 233
      vertex -11.6183 217.83 233
    endloop
  endfacet
  facet normal 0.457908 -0.849896 0.260763
    outer loop
      vertex -5.91895 220.901 233
      vertex -11.3703 215.448 224.8
      vertex -5.87148 218.411 224.8
    endloop
  endfacet
  facet normal 0.996881 0.0786423 0.0066255
    outer loop
      vertex -12.6871 288.143 453.2
      vertex -6.31989 225.983 233
      vertex -12.7091 288.422 453.2
    endloop
  endfacet
  facet normal 0.99688 0.0786501 0.00662331
    outer loop
      vertex -6.31989 225.983 233
      vertex -12.6871 288.143 453.2
      vertex -5.91895 220.901 233
    endloop
  endfacet
  facet normal 0.994031 0.109059 -0.00275011
    outer loop
      vertex -12.2731 284.37 453.2
      vertex -5.91895 220.901 233
      vertex -12.6871 288.143 453.2
    endloop
  endfacet
  facet normal 0.996902 0.0781517 0.0088364
    outer loop
      vertex -14.3304 303.268 453.2
      vertex -7.88746 245.979 233
      vertex -14.4166 304.367 453.2
    endloop
  endfacet
  facet normal 0.996902 0.0781509 0.00883662
    outer loop
      vertex -7.88746 245.979 233
      vertex -14.3304 303.268 453.2
      vertex -6.31989 225.983 233
    endloop
  endfacet
  facet normal 0.994088 0.108562 -0.00193953
    outer loop
      vertex -12.7091 288.422 453.2
      vertex -6.31989 225.983 233
      vertex -14.3304 303.268 453.2
    endloop
  endfacet
  facet normal 0.996745 0.0801557 0.00864124
    outer loop
      vertex -14.6883 306.81 453.2
      vertex -8.15205 249.27 233
      vertex -14.7028 306.99 453.2
    endloop
  endfacet
  facet normal 0.996745 0.0801542 0.00864162
    outer loop
      vertex -8.15205 249.27 233
      vertex -14.6883 306.81 453.2
      vertex -7.88746 245.979 233
    endloop
  endfacet
  facet normal 0.993869 0.11056 0.000153102
    outer loop
      vertex -14.4166 304.367 453.2
      vertex -7.88746 245.979 233
      vertex -14.6883 306.81 453.2
    endloop
  endfacet
  facet normal 0.996529 0.0828289 0.00826719
    outer loop
      vertex -14.9748 309.377 453.2
      vertex -8.41925 252.484 233
      vertex -14.9895 309.553 453.2
    endloop
  endfacet
  facet normal 0.996529 0.0828299 0.00826693
    outer loop
      vertex -8.41925 252.484 233
      vertex -14.9748 309.377 453.2
      vertex -8.15205 249.27 233
    endloop
  endfacet
  facet normal 0.993569 0.113227 -0.000122216
    outer loop
      vertex -14.7028 306.99 453.2
      vertex -8.15205 249.27 233
      vertex -14.9748 309.377 453.2
    endloop
  endfacet
  facet normal 0.995862 0.0906404 0.00652765
    outer loop
      vertex -15.2556 311.736 453.2
      vertex -8.68693 255.425 233
      vertex -15.2703 311.897 453.2
    endloop
  endfacet
  facet normal 0.995861 0.0906511 0.00652486
    outer loop
      vertex -8.68693 255.425 233
      vertex -15.2556 311.736 453.2
      vertex -8.41925 252.484 233
    endloop
  endfacet
  facet normal 0.992648 0.121024 -0.00174762
    outer loop
      vertex -14.9895 309.553 453.2
      vertex -8.41925 252.484 233
      vertex -15.2556 311.736 453.2
    endloop
  endfacet
  facet normal 0.994039 0.109002 0.00201438
    outer loop
      vertex -15.5217 313.685 453.2
      vertex -8.95117 257.835 233
      vertex -15.5362 313.817 453.2
    endloop
  endfacet
  facet normal 0.99404 0.108999 0.00201514
    outer loop
      vertex -8.95117 257.835 233
      vertex -15.5217 313.685 453.2
      vertex -8.68693 255.425 233
    endloop
  endfacet
  facet normal 0.990231 0.139304 -0.0061209
    outer loop
      vertex -15.2703 311.897 453.2
      vertex -8.68693 255.425 233
      vertex -15.5217 313.685 453.2
    endloop
  endfacet
  facet normal 0.992135 0.125154 -0.00202128
    outer loop
      vertex -15.6793 314.727 453.2
      vertex -9.10588 259.061 233
      vertex -15.6878 314.794 453.2
    endloop
  endfacet
  facet normal 0.992137 0.125143 -0.00201846
    outer loop
      vertex -9.10588 259.061 233
      vertex -15.6793 314.727 453.2
      vertex -8.95117 257.835 233
    endloop
  endfacet
  facet normal 0.987805 0.155377 -0.00996225
    outer loop
      vertex -15.5362 313.817 453.2
      vertex -8.95117 257.835 233
      vertex -15.6793 314.727 453.2
    endloop
  endfacet
  facet normal -0.998371 -0.054805 -0.0158448
    outer loop
      vertex -9.10588 259.061 233
      vertex -15.6067 313.823 453.2
      vertex -15.6104 313.89 453.2
    endloop
  endfacet
  facet normal -0.998372 -0.0547954 -0.0158472
    outer loop
      vertex -15.6067 313.823 453.2
      vertex -9.10588 259.061 233
      vertex -9.0391 257.844 233
    endloop
  endfacet
  facet normal -0.996324 -0.0852672 -0.0081994
    outer loop
      vertex -9.10588 259.061 233
      vertex -15.6104 313.89 453.2
      vertex -15.6878 314.794 453.2
    endloop
  endfacet
  facet normal -0.999422 -0.0248047 -0.023263
    outer loop
      vertex -9.0391 257.844 233
      vertex -15.5079 311.969 453.2
      vertex -15.5111 312.096 453.2
    endloop
  endfacet
  facet normal -0.999422 -0.024799 -0.0232644
    outer loop
      vertex -15.5079 311.969 453.2
      vertex -9.0391 257.844 233
      vertex -8.98149 255.523 233
    endloop
  endfacet
  facet normal -0.998345 -0.0553163 -0.015714
    outer loop
      vertex -9.0391 257.844 233
      vertex -15.5111 312.096 453.2
      vertex -15.6067 313.823 453.2
    endloop
  endfacet
  facet normal -0.999503 0.00619859 -0.0309235
    outer loop
      vertex -8.98149 255.523 233
      vertex -15.4581 309.729 453.2
      vertex -15.4571 309.883 453.2
    endloop
  endfacet
  facet normal -0.999502 0.00620179 -0.0309243
    outer loop
      vertex -15.4581 309.729 453.2
      vertex -8.98149 255.523 233
      vertex -8.99887 252.72 233
    endloop
  endfacet
  facet normal -0.99943 -0.0243285 -0.0233853
    outer loop
      vertex -8.98149 255.523 233
      vertex -15.4571 309.883 453.2
      vertex -15.5079 311.969 453.2
    endloop
  endfacet
  facet normal -0.999017 0.0261967 -0.0357712
    outer loop
      vertex -8.99887 252.72 233
      vertex -15.4526 307.285 453.2
      vertex -15.4482 307.453 453.2
    endloop
  endfacet
  facet normal -0.999016 0.0262004 -0.0357721
    outer loop
      vertex -15.4526 307.285 453.2
      vertex -8.99887 252.72 233
      vertex -9.07901 249.664 233
    endloop
  endfacet
  facet normal -0.999593 -0.00432156 -0.0282025
    outer loop
      vertex -8.99887 252.72 233
      vertex -15.4482 307.453 453.2
      vertex -15.4581 309.729 453.2
    endloop
  endfacet
  facet normal -0.998401 0.0407091 -0.0392254
    outer loop
      vertex -9.07901 249.664 233
      vertex -15.4837 304.763 453.2
      vertex -15.4766 304.936 453.2
    endloop
  endfacet
  facet normal -0.998401 0.0407097 -0.0392255
    outer loop
      vertex -15.4837 304.763 453.2
      vertex -9.07901 249.664 233
      vertex -9.20752 246.513 233
    endloop
  endfacet
  facet normal -0.999449 0.0102039 -0.0315988
    outer loop
      vertex -15.4526 307.285 453.2
      vertex -9.07901 249.664 233
      vertex -15.4766 304.936 453.2
    endloop
  endfacet
  facet normal -0.997765 0.0520662 -0.041881
    outer loop
      vertex -9.20752 246.513 233
      vertex -15.5444 302.202 453.2
      vertex -15.5352 302.378 453.2
    endloop
  endfacet
  facet normal -0.997765 0.0520669 -0.0418811
    outer loop
      vertex -15.5444 302.202 453.2
      vertex -9.20752 246.513 233
      vertex -9.37453 243.313 233
    endloop
  endfacet
  facet normal -0.999182 0.0215791 -0.0341871
    outer loop
      vertex -15.4837 304.763 453.2
      vertex -9.20752 246.513 233
      vertex -15.5352 302.378 453.2
    endloop
  endfacet
  facet normal -0.997122 0.0616645 -0.0440969
    outer loop
      vertex -9.37453 243.313 233
      vertex -15.6303 299.623 453.2
      vertex -15.6194 299.8 453.2
    endloop
  endfacet
  facet normal -0.997123 0.0616574 -0.0440951
    outer loop
      vertex -15.6303 299.623 453.2
      vertex -9.37453 243.313 233
      vertex -9.5737 240.091 233
    endloop
  endfacet
  facet normal -0.998853 0.0311872 -0.0363277
    outer loop
      vertex -15.5444 302.202 453.2
      vertex -9.37453 243.313 233
      vertex -15.6194 299.8 453.2
    endloop
  endfacet
  facet normal -0.996463 0.0702716 -0.046072
    outer loop
      vertex -9.5737 240.091 233
      vertex -15.7388 297.039 453.2
      vertex -15.7263 297.216 453.2
    endloop
  endfacet
  facet normal -0.996464 0.0702692 -0.0460714
    outer loop
      vertex -15.7388 297.039 453.2
      vertex -9.5737 240.091 233
      vertex -9.80128 236.864 233
    endloop
  endfacet
  facet normal -0.998475 0.0398192 -0.0382282
    outer loop
      vertex -15.6303 299.623 453.2
      vertex -9.5737 240.091 233
      vertex -15.7263 297.216 453.2
    endloop
  endfacet
  facet normal -0.995755 0.0785455 -0.0479799
    outer loop
      vertex -9.80128 236.864 233
      vertex -15.8689 294.452 453.2
      vertex -15.8549 294.63 453.2
    endloop
  endfacet
  facet normal -0.995755 0.0785447 -0.0479797
    outer loop
      vertex -15.8689 294.452 453.2
      vertex -9.80128 236.864 233
      vertex -10.056 233.635 233
    endloop
  endfacet
  facet normal -0.998038 0.048116 -0.04006
    outer loop
      vertex -15.7388 297.039 453.2
      vertex -9.80128 236.864 233
      vertex -15.8549 294.63 453.2
    endloop
  endfacet
  facet normal -0.995003 0.0865243 -0.049829
    outer loop
      vertex -10.056 233.635 233
      vertex -16.0201 291.862 453.2
      vertex -16.0047 292.039 453.2
    endloop
  endfacet
  facet normal -0.995003 0.0865249 -0.0498291
    outer loop
      vertex -16.0201 291.862 453.2
      vertex -10.056 233.635 233
      vertex -10.3372 230.402 233
    endloop
  endfacet
  facet normal -0.997547 0.056119 -0.0418332
    outer loop
      vertex -15.8689 294.452 453.2
      vertex -10.056 233.635 233
      vertex -16.0047 292.039 453.2
    endloop
  endfacet
  facet normal -0.994269 0.0937023 -0.0514776
    outer loop
      vertex -10.3372 230.402 233
      vertex -16.1906 289.263 453.2
      vertex -16.1738 289.441 453.2
    endloop
  endfacet
  facet normal -0.994268 0.093704 -0.051478
    outer loop
      vertex -16.1906 289.263 453.2
      vertex -10.3372 230.402 233
      vertex -10.6428 227.159 233
    endloop
  endfacet
  facet normal -0.997049 0.0633212 -0.0434055
    outer loop
      vertex -16.0201 291.862 453.2
      vertex -10.3372 230.402 233
      vertex -16.1738 289.441 453.2
    endloop
  endfacet
  facet normal -0.993587 0.0999411 -0.052882
    outer loop
      vertex -10.6428 227.159 233
      vertex -16.3784 286.651 453.2
      vertex -16.3604 286.83 453.2
    endloop
  endfacet
  facet normal -0.993589 0.0999226 -0.0528771
    outer loop
      vertex -16.3784 286.651 453.2
      vertex -10.6428 227.159 233
      vertex -10.9705 223.9 233
    endloop
  endfacet
  facet normal -0.996575 0.0695605 -0.0447268
    outer loop
      vertex -16.1906 289.263 453.2
      vertex -10.6428 227.159 233
      vertex -16.3604 286.83 453.2
    endloop
  endfacet
  facet normal -0.993057 0.104586 -0.053853
    outer loop
      vertex -10.9705 223.9 233
      vertex -16.5799 284.023 453.2
      vertex -16.5609 284.203 453.2
    endloop
  endfacet
  facet normal -0.993056 0.104592 -0.0538548
    outer loop
      vertex -16.5799 284.023 453.2
      vertex -10.9705 223.9 233
      vertex -11.3159 220.621 233
    endloop
  endfacet
  facet normal -0.996196 0.0742471 -0.0456242
    outer loop
      vertex -16.3784 286.651 453.2
      vertex -10.9705 223.9 233
      vertex -16.5609 284.203 453.2
    endloop
  endfacet
  facet normal -0.992706 0.107577 -0.0544164
    outer loop
      vertex -11.3159 220.621 233
      vertex -16.7581 281.786 453.2
      vertex -16.7415 281.939 453.2
    endloop
  endfacet
  facet normal -0.992705 0.107589 -0.0544197
    outer loop
      vertex -16.7581 281.786 453.2
      vertex -11.3159 220.621 233
      vertex -11.6183 217.83 233
    endloop
  endfacet
  facet normal -0.995947 0.0772562 -0.046053
    outer loop
      vertex -16.5799 284.023 453.2
      vertex -11.3159 220.621 233
      vertex -16.7415 281.939 453.2
    endloop
  endfacet
  facet normal 0.458236 -0.850456 0.25835
    outer loop
      vertex -11.6183 217.83 233
      vertex -12.2731 284.37 453.2
      vertex -12.5862 284.201 453.2
    endloop
  endfacet
  facet normal 0.458217 -0.850465 0.258353
    outer loop
      vertex -12.2731 284.37 453.2
      vertex -11.6183 217.83 233
      vertex -5.91895 220.901 233
    endloop
  endfacet
  facet normal 0.484499 -0.836982 0.254404
    outer loop
      vertex -11.6183 217.83 233
      vertex -12.5862 284.201 453.2
      vertex -16.7581 281.786 453.2
    endloop
  endfacet
  facet normal 0 0 1
    outer loop
      vertex -14.9895 309.553 453.2
      vertex -15.4581 309.729 453.2
      vertex -14.9748 309.377 453.2
    endloop
  endfacet
  facet normal 0 0 1
    outer loop
      vertex -15.2556 311.736 453.2
      vertex -15.5079 311.969 453.2
      vertex -15.4571 309.883 453.2
    endloop
  endfacet
  facet normal 0 0 1
    outer loop
      vertex -15.2703 311.897 453.2
      vertex -15.5111 312.096 453.2
      vertex -15.5079 311.969 453.2
    endloop
  endfacet
  facet normal 0 0 1
    outer loop
      vertex -15.5217 313.685 453.2
      vertex -15.5111 312.096 453.2
      vertex -15.2703 311.897 453.2
    endloop
  endfacet
  facet normal 0 0 1
    outer loop
      vertex -15.6067 313.823 453.2
      vertex -15.5217 313.685 453.2
      vertex -15.5362 313.817 453.2
    endloop
  endfacet
  facet normal 0 0 1
    outer loop
      vertex -15.5217 313.685 453.2
      vertex -15.6067 313.823 453.2
      vertex -15.5111 312.096 453.2
    endloop
  endfacet
  facet normal 0 0 1
    outer loop
      vertex -15.5362 313.817 453.2
      vertex -15.6104 313.89 453.2
      vertex -15.6067 313.823 453.2
    endloop
  endfacet
  facet normal 0 0 1
    outer loop
      vertex -15.6793 314.727 453.2
      vertex -15.6104 313.89 453.2
      vertex -15.5362 313.817 453.2
    endloop
  endfacet
  facet normal 0 0 1
    outer loop
      vertex -15.6104 313.89 453.2
      vertex -15.6793 314.727 453.2
      vertex -15.6878 314.794 453.2
    endloop
  endfacet
  facet normal 0 0 1
    outer loop
      vertex -12.6871 288.143 453.2
      vertex -12.5862 284.201 453.2
      vertex -12.2731 284.37 453.2
    endloop
  endfacet
  facet normal 0 0 1
    outer loop
      vertex -16.1906 289.263 453.2
      vertex -12.6871 288.143 453.2
      vertex -12.7091 288.422 453.2
    endloop
  endfacet
  facet normal -0 0 1
    outer loop
      vertex -15.7263 297.216 453.2
      vertex -12.7091 288.422 453.2
      vertex -14.3304 303.268 453.2
    endloop
  endfacet
  facet normal -0 0 1
    outer loop
      vertex -15.4766 304.936 453.2
      vertex -14.4166 304.367 453.2
      vertex -14.6883 306.81 453.2
    endloop
  endfacet
  facet normal -0 0 1
    outer loop
      vertex -15.4837 304.763 453.2
      vertex -14.4166 304.367 453.2
      vertex -15.4766 304.936 453.2
    endloop
  endfacet
  facet normal -0 0 1
    outer loop
      vertex -15.4482 307.453 453.2
      vertex -14.7028 306.99 453.2
      vertex -14.9748 309.377 453.2
    endloop
  endfacet
  facet normal -0 0 1
    outer loop
      vertex -15.4526 307.285 453.2
      vertex -14.7028 306.99 453.2
      vertex -15.4482 307.453 453.2
    endloop
  endfacet
  facet normal -0 0 1
    outer loop
      vertex -15.4571 309.883 453.2
      vertex -14.9895 309.553 453.2
      vertex -15.2556 311.736 453.2
    endloop
  endfacet
  facet normal -0 0 1
    outer loop
      vertex -15.4581 309.729 453.2
      vertex -14.9895 309.553 453.2
      vertex -15.4571 309.883 453.2
    endloop
  endfacet
  facet normal 0 0 1
    outer loop
      vertex -15.5079 311.969 453.2
      vertex -15.2556 311.736 453.2
      vertex -15.2703 311.897 453.2
    endloop
  endfacet
  facet normal 0 0 1
    outer loop
      vertex -14.7028 306.99 453.2
      vertex -15.4526 307.285 453.2
      vertex -14.6883 306.81 453.2
    endloop
  endfacet
  facet normal 0 0 1
    outer loop
      vertex -14.6883 306.81 453.2
      vertex -15.4526 307.285 453.2
      vertex -15.4766 304.936 453.2
    endloop
  endfacet
  facet normal 0 0 1
    outer loop
      vertex -14.4166 304.367 453.2
      vertex -15.4837 304.763 453.2
      vertex -14.3304 303.268 453.2
    endloop
  endfacet
  facet normal 0 0 1
    outer loop
      vertex -14.3304 303.268 453.2
      vertex -15.4837 304.763 453.2
      vertex -15.5352 302.378 453.2
    endloop
  endfacet
  facet normal 0 0 1
    outer loop
      vertex -14.3304 303.268 453.2
      vertex -15.5352 302.378 453.2
      vertex -15.5444 302.202 453.2
    endloop
  endfacet
  facet normal 0 0 1
    outer loop
      vertex -14.3304 303.268 453.2
      vertex -15.5444 302.202 453.2
      vertex -15.6194 299.8 453.2
    endloop
  endfacet
  facet normal 0 0 1
    outer loop
      vertex -15.6303 299.623 453.2
      vertex -14.3304 303.268 453.2
      vertex -15.6194 299.8 453.2
    endloop
  endfacet
  facet normal 0 0 1
    outer loop
      vertex -15.7263 297.216 453.2
      vertex -14.3304 303.268 453.2
      vertex -15.6303 299.623 453.2
    endloop
  endfacet
  facet normal -0 0 1
    outer loop
      vertex -15.7388 297.039 453.2
      vertex -12.7091 288.422 453.2
      vertex -15.7263 297.216 453.2
    endloop
  endfacet
  facet normal -0 0 1
    outer loop
      vertex -15.8549 294.63 453.2
      vertex -12.7091 288.422 453.2
      vertex -15.7388 297.039 453.2
    endloop
  endfacet
  facet normal -0 0 1
    outer loop
      vertex -15.8689 294.452 453.2
      vertex -12.7091 288.422 453.2
      vertex -15.8549 294.63 453.2
    endloop
  endfacet
  facet normal -0 0 1
    outer loop
      vertex -16.0047 292.039 453.2
      vertex -12.7091 288.422 453.2
      vertex -15.8689 294.452 453.2
    endloop
  endfacet
  facet normal -0 0 1
    outer loop
      vertex -16.0201 291.862 453.2
      vertex -12.7091 288.422 453.2
      vertex -16.0047 292.039 453.2
    endloop
  endfacet
  facet normal -0 0 1
    outer loop
      vertex -16.1738 289.441 453.2
      vertex -12.7091 288.422 453.2
      vertex -16.0201 291.862 453.2
    endloop
  endfacet
  facet normal -0 0 1
    outer loop
      vertex -16.1906 289.263 453.2
      vertex -12.7091 288.422 453.2
      vertex -16.1738 289.441 453.2
    endloop
  endfacet
  facet normal 0 0 1
    outer loop
      vertex -12.6871 288.143 453.2
      vertex -16.1906 289.263 453.2
      vertex -16.3604 286.83 453.2
    endloop
  endfacet
  facet normal 0 0 1
    outer loop
      vertex -12.6871 288.143 453.2
      vertex -16.3604 286.83 453.2
      vertex -16.3784 286.651 453.2
    endloop
  endfacet
  facet normal 0 0 1
    outer loop
      vertex -12.6871 288.143 453.2
      vertex -16.3784 286.651 453.2
      vertex -12.5862 284.201 453.2
    endloop
  endfacet
  facet normal -0 0 1
    outer loop
      vertex -16.5609 284.203 453.2
      vertex -12.5862 284.201 453.2
      vertex -16.3784 286.651 453.2
    endloop
  endfacet
  facet normal 0 0 1
    outer loop
      vertex -16.5799 284.023 453.2
      vertex -12.5862 284.201 453.2
      vertex -16.5609 284.203 453.2
    endloop
  endfacet
  facet normal 0 0 1
    outer loop
      vertex -16.7415 281.939 453.2
      vertex -12.5862 284.201 453.2
      vertex -16.5799 284.023 453.2
    endloop
  endfacet
  facet normal 0 0 1
    outer loop
      vertex -12.5862 284.201 453.2
      vertex -16.7415 281.939 453.2
      vertex -16.7581 281.786 453.2
    endloop
  endfacet
  facet normal 0 0 1
    outer loop
      vertex -14.9748 309.377 453.2
      vertex -15.4581 309.729 453.2
      vertex -15.4482 307.453 453.2
    endloop
  endfacet
  facet normal 0 0 -1
    outer loop
      vertex -8.62302 255.644 224.8
      vertex -8.71972 255.757 224.8
      vertex -8.63115 255.747 224.8
    endloop
  endfacet
  facet normal 0 0 -1
    outer loop
      vertex -8.72098 255.809 224.8
      vertex -8.63115 255.747 224.8
      vertex -8.71972 255.757 224.8
    endloop
  endfacet
  facet normal 0 0 -1
    outer loop
      vertex -8.72098 255.809 224.8
      vertex -8.78042 256.93 224.8
      vertex -8.63115 255.747 224.8
    endloop
  endfacet
  facet normal -0 -0 -1
    outer loop
      vertex -8.78042 256.93 224.8
      vertex -8.72098 255.809 224.8
      vertex -8.78542 256.983 224.8
    endloop
  endfacet
  facet normal -0 0 -1
    outer loop
      vertex -8.66654 253.614 224.8
      vertex -8.66742 252.98 224.8
      vertex -8.68819 253.659 224.8
    endloop
  endfacet
  facet normal 0 0 -1
    outer loop
      vertex 12.2703 219.132 224.8
      vertex 9.7792 219.275 224.8
      vertex 9.77927 219.277 224.8
    endloop
  endfacet
  facet normal 0 0 -1
    outer loop
      vertex 10.0594 216.12 224.8
      vertex 9.77915 219.225 224.8
      vertex 9.7792 219.275 224.8
    endloop
  endfacet
  facet normal 0 0 -1
    outer loop
      vertex 10.0594 216.12 224.8
      vertex 9.77576 219.173 224.8
      vertex 9.77915 219.225 224.8
    endloop
  endfacet
  facet normal 0 0 -1
    outer loop
      vertex 9.77915 219.225 224.8
      vertex 9.77576 219.173 224.8
      vertex 9.77894 219.222 224.8
    endloop
  endfacet
  facet normal 0 0 -1
    outer loop
      vertex 10.0594 216.12 224.8
      vertex 9.7691 219.121 224.8
      vertex 9.77576 219.173 224.8
    endloop
  endfacet
  facet normal 0 0 -1
    outer loop
      vertex 9.77576 219.173 224.8
      vertex 9.7691 219.121 224.8
      vertex 9.77541 219.17 224.8
    endloop
  endfacet
  facet normal 0 0 -1
    outer loop
      vertex 10.0594 216.12 224.8
      vertex 9.75921 219.069 224.8
      vertex 9.7691 219.121 224.8
    endloop
  endfacet
  facet normal 0 0 -1
    outer loop
      vertex 9.7691 219.121 224.8
      vertex 9.75921 219.069 224.8
      vertex 9.76862 219.119 224.8
    endloop
  endfacet
  facet normal 0 0 -1
    outer loop
      vertex 10.0594 216.12 224.8
      vertex 9.74611 219.019 224.8
      vertex 9.75921 219.069 224.8
    endloop
  endfacet
  facet normal 0 0 -1
    outer loop
      vertex 9.75921 219.069 224.8
      vertex 9.74611 219.019 224.8
      vertex 9.7586 219.067 224.8
    endloop
  endfacet
  facet normal 0 0 -1
    outer loop
      vertex 10.0594 216.12 224.8
      vertex 9.72987 218.969 224.8
      vertex 9.74611 219.019 224.8
    endloop
  endfacet
  facet normal 0 0 -1
    outer loop
      vertex 9.74611 219.019 224.8
      vertex 9.72987 218.969 224.8
      vertex 9.74536 219.017 224.8
    endloop
  endfacet
  facet normal 0 0 -1
    outer loop
      vertex 10.0594 216.12 224.8
      vertex 9.71054 218.921 224.8
      vertex 9.72987 218.969 224.8
    endloop
  endfacet
  facet normal 0 0 -1
    outer loop
      vertex 9.72987 218.969 224.8
      vertex 9.71054 218.921 224.8
      vertex 9.72899 218.967 224.8
    endloop
  endfacet
  facet normal 0 0 -1
    outer loop
      vertex 10.0594 216.12 224.8
      vertex 9.68821 218.874 224.8
      vertex 9.71054 218.921 224.8
    endloop
  endfacet
  facet normal 0 0 -1
    outer loop
      vertex 9.71054 218.921 224.8
      vertex 9.68821 218.874 224.8
      vertex 9.70954 218.919 224.8
    endloop
  endfacet
  facet normal 0 0 -1
    outer loop
      vertex 10.0594 216.12 224.8
      vertex 9.66295 218.828 224.8
      vertex 9.68821 218.874 224.8
    endloop
  endfacet
  facet normal 0 0 -1
    outer loop
      vertex 9.65794 216.005 224.8
      vertex 9.86045 216.056 224.8
      vertex 9.66667 216.006 224.8
    endloop
  endfacet
  facet normal 0 0 -1
    outer loop
      vertex 9.68821 218.874 224.8
      vertex 9.66295 218.828 224.8
      vertex 9.68708 218.872 224.8
    endloop
  endfacet
  facet normal 0 0 -1
    outer loop
      vertex 10.0594 216.12 224.8
      vertex 9.63488 218.784 224.8
      vertex 9.66295 218.828 224.8
    endloop
  endfacet
  facet normal -0 0 -1
    outer loop
      vertex 9.86045 216.056 224.8
      vertex 9.65794 216.005 224.8
      vertex 9.17863 218.454 224.8
    endloop
  endfacet
  facet normal 0 0 -1
    outer loop
      vertex 9.66295 218.828 224.8
      vertex 9.63488 218.784 224.8
      vertex 9.66171 218.826 224.8
    endloop
  endfacet
  facet normal 0 0 -1
    outer loop
      vertex 10.0594 216.12 224.8
      vertex 9.6041 218.742 224.8
      vertex 9.63488 218.784 224.8
    endloop
  endfacet
  facet normal 0 0 -1
    outer loop
      vertex 9.63488 218.784 224.8
      vertex 9.6041 218.742 224.8
      vertex 9.63353 218.782 224.8
    endloop
  endfacet
  facet normal 0 0 -1
    outer loop
      vertex 10.0594 216.12 224.8
      vertex 9.57073 218.702 224.8
      vertex 9.6041 218.742 224.8
    endloop
  endfacet
  facet normal 0 0 -1
    outer loop
      vertex 9.6041 218.742 224.8
      vertex 9.57073 218.702 224.8
      vertex 9.60264 218.74 224.8
    endloop
  endfacet
  facet normal 0 0 -1
    outer loop
      vertex 10.0594 216.12 224.8
      vertex 9.53491 218.664 224.8
      vertex 9.57073 218.702 224.8
    endloop
  endfacet
  facet normal 0 0 -1
    outer loop
      vertex 9.57073 218.702 224.8
      vertex 9.53491 218.664 224.8
      vertex 9.56917 218.7 224.8
    endloop
  endfacet
  facet normal 0 0 -1
    outer loop
      vertex 10.0594 216.12 224.8
      vertex 9.49677 218.628 224.8
      vertex 9.53491 218.664 224.8
    endloop
  endfacet
  facet normal 0 0 -1
    outer loop
      vertex 9.53491 218.664 224.8
      vertex 9.49677 218.628 224.8
      vertex 9.53325 218.662 224.8
    endloop
  endfacet
  facet normal 0 0 -1
    outer loop
      vertex 10.0594 216.12 224.8
      vertex 9.45647 218.595 224.8
      vertex 9.49677 218.628 224.8
    endloop
  endfacet
  facet normal 0 0 -1
    outer loop
      vertex 9.12803 218.441 224.8
      vertex 9.65794 216.005 224.8
      vertex 9.46144 215.968 224.8
    endloop
  endfacet
  facet normal 0 0 -1
    outer loop
      vertex 9.49677 218.628 224.8
      vertex 9.45647 218.595 224.8
      vertex 9.49502 218.627 224.8
    endloop
  endfacet
  facet normal 0 0 -1
    outer loop
      vertex 10.0594 216.12 224.8
      vertex 9.41415 218.564 224.8
      vertex 9.45647 218.595 224.8
    endloop
  endfacet
  facet normal 0 0 -1
    outer loop
      vertex 9.12803 218.441 224.8
      vertex 9.46144 215.968 224.8
      vertex 9.45264 215.967 224.8
    endloop
  endfacet
  facet normal 0 0 -1
    outer loop
      vertex 9.45647 218.595 224.8
      vertex 9.41415 218.564 224.8
      vertex 9.45464 218.593 224.8
    endloop
  endfacet
  facet normal 0 0 -1
    outer loop
      vertex 10.0594 216.12 224.8
      vertex 9.37001 218.536 224.8
      vertex 9.41415 218.564 224.8
    endloop
  endfacet
  facet normal 0 0 -1
    outer loop
      vertex 9.41415 218.564 224.8
      vertex 9.37001 218.536 224.8
      vertex 9.41225 218.563 224.8
    endloop
  endfacet
  facet normal 0 0 -1
    outer loop
      vertex 10.0594 216.12 224.8
      vertex 9.32419 218.511 224.8
      vertex 9.37001 218.536 224.8
    endloop
  endfacet
  facet normal 0 0 -1
    outer loop
      vertex 9.37001 218.536 224.8
      vertex 9.32419 218.511 224.8
      vertex 9.36804 218.535 224.8
    endloop
  endfacet
  facet normal 0 0 -1
    outer loop
      vertex 10.0594 216.12 224.8
      vertex 9.27691 218.489 224.8
      vertex 9.32419 218.511 224.8
    endloop
  endfacet
  facet normal 0 0 -1
    outer loop
      vertex 9.32419 218.511 224.8
      vertex 9.27691 218.489 224.8
      vertex 9.32217 218.51 224.8
    endloop
  endfacet
  facet normal 0 0 -1
    outer loop
      vertex 10.0594 216.12 224.8
      vertex 9.22832 218.47 224.8
      vertex 9.27691 218.489 224.8
    endloop
  endfacet
  facet normal 0 0 -1
    outer loop
      vertex 9.24534 215.942 224.8
      vertex 9.45264 215.967 224.8
      vertex 9.25418 215.942 224.8
    endloop
  endfacet
  facet normal -0 0 -1
    outer loop
      vertex 9.45264 215.967 224.8
      vertex 9.24534 215.942 224.8
      vertex 9.07671 218.431 224.8
    endloop
  endfacet
  facet normal 0 0 -1
    outer loop
      vertex 9.27691 218.489 224.8
      vertex 9.22832 218.47 224.8
      vertex 9.27483 218.488 224.8
    endloop
  endfacet
  facet normal 0 0 -1
    outer loop
      vertex 9.86045 216.056 224.8
      vertex 9.17863 218.454 224.8
      vertex 9.22832 218.47 224.8
    endloop
  endfacet
  facet normal 0 0 -1
    outer loop
      vertex 9.22832 218.47 224.8
      vertex 9.17863 218.454 224.8
      vertex 9.22619 218.469 224.8
    endloop
  endfacet
  facet normal 0 0 -1
    outer loop
      vertex 9.65794 216.005 224.8
      vertex 9.12803 218.441 224.8
      vertex 9.17863 218.454 224.8
    endloop
  endfacet
  facet normal 0 0 -1
    outer loop
      vertex 9.17863 218.454 224.8
      vertex 9.12803 218.441 224.8
      vertex 9.17647 218.453 224.8
    endloop
  endfacet
  facet normal 0 0 -1
    outer loop
      vertex 9.45264 215.967 224.8
      vertex 9.12584 218.441 224.8
      vertex 9.12803 218.441 224.8
    endloop
  endfacet
  facet normal 0 0 -1
    outer loop
      vertex 9.45264 215.967 224.8
      vertex 9.07671 218.431 224.8
      vertex 9.12584 218.441 224.8
    endloop
  endfacet
  facet normal 0 0 -1
    outer loop
      vertex 9.24534 215.942 224.8
      vertex 9.07451 218.431 224.8
      vertex 9.07671 218.431 224.8
    endloop
  endfacet
  facet normal 0 0 -1
    outer loop
      vertex 9.02491 218.425 224.8
      vertex 9.24534 215.942 224.8
      vertex 9.04571 215.929 224.8
    endloop
  endfacet
  facet normal 0 0 -1
    outer loop
      vertex 9.02491 218.425 224.8
      vertex 9.04571 215.929 224.8
      vertex 9.03687 215.93 224.8
    endloop
  endfacet
  facet normal 0 0 -1
    outer loop
      vertex 9.24534 215.942 224.8
      vertex 9.02491 218.425 224.8
      vertex 9.07451 218.431 224.8
    endloop
  endfacet
  facet normal 0 0 -1
    outer loop
      vertex 9.03687 215.93 224.8
      vertex 9.0227 218.425 224.8
      vertex 9.02491 218.425 224.8
    endloop
  endfacet
  facet normal 0 0 -1
    outer loop
      vertex 9.03687 215.93 224.8
      vertex 8.97279 218.422 224.8
      vertex 9.0227 218.425 224.8
    endloop
  endfacet
  facet normal 0 0 -1
    outer loop
      vertex 8.92056 218.422 224.8
      vertex 8.97279 218.422 224.8
      vertex 9.03687 215.93 224.8
    endloop
  endfacet
  facet normal 0 0 -1
    outer loop
      vertex 8.97279 218.422 224.8
      vertex 8.92056 218.422 224.8
      vertex 8.97058 218.422 224.8
    endloop
  endfacet
  facet normal 0 0 -1
    outer loop
      vertex 8.82804 215.931 224.8
      vertex 8.92056 218.422 224.8
      vertex 9.03687 215.93 224.8
    endloop
  endfacet
  facet normal 0 -0 -1
    outer loop
      vertex 8.86847 218.425 224.8
      vertex 8.92056 218.422 224.8
      vertex 8.82804 215.931 224.8
    endloop
  endfacet
  facet normal 0 0 -1
    outer loop
      vertex 8.92056 218.422 224.8
      vertex 8.86847 218.425 224.8
      vertex 8.91836 218.422 224.8
    endloop
  endfacet
  facet normal 0 0 -1
    outer loop
      vertex 8.82804 215.931 224.8
      vertex 9.03687 215.93 224.8
      vertex 8.83685 215.93 224.8
    endloop
  endfacet
  facet normal 0 0 -1
    outer loop
      vertex 8.6197 215.945 224.8
      vertex 8.86847 218.425 224.8
      vertex 8.82804 215.931 224.8
    endloop
  endfacet
  facet normal 0 -0 -1
    outer loop
      vertex 8.81667 218.432 224.8
      vertex 8.86847 218.425 224.8
      vertex 8.6197 215.945 224.8
    endloop
  endfacet
  facet normal 0 0 -1
    outer loop
      vertex 8.86847 218.425 224.8
      vertex 8.81667 218.432 224.8
      vertex 8.86629 218.426 224.8
    endloop
  endfacet
  facet normal 0 0 -1
    outer loop
      vertex 8.41266 215.972 224.8
      vertex 8.81667 218.432 224.8
      vertex 8.6197 215.945 224.8
    endloop
  endfacet
  facet normal -0 0 -1
    outer loop
      vertex 8.81667 218.432 224.8
      vertex 8.41266 215.972 224.8
      vertex 8.81452 218.432 224.8
    endloop
  endfacet
  facet normal -0 0 -1
    outer loop
      vertex 8.81452 218.432 224.8
      vertex 8.41266 215.972 224.8
      vertex 8.76541 218.442 224.8
    endloop
  endfacet
  facet normal 0 0 -1
    outer loop
      vertex 8.20772 216.012 224.8
      vertex 8.76541 218.442 224.8
      vertex 8.41266 215.972 224.8
    endloop
  endfacet
  facet normal -0 0 -1
    outer loop
      vertex 8.76541 218.442 224.8
      vertex 8.20772 216.012 224.8
      vertex 8.76328 218.442 224.8
    endloop
  endfacet
  facet normal -0 0 -1
    outer loop
      vertex 8.76328 218.442 224.8
      vertex 8.20772 216.012 224.8
      vertex 8.71487 218.455 224.8
    endloop
  endfacet
  facet normal 0 0 -1
    outer loop
      vertex 8.6197 215.945 224.8
      vertex 8.82804 215.931 224.8
      vertex 8.62844 215.943 224.8
    endloop
  endfacet
  facet normal 0 0 -1
    outer loop
      vertex 8.00572 216.065 224.8
      vertex 8.71487 218.455 224.8
      vertex 8.20772 216.012 224.8
    endloop
  endfacet
  facet normal -0 0 -1
    outer loop
      vertex 8.71487 218.455 224.8
      vertex 8.00572 216.065 224.8
      vertex 8.71279 218.456 224.8
    endloop
  endfacet
  facet normal -0 0 -1
    outer loop
      vertex 8.71279 218.456 224.8
      vertex 8.00572 216.065 224.8
      vertex 8.66524 218.471 224.8
    endloop
  endfacet
  facet normal 0 0 -1
    outer loop
      vertex 7.81226 216.128 224.8
      vertex 8.66524 218.471 224.8
      vertex 8.00572 216.065 224.8
    endloop
  endfacet
  facet normal 0 0 -1
    outer loop
      vertex 7.73705 216.158 224.8
      vertex 8.66524 218.471 224.8
      vertex 7.81226 216.128 224.8
    endloop
  endfacet
  facet normal 0 -0 -1
    outer loop
      vertex 8.61674 218.49 224.8
      vertex 8.66524 218.471 224.8
      vertex 7.73705 216.158 224.8
    endloop
  endfacet
  facet normal 0 0 -1
    outer loop
      vertex 8.66524 218.471 224.8
      vertex 8.61674 218.49 224.8
      vertex 8.66321 218.472 224.8
    endloop
  endfacet
  facet normal -0 0 -1
    outer loop
      vertex 8.61674 218.49 224.8
      vertex 7.73705 216.158 224.8
      vertex 8.61477 218.491 224.8
    endloop
  endfacet
  facet normal -0 0 -1
    outer loop
      vertex 8.61477 218.491 224.8
      vertex 7.73705 216.158 224.8
      vertex 8.56954 218.513 224.8
    endloop
  endfacet
  facet normal 0 -0 -1
    outer loop
      vertex 8.52384 218.538 224.8
      vertex 8.56954 218.513 224.8
      vertex 7.73705 216.158 224.8
    endloop
  endfacet
  facet normal 0 0 -1
    outer loop
      vertex 8.56954 218.513 224.8
      vertex 8.52384 218.538 224.8
      vertex 8.56763 218.514 224.8
    endloop
  endfacet
  facet normal 0 0 -1
    outer loop
      vertex 8.41266 215.972 224.8
      vertex 8.6197 215.945 224.8
      vertex 8.42129 215.97 224.8
    endloop
  endfacet
  facet normal 0 -0 -1
    outer loop
      vertex 8.47981 218.566 224.8
      vertex 8.52384 218.538 224.8
      vertex 7.73705 216.158 224.8
    endloop
  endfacet
  facet normal 0 0 -1
    outer loop
      vertex 8.52384 218.538 224.8
      vertex 8.47981 218.566 224.8
      vertex 8.52202 218.539 224.8
    endloop
  endfacet
  facet normal 0 -0 -1
    outer loop
      vertex 8.43764 218.597 224.8
      vertex 8.47981 218.566 224.8
      vertex 7.73705 216.158 224.8
    endloop
  endfacet
  facet normal 0 0 -1
    outer loop
      vertex 8.47981 218.566 224.8
      vertex 8.43764 218.597 224.8
      vertex 8.47806 218.567 224.8
    endloop
  endfacet
  facet normal 0 0 -1
    outer loop
      vertex 7.08829 216.291 224.8
      vertex 8.43764 218.597 224.8
      vertex 7.73705 216.158 224.8
    endloop
  endfacet
  facet normal 0 -0 -1
    outer loop
      vertex 8.39748 218.63 224.8
      vertex 8.43764 218.597 224.8
      vertex 7.08829 216.291 224.8
    endloop
  endfacet
  facet normal 0 0 -1
    outer loop
      vertex 8.43764 218.597 224.8
      vertex 8.39748 218.63 224.8
      vertex 8.43598 218.598 224.8
    endloop
  endfacet
  facet normal 0 -0 -1
    outer loop
      vertex 8.3595 218.666 224.8
      vertex 8.39748 218.63 224.8
      vertex 7.08829 216.291 224.8
    endloop
  endfacet
  facet normal 0 0 -1
    outer loop
      vertex 8.39748 218.63 224.8
      vertex 8.3595 218.666 224.8
      vertex 8.39592 218.632 224.8
    endloop
  endfacet
  facet normal 0 -0 -1
    outer loop
      vertex 8.32383 218.704 224.8
      vertex 8.3595 218.666 224.8
      vertex 7.08829 216.291 224.8
    endloop
  endfacet
  facet normal 0 0 -1
    outer loop
      vertex 8.3595 218.666 224.8
      vertex 8.32383 218.704 224.8
      vertex 8.35804 218.668 224.8
    endloop
  endfacet
  facet normal 0 -0 -1
    outer loop
      vertex 8.29064 218.745 224.8
      vertex 8.32383 218.704 224.8
      vertex 7.08829 216.291 224.8
    endloop
  endfacet
  facet normal 0 0 -1
    outer loop
      vertex 8.32383 218.704 224.8
      vertex 8.29064 218.745 224.8
      vertex 8.32248 218.706 224.8
    endloop
  endfacet
  facet normal 0 0 -1
    outer loop
      vertex 8.20772 216.012 224.8
      vertex 8.41266 215.972 224.8
      vertex 8.21622 216.01 224.8
    endloop
  endfacet
  facet normal 0 -0 -1
    outer loop
      vertex 8.26005 218.787 224.8
      vertex 8.29064 218.745 224.8
      vertex 7.08829 216.291 224.8
    endloop
  endfacet
  facet normal 0 0 -1
    outer loop
      vertex 8.29064 218.745 224.8
      vertex 8.26005 218.787 224.8
      vertex 8.2894 218.746 224.8
    endloop
  endfacet
  facet normal 0 -0 -1
    outer loop
      vertex 8.23216 218.831 224.8
      vertex 8.26005 218.787 224.8
      vertex 7.08829 216.291 224.8
    endloop
  endfacet
  facet normal 0 0 -1
    outer loop
      vertex 8.26005 218.787 224.8
      vertex 8.23216 218.831 224.8
      vertex 8.25892 218.789 224.8
    endloop
  endfacet
  facet normal 0 -0 -1
    outer loop
      vertex 8.20711 218.877 224.8
      vertex 8.23216 218.831 224.8
      vertex 7.08829 216.291 224.8
    endloop
  endfacet
  facet normal 0 0 -1
    outer loop
      vertex 8.23216 218.831 224.8
      vertex 8.20711 218.877 224.8
      vertex 8.23116 218.833 224.8
    endloop
  endfacet
  facet normal 0 -0 -1
    outer loop
      vertex 8.18498 218.924 224.8
      vertex 8.20711 218.877 224.8
      vertex 7.08829 216.291 224.8
    endloop
  endfacet
  facet normal 0 0 -1
    outer loop
      vertex 8.20711 218.877 224.8
      vertex 8.18498 218.924 224.8
      vertex 8.20623 218.879 224.8
    endloop
  endfacet
  facet normal 0 -0 -1
    outer loop
      vertex 8.16586 218.973 224.8
      vertex 8.18498 218.924 224.8
      vertex 7.08829 216.291 224.8
    endloop
  endfacet
  facet normal 0 0 -1
    outer loop
      vertex 8.18498 218.924 224.8
      vertex 8.16586 218.973 224.8
      vertex 8.18423 218.926 224.8
    endloop
  endfacet
  facet normal 0 -0 -1
    outer loop
      vertex 8.14983 219.022 224.8
      vertex 8.16586 218.973 224.8
      vertex 7.08829 216.291 224.8
    endloop
  endfacet
  facet normal 0 0 -1
    outer loop
      vertex 8.16586 218.973 224.8
      vertex 8.14983 219.022 224.8
      vertex 8.16524 218.975 224.8
    endloop
  endfacet
  facet normal 0 -0 -1
    outer loop
      vertex 8.13695 219.073 224.8
      vertex 8.14983 219.022 224.8
      vertex 7.08829 216.291 224.8
    endloop
  endfacet
  facet normal 0 0 -1
    outer loop
      vertex 8.14983 219.022 224.8
      vertex 8.13695 219.073 224.8
      vertex 8.14934 219.025 224.8
    endloop
  endfacet
  facet normal 0 -0 -1
    outer loop
      vertex 8.12728 219.124 224.8
      vertex 8.13695 219.073 224.8
      vertex 7.08829 216.291 224.8
    endloop
  endfacet
  facet normal 0 0 -1
    outer loop
      vertex 8.13695 219.073 224.8
      vertex 8.12728 219.124 224.8
      vertex 8.13661 219.075 224.8
    endloop
  endfacet
  facet normal 0 0 -1
    outer loop
      vertex 8.00572 216.065 224.8
      vertex 8.20772 216.012 224.8
      vertex 8.01404 216.062 224.8
    endloop
  endfacet
  facet normal 0 0 -1
    outer loop
      vertex 12.2703 219.132 224.8
      vertex 12.2714 219.341 224.8
      vertex 12.2712 219.141 224.8
    endloop
  endfacet
  facet normal 0 0 -1
    outer loop
      vertex 12.2714 219.341 224.8
      vertex 12.2592 219.549 224.8
      vertex 12.2716 219.35 224.8
    endloop
  endfacet
  facet normal 0 0 -1
    outer loop
      vertex 9.77927 219.277 224.8
      vertex 12.2714 219.341 224.8
      vertex 12.2703 219.132 224.8
    endloop
  endfacet
  facet normal -0 0 -1
    outer loop
      vertex 12.2714 219.341 224.8
      vertex 9.77927 219.277 224.8
      vertex 12.2592 219.549 224.8
    endloop
  endfacet
  facet normal 0 0 -1
    outer loop
      vertex 9.7792 219.275 224.8
      vertex 12.2703 219.132 224.8
      vertex 12.2576 218.932 224.8
    endloop
  endfacet
  facet normal 0 0 -1
    outer loop
      vertex 9.7792 219.275 224.8
      vertex 12.2576 218.932 224.8
      vertex 12.2562 218.924 224.8
    endloop
  endfacet
  facet normal 0 0 -1
    outer loop
      vertex 9.77609 219.329 224.8
      vertex 12.2592 219.549 224.8
      vertex 9.77927 219.277 224.8
    endloop
  endfacet
  facet normal -0 0 -1
    outer loop
      vertex 12.2592 219.549 224.8
      vertex 9.77609 219.329 224.8
      vertex 12.259 219.558 224.8
    endloop
  endfacet
  facet normal 0 0 -1
    outer loop
      vertex 9.7792 219.275 224.8
      vertex 12.2562 218.924 224.8
      vertex 12.231 218.725 224.8
    endloop
  endfacet
  facet normal 0 0 -1
    outer loop
      vertex 9.7792 219.275 224.8
      vertex 12.231 218.725 224.8
      vertex 12.229 218.717 224.8
    endloop
  endfacet
  facet normal -0 0 -1
    outer loop
      vertex 12.259 219.558 224.8
      vertex 9.77609 219.329 224.8
      vertex 12.2341 219.757 224.8
    endloop
  endfacet
  facet normal 0 0 -1
    outer loop
      vertex 9.76967 219.381 224.8
      vertex 12.2341 219.757 224.8
      vertex 9.77609 219.329 224.8
    endloop
  endfacet
  facet normal 0 0 -1
    outer loop
      vertex 12.1889 218.512 224.8
      vertex 12.229 218.717 224.8
      vertex 12.1914 218.52 224.8
    endloop
  endfacet
  facet normal 0 0 -1
    outer loop
      vertex 9.7792 219.275 224.8
      vertex 12.229 218.717 224.8
      vertex 12.1889 218.512 224.8
    endloop
  endfacet
  facet normal -0 0 -1
    outer loop
      vertex 12.2341 219.757 224.8
      vertex 9.76967 219.381 224.8
      vertex 12.2332 219.765 224.8
    endloop
  endfacet
  facet normal -0 0 -1
    outer loop
      vertex 12.2332 219.765 224.8
      vertex 9.76967 219.381 224.8
      vertex 12.1959 219.962 224.8
    endloop
  endfacet
  facet normal 0 0 -1
    outer loop
      vertex 12.136 218.31 224.8
      vertex 12.1889 218.512 224.8
      vertex 12.139 218.318 224.8
    endloop
  endfacet
  facet normal 0 0 -1
    outer loop
      vertex 9.7792 219.275 224.8
      vertex 12.1889 218.512 224.8
      vertex 12.136 218.31 224.8
    endloop
  endfacet
  facet normal 0 0 -1
    outer loop
      vertex 9.76 219.432 224.8
      vertex 12.1959 219.962 224.8
      vertex 9.76967 219.381 224.8
    endloop
  endfacet
  facet normal -0 0 -1
    outer loop
      vertex 12.1959 219.962 224.8
      vertex 9.76 219.432 224.8
      vertex 12.1945 219.971 224.8
    endloop
  endfacet
  facet normal 0 0 -1
    outer loop
      vertex 12.0705 218.111 224.8
      vertex 12.136 218.31 224.8
      vertex 12.0741 218.12 224.8
    endloop
  endfacet
  facet normal 0 0 -1
    outer loop
      vertex 9.7792 219.275 224.8
      vertex 12.136 218.31 224.8
      vertex 12.0705 218.111 224.8
    endloop
  endfacet
  facet normal -0 0 -1
    outer loop
      vertex 12.1945 219.971 224.8
      vertex 9.76 219.432 224.8
      vertex 12.145 220.165 224.8
    endloop
  endfacet
  facet normal 0 0 -1
    outer loop
      vertex 9.74712 219.483 224.8
      vertex 12.145 220.165 224.8
      vertex 9.76 219.432 224.8
    endloop
  endfacet
  facet normal 0 0 -1
    outer loop
      vertex 11.9927 217.918 224.8
      vertex 12.0705 218.111 224.8
      vertex 11.9967 217.926 224.8
    endloop
  endfacet
  facet normal 0 0 -1
    outer loop
      vertex 9.7792 219.275 224.8
      vertex 12.0705 218.111 224.8
      vertex 11.9927 217.918 224.8
    endloop
  endfacet
  facet normal -0 0 -1
    outer loop
      vertex 12.145 220.165 224.8
      vertex 9.74712 219.483 224.8
      vertex 12.143 220.173 224.8
    endloop
  endfacet
  facet normal -0 0 -1
    outer loop
      vertex 12.143 220.173 224.8
      vertex 9.74712 219.483 224.8
      vertex 12.0814 220.363 224.8
    endloop
  endfacet
  facet normal 0 0 -1
    outer loop
      vertex 11.9029 217.729 224.8
      vertex 11.9927 217.918 224.8
      vertex 11.9074 217.737 224.8
    endloop
  endfacet
  facet normal 0 0 -1
    outer loop
      vertex 9.7792 219.275 224.8
      vertex 11.9927 217.918 224.8
      vertex 11.9029 217.729 224.8
    endloop
  endfacet
  facet normal 0 0 -1
    outer loop
      vertex 9.73109 219.532 224.8
      vertex 12.0814 220.363 224.8
      vertex 9.74712 219.483 224.8
    endloop
  endfacet
  facet normal -0 0 -1
    outer loop
      vertex 12.0814 220.363 224.8
      vertex 9.73109 219.532 224.8
      vertex 12.0789 220.372 224.8
    endloop
  endfacet
  facet normal 0 0 -1
    outer loop
      vertex 11.8014 217.547 224.8
      vertex 11.9029 217.729 224.8
      vertex 11.8064 217.554 224.8
    endloop
  endfacet
  facet normal 0 0 -1
    outer loop
      vertex 9.7792 219.275 224.8
      vertex 11.9029 217.729 224.8
      vertex 11.8014 217.547 224.8
    endloop
  endfacet
  facet normal -0 0 -1
    outer loop
      vertex 12.0789 220.372 224.8
      vertex 9.73109 219.532 224.8
      vertex 12.0055 220.558 224.8
    endloop
  endfacet
  facet normal 0 0 -1
    outer loop
      vertex 9.71197 219.581 224.8
      vertex 12.0055 220.558 224.8
      vertex 9.73109 219.532 224.8
    endloop
  endfacet
  facet normal 0 0 -1
    outer loop
      vertex 11.6887 217.371 224.8
      vertex 11.8014 217.547 224.8
      vertex 11.6941 217.378 224.8
    endloop
  endfacet
  facet normal 0 0 -1
    outer loop
      vertex 9.7792 219.275 224.8
      vertex 11.8014 217.547 224.8
      vertex 11.6887 217.371 224.8
    endloop
  endfacet
  facet normal -0 0 -1
    outer loop
      vertex 12.0055 220.558 224.8
      vertex 9.71197 219.581 224.8
      vertex 12.0025 220.566 224.8
    endloop
  endfacet
  facet normal -0 0 -1
    outer loop
      vertex 12.0025 220.566 224.8
      vertex 9.71197 219.581 224.8
      vertex 11.9175 220.747 224.8
    endloop
  endfacet
  facet normal 0 0 -1
    outer loop
      vertex 11.5651 217.203 224.8
      vertex 11.6887 217.371 224.8
      vertex 11.571 217.209 224.8
    endloop
  endfacet
  facet normal 0 0 -1
    outer loop
      vertex 9.7792 219.275 224.8
      vertex 11.6887 217.371 224.8
      vertex 11.5651 217.203 224.8
    endloop
  endfacet
  facet normal 0 0 -1
    outer loop
      vertex 9.68984 219.628 224.8
      vertex 11.9175 220.747 224.8
      vertex 9.71197 219.581 224.8
    endloop
  endfacet
  facet normal -0 0 -1
    outer loop
      vertex 11.9175 220.747 224.8
      vertex 9.68984 219.628 224.8
      vertex 11.9139 220.755 224.8
    endloop
  endfacet
  facet normal 0 0 -1
    outer loop
      vertex 11.4312 217.042 224.8
      vertex 11.5651 217.203 224.8
      vertex 11.4375 217.049 224.8
    endloop
  endfacet
  facet normal 0 0 -1
    outer loop
      vertex 9.7792 219.275 224.8
      vertex 11.5651 217.203 224.8
      vertex 11.4312 217.042 224.8
    endloop
  endfacet
  facet normal -0 0 -1
    outer loop
      vertex 11.9139 220.755 224.8
      vertex 9.68984 219.628 224.8
      vertex 11.8177 220.931 224.8
    endloop
  endfacet
  facet normal 0 0 -1
    outer loop
      vertex 9.66479 219.674 224.8
      vertex 11.8177 220.931 224.8
      vertex 9.68984 219.628 224.8
    endloop
  endfacet
  facet normal 0 0 -1
    outer loop
      vertex 11.2876 216.891 224.8
      vertex 11.4312 217.042 224.8
      vertex 11.2942 216.897 224.8
    endloop
  endfacet
  facet normal 0 0 -1
    outer loop
      vertex 9.7792 219.275 224.8
      vertex 11.4312 217.042 224.8
      vertex 11.2876 216.891 224.8
    endloop
  endfacet
  facet normal -0 0 -1
    outer loop
      vertex 11.8177 220.931 224.8
      vertex 9.66479 219.674 224.8
      vertex 11.8137 220.939 224.8
    endloop
  endfacet
  facet normal -0 0 -1
    outer loop
      vertex 11.8137 220.939 224.8
      vertex 9.66479 219.674 224.8
      vertex 11.7067 221.108 224.8
    endloop
  endfacet
  facet normal 0 0 -1
    outer loop
      vertex 11.1347 216.749 224.8
      vertex 11.2876 216.891 224.8
      vertex 11.1416 216.754 224.8
    endloop
  endfacet
  facet normal 0 0 -1
    outer loop
      vertex 9.7792 219.275 224.8
      vertex 11.2876 216.891 224.8
      vertex 11.1347 216.749 224.8
    endloop
  endfacet
  facet normal 0 0 -1
    outer loop
      vertex 9.6369 219.718 224.8
      vertex 11.7067 221.108 224.8
      vertex 9.66479 219.674 224.8
    endloop
  endfacet
  facet normal -0 0 -1
    outer loop
      vertex 11.7067 221.108 224.8
      vertex 9.6369 219.718 224.8
      vertex 11.7022 221.115 224.8
    endloop
  endfacet
  facet normal 0 0 -1
    outer loop
      vertex 10.9731 216.616 224.8
      vertex 11.1347 216.749 224.8
      vertex 10.9804 216.621 224.8
    endloop
  endfacet
  facet normal 0 0 -1
    outer loop
      vertex 9.7792 219.275 224.8
      vertex 11.1347 216.749 224.8
      vertex 10.9731 216.616 224.8
    endloop
  endfacet
  facet normal -0 0 -1
    outer loop
      vertex 11.7022 221.115 224.8
      vertex 9.6369 219.718 224.8
      vertex 11.5848 221.277 224.8
    endloop
  endfacet
  facet normal 0 0 -1
    outer loop
      vertex 9.60631 219.761 224.8
      vertex 11.5848 221.277 224.8
      vertex 9.6369 219.718 224.8
    endloop
  endfacet
  facet normal 0 0 -1
    outer loop
      vertex 10.8036 216.494 224.8
      vertex 10.9731 216.616 224.8
      vertex 10.8112 216.499 224.8
    endloop
  endfacet
  facet normal 0 0 -1
    outer loop
      vertex 9.7792 219.275 224.8
      vertex 10.9731 216.616 224.8
      vertex 10.8036 216.494 224.8
    endloop
  endfacet
  facet normal -0 0 -1
    outer loop
      vertex 11.5848 221.277 224.8
      vertex 9.60631 219.761 224.8
      vertex 11.5798 221.284 224.8
    endloop
  endfacet
  facet normal -0 0 -1
    outer loop
      vertex 11.5798 221.284 224.8
      vertex 9.60631 219.761 224.8
      vertex 11.4524 221.439 224.8
    endloop
  endfacet
  facet normal 0 0 -1
    outer loop
      vertex 10.6267 216.383 224.8
      vertex 10.8036 216.494 224.8
      vertex 10.6346 216.387 224.8
    endloop
  endfacet
  facet normal 0 0 -1
    outer loop
      vertex 9.7792 219.275 224.8
      vertex 10.8036 216.494 224.8
      vertex 10.6267 216.383 224.8
    endloop
  endfacet
  facet normal 0 0 -1
    outer loop
      vertex 9.57312 219.801 224.8
      vertex 11.4524 221.439 224.8
      vertex 9.60631 219.761 224.8
    endloop
  endfacet
  facet normal -0 0 -1
    outer loop
      vertex 11.4524 221.439 224.8
      vertex 9.57312 219.801 224.8
      vertex 11.447 221.446 224.8
    endloop
  endfacet
  facet normal 0 0 -1
    outer loop
      vertex 10.4433 216.284 224.8
      vertex 10.6267 216.383 224.8
      vertex 10.4514 216.287 224.8
    endloop
  endfacet
  facet normal 0 0 -1
    outer loop
      vertex 9.7792 219.275 224.8
      vertex 10.6267 216.383 224.8
      vertex 10.4433 216.284 224.8
    endloop
  endfacet
  facet normal -0 0 -1
    outer loop
      vertex 11.447 221.446 224.8
      vertex 9.57312 219.801 224.8
      vertex 11.3102 221.592 224.8
    endloop
  endfacet
  facet normal 0 0 -1
    outer loop
      vertex 9.53745 219.839 224.8
      vertex 11.3102 221.592 224.8
      vertex 9.57312 219.801 224.8
    endloop
  endfacet
  facet normal 0 0 -1
    outer loop
      vertex 10.2539 216.196 224.8
      vertex 10.4433 216.284 224.8
      vertex 10.2622 216.199 224.8
    endloop
  endfacet
  facet normal 0 0 -1
    outer loop
      vertex 9.7792 219.275 224.8
      vertex 10.4433 216.284 224.8
      vertex 10.2539 216.196 224.8
    endloop
  endfacet
  facet normal -0 0 -1
    outer loop
      vertex 11.3102 221.592 224.8
      vertex 9.53745 219.839 224.8
      vertex 11.3044 221.598 224.8
    endloop
  endfacet
  facet normal -0 0 -1
    outer loop
      vertex 11.3044 221.598 224.8
      vertex 9.53745 219.839 224.8
      vertex 11.1587 221.735 224.8
    endloop
  endfacet
  facet normal 0 0 -1
    outer loop
      vertex 10.0594 216.12 224.8
      vertex 10.2539 216.196 224.8
      vertex 10.0679 216.122 224.8
    endloop
  endfacet
  facet normal 0 0 -1
    outer loop
      vertex 9.7792 219.275 224.8
      vertex 10.2539 216.196 224.8
      vertex 10.0594 216.12 224.8
    endloop
  endfacet
  facet normal 0 0 -1
    outer loop
      vertex 9.49947 219.875 224.8
      vertex 11.1587 221.735 224.8
      vertex 9.53745 219.839 224.8
    endloop
  endfacet
  facet normal -0 0 -1
    outer loop
      vertex 11.1587 221.735 224.8
      vertex 9.49947 219.875 224.8
      vertex 11.1524 221.742 224.8
    endloop
  endfacet
  facet normal 0 0 -1
    outer loop
      vertex 9.86045 216.056 224.8
      vertex 10.0594 216.12 224.8
      vertex 9.86908 216.058 224.8
    endloop
  endfacet
  facet normal 0 0 -1
    outer loop
      vertex 9.22832 218.47 224.8
      vertex 10.0594 216.12 224.8
      vertex 9.86045 216.056 224.8
    endloop
  endfacet
  facet normal -0 0 -1
    outer loop
      vertex 11.1524 221.742 224.8
      vertex 9.49947 219.875 224.8
      vertex 10.9984 221.869 224.8
    endloop
  endfacet
  facet normal 0 0 -1
    outer loop
      vertex 9.77609 219.329 224.8
      vertex 9.77927 219.277 224.8
      vertex 9.77616 219.327 224.8
    endloop
  endfacet
  facet normal 0 0 -1
    outer loop
      vertex 9.45931 219.908 224.8
      vertex 10.9984 221.869 224.8
      vertex 9.49947 219.875 224.8
    endloop
  endfacet
  facet normal 0 0 -1
    outer loop
      vertex 9.76967 219.381 224.8
      vertex 9.77609 219.329 224.8
      vertex 9.76988 219.379 224.8
    endloop
  endfacet
  facet normal -0 0 -1
    outer loop
      vertex 10.9984 221.869 224.8
      vertex 9.45931 219.908 224.8
      vertex 10.9918 221.875 224.8
    endloop
  endfacet
  facet normal 0 0 -1
    outer loop
      vertex 9.76 219.432 224.8
      vertex 9.76967 219.381 224.8
      vertex 9.76034 219.43 224.8
    endloop
  endfacet
  facet normal -0 0 -1
    outer loop
      vertex 10.9918 221.875 224.8
      vertex 9.45931 219.908 224.8
      vertex 10.8301 221.993 224.8
    endloop
  endfacet
  facet normal 0 0 -1
    outer loop
      vertex 9.74712 219.483 224.8
      vertex 9.76 219.432 224.8
      vertex 9.7476 219.481 224.8
    endloop
  endfacet
  facet normal 0 0 -1
    outer loop
      vertex 9.41714 219.939 224.8
      vertex 10.8301 221.993 224.8
      vertex 9.45931 219.908 224.8
    endloop
  endfacet
  facet normal 0 0 -1
    outer loop
      vertex 9.73109 219.532 224.8
      vertex 9.74712 219.483 224.8
      vertex 9.73171 219.53 224.8
    endloop
  endfacet
  facet normal -0 0 -1
    outer loop
      vertex 10.8301 221.993 224.8
      vertex 9.41714 219.939 224.8
      vertex 10.8231 221.998 224.8
    endloop
  endfacet
  facet normal 0 0 -1
    outer loop
      vertex 9.71197 219.581 224.8
      vertex 9.73109 219.532 224.8
      vertex 9.71272 219.579 224.8
    endloop
  endfacet
  facet normal -0 0 -1
    outer loop
      vertex 10.8231 221.998 224.8
      vertex 9.41714 219.939 224.8
      vertex 10.6543 222.105 224.8
    endloop
  endfacet
  facet normal 0 0 -1
    outer loop
      vertex 9.68984 219.628 224.8
      vertex 9.71197 219.581 224.8
      vertex 9.69072 219.626 224.8
    endloop
  endfacet
  facet normal 0 0 -1
    outer loop
      vertex 9.3731 219.967 224.8
      vertex 10.6543 222.105 224.8
      vertex 9.41714 219.939 224.8
    endloop
  endfacet
  facet normal -0 0 -1
    outer loop
      vertex 10.6543 222.105 224.8
      vertex 9.3731 219.967 224.8
      vertex 10.647 222.11 224.8
    endloop
  endfacet
  facet normal -0 0 -1
    outer loop
      vertex 10.647 222.11 224.8
      vertex 9.3731 219.967 224.8
      vertex 10.4718 222.207 224.8
    endloop
  endfacet
  facet normal 0 0 -1
    outer loop
      vertex 9.66479 219.674 224.8
      vertex 9.68984 219.628 224.8
      vertex 9.66579 219.672 224.8
    endloop
  endfacet
  facet normal 0 0 -1
    outer loop
      vertex 9.32741 219.992 224.8
      vertex 10.4718 222.207 224.8
      vertex 9.3731 219.967 224.8
    endloop
  endfacet
  facet normal 0 0 -1
    outer loop
      vertex 9.6369 219.718 224.8
      vertex 9.66479 219.674 224.8
      vertex 9.63803 219.716 224.8
    endloop
  endfacet
  facet normal -0 0 -1
    outer loop
      vertex 10.4718 222.207 224.8
      vertex 9.32741 219.992 224.8
      vertex 10.4642 222.211 224.8
    endloop
  endfacet
  facet normal 0 0 -1
    outer loop
      vertex 9.60631 219.761 224.8
      vertex 9.6369 219.718 224.8
      vertex 9.60755 219.759 224.8
    endloop
  endfacet
  facet normal -0 0 -1
    outer loop
      vertex 10.4642 222.211 224.8
      vertex 9.32741 219.992 224.8
      vertex 10.2833 222.297 224.8
    endloop
  endfacet
  facet normal 0 0 -1
    outer loop
      vertex 9.57312 219.801 224.8
      vertex 9.60631 219.761 224.8
      vertex 9.57447 219.799 224.8
    endloop
  endfacet
  facet normal 0 0 -1
    outer loop
      vertex 9.28021 220.015 224.8
      vertex 10.2833 222.297 224.8
      vertex 9.32741 219.992 224.8
    endloop
  endfacet
  facet normal 0 0 -1
    outer loop
      vertex 9.53745 219.839 224.8
      vertex 9.57312 219.801 224.8
      vertex 9.53891 219.837 224.8
    endloop
  endfacet
  facet normal -0 0 -1
    outer loop
      vertex 10.2833 222.297 224.8
      vertex 9.28021 220.015 224.8
      vertex 10.2754 222.301 224.8
    endloop
  endfacet
  facet normal 0 0 -1
    outer loop
      vertex 9.49947 219.875 224.8
      vertex 9.53745 219.839 224.8
      vertex 9.50103 219.873 224.8
    endloop
  endfacet
  facet normal -0 0 -1
    outer loop
      vertex 10.2754 222.301 224.8
      vertex 9.28021 220.015 224.8
      vertex 10.0895 222.375 224.8
    endloop
  endfacet
  facet normal 0 0 -1
    outer loop
      vertex 9.23171 220.034 224.8
      vertex 10.0895 222.375 224.8
      vertex 9.28021 220.015 224.8
    endloop
  endfacet
  facet normal 0 -0 -1
    outer loop
      vertex 9.89123 222.44 224.8
      vertex 10.0895 222.375 224.8
      vertex 9.23171 220.034 224.8
    endloop
  endfacet
  facet normal 0 0 -1
    outer loop
      vertex 9.45931 219.908 224.8
      vertex 9.49947 219.875 224.8
      vertex 9.46097 219.907 224.8
    endloop
  endfacet
  facet normal 0 0 -1
    outer loop
      vertex 10.0895 222.375 224.8
      vertex 9.89123 222.44 224.8
      vertex 10.0814 222.378 224.8
    endloop
  endfacet
  facet normal 0 0 -1
    outer loop
      vertex 9.41714 219.939 224.8
      vertex 9.45931 219.908 224.8
      vertex 9.41889 219.938 224.8
    endloop
  endfacet
  facet normal 0 0 -1
    outer loop
      vertex 9.18208 220.05 224.8
      vertex 9.89123 222.44 224.8
      vertex 9.23171 220.034 224.8
    endloop
  endfacet
  facet normal 0 0 -1
    outer loop
      vertex 9.3731 219.967 224.8
      vertex 9.41714 219.939 224.8
      vertex 9.37493 219.966 224.8
    endloop
  endfacet
  facet normal -0 0 -1
    outer loop
      vertex 9.89123 222.44 224.8
      vertex 9.18208 220.05 224.8
      vertex 9.88291 222.443 224.8
    endloop
  endfacet
  facet normal 0 0 -1
    outer loop
      vertex 9.32741 219.992 224.8
      vertex 9.3731 219.967 224.8
      vertex 9.32932 219.991 224.8
    endloop
  endfacet
  facet normal -0 0 -1
    outer loop
      vertex 9.88291 222.443 224.8
      vertex 9.18208 220.05 224.8
      vertex 9.68922 222.493 224.8
    endloop
  endfacet
  facet normal 0 0 -1
    outer loop
      vertex 9.28021 220.015 224.8
      vertex 9.32741 219.992 224.8
      vertex 9.28218 220.014 224.8
    endloop
  endfacet
  facet normal 0 0 -1
    outer loop
      vertex 9.13154 220.063 224.8
      vertex 9.68922 222.493 224.8
      vertex 9.18208 220.05 224.8
    endloop
  endfacet
  facet normal 0 -0 -1
    outer loop
      vertex 9.48429 222.533 224.8
      vertex 9.68922 222.493 224.8
      vertex 9.13154 220.063 224.8
    endloop
  endfacet
  facet normal 0 0 -1
    outer loop
      vertex 9.68922 222.493 224.8
      vertex 9.48429 222.533 224.8
      vertex 9.68073 222.495 224.8
    endloop
  endfacet
  facet normal 0 0 -1
    outer loop
      vertex 9.23171 220.034 224.8
      vertex 9.28021 220.015 224.8
      vertex 9.23374 220.033 224.8
    endloop
  endfacet
  facet normal 0 0 -1
    outer loop
      vertex 9.08243 220.073 224.8
      vertex 9.48429 222.533 224.8
      vertex 9.13154 220.063 224.8
    endloop
  endfacet
  facet normal 0 0 -1
    outer loop
      vertex 9.18208 220.05 224.8
      vertex 9.23171 220.034 224.8
      vertex 9.18416 220.049 224.8
    endloop
  endfacet
  facet normal 0 0 -1
    outer loop
      vertex 9.08027 220.073 224.8
      vertex 9.48429 222.533 224.8
      vertex 9.08243 220.073 224.8
    endloop
  endfacet
  facet normal 0 0 -1
    outer loop
      vertex 9.13154 220.063 224.8
      vertex 9.18208 220.05 224.8
      vertex 9.13367 220.063 224.8
    endloop
  endfacet
  facet normal 0 -0 -1
    outer loop
      vertex 9.27725 222.56 224.8
      vertex 9.48429 222.533 224.8
      vertex 9.08027 220.073 224.8
    endloop
  endfacet
  facet normal 0 0 -1
    outer loop
      vertex 9.48429 222.533 224.8
      vertex 9.27725 222.56 224.8
      vertex 9.47566 222.535 224.8
    endloop
  endfacet
  facet normal 0 0 -1
    outer loop
      vertex 9.03066 220.079 224.8
      vertex 9.27725 222.56 224.8
      vertex 9.08027 220.073 224.8
    endloop
  endfacet
  facet normal 0 0 -1
    outer loop
      vertex 9.02848 220.08 224.8
      vertex 9.27725 222.56 224.8
      vertex 9.03066 220.079 224.8
    endloop
  endfacet
  facet normal -0 0 -1
    outer loop
      vertex 9.27725 222.56 224.8
      vertex 9.02848 220.08 224.8
      vertex 9.26851 222.562 224.8
    endloop
  endfacet
  facet normal -0 0 -1
    outer loop
      vertex 9.26851 222.562 224.8
      vertex 9.02848 220.08 224.8
      vertex 9.06891 222.574 224.8
    endloop
  endfacet
  facet normal 0 0 -1
    outer loop
      vertex 8.97859 220.083 224.8
      vertex 9.06891 222.574 224.8
      vertex 9.02848 220.08 224.8
    endloop
  endfacet
  facet normal 0 0 -1
    outer loop
      vertex 8.97639 220.083 224.8
      vertex 9.06891 222.574 224.8
      vertex 8.97859 220.083 224.8
    endloop
  endfacet
  facet normal -0 0 -1
    outer loop
      vertex 9.06891 222.574 224.8
      vertex 8.97639 220.083 224.8
      vertex 9.0601 222.575 224.8
    endloop
  endfacet
  facet normal 0 0 -1
    outer loop
      vertex 8.92638 220.083 224.8
      vertex 9.0601 222.575 224.8
      vertex 8.97639 220.083 224.8
    endloop
  endfacet
  facet normal 0 0 -1
    outer loop
      vertex 8.92417 220.083 224.8
      vertex 9.0601 222.575 224.8
      vertex 8.92638 220.083 224.8
    endloop
  endfacet
  facet normal 0 0 -1
    outer loop
      vertex 8.86009 222.575 224.8
      vertex 8.92417 220.083 224.8
      vertex 8.87425 220.08 224.8
    endloop
  endfacet
  facet normal 0 0 -1
    outer loop
      vertex 8.86009 222.575 224.8
      vertex 8.87425 220.08 224.8
      vertex 8.87204 220.08 224.8
    endloop
  endfacet
  facet normal 0 0 -1
    outer loop
      vertex 8.92417 220.083 224.8
      vertex 8.86009 222.575 224.8
      vertex 9.0601 222.575 224.8
    endloop
  endfacet
  facet normal 0 0 -1
    outer loop
      vertex 8.87204 220.08 224.8
      vertex 8.85125 222.576 224.8
      vertex 8.86009 222.575 224.8
    endloop
  endfacet
  facet normal 0 0 -1
    outer loop
      vertex 8.82244 220.074 224.8
      vertex 8.85125 222.576 224.8
      vertex 8.87204 220.08 224.8
    endloop
  endfacet
  facet normal 0 0 -1
    outer loop
      vertex 8.82024 220.074 224.8
      vertex 8.85125 222.576 224.8
      vertex 8.82244 220.074 224.8
    endloop
  endfacet
  facet normal 0 0 -1
    outer loop
      vertex 8.7711 220.064 224.8
      vertex 8.85125 222.576 224.8
      vertex 8.82024 220.074 224.8
    endloop
  endfacet
  facet normal 0 0 -1
    outer loop
      vertex 8.76892 220.064 224.8
      vertex 8.85125 222.576 224.8
      vertex 8.7711 220.064 224.8
    endloop
  endfacet
  facet normal 0 0 -1
    outer loop
      vertex 8.71832 220.051 224.8
      vertex 8.76892 220.064 224.8
      vertex 8.72047 220.052 224.8
    endloop
  endfacet
  facet normal -0 0 -1
    outer loop
      vertex 8.76892 220.064 224.8
      vertex 8.71832 220.051 224.8
      vertex 8.85125 222.576 224.8
    endloop
  endfacet
  facet normal 0 0 -1
    outer loop
      vertex 8.66863 220.035 224.8
      vertex 8.71832 220.051 224.8
      vertex 8.67075 220.036 224.8
    endloop
  endfacet
  facet normal -0 0 -1
    outer loop
      vertex 8.71832 220.051 224.8
      vertex 8.66863 220.035 224.8
      vertex 8.85125 222.576 224.8
    endloop
  endfacet
  facet normal 0 0 -1
    outer loop
      vertex 8.62004 220.016 224.8
      vertex 8.66863 220.035 224.8
      vertex 8.62212 220.017 224.8
    endloop
  endfacet
  facet normal -0 0 -1
    outer loop
      vertex 8.66863 220.035 224.8
      vertex 8.62004 220.016 224.8
      vertex 8.85125 222.576 224.8
    endloop
  endfacet
  facet normal 0 0 -1
    outer loop
      vertex 8.57275 219.994 224.8
      vertex 8.62004 220.016 224.8
      vertex 8.57478 219.995 224.8
    endloop
  endfacet
  facet normal -0 0 -1
    outer loop
      vertex 8.62004 220.016 224.8
      vertex 8.57275 219.994 224.8
      vertex 8.85125 222.576 224.8
    endloop
  endfacet
  facet normal 0 0 -1
    outer loop
      vertex 8.52693 219.969 224.8
      vertex 8.57275 219.994 224.8
      vertex 8.5289 219.97 224.8
    endloop
  endfacet
  facet normal -0 0 -1
    outer loop
      vertex 8.57275 219.994 224.8
      vertex 8.52693 219.969 224.8
      vertex 8.85125 222.576 224.8
    endloop
  endfacet
  facet normal 0 0 -1
    outer loop
      vertex 8.4828 219.941 224.8
      vertex 8.52693 219.969 224.8
      vertex 8.4847 219.942 224.8
    endloop
  endfacet
  facet normal -0 0 -1
    outer loop
      vertex 8.52693 219.969 224.8
      vertex 8.4828 219.941 224.8
      vertex 8.85125 222.576 224.8
    endloop
  endfacet
  facet normal 0 0 -1
    outer loop
      vertex 8.44048 219.91 224.8
      vertex 8.4828 219.941 224.8
      vertex 8.44231 219.912 224.8
    endloop
  endfacet
  facet normal -0 0 -1
    outer loop
      vertex 8.4828 219.941 224.8
      vertex 8.44048 219.91 224.8
      vertex 8.85125 222.576 224.8
    endloop
  endfacet
  facet normal 0 0 -1
    outer loop
      vertex 8.40018 219.877 224.8
      vertex 8.44048 219.91 224.8
      vertex 8.40193 219.879 224.8
    endloop
  endfacet
  facet normal -0 0 -1
    outer loop
      vertex 8.44048 219.91 224.8
      vertex 8.40018 219.877 224.8
      vertex 8.85125 222.576 224.8
    endloop
  endfacet
  facet normal 0 0 -1
    outer loop
      vertex 8.36204 219.842 224.8
      vertex 8.40018 219.877 224.8
      vertex 8.3637 219.843 224.8
    endloop
  endfacet
  facet normal -0 0 -1
    outer loop
      vertex 8.40018 219.877 224.8
      vertex 8.36204 219.842 224.8
      vertex 8.85125 222.576 224.8
    endloop
  endfacet
  facet normal 0 0 -1
    outer loop
      vertex 8.32622 219.804 224.8
      vertex 8.36204 219.842 224.8
      vertex 8.32778 219.805 224.8
    endloop
  endfacet
  facet normal -0 0 -1
    outer loop
      vertex 8.36204 219.842 224.8
      vertex 8.32622 219.804 224.8
      vertex 8.85125 222.576 224.8
    endloop
  endfacet
  facet normal 0 0 -1
    outer loop
      vertex 8.29285 219.763 224.8
      vertex 8.32622 219.804 224.8
      vertex 8.29431 219.765 224.8
    endloop
  endfacet
  facet normal -0 0 -1
    outer loop
      vertex 8.32622 219.804 224.8
      vertex 8.29285 219.763 224.8
      vertex 8.85125 222.576 224.8
    endloop
  endfacet
  facet normal 0 0 -1
    outer loop
      vertex 8.26207 219.721 224.8
      vertex 8.29285 219.763 224.8
      vertex 8.26342 219.723 224.8
    endloop
  endfacet
  facet normal -0 0 -1
    outer loop
      vertex 8.29285 219.763 224.8
      vertex 8.26207 219.721 224.8
      vertex 8.85125 222.576 224.8
    endloop
  endfacet
  facet normal 0 0 -1
    outer loop
      vertex 8.234 219.677 224.8
      vertex 8.26207 219.721 224.8
      vertex 8.23524 219.679 224.8
    endloop
  endfacet
  facet normal -0 0 -1
    outer loop
      vertex 8.26207 219.721 224.8
      vertex 8.234 219.677 224.8
      vertex 8.85125 222.576 224.8
    endloop
  endfacet
  facet normal 0 0 -1
    outer loop
      vertex 8.20874 219.631 224.8
      vertex 8.234 219.677 224.8
      vertex 8.20987 219.633 224.8
    endloop
  endfacet
  facet normal -0 0 -1
    outer loop
      vertex 8.234 219.677 224.8
      vertex 8.20874 219.631 224.8
      vertex 8.85125 222.576 224.8
    endloop
  endfacet
  facet normal 0 0 -1
    outer loop
      vertex 8.18641 219.584 224.8
      vertex 8.20874 219.631 224.8
      vertex 8.18741 219.586 224.8
    endloop
  endfacet
  facet normal -0 0 -1
    outer loop
      vertex 8.20874 219.631 224.8
      vertex 8.18641 219.584 224.8
      vertex 8.85125 222.576 224.8
    endloop
  endfacet
  facet normal 0 0 -1
    outer loop
      vertex 8.16708 219.536 224.8
      vertex 8.18641 219.584 224.8
      vertex 8.16796 219.538 224.8
    endloop
  endfacet
  facet normal 0 0 -1
    outer loop
      vertex 8.18641 219.584 224.8
      vertex 8.16708 219.536 224.8
      vertex -5.67933 218.507 224.8
    endloop
  endfacet
  facet normal 0 0 -1
    outer loop
      vertex 8.15084 219.486 224.8
      vertex 8.16708 219.536 224.8
      vertex 8.15158 219.488 224.8
    endloop
  endfacet
  facet normal 0 0 -1
    outer loop
      vertex 8.16708 219.536 224.8
      vertex 8.15084 219.486 224.8
      vertex -5.67933 218.507 224.8
    endloop
  endfacet
  facet normal 0 0 -1
    outer loop
      vertex 8.13774 219.436 224.8
      vertex 8.15084 219.486 224.8
      vertex 8.13835 219.438 224.8
    endloop
  endfacet
  facet normal 0 0 -1
    outer loop
      vertex 8.15084 219.486 224.8
      vertex 8.13774 219.436 224.8
      vertex -5.67933 218.507 224.8
    endloop
  endfacet
  facet normal 0 0 -1
    outer loop
      vertex 8.12784 219.384 224.8
      vertex 8.13774 219.436 224.8
      vertex 8.12833 219.386 224.8
    endloop
  endfacet
  facet normal 0 0 -1
    outer loop
      vertex 8.12119 219.333 224.8
      vertex 8.12784 219.384 224.8
      vertex 8.12153 219.335 224.8
    endloop
  endfacet
  facet normal 0 0 -1
    outer loop
      vertex 8.1178 219.28 224.8
      vertex 8.12119 219.333 224.8
      vertex 8.11801 219.283 224.8
    endloop
  endfacet
  facet normal 0 0 -1
    outer loop
      vertex 8.11769 219.228 224.8
      vertex 8.1178 219.28 224.8
      vertex 8.11776 219.23 224.8
    endloop
  endfacet
  facet normal 0 -0 -1
    outer loop
      vertex 8.12085 219.176 224.8
      vertex 8.12728 219.124 224.8
      vertex 7.08829 216.291 224.8
    endloop
  endfacet
  facet normal 0 0 -1
    outer loop
      vertex 8.12728 219.124 224.8
      vertex 8.12085 219.176 224.8
      vertex 8.12707 219.126 224.8
    endloop
  endfacet
  facet normal 0 0 -1
    outer loop
      vertex 7.81226 216.128 224.8
      vertex 8.00572 216.065 224.8
      vertex 7.81555 216.127 224.8
    endloop
  endfacet
  facet normal 0 -0 -1
    outer loop
      vertex 8.11769 219.228 224.8
      vertex 8.12085 219.176 224.8
      vertex 7.08829 216.291 224.8
    endloop
  endfacet
  facet normal 0 0 -1
    outer loop
      vertex 8.12085 219.176 224.8
      vertex 8.11769 219.228 224.8
      vertex 8.12079 219.178 224.8
    endloop
  endfacet
  facet normal -0 0 -1
    outer loop
      vertex 8.11769 219.228 224.8
      vertex 7.08829 216.291 224.8
      vertex 8.1178 219.28 224.8
    endloop
  endfacet
  facet normal -0 0 -1
    outer loop
      vertex 8.1178 219.28 224.8
      vertex 7.08829 216.291 224.8
      vertex 8.12119 219.333 224.8
    endloop
  endfacet
  facet normal 0 0 -1
    outer loop
      vertex -5.67933 218.507 224.8
      vertex 8.12119 219.333 224.8
      vertex 7.08829 216.291 224.8
    endloop
  endfacet
  facet normal -0 0 -1
    outer loop
      vertex 8.12119 219.333 224.8
      vertex -5.67933 218.507 224.8
      vertex 8.12784 219.384 224.8
    endloop
  endfacet
  facet normal -0 0 -1
    outer loop
      vertex 8.12784 219.384 224.8
      vertex -5.67933 218.507 224.8
      vertex 8.13774 219.436 224.8
    endloop
  endfacet
  facet normal -0 0 -1
    outer loop
      vertex 8.18641 219.584 224.8
      vertex -5.67933 218.507 224.8
      vertex 8.85125 222.576 224.8
    endloop
  endfacet
  facet normal -0 0 -1
    outer loop
      vertex 8.85125 222.576 224.8
      vertex -5.67933 218.507 224.8
      vertex 3.19813 230.366 224.8
    endloop
  endfacet
  facet normal 0 0 -1
    outer loop
      vertex -10.3581 224.982 224.8
      vertex 3.19813 230.366 224.8
      vertex -5.67933 218.507 224.8
    endloop
  endfacet
  facet normal 0 0 -1
    outer loop
      vertex -10.6915 221.701 224.8
      vertex -5.67933 218.507 224.8
      vertex -5.87148 218.411 224.8
    endloop
  endfacet
  facet normal 0 -0 -1
    outer loop
      vertex -10.0632 228.111 224.8
      vertex 3.19813 230.366 224.8
      vertex -10.3581 224.982 224.8
    endloop
  endfacet
  facet normal 0 -0 -1
    outer loop
      vertex -8.77059 247.516 224.8
      vertex 2.95882 230.718 224.8
      vertex -8.89458 244.475 224.8
    endloop
  endfacet
  facet normal 0 -0 -1
    outer loop
      vertex -8.68587 250.594 224.8
      vertex -8.22364 252.674 224.8
      vertex -8.76319 247.646 224.8
    endloop
  endfacet
  facet normal 0 0 -1
    outer loop
      vertex -8.66742 252.98 224.8
      vertex -8.36808 253.319 224.8
      vertex -8.3605 253.193 224.8
    endloop
  endfacet
  facet normal 0 -0 -1
    outer loop
      vertex -8.68148 250.714 224.8
      vertex -8.22364 252.674 224.8
      vertex -8.68587 250.594 224.8
    endloop
  endfacet
  facet normal -0 0 -1
    outer loop
      vertex -8.36808 253.319 224.8
      vertex -8.66742 252.98 224.8
      vertex -8.66654 253.614 224.8
    endloop
  endfacet
  facet normal 0 0 -1
    outer loop
      vertex -8.71972 255.757 224.8
      vertex -8.62302 255.644 224.8
      vertex -8.66654 253.614 224.8
    endloop
  endfacet
  facet normal 0 0 -1
    outer loop
      vertex -8.36808 253.319 224.8
      vertex -8.66654 253.614 224.8
      vertex -8.62302 255.644 224.8
    endloop
  endfacet
  facet normal 0 0 -1
    outer loop
      vertex -8.33472 252.91 224.8
      vertex -8.66742 252.98 224.8
      vertex -8.3605 253.193 224.8
    endloop
  endfacet
  facet normal 0 0 -1
    outer loop
      vertex -8.22364 252.674 224.8
      vertex -8.66742 252.98 224.8
      vertex -8.33472 252.91 224.8
    endloop
  endfacet
  facet normal 0 -0 -1
    outer loop
      vertex -8.66742 252.98 224.8
      vertex -8.22364 252.674 224.8
      vertex -8.68148 250.714 224.8
    endloop
  endfacet
  facet normal 0 0 -1
    outer loop
      vertex 2.95882 230.718 224.8
      vertex -8.76319 247.646 224.8
      vertex -8.22364 252.674 224.8
    endloop
  endfacet
  facet normal 0 -0 -1
    outer loop
      vertex -8.76319 247.646 224.8
      vertex 2.95882 230.718 224.8
      vertex -8.77059 247.516 224.8
    endloop
  endfacet
  facet normal 0 0 -1
    outer loop
      vertex 2.95882 230.718 224.8
      vertex -8.90416 244.341 224.8
      vertex -8.89458 244.475 224.8
    endloop
  endfacet
  facet normal 0 0 -1
    outer loop
      vertex 2.95882 230.718 224.8
      vertex -9.06529 241.253 224.8
      vertex -8.90416 244.341 224.8
    endloop
  endfacet
  facet normal 0 0 -1
    outer loop
      vertex 2.95882 230.718 224.8
      vertex -9.07658 241.117 224.8
      vertex -9.06529 241.253 224.8
    endloop
  endfacet
  facet normal 0 0 -1
    outer loop
      vertex 2.95882 230.718 224.8
      vertex -9.26875 238.009 224.8
      vertex -9.07658 241.117 224.8
    endloop
  endfacet
  facet normal 0 0 -1
    outer loop
      vertex 2.95882 230.718 224.8
      vertex -9.28144 237.872 224.8
      vertex -9.26875 238.009 224.8
    endloop
  endfacet
  facet normal 0 0 -1
    outer loop
      vertex 2.95882 230.718 224.8
      vertex -9.501 234.759 224.8
      vertex -9.28144 237.872 224.8
    endloop
  endfacet
  facet normal 0 0 -1
    outer loop
      vertex 2.95882 230.718 224.8
      vertex -9.5149 234.621 224.8
      vertex -9.501 234.759 224.8
    endloop
  endfacet
  facet normal 0 0 -1
    outer loop
      vertex 2.95882 230.718 224.8
      vertex -9.76066 231.506 224.8
      vertex -9.5149 234.621 224.8
    endloop
  endfacet
  facet normal 0 0 -1
    outer loop
      vertex 2.95882 230.718 224.8
      vertex -9.77573 231.368 224.8
      vertex -9.76066 231.506 224.8
    endloop
  endfacet
  facet normal -0 0 -1
    outer loop
      vertex 2.95882 230.718 224.8
      vertex -10.047 228.249 224.8
      vertex -9.77573 231.368 224.8
    endloop
  endfacet
  facet normal 0 0 -1
    outer loop
      vertex 2.95882 230.718 224.8
      vertex -10.0632 228.111 224.8
      vertex -10.047 228.249 224.8
    endloop
  endfacet
  facet normal -0 0 -1
    outer loop
      vertex 3.19813 230.366 224.8
      vertex -10.0632 228.111 224.8
      vertex 2.95882 230.718 224.8
    endloop
  endfacet
  facet normal 0 0 -1
    outer loop
      vertex -5.67933 218.507 224.8
      vertex -10.3753 224.845 224.8
      vertex -10.3581 224.982 224.8
    endloop
  endfacet
  facet normal 0 0 -1
    outer loop
      vertex -5.67933 218.507 224.8
      vertex -10.6915 221.701 224.8
      vertex -10.3753 224.845 224.8
    endloop
  endfacet
  facet normal 0 0 -1
    outer loop
      vertex -5.87148 218.411 224.8
      vertex -10.7097 221.562 224.8
      vertex -10.6915 221.701 224.8
    endloop
  endfacet
  facet normal -0 0 -1
    outer loop
      vertex -5.87148 218.411 224.8
      vertex -11.0429 218.399 224.8
      vertex -10.7097 221.562 224.8
    endloop
  endfacet
  facet normal 0 0 -1
    outer loop
      vertex -5.87148 218.411 224.8
      vertex -11.0619 218.259 224.8
      vertex -11.0429 218.399 224.8
    endloop
  endfacet
  facet normal 0 0 -1
    outer loop
      vertex -5.87148 218.411 224.8
      vertex -11.3537 215.567 224.8
      vertex -11.0619 218.259 224.8
    endloop
  endfacet
  facet normal 0 -0 -1
    outer loop
      vertex -11.3537 215.567 224.8
      vertex -5.87148 218.411 224.8
      vertex -11.3703 215.448 224.8
    endloop
  endfacet
  facet normal 0.0890913 -0.954568 0.284365
    outer loop
      vertex 9.45264 215.967 224.8
      vertex 9.38778 216.408 226.3
      vertex 9.38058 216.407 226.3
    endloop
  endfacet
  facet normal 0.0909723 -0.954382 0.284392
    outer loop
      vertex 9.38778 216.408 226.3
      vertex 9.45264 215.967 224.8
      vertex 9.46144 215.968 224.8
    endloop
  endfacet
  facet normal 0.119354 -0.951125 0.284808
    outer loop
      vertex 9.25418 215.942 224.8
      vertex 9.38058 216.407 226.3
      vertex 9.1808 216.382 226.3
    endloop
  endfacet
  facet normal 0.119347 -0.951126 0.284809
    outer loop
      vertex 9.38058 216.407 226.3
      vertex 9.25418 215.942 224.8
      vertex 9.45264 215.967 224.8
    endloop
  endfacet
  facet normal 0.151771 -0.946417 0.285063
    outer loop
      vertex 9.65794 216.005 224.8
      vertex 9.59272 216.446 226.3
      vertex 9.58559 216.445 226.3
    endloop
  endfacet
  facet normal 0.14887 -0.946875 0.285072
    outer loop
      vertex 9.59272 216.446 226.3
      vertex 9.65794 216.005 224.8
      vertex 9.66667 216.006 224.8
    endloop
  endfacet
  facet normal 0.178774 -0.941712 0.284988
    outer loop
      vertex 9.46144 215.968 224.8
      vertex 9.58559 216.445 226.3
      vertex 9.38778 216.408 226.3
    endloop
  endfacet
  facet normal 0.178796 -0.941709 0.284985
    outer loop
      vertex 9.58559 216.445 226.3
      vertex 9.46144 215.968 224.8
      vertex 9.65794 216.005 224.8
    endloop
  endfacet
  facet normal 0.208513 -0.935652 0.284741
    outer loop
      vertex 9.86045 216.056 224.8
      vertex 9.79485 216.498 226.3
      vertex 9.78779 216.496 226.3
    endloop
  endfacet
  facet normal 0.208432 -0.93567 0.284742
    outer loop
      vertex 9.79485 216.498 226.3
      vertex 9.86045 216.056 224.8
      vertex 9.86908 216.058 224.8
    endloop
  endfacet
  facet normal 0.23759 -0.928871 0.284165
    outer loop
      vertex 9.66667 216.006 224.8
      vertex 9.78779 216.496 226.3
      vertex 9.59272 216.446 226.3
    endloop
  endfacet
  facet normal 0.237637 -0.928861 0.284158
    outer loop
      vertex 9.78779 216.496 226.3
      vertex 9.66667 216.006 224.8
      vertex 9.86045 216.056 224.8
    endloop
  endfacet
  facet normal 0.267336 -0.920993 0.283379
    outer loop
      vertex 10.0594 216.12 224.8
      vertex 9.99333 216.562 226.3
      vertex 9.98639 216.56 226.3
    endloop
  endfacet
  facet normal 0.26802 -0.920802 0.283353
    outer loop
      vertex 9.99333 216.562 226.3
      vertex 10.0594 216.12 224.8
      vertex 10.0679 216.122 224.8
    endloop
  endfacet
  facet normal 0.295677 -0.912623 0.282301
    outer loop
      vertex 9.86908 216.058 224.8
      vertex 9.98639 216.56 226.3
      vertex 9.79485 216.498 226.3
    endloop
  endfacet
  facet normal 0.295674 -0.912624 0.282301
    outer loop
      vertex 9.98639 216.56 226.3
      vertex 9.86908 216.058 224.8
      vertex 10.0594 216.12 224.8
    endloop
  endfacet
  facet normal 0.324346 -0.903228 0.281032
    outer loop
      vertex 10.2539 216.196 224.8
      vertex 10.1874 216.638 226.3
      vertex 10.1806 216.636 226.3
    endloop
  endfacet
  facet normal 0.326086 -0.902632 0.280934
    outer loop
      vertex 10.1874 216.638 226.3
      vertex 10.2539 216.196 224.8
      vertex 10.2622 216.199 224.8
    endloop
  endfacet
  facet normal 0.35268 -0.893051 0.279421
    outer loop
      vertex 10.0679 216.122 224.8
      vertex 10.1806 216.636 226.3
      vertex 9.99333 216.562 226.3
    endloop
  endfacet
  facet normal 0.352624 -0.89307 0.279432
    outer loop
      vertex 10.1806 216.636 226.3
      vertex 10.0679 216.122 224.8
      vertex 10.2539 216.196 224.8
    endloop
  endfacet
  facet normal 0.381404 -0.881742 0.2776
    outer loop
      vertex 10.4433 216.284 224.8
      vertex 10.3763 216.727 226.3
      vertex 10.3697 216.724 226.3
    endloop
  endfacet
  facet normal 0.381272 -0.881796 0.27761
    outer loop
      vertex 10.3763 216.727 226.3
      vertex 10.4433 216.284 224.8
      vertex 10.4514 216.287 224.8
    endloop
  endfacet
  facet normal 0.408596 -0.870137 0.27552
    outer loop
      vertex 10.2622 216.199 224.8
      vertex 10.3697 216.724 226.3
      vertex 10.1874 216.638 226.3
    endloop
  endfacet
  facet normal 0.408545 -0.870157 0.275531
    outer loop
      vertex 10.3697 216.724 226.3
      vertex 10.2622 216.199 224.8
      vertex 10.4433 216.284 224.8
    endloop
  endfacet
  facet normal 0.436743 -0.857109 0.273166
    outer loop
      vertex 10.6267 216.383 224.8
      vertex 10.5593 216.827 226.3
      vertex 10.5528 216.824 226.3
    endloop
  endfacet
  facet normal 0.436582 -0.857186 0.273182
    outer loop
      vertex 10.5593 216.827 226.3
      vertex 10.6267 216.383 224.8
      vertex 10.6346 216.387 224.8
    endloop
  endfacet
  facet normal 0.462997 -0.844034 0.27063
    outer loop
      vertex 10.4514 216.287 224.8
      vertex 10.5528 216.824 226.3
      vertex 10.3763 216.727 226.3
    endloop
  endfacet
  facet normal 0.463057 -0.844005 0.270616
    outer loop
      vertex 10.5528 216.824 226.3
      vertex 10.4514 216.287 224.8
      vertex 10.6267 216.383 224.8
    endloop
  endfacet
  facet normal 0.490407 -0.829343 0.267752
    outer loop
      vertex 10.8036 216.494 224.8
      vertex 10.7356 216.938 226.3
      vertex 10.7294 216.935 226.3
    endloop
  endfacet
  facet normal 0.490414 -0.829339 0.267751
    outer loop
      vertex 10.7356 216.938 226.3
      vertex 10.8036 216.494 224.8
      vertex 10.8112 216.499 224.8
    endloop
  endfacet
  facet normal 0.516006 -0.814659 0.264706
    outer loop
      vertex 10.6346 216.387 224.8
      vertex 10.7294 216.935 226.3
      vertex 10.5593 216.827 226.3
    endloop
  endfacet
  facet normal 0.515997 -0.814664 0.264709
    outer loop
      vertex 10.7294 216.935 226.3
      vertex 10.6346 216.387 224.8
      vertex 10.8036 216.494 224.8
    endloop
  endfacet
  facet normal 0.54228 -0.798512 0.261364
    outer loop
      vertex 10.9731 216.616 224.8
      vertex 10.9046 217.061 226.3
      vertex 10.8986 217.057 226.3
    endloop
  endfacet
  facet normal 0.542804 -0.79818 0.261289
    outer loop
      vertex 10.9046 217.061 226.3
      vertex 10.9731 216.616 224.8
      vertex 10.9804 216.621 224.8
    endloop
  endfacet
  facet normal 0.567277 -0.782138 0.257794
    outer loop
      vertex 10.8112 216.499 224.8
      vertex 10.8986 217.057 226.3
      vertex 10.7356 216.938 226.3
    endloop
  endfacet
  facet normal 0.567247 -0.782157 0.257803
    outer loop
      vertex 10.8986 217.057 226.3
      vertex 10.8112 216.499 224.8
      vertex 10.9731 216.616 224.8
    endloop
  endfacet
  facet normal 0.592494 -0.764496 0.253964
    outer loop
      vertex 11.1347 216.749 224.8
      vertex 11.0655 217.193 226.3
      vertex 11.0598 217.189 226.3
    endloop
  endfacet
  facet normal 0.592593 -0.764424 0.253947
    outer loop
      vertex 11.0655 217.193 226.3
      vertex 11.1347 216.749 224.8
      vertex 11.1416 216.754 224.8
    endloop
  endfacet
  facet normal 0.616548 -0.746602 0.249909
    outer loop
      vertex 10.9804 216.621 224.8
      vertex 11.0598 217.189 226.3
      vertex 10.9046 217.061 226.3
    endloop
  endfacet
  facet normal 0.616531 -0.746614 0.249914
    outer loop
      vertex 11.0598 217.189 226.3
      vertex 10.9804 216.621 224.8
      vertex 11.1347 216.749 224.8
    endloop
  endfacet
  facet normal 0.640838 -0.727341 0.245563
    outer loop
      vertex 11.2876 216.891 224.8
      vertex 11.2178 217.336 226.3
      vertex 11.2124 217.331 226.3
    endloop
  endfacet
  facet normal 0.640794 -0.727377 0.245572
    outer loop
      vertex 11.2178 217.336 226.3
      vertex 11.2876 216.891 224.8
      vertex 11.2942 216.897 224.8
    endloop
  endfacet
  facet normal 0.66376 -0.70804 0.241046
    outer loop
      vertex 11.1416 216.754 224.8
      vertex 11.2124 217.331 226.3
      vertex 11.0655 217.193 226.3
    endloop
  endfacet
  facet normal 0.663752 -0.708046 0.241048
    outer loop
      vertex 11.2124 217.331 226.3
      vertex 11.1416 216.754 224.8
      vertex 11.2876 216.891 224.8
    endloop
  endfacet
  facet normal 0.687305 -0.686921 0.236117
    outer loop
      vertex 11.3558 217.482 226.3
      vertex 11.4375 217.049 224.8
      vertex 11.3609 217.488 226.3
    endloop
  endfacet
  facet normal 0.687269 -0.686955 0.236125
    outer loop
      vertex 11.4375 217.049 224.8
      vertex 11.3558 217.482 226.3
      vertex 11.4312 217.042 224.8
    endloop
  endfacet
  facet normal 0.708615 -0.66663 0.231235
    outer loop
      vertex 11.2178 217.336 226.3
      vertex 11.4312 217.042 224.8
      vertex 11.3558 217.482 226.3
    endloop
  endfacet
  facet normal 0.70864 -0.666604 0.231233
    outer loop
      vertex 11.4312 217.042 224.8
      vertex 11.2178 217.336 226.3
      vertex 11.2942 216.897 224.8
    endloop
  endfacet
  facet normal 0.731439 -0.643476 0.225691
    outer loop
      vertex 11.4894 217.643 226.3
      vertex 11.571 217.209 224.8
      vertex 11.4942 217.648 226.3
    endloop
  endfacet
  facet normal 0.730125 -0.644852 0.226017
    outer loop
      vertex 11.571 217.209 224.8
      vertex 11.4894 217.643 226.3
      vertex 11.5651 217.203 224.8
    endloop
  endfacet
  facet normal 0.750998 -0.622405 0.220487
    outer loop
      vertex 11.3609 217.488 226.3
      vertex 11.5651 217.203 224.8
      vertex 11.4894 217.643 226.3
    endloop
  endfacet
  facet normal 0.751008 -0.622393 0.220486
    outer loop
      vertex 11.5651 217.203 224.8
      vertex 11.3609 217.488 226.3
      vertex 11.4375 217.049 224.8
    endloop
  endfacet
  facet normal 0.771583 -0.598802 0.214698
    outer loop
      vertex 11.6127 217.811 226.3
      vertex 11.6941 217.378 224.8
      vertex 11.6171 217.816 226.3
    endloop
  endfacet
  facet normal 0.7718 -0.598545 0.214636
    outer loop
      vertex 11.6941 217.378 224.8
      vertex 11.6127 217.811 226.3
      vertex 11.6887 217.371 224.8
    endloop
  endfacet
  facet normal 0.790669 -0.575524 0.208841
    outer loop
      vertex 11.4942 217.648 226.3
      vertex 11.6887 217.371 224.8
      vertex 11.6127 217.811 226.3
    endloop
  endfacet
  facet normal 0.790689 -0.575498 0.208839
    outer loop
      vertex 11.6887 217.371 224.8
      vertex 11.4942 217.648 226.3
      vertex 11.571 217.209 224.8
    endloop
  endfacet
  facet normal 0.809462 -0.551071 0.202713
    outer loop
      vertex 11.7251 217.986 226.3
      vertex 11.8064 217.554 224.8
      vertex 11.7292 217.992 226.3
    endloop
  endfacet
  facet normal 0.809699 -0.550752 0.202634
    outer loop
      vertex 11.8064 217.554 224.8
      vertex 11.7251 217.986 226.3
      vertex 11.8014 217.547 224.8
    endloop
  endfacet
  facet normal 0.827446 -0.526112 0.196314
    outer loop
      vertex 11.6171 217.816 226.3
      vertex 11.8014 217.547 224.8
      vertex 11.7251 217.986 226.3
    endloop
  endfacet
  facet normal 0.82744 -0.526121 0.196315
    outer loop
      vertex 11.8014 217.547 224.8
      vertex 11.6171 217.816 226.3
      vertex 11.6941 217.378 224.8
    endloop
  endfacet
  facet normal 0.845351 -0.499467 0.18951
    outer loop
      vertex 11.8263 218.169 226.3
      vertex 11.9074 217.737 224.8
      vertex 11.83 218.175 226.3
    endloop
  endfacet
  facet normal 0.844696 -0.500478 0.189765
    outer loop
      vertex 11.9074 217.737 224.8
      vertex 11.8263 218.169 226.3
      vertex 11.9029 217.729 224.8
    endloop
  endfacet
  facet normal 0.861105 -0.47437 0.182953
    outer loop
      vertex 11.7292 217.992 226.3
      vertex 11.9029 217.729 224.8
      vertex 11.8263 218.169 226.3
    endloop
  endfacet
  facet normal 0.861118 -0.474348 0.18295
    outer loop
      vertex 11.9029 217.729 224.8
      vertex 11.7292 217.992 226.3
      vertex 11.8064 217.554 224.8
    endloop
  endfacet
  facet normal 0.877201 -0.446785 0.175788
    outer loop
      vertex 11.9159 218.357 226.3
      vertex 11.9967 217.926 224.8
      vertex 11.9192 218.363 226.3
    endloop
  endfacet
  facet normal 0.877017 -0.447113 0.175872
    outer loop
      vertex 11.9967 217.926 224.8
      vertex 11.9159 218.357 226.3
      vertex 11.9927 217.918 224.8
    endloop
  endfacet
  facet normal 0.891472 -0.420455 0.168805
    outer loop
      vertex 11.83 218.175 226.3
      vertex 11.9927 217.918 224.8
      vertex 11.9159 218.357 226.3
    endloop
  endfacet
  facet normal 0.891488 -0.420423 0.168801
    outer loop
      vertex 11.9927 217.918 224.8
      vertex 11.83 218.175 226.3
      vertex 11.9074 217.737 224.8
    endloop
  endfacet
  facet normal 0.905888 -0.39164 0.161199
    outer loop
      vertex 11.9935 218.551 226.3
      vertex 12.0741 218.12 224.8
      vertex 11.9964 218.557 226.3
    endloop
  endfacet
  facet normal 0.905718 -0.391995 0.161292
    outer loop
      vertex 12.0741 218.12 224.8
      vertex 11.9935 218.551 226.3
      vertex 12.0705 218.111 224.8
    endloop
  endfacet
  facet normal 0.918369 -0.364568 0.153912
    outer loop
      vertex 11.9192 218.363 226.3
      vertex 12.0705 218.111 224.8
      vertex 11.9935 218.551 226.3
    endloop
  endfacet
  facet normal 0.918373 -0.364558 0.153911
    outer loop
      vertex 12.0705 218.111 224.8
      vertex 11.9192 218.363 226.3
      vertex 11.9967 217.926 224.8
    endloop
  endfacet
  facet normal 0.930939 -0.334752 0.145927
    outer loop
      vertex 12.0587 218.749 226.3
      vertex 12.139 218.318 224.8
      vertex 12.0612 218.756 226.3
    endloop
  endfacet
  facet normal 0.930736 -0.335257 0.146061
    outer loop
      vertex 12.139 218.318 224.8
      vertex 12.0587 218.749 226.3
      vertex 12.136 218.31 224.8
    endloop
  endfacet
  facet normal 0.941654 -0.306853 0.138312
    outer loop
      vertex 11.9964 218.557 226.3
      vertex 12.136 218.31 224.8
      vertex 12.0587 218.749 226.3
    endloop
  endfacet
  facet normal 0.941657 -0.306843 0.13831
    outer loop
      vertex 12.136 218.31 224.8
      vertex 11.9964 218.557 226.3
      vertex 12.0741 218.12 224.8
    endloop
  endfacet
  facet normal 0.952172 -0.276496 0.130067
    outer loop
      vertex 12.1114 218.95 226.3
      vertex 12.1914 218.52 224.8
      vertex 12.1134 218.957 226.3
    endloop
  endfacet
  facet normal 0.952053 -0.276862 0.130166
    outer loop
      vertex 12.1914 218.52 224.8
      vertex 12.1114 218.95 226.3
      vertex 12.1889 218.512 224.8
    endloop
  endfacet
  facet normal 0.961111 -0.247701 0.122105
    outer loop
      vertex 12.0612 218.756 226.3
      vertex 12.1889 218.512 224.8
      vertex 12.1114 218.95 226.3
    endloop
  endfacet
  facet normal 0.961114 -0.247689 0.122104
    outer loop
      vertex 12.1889 218.512 224.8
      vertex 12.0612 218.756 226.3
      vertex 12.139 218.318 224.8
    endloop
  endfacet
  facet normal 0.969611 -0.216693 0.113571
    outer loop
      vertex 12.1513 219.155 226.3
      vertex 12.231 218.725 224.8
      vertex 12.1529 219.162 226.3
    endloop
  endfacet
  facet normal 0.96966 -0.216503 0.113519
    outer loop
      vertex 12.231 218.725 224.8
      vertex 12.1513 219.155 226.3
      vertex 12.229 218.717 224.8
    endloop
  endfacet
  facet normal 0.976668 -0.187162 0.105305
    outer loop
      vertex 12.1134 218.957 226.3
      vertex 12.229 218.717 224.8
      vertex 12.1513 219.155 226.3
    endloop
  endfacet
  facet normal 0.976668 -0.187165 0.105305
    outer loop
      vertex 12.229 218.717 224.8
      vertex 12.1134 218.957 226.3
      vertex 12.1914 218.52 224.8
    endloop
  endfacet
  facet normal 0.983099 -0.155579 0.096499
    outer loop
      vertex 12.1783 219.362 226.3
      vertex 12.2576 218.932 224.8
      vertex 12.1795 219.369 226.3
    endloop
  endfacet
  facet normal 0.983067 -0.155752 0.0965471
    outer loop
      vertex 12.2576 218.932 224.8
      vertex 12.1783 219.362 226.3
      vertex 12.2562 218.924 224.8
    endloop
  endfacet
  facet normal 0.988153 -0.125713 0.0880357
    outer loop
      vertex 12.1529 219.162 226.3
      vertex 12.2562 218.924 224.8
      vertex 12.1783 219.362 226.3
    endloop
  endfacet
  facet normal 0.988154 -0.125704 0.0880343
    outer loop
      vertex 12.2562 218.924 224.8
      vertex 12.1529 219.162 226.3
      vertex 12.231 218.725 224.8
    endloop
  endfacet
  facet normal 0.992438 -0.0938971 0.0790581
    outer loop
      vertex 12.1923 219.57 226.3
      vertex 12.2712 219.141 224.8
      vertex 12.193 219.577 226.3
    endloop
  endfacet
  facet normal 0.992444 -0.0938479 0.0790443
    outer loop
      vertex 12.2712 219.141 224.8
      vertex 12.1923 219.57 226.3
      vertex 12.2703 219.132 224.8
    endloop
  endfacet
  facet normal 0.995498 -0.0635179 0.0703481
    outer loop
      vertex 12.1795 219.369 226.3
      vertex 12.2703 219.132 224.8
      vertex 12.1923 219.57 226.3
    endloop
  endfacet
  facet normal 0.995498 -0.063517 0.070348
    outer loop
      vertex 12.2703 219.132 224.8
      vertex 12.1795 219.369 226.3
      vertex 12.2576 218.932 224.8
    endloop
  endfacet
  facet normal 0.997628 -0.0315054 0.0612072
    outer loop
      vertex 12.1931 219.779 226.3
      vertex 12.2716 219.35 224.8
      vertex 12.1934 219.786 226.3
    endloop
  endfacet
  facet normal 0.997631 -0.0314452 0.0611901
    outer loop
      vertex 12.2716 219.35 224.8
      vertex 12.1931 219.779 226.3
      vertex 12.2714 219.341 224.8
    endloop
  endfacet
  facet normal 0.998629 -0.000912781 0.0523335
    outer loop
      vertex 12.193 219.577 226.3
      vertex 12.2714 219.341 224.8
      vertex 12.1931 219.779 226.3
    endloop
  endfacet
  facet normal 0.998629 -0.000914147 0.0523337
    outer loop
      vertex 12.2714 219.341 224.8
      vertex 12.193 219.577 226.3
      vertex 12.2712 219.141 224.8
    endloop
  endfacet
  facet normal 0.998583 0.0313374 0.0430153
    outer loop
      vertex 12.1809 219.987 226.3
      vertex 12.259 219.558 224.8
      vertex 12.1807 219.994 226.3
    endloop
  endfacet
  facet normal 0.99858 0.0314751 0.0429758
    outer loop
      vertex 12.259 219.558 224.8
      vertex 12.1809 219.987 226.3
      vertex 12.2592 219.549 224.8
    endloop
  endfacet
  facet normal 0.9975 0.0619319 0.0340386
    outer loop
      vertex 12.1934 219.786 226.3
      vertex 12.2592 219.549 224.8
      vertex 12.1809 219.987 226.3
    endloop
  endfacet
  facet normal 0.9975 0.0619292 0.0340391
    outer loop
      vertex 12.2592 219.549 224.8
      vertex 12.1934 219.786 226.3
      vertex 12.2716 219.35 224.8
    endloop
  endfacet
  facet normal 0.99527 0.0939655 0.0246755
    outer loop
      vertex 12.1556 220.194 226.3
      vertex 12.2332 219.765 224.8
      vertex 12.1549 220.201 226.3
    endloop
  endfacet
  facet normal 0.995266 0.0940069 0.0246635
    outer loop
      vertex 12.2332 219.765 224.8
      vertex 12.1556 220.194 226.3
      vertex 12.2341 219.757 224.8
    endloop
  endfacet
  facet normal 0.9921 0.124472 0.0156206
    outer loop
      vertex 12.1807 219.994 226.3
      vertex 12.2341 219.757 224.8
      vertex 12.1556 220.194 226.3
    endloop
  endfacet
  facet normal 0.992101 0.124466 0.0156217
    outer loop
      vertex 12.2341 219.757 224.8
      vertex 12.1807 219.994 226.3
      vertex 12.259 219.558 224.8
    endloop
  endfacet
  facet normal 0.987638 0.156632 0.00611141
    outer loop
      vertex 12.1174 220.399 226.3
      vertex 12.1945 219.971 224.8
      vertex 12.1162 220.406 226.3
    endloop
  endfacet
  facet normal 0.987662 0.156481 0.00615574
    outer loop
      vertex 12.1945 219.971 224.8
      vertex 12.1174 220.399 226.3
      vertex 12.1959 219.962 224.8
    endloop
  endfacet
  facet normal 0.982448 0.186516 -0.00286349
    outer loop
      vertex 12.1549 220.201 226.3
      vertex 12.1959 219.962 224.8
      vertex 12.1174 220.399 226.3
    endloop
  endfacet
  facet normal 0.982448 0.186517 -0.00286367
    outer loop
      vertex 12.1959 219.962 224.8
      vertex 12.1549 220.201 226.3
      vertex 12.2332 219.765 224.8
    endloop
  endfacet
  facet normal 0.975953 0.21764 -0.0121739
    outer loop
      vertex 12.0663 220.601 226.3
      vertex 12.143 220.173 224.8
      vertex 12.0648 220.608 226.3
    endloop
  endfacet
  facet normal 0.975789 0.218365 -0.0123892
    outer loop
      vertex 12.143 220.173 224.8
      vertex 12.0663 220.601 226.3
      vertex 12.145 220.165 224.8
    endloop
  endfacet
  facet normal 0.968586 0.247763 -0.0213211
    outer loop
      vertex 12.1162 220.406 226.3
      vertex 12.145 220.165 224.8
      vertex 12.0663 220.601 226.3
    endloop
  endfacet
  facet normal 0.96859 0.247748 -0.0213187
    outer loop
      vertex 12.145 220.165 224.8
      vertex 12.1162 220.406 226.3
      vertex 12.1945 219.971 224.8
    endloop
  endfacet
  facet normal 0.959708 0.279298 -0.0308676
    outer loop
      vertex 12.0027 220.8 226.3
      vertex 12.0789 220.372 224.8
      vertex 12.0007 220.807 226.3
    endloop
  endfacet
  facet normal 0.959905 0.278644 -0.030671
    outer loop
      vertex 12.0789 220.372 224.8
      vertex 12.0027 220.8 226.3
      vertex 12.0814 220.363 224.8
    endloop
  endfacet
  facet normal 0.950563 0.307984 -0.0396929
    outer loop
      vertex 12.0648 220.608 226.3
      vertex 12.0814 220.363 224.8
      vertex 12.0027 220.8 226.3
    endloop
  endfacet
  facet normal 0.950566 0.307976 -0.0396916
    outer loop
      vertex 12.0814 220.363 224.8
      vertex 12.0648 220.608 226.3
      vertex 12.143 220.173 224.8
    endloop
  endfacet
  facet normal 0.939636 0.338638 -0.0490824
    outer loop
      vertex 11.9267 220.994 226.3
      vertex 12.0025 220.566 224.8
      vertex 11.9243 221.001 226.3
    endloop
  endfacet
  facet normal 0.939694 0.338484 -0.0490354
    outer loop
      vertex 12.0025 220.566 224.8
      vertex 11.9267 220.994 226.3
      vertex 12.0055 220.558 224.8
    endloop
  endfacet
  facet normal 0.928559 0.366655 -0.0578057
    outer loop
      vertex 12.0007 220.807 226.3
      vertex 12.0055 220.558 224.8
      vertex 11.9267 220.994 226.3
    endloop
  endfacet
  facet normal 0.928553 0.366672 -0.0578085
    outer loop
      vertex 12.0055 220.558 224.8
      vertex 12.0007 220.807 226.3
      vertex 12.0789 220.372 224.8
    endloop
  endfacet
  facet normal 0.915836 0.395941 -0.0668891
    outer loop
      vertex 11.8387 221.183 226.3
      vertex 11.9139 220.755 224.8
      vertex 11.8358 221.189 226.3
    endloop
  endfacet
  facet normal 0.915713 0.396214 -0.0669728
    outer loop
      vertex 11.9139 220.755 224.8
      vertex 11.8387 221.183 226.3
      vertex 11.9175 220.747 224.8
    endloop
  endfacet
  facet normal 0.902589 0.4238 -0.0756718
    outer loop
      vertex 11.9243 221.001 226.3
      vertex 11.9175 220.747 224.8
      vertex 11.8387 221.183 226.3
    endloop
  endfacet
  facet normal 0.902592 0.423794 -0.0756708
    outer loop
      vertex 11.9175 220.747 224.8
      vertex 11.9243 221.001 226.3
      vertex 12.0025 220.566 224.8
    endloop
  endfacet
  facet normal 0.887826 0.452328 -0.0846413
    outer loop
      vertex 11.739 221.366 226.3
      vertex 11.8137 220.939 224.8
      vertex 11.7357 221.372 226.3
    endloop
  endfacet
  facet normal 0.887656 0.452644 -0.0847397
    outer loop
      vertex 11.8137 220.939 224.8
      vertex 11.739 221.366 226.3
      vertex 11.8177 220.931 224.8
    endloop
  endfacet
  facet normal 0.87293 0.478875 -0.0931239
    outer loop
      vertex 11.8358 221.189 226.3
      vertex 11.8177 220.931 224.8
      vertex 11.739 221.366 226.3
    endloop
  endfacet
  facet normal 0.872924 0.478885 -0.0931257
    outer loop
      vertex 11.8177 220.931 224.8
      vertex 11.8358 221.189 226.3
      vertex 11.9139 220.755 224.8
    endloop
  endfacet
  facet normal 0.856482 0.506043 -0.101776
    outer loop
      vertex 11.628 221.543 226.3
      vertex 11.7022 221.115 224.8
      vertex 11.6243 221.549 226.3
    endloop
  endfacet
  facet normal 0.856298 0.506336 -0.101868
    outer loop
      vertex 11.7022 221.115 224.8
      vertex 11.628 221.543 226.3
      vertex 11.7067 221.108 224.8
    endloop
  endfacet
  facet normal 0.839644 0.531853 -0.110141
    outer loop
      vertex 11.7357 221.372 226.3
      vertex 11.7067 221.108 224.8
      vertex 11.628 221.543 226.3
    endloop
  endfacet
  facet normal 0.839664 0.531822 -0.110136
    outer loop
      vertex 11.7067 221.108 224.8
      vertex 11.7357 221.372 226.3
      vertex 11.8137 220.939 224.8
    endloop
  endfacet
  facet normal 0.82146 0.557812 -0.11853
    outer loop
      vertex 11.5061 221.712 226.3
      vertex 11.5798 221.284 224.8
      vertex 11.502 221.718 226.3
    endloop
  endfacet
  facet normal 0.821003 0.558441 -0.118731
    outer loop
      vertex 11.5798 221.284 224.8
      vertex 11.5061 221.712 226.3
      vertex 11.5848 221.277 224.8
    endloop
  endfacet
  facet normal 0.802995 0.582382 -0.126612
    outer loop
      vertex 11.6243 221.549 226.3
      vertex 11.5848 221.277 224.8
      vertex 11.5061 221.712 226.3
    endloop
  endfacet
  facet normal 0.803017 0.582352 -0.126608
    outer loop
      vertex 11.5848 221.277 224.8
      vertex 11.6243 221.549 226.3
      vertex 11.7022 221.115 224.8
    endloop
  endfacet
  facet normal 0.783609 0.606513 -0.134535
    outer loop
      vertex 11.3738 221.873 226.3
      vertex 11.447 221.446 224.8
      vertex 11.3694 221.879 226.3
    endloop
  endfacet
  facet normal 0.783007 0.607237 -0.13477
    outer loop
      vertex 11.447 221.446 224.8
      vertex 11.3738 221.873 226.3
      vertex 11.4524 221.439 224.8
    endloop
  endfacet
  facet normal 0.763195 0.630265 -0.142476
    outer loop
      vertex 11.502 221.718 226.3
      vertex 11.4524 221.439 224.8
      vertex 11.3738 221.873 226.3
    endloop
  endfacet
  facet normal 0.763209 0.630249 -0.142473
    outer loop
      vertex 11.4524 221.439 224.8
      vertex 11.502 221.718 226.3
      vertex 11.5798 221.284 224.8
    endloop
  endfacet
  facet normal 0.741357 0.654038 -0.150412
    outer loop
      vertex 11.2317 222.026 226.3
      vertex 11.3044 221.598 224.8
      vertex 11.2269 222.031 226.3
    endloop
  endfacet
  facet normal 0.74181 0.65356 -0.150254
    outer loop
      vertex 11.3044 221.598 224.8
      vertex 11.2317 222.026 226.3
      vertex 11.3102 221.592 224.8
    endloop
  endfacet
  facet normal 0.720427 0.675367 -0.157683
    outer loop
      vertex 11.3694 221.879 226.3
      vertex 11.3102 221.592 224.8
      vertex 11.2317 222.026 226.3
    endloop
  endfacet
  facet normal 0.72042 0.675375 -0.157684
    outer loop
      vertex 11.3102 221.592 224.8
      vertex 11.3694 221.879 226.3
      vertex 11.447 221.446 224.8
    endloop
  endfacet
  facet normal 0.697598 0.697208 -0.165102
    outer loop
      vertex 11.0802 222.169 226.3
      vertex 11.1524 221.742 224.8
      vertex 11.0751 222.174 226.3
    endloop
  endfacet
  facet normal 0.697561 0.697242 -0.165113
    outer loop
      vertex 11.1524 221.742 224.8
      vertex 11.0802 222.169 226.3
      vertex 11.1587 221.735 224.8
    endloop
  endfacet
  facet normal 0.674925 0.717521 -0.17216
    outer loop
      vertex 11.1587 221.735 224.8
      vertex 11.2269 222.031 226.3
      vertex 11.3044 221.598 224.8
    endloop
  endfacet
  facet normal 0.674929 0.717518 -0.172159
    outer loop
      vertex 11.2269 222.031 226.3
      vertex 11.1587 221.735 224.8
      vertex 11.0802 222.169 226.3
    endloop
  endfacet
  facet normal 0.650375 0.738145 -0.179316
    outer loop
      vertex 10.9918 221.875 224.8
      vertex 10.9201 222.303 226.3
      vertex 10.9984 221.869 224.8
    endloop
  endfacet
  facet normal 0.650365 0.738154 -0.179319
    outer loop
      vertex 10.9201 222.303 226.3
      vertex 10.9918 221.875 224.8
      vertex 10.9147 222.307 226.3
    endloop
  endfacet
  facet normal 0.627012 0.756518 -0.185843
    outer loop
      vertex 10.9984 221.869 224.8
      vertex 11.0751 222.174 226.3
      vertex 11.1524 221.742 224.8
    endloop
  endfacet
  facet normal 0.627021 0.75651 -0.185842
    outer loop
      vertex 11.0751 222.174 226.3
      vertex 10.9984 221.869 224.8
      vertex 10.9201 222.303 226.3
    endloop
  endfacet
  facet normal 0.601208 0.775537 -0.192591
    outer loop
      vertex 10.8231 221.998 224.8
      vertex 10.7519 222.426 226.3
      vertex 10.8301 221.993 224.8
    endloop
  endfacet
  facet normal 0.601107 0.775609 -0.192616
    outer loop
      vertex 10.7519 222.426 226.3
      vertex 10.8231 221.998 224.8
      vertex 10.7462 222.43 226.3
    endloop
  endfacet
  facet normal 0.576765 0.792369 -0.198729
    outer loop
      vertex 10.8301 221.993 224.8
      vertex 10.9147 222.307 226.3
      vertex 10.9918 221.875 224.8
    endloop
  endfacet
  facet normal 0.576743 0.792385 -0.198731
    outer loop
      vertex 10.9147 222.307 226.3
      vertex 10.8301 221.993 224.8
      vertex 10.7519 222.426 226.3
    endloop
  endfacet
  facet normal 0.549218 0.810097 -0.205188
    outer loop
      vertex 10.647 222.11 224.8
      vertex 10.5763 222.538 226.3
      vertex 10.6543 222.105 224.8
    endloop
  endfacet
  facet normal 0.549872 0.809691 -0.205041
    outer loop
      vertex 10.5763 222.538 226.3
      vertex 10.647 222.11 224.8
      vertex 10.5703 222.542 226.3
    endloop
  endfacet
  facet normal 0.524537 0.824893 -0.210741
    outer loop
      vertex 10.6543 222.105 224.8
      vertex 10.7462 222.43 226.3
      vertex 10.8231 221.998 224.8
    endloop
  endfacet
  facet normal 0.524541 0.824891 -0.210741
    outer loop
      vertex 10.7462 222.43 226.3
      vertex 10.6543 222.105 224.8
      vertex 10.5763 222.538 226.3
    endloop
  endfacet
  facet normal 0.496921 0.840343 -0.216548
    outer loop
      vertex 10.4642 222.211 224.8
      vertex 10.3939 222.64 226.3
      vertex 10.4718 222.207 224.8
    endloop
  endfacet
  facet normal 0.496856 0.840378 -0.216561
    outer loop
      vertex 10.3939 222.64 226.3
      vertex 10.4642 222.211 224.8
      vertex 10.3877 222.643 226.3
    endloop
  endfacet
  facet normal 0.470494 0.854053 -0.221875
    outer loop
      vertex 10.4718 222.207 224.8
      vertex 10.5703 222.542 226.3
      vertex 10.647 222.11 224.8
    endloop
  endfacet
  facet normal 0.470484 0.854059 -0.221876
    outer loop
      vertex 10.5703 222.542 226.3
      vertex 10.4718 222.207 224.8
      vertex 10.3939 222.64 226.3
    endloop
  endfacet
  facet normal 0.441974 0.867774 -0.227216
    outer loop
      vertex 10.2754 222.301 224.8
      vertex 10.2056 222.729 226.3
      vertex 10.2833 222.297 224.8
    endloop
  endfacet
  facet normal 0.442139 0.867698 -0.227186
    outer loop
      vertex 10.2056 222.729 226.3
      vertex 10.2754 222.301 224.8
      vertex 10.1992 222.732 226.3
    endloop
  endfacet
  facet normal 0.414959 0.879746 -0.232069
    outer loop
      vertex 10.2833 222.297 224.8
      vertex 10.3877 222.643 226.3
      vertex 10.4642 222.211 224.8
    endloop
  endfacet
  facet normal 0.414939 0.879755 -0.232069
    outer loop
      vertex 10.3877 222.643 226.3
      vertex 10.2833 222.297 224.8
      vertex 10.2056 222.729 226.3
    endloop
  endfacet
  facet normal 0.387003 0.891174 -0.236723
    outer loop
      vertex 10.0814 222.378 224.8
      vertex 10.012 222.807 226.3
      vertex 10.0895 222.375 224.8
    endloop
  endfacet
  facet normal 0.385751 0.891664 -0.236921
    outer loop
      vertex 10.012 222.807 226.3
      vertex 10.0814 222.378 224.8
      vertex 10.0054 222.81 226.3
    endloop
  endfacet
  facet normal 0.358022 0.901987 -0.241328
    outer loop
      vertex 10.0895 222.375 224.8
      vertex 10.1992 222.732 226.3
      vertex 10.2754 222.301 224.8
    endloop
  endfacet
  facet normal 0.358068 0.901969 -0.241328
    outer loop
      vertex 10.1992 222.732 226.3
      vertex 10.0895 222.375 224.8
      vertex 10.012 222.807 226.3
    endloop
  endfacet
  facet normal 0.327871 0.912204 -0.245735
    outer loop
      vertex 9.88291 222.443 224.8
      vertex 9.81395 222.872 226.3
      vertex 9.89123 222.44 224.8
    endloop
  endfacet
  facet normal 0.3276 0.912291 -0.245772
    outer loop
      vertex 9.81395 222.872 226.3
      vertex 9.88291 222.443 224.8
      vertex 9.80715 222.874 226.3
    endloop
  endfacet
  facet normal 0.299998 0.920702 -0.249618
    outer loop
      vertex 9.89123 222.44 224.8
      vertex 10.0054 222.81 226.3
      vertex 10.0814 222.378 224.8
    endloop
  endfacet
  facet normal 0.299991 0.920704 -0.249618
    outer loop
      vertex 10.0054 222.81 226.3
      vertex 9.89123 222.44 224.8
      vertex 9.81395 222.872 226.3
    endloop
  endfacet
  facet normal 0.270353 0.928818 -0.25339
    outer loop
      vertex 9.68073 222.495 224.8
      vertex 9.61218 222.925 226.3
      vertex 9.68922 222.493 224.8
    endloop
  endfacet
  facet normal 0.271559 0.928506 -0.253246
    outer loop
      vertex 9.61218 222.925 226.3
      vertex 9.68073 222.495 224.8
      vertex 9.60524 222.927 226.3
    endloop
  endfacet
  facet normal 0.241167 0.93586 -0.256914
    outer loop
      vertex 9.68922 222.493 224.8
      vertex 9.80715 222.874 226.3
      vertex 9.88291 222.443 224.8
    endloop
  endfacet
  facet normal 0.241179 0.935857 -0.256914
    outer loop
      vertex 9.80715 222.874 226.3
      vertex 9.68922 222.493 224.8
      vertex 9.61218 222.925 226.3
    endloop
  endfacet
  facet normal 0.211533 0.942113 -0.260147
    outer loop
      vertex 9.47566 222.535 224.8
      vertex 9.40748 222.965 226.3
      vertex 9.48429 222.533 224.8
    endloop
  endfacet
  facet normal 0.210019 0.942409 -0.260301
    outer loop
      vertex 9.40748 222.965 226.3
      vertex 9.47566 222.535 224.8
      vertex 9.40043 222.966 226.3
    endloop
  endfacet
  facet normal 0.181564 0.947493 -0.263233
    outer loop
      vertex 9.48429 222.533 224.8
      vertex 9.60524 222.927 226.3
      vertex 9.68073 222.495 224.8
    endloop
  endfacet
  facet normal 0.181532 0.947499 -0.263233
    outer loop
      vertex 9.60524 222.927 226.3
      vertex 9.48429 222.533 224.8
      vertex 9.40748 222.965 226.3
    endloop
  endfacet
  facet normal 0.149713 0.952239 -0.266134
    outer loop
      vertex 9.26851 222.562 224.8
      vertex 9.2007 222.992 226.3
      vertex 9.27725 222.56 224.8
    endloop
  endfacet
  facet normal 0.150629 0.952116 -0.266057
    outer loop
      vertex 9.2007 222.992 226.3
      vertex 9.26851 222.562 224.8
      vertex 9.19356 222.993 226.3
    endloop
  endfacet
  facet normal 0.121551 0.955574 -0.268521
    outer loop
      vertex 9.27725 222.56 224.8
      vertex 9.40043 222.966 226.3
      vertex 9.47566 222.535 224.8
    endloop
  endfacet
  facet normal 0.12162 0.955564 -0.268524
    outer loop
      vertex 9.40043 222.966 226.3
      vertex 9.27725 222.56 224.8
      vertex 9.2007 222.992 226.3
    endloop
  endfacet
  facet normal 0.0913459 0.958302 -0.270765
    outer loop
      vertex 9.0601 222.575 224.8
      vertex 8.99262 223.005 226.3
      vertex 9.06891 222.574 224.8
    endloop
  endfacet
  facet normal 0.0894414 0.958446 -0.270892
    outer loop
      vertex 8.99262 223.005 226.3
      vertex 9.0601 222.575 224.8
      vertex 8.98543 223.006 226.3
    endloop
  endfacet
  facet normal 0.0612848 0.960111 -0.272819
    outer loop
      vertex 9.06891 222.574 224.8
      vertex 9.19356 222.993 226.3
      vertex 9.26851 222.562 224.8
    endloop
  endfacet
  facet normal 0.0612435 0.960115 -0.272817
    outer loop
      vertex 9.19356 222.993 226.3
      vertex 9.06891 222.574 224.8
      vertex 8.99262 223.005 226.3
    endloop
  endfacet
  facet normal 0.0298657 0.961094 -0.274602
    outer loop
      vertex 8.85125 222.576 224.8
      vertex 8.78408 223.006 226.3
      vertex 8.86009 222.575 224.8
    endloop
  endfacet
  facet normal 0.0284287 0.961117 -0.274673
    outer loop
      vertex 8.78408 223.006 226.3
      vertex 8.85125 222.576 224.8
      vertex 8.77686 223.007 226.3
    endloop
  endfacet
  facet normal 0.000879884 0.961136 -0.276074
    outer loop
      vertex 8.86009 222.575 224.8
      vertex 8.98543 223.006 226.3
      vertex 9.0601 222.575 224.8
    endloop
  endfacet
  facet normal 0.00094689 0.961135 -0.276079
    outer loop
      vertex 8.98543 223.006 226.3
      vertex 8.86009 222.575 224.8
      vertex 8.78408 223.006 226.3
    endloop
  endfacet
  facet normal 0.821125 0.558339 -0.11837
    outer loop
      vertex 3.08602 230.849 226.3
      vertex 2.95882 230.718 224.8
      vertex 2.89048 231.137 226.3
    endloop
  endfacet
  facet normal 0.821111 0.55836 -0.11837
    outer loop
      vertex 2.95882 230.718 224.8
      vertex 3.08602 230.849 226.3
      vertex 3.19813 230.366 224.8
    endloop
  endfacet
  facet normal 0.802761 0.582507 -0.127515
    outer loop
      vertex 8.77686 223.007 226.3
      vertex 3.19813 230.366 224.8
      vertex 3.08602 230.849 226.3
    endloop
  endfacet
  facet normal 0.802761 0.582507 -0.127514
    outer loop
      vertex 3.19813 230.366 224.8
      vertex 8.77686 223.007 226.3
      vertex 8.85125 222.576 224.8
    endloop
  endfacet
  facet normal 0.902038 0.42523 -0.0742069
    outer loop
      vertex -8.36659 253.239 226.3
      vertex -8.33472 252.91 224.8
      vertex -8.39219 253.293 226.3
    endloop
  endfacet
  facet normal 0.902034 0.425238 -0.0742087
    outer loop
      vertex -8.33472 252.91 224.8
      vertex -8.36659 253.239 226.3
      vertex -8.22364 252.674 224.8
    endloop
  endfacet
  facet normal 0.90199 0.425327 -0.0742314
    outer loop
      vertex -8.72507 253.999 226.3
      vertex -8.68819 253.659 224.8
      vertex -8.74616 254.044 226.3
    endloop
  endfacet
  facet normal 0.902027 0.425252 -0.0742135
    outer loop
      vertex -8.68819 253.659 224.8
      vertex -8.72507 253.999 226.3
      vertex -8.66654 253.614 224.8
    endloop
  endfacet
  facet normal 0.887802 0.452173 -0.0857105
    outer loop
      vertex 2.89048 231.137 226.3
      vertex -8.22364 252.674 224.8
      vertex -8.36659 253.239 226.3
    endloop
  endfacet
  facet normal 0.887802 0.452173 -0.0857116
    outer loop
      vertex -8.22364 252.674 224.8
      vertex 2.89048 231.137 226.3
      vertex 2.95882 230.718 224.8
    endloop
  endfacet
  facet normal -0.99906 -0.0305239 -0.0307832
    outer loop
      vertex -8.68819 253.659 224.8
      vertex -8.72538 253.364 226.3
      vertex -8.74616 254.044 226.3
    endloop
  endfacet
  facet normal -0.99906 -0.030524 -0.0307832
    outer loop
      vertex -8.72538 253.364 226.3
      vertex -8.68819 253.659 224.8
      vertex -8.66742 252.98 224.8
    endloop
  endfacet
  facet normal -0.193687 -0.943962 0.267247
    outer loop
      vertex 7.08829 216.291 224.8
      vertex 7.66567 216.598 226.3
      vertex 7.13559 216.706 226.3
    endloop
  endfacet
  facet normal -0.193669 -0.943967 0.267241
    outer loop
      vertex 7.66567 216.598 226.3
      vertex 7.08829 216.291 224.8
      vertex 7.73705 216.158 224.8
    endloop
  endfacet
  facet normal -0.164733 -0.949288 0.267797
    outer loop
      vertex -5.67933 218.507 224.8
      vertex 7.13559 216.706 226.3
      vertex -5.73385 218.94 226.3
    endloop
  endfacet
  facet normal -0.164734 -0.949285 0.267806
    outer loop
      vertex 7.13559 216.706 226.3
      vertex -5.67933 218.507 224.8
      vertex 7.08829 216.291 224.8
    endloop
  endfacet
  facet normal -0.389214 -0.888841 0.241813
    outer loop
      vertex 7.81226 216.128 224.8
      vertex 7.74407 216.566 226.3
      vertex 7.74139 216.567 226.3
    endloop
  endfacet
  facet normal -0.384827 -0.890559 0.242514
    outer loop
      vertex 7.74407 216.566 226.3
      vertex 7.81226 216.128 224.8
      vertex 7.81555 216.127 224.8
    endloop
  endfacet
  facet normal -0.357415 -0.900749 0.246792
    outer loop
      vertex 7.73705 216.158 224.8
      vertex 7.74139 216.567 226.3
      vertex 7.66567 216.598 226.3
    endloop
  endfacet
  facet normal -0.357584 -0.900686 0.246775
    outer loop
      vertex 7.74139 216.567 226.3
      vertex 7.73705 216.158 224.8
      vertex 7.81226 216.128 224.8
    endloop
  endfacet
  facet normal -0.327124 -0.910964 0.251267
    outer loop
      vertex 8.00572 216.065 224.8
      vertex 7.94231 216.501 226.3
      vertex 7.93551 216.504 226.3
    endloop
  endfacet
  facet normal -0.327394 -0.910877 0.25123
    outer loop
      vertex 7.94231 216.501 226.3
      vertex 8.00572 216.065 224.8
      vertex 8.01404 216.062 224.8
    endloop
  endfacet
  facet normal -0.299554 -0.919366 0.255015
    outer loop
      vertex 7.81555 216.127 224.8
      vertex 7.93551 216.504 226.3
      vertex 7.74407 216.566 226.3
    endloop
  endfacet
  facet normal -0.299561 -0.919364 0.255015
    outer loop
      vertex 7.93551 216.504 226.3
      vertex 7.81555 216.127 224.8
      vertex 8.00572 216.065 224.8
    endloop
  endfacet
  facet normal -0.271152 -0.927116 0.258713
    outer loop
      vertex 8.20772 216.012 224.8
      vertex 8.14423 216.449 226.3
      vertex 8.13729 216.451 226.3
    endloop
  endfacet
  facet normal -0.268398 -0.927827 0.259037
    outer loop
      vertex 8.14423 216.449 226.3
      vertex 8.20772 216.012 224.8
      vertex 8.21622 216.01 224.8
    endloop
  endfacet
  facet normal -0.240821 -0.93446 0.26228
    outer loop
      vertex 8.01404 216.062 224.8
      vertex 8.13729 216.451 226.3
      vertex 7.94231 216.501 226.3
    endloop
  endfacet
  facet normal -0.240877 -0.934445 0.262281
    outer loop
      vertex 8.13729 216.451 226.3
      vertex 8.01404 216.062 224.8
      vertex 8.20772 216.012 224.8
    endloop
  endfacet
  facet normal -0.209724 -0.940958 0.265732
    outer loop
      vertex 8.41266 215.972 224.8
      vertex 8.34903 216.41 226.3
      vertex 8.34198 216.411 226.3
    endloop
  endfacet
  facet normal -0.211209 -0.940668 0.265584
    outer loop
      vertex 8.34903 216.41 226.3
      vertex 8.41266 215.972 224.8
      vertex 8.42129 215.97 224.8
    endloop
  endfacet
  facet normal -0.181253 -0.946056 0.268562
    outer loop
      vertex 8.21622 216.01 224.8
      vertex 8.34198 216.411 226.3
      vertex 8.14423 216.449 226.3
    endloop
  endfacet
  facet normal -0.181286 -0.946049 0.268563
    outer loop
      vertex 8.34198 216.411 226.3
      vertex 8.21622 216.01 224.8
      vertex 8.41266 215.972 224.8
    endloop
  endfacet
  facet normal -0.150394 -0.950629 0.271451
    outer loop
      vertex 8.6197 215.945 224.8
      vertex 8.5559 216.383 226.3
      vertex 8.54877 216.384 226.3
    endloop
  endfacet
  facet normal -0.151106 -0.950533 0.271392
    outer loop
      vertex 8.5559 216.383 226.3
      vertex 8.6197 215.945 224.8
      vertex 8.62844 215.943 224.8
    endloop
  endfacet
  facet normal -0.121431 -0.954079 0.27384
    outer loop
      vertex 8.42129 215.97 224.8
      vertex 8.54877 216.384 226.3
      vertex 8.34903 216.41 226.3
    endloop
  endfacet
  facet normal -0.121362 -0.954088 0.273837
    outer loop
      vertex 8.54877 216.384 226.3
      vertex 8.42129 215.97 224.8
      vertex 8.6197 215.945 224.8
    endloop
  endfacet
  facet normal -0.0893109 -0.95692 0.276274
    outer loop
      vertex 8.82804 215.931 224.8
      vertex 8.76404 216.37 226.3
      vertex 8.75684 216.37 226.3
    endloop
  endfacet
  facet normal -0.0912006 -0.956777 0.276151
    outer loop
      vertex 8.76404 216.37 226.3
      vertex 8.82804 215.931 224.8
      vertex 8.83685 215.93 224.8
    endloop
  endfacet
  facet normal -0.0611467 -0.958602 0.278108
    outer loop
      vertex 8.62844 215.943 224.8
      vertex 8.75684 216.37 226.3
      vertex 8.5559 216.383 226.3
    endloop
  endfacet
  facet normal -0.0611153 -0.958604 0.278106
    outer loop
      vertex 8.75684 216.37 226.3
      vertex 8.62844 215.943 224.8
      vertex 8.82804 215.931 224.8
    endloop
  endfacet
  facet normal -0.0304052 -0.959539 0.27993
    outer loop
      vertex 9.03687 215.93 224.8
      vertex 8.97262 216.369 226.3
      vertex 8.96539 216.37 226.3
    endloop
  endfacet
  facet normal -0.0298145 -0.959549 0.279958
    outer loop
      vertex 8.97262 216.369 226.3
      vertex 9.03687 215.93 224.8
      vertex 9.04571 215.929 224.8
    endloop
  endfacet
  facet normal -0.000872612 -0.959601 0.281364
    outer loop
      vertex 8.83685 215.93 224.8
      vertex 8.96539 216.37 226.3
      vertex 8.76404 216.37 226.3
    endloop
  endfacet
  facet normal -0.000805231 -0.959602 0.281359
    outer loop
      vertex 8.96539 216.37 226.3
      vertex 8.83685 215.93 224.8
      vertex 9.03687 215.93 224.8
    endloop
  endfacet
  facet normal 0.0303837 -0.958732 0.282683
    outer loop
      vertex 9.24534 215.942 224.8
      vertex 9.1808 216.382 226.3
      vertex 9.17358 216.382 226.3
    endloop
  endfacet
  facet normal 0.029793 -0.958756 0.282665
    outer loop
      vertex 9.1808 216.382 226.3
      vertex 9.24534 215.942 224.8
      vertex 9.25418 215.942 224.8
    endloop
  endfacet
  facet normal 0.0593732 -0.957107 0.283588
    outer loop
      vertex 9.04571 215.929 224.8
      vertex 9.17358 216.382 226.3
      vertex 8.97262 216.369 226.3
    endloop
  endfacet
  facet normal 0.0593303 -0.957108 0.283592
    outer loop
      vertex 9.17358 216.382 226.3
      vertex 9.04571 215.929 224.8
      vertex 9.24534 215.942 224.8
    endloop
  endfacet
  facet normal 0.0929025 0.957228 -0.274015
    outer loop
      vertex 8.91836 218.422 224.8
      vertex 8.84705 218.858 226.3
      vertex 8.92056 218.422 224.8
    endloop
  endfacet
  facet normal 0.0893997 0.957491 -0.274259
    outer loop
      vertex 8.84705 218.858 226.3
      vertex 8.91836 218.422 224.8
      vertex 8.84525 218.859 226.3
    endloop
  endfacet
  facet normal 0.0610168 0.959181 -0.276133
    outer loop
      vertex 8.86847 218.425 224.8
      vertex 8.84525 218.859 226.3
      vertex 8.91836 218.422 224.8
    endloop
  endfacet
  facet normal 0.0611946 0.959171 -0.276128
    outer loop
      vertex 8.84525 218.859 226.3
      vertex 8.86847 218.425 224.8
      vertex 8.79503 218.862 226.3
    endloop
  endfacet
  facet normal 0.152805 0.950877 -0.269229
    outer loop
      vertex 8.86629 218.426 224.8
      vertex 8.79503 218.862 226.3
      vertex 8.86847 218.425 224.8
    endloop
  endfacet
  facet normal 0.154462 0.95065 -0.269084
    outer loop
      vertex 8.79503 218.862 226.3
      vertex 8.86629 218.426 224.8
      vertex 8.79325 218.862 226.3
    endloop
  endfacet
  facet normal 0.121556 0.954633 -0.271846
    outer loop
      vertex 8.81667 218.432 224.8
      vertex 8.79325 218.862 226.3
      vertex 8.86629 218.426 224.8
    endloop
  endfacet
  facet normal 0.121335 0.954658 -0.271856
    outer loop
      vertex 8.79325 218.862 226.3
      vertex 8.81667 218.432 224.8
      vertex 8.7433 218.868 226.3
    endloop
  endfacet
  facet normal 0.206497 0.942145 -0.264049
    outer loop
      vertex 8.81452 218.432 224.8
      vertex 8.7433 218.868 226.3
      vertex 8.81667 218.432 224.8
    endloop
  endfacet
  facet normal 0.211852 0.941111 -0.263495
    outer loop
      vertex 8.7433 218.868 226.3
      vertex 8.81452 218.432 224.8
      vertex 8.74154 218.869 226.3
    endloop
  endfacet
  facet normal 0.181463 0.94658 -0.266564
    outer loop
      vertex 8.76541 218.442 224.8
      vertex 8.74154 218.869 226.3
      vertex 8.81452 218.432 224.8
    endloop
  endfacet
  facet normal 0.181429 0.946586 -0.266567
    outer loop
      vertex 8.74154 218.869 226.3
      vertex 8.76541 218.442 224.8
      vertex 8.6921 218.878 226.3
    endloop
  endfacet
  facet normal 0.267022 0.928737 -0.25719
    outer loop
      vertex 8.76328 218.442 224.8
      vertex 8.6921 218.878 226.3
      vertex 8.76541 218.442 224.8
    endloop
  endfacet
  facet normal 0.269407 0.928128 -0.2569
    outer loop
      vertex 8.6921 218.878 226.3
      vertex 8.76328 218.442 224.8
      vertex 8.69037 218.879 226.3
    endloop
  endfacet
  facet normal 0.241039 0.934966 -0.260268
    outer loop
      vertex 8.71487 218.455 224.8
      vertex 8.69037 218.879 226.3
      vertex 8.76328 218.442 224.8
    endloop
  endfacet
  facet normal 0.240911 0.934996 -0.260278
    outer loop
      vertex 8.69037 218.879 226.3
      vertex 8.71487 218.455 224.8
      vertex 8.64163 218.891 226.3
    endloop
  endfacet
  facet normal 0.327472 0.911409 -0.249189
    outer loop
      vertex 8.71279 218.456 224.8
      vertex 8.64163 218.891 226.3
      vertex 8.71487 218.455 224.8
    endloop
  endfacet
  facet normal 0.327345 0.91145 -0.249207
    outer loop
      vertex 8.64163 218.891 226.3
      vertex 8.71279 218.456 224.8
      vertex 8.63993 218.892 226.3
    endloop
  endfacet
  facet normal 0.299914 0.919813 -0.252972
    outer loop
      vertex 8.66524 218.471 224.8
      vertex 8.63993 218.892 226.3
      vertex 8.71279 218.456 224.8
    endloop
  endfacet
  facet normal 0.299971 0.919796 -0.252967
    outer loop
      vertex 8.63993 218.892 226.3
      vertex 8.66524 218.471 224.8
      vertex 8.59206 218.908 226.3
    endloop
  endfacet
  facet normal 0.388211 0.889789 -0.239932
    outer loop
      vertex 8.66321 218.472 224.8
      vertex 8.59206 218.908 226.3
      vertex 8.66524 218.471 224.8
    endloop
  endfacet
  facet normal 0.385271 0.890939 -0.240405
    outer loop
      vertex 8.59206 218.908 226.3
      vertex 8.66321 218.472 224.8
      vertex 8.59041 218.908 226.3
    endloop
  endfacet
  facet normal 0.35775 0.901181 -0.244719
    outer loop
      vertex 8.61674 218.49 224.8
      vertex 8.59041 218.908 226.3
      vertex 8.66321 218.472 224.8
    endloop
  endfacet
  facet normal 0.35774 0.901185 -0.244721
    outer loop
      vertex 8.59041 218.908 226.3
      vertex 8.61674 218.49 224.8
      vertex 8.54363 218.927 226.3
    endloop
  endfacet
  facet normal 0.437423 0.868957 -0.231462
    outer loop
      vertex 8.61477 218.491 224.8
      vertex 8.54363 218.927 226.3
      vertex 8.61674 218.49 224.8
    endloop
  endfacet
  facet normal 0.436702 0.869285 -0.231591
    outer loop
      vertex 8.54363 218.927 226.3
      vertex 8.61477 218.491 224.8
      vertex 8.54202 218.928 226.3
    endloop
  endfacet
  facet normal 0.414535 0.879034 -0.235501
    outer loop
      vertex 8.56954 218.513 224.8
      vertex 8.54202 218.928 226.3
      vertex 8.61477 218.491 224.8
    endloop
  endfacet
  facet normal 0.414696 0.878964 -0.235479
    outer loop
      vertex 8.54202 218.928 226.3
      vertex 8.56954 218.513 224.8
      vertex 8.49648 218.949 226.3
    endloop
  endfacet
  facet normal 0.497891 0.838929 -0.219781
    outer loop
      vertex 8.56763 218.514 224.8
      vertex 8.49648 218.949 226.3
      vertex 8.56954 218.513 224.8
    endloop
  endfacet
  facet normal 0.495007 0.84048 -0.220368
    outer loop
      vertex 8.49648 218.949 226.3
      vertex 8.56763 218.514 224.8
      vertex 8.49493 218.95 226.3
    endloop
  endfacet
  facet normal 0.470129 0.853353 -0.225317
    outer loop
      vertex 8.52384 218.538 224.8
      vertex 8.49493 218.95 226.3
      vertex 8.56763 218.514 224.8
    endloop
  endfacet
  facet normal 0.470235 0.853299 -0.2253
    outer loop
      vertex 8.49493 218.95 226.3
      vertex 8.52384 218.538 224.8
      vertex 8.45084 218.974 226.3
    endloop
  endfacet
  facet normal 0.552251 0.80733 -0.207938
    outer loop
      vertex 8.52202 218.539 224.8
      vertex 8.45084 218.974 226.3
      vertex 8.52384 218.538 224.8
    endloop
  endfacet
  facet normal 0.546474 0.810913 -0.209251
    outer loop
      vertex 8.45084 218.974 226.3
      vertex 8.52202 218.539 224.8
      vertex 8.44935 218.975 226.3
    endloop
  endfacet
  facet normal 0.523945 0.824365 -0.214253
    outer loop
      vertex 8.47981 218.566 224.8
      vertex 8.44935 218.975 226.3
      vertex 8.52202 218.539 224.8
    endloop
  endfacet
  facet normal 0.523997 0.824334 -0.214243
    outer loop
      vertex 8.44935 218.975 226.3
      vertex 8.47981 218.566 224.8
      vertex 8.40686 219.002 226.3
    endloop
  endfacet
  facet normal 0.601812 0.774241 -0.195892
    outer loop
      vertex 8.47806 218.567 224.8
      vertex 8.40686 219.002 226.3
      vertex 8.47981 218.566 224.8
    endloop
  endfacet
  facet normal 0.603271 0.773199 -0.19552
    outer loop
      vertex 8.40686 219.002 226.3
      vertex 8.47806 218.567 224.8
      vertex 8.40543 219.003 226.3
    endloop
  endfacet
  facet normal 0.576247 0.791854 -0.202251
    outer loop
      vertex 8.43764 218.597 224.8
      vertex 8.40543 219.003 226.3
      vertex 8.47806 218.567 224.8
    endloop
  endfacet
  facet normal 0.576273 0.791837 -0.202246
    outer loop
      vertex 8.40543 219.003 226.3
      vertex 8.43764 218.597 224.8
      vertex 8.36474 219.033 226.3
    endloop
  endfacet
  facet normal 0.650871 0.736891 -0.182643
    outer loop
      vertex 8.43598 218.598 224.8
      vertex 8.36474 219.033 226.3
      vertex 8.43764 218.597 224.8
    endloop
  endfacet
  facet normal 0.648981 0.738424 -0.183177
    outer loop
      vertex 8.36474 219.033 226.3
      vertex 8.43598 218.598 224.8
      vertex 8.36338 219.034 226.3
    endloop
  endfacet
  facet normal 0.626564 0.756012 -0.189373
    outer loop
      vertex 8.39748 218.63 224.8
      vertex 8.36338 219.034 226.3
      vertex 8.43598 218.598 224.8
    endloop
  endfacet
  facet normal 0.626749 0.75587 -0.189331
    outer loop
      vertex 8.36338 219.034 226.3
      vertex 8.39748 218.63 224.8
      vertex 8.32463 219.066 226.3
    endloop
  endfacet
  facet normal 0.693696 0.699964 -0.169814
    outer loop
      vertex 8.32463 219.066 226.3
      vertex 8.39592 218.632 224.8
      vertex 8.32335 219.068 226.3
    endloop
  endfacet
  facet normal 0.698943 0.695126 -0.168163
    outer loop
      vertex 8.39592 218.632 224.8
      vertex 8.32463 219.066 226.3
      vertex 8.39748 218.63 224.8
    endloop
  endfacet
  facet normal 0.674495 0.717065 -0.175711
    outer loop
      vertex 8.3595 218.666 224.8
      vertex 8.32335 219.068 226.3
      vertex 8.39592 218.632 224.8
    endloop
  endfacet
  facet normal 0.674506 0.717055 -0.175708
    outer loop
      vertex 8.32335 219.068 226.3
      vertex 8.3595 218.666 224.8
      vertex 8.28669 219.102 226.3
    endloop
  endfacet
  facet normal 0.741819 0.652738 -0.153744
    outer loop
      vertex 8.28669 219.102 226.3
      vertex 8.35804 218.668 224.8
      vertex 8.2855 219.104 226.3
    endloop
  endfacet
  facet normal 0.741945 0.652605 -0.153699
    outer loop
      vertex 8.35804 218.668 224.8
      vertex 8.28669 219.102 226.3
      vertex 8.3595 218.666 224.8
    endloop
  endfacet
  facet normal 0.720007 0.674969 -0.161264
    outer loop
      vertex 8.2855 219.104 226.3
      vertex 8.32383 218.704 224.8
      vertex 8.25107 219.14 226.3
    endloop
  endfacet
  facet normal 0.719852 0.675124 -0.161309
    outer loop
      vertex 8.32383 218.704 224.8
      vertex 8.2855 219.104 226.3
      vertex 8.35804 218.668 224.8
    endloop
  endfacet
  facet normal 0.780736 0.609163 -0.139182
    outer loop
      vertex 8.25107 219.14 226.3
      vertex 8.32248 218.706 224.8
      vertex 8.24996 219.142 226.3
    endloop
  endfacet
  facet normal 0.784105 0.605125 -0.137853
    outer loop
      vertex 8.32248 218.706 224.8
      vertex 8.25107 219.14 226.3
      vertex 8.32383 218.704 224.8
    endloop
  endfacet
  facet normal 0.762888 0.629818 -0.146052
    outer loop
      vertex 8.24996 219.142 226.3
      vertex 8.29064 218.745 224.8
      vertex 8.21791 219.18 226.3
    endloop
  endfacet
  facet normal 0.762737 0.62999 -0.146102
    outer loop
      vertex 8.29064 218.745 224.8
      vertex 8.24996 219.142 226.3
      vertex 8.32248 218.706 224.8
    endloop
  endfacet
  facet normal 0.821025 0.557648 -0.122258
    outer loop
      vertex 8.21791 219.18 226.3
      vertex 8.2894 218.746 224.8
      vertex 8.2169 219.182 226.3
    endloop
  endfacet
  facet normal 0.82125 0.557338 -0.122157
    outer loop
      vertex 8.2894 218.746 224.8
      vertex 8.21791 219.18 226.3
      vertex 8.29064 218.745 224.8
    endloop
  endfacet
  facet normal 0.802696 0.582 -0.130212
    outer loop
      vertex 8.2169 219.182 226.3
      vertex 8.26005 218.787 224.8
      vertex 8.18734 219.223 226.3
    endloop
  endfacet
  facet normal 0.802769 0.581905 -0.130185
    outer loop
      vertex 8.26005 218.787 224.8
      vertex 8.2169 219.182 226.3
      vertex 8.2894 218.746 224.8
    endloop
  endfacet
  facet normal 0.855968 0.506133 -0.105583
    outer loop
      vertex 8.18734 219.223 226.3
      vertex 8.25892 218.789 224.8
      vertex 8.18642 219.224 226.3
    endloop
  endfacet
  facet normal 0.856479 0.505323 -0.105324
    outer loop
      vertex 8.25892 218.789 224.8
      vertex 8.18734 219.223 226.3
      vertex 8.26005 218.787 224.8
    endloop
  endfacet
  facet normal 0.839203 0.531769 -0.11384
    outer loop
      vertex 8.18642 219.224 226.3
      vertex 8.23216 218.831 224.8
      vertex 8.15949 219.267 226.3
    endloop
  endfacet
  facet normal 0.839153 0.531844 -0.113861
    outer loop
      vertex 8.23216 218.831 224.8
      vertex 8.18642 219.224 226.3
      vertex 8.25892 218.789 224.8
    endloop
  endfacet
  facet normal 0.888662 0.450095 -0.0877176
    outer loop
      vertex 8.15949 219.267 226.3
      vertex 8.23116 218.833 224.8
      vertex 8.15867 219.268 226.3
    endloop
  endfacet
  facet normal 0.887458 0.452328 -0.0884211
    outer loop
      vertex 8.23116 218.833 224.8
      vertex 8.15949 219.267 226.3
      vertex 8.23216 218.831 224.8
    endloop
  endfacet
  facet normal 0.872663 0.478637 -0.0967756
    outer loop
      vertex 8.15867 219.268 226.3
      vertex 8.20711 218.877 224.8
      vertex 8.13446 219.313 226.3
    endloop
  endfacet
  facet normal 0.872682 0.478605 -0.0967665
    outer loop
      vertex 8.20711 218.877 224.8
      vertex 8.15867 219.268 226.3
      vertex 8.23116 218.833 224.8
    endloop
  endfacet
  facet normal 0.9146 0.39802 -0.0713224
    outer loop
      vertex 8.13446 219.313 226.3
      vertex 8.20623 218.879 224.8
      vertex 8.13374 219.314 226.3
    endloop
  endfacet
  facet normal 0.915434 0.3962 -0.0707563
    outer loop
      vertex 8.20623 218.879 224.8
      vertex 8.13446 219.313 226.3
      vertex 8.20711 218.877 224.8
    endloop
  endfacet
  facet normal 0.902342 0.423653 -0.0793552
    outer loop
      vertex 8.13374 219.314 226.3
      vertex 8.18498 218.924 224.8
      vertex 8.11235 219.36 226.3
    endloop
  endfacet
  facet normal 0.902333 0.423672 -0.0793605
    outer loop
      vertex 8.18498 218.924 224.8
      vertex 8.13374 219.314 226.3
      vertex 8.20623 218.879 224.8
    endloop
  endfacet
  facet normal 0.939113 0.339477 -0.0531251
    outer loop
      vertex 8.11235 219.36 226.3
      vertex 8.18423 218.926 224.8
      vertex 8.11173 219.361 226.3
    endloop
  endfacet
  facet normal 0.939342 0.338871 -0.0529391
    outer loop
      vertex 8.18423 218.926 224.8
      vertex 8.11235 219.36 226.3
      vertex 8.18498 218.924 224.8
    endloop
  endfacet
  facet normal 0.928329 0.366632 -0.0615255
    outer loop
      vertex 8.11173 219.361 226.3
      vertex 8.16586 218.973 224.8
      vertex 8.09324 219.408 226.3
    endloop
  endfacet
  facet normal 0.92834 0.366605 -0.0615183
    outer loop
      vertex 8.16586 218.973 224.8
      vertex 8.11173 219.361 226.3
      vertex 8.18423 218.926 224.8
    endloop
  endfacet
  facet normal 0.960002 0.277895 -0.0342255
    outer loop
      vertex 8.09324 219.408 226.3
      vertex 8.16524 218.975 224.8
      vertex 8.09274 219.41 226.3
    endloop
  endfacet
  facet normal 0.959618 0.279169 -0.0346121
    outer loop
      vertex 8.16524 218.975 224.8
      vertex 8.09324 219.408 226.3
      vertex 8.16586 218.973 224.8
    endloop
  endfacet
  facet normal 0.950396 0.307997 -0.0434239
    outer loop
      vertex 8.09274 219.41 226.3
      vertex 8.14983 219.022 224.8
      vertex 8.07722 219.458 226.3
    endloop
  endfacet
  facet normal 0.950391 0.308012 -0.0434281
    outer loop
      vertex 8.14983 219.022 224.8
      vertex 8.09274 219.41 226.3
      vertex 8.16524 218.975 224.8
    endloop
  endfacet
  facet normal 0.975477 0.219482 -0.0165084
    outer loop
      vertex 8.07722 219.458 226.3
      vertex 8.14934 219.025 224.8
      vertex 8.07682 219.46 226.3
    endloop
  endfacet
  facet normal 0.975628 0.218824 -0.016311
    outer loop
      vertex 8.14934 219.025 224.8
      vertex 8.07722 219.458 226.3
      vertex 8.14983 219.022 224.8
    endloop
  endfacet
  facet normal 0.968505 0.247732 -0.0250405
    outer loop
      vertex 8.07682 219.46 226.3
      vertex 8.13695 219.073 224.8
      vertex 8.06435 219.508 226.3
    endloop
  endfacet
  facet normal 0.968505 0.247731 -0.0250402
    outer loop
      vertex 8.13695 219.073 224.8
      vertex 8.07682 219.46 226.3
      vertex 8.14934 219.025 224.8
    endloop
  endfacet
  facet normal 0.987645 0.156694 0.00231541
    outer loop
      vertex 8.06435 219.508 226.3
      vertex 8.13661 219.075 224.8
      vertex 8.06407 219.51 226.3
    endloop
  endfacet
  facet normal 0.987711 0.156272 0.00244026
    outer loop
      vertex 8.13661 219.075 224.8
      vertex 8.06435 219.508 226.3
      vertex 8.13695 219.073 224.8
    endloop
  endfacet
  facet normal 0.982444 0.186443 -0.00656637
    outer loop
      vertex 8.06407 219.51 226.3
      vertex 8.12728 219.124 224.8
      vertex 8.05468 219.56 226.3
    endloop
  endfacet
  facet normal 0.982434 0.186495 -0.00658004
    outer loop
      vertex 8.12728 219.124 224.8
      vertex 8.06407 219.51 226.3
      vertex 8.13661 219.075 224.8
    endloop
  endfacet
  facet normal 0.995296 0.0946382 0.0207039
    outer loop
      vertex 8.05468 219.56 226.3
      vertex 8.12707 219.126 224.8
      vertex 8.05451 219.561 226.3
    endloop
  endfacet
  facet normal 0.995337 0.0941769 0.0208392
    outer loop
      vertex 8.12707 219.126 224.8
      vertex 8.05468 219.56 226.3
      vertex 8.12728 219.124 224.8
    endloop
  endfacet
  facet normal 0.992165 0.124362 0.0119329
    outer loop
      vertex 8.05451 219.561 226.3
      vertex 8.12085 219.176 224.8
      vertex 8.04825 219.611 226.3
    endloop
  endfacet
  facet normal 0.992165 0.124364 0.0119323
    outer loop
      vertex 8.12085 219.176 224.8
      vertex 8.05451 219.561 226.3
      vertex 8.12707 219.126 224.8
    endloop
  endfacet
  facet normal 0.99874 0.0312106 0.0392851
    outer loop
      vertex 8.04825 219.611 226.3
      vertex 8.12079 219.178 224.8
      vertex 8.04819 219.613 226.3
    endloop
  endfacet
  facet normal 0.998745 0.0309955 0.0393474
    outer loop
      vertex 8.12079 219.178 224.8
      vertex 8.04825 219.611 226.3
      vertex 8.12085 219.176 224.8
    endloop
  endfacet
  facet normal 0.997626 0.0618027 0.0303615
    outer loop
      vertex 8.04819 219.613 226.3
      vertex 8.11769 219.228 224.8
      vertex 8.04508 219.663 226.3
    endloop
  endfacet
  facet normal 0.997627 0.061799 0.0303625
    outer loop
      vertex 8.11769 219.228 224.8
      vertex 8.04819 219.613 226.3
      vertex 8.12079 219.178 224.8
    endloop
  endfacet
  facet normal 0.997841 -0.0317111 0.0575055
    outer loop
      vertex 8.04508 219.663 226.3
      vertex 8.11776 219.23 224.8
      vertex 8.04514 219.665 226.3
    endloop
  endfacet
  facet normal 0.997856 -0.0313981 0.0574159
    outer loop
      vertex 8.11776 219.23 224.8
      vertex 8.04508 219.663 226.3
      vertex 8.11769 219.228 224.8
    endloop
  endfacet
  facet normal 0.998819 -0.000775833 0.0485853
    outer loop
      vertex 8.04514 219.665 226.3
      vertex 8.1178 219.28 224.8
      vertex 8.04518 219.716 226.3
    endloop
  endfacet
  facet normal 0.998819 -0.000781041 0.0485866
    outer loop
      vertex 8.1178 219.28 224.8
      vertex 8.04514 219.665 226.3
      vertex 8.11776 219.23 224.8
    endloop
  endfacet
  facet normal 0.992704 -0.0941176 0.0753684
    outer loop
      vertex 8.04518 219.716 226.3
      vertex 8.11801 219.283 224.8
      vertex 8.04535 219.717 226.3
    endloop
  endfacet
  facet normal 0.992726 -0.0939298 0.0753152
    outer loop
      vertex 8.11801 219.283 224.8
      vertex 8.04518 219.716 226.3
      vertex 8.1178 219.28 224.8
    endloop
  endfacet
  facet normal 0.99576 -0.0634264 0.0666203
    outer loop
      vertex 8.04535 219.717 226.3
      vertex 8.12119 219.333 224.8
      vertex 8.04854 219.768 226.3
    endloop
  endfacet
  facet normal 0.995761 -0.0634151 0.0666175
    outer loop
      vertex 8.12119 219.333 224.8
      vertex 8.04535 219.717 226.3
      vertex 8.11801 219.283 224.8
    endloop
  endfacet
  facet normal 0.983378 -0.156017 0.0928774
    outer loop
      vertex 8.04854 219.768 226.3
      vertex 8.12153 219.335 224.8
      vertex 8.04883 219.769 226.3
    endloop
  endfacet
  facet normal 0.983378 -0.156017 0.0928774
    outer loop
      vertex 8.12153 219.335 224.8
      vertex 8.04854 219.768 226.3
      vertex 8.12119 219.333 224.8
    endloop
  endfacet
  facet normal 0.988475 -0.125711 0.0843431
    outer loop
      vertex 8.04883 219.769 226.3
      vertex 8.12784 219.384 224.8
      vertex 8.05518 219.819 226.3
    endloop
  endfacet
  facet normal 0.98847 -0.125744 0.0843513
    outer loop
      vertex 8.12784 219.384 224.8
      vertex 8.04883 219.769 226.3
      vertex 8.12153 219.335 224.8
    endloop
  endfacet
  facet normal 0.970243 -0.2159 0.109618
    outer loop
      vertex 8.05518 219.819 226.3
      vertex 8.12833 219.386 224.8
      vertex 8.05557 219.821 226.3
    endloop
  endfacet
  facet normal 0.969933 -0.217117 0.109954
    outer loop
      vertex 8.12833 219.386 224.8
      vertex 8.05518 219.819 226.3
      vertex 8.12784 219.384 224.8
    endloop
  endfacet
  facet normal 0.977044 -0.187229 0.101639
    outer loop
      vertex 8.05557 219.821 226.3
      vertex 8.13774 219.436 224.8
      vertex 8.06505 219.871 226.3
    endloop
  endfacet
  facet normal 0.97705 -0.1872 0.101632
    outer loop
      vertex 8.13774 219.436 224.8
      vertex 8.05557 219.821 226.3
      vertex 8.12833 219.386 224.8
    endloop
  endfacet
  facet normal 0.952733 -0.276314 0.126295
    outer loop
      vertex 8.06505 219.871 226.3
      vertex 8.13835 219.438 224.8
      vertex 8.06555 219.872 226.3
    endloop
  endfacet
  facet normal 0.952479 -0.277092 0.126507
    outer loop
      vertex 8.13835 219.438 224.8
      vertex 8.06505 219.871 226.3
      vertex 8.13774 219.436 224.8
    endloop
  endfacet
  facet normal 0.961511 -0.247904 0.11849
    outer loop
      vertex 8.06555 219.872 226.3
      vertex 8.15084 219.486 224.8
      vertex 8.07812 219.921 226.3
    endloop
  endfacet
  facet normal 0.961513 -0.247897 0.118488
    outer loop
      vertex 8.15084 219.486 224.8
      vertex 8.06555 219.872 226.3
      vertex 8.13835 219.438 224.8
    endloop
  endfacet
  facet normal 0.930819 -0.336479 0.142682
    outer loop
      vertex 8.07812 219.921 226.3
      vertex 8.15158 219.488 224.8
      vertex 8.07873 219.923 226.3
    endloop
  endfacet
  facet normal 0.931059 -0.335883 0.142522
    outer loop
      vertex 8.15158 219.488 224.8
      vertex 8.07812 219.921 226.3
      vertex 8.15084 219.486 224.8
    endloop
  endfacet
  facet normal 0.942108 -0.30706 0.13471
    outer loop
      vertex 8.07873 219.923 226.3
      vertex 8.16708 219.536 224.8
      vertex 8.09433 219.971 226.3
    endloop
  endfacet
  facet normal 0.942093 -0.307102 0.13472
    outer loop
      vertex 8.16708 219.536 224.8
      vertex 8.07873 219.923 226.3
      vertex 8.15158 219.488 224.8
    endloop
  endfacet
  facet normal 0.906628 -0.391451 0.157454
    outer loop
      vertex 8.09433 219.971 226.3
      vertex 8.16796 219.538 224.8
      vertex 8.09505 219.972 226.3
    endloop
  endfacet
  facet normal 0.906425 -0.391875 0.157567
    outer loop
      vertex 8.16796 219.538 224.8
      vertex 8.09433 219.971 226.3
      vertex 8.16708 219.536 224.8
    endloop
  endfacet
  facet normal 0.918852 -0.364843 0.150337
    outer loop
      vertex 8.09505 219.972 226.3
      vertex 8.18641 219.584 224.8
      vertex 8.11362 220.019 226.3
    endloop
  endfacet
  facet normal 0.918903 -0.364725 0.15031
    outer loop
      vertex 8.18641 219.584 224.8
      vertex 8.09505 219.972 226.3
      vertex 8.16796 219.538 224.8
    endloop
  endfacet
  facet normal 0.878632 -0.445533 0.171776
    outer loop
      vertex 8.11362 220.019 226.3
      vertex 8.18741 219.586 224.8
      vertex 8.11444 220.021 226.3
    endloop
  endfacet
  facet normal 0.877632 -0.44732 0.172242
    outer loop
      vertex 8.18741 219.586 224.8
      vertex 8.11362 220.019 226.3
      vertex 8.18641 219.584 224.8
    endloop
  endfacet
  facet normal 0.892058 -0.420637 0.16522
    outer loop
      vertex 8.11444 220.021 226.3
      vertex 8.20874 219.631 224.8
      vertex 8.13591 220.066 226.3
    endloop
  endfacet
  facet normal 0.892043 -0.420666 0.165227
    outer loop
      vertex 8.20874 219.631 224.8
      vertex 8.11444 220.021 226.3
      vertex 8.18741 219.586 224.8
    endloop
  endfacet
  facet normal 0.845759 -0.500096 0.186
    outer loop
      vertex 8.13591 220.066 226.3
      vertex 8.20987 219.633 224.8
      vertex 8.13683 220.068 226.3
    endloop
  endfacet
  facet normal 0.846075 -0.499607 0.185874
    outer loop
      vertex 8.20987 219.633 224.8
      vertex 8.13591 220.066 226.3
      vertex 8.20874 219.631 224.8
    endloop
  endfacet
  facet normal 0.861609 -0.474795 0.179444
    outer loop
      vertex 8.13683 220.068 226.3
      vertex 8.234 219.677 224.8
      vertex 8.16112 220.112 226.3
    endloop
  endfacet
  facet normal 0.861621 -0.474774 0.179439
    outer loop
      vertex 8.234 219.677 224.8
      vertex 8.13683 220.068 226.3
      vertex 8.20987 219.633 224.8
    endloop
  endfacet
  facet normal 0.81095 -0.550287 0.198858
    outer loop
      vertex 8.16112 220.112 226.3
      vertex 8.23524 219.679 224.8
      vertex 8.16214 220.113 226.3
    endloop
  endfacet
  facet normal 0.81092 -0.550327 0.198869
    outer loop
      vertex 8.23524 219.679 224.8
      vertex 8.16112 220.112 226.3
      vertex 8.234 219.677 224.8
    endloop
  endfacet
  facet normal 0.828055 -0.526457 0.192789
    outer loop
      vertex 8.16214 220.113 226.3
      vertex 8.26207 219.721 224.8
      vertex 8.18914 220.156 226.3
    endloop
  endfacet
  facet normal 0.828108 -0.526381 0.192772
    outer loop
      vertex 8.26207 219.721 224.8
      vertex 8.16214 220.113 226.3
      vertex 8.23524 219.679 224.8
    endloop
  endfacet
  facet normal 0.773816 -0.597341 0.210696
    outer loop
      vertex 8.18914 220.156 226.3
      vertex 8.26342 219.723 224.8
      vertex 8.19025 220.157 226.3
    endloop
  endfacet
  facet normal 0.771014 -0.600664 0.211516
    outer loop
      vertex 8.26342 219.723 224.8
      vertex 8.18914 220.156 226.3
      vertex 8.26207 219.721 224.8
    endloop
  endfacet
  facet normal 0.791301 -0.575915 0.205342
    outer loop
      vertex 8.19025 220.157 226.3
      vertex 8.29285 219.763 224.8
      vertex 8.21987 220.198 226.3
    endloop
  endfacet
  facet normal 0.791366 -0.575831 0.205324
    outer loop
      vertex 8.29285 219.763 224.8
      vertex 8.19025 220.157 226.3
      vertex 8.26342 219.723 224.8
    endloop
  endfacet
  facet normal 0.731976 -0.644077 0.222208
    outer loop
      vertex 8.21987 220.198 226.3
      vertex 8.29431 219.765 224.8
      vertex 8.22106 220.199 226.3
    endloop
  endfacet
  facet normal 0.729234 -0.646942 0.222899
    outer loop
      vertex 8.29431 219.765 224.8
      vertex 8.21987 220.198 226.3
      vertex 8.29285 219.763 224.8
    endloop
  endfacet
  facet normal 0.751558 -0.622939 0.217045
    outer loop
      vertex 8.22106 220.199 226.3
      vertex 8.32622 219.804 224.8
      vertex 8.25319 220.238 226.3
    endloop
  endfacet
  facet normal 0.751544 -0.622954 0.217048
    outer loop
      vertex 8.32622 219.804 224.8
      vertex 8.22106 220.199 226.3
      vertex 8.29431 219.765 224.8
    endloop
  endfacet
  facet normal 0.684747 -0.690419 0.233331
    outer loop
      vertex 8.25319 220.238 226.3
      vertex 8.32778 219.805 224.8
      vertex 8.25447 220.239 226.3
    endloop
  endfacet
  facet normal 0.689432 -0.686086 0.232313
    outer loop
      vertex 8.32778 219.805 224.8
      vertex 8.25319 220.238 226.3
      vertex 8.32622 219.804 224.8
    endloop
  endfacet
  facet normal 0.709272 -0.667119 0.227785
    outer loop
      vertex 8.25447 220.239 226.3
      vertex 8.36204 219.842 224.8
      vertex 8.28895 220.276 226.3
    endloop
  endfacet
  facet normal 0.709264 -0.667126 0.227787
    outer loop
      vertex 8.36204 219.842 224.8
      vertex 8.25447 220.239 226.3
      vertex 8.32778 219.805 224.8
    endloop
  endfacet
  facet normal 0.640219 -0.728967 0.242335
    outer loop
      vertex 8.36204 219.842 224.8
      vertex 8.29031 220.277 226.3
      vertex 8.28895 220.276 226.3
    endloop
  endfacet
  facet normal 0.638434 -0.730419 0.242671
    outer loop
      vertex 8.29031 220.277 226.3
      vertex 8.36204 219.842 224.8
      vertex 8.3637 219.843 224.8
    endloop
  endfacet
  facet normal 0.664487 -0.70852 0.237606
    outer loop
      vertex 8.3637 219.843 224.8
      vertex 8.32703 220.312 226.3
      vertex 8.29031 220.277 226.3
    endloop
  endfacet
  facet normal 0.664478 -0.708527 0.237608
    outer loop
      vertex 8.32703 220.312 226.3
      vertex 8.3637 219.843 224.8
      vertex 8.40018 219.877 224.8
    endloop
  endfacet
  facet normal 0.590346 -0.767142 0.250969
    outer loop
      vertex 8.40018 219.877 224.8
      vertex 8.32846 220.313 226.3
      vertex 8.32703 220.312 226.3
    endloop
  endfacet
  facet normal 0.594158 -0.764394 0.250354
    outer loop
      vertex 8.32846 220.313 226.3
      vertex 8.40018 219.877 224.8
      vertex 8.40193 219.879 224.8
    endloop
  endfacet
  facet normal 0.617013 -0.747338 0.246537
    outer loop
      vertex 8.40193 219.879 224.8
      vertex 8.36727 220.345 226.3
      vertex 8.32846 220.313 226.3
    endloop
  endfacet
  facet normal 0.617001 -0.747348 0.246539
    outer loop
      vertex 8.36727 220.345 226.3
      vertex 8.40193 219.879 224.8
      vertex 8.44048 219.91 224.8
    endloop
  endfacet
  facet normal 0.545576 -0.797497 0.257576
    outer loop
      vertex 8.44048 219.91 224.8
      vertex 8.36876 220.346 226.3
      vertex 8.36727 220.345 226.3
    endloop
  endfacet
  facet normal 0.540886 -0.800478 0.258217
    outer loop
      vertex 8.36876 220.346 226.3
      vertex 8.44048 219.91 224.8
      vertex 8.44231 219.912 224.8
    endloop
  endfacet
  facet normal 0.567714 -0.782915 0.254449
    outer loop
      vertex 8.44231 219.912 224.8
      vertex 8.40952 220.375 226.3
      vertex 8.36876 220.346 226.3
    endloop
  endfacet
  facet normal 0.56768 -0.782938 0.254455
    outer loop
      vertex 8.40952 220.375 226.3
      vertex 8.44231 219.912 224.8
      vertex 8.4828 219.941 224.8
    endloop
  endfacet
  facet normal 0.489403 -0.830966 0.264539
    outer loop
      vertex 8.4828 219.941 224.8
      vertex 8.41108 220.376 226.3
      vertex 8.40952 220.375 226.3
    endloop
  endfacet
  facet normal 0.492232 -0.829395 0.264219
    outer loop
      vertex 8.41108 220.376 226.3
      vertex 8.4828 219.941 224.8
      vertex 8.4847 219.942 224.8
    endloop
  endfacet
  facet normal 0.516524 -0.815409 0.261363
    outer loop
      vertex 8.4847 219.942 224.8
      vertex 8.45359 220.403 226.3
      vertex 8.41108 220.376 226.3
    endloop
  endfacet
  facet normal 0.516679 -0.815319 0.261339
    outer loop
      vertex 8.45359 220.403 226.3
      vertex 8.4847 219.942 224.8
      vertex 8.52693 219.969 224.8
    endloop
  endfacet
  facet normal 0.438754 -0.857194 0.269654
    outer loop
      vertex 8.52693 219.969 224.8
      vertex 8.4552 220.404 226.3
      vertex 8.45359 220.403 226.3
    endloop
  endfacet
  facet normal 0.43291 -0.859993 0.270186
    outer loop
      vertex 8.4552 220.404 226.3
      vertex 8.52693 219.969 224.8
      vertex 8.5289 219.97 224.8
    endloop
  endfacet
  facet normal 0.463484 -0.844828 0.267299
    outer loop
      vertex 8.5289 219.97 224.8
      vertex 8.49934 220.428 226.3
      vertex 8.4552 220.404 226.3
    endloop
  endfacet
  facet normal 0.463597 -0.844771 0.267284
    outer loop
      vertex 8.49934 220.428 226.3
      vertex 8.5289 219.97 224.8
      vertex 8.57275 219.994 224.8
    endloop
  endfacet
  facet normal 0.381693 -0.882666 0.274247
    outer loop
      vertex 8.57275 219.994 224.8
      vertex 8.501 220.429 226.3
      vertex 8.49934 220.428 226.3
    endloop
  endfacet
  facet normal 0.378945 -0.883789 0.274442
    outer loop
      vertex 8.501 220.429 226.3
      vertex 8.57275 219.994 224.8
      vertex 8.57478 219.995 224.8
    endloop
  endfacet
  facet normal 0.408987 -0.870993 0.272216
    outer loop
      vertex 8.57478 219.995 224.8
      vertex 8.54656 220.45 226.3
      vertex 8.501 220.429 226.3
    endloop
  endfacet
  facet normal 0.409053 -0.870964 0.272208
    outer loop
      vertex 8.54656 220.45 226.3
      vertex 8.57478 219.995 224.8
      vertex 8.62004 220.016 224.8
    endloop
  endfacet
  facet normal 0.324554 -0.904187 0.277688
    outer loop
      vertex 8.62004 220.016 224.8
      vertex 8.54826 220.451 226.3
      vertex 8.54656 220.45 226.3
    endloop
  endfacet
  facet normal 0.324975 -0.904043 0.277666
    outer loop
      vertex 8.54826 220.451 226.3
      vertex 8.62004 220.016 224.8
      vertex 8.62212 220.017 224.8
    endloop
  endfacet
  facet normal 0.353075 -0.893921 0.27612
    outer loop
      vertex 8.62212 220.017 224.8
      vertex 8.59508 220.469 226.3
      vertex 8.54826 220.451 226.3
    endloop
  endfacet
  facet normal 0.353081 -0.893919 0.27612
    outer loop
      vertex 8.59508 220.469 226.3
      vertex 8.62212 220.017 224.8
      vertex 8.66863 220.035 224.8
    endloop
  endfacet
  facet normal 0.267609 -0.921934 0.28004
    outer loop
      vertex 8.66863 220.035 224.8
      vertex 8.59682 220.47 226.3
      vertex 8.59508 220.469 226.3
    endloop
  endfacet
  facet normal 0.265255 -0.922591 0.280118
    outer loop
      vertex 8.59682 220.47 226.3
      vertex 8.66863 220.035 224.8
      vertex 8.67075 220.036 224.8
    endloop
  endfacet
  facet normal 0.296077 -0.913506 0.279007
    outer loop
      vertex 8.67075 220.036 224.8
      vertex 8.6447 220.485 226.3
      vertex 8.59682 220.47 226.3
    endloop
  endfacet
  facet normal 0.296271 -0.913448 0.278993
    outer loop
      vertex 8.6447 220.485 226.3
      vertex 8.67075 220.036 224.8
      vertex 8.71832 220.051 224.8
    endloop
  endfacet
  facet normal 0.210631 -0.936196 0.281376
    outer loop
      vertex 8.71832 220.051 224.8
      vertex 8.64646 220.486 226.3
      vertex 8.6447 220.485 226.3
    endloop
  endfacet
  facet normal 0.205528 -0.937306 0.281453
    outer loop
      vertex 8.64646 220.486 226.3
      vertex 8.71832 220.051 224.8
      vertex 8.72047 220.052 224.8
    endloop
  endfacet
  facet normal 0.237693 -0.929843 0.28088
    outer loop
      vertex 8.72047 220.052 224.8
      vertex 8.69523 220.498 226.3
      vertex 8.64646 220.486 226.3
    endloop
  endfacet
  facet normal 0.237808 -0.929816 0.280874
    outer loop
      vertex 8.69523 220.498 226.3
      vertex 8.72047 220.052 224.8
      vertex 8.76892 220.064 224.8
    endloop
  endfacet
  facet normal 0.15388 -0.947069 0.281746
    outer loop
      vertex 8.76892 220.064 224.8
      vertex 8.69701 220.499 226.3
      vertex 8.69523 220.498 226.3
    endloop
  endfacet
  facet normal 0.152171 -0.947346 0.281744
    outer loop
      vertex 8.69701 220.499 226.3
      vertex 8.76892 220.064 224.8
      vertex 8.7711 220.064 224.8
    endloop
  endfacet
  facet normal 0.178852 -0.942682 0.281712
    outer loop
      vertex 8.7711 220.064 224.8
      vertex 8.74648 220.508 226.3
      vertex 8.69701 220.499 226.3
    endloop
  endfacet
  facet normal 0.178875 -0.942678 0.281711
    outer loop
      vertex 8.74648 220.508 226.3
      vertex 8.7711 220.064 224.8
      vertex 8.82024 220.074 224.8
    endloop
  endfacet
  facet normal 0.089171 -0.955549 0.281026
    outer loop
      vertex 8.82024 220.074 224.8
      vertex 8.74827 220.508 226.3
      vertex 8.74648 220.508 226.3
    endloop
  endfacet
  facet normal 0.092705 -0.955193 0.281092
    outer loop
      vertex 8.74827 220.508 226.3
      vertex 8.82024 220.074 224.8
      vertex 8.82244 220.074 224.8
    endloop
  endfacet
  facet normal 0.119282 -0.952114 0.281515
    outer loop
      vertex 8.82244 220.074 224.8
      vertex 8.79821 220.514 226.3
      vertex 8.74827 220.508 226.3
    endloop
  endfacet
  facet normal 0.119203 -0.952123 0.281517
    outer loop
      vertex 8.79821 220.514 226.3
      vertex 8.82244 220.074 224.8
      vertex 8.87204 220.08 224.8
    endloop
  endfacet
  facet normal 0.0324436 -0.959622 0.279417
    outer loop
      vertex 8.87204 220.08 224.8
      vertex 8.80002 220.514 226.3
      vertex 8.79821 220.514 226.3
    endloop
  endfacet
  facet normal 0.0331179 -0.959592 0.279441
    outer loop
      vertex 8.80002 220.514 226.3
      vertex 8.87204 220.08 224.8
      vertex 8.87425 220.08 224.8
    endloop
  endfacet
  facet normal 0.0596353 -0.958056 0.280309
    outer loop
      vertex 8.87425 220.08 224.8
      vertex 8.85027 220.518 226.3
      vertex 8.80002 220.514 226.3
    endloop
  endfacet
  facet normal 0.0594479 -0.958067 0.280309
    outer loop
      vertex 8.85027 220.518 226.3
      vertex 8.87425 220.08 224.8
      vertex 8.92417 220.083 224.8
    endloop
  endfacet
  facet normal -0.0324552 -0.960472 0.276477
    outer loop
      vertex 8.92417 220.083 224.8
      vertex 8.85207 220.518 226.3
      vertex 8.85027 220.518 226.3
    endloop
  endfacet
  facet normal -0.0265326 -0.960564 0.276788
    outer loop
      vertex 8.85207 220.518 226.3
      vertex 8.92417 220.083 224.8
      vertex 8.92638 220.083 224.8
    endloop
  endfacet
  facet normal -0.000873537 -0.960564 0.278059
    outer loop
      vertex 8.92638 220.083 224.8
      vertex 8.90241 220.517 226.3
      vertex 8.85207 220.518 226.3
    endloop
  endfacet
  facet normal -0.00117249 -0.960564 0.278055
    outer loop
      vertex 8.90241 220.517 226.3
      vertex 8.92638 220.083 224.8
      vertex 8.97639 220.083 224.8
    endloop
  endfacet
  facet normal -0.0894351 -0.95787 0.272922
    outer loop
      vertex 8.97639 220.083 224.8
      vertex 8.90421 220.517 226.3
      vertex 8.90241 220.517 226.3
    endloop
  endfacet
  facet normal -0.0863446 -0.958093 0.273135
    outer loop
      vertex 8.90421 220.517 226.3
      vertex 8.97639 220.083 224.8
      vertex 8.97859 220.083 224.8
    endloop
  endfacet
  facet normal -0.0612188 -0.95955 0.274803
    outer loop
      vertex 8.97859 220.083 224.8
      vertex 8.95443 220.514 226.3
      vertex 8.90421 220.517 226.3
    endloop
  endfacet
  facet normal -0.0613333 -0.959543 0.274799
    outer loop
      vertex 8.95443 220.514 226.3
      vertex 8.97859 220.083 224.8
      vertex 9.02848 220.08 224.8
    endloop
  endfacet
  facet normal -0.154522 -0.951022 0.267732
    outer loop
      vertex 9.02848 220.08 224.8
      vertex 8.95622 220.514 226.3
      vertex 8.95443 220.514 226.3
    endloop
  endfacet
  facet normal -0.146351 -0.952114 0.268441
    outer loop
      vertex 8.95622 220.514 226.3
      vertex 9.02848 220.08 224.8
      vertex 9.03066 220.079 224.8
    endloop
  endfacet
  facet normal -0.121383 -0.95503 0.270525
    outer loop
      vertex 9.03066 220.079 224.8
      vertex 9.00616 220.507 226.3
      vertex 8.95622 220.514 226.3
    endloop
  endfacet
  facet normal -0.121604 -0.955005 0.270514
    outer loop
      vertex 9.00616 220.507 226.3
      vertex 9.03066 220.079 224.8
      vertex 9.08027 220.073 224.8
    endloop
  endfacet
  facet normal -0.211933 -0.941473 0.262133
    outer loop
      vertex 9.08027 220.073 224.8
      vertex 9.00792 220.507 226.3
      vertex 9.00616 220.507 226.3
    endloop
  endfacet
  facet normal -0.206577 -0.942507 0.26269
    outer loop
      vertex 9.00792 220.507 226.3
      vertex 9.08027 220.073 224.8
      vertex 9.08243 220.073 224.8
    endloop
  endfacet
  facet normal -0.181212 -0.946997 0.265251
    outer loop
      vertex 9.08243 220.073 224.8
      vertex 9.05736 220.498 226.3
      vertex 9.00792 220.507 226.3
    endloop
  endfacet
  facet normal -0.181533 -0.946942 0.26523
    outer loop
      vertex 9.05736 220.498 226.3
      vertex 9.08243 220.073 224.8
      vertex 9.13154 220.063 224.8
    endloop
  endfacet
  facet normal -0.277227 -0.926467 0.254568
    outer loop
      vertex 9.13154 220.063 224.8
      vertex 9.0591 220.497 226.3
      vertex 9.05736 220.498 226.3
    endloop
  endfacet
  facet normal -0.273331 -0.92749 0.255053
    outer loop
      vertex 9.0591 220.497 226.3
      vertex 9.13154 220.063 224.8
      vertex 9.13367 220.063 224.8
    endloop
  endfacet
  facet normal -0.241006 -0.935344 0.258934
    outer loop
      vertex 9.13367 220.063 224.8
      vertex 9.10783 220.485 226.3
      vertex 9.0591 220.497 226.3
    endloop
  endfacet
  facet normal -0.241134 -0.935314 0.258924
    outer loop
      vertex 9.10783 220.485 226.3
      vertex 9.13367 220.063 224.8
      vertex 9.18208 220.05 224.8
    endloop
  endfacet
  facet normal -0.327299 -0.911834 0.247859
    outer loop
      vertex 9.18208 220.05 224.8
      vertex 9.10954 220.484 226.3
      vertex 9.10783 220.485 226.3
    endloop
  endfacet
  facet normal -0.327591 -0.91174 0.247818
    outer loop
      vertex 9.10954 220.484 226.3
      vertex 9.18208 220.05 224.8
      vertex 9.18416 220.049 224.8
    endloop
  endfacet
  facet normal -0.300074 -0.920133 0.251618
    outer loop
      vertex 9.18416 220.049 224.8
      vertex 9.1574 220.468 226.3
      vertex 9.10954 220.484 226.3
    endloop
  endfacet
  facet normal -0.299748 -0.92023 0.251651
    outer loop
      vertex 9.1574 220.468 226.3
      vertex 9.18416 220.049 224.8
      vertex 9.23171 220.034 224.8
    endloop
  endfacet
  facet normal -0.385597 -0.89118 0.238985
    outer loop
      vertex 9.23171 220.034 224.8
      vertex 9.15906 220.468 226.3
      vertex 9.1574 220.468 226.3
    endloop
  endfacet
  facet normal -0.388348 -0.890104 0.238541
    outer loop
      vertex 9.15906 220.468 226.3
      vertex 9.23171 220.034 224.8
      vertex 9.23374 220.033 224.8
    endloop
  endfacet
  facet normal -0.35786 -0.901505 0.243362
    outer loop
      vertex 9.23374 220.033 224.8
      vertex 9.20584 220.449 226.3
      vertex 9.15906 220.468 226.3
    endloop
  endfacet
  facet normal -0.357876 -0.901499 0.24336
    outer loop
      vertex 9.20584 220.449 226.3
      vertex 9.23374 220.033 224.8
      vertex 9.28021 220.015 224.8
    endloop
  endfacet
  facet normal -0.436851 -0.86958 0.230199
    outer loop
      vertex 9.28021 220.015 224.8
      vertex 9.20745 220.448 226.3
      vertex 9.20584 220.449 226.3
    endloop
  endfacet
  facet normal -0.443023 -0.866748 0.229081
    outer loop
      vertex 9.20745 220.448 226.3
      vertex 9.28021 220.015 224.8
      vertex 9.28218 220.014 224.8
    endloop
  endfacet
  facet normal -0.414844 -0.879259 0.234111
    outer loop
      vertex 9.28218 220.014 224.8
      vertex 9.25298 220.427 226.3
      vertex 9.20745 220.448 226.3
    endloop
  endfacet
  facet normal -0.41443 -0.879439 0.234168
    outer loop
      vertex 9.25298 220.427 226.3
      vertex 9.28218 220.014 224.8
      vertex 9.32741 219.992 224.8
    endloop
  endfacet
  facet normal -0.495168 -0.840754 0.218957
    outer loop
      vertex 9.32741 219.992 224.8
      vertex 9.25454 220.426 226.3
      vertex 9.25298 220.427 226.3
    endloop
  endfacet
  facet normal -0.498052 -0.839202 0.218368
    outer loop
      vertex 9.25454 220.426 226.3
      vertex 9.32741 219.992 224.8
      vertex 9.32932 219.991 224.8
    endloop
  endfacet
  facet normal -0.47039 -0.853579 0.223913
    outer loop
      vertex 9.32932 219.991 224.8
      vertex 9.29862 220.402 226.3
      vertex 9.25454 220.426 226.3
    endloop
  endfacet
  facet normal -0.470523 -0.853511 0.223892
    outer loop
      vertex 9.29862 220.402 226.3
      vertex 9.32932 219.991 224.8
      vertex 9.3731 219.967 224.8
    endloop
  endfacet
  facet normal -0.546641 -0.811162 0.207844
    outer loop
      vertex 9.3731 219.967 224.8
      vertex 9.30011 220.401 226.3
      vertex 9.29862 220.402 226.3
    endloop
  endfacet
  facet normal -0.547675 -0.810525 0.20761
    outer loop
      vertex 9.30011 220.401 226.3
      vertex 9.3731 219.967 224.8
      vertex 9.37493 219.966 224.8
    endloop
  endfacet
  facet normal -0.52416 -0.824589 0.212859
    outer loop
      vertex 9.37493 219.966 224.8
      vertex 9.3426 220.374 226.3
      vertex 9.30011 220.401 226.3
    endloop
  endfacet
  facet normal -0.524108 -0.82462 0.212869
    outer loop
      vertex 9.3426 220.374 226.3
      vertex 9.37493 219.966 224.8
      vertex 9.41714 219.939 224.8
    endloop
  endfacet
  facet normal -0.603704 -0.773237 0.194027
    outer loop
      vertex 9.41714 219.939 224.8
      vertex 9.34403 220.372 226.3
      vertex 9.3426 220.374 226.3
    endloop
  endfacet
  facet normal -0.601986 -0.774465 0.194465
    outer loop
      vertex 9.34403 220.372 226.3
      vertex 9.41714 219.939 224.8
      vertex 9.41889 219.938 224.8
    endloop
  endfacet
  facet normal -0.576434 -0.792077 0.200846
    outer loop
      vertex 9.41889 219.938 224.8
      vertex 9.38473 220.343 226.3
      vertex 9.34403 220.372 226.3
    endloop
  endfacet
  facet normal -0.576408 -0.792094 0.200851
    outer loop
      vertex 9.38473 220.343 226.3
      vertex 9.41889 219.938 224.8
      vertex 9.45931 219.908 224.8
    endloop
  endfacet
  facet normal -0.64889 -0.73884 0.181816
    outer loop
      vertex 9.45931 219.908 224.8
      vertex 9.38608 220.342 226.3
      vertex 9.38473 220.343 226.3
    endloop
  endfacet
  facet normal -0.651047 -0.73709 0.181205
    outer loop
      vertex 9.38608 220.342 226.3
      vertex 9.45931 219.908 224.8
      vertex 9.46097 219.907 224.8
    endloop
  endfacet
  facet normal -0.626941 -0.756065 0.18791
    outer loop
      vertex 9.46097 219.907 224.8
      vertex 9.42483 220.309 226.3
      vertex 9.38608 220.342 226.3
    endloop
  endfacet
  facet normal -0.626747 -0.756215 0.187955
    outer loop
      vertex 9.42483 220.309 226.3
      vertex 9.46097 219.907 224.8
      vertex 9.49947 219.875 224.8
    endloop
  endfacet
  facet normal -0.693871 -0.70014 0.168366
    outer loop
      vertex 9.49947 219.875 224.8
      vertex 9.42611 220.308 226.3
      vertex 9.42483 220.309 226.3
    endloop
  endfacet
  facet normal -0.699118 -0.6953 0.166711
    outer loop
      vertex 9.42611 220.308 226.3
      vertex 9.49947 219.875 224.8
      vertex 9.50103 219.873 224.8
    endloop
  endfacet
  facet normal -0.674659 -0.717255 0.174299
    outer loop
      vertex 9.50103 219.873 224.8
      vertex 9.46277 220.274 226.3
      vertex 9.42611 220.308 226.3
    endloop
  endfacet
  facet normal -0.674658 -0.717256 0.174299
    outer loop
      vertex 9.46277 220.274 226.3
      vertex 9.50103 219.873 224.8
      vertex 9.53745 219.839 224.8
    endloop
  endfacet
  facet normal -0.742258 -0.652603 0.152195
    outer loop
      vertex 9.53745 219.839 224.8
      vertex 9.46397 220.272 226.3
      vertex 9.46277 220.274 226.3
    endloop
  endfacet
  facet normal -0.742114 -0.652754 0.152246
    outer loop
      vertex 9.46397 220.272 226.3
      vertex 9.53745 219.839 224.8
      vertex 9.53891 219.837 224.8
    endloop
  endfacet
  facet normal -0.720177 -0.675129 0.159831
    outer loop
      vertex 9.53891 219.837 224.8
      vertex 9.4984 220.236 226.3
      vertex 9.46397 220.272 226.3
    endloop
  endfacet
  facet normal -0.720022 -0.675284 0.159877
    outer loop
      vertex 9.4984 220.236 226.3
      vertex 9.53891 219.837 224.8
      vertex 9.57312 219.801 224.8
    endloop
  endfacet
  facet normal -0.780898 -0.609289 0.137715
    outer loop
      vertex 9.57312 219.801 224.8
      vertex 9.49951 220.234 226.3
      vertex 9.4984 220.236 226.3
    endloop
  endfacet
  facet normal -0.784266 -0.605249 0.136382
    outer loop
      vertex 9.49951 220.234 226.3
      vertex 9.57312 219.801 224.8
      vertex 9.57447 219.799 224.8
    endloop
  endfacet
  facet normal -0.763052 -0.629953 0.144609
    outer loop
      vertex 9.57447 219.799 224.8
      vertex 9.53155 220.195 226.3
      vertex 9.49951 220.234 226.3
    endloop
  endfacet
  facet normal -0.763027 -0.629981 0.144617
    outer loop
      vertex 9.53155 220.195 226.3
      vertex 9.57447 219.799 224.8
      vertex 9.60631 219.761 224.8
    endloop
  endfacet
  facet normal -0.821175 -0.557749 0.120778
    outer loop
      vertex 9.60631 219.761 224.8
      vertex 9.53257 220.194 226.3
      vertex 9.53155 220.195 226.3
    endloop
  endfacet
  facet normal -0.819121 -0.560564 0.121692
    outer loop
      vertex 9.53257 220.194 226.3
      vertex 9.60631 219.761 224.8
      vertex 9.60755 219.759 224.8
    endloop
  endfacet
  facet normal -0.802841 -0.582123 0.128761
    outer loop
      vertex 9.60755 219.759 224.8
      vertex 9.56212 220.153 226.3
      vertex 9.53257 220.194 226.3
    endloop
  endfacet
  facet normal -0.802923 -0.582017 0.128731
    outer loop
      vertex 9.56212 220.153 226.3
      vertex 9.60755 219.759 224.8
      vertex 9.6369 219.718 224.8
    endloop
  endfacet
  facet normal -0.856344 -0.50583 0.103976
    outer loop
      vertex 9.6369 219.718 224.8
      vertex 9.56304 220.152 226.3
      vertex 9.56212 220.153 226.3
    endloop
  endfacet
  facet normal -0.856613 -0.505402 0.103839
    outer loop
      vertex 9.56304 220.152 226.3
      vertex 9.6369 219.718 224.8
      vertex 9.63803 219.716 224.8
    endloop
  endfacet
  facet normal -0.839344 -0.531858 0.11238
    outer loop
      vertex 9.63803 219.716 224.8
      vertex 9.58998 220.109 226.3
      vertex 9.56304 220.152 226.3
    endloop
  endfacet
  facet normal -0.839384 -0.531798 0.112363
    outer loop
      vertex 9.58998 220.109 226.3
      vertex 9.63803 219.716 224.8
      vertex 9.66479 219.674 224.8
    endloop
  endfacet
  facet normal -0.888557 -0.450566 0.0863525
    outer loop
      vertex 9.66479 219.674 224.8
      vertex 9.5908 220.107 226.3
      vertex 9.58998 220.109 226.3
    endloop
  endfacet
  facet normal -0.887575 -0.452388 0.0869275
    outer loop
      vertex 9.5908 220.107 226.3
      vertex 9.66479 219.674 224.8
      vertex 9.66579 219.672 224.8
    endloop
  endfacet
  facet normal -0.872804 -0.478677 0.0952962
    outer loop
      vertex 9.66579 219.672 224.8
      vertex 9.61501 220.063 226.3
      vertex 9.5908 220.107 226.3
    endloop
  endfacet
  facet normal -0.872741 -0.478785 0.0953265
    outer loop
      vertex 9.61501 220.063 226.3
      vertex 9.66579 219.672 224.8
      vertex 9.68984 219.628 224.8
    endloop
  endfacet
  facet normal -0.914697 -0.398063 0.0698208
    outer loop
      vertex 9.68984 219.628 224.8
      vertex 9.61572 220.062 226.3
      vertex 9.61501 220.063 226.3
    endloop
  endfacet
  facet normal -0.91553 -0.396242 0.0692536
    outer loop
      vertex 9.61572 220.062 226.3
      vertex 9.68984 219.628 224.8
      vertex 9.69072 219.626 224.8
    endloop
  endfacet
  facet normal -0.902447 -0.423702 0.0778791
    outer loop
      vertex 9.69072 219.626 224.8
      vertex 9.63712 220.016 226.3
      vertex 9.61572 220.062 226.3
    endloop
  endfacet
  facet normal -0.902438 -0.423721 0.0778845
    outer loop
      vertex 9.63712 220.016 226.3
      vertex 9.69072 219.626 224.8
      vertex 9.71197 219.581 224.8
    endloop
  endfacet
  facet normal -0.939187 -0.339504 0.0516199
    outer loop
      vertex 9.71197 219.581 224.8
      vertex 9.63773 220.014 226.3
      vertex 9.63712 220.016 226.3
    endloop
  endfacet
  facet normal -0.940236 -0.336718 0.050763
    outer loop
      vertex 9.63773 220.014 226.3
      vertex 9.71197 219.581 224.8
      vertex 9.71272 219.579 224.8
    endloop
  endfacet
  facet normal -0.928413 -0.366665 0.0600493
    outer loop
      vertex 9.71272 219.579 224.8
      vertex 9.65622 219.968 226.3
      vertex 9.63773 220.014 226.3
    endloop
  endfacet
  facet normal -0.928381 -0.366742 0.0600705
    outer loop
      vertex 9.65622 219.968 226.3
      vertex 9.71272 219.579 224.8
      vertex 9.73109 219.532 224.8
    endloop
  endfacet
  facet normal -0.96005 -0.277909 0.0327159
    outer loop
      vertex 9.73109 219.532 224.8
      vertex 9.65673 219.966 226.3
      vertex 9.65622 219.968 226.3
    endloop
  endfacet
  facet normal -0.959667 -0.279184 0.0331032
    outer loop
      vertex 9.65673 219.966 226.3
      vertex 9.73109 219.532 224.8
      vertex 9.73171 219.53 224.8
    endloop
  endfacet
  facet normal -0.950421 -0.308122 0.0419688
    outer loop
      vertex 9.73171 219.53 224.8
      vertex 9.67225 219.918 226.3
      vertex 9.65673 219.966 226.3
    endloop
  endfacet
  facet normal -0.950451 -0.308031 0.0419443
    outer loop
      vertex 9.67225 219.918 226.3
      vertex 9.73171 219.53 224.8
      vertex 9.74712 219.483 224.8
    endloop
  endfacet
  facet normal -0.976025 -0.217187 0.0143053
    outer loop
      vertex 9.74712 219.483 224.8
      vertex 9.67264 219.916 226.3
      vertex 9.67225 219.918 226.3
    endloop
  endfacet
  facet normal -0.975651 -0.218829 0.0147987
    outer loop
      vertex 9.67264 219.916 226.3
      vertex 9.74712 219.483 224.8
      vertex 9.7476 219.481 224.8
    endloop
  endfacet
  facet normal -0.968535 -0.247759 0.0235568
    outer loop
      vertex 9.7476 219.481 224.8
      vertex 9.68511 219.867 226.3
      vertex 9.67264 219.916 226.3
    endloop
  endfacet
  facet normal -0.96854 -0.24774 0.0235517
    outer loop
      vertex 9.68511 219.867 226.3
      vertex 9.7476 219.481 224.8
      vertex 9.76 219.432 224.8
    endloop
  endfacet
  facet normal -0.987721 -0.156178 -0.00398012
    outer loop
      vertex 9.76 219.432 224.8
      vertex 9.6854 219.866 226.3
      vertex 9.68511 219.867 226.3
    endloop
  endfacet
  facet normal -0.987706 -0.156272 -0.00395233
    outer loop
      vertex 9.6854 219.866 226.3
      vertex 9.76 219.432 224.8
      vertex 9.76034 219.43 224.8
    endloop
  endfacet
  facet normal -0.982449 -0.186463 0.00508082
    outer loop
      vertex 9.76034 219.43 224.8
      vertex 9.69479 219.816 226.3
      vertex 9.6854 219.866 226.3
    endloop
  endfacet
  facet normal -0.982439 -0.186515 0.00509456
    outer loop
      vertex 9.69479 219.816 226.3
      vertex 9.76034 219.43 224.8
      vertex 9.76967 219.381 224.8
    endloop
  endfacet
  facet normal -0.995264 -0.0946352 -0.0222158
    outer loop
      vertex 9.76967 219.381 224.8
      vertex 9.69495 219.814 226.3
      vertex 9.69479 219.816 226.3
    endloop
  endfacet
  facet normal -0.995361 -0.0935296 -0.0225403
    outer loop
      vertex 9.69495 219.814 226.3
      vertex 9.76967 219.381 224.8
      vertex 9.76988 219.379 224.8
    endloop
  endfacet
  facet normal -0.992149 -0.124341 -0.0134274
    outer loop
      vertex 9.76988 219.379 224.8
      vertex 9.70121 219.764 226.3
      vertex 9.69495 219.814 226.3
    endloop
  endfacet
  facet normal -0.992148 -0.124343 -0.0134269
    outer loop
      vertex 9.70121 219.764 226.3
      vertex 9.76988 219.379 224.8
      vertex 9.77609 219.329 224.8
    endloop
  endfacet
  facet normal -0.99867 -0.0317374 -0.0406389
    outer loop
      vertex 9.77609 219.329 224.8
      vertex 9.70127 219.763 226.3
      vertex 9.70121 219.764 226.3
    endloop
  endfacet
  facet normal -0.998672 -0.0316419 -0.0406666
    outer loop
      vertex 9.70127 219.763 226.3
      vertex 9.77609 219.329 224.8
      vertex 9.77616 219.327 224.8
    endloop
  endfacet
  facet normal -0.997567 -0.062045 -0.0317764
    outer loop
      vertex 9.77616 219.327 224.8
      vertex 9.7044 219.712 226.3
      vertex 9.70127 219.763 226.3
    endloop
  endfacet
  facet normal -0.997567 -0.062043 -0.0317769
    outer loop
      vertex 9.7044 219.712 226.3
      vertex 9.77616 219.327 224.8
      vertex 9.77927 219.277 224.8
    endloop
  endfacet
  facet normal -0.997754 0.0317083 -0.0590092
    outer loop
      vertex 9.77927 219.277 224.8
      vertex 9.70434 219.711 226.3
      vertex 9.7044 219.712 226.3
    endloop
  endfacet
  facet normal -0.997769 0.0313953 -0.0589195
    outer loop
      vertex 9.70434 219.711 226.3
      vertex 9.77927 219.277 224.8
      vertex 9.7792 219.275 224.8
    endloop
  endfacet
  facet normal -0.998742 0.00102144 -0.0501399
    outer loop
      vertex 9.7792 219.275 224.8
      vertex 9.70429 219.66 226.3
      vertex 9.70434 219.711 226.3
    endloop
  endfacet
  facet normal -0.998742 0.0010283 -0.0501416
    outer loop
      vertex 9.70429 219.66 226.3
      vertex 9.7792 219.275 224.8
      vertex 9.77915 219.225 224.8
    endloop
  endfacet
  facet normal -0.992651 0.0935868 -0.076719
    outer loop
      vertex 9.77915 219.225 224.8
      vertex 9.70412 219.658 226.3
      vertex 9.70429 219.66 226.3
    endloop
  endfacet
  facet normal -0.992612 0.093919 -0.0768132
    outer loop
      vertex 9.70412 219.658 226.3
      vertex 9.77915 219.225 224.8
      vertex 9.77894 219.222 224.8
    endloop
  endfacet
  facet normal -0.995659 0.0634389 -0.0681049
    outer loop
      vertex 9.77894 219.222 224.8
      vertex 9.70092 219.608 226.3
      vertex 9.70412 219.658 226.3
    endloop
  endfacet
  facet normal -0.995662 0.0634087 -0.0680973
    outer loop
      vertex 9.70092 219.608 226.3
      vertex 9.77894 219.222 224.8
      vertex 9.77576 219.173 224.8
    endloop
  endfacet
  facet normal -0.983334 0.155484 -0.094228
    outer loop
      vertex 9.77576 219.173 224.8
      vertex 9.70064 219.606 226.3
      vertex 9.70092 219.608 226.3
    endloop
  endfacet
  facet normal -0.983239 0.155995 -0.0943709
    outer loop
      vertex 9.70064 219.606 226.3
      vertex 9.77576 219.173 224.8
      vertex 9.77541 219.17 224.8
    endloop
  endfacet
  facet normal -0.98835 0.125695 -0.0858164
    outer loop
      vertex 9.77541 219.17 224.8
      vertex 9.69428 219.557 226.3
      vertex 9.70064 219.606 226.3
    endloop
  endfacet
  facet normal -0.988348 0.12571 -0.0858199
    outer loop
      vertex 9.69428 219.557 226.3
      vertex 9.77541 219.17 224.8
      vertex 9.7691 219.121 224.8
    endloop
  endfacet
  facet normal -0.970082 0.215864 -0.1111
    outer loop
      vertex 9.7691 219.121 224.8
      vertex 9.69389 219.555 226.3
      vertex 9.69428 219.557 226.3
    endloop
  endfacet
  facet normal -0.970141 0.215634 -0.111037
    outer loop
      vertex 9.69389 219.555 226.3
      vertex 9.7691 219.121 224.8
      vertex 9.76862 219.119 224.8
    endloop
  endfacet
  facet normal -0.976896 0.187201 -0.103105
    outer loop
      vertex 9.76862 219.119 224.8
      vertex 9.68442 219.505 226.3
      vertex 9.69389 219.555 226.3
    endloop
  endfacet
  facet normal -0.97689 0.187227 -0.103112
    outer loop
      vertex 9.68442 219.505 226.3
      vertex 9.76862 219.119 224.8
      vertex 9.75921 219.069 224.8
    endloop
  endfacet
  facet normal -0.952552 0.276261 -0.127768
    outer loop
      vertex 9.75921 219.069 224.8
      vertex 9.68391 219.504 226.3
      vertex 9.68442 219.505 226.3
    endloop
  endfacet
  facet normal -0.952297 0.27704 -0.12798
    outer loop
      vertex 9.68391 219.504 226.3
      vertex 9.75921 219.069 224.8
      vertex 9.7586 219.067 224.8
    endloop
  endfacet
  facet normal -0.961337 0.247878 -0.11995
    outer loop
      vertex 9.7586 219.067 224.8
      vertex 9.67135 219.455 226.3
      vertex 9.68391 219.504 226.3
    endloop
  endfacet
  facet normal -0.961339 0.247871 -0.119948
    outer loop
      vertex 9.67135 219.455 226.3
      vertex 9.7586 219.067 224.8
      vertex 9.74611 219.019 224.8
    endloop
  endfacet
  facet normal -0.93062 0.336406 -0.144145
    outer loop
      vertex 9.74611 219.019 224.8
      vertex 9.67073 219.453 226.3
      vertex 9.67135 219.455 226.3
    endloop
  endfacet
  facet normal -0.931719 0.333668 -0.143408
    outer loop
      vertex 9.67073 219.453 226.3
      vertex 9.74611 219.019 224.8
      vertex 9.74536 219.017 224.8
    endloop
  endfacet
  facet normal -0.941926 0.306982 -0.136153
    outer loop
      vertex 9.74536 219.017 224.8
      vertex 9.65513 219.405 226.3
      vertex 9.67073 219.453 226.3
    endloop
  endfacet
  facet normal -0.941911 0.307024 -0.136163
    outer loop
      vertex 9.65513 219.405 226.3
      vertex 9.74536 219.017 224.8
      vertex 9.72987 218.969 224.8
    endloop
  endfacet
  facet normal -0.90662 0.390928 -0.158792
    outer loop
      vertex 9.72987 218.969 224.8
      vertex 9.65442 219.404 226.3
      vertex 9.65513 219.405 226.3
    endloop
  endfacet
  facet normal -0.906211 0.391783 -0.159019
    outer loop
      vertex 9.65442 219.404 226.3
      vertex 9.72987 218.969 224.8
      vertex 9.72899 218.967 224.8
    endloop
  endfacet
  facet normal -0.91864 0.364777 -0.151781
    outer loop
      vertex 9.72899 218.967 224.8
      vertex 9.63585 219.357 226.3
      vertex 9.65442 219.404 226.3
    endloop
  endfacet
  facet normal -0.918654 0.364746 -0.151774
    outer loop
      vertex 9.63585 219.357 226.3
      vertex 9.72899 218.967 224.8
      vertex 9.71054 218.921 224.8
    endloop
  endfacet
  facet normal -0.878406 0.445418 -0.17322
    outer loop
      vertex 9.71054 218.921 224.8
      vertex 9.63503 219.355 226.3
      vertex 9.63585 219.357 226.3
    endloop
  endfacet
  facet normal -0.877406 0.447205 -0.173687
    outer loop
      vertex 9.63503 219.355 226.3
      vertex 9.71054 218.921 224.8
      vertex 9.70954 218.919 224.8
    endloop
  endfacet
  facet normal -0.891833 0.42055 -0.166649
    outer loop
      vertex 9.70954 218.919 224.8
      vertex 9.61355 219.31 226.3
      vertex 9.63503 219.355 226.3
    endloop
  endfacet
  facet normal -0.891877 0.420464 -0.16663
    outer loop
      vertex 9.61355 219.31 226.3
      vertex 9.70954 218.919 224.8
      vertex 9.68821 218.874 224.8
    endloop
  endfacet
  facet normal -0.845524 0.499958 -0.187434
    outer loop
      vertex 9.68821 218.874 224.8
      vertex 9.61263 219.308 226.3
      vertex 9.61355 219.31 226.3
    endloop
  endfacet
  facet normal -0.843953 0.502373 -0.188055
    outer loop
      vertex 9.61263 219.308 226.3
      vertex 9.68821 218.874 224.8
      vertex 9.68708 218.872 224.8
    endloop
  endfacet
  facet normal -0.861382 0.474669 -0.180859
    outer loop
      vertex 9.68708 218.872 224.8
      vertex 9.58834 219.264 226.3
      vertex 9.61263 219.308 226.3
    endloop
  endfacet
  facet normal -0.861394 0.474649 -0.180855
    outer loop
      vertex 9.58834 219.264 226.3
      vertex 9.68708 218.872 224.8
      vertex 9.66295 218.828 224.8
    endloop
  endfacet
  facet normal -0.81071 0.550125 -0.200279
    outer loop
      vertex 9.66295 218.828 224.8
      vertex 9.58733 219.263 226.3
      vertex 9.58834 219.264 226.3
    endloop
  endfacet
  facet normal -0.81068 0.550165 -0.200289
    outer loop
      vertex 9.58733 219.263 226.3
      vertex 9.66295 218.828 224.8
      vertex 9.66171 218.826 224.8
    endloop
  endfacet
  facet normal -0.82783 0.526295 -0.194194
    outer loop
      vertex 9.66171 218.826 224.8
      vertex 9.56032 219.22 226.3
      vertex 9.58733 219.263 226.3
    endloop
  endfacet
  facet normal -0.827882 0.526219 -0.194177
    outer loop
      vertex 9.56032 219.22 226.3
      vertex 9.66171 218.826 224.8
      vertex 9.63488 218.784 224.8
    endloop
  endfacet
  facet normal -0.773575 0.597154 -0.212106
    outer loop
      vertex 9.63488 218.784 224.8
      vertex 9.55921 219.219 226.3
      vertex 9.56032 219.22 226.3
    endloop
  endfacet
  facet normal -0.77344 0.597314 -0.212146
    outer loop
      vertex 9.55921 219.219 226.3
      vertex 9.63488 218.784 224.8
      vertex 9.63353 218.782 224.8
    endloop
  endfacet
  facet normal -0.791063 0.575741 -0.206741
    outer loop
      vertex 9.63353 218.782 224.8
      vertex 9.52959 219.178 226.3
      vertex 9.55921 219.219 226.3
    endloop
  endfacet
  facet normal -0.79102 0.575796 -0.206752
    outer loop
      vertex 9.52959 219.178 226.3
      vertex 9.63353 218.782 224.8
      vertex 9.6041 218.742 224.8
    endloop
  endfacet
  facet normal -0.731736 0.643866 -0.223604
    outer loop
      vertex 9.6041 218.742 224.8
      vertex 9.5284 219.177 226.3
      vertex 9.52959 219.178 226.3
    endloop
  endfacet
  facet normal -0.732078 0.643507 -0.223517
    outer loop
      vertex 9.5284 219.177 226.3
      vertex 9.6041 218.742 224.8
      vertex 9.60264 218.74 224.8
    endloop
  endfacet
  facet normal -0.751194 0.622882 -0.218461
    outer loop
      vertex 9.60264 218.74 224.8
      vertex 9.49627 219.138 226.3
      vertex 9.5284 219.177 226.3
    endloop
  endfacet
  facet normal -0.751306 0.622757 -0.218436
    outer loop
      vertex 9.49627 219.138 226.3
      vertex 9.60264 218.74 224.8
      vertex 9.57073 218.702 224.8
    endloop
  endfacet
  facet normal -0.685712 0.689074 -0.23447
    outer loop
      vertex 9.56917 218.7 224.8
      vertex 9.49627 219.138 226.3
      vertex 9.57073 218.702 224.8
    endloop
  endfacet
  facet normal -0.688791 0.686229 -0.233789
    outer loop
      vertex 9.49627 219.138 226.3
      vertex 9.56917 218.7 224.8
      vertex 9.495 219.137 226.3
    endloop
  endfacet
  facet normal -0.709036 0.666897 -0.229163
    outer loop
      vertex 9.56917 218.7 224.8
      vertex 9.46051 219.1 226.3
      vertex 9.495 219.137 226.3
    endloop
  endfacet
  facet normal -0.709028 0.666905 -0.229165
    outer loop
      vertex 9.46051 219.1 226.3
      vertex 9.56917 218.7 224.8
      vertex 9.53491 218.664 224.8
    endloop
  endfacet
  facet normal -0.642111 0.726973 -0.243319
    outer loop
      vertex 9.53325 218.662 224.8
      vertex 9.46051 219.1 226.3
      vertex 9.53491 218.664 224.8
    endloop
  endfacet
  facet normal -0.63999 0.728706 -0.243722
    outer loop
      vertex 9.46051 219.1 226.3
      vertex 9.53325 218.662 224.8
      vertex 9.45916 219.099 226.3
    endloop
  endfacet
  facet normal -0.664085 0.708424 -0.239009
    outer loop
      vertex 9.49677 218.628 224.8
      vertex 9.45916 219.099 226.3
      vertex 9.53325 218.662 224.8
    endloop
  endfacet
  facet normal -0.664259 0.708276 -0.238967
    outer loop
      vertex 9.45916 219.099 226.3
      vertex 9.49677 218.628 224.8
      vertex 9.42243 219.064 226.3
    endloop
  endfacet
  facet normal -0.59394 0.764114 -0.251726
    outer loop
      vertex 9.49502 218.627 224.8
      vertex 9.42243 219.064 226.3
      vertex 9.49677 218.628 224.8
    endloop
  endfacet
  facet normal -0.590128 0.766859 -0.252342
    outer loop
      vertex 9.42243 219.064 226.3
      vertex 9.49502 218.627 224.8
      vertex 9.42101 219.063 226.3
    endloop
  endfacet
  facet normal -0.616779 0.74708 -0.2479
    outer loop
      vertex 9.45647 218.595 224.8
      vertex 9.42101 219.063 226.3
      vertex 9.49502 218.627 224.8
    endloop
  endfacet
  facet normal -0.616792 0.747071 -0.247898
    outer loop
      vertex 9.42101 219.063 226.3
      vertex 9.45647 218.595 224.8
      vertex 9.38219 219.031 226.3
    endloop
  endfacet
  facet normal -0.545334 0.797218 -0.258949
    outer loop
      vertex 9.45464 218.593 224.8
      vertex 9.38219 219.031 226.3
      vertex 9.45647 218.595 224.8
    endloop
  endfacet
  facet normal -0.545369 0.797195 -0.258944
    outer loop
      vertex 9.38219 219.031 226.3
      vertex 9.45464 218.593 224.8
      vertex 9.3807 219.03 226.3
    endloop
  endfacet
  facet normal -0.567273 0.782785 -0.255829
    outer loop
      vertex 9.41415 218.564 224.8
      vertex 9.3807 219.03 226.3
      vertex 9.45464 218.593 224.8
    endloop
  endfacet
  facet normal -0.567507 0.78263 -0.255786
    outer loop
      vertex 9.3807 219.03 226.3
      vertex 9.41415 218.564 224.8
      vertex 9.33994 219.001 226.3
    endloop
  endfacet
  facet normal -0.492043 0.829076 -0.265567
    outer loop
      vertex 9.41225 218.563 224.8
      vertex 9.33994 219.001 226.3
      vertex 9.41415 218.564 224.8
    endloop
  endfacet
  facet normal -0.489215 0.830646 -0.265888
    outer loop
      vertex 9.33994 219.001 226.3
      vertex 9.41225 218.563 224.8
      vertex 9.33839 219 226.3
    endloop
  endfacet
  facet normal -0.516475 0.815017 -0.262681
    outer loop
      vertex 9.37001 218.536 224.8
      vertex 9.33839 219 226.3
      vertex 9.41225 218.563 224.8
    endloop
  endfacet
  facet normal -0.516329 0.815102 -0.262704
    outer loop
      vertex 9.33839 219 226.3
      vertex 9.37001 218.536 224.8
      vertex 9.29587 218.973 226.3
    endloop
  endfacet
  facet normal -0.438088 0.857093 -0.271055
    outer loop
      vertex 9.36804 218.535 224.8
      vertex 9.29587 218.973 226.3
      vertex 9.37001 218.536 224.8
    endloop
  endfacet
  facet normal -0.438372 0.856956 -0.271029
    outer loop
      vertex 9.29587 218.973 226.3
      vertex 9.36804 218.535 224.8
      vertex 9.29426 218.972 226.3
    endloop
  endfacet
  facet normal -0.463189 0.844563 -0.268642
    outer loop
      vertex 9.32419 218.511 224.8
      vertex 9.29426 218.972 226.3
      vertex 9.36804 218.535 224.8
    endloop
  endfacet
  facet normal -0.463306 0.844504 -0.268627
    outer loop
      vertex 9.29426 218.972 226.3
      vertex 9.32419 218.511 224.8
      vertex 9.25012 218.948 226.3
    endloop
  endfacet
  facet normal -0.378794 0.883436 -0.275782
    outer loop
      vertex 9.32217 218.51 224.8
      vertex 9.25012 218.948 226.3
      vertex 9.32419 218.511 224.8
    endloop
  endfacet
  facet normal -0.381728 0.882238 -0.275573
    outer loop
      vertex 9.25012 218.948 226.3
      vertex 9.32217 218.51 224.8
      vertex 9.24846 218.947 226.3
    endloop
  endfacet
  facet normal -0.408894 0.870625 -0.273528
    outer loop
      vertex 9.27691 218.489 224.8
      vertex 9.24846 218.947 226.3
      vertex 9.32217 218.51 224.8
    endloop
  endfacet
  facet normal -0.40882 0.870657 -0.273536
    outer loop
      vertex 9.24846 218.947 226.3
      vertex 9.27691 218.489 224.8
      vertex 9.2029 218.926 226.3
    endloop
  endfacet
  facet normal -0.324844 0.903678 -0.279002
    outer loop
      vertex 9.27483 218.488 224.8
      vertex 9.2029 218.926 226.3
      vertex 9.27691 218.489 224.8
    endloop
  endfacet
  facet normal -0.324585 0.903767 -0.279016
    outer loop
      vertex 9.2029 218.926 226.3
      vertex 9.27483 218.488 224.8
      vertex 9.2012 218.925 226.3
    endloop
  endfacet
  facet normal -0.352948 0.893564 -0.277438
    outer loop
      vertex 9.22832 218.47 224.8
      vertex 9.2012 218.925 226.3
      vertex 9.27483 218.488 224.8
    endloop
  endfacet
  facet normal -0.352935 0.893568 -0.277439
    outer loop
      vertex 9.2012 218.925 226.3
      vertex 9.22832 218.47 224.8
      vertex 9.15438 218.906 226.3
    endloop
  endfacet
  facet normal -0.265148 0.922216 -0.281449
    outer loop
      vertex 9.22619 218.469 224.8
      vertex 9.15438 218.906 226.3
      vertex 9.22832 218.47 224.8
    endloop
  endfacet
  facet normal -0.267501 0.921561 -0.28137
    outer loop
      vertex 9.15438 218.906 226.3
      vertex 9.22619 218.469 224.8
      vertex 9.15265 218.906 226.3
    endloop
  endfacet
  facet normal -0.296153 0.913083 -0.280308
    outer loop
      vertex 9.17863 218.454 224.8
      vertex 9.15265 218.906 226.3
      vertex 9.22619 218.469 224.8
    endloop
  endfacet
  facet normal -0.295959 0.913142 -0.280322
    outer loop
      vertex 9.15265 218.906 226.3
      vertex 9.17863 218.454 224.8
      vertex 9.10477 218.89 226.3
    endloop
  endfacet
  facet normal -0.205444 0.936923 -0.282786
    outer loop
      vertex 9.17647 218.453 224.8
      vertex 9.10477 218.89 226.3
      vertex 9.17863 218.454 224.8
    endloop
  endfacet
  facet normal -0.210545 0.935814 -0.282706
    outer loop
      vertex 9.10477 218.89 226.3
      vertex 9.17647 218.453 224.8
      vertex 9.103 218.89 226.3
    endloop
  endfacet
  facet normal -0.237713 0.929444 -0.282183
    outer loop
      vertex 9.12803 218.441 224.8
      vertex 9.103 218.89 226.3
      vertex 9.17647 218.453 224.8
    endloop
  endfacet
  facet normal -0.237598 0.929471 -0.282189
    outer loop
      vertex 9.103 218.89 226.3
      vertex 9.12803 218.441 224.8
      vertex 9.05423 218.878 226.3
    endloop
  endfacet
  facet normal -0.152109 0.94696 -0.283073
    outer loop
      vertex 9.12584 218.441 224.8
      vertex 9.05423 218.878 226.3
      vertex 9.12803 218.441 224.8
    endloop
  endfacet
  facet normal -0.153817 0.946683 -0.283074
    outer loop
      vertex 9.05423 218.878 226.3
      vertex 9.12584 218.441 224.8
      vertex 9.05245 218.877 226.3
    endloop
  endfacet
  facet normal -0.178803 0.9423 -0.283021
    outer loop
      vertex 9.07671 218.431 224.8
      vertex 9.05245 218.877 226.3
      vertex 9.12584 218.441 224.8
    endloop
  endfacet
  facet normal -0.17878 0.942304 -0.283022
    outer loop
      vertex 9.05245 218.877 226.3
      vertex 9.07671 218.431 224.8
      vertex 9.00299 218.868 226.3
    endloop
  endfacet
  facet normal -0.0926671 0.954803 -0.282427
    outer loop
      vertex 9.07451 218.431 224.8
      vertex 9.00299 218.868 226.3
      vertex 9.07671 218.431 224.8
    endloop
  endfacet
  facet normal -0.0891346 0.955158 -0.282362
    outer loop
      vertex 9.00299 218.868 226.3
      vertex 9.07451 218.431 224.8
      vertex 9.00119 218.868 226.3
    endloop
  endfacet
  facet normal -0.119155 0.951739 -0.282834
    outer loop
      vertex 9.02491 218.425 224.8
      vertex 9.00119 218.868 226.3
      vertex 9.07451 218.431 224.8
    endloop
  endfacet
  facet normal -0.119234 0.951729 -0.282832
    outer loop
      vertex 9.00119 218.868 226.3
      vertex 9.02491 218.425 224.8
      vertex 8.95125 218.861 226.3
    endloop
  endfacet
  facet normal -0.0331045 0.959202 -0.280778
    outer loop
      vertex 9.0227 218.425 224.8
      vertex 8.95125 218.861 226.3
      vertex 9.02491 218.425 224.8
    endloop
  endfacet
  facet normal -0.0324304 0.959232 -0.280755
    outer loop
      vertex 8.95125 218.861 226.3
      vertex 9.0227 218.425 224.8
      vertex 8.94945 218.861 226.3
    endloop
  endfacet
  facet normal -0.0594388 0.957683 -0.281623
    outer loop
      vertex 8.97279 218.422 224.8
      vertex 8.94945 218.861 226.3
      vertex 9.0227 218.425 224.8
    endloop
  endfacet
  facet normal -0.0593363 0.957689 -0.281623
    outer loop
      vertex 8.94945 218.861 226.3
      vertex 8.97279 218.422 224.8
      vertex 8.89921 218.858 226.3
    endloop
  endfacet
  facet normal 0.0331488 0.960073 -0.27778
    outer loop
      vertex 8.97058 218.422 224.8
      vertex 8.89921 218.858 226.3
      vertex 8.97279 218.422 224.8
    endloop
  endfacet
  facet normal 0.0324422 0.960086 -0.277817
    outer loop
      vertex 8.89921 218.858 226.3
      vertex 8.97058 218.422 224.8
      vertex 8.8974 218.858 226.3
    endloop
  endfacet
  facet normal 0.000585864 0.960175 -0.279397
    outer loop
      vertex 8.92056 218.422 224.8
      vertex 8.8974 218.858 226.3
      vertex 8.97058 218.422 224.8
    endloop
  endfacet
  facet normal 0.00058198 0.960175 -0.279398
    outer loop
      vertex 8.8974 218.858 226.3
      vertex 8.92056 218.422 224.8
      vertex 8.84705 218.858 226.3
    endloop
  endfacet
  facet normal 0 0 1
    outer loop
      vertex 8.07812 219.921 226.3
      vertex -6.06775 223.903 226.3
      vertex -5.67834 218.967 226.3
    endloop
  endfacet
  facet normal 0 0 1
    outer loop
      vertex 3.08602 230.849 226.3
      vertex -6.07631 224.081 226.3
      vertex -6.06775 223.903 226.3
    endloop
  endfacet
  facet normal 0 0 1
    outer loop
      vertex 2.89048 231.137 226.3
      vertex -7.5988 243.502 226.3
      vertex -6.07631 224.081 226.3
    endloop
  endfacet
  facet normal 0 0 1
    outer loop
      vertex 2.89048 231.137 226.3
      vertex -7.63213 244.2 226.3
      vertex -7.5988 243.502 226.3
    endloop
  endfacet
  facet normal 0 0 1
    outer loop
      vertex 2.89048 231.137 226.3
      vertex -7.88912 247.396 226.3
      vertex -7.63213 244.2 226.3
    endloop
  endfacet
  facet normal 0 0 1
    outer loop
      vertex 2.89048 231.137 226.3
      vertex -7.89483 247.511 226.3
      vertex -7.88912 247.396 226.3
    endloop
  endfacet
  facet normal 0 0 1
    outer loop
      vertex 2.89048 231.137 226.3
      vertex -8.15434 250.633 226.3
      vertex -7.89483 247.511 226.3
    endloop
  endfacet
  facet normal 0 0 1
    outer loop
      vertex 2.89048 231.137 226.3
      vertex -8.16023 250.745 226.3
      vertex -8.15434 250.633 226.3
    endloop
  endfacet
  facet normal 0 0 1
    outer loop
      vertex -8.36659 253.239 226.3
      vertex -8.16023 250.745 226.3
      vertex 2.89048 231.137 226.3
    endloop
  endfacet
  facet normal 0 0 1
    outer loop
      vertex -8.16023 250.745 226.3
      vertex -8.36659 253.239 226.3
      vertex -8.39219 253.293 226.3
    endloop
  endfacet
  facet normal 0 0 1
    outer loop
      vertex 12.1931 219.779 226.3
      vertex 12.1923 219.57 226.3
      vertex 12.193 219.577 226.3
    endloop
  endfacet
  facet normal 0 0 1
    outer loop
      vertex 12.1809 219.987 226.3
      vertex 12.1931 219.779 226.3
      vertex 12.1934 219.786 226.3
    endloop
  endfacet
  facet normal 0 0 1
    outer loop
      vertex 9.7044 219.712 226.3
      vertex 12.1931 219.779 226.3
      vertex 12.1809 219.987 226.3
    endloop
  endfacet
  facet normal 0 0 1
    outer loop
      vertex 9.70121 219.764 226.3
      vertex 12.1809 219.987 226.3
      vertex 12.1807 219.994 226.3
    endloop
  endfacet
  facet normal 0 0 1
    outer loop
      vertex 12.1931 219.779 226.3
      vertex 9.7044 219.712 226.3
      vertex 12.1923 219.57 226.3
    endloop
  endfacet
  facet normal -0 0 1
    outer loop
      vertex 9.70429 219.66 226.3
      vertex 12.1923 219.57 226.3
      vertex 9.7044 219.712 226.3
    endloop
  endfacet
  facet normal 0 0 1
    outer loop
      vertex 9.70121 219.764 226.3
      vertex 12.1807 219.994 226.3
      vertex 12.1556 220.194 226.3
    endloop
  endfacet
  facet normal 0 0 1
    outer loop
      vertex 9.69479 219.816 226.3
      vertex 12.1556 220.194 226.3
      vertex 12.1549 220.201 226.3
    endloop
  endfacet
  facet normal 0 0 1
    outer loop
      vertex 12.1923 219.57 226.3
      vertex 9.70429 219.66 226.3
      vertex 12.1795 219.369 226.3
    endloop
  endfacet
  facet normal 0 0 1
    outer loop
      vertex 12.1795 219.369 226.3
      vertex 9.70429 219.66 226.3
      vertex 12.1783 219.362 226.3
    endloop
  endfacet
  facet normal 0 0 1
    outer loop
      vertex 9.69479 219.816 226.3
      vertex 12.1549 220.201 226.3
      vertex 12.1174 220.399 226.3
    endloop
  endfacet
  facet normal 0 0 1
    outer loop
      vertex 9.68511 219.867 226.3
      vertex 12.1174 220.399 226.3
      vertex 12.1162 220.406 226.3
    endloop
  endfacet
  facet normal -0 0 1
    outer loop
      vertex 9.70092 219.608 226.3
      vertex 12.1783 219.362 226.3
      vertex 9.70429 219.66 226.3
    endloop
  endfacet
  facet normal 0 0 1
    outer loop
      vertex 12.1783 219.362 226.3
      vertex 9.70092 219.608 226.3
      vertex 12.1529 219.162 226.3
    endloop
  endfacet
  facet normal 0 0 1
    outer loop
      vertex 9.68511 219.867 226.3
      vertex 12.1162 220.406 226.3
      vertex 12.0663 220.601 226.3
    endloop
  endfacet
  facet normal 0 0 1
    outer loop
      vertex 12.0027 220.8 226.3
      vertex 12.0663 220.601 226.3
      vertex 12.0648 220.608 226.3
    endloop
  endfacet
  facet normal 0 0 1
    outer loop
      vertex 12.1529 219.162 226.3
      vertex 9.70092 219.608 226.3
      vertex 12.1513 219.155 226.3
    endloop
  endfacet
  facet normal -0 0 1
    outer loop
      vertex 9.69428 219.557 226.3
      vertex 12.1513 219.155 226.3
      vertex 9.70092 219.608 226.3
    endloop
  endfacet
  facet normal 0 0 1
    outer loop
      vertex 12.0663 220.601 226.3
      vertex 12.0027 220.8 226.3
      vertex 9.67225 219.918 226.3
    endloop
  endfacet
  facet normal 0 0 1
    outer loop
      vertex 9.65622 219.968 226.3
      vertex 12.0027 220.8 226.3
      vertex 12.0007 220.807 226.3
    endloop
  endfacet
  facet normal 0 0 1
    outer loop
      vertex 12.1513 219.155 226.3
      vertex 9.69428 219.557 226.3
      vertex 12.1134 218.957 226.3
    endloop
  endfacet
  facet normal 0 0 1
    outer loop
      vertex 12.1134 218.957 226.3
      vertex 9.69428 219.557 226.3
      vertex 12.1114 218.95 226.3
    endloop
  endfacet
  facet normal 0 0 1
    outer loop
      vertex 9.65622 219.968 226.3
      vertex 12.0007 220.807 226.3
      vertex 11.9267 220.994 226.3
    endloop
  endfacet
  facet normal 0 0 1
    outer loop
      vertex 9.63712 220.016 226.3
      vertex 11.9267 220.994 226.3
      vertex 11.9243 221.001 226.3
    endloop
  endfacet
  facet normal -0 0 1
    outer loop
      vertex 9.68442 219.505 226.3
      vertex 12.1114 218.95 226.3
      vertex 9.69428 219.557 226.3
    endloop
  endfacet
  facet normal 0 0 1
    outer loop
      vertex 12.1114 218.95 226.3
      vertex 9.68442 219.505 226.3
      vertex 12.0612 218.756 226.3
    endloop
  endfacet
  facet normal 0 0 1
    outer loop
      vertex 9.63712 220.016 226.3
      vertex 11.9243 221.001 226.3
      vertex 11.8387 221.183 226.3
    endloop
  endfacet
  facet normal 0 0 1
    outer loop
      vertex 9.61501 220.063 226.3
      vertex 11.8387 221.183 226.3
      vertex 11.8358 221.189 226.3
    endloop
  endfacet
  facet normal 0 0 1
    outer loop
      vertex 12.0612 218.756 226.3
      vertex 9.68442 219.505 226.3
      vertex 12.0587 218.749 226.3
    endloop
  endfacet
  facet normal -0 0 1
    outer loop
      vertex 9.67135 219.455 226.3
      vertex 12.0587 218.749 226.3
      vertex 9.68442 219.505 226.3
    endloop
  endfacet
  facet normal 0 0 1
    outer loop
      vertex 9.61501 220.063 226.3
      vertex 11.8358 221.189 226.3
      vertex 11.739 221.366 226.3
    endloop
  endfacet
  facet normal 0 0 1
    outer loop
      vertex 9.58998 220.109 226.3
      vertex 11.739 221.366 226.3
      vertex 11.7357 221.372 226.3
    endloop
  endfacet
  facet normal 0 0 1
    outer loop
      vertex 12.0587 218.749 226.3
      vertex 9.67135 219.455 226.3
      vertex 11.9964 218.557 226.3
    endloop
  endfacet
  facet normal 0 0 1
    outer loop
      vertex 11.9964 218.557 226.3
      vertex 9.67135 219.455 226.3
      vertex 11.9935 218.551 226.3
    endloop
  endfacet
  facet normal 0 0 1
    outer loop
      vertex 9.58998 220.109 226.3
      vertex 11.7357 221.372 226.3
      vertex 11.628 221.543 226.3
    endloop
  endfacet
  facet normal 0 0 1
    outer loop
      vertex 11.5061 221.712 226.3
      vertex 11.628 221.543 226.3
      vertex 11.6243 221.549 226.3
    endloop
  endfacet
  facet normal -0 0 1
    outer loop
      vertex 9.65513 219.405 226.3
      vertex 11.9935 218.551 226.3
      vertex 9.67135 219.455 226.3
    endloop
  endfacet
  facet normal 0 0 1
    outer loop
      vertex 11.9935 218.551 226.3
      vertex 9.65513 219.405 226.3
      vertex 11.9192 218.363 226.3
    endloop
  endfacet
  facet normal 0 0 1
    outer loop
      vertex 11.628 221.543 226.3
      vertex 11.5061 221.712 226.3
      vertex 9.56212 220.153 226.3
    endloop
  endfacet
  facet normal 0 0 1
    outer loop
      vertex 11.3738 221.873 226.3
      vertex 11.5061 221.712 226.3
      vertex 11.502 221.718 226.3
    endloop
  endfacet
  facet normal 0 0 1
    outer loop
      vertex 11.9192 218.363 226.3
      vertex 9.65513 219.405 226.3
      vertex 11.9159 218.357 226.3
    endloop
  endfacet
  facet normal -0 0 1
    outer loop
      vertex 9.63585 219.357 226.3
      vertex 11.9159 218.357 226.3
      vertex 9.65513 219.405 226.3
    endloop
  endfacet
  facet normal 0 0 1
    outer loop
      vertex 11.5061 221.712 226.3
      vertex 11.3738 221.873 226.3
      vertex 9.53155 220.195 226.3
    endloop
  endfacet
  facet normal 0 0 1
    outer loop
      vertex 11.2317 222.026 226.3
      vertex 11.3738 221.873 226.3
      vertex 11.3694 221.879 226.3
    endloop
  endfacet
  facet normal 0 0 1
    outer loop
      vertex 11.9159 218.357 226.3
      vertex 9.63585 219.357 226.3
      vertex 11.83 218.175 226.3
    endloop
  endfacet
  facet normal 0 0 1
    outer loop
      vertex 11.83 218.175 226.3
      vertex 9.63585 219.357 226.3
      vertex 11.8263 218.169 226.3
    endloop
  endfacet
  facet normal 0 0 1
    outer loop
      vertex 11.3738 221.873 226.3
      vertex 11.2317 222.026 226.3
      vertex 9.4984 220.236 226.3
    endloop
  endfacet
  facet normal 0 0 1
    outer loop
      vertex 9.46277 220.274 226.3
      vertex 11.2317 222.026 226.3
      vertex 11.2269 222.031 226.3
    endloop
  endfacet
  facet normal -0 0 1
    outer loop
      vertex 9.61355 219.31 226.3
      vertex 11.8263 218.169 226.3
      vertex 9.63585 219.357 226.3
    endloop
  endfacet
  facet normal 0 -0 1
    outer loop
      vertex 11.7251 217.986 226.3
      vertex 11.8263 218.169 226.3
      vertex 9.61355 219.31 226.3
    endloop
  endfacet
  facet normal 0 0 1
    outer loop
      vertex 9.46277 220.274 226.3
      vertex 11.2269 222.031 226.3
      vertex 11.0802 222.169 226.3
    endloop
  endfacet
  facet normal 0 0 1
    outer loop
      vertex 9.42483 220.309 226.3
      vertex 11.0802 222.169 226.3
      vertex 11.0751 222.174 226.3
    endloop
  endfacet
  facet normal 0 0 1
    outer loop
      vertex 11.8263 218.169 226.3
      vertex 11.7251 217.986 226.3
      vertex 11.7292 217.992 226.3
    endloop
  endfacet
  facet normal -0 0 1
    outer loop
      vertex 9.58834 219.264 226.3
      vertex 11.7251 217.986 226.3
      vertex 9.61355 219.31 226.3
    endloop
  endfacet
  facet normal 0 0 1
    outer loop
      vertex 9.42483 220.309 226.3
      vertex 11.0751 222.174 226.3
      vertex 10.9201 222.303 226.3
    endloop
  endfacet
  facet normal 0 0 1
    outer loop
      vertex 9.38473 220.343 226.3
      vertex 10.9201 222.303 226.3
      vertex 10.9147 222.307 226.3
    endloop
  endfacet
  facet normal 0 0 1
    outer loop
      vertex 11.7251 217.986 226.3
      vertex 9.58834 219.264 226.3
      vertex 11.6171 217.816 226.3
    endloop
  endfacet
  facet normal 0 0 1
    outer loop
      vertex 11.6171 217.816 226.3
      vertex 9.58834 219.264 226.3
      vertex 11.6127 217.811 226.3
    endloop
  endfacet
  facet normal 0 0 1
    outer loop
      vertex 9.38473 220.343 226.3
      vertex 10.9147 222.307 226.3
      vertex 10.7519 222.426 226.3
    endloop
  endfacet
  facet normal 0 0 1
    outer loop
      vertex 9.3426 220.374 226.3
      vertex 10.7519 222.426 226.3
      vertex 10.7462 222.43 226.3
    endloop
  endfacet
  facet normal -0 0 1
    outer loop
      vertex 9.56032 219.22 226.3
      vertex 11.6127 217.811 226.3
      vertex 9.58834 219.264 226.3
    endloop
  endfacet
  facet normal 0 0 1
    outer loop
      vertex 11.6127 217.811 226.3
      vertex 9.56032 219.22 226.3
      vertex 11.4942 217.648 226.3
    endloop
  endfacet
  facet normal 0 0 1
    outer loop
      vertex 9.3426 220.374 226.3
      vertex 10.7462 222.43 226.3
      vertex 10.5763 222.538 226.3
    endloop
  endfacet
  facet normal 0 0 1
    outer loop
      vertex 9.29862 220.402 226.3
      vertex 10.5763 222.538 226.3
      vertex 10.5703 222.542 226.3
    endloop
  endfacet
  facet normal 0 0 1
    outer loop
      vertex 11.4942 217.648 226.3
      vertex 9.56032 219.22 226.3
      vertex 11.4894 217.643 226.3
    endloop
  endfacet
  facet normal -0 0 1
    outer loop
      vertex 9.52959 219.178 226.3
      vertex 11.4894 217.643 226.3
      vertex 9.56032 219.22 226.3
    endloop
  endfacet
  facet normal 0 0 1
    outer loop
      vertex 9.29862 220.402 226.3
      vertex 10.5703 222.542 226.3
      vertex 10.3939 222.64 226.3
    endloop
  endfacet
  facet normal 0 0 1
    outer loop
      vertex 9.25298 220.427 226.3
      vertex 10.3939 222.64 226.3
      vertex 10.3877 222.643 226.3
    endloop
  endfacet
  facet normal 0 0 1
    outer loop
      vertex 11.4894 217.643 226.3
      vertex 9.52959 219.178 226.3
      vertex 11.3609 217.488 226.3
    endloop
  endfacet
  facet normal 0 0 1
    outer loop
      vertex 11.3609 217.488 226.3
      vertex 9.52959 219.178 226.3
      vertex 11.3558 217.482 226.3
    endloop
  endfacet
  facet normal 0 0 1
    outer loop
      vertex 9.25298 220.427 226.3
      vertex 10.3877 222.643 226.3
      vertex 10.2056 222.729 226.3
    endloop
  endfacet
  facet normal 0 0 1
    outer loop
      vertex 9.20584 220.449 226.3
      vertex 10.2056 222.729 226.3
      vertex 10.1992 222.732 226.3
    endloop
  endfacet
  facet normal -0 0 1
    outer loop
      vertex 9.49627 219.138 226.3
      vertex 11.3558 217.482 226.3
      vertex 9.52959 219.178 226.3
    endloop
  endfacet
  facet normal 0 0 1
    outer loop
      vertex 11.3558 217.482 226.3
      vertex 9.49627 219.138 226.3
      vertex 11.2178 217.336 226.3
    endloop
  endfacet
  facet normal 0 0 1
    outer loop
      vertex 9.20584 220.449 226.3
      vertex 10.1992 222.732 226.3
      vertex 10.012 222.807 226.3
    endloop
  endfacet
  facet normal 0 0 1
    outer loop
      vertex 9.1574 220.468 226.3
      vertex 10.012 222.807 226.3
      vertex 10.0054 222.81 226.3
    endloop
  endfacet
  facet normal 0 0 1
    outer loop
      vertex 11.2178 217.336 226.3
      vertex 9.49627 219.138 226.3
      vertex 11.2124 217.331 226.3
    endloop
  endfacet
  facet normal -0 0 1
    outer loop
      vertex 9.46051 219.1 226.3
      vertex 11.2124 217.331 226.3
      vertex 9.49627 219.138 226.3
    endloop
  endfacet
  facet normal 0 0 1
    outer loop
      vertex 9.1574 220.468 226.3
      vertex 10.0054 222.81 226.3
      vertex 9.81395 222.872 226.3
    endloop
  endfacet
  facet normal 0 0 1
    outer loop
      vertex 9.10783 220.485 226.3
      vertex 9.81395 222.872 226.3
      vertex 9.80715 222.874 226.3
    endloop
  endfacet
  facet normal 0 -0 1
    outer loop
      vertex 11.0598 217.189 226.3
      vertex 11.2124 217.331 226.3
      vertex 9.46051 219.1 226.3
    endloop
  endfacet
  facet normal 0 0 1
    outer loop
      vertex 11.2124 217.331 226.3
      vertex 11.0598 217.189 226.3
      vertex 11.0655 217.193 226.3
    endloop
  endfacet
  facet normal -0 0 1
    outer loop
      vertex 9.42243 219.064 226.3
      vertex 11.0598 217.189 226.3
      vertex 9.46051 219.1 226.3
    endloop
  endfacet
  facet normal 0 0 1
    outer loop
      vertex 12.1809 219.987 226.3
      vertex 9.70121 219.764 226.3
      vertex 9.7044 219.712 226.3
    endloop
  endfacet
  facet normal 0 0 1
    outer loop
      vertex 9.7044 219.712 226.3
      vertex 9.70121 219.764 226.3
      vertex 9.70127 219.763 226.3
    endloop
  endfacet
  facet normal 0 0 1
    outer loop
      vertex 12.1556 220.194 226.3
      vertex 9.69479 219.816 226.3
      vertex 9.70121 219.764 226.3
    endloop
  endfacet
  facet normal 0 0 1
    outer loop
      vertex 9.70121 219.764 226.3
      vertex 9.69479 219.816 226.3
      vertex 9.69495 219.814 226.3
    endloop
  endfacet
  facet normal 0 0 1
    outer loop
      vertex 12.1174 220.399 226.3
      vertex 9.68511 219.867 226.3
      vertex 9.69479 219.816 226.3
    endloop
  endfacet
  facet normal 0 0 1
    outer loop
      vertex 9.69479 219.816 226.3
      vertex 9.68511 219.867 226.3
      vertex 9.6854 219.866 226.3
    endloop
  endfacet
  facet normal 0 0 1
    outer loop
      vertex 12.0663 220.601 226.3
      vertex 9.67225 219.918 226.3
      vertex 9.68511 219.867 226.3
    endloop
  endfacet
  facet normal 0 0 1
    outer loop
      vertex 9.68511 219.867 226.3
      vertex 9.67225 219.918 226.3
      vertex 9.67264 219.916 226.3
    endloop
  endfacet
  facet normal 0 0 1
    outer loop
      vertex 12.0027 220.8 226.3
      vertex 9.65622 219.968 226.3
      vertex 9.67225 219.918 226.3
    endloop
  endfacet
  facet normal 0 0 1
    outer loop
      vertex 9.67225 219.918 226.3
      vertex 9.65622 219.968 226.3
      vertex 9.65673 219.966 226.3
    endloop
  endfacet
  facet normal 0 0 1
    outer loop
      vertex 11.9267 220.994 226.3
      vertex 9.63712 220.016 226.3
      vertex 9.65622 219.968 226.3
    endloop
  endfacet
  facet normal 0 0 1
    outer loop
      vertex 9.65622 219.968 226.3
      vertex 9.63712 220.016 226.3
      vertex 9.63773 220.014 226.3
    endloop
  endfacet
  facet normal 0 0 1
    outer loop
      vertex 11.8387 221.183 226.3
      vertex 9.61501 220.063 226.3
      vertex 9.63712 220.016 226.3
    endloop
  endfacet
  facet normal 0 0 1
    outer loop
      vertex 9.63712 220.016 226.3
      vertex 9.61501 220.063 226.3
      vertex 9.61572 220.062 226.3
    endloop
  endfacet
  facet normal 0 0 1
    outer loop
      vertex 9.10783 220.485 226.3
      vertex 9.80715 222.874 226.3
      vertex 9.61218 222.925 226.3
    endloop
  endfacet
  facet normal 0 0 1
    outer loop
      vertex 9.40748 222.965 226.3
      vertex 9.61218 222.925 226.3
      vertex 9.60524 222.927 226.3
    endloop
  endfacet
  facet normal 0 0 1
    outer loop
      vertex 11.739 221.366 226.3
      vertex 9.58998 220.109 226.3
      vertex 9.61501 220.063 226.3
    endloop
  endfacet
  facet normal 0 0 1
    outer loop
      vertex 9.61501 220.063 226.3
      vertex 9.58998 220.109 226.3
      vertex 9.5908 220.107 226.3
    endloop
  endfacet
  facet normal 0 0 1
    outer loop
      vertex 11.628 221.543 226.3
      vertex 9.56212 220.153 226.3
      vertex 9.58998 220.109 226.3
    endloop
  endfacet
  facet normal 0 0 1
    outer loop
      vertex 9.58998 220.109 226.3
      vertex 9.56212 220.153 226.3
      vertex 9.56304 220.152 226.3
    endloop
  endfacet
  facet normal 0 0 1
    outer loop
      vertex 11.5061 221.712 226.3
      vertex 9.53155 220.195 226.3
      vertex 9.56212 220.153 226.3
    endloop
  endfacet
  facet normal 0 0 1
    outer loop
      vertex 9.56212 220.153 226.3
      vertex 9.53155 220.195 226.3
      vertex 9.53257 220.194 226.3
    endloop
  endfacet
  facet normal 0 0 1
    outer loop
      vertex 11.3738 221.873 226.3
      vertex 9.4984 220.236 226.3
      vertex 9.53155 220.195 226.3
    endloop
  endfacet
  facet normal 0 0 1
    outer loop
      vertex 9.53155 220.195 226.3
      vertex 9.4984 220.236 226.3
      vertex 9.49951 220.234 226.3
    endloop
  endfacet
  facet normal 0 0 1
    outer loop
      vertex 11.2317 222.026 226.3
      vertex 9.46277 220.274 226.3
      vertex 9.4984 220.236 226.3
    endloop
  endfacet
  facet normal 0 0 1
    outer loop
      vertex 9.4984 220.236 226.3
      vertex 9.46277 220.274 226.3
      vertex 9.46397 220.272 226.3
    endloop
  endfacet
  facet normal 0 0 1
    outer loop
      vertex 11.0802 222.169 226.3
      vertex 9.42483 220.309 226.3
      vertex 9.46277 220.274 226.3
    endloop
  endfacet
  facet normal 0 0 1
    outer loop
      vertex 9.46277 220.274 226.3
      vertex 9.42483 220.309 226.3
      vertex 9.42611 220.308 226.3
    endloop
  endfacet
  facet normal 0 0 1
    outer loop
      vertex 9.61218 222.925 226.3
      vertex 9.40748 222.965 226.3
      vertex 9.05736 220.498 226.3
    endloop
  endfacet
  facet normal 0 0 1
    outer loop
      vertex 9.00616 220.507 226.3
      vertex 9.40748 222.965 226.3
      vertex 9.40043 222.966 226.3
    endloop
  endfacet
  facet normal 0 0 1
    outer loop
      vertex 10.9201 222.303 226.3
      vertex 9.38473 220.343 226.3
      vertex 9.42483 220.309 226.3
    endloop
  endfacet
  facet normal 0 0 1
    outer loop
      vertex 9.42483 220.309 226.3
      vertex 9.38473 220.343 226.3
      vertex 9.38608 220.342 226.3
    endloop
  endfacet
  facet normal 0 0 1
    outer loop
      vertex 10.7519 222.426 226.3
      vertex 9.3426 220.374 226.3
      vertex 9.38473 220.343 226.3
    endloop
  endfacet
  facet normal 0 0 1
    outer loop
      vertex 9.38473 220.343 226.3
      vertex 9.3426 220.374 226.3
      vertex 9.34403 220.372 226.3
    endloop
  endfacet
  facet normal 0 0 1
    outer loop
      vertex 10.5763 222.538 226.3
      vertex 9.30011 220.401 226.3
      vertex 9.3426 220.374 226.3
    endloop
  endfacet
  facet normal 0 0 1
    outer loop
      vertex 10.5763 222.538 226.3
      vertex 9.29862 220.402 226.3
      vertex 9.30011 220.401 226.3
    endloop
  endfacet
  facet normal 0 0 1
    outer loop
      vertex 10.3939 222.64 226.3
      vertex 9.25298 220.427 226.3
      vertex 9.29862 220.402 226.3
    endloop
  endfacet
  facet normal 0 0 1
    outer loop
      vertex 9.29862 220.402 226.3
      vertex 9.25298 220.427 226.3
      vertex 9.25454 220.426 226.3
    endloop
  endfacet
  facet normal 0 0 1
    outer loop
      vertex 10.2056 222.729 226.3
      vertex 9.20745 220.448 226.3
      vertex 9.25298 220.427 226.3
    endloop
  endfacet
  facet normal 0 0 1
    outer loop
      vertex 10.2056 222.729 226.3
      vertex 9.20584 220.449 226.3
      vertex 9.20745 220.448 226.3
    endloop
  endfacet
  facet normal 0 0 1
    outer loop
      vertex 9.00616 220.507 226.3
      vertex 9.40043 222.966 226.3
      vertex 9.2007 222.992 226.3
    endloop
  endfacet
  facet normal 0 0 1
    outer loop
      vertex 8.95443 220.514 226.3
      vertex 9.2007 222.992 226.3
      vertex 9.19356 222.993 226.3
    endloop
  endfacet
  facet normal 0 0 1
    outer loop
      vertex 10.012 222.807 226.3
      vertex 9.1574 220.468 226.3
      vertex 9.20584 220.449 226.3
    endloop
  endfacet
  facet normal 0 0 1
    outer loop
      vertex 9.20584 220.449 226.3
      vertex 9.1574 220.468 226.3
      vertex 9.15906 220.468 226.3
    endloop
  endfacet
  facet normal 0 0 1
    outer loop
      vertex 9.81395 222.872 226.3
      vertex 9.10954 220.484 226.3
      vertex 9.1574 220.468 226.3
    endloop
  endfacet
  facet normal 0 0 1
    outer loop
      vertex 9.81395 222.872 226.3
      vertex 9.10783 220.485 226.3
      vertex 9.10954 220.484 226.3
    endloop
  endfacet
  facet normal 0 0 1
    outer loop
      vertex 9.61218 222.925 226.3
      vertex 9.05736 220.498 226.3
      vertex 9.10783 220.485 226.3
    endloop
  endfacet
  facet normal 0 0 1
    outer loop
      vertex 9.10783 220.485 226.3
      vertex 9.05736 220.498 226.3
      vertex 9.0591 220.497 226.3
    endloop
  endfacet
  facet normal 0 0 1
    outer loop
      vertex 9.40748 222.965 226.3
      vertex 9.00616 220.507 226.3
      vertex 9.05736 220.498 226.3
    endloop
  endfacet
  facet normal 0 0 1
    outer loop
      vertex 9.05736 220.498 226.3
      vertex 9.00616 220.507 226.3
      vertex 9.00792 220.507 226.3
    endloop
  endfacet
  facet normal 0 0 1
    outer loop
      vertex 8.95443 220.514 226.3
      vertex 9.19356 222.993 226.3
      vertex 8.99262 223.005 226.3
    endloop
  endfacet
  facet normal 0 0 1
    outer loop
      vertex 8.90241 220.517 226.3
      vertex 8.99262 223.005 226.3
      vertex 8.98543 223.006 226.3
    endloop
  endfacet
  facet normal 0 0 1
    outer loop
      vertex 9.2007 222.992 226.3
      vertex 8.95443 220.514 226.3
      vertex 9.00616 220.507 226.3
    endloop
  endfacet
  facet normal 0 0 1
    outer loop
      vertex 9.00616 220.507 226.3
      vertex 8.95443 220.514 226.3
      vertex 8.95622 220.514 226.3
    endloop
  endfacet
  facet normal 0 0 1
    outer loop
      vertex 8.99262 223.005 226.3
      vertex 8.90421 220.517 226.3
      vertex 8.95443 220.514 226.3
    endloop
  endfacet
  facet normal 0 0 1
    outer loop
      vertex 8.99262 223.005 226.3
      vertex 8.90241 220.517 226.3
      vertex 8.90421 220.517 226.3
    endloop
  endfacet
  facet normal -0 0 1
    outer loop
      vertex 8.85027 220.518 226.3
      vertex 8.90241 220.517 226.3
      vertex 8.98543 223.006 226.3
    endloop
  endfacet
  facet normal 0 0 1
    outer loop
      vertex 8.90241 220.517 226.3
      vertex 8.85027 220.518 226.3
      vertex 8.85207 220.518 226.3
    endloop
  endfacet
  facet normal 0 0 1
    outer loop
      vertex 8.78408 223.006 226.3
      vertex 8.85027 220.518 226.3
      vertex 8.98543 223.006 226.3
    endloop
  endfacet
  facet normal 0 0 1
    outer loop
      vertex 8.85027 220.518 226.3
      vertex 8.78408 223.006 226.3
      vertex 8.80002 220.514 226.3
    endloop
  endfacet
  facet normal 0 0 1
    outer loop
      vertex 8.80002 220.514 226.3
      vertex 8.78408 223.006 226.3
      vertex 8.79821 220.514 226.3
    endloop
  endfacet
  facet normal 0 0 1
    outer loop
      vertex 8.77686 223.007 226.3
      vertex 8.79821 220.514 226.3
      vertex 8.78408 223.006 226.3
    endloop
  endfacet
  facet normal 0 0 1
    outer loop
      vertex 8.74648 220.508 226.3
      vertex 8.79821 220.514 226.3
      vertex 8.77686 223.007 226.3
    endloop
  endfacet
  facet normal 0 0 1
    outer loop
      vertex 8.79821 220.514 226.3
      vertex 8.74648 220.508 226.3
      vertex 8.74827 220.508 226.3
    endloop
  endfacet
  facet normal 0 0 1
    outer loop
      vertex 8.77686 223.007 226.3
      vertex 8.69701 220.499 226.3
      vertex 8.74648 220.508 226.3
    endloop
  endfacet
  facet normal 0 0 1
    outer loop
      vertex 8.77686 223.007 226.3
      vertex 8.69523 220.498 226.3
      vertex 8.69701 220.499 226.3
    endloop
  endfacet
  facet normal 0 0 1
    outer loop
      vertex 8.77686 223.007 226.3
      vertex 8.64646 220.486 226.3
      vertex 8.69523 220.498 226.3
    endloop
  endfacet
  facet normal 0 0 1
    outer loop
      vertex 8.77686 223.007 226.3
      vertex 8.6447 220.485 226.3
      vertex 8.64646 220.486 226.3
    endloop
  endfacet
  facet normal 0 0 1
    outer loop
      vertex 8.59508 220.469 226.3
      vertex 8.6447 220.485 226.3
      vertex 8.77686 223.007 226.3
    endloop
  endfacet
  facet normal 0 0 1
    outer loop
      vertex 8.6447 220.485 226.3
      vertex 8.59508 220.469 226.3
      vertex 8.59682 220.47 226.3
    endloop
  endfacet
  facet normal 0 0 1
    outer loop
      vertex 8.54656 220.45 226.3
      vertex 8.59508 220.469 226.3
      vertex 8.77686 223.007 226.3
    endloop
  endfacet
  facet normal 0 0 1
    outer loop
      vertex 8.59508 220.469 226.3
      vertex 8.54656 220.45 226.3
      vertex 8.54826 220.451 226.3
    endloop
  endfacet
  facet normal 0 0 1
    outer loop
      vertex 8.49934 220.428 226.3
      vertex 8.54656 220.45 226.3
      vertex 8.77686 223.007 226.3
    endloop
  endfacet
  facet normal 0 0 1
    outer loop
      vertex 8.54656 220.45 226.3
      vertex 8.49934 220.428 226.3
      vertex 8.501 220.429 226.3
    endloop
  endfacet
  facet normal 0 0 1
    outer loop
      vertex 8.45359 220.403 226.3
      vertex 8.49934 220.428 226.3
      vertex 8.77686 223.007 226.3
    endloop
  endfacet
  facet normal 0 0 1
    outer loop
      vertex 8.49934 220.428 226.3
      vertex 8.45359 220.403 226.3
      vertex 8.4552 220.404 226.3
    endloop
  endfacet
  facet normal 0 0 1
    outer loop
      vertex 8.40952 220.375 226.3
      vertex 8.45359 220.403 226.3
      vertex 8.77686 223.007 226.3
    endloop
  endfacet
  facet normal 0 0 1
    outer loop
      vertex 8.45359 220.403 226.3
      vertex 8.40952 220.375 226.3
      vertex 8.41108 220.376 226.3
    endloop
  endfacet
  facet normal 0 0 1
    outer loop
      vertex 8.36727 220.345 226.3
      vertex 8.40952 220.375 226.3
      vertex 8.77686 223.007 226.3
    endloop
  endfacet
  facet normal 0 0 1
    outer loop
      vertex 8.40952 220.375 226.3
      vertex 8.36727 220.345 226.3
      vertex 8.36876 220.346 226.3
    endloop
  endfacet
  facet normal 0 0 1
    outer loop
      vertex 8.32703 220.312 226.3
      vertex 8.36727 220.345 226.3
      vertex 8.77686 223.007 226.3
    endloop
  endfacet
  facet normal 0 0 1
    outer loop
      vertex 8.36727 220.345 226.3
      vertex 8.32703 220.312 226.3
      vertex 8.32846 220.313 226.3
    endloop
  endfacet
  facet normal 0 0 1
    outer loop
      vertex 8.28895 220.276 226.3
      vertex 8.32703 220.312 226.3
      vertex 8.77686 223.007 226.3
    endloop
  endfacet
  facet normal 0 0 1
    outer loop
      vertex 8.32703 220.312 226.3
      vertex 8.28895 220.276 226.3
      vertex 8.29031 220.277 226.3
    endloop
  endfacet
  facet normal 0 0 1
    outer loop
      vertex 8.25319 220.238 226.3
      vertex 8.28895 220.276 226.3
      vertex 8.77686 223.007 226.3
    endloop
  endfacet
  facet normal 0 0 1
    outer loop
      vertex 8.28895 220.276 226.3
      vertex 8.25319 220.238 226.3
      vertex 8.25447 220.239 226.3
    endloop
  endfacet
  facet normal 0 0 1
    outer loop
      vertex 8.21987 220.198 226.3
      vertex 8.25319 220.238 226.3
      vertex 8.77686 223.007 226.3
    endloop
  endfacet
  facet normal 0 0 1
    outer loop
      vertex 8.25319 220.238 226.3
      vertex 8.21987 220.198 226.3
      vertex 8.22106 220.199 226.3
    endloop
  endfacet
  facet normal 0 0 1
    outer loop
      vertex 8.18914 220.156 226.3
      vertex 8.21987 220.198 226.3
      vertex 8.77686 223.007 226.3
    endloop
  endfacet
  facet normal 0 0 1
    outer loop
      vertex 8.21987 220.198 226.3
      vertex 8.18914 220.156 226.3
      vertex 8.19025 220.157 226.3
    endloop
  endfacet
  facet normal 0 0 1
    outer loop
      vertex 8.16112 220.112 226.3
      vertex 8.18914 220.156 226.3
      vertex 8.77686 223.007 226.3
    endloop
  endfacet
  facet normal 0 0 1
    outer loop
      vertex 8.18914 220.156 226.3
      vertex 8.16112 220.112 226.3
      vertex 8.16214 220.113 226.3
    endloop
  endfacet
  facet normal 0 0 1
    outer loop
      vertex 8.13591 220.066 226.3
      vertex 8.16112 220.112 226.3
      vertex 8.77686 223.007 226.3
    endloop
  endfacet
  facet normal 0 0 1
    outer loop
      vertex 8.16112 220.112 226.3
      vertex 8.13591 220.066 226.3
      vertex 8.13683 220.068 226.3
    endloop
  endfacet
  facet normal 0 0 1
    outer loop
      vertex 8.11362 220.019 226.3
      vertex 8.13591 220.066 226.3
      vertex 8.77686 223.007 226.3
    endloop
  endfacet
  facet normal 0 0 1
    outer loop
      vertex 8.13591 220.066 226.3
      vertex 8.11362 220.019 226.3
      vertex 8.11444 220.021 226.3
    endloop
  endfacet
  facet normal 0 0 1
    outer loop
      vertex -6.06775 223.903 226.3
      vertex 8.11362 220.019 226.3
      vertex 8.77686 223.007 226.3
    endloop
  endfacet
  facet normal 0 0 1
    outer loop
      vertex -6.06775 223.903 226.3
      vertex 8.09433 219.971 226.3
      vertex 8.11362 220.019 226.3
    endloop
  endfacet
  facet normal 0 0 1
    outer loop
      vertex 8.11362 220.019 226.3
      vertex 8.09433 219.971 226.3
      vertex 8.09505 219.972 226.3
    endloop
  endfacet
  facet normal 0 0 1
    outer loop
      vertex -6.06775 223.903 226.3
      vertex 8.07812 219.921 226.3
      vertex 8.09433 219.971 226.3
    endloop
  endfacet
  facet normal 0 0 1
    outer loop
      vertex 8.09433 219.971 226.3
      vertex 8.07812 219.921 226.3
      vertex 8.07873 219.923 226.3
    endloop
  endfacet
  facet normal 0 -0 1
    outer loop
      vertex 8.06505 219.871 226.3
      vertex 8.07812 219.921 226.3
      vertex -5.67834 218.967 226.3
    endloop
  endfacet
  facet normal 0 0 1
    outer loop
      vertex 8.06505 219.871 226.3
      vertex 8.05518 219.819 226.3
      vertex 8.05557 219.821 226.3
    endloop
  endfacet
  facet normal 0 0 1
    outer loop
      vertex 8.05518 219.819 226.3
      vertex 8.04854 219.768 226.3
      vertex 8.04883 219.769 226.3
    endloop
  endfacet
  facet normal 0 0 1
    outer loop
      vertex 8.04854 219.768 226.3
      vertex 8.04518 219.716 226.3
      vertex 8.04535 219.717 226.3
    endloop
  endfacet
  facet normal 0 0 1
    outer loop
      vertex 8.04518 219.716 226.3
      vertex 8.04508 219.663 226.3
      vertex 8.04514 219.665 226.3
    endloop
  endfacet
  facet normal 0 0 1
    outer loop
      vertex 7.13559 216.706 226.3
      vertex 8.04508 219.663 226.3
      vertex 8.04518 219.716 226.3
    endloop
  endfacet
  facet normal 0 0 1
    outer loop
      vertex 8.04508 219.663 226.3
      vertex 7.93551 216.504 226.3
      vertex 7.94231 216.501 226.3
    endloop
  endfacet
  facet normal 0 0 1
    outer loop
      vertex 8.04508 219.663 226.3
      vertex 7.74139 216.567 226.3
      vertex 7.93551 216.504 226.3
    endloop
  endfacet
  facet normal 0 0 1
    outer loop
      vertex 7.13559 216.706 226.3
      vertex 8.04518 219.716 226.3
      vertex 8.04854 219.768 226.3
    endloop
  endfacet
  facet normal 0 0 1
    outer loop
      vertex 7.93551 216.504 226.3
      vertex 7.74139 216.567 226.3
      vertex 7.74407 216.566 226.3
    endloop
  endfacet
  facet normal 0 0 1
    outer loop
      vertex 8.04508 219.663 226.3
      vertex 7.66567 216.598 226.3
      vertex 7.74139 216.567 226.3
    endloop
  endfacet
  facet normal 0 0 1
    outer loop
      vertex 8.04508 219.663 226.3
      vertex 7.13559 216.706 226.3
      vertex 7.66567 216.598 226.3
    endloop
  endfacet
  facet normal 0 0 1
    outer loop
      vertex -5.67834 218.967 226.3
      vertex 8.04854 219.768 226.3
      vertex 8.05518 219.819 226.3
    endloop
  endfacet
  facet normal 0 0 1
    outer loop
      vertex -5.67834 218.967 226.3
      vertex 8.05518 219.819 226.3
      vertex 8.06505 219.871 226.3
    endloop
  endfacet
  facet normal 0 0 1
    outer loop
      vertex 8.07812 219.921 226.3
      vertex 8.06505 219.871 226.3
      vertex 8.06555 219.872 226.3
    endloop
  endfacet
  facet normal -0 0 1
    outer loop
      vertex -6.06775 223.903 226.3
      vertex 8.77686 223.007 226.3
      vertex 3.08602 230.849 226.3
    endloop
  endfacet
  facet normal 0 0 1
    outer loop
      vertex -6.07631 224.081 226.3
      vertex 3.08602 230.849 226.3
      vertex 2.89048 231.137 226.3
    endloop
  endfacet
  facet normal 0 0 1
    outer loop
      vertex 8.04854 219.768 226.3
      vertex -5.67834 218.967 226.3
      vertex 7.13559 216.706 226.3
    endloop
  endfacet
  facet normal 0 0 1
    outer loop
      vertex 7.13559 216.706 226.3
      vertex -5.67834 218.967 226.3
      vertex -5.73385 218.94 226.3
    endloop
  endfacet
  facet normal 0 0 1
    outer loop
      vertex 9.70429 219.66 226.3
      vertex 9.7044 219.712 226.3
      vertex 9.70434 219.711 226.3
    endloop
  endfacet
  facet normal 0 0 1
    outer loop
      vertex 11.0598 217.189 226.3
      vertex 9.42243 219.064 226.3
      vertex 10.9046 217.061 226.3
    endloop
  endfacet
  facet normal 0 0 1
    outer loop
      vertex 9.70092 219.608 226.3
      vertex 9.70429 219.66 226.3
      vertex 9.70412 219.658 226.3
    endloop
  endfacet
  facet normal 0 0 1
    outer loop
      vertex 10.9046 217.061 226.3
      vertex 9.42243 219.064 226.3
      vertex 10.8986 217.057 226.3
    endloop
  endfacet
  facet normal 0 0 1
    outer loop
      vertex 9.69428 219.557 226.3
      vertex 9.70092 219.608 226.3
      vertex 9.70064 219.606 226.3
    endloop
  endfacet
  facet normal -0 0 1
    outer loop
      vertex 9.38219 219.031 226.3
      vertex 10.8986 217.057 226.3
      vertex 9.42243 219.064 226.3
    endloop
  endfacet
  facet normal 0 0 1
    outer loop
      vertex 9.68442 219.505 226.3
      vertex 9.69428 219.557 226.3
      vertex 9.69389 219.555 226.3
    endloop
  endfacet
  facet normal 0 0 1
    outer loop
      vertex 10.8986 217.057 226.3
      vertex 9.38219 219.031 226.3
      vertex 10.7356 216.938 226.3
    endloop
  endfacet
  facet normal 0 0 1
    outer loop
      vertex 9.67135 219.455 226.3
      vertex 9.68442 219.505 226.3
      vertex 9.68391 219.504 226.3
    endloop
  endfacet
  facet normal 0 0 1
    outer loop
      vertex 10.7356 216.938 226.3
      vertex 9.38219 219.031 226.3
      vertex 10.7294 216.935 226.3
    endloop
  endfacet
  facet normal 0 0 1
    outer loop
      vertex 9.65513 219.405 226.3
      vertex 9.67135 219.455 226.3
      vertex 9.67073 219.453 226.3
    endloop
  endfacet
  facet normal -0 0 1
    outer loop
      vertex 9.33994 219.001 226.3
      vertex 10.7294 216.935 226.3
      vertex 9.38219 219.031 226.3
    endloop
  endfacet
  facet normal 0 0 1
    outer loop
      vertex 9.63585 219.357 226.3
      vertex 9.65513 219.405 226.3
      vertex 9.65442 219.404 226.3
    endloop
  endfacet
  facet normal 0 0 1
    outer loop
      vertex 10.7294 216.935 226.3
      vertex 9.33994 219.001 226.3
      vertex 10.5593 216.827 226.3
    endloop
  endfacet
  facet normal 0 0 1
    outer loop
      vertex 9.61355 219.31 226.3
      vertex 9.63585 219.357 226.3
      vertex 9.63503 219.355 226.3
    endloop
  endfacet
  facet normal 0 0 1
    outer loop
      vertex 10.5593 216.827 226.3
      vertex 9.33994 219.001 226.3
      vertex 10.5528 216.824 226.3
    endloop
  endfacet
  facet normal 0 0 1
    outer loop
      vertex 9.58834 219.264 226.3
      vertex 9.61355 219.31 226.3
      vertex 9.61263 219.308 226.3
    endloop
  endfacet
  facet normal -0 0 1
    outer loop
      vertex 9.29587 218.973 226.3
      vertex 10.5528 216.824 226.3
      vertex 9.33994 219.001 226.3
    endloop
  endfacet
  facet normal 0 0 1
    outer loop
      vertex 10.5528 216.824 226.3
      vertex 9.29587 218.973 226.3
      vertex 10.3763 216.727 226.3
    endloop
  endfacet
  facet normal 0 0 1
    outer loop
      vertex 9.56032 219.22 226.3
      vertex 9.58834 219.264 226.3
      vertex 9.58733 219.263 226.3
    endloop
  endfacet
  facet normal 0 0 1
    outer loop
      vertex 10.3763 216.727 226.3
      vertex 9.29587 218.973 226.3
      vertex 10.3697 216.724 226.3
    endloop
  endfacet
  facet normal -0 0 1
    outer loop
      vertex 9.25012 218.948 226.3
      vertex 10.3697 216.724 226.3
      vertex 9.29587 218.973 226.3
    endloop
  endfacet
  facet normal 0 0 1
    outer loop
      vertex 9.52959 219.178 226.3
      vertex 9.56032 219.22 226.3
      vertex 9.55921 219.219 226.3
    endloop
  endfacet
  facet normal 0 -0 1
    outer loop
      vertex 10.1806 216.636 226.3
      vertex 10.3697 216.724 226.3
      vertex 9.25012 218.948 226.3
    endloop
  endfacet
  facet normal 0 0 1
    outer loop
      vertex 9.49627 219.138 226.3
      vertex 9.52959 219.178 226.3
      vertex 9.5284 219.177 226.3
    endloop
  endfacet
  facet normal 0 0 1
    outer loop
      vertex 10.3697 216.724 226.3
      vertex 10.1806 216.636 226.3
      vertex 10.1874 216.638 226.3
    endloop
  endfacet
  facet normal 0 0 1
    outer loop
      vertex 9.46051 219.1 226.3
      vertex 9.49627 219.138 226.3
      vertex 9.495 219.137 226.3
    endloop
  endfacet
  facet normal -0 0 1
    outer loop
      vertex 9.2029 218.926 226.3
      vertex 10.1806 216.636 226.3
      vertex 9.25012 218.948 226.3
    endloop
  endfacet
  facet normal 0 0 1
    outer loop
      vertex 9.42243 219.064 226.3
      vertex 9.46051 219.1 226.3
      vertex 9.45916 219.099 226.3
    endloop
  endfacet
  facet normal 0 0 1
    outer loop
      vertex 10.1806 216.636 226.3
      vertex 9.2029 218.926 226.3
      vertex 9.99333 216.562 226.3
    endloop
  endfacet
  facet normal 0 0 1
    outer loop
      vertex 9.38219 219.031 226.3
      vertex 9.42243 219.064 226.3
      vertex 9.42101 219.063 226.3
    endloop
  endfacet
  facet normal 0 0 1
    outer loop
      vertex 9.99333 216.562 226.3
      vertex 9.2029 218.926 226.3
      vertex 9.98639 216.56 226.3
    endloop
  endfacet
  facet normal -0 0 1
    outer loop
      vertex 9.15438 218.906 226.3
      vertex 9.98639 216.56 226.3
      vertex 9.2029 218.926 226.3
    endloop
  endfacet
  facet normal 0 0 1
    outer loop
      vertex 9.33994 219.001 226.3
      vertex 9.38219 219.031 226.3
      vertex 9.3807 219.03 226.3
    endloop
  endfacet
  facet normal 0 -0 1
    outer loop
      vertex 9.78779 216.496 226.3
      vertex 9.98639 216.56 226.3
      vertex 9.15438 218.906 226.3
    endloop
  endfacet
  facet normal 0 0 1
    outer loop
      vertex 9.98639 216.56 226.3
      vertex 9.78779 216.496 226.3
      vertex 9.79485 216.498 226.3
    endloop
  endfacet
  facet normal 0 0 1
    outer loop
      vertex 9.29587 218.973 226.3
      vertex 9.33994 219.001 226.3
      vertex 9.33839 219 226.3
    endloop
  endfacet
  facet normal -0 0 1
    outer loop
      vertex 9.10477 218.89 226.3
      vertex 9.78779 216.496 226.3
      vertex 9.15438 218.906 226.3
    endloop
  endfacet
  facet normal 0 0 1
    outer loop
      vertex 9.25012 218.948 226.3
      vertex 9.29587 218.973 226.3
      vertex 9.29426 218.972 226.3
    endloop
  endfacet
  facet normal 0 0 1
    outer loop
      vertex 9.78779 216.496 226.3
      vertex 9.10477 218.89 226.3
      vertex 9.59272 216.446 226.3
    endloop
  endfacet
  facet normal 0 0 1
    outer loop
      vertex 9.2029 218.926 226.3
      vertex 9.25012 218.948 226.3
      vertex 9.24846 218.947 226.3
    endloop
  endfacet
  facet normal 0 0 1
    outer loop
      vertex 9.59272 216.446 226.3
      vertex 9.10477 218.89 226.3
      vertex 9.58559 216.445 226.3
    endloop
  endfacet
  facet normal 0 0 1
    outer loop
      vertex 9.15438 218.906 226.3
      vertex 9.2029 218.926 226.3
      vertex 9.2012 218.925 226.3
    endloop
  endfacet
  facet normal -0 0 1
    outer loop
      vertex 9.103 218.89 226.3
      vertex 9.58559 216.445 226.3
      vertex 9.10477 218.89 226.3
    endloop
  endfacet
  facet normal -0 0 1
    outer loop
      vertex 9.05423 218.878 226.3
      vertex 9.58559 216.445 226.3
      vertex 9.103 218.89 226.3
    endloop
  endfacet
  facet normal 0 -0 1
    outer loop
      vertex 9.38058 216.407 226.3
      vertex 9.58559 216.445 226.3
      vertex 9.05423 218.878 226.3
    endloop
  endfacet
  facet normal 0 0 1
    outer loop
      vertex 9.10477 218.89 226.3
      vertex 9.15438 218.906 226.3
      vertex 9.15265 218.906 226.3
    endloop
  endfacet
  facet normal 0 0 1
    outer loop
      vertex 9.58559 216.445 226.3
      vertex 9.38058 216.407 226.3
      vertex 9.38778 216.408 226.3
    endloop
  endfacet
  facet normal -0 0 1
    outer loop
      vertex 9.05245 218.877 226.3
      vertex 9.38058 216.407 226.3
      vertex 9.05423 218.878 226.3
    endloop
  endfacet
  facet normal -0 0 1
    outer loop
      vertex 9.00299 218.868 226.3
      vertex 9.38058 216.407 226.3
      vertex 9.05245 218.877 226.3
    endloop
  endfacet
  facet normal 0 0 1
    outer loop
      vertex 9.38058 216.407 226.3
      vertex 9.00299 218.868 226.3
      vertex 9.1808 216.382 226.3
    endloop
  endfacet
  facet normal 0 0 1
    outer loop
      vertex 9.1808 216.382 226.3
      vertex 9.00299 218.868 226.3
      vertex 9.17358 216.382 226.3
    endloop
  endfacet
  facet normal 0 0 1
    outer loop
      vertex 8.95125 218.861 226.3
      vertex 9.00299 218.868 226.3
      vertex 9.00119 218.868 226.3
    endloop
  endfacet
  facet normal 0 0 1
    outer loop
      vertex 9.00299 218.868 226.3
      vertex 8.95125 218.861 226.3
      vertex 9.17358 216.382 226.3
    endloop
  endfacet
  facet normal 0 0 1
    outer loop
      vertex 9.17358 216.382 226.3
      vertex 8.95125 218.861 226.3
      vertex 8.97262 216.369 226.3
    endloop
  endfacet
  facet normal 0 0 1
    outer loop
      vertex 8.97262 216.369 226.3
      vertex 8.95125 218.861 226.3
      vertex 8.96539 216.37 226.3
    endloop
  endfacet
  facet normal -0 0 1
    outer loop
      vertex 8.94945 218.861 226.3
      vertex 8.96539 216.37 226.3
      vertex 8.95125 218.861 226.3
    endloop
  endfacet
  facet normal -0 0 1
    outer loop
      vertex 8.89921 218.858 226.3
      vertex 8.96539 216.37 226.3
      vertex 8.94945 218.861 226.3
    endloop
  endfacet
  facet normal 0 0 1
    outer loop
      vertex 8.84705 218.858 226.3
      vertex 8.89921 218.858 226.3
      vertex 8.8974 218.858 226.3
    endloop
  endfacet
  facet normal 0 0 1
    outer loop
      vertex 8.89921 218.858 226.3
      vertex 8.84705 218.858 226.3
      vertex 8.96539 216.37 226.3
    endloop
  endfacet
  facet normal 0 0 1
    outer loop
      vertex 8.75684 216.37 226.3
      vertex 8.84705 218.858 226.3
      vertex 8.84525 218.859 226.3
    endloop
  endfacet
  facet normal 0 0 1
    outer loop
      vertex 8.75684 216.37 226.3
      vertex 8.84525 218.859 226.3
      vertex 8.79503 218.862 226.3
    endloop
  endfacet
  facet normal 0 0 1
    outer loop
      vertex 8.7433 218.868 226.3
      vertex 8.79503 218.862 226.3
      vertex 8.79325 218.862 226.3
    endloop
  endfacet
  facet normal 0 0 1
    outer loop
      vertex 8.84705 218.858 226.3
      vertex 8.76404 216.37 226.3
      vertex 8.96539 216.37 226.3
    endloop
  endfacet
  facet normal 0 0 1
    outer loop
      vertex 8.84705 218.858 226.3
      vertex 8.75684 216.37 226.3
      vertex 8.76404 216.37 226.3
    endloop
  endfacet
  facet normal 0 0 1
    outer loop
      vertex 8.79503 218.862 226.3
      vertex 8.7433 218.868 226.3
      vertex 8.54877 216.384 226.3
    endloop
  endfacet
  facet normal 0 0 1
    outer loop
      vertex 8.6921 218.878 226.3
      vertex 8.7433 218.868 226.3
      vertex 8.74154 218.869 226.3
    endloop
  endfacet
  facet normal 0 0 1
    outer loop
      vertex 8.7433 218.868 226.3
      vertex 8.6921 218.878 226.3
      vertex 8.34198 216.411 226.3
    endloop
  endfacet
  facet normal 0 0 1
    outer loop
      vertex 8.13729 216.451 226.3
      vertex 8.6921 218.878 226.3
      vertex 8.69037 218.879 226.3
    endloop
  endfacet
  facet normal 0 0 1
    outer loop
      vertex 8.13729 216.451 226.3
      vertex 8.69037 218.879 226.3
      vertex 8.64163 218.891 226.3
    endloop
  endfacet
  facet normal 0 0 1
    outer loop
      vertex 7.94231 216.501 226.3
      vertex 8.64163 218.891 226.3
      vertex 8.63993 218.892 226.3
    endloop
  endfacet
  facet normal 0 0 1
    outer loop
      vertex 7.94231 216.501 226.3
      vertex 8.63993 218.892 226.3
      vertex 8.59206 218.908 226.3
    endloop
  endfacet
  facet normal 0 0 1
    outer loop
      vertex 7.94231 216.501 226.3
      vertex 8.59206 218.908 226.3
      vertex 8.59041 218.908 226.3
    endloop
  endfacet
  facet normal 0 0 1
    outer loop
      vertex 8.79503 218.862 226.3
      vertex 8.54877 216.384 226.3
      vertex 8.75684 216.37 226.3
    endloop
  endfacet
  facet normal 0 0 1
    outer loop
      vertex 8.75684 216.37 226.3
      vertex 8.54877 216.384 226.3
      vertex 8.5559 216.383 226.3
    endloop
  endfacet
  facet normal 0 0 1
    outer loop
      vertex 7.94231 216.501 226.3
      vertex 8.59041 218.908 226.3
      vertex 8.54363 218.927 226.3
    endloop
  endfacet
  facet normal 0 0 1
    outer loop
      vertex 7.94231 216.501 226.3
      vertex 8.54363 218.927 226.3
      vertex 8.54202 218.928 226.3
    endloop
  endfacet
  facet normal 0 0 1
    outer loop
      vertex 7.94231 216.501 226.3
      vertex 8.54202 218.928 226.3
      vertex 8.49648 218.949 226.3
    endloop
  endfacet
  facet normal 0 0 1
    outer loop
      vertex 7.94231 216.501 226.3
      vertex 8.49648 218.949 226.3
      vertex 8.49493 218.95 226.3
    endloop
  endfacet
  facet normal 0 0 1
    outer loop
      vertex 7.94231 216.501 226.3
      vertex 8.49493 218.95 226.3
      vertex 8.45084 218.974 226.3
    endloop
  endfacet
  facet normal 0 0 1
    outer loop
      vertex 7.94231 216.501 226.3
      vertex 8.45084 218.974 226.3
      vertex 8.44935 218.975 226.3
    endloop
  endfacet
  facet normal 0 0 1
    outer loop
      vertex 7.94231 216.501 226.3
      vertex 8.44935 218.975 226.3
      vertex 8.40686 219.002 226.3
    endloop
  endfacet
  facet normal 0 0 1
    outer loop
      vertex 8.36474 219.033 226.3
      vertex 8.40686 219.002 226.3
      vertex 8.40543 219.003 226.3
    endloop
  endfacet
  facet normal 0 0 1
    outer loop
      vertex 8.40686 219.002 226.3
      vertex 8.36474 219.033 226.3
      vertex 7.94231 216.501 226.3
    endloop
  endfacet
  facet normal 0 0 1
    outer loop
      vertex 8.32463 219.066 226.3
      vertex 8.36474 219.033 226.3
      vertex 8.36338 219.034 226.3
    endloop
  endfacet
  facet normal 0 0 1
    outer loop
      vertex 8.7433 218.868 226.3
      vertex 8.34198 216.411 226.3
      vertex 8.54877 216.384 226.3
    endloop
  endfacet
  facet normal 0 0 1
    outer loop
      vertex 8.54877 216.384 226.3
      vertex 8.34198 216.411 226.3
      vertex 8.34903 216.41 226.3
    endloop
  endfacet
  facet normal 0 0 1
    outer loop
      vertex 8.36474 219.033 226.3
      vertex 8.32463 219.066 226.3
      vertex 7.94231 216.501 226.3
    endloop
  endfacet
  facet normal 0 0 1
    outer loop
      vertex 7.94231 216.501 226.3
      vertex 8.32463 219.066 226.3
      vertex 8.32335 219.068 226.3
    endloop
  endfacet
  facet normal 0 0 1
    outer loop
      vertex 7.94231 216.501 226.3
      vertex 8.32335 219.068 226.3
      vertex 8.28669 219.102 226.3
    endloop
  endfacet
  facet normal 0 0 1
    outer loop
      vertex 8.25107 219.14 226.3
      vertex 8.28669 219.102 226.3
      vertex 8.2855 219.104 226.3
    endloop
  endfacet
  facet normal 0 0 1
    outer loop
      vertex 8.28669 219.102 226.3
      vertex 8.25107 219.14 226.3
      vertex 7.94231 216.501 226.3
    endloop
  endfacet
  facet normal 0 0 1
    outer loop
      vertex 8.21791 219.18 226.3
      vertex 8.25107 219.14 226.3
      vertex 8.24996 219.142 226.3
    endloop
  endfacet
  facet normal 0 0 1
    outer loop
      vertex 8.25107 219.14 226.3
      vertex 8.21791 219.18 226.3
      vertex 7.94231 216.501 226.3
    endloop
  endfacet
  facet normal 0 0 1
    outer loop
      vertex 8.18734 219.223 226.3
      vertex 8.21791 219.18 226.3
      vertex 8.2169 219.182 226.3
    endloop
  endfacet
  facet normal 0 0 1
    outer loop
      vertex 8.21791 219.18 226.3
      vertex 8.18734 219.223 226.3
      vertex 7.94231 216.501 226.3
    endloop
  endfacet
  facet normal 0 0 1
    outer loop
      vertex 8.15949 219.267 226.3
      vertex 8.18734 219.223 226.3
      vertex 8.18642 219.224 226.3
    endloop
  endfacet
  facet normal 0 0 1
    outer loop
      vertex 8.18734 219.223 226.3
      vertex 8.15949 219.267 226.3
      vertex 7.94231 216.501 226.3
    endloop
  endfacet
  facet normal 0 0 1
    outer loop
      vertex 8.13446 219.313 226.3
      vertex 8.15949 219.267 226.3
      vertex 8.15867 219.268 226.3
    endloop
  endfacet
  facet normal 0 0 1
    outer loop
      vertex 8.6921 218.878 226.3
      vertex 8.13729 216.451 226.3
      vertex 8.34198 216.411 226.3
    endloop
  endfacet
  facet normal 0 0 1
    outer loop
      vertex 8.34198 216.411 226.3
      vertex 8.13729 216.451 226.3
      vertex 8.14423 216.449 226.3
    endloop
  endfacet
  facet normal 0 0 1
    outer loop
      vertex 8.15949 219.267 226.3
      vertex 8.13446 219.313 226.3
      vertex 7.94231 216.501 226.3
    endloop
  endfacet
  facet normal 0 0 1
    outer loop
      vertex 8.11235 219.36 226.3
      vertex 8.13446 219.313 226.3
      vertex 8.13374 219.314 226.3
    endloop
  endfacet
  facet normal 0 0 1
    outer loop
      vertex 8.13446 219.313 226.3
      vertex 8.11235 219.36 226.3
      vertex 7.94231 216.501 226.3
    endloop
  endfacet
  facet normal 0 0 1
    outer loop
      vertex 8.09324 219.408 226.3
      vertex 8.11235 219.36 226.3
      vertex 8.11173 219.361 226.3
    endloop
  endfacet
  facet normal 0 0 1
    outer loop
      vertex 8.11235 219.36 226.3
      vertex 8.09324 219.408 226.3
      vertex 7.94231 216.501 226.3
    endloop
  endfacet
  facet normal 0 0 1
    outer loop
      vertex 8.07722 219.458 226.3
      vertex 8.09324 219.408 226.3
      vertex 8.09274 219.41 226.3
    endloop
  endfacet
  facet normal 0 0 1
    outer loop
      vertex 8.09324 219.408 226.3
      vertex 8.07722 219.458 226.3
      vertex 7.94231 216.501 226.3
    endloop
  endfacet
  facet normal 0 0 1
    outer loop
      vertex 8.06435 219.508 226.3
      vertex 8.07722 219.458 226.3
      vertex 8.07682 219.46 226.3
    endloop
  endfacet
  facet normal 0 0 1
    outer loop
      vertex 8.07722 219.458 226.3
      vertex 8.06435 219.508 226.3
      vertex 7.94231 216.501 226.3
    endloop
  endfacet
  facet normal 0 0 1
    outer loop
      vertex 8.05468 219.56 226.3
      vertex 8.06435 219.508 226.3
      vertex 8.06407 219.51 226.3
    endloop
  endfacet
  facet normal 0 0 1
    outer loop
      vertex 8.06435 219.508 226.3
      vertex 8.05468 219.56 226.3
      vertex 7.94231 216.501 226.3
    endloop
  endfacet
  facet normal 0 0 1
    outer loop
      vertex 8.04825 219.611 226.3
      vertex 8.05468 219.56 226.3
      vertex 8.05451 219.561 226.3
    endloop
  endfacet
  facet normal 0 0 1
    outer loop
      vertex 8.05468 219.56 226.3
      vertex 8.04825 219.611 226.3
      vertex 7.94231 216.501 226.3
    endloop
  endfacet
  facet normal 0 0 1
    outer loop
      vertex 8.04508 219.663 226.3
      vertex 8.04825 219.611 226.3
      vertex 8.04819 219.613 226.3
    endloop
  endfacet
  facet normal 0 0 1
    outer loop
      vertex 8.04825 219.611 226.3
      vertex 8.04508 219.663 226.3
      vertex 7.94231 216.501 226.3
    endloop
  endfacet
  facet normal 0 0 1
    outer loop
      vertex 8.64163 218.891 226.3
      vertex 7.94231 216.501 226.3
      vertex 8.13729 216.451 226.3
    endloop
  endfacet
  facet normal 0 0 1
    outer loop
      vertex -8.74616 254.044 226.3
      vertex -8.72219 253.884 226.3
      vertex -8.72507 253.999 226.3
    endloop
  endfacet
  facet normal 0 0 1
    outer loop
      vertex -8.72219 253.884 226.3
      vertex -8.74616 254.044 226.3
      vertex -8.72265 253.803 226.3
    endloop
  endfacet
  facet normal 0 0 1
    outer loop
      vertex -8.72265 253.803 226.3
      vertex -8.74616 254.044 226.3
      vertex -8.72538 253.364 226.3
    endloop
  endfacet
endsolid OpenSCAD_Model
