solid OpenSCAD_Model
  facet normal 0.489304 0.872072 0.00853467
    outer loop
      vertex -21.7033 -18 18.1046
      vertex -22.5945 -17.5 18.1084
      vertex -21.4365 -18.1514 18.285
    endloop
  endfacet
  facet normal 0.489304 0.872073 0.00844459
    outer loop
      vertex -22.5945 -17.5 18.1084
      vertex -21.7033 -18 18.1046
      vertex -22.5944 -17.5 18.1046
    endloop
  endfacet
  facet normal 0.150751 0 -0.988572
    outer loop
      vertex -21.4365 -18.1514 18.285
      vertex -0.375227 20.8468 21.4967
      vertex -0.375227 -20.8468 21.4967
    endloop
  endfacet
  facet normal 0.150751 0 -0.988572
    outer loop
      vertex -21.4365 -18.1514 18.285
      vertex -21.4365 18.1514 18.285
      vertex -0.375227 20.8468 21.4967
    endloop
  endfacet
  facet normal 0.150751 0 -0.988572
    outer loop
      vertex -22.5945 -17.5 18.1084
      vertex -21.4365 18.1514 18.285
      vertex -21.4365 -18.1514 18.285
    endloop
  endfacet
  facet normal 0.150751 0 -0.988572
    outer loop
      vertex -21.4365 18.1514 18.285
      vertex -22.5945 -17.5 18.1084
      vertex -22.5945 17.5 18.1084
    endloop
  endfacet
  facet normal 0.0176225 0 -0.999845
    outer loop
      vertex 55.273 -0.541617 22.4681
      vertex 55.273 0.541617 22.4681
      vertex 55.2771 4.98893e-015 22.4681
    endloop
  endfacet
  facet normal 0.0174538 -7.24774e-007 -0.999848
    outer loop
      vertex 44.5262 -21.5045 22.2805
      vertex 55.273 -0.541617 22.4681
      vertex 55.2691 -1.08 22.468
    endloop
  endfacet
  facet normal 0.0174523 0 -0.999848
    outer loop
      vertex 55.273 -0.541617 22.4681
      vertex 44.5262 -21.5045 22.2805
      vertex 55.273 0.541617 22.4681
    endloop
  endfacet
  facet normal 0.0174548 -1.28024e-006 -0.999848
    outer loop
      vertex 44.5262 -21.5045 22.2805
      vertex 55.2691 -1.08 22.468
      vertex 55.2597 -1.62676 22.4678
    endloop
  endfacet
  facet normal 0.0174523 0 -0.999848
    outer loop
      vertex 44.5262 21.5045 22.2805
      vertex 55.273 0.541617 22.4681
      vertex 44.5262 -21.5045 22.2805
    endloop
  endfacet
  facet normal 0.017449 1.83371e-006 -0.999848
    outer loop
      vertex 44.5262 -21.5045 22.2805
      vertex 55.2597 -1.62676 22.4678
      vertex 55.2509 -2.16 22.4677
    endloop
  endfacet
  facet normal 0.0174538 7.24774e-007 -0.999848
    outer loop
      vertex 55.273 0.541617 22.4681
      vertex 44.5262 21.5045 22.2805
      vertex 55.2691 1.08 22.468
    endloop
  endfacet
  facet normal 0.0174511 7.04902e-007 -0.999848
    outer loop
      vertex 44.5262 -21.5045 22.2805
      vertex 55.2509 -2.16 22.4677
      vertex 55.2336 -2.7169 22.4674
    endloop
  endfacet
  facet normal 0.0174548 1.28024e-006 -0.999848
    outer loop
      vertex 55.2691 1.08 22.468
      vertex 44.5262 21.5045 22.2805
      vertex 55.2597 1.62676 22.4678
    endloop
  endfacet
  facet normal 0.017454 -9.54427e-007 -0.999848
    outer loop
      vertex 44.5262 -21.5045 22.2805
      vertex 55.2336 -2.7169 22.4674
      vertex 55.2178 -3.24 22.4671
    endloop
  endfacet
  facet normal 0.017449 -1.83371e-006 -0.999848
    outer loop
      vertex 55.2597 1.62676 22.4678
      vertex 44.5262 21.5045 22.2805
      vertex 55.2509 2.16 22.4677
    endloop
  endfacet
  facet normal 0.0174538 -8.50803e-007 -0.999848
    outer loop
      vertex 44.5262 -21.5045 22.2805
      vertex 55.2178 -3.24 22.4671
      vertex 55.189 -3.81419 22.4666
    endloop
  endfacet
  facet normal 0.0174511 -7.04902e-007 -0.999848
    outer loop
      vertex 55.2509 2.16 22.4677
      vertex 44.5262 21.5045 22.2805
      vertex 55.2336 2.7169 22.4674
    endloop
  endfacet
  facet normal 0.0174529 -2.69139e-007 -0.999848
    outer loop
      vertex 44.5262 -21.5045 22.2805
      vertex 55.189 -3.81419 22.4666
      vertex 55.1644 -4.32 22.4662
    endloop
  endfacet
  facet normal 0.017454 9.54427e-007 -0.999848
    outer loop
      vertex 55.2336 2.7169 22.4674
      vertex 44.5262 21.5045 22.2805
      vertex 55.2178 3.24 22.4671
    endloop
  endfacet
  facet normal 0.0174508 1.0174e-006 -0.999848
    outer loop
      vertex 44.5262 -21.5045 22.2805
      vertex 55.1644 -4.32 22.4662
      vertex 55.1195 -4.92111 22.4654
    endloop
  endfacet
  facet normal 0.0174538 8.50803e-007 -0.999848
    outer loop
      vertex 55.2178 3.24 22.4671
      vertex 44.5262 21.5045 22.2805
      vertex 55.189 3.81419 22.4666
    endloop
  endfacet
  facet normal 0.0174493 1.95594e-006 -0.999848
    outer loop
      vertex 44.5262 -21.5045 22.2805
      vertex 55.1195 -4.92111 22.4654
      vertex 55.0849 -5.4 22.4648
    endloop
  endfacet
  facet normal 0.0174529 2.69139e-007 -0.999848
    outer loop
      vertex 55.189 3.81419 22.4666
      vertex 44.5262 21.5045 22.2805
      vertex 55.1644 4.32 22.4662
    endloop
  endfacet
  facet normal 0.0174542 -1.25572e-006 -0.999848
    outer loop
      vertex 44.5262 -21.5045 22.2805
      vertex 55.0849 -5.4 22.4648
      vertex 55.018 -6.04045 22.4636
    endloop
  endfacet
  facet normal 0.0174508 -1.0174e-006 -0.999848
    outer loop
      vertex 55.1644 4.32 22.4662
      vertex 44.5262 21.5045 22.2805
      vertex 55.1195 4.92111 22.4654
    endloop
  endfacet
  facet normal 0.0174504 1.34236e-006 -0.999848
    outer loop
      vertex 44.5262 -21.5045 22.2805
      vertex 55.018 -6.04045 22.4636
      vertex 54.9735 -6.48 22.4628
    endloop
  endfacet
  facet normal 0.0174493 -1.95594e-006 -0.999848
    outer loop
      vertex 55.1195 4.92111 22.4654
      vertex 44.5262 21.5045 22.2805
      vertex 55.0849 5.4 22.4648
    endloop
  endfacet
  facet normal 0.017456 -2.5725e-006 -0.999848
    outer loop
      vertex 44.5262 -21.5045 22.2805
      vertex 54.9735 -6.48 22.4628
      vertex 54.8763 -7.17536 22.4611
    endloop
  endfacet
  facet normal 0.0174542 1.25572e-006 -0.999848
    outer loop
      vertex 55.0849 5.4 22.4648
      vertex 44.5262 21.5045 22.2805
      vertex 55.018 6.04045 22.4636
    endloop
  endfacet
  facet normal 0.017382 1.20756e-005 -0.999849
    outer loop
      vertex 54.6852 -8.32945 22.4578
      vertex 54.8763 -7.17536 22.4611
      vertex 54.8242 -7.56 22.4602
    endloop
  endfacet
  facet normal 0.0174504 -1.34236e-006 -0.999848
    outer loop
      vertex 55.018 6.04045 22.4636
      vertex 44.5262 21.5045 22.2805
      vertex 54.9735 6.48 22.4628
    endloop
  endfacet
  facet normal 0.0174518 5.10493e-007 -0.999848
    outer loop
      vertex 54.8763 -7.17536 22.4611
      vertex 54.6852 -8.32945 22.4578
      vertex 46.1885 -20.52 22.3095
    endloop
  endfacet
  facet normal 0.017456 2.5725e-006 -0.999848
    outer loop
      vertex 54.9735 6.48 22.4628
      vertex 44.5262 21.5045 22.2805
      vertex 54.8763 7.17536 22.4611
    endloop
  endfacet
  facet normal 0.0173839 1.56839e-005 -0.999849
    outer loop
      vertex 54.4341 -9.50687 22.4534
      vertex 54.6852 -8.32945 22.4578
      vertex 54.6309 -8.64 22.4569
    endloop
  endfacet
  facet normal 0.0174513 -8.34479e-007 -0.999848
    outer loop
      vertex 46.1885 20.52 22.3095
      vertex 54.8763 7.17536 22.4611
      vertex 44.5262 21.5045 22.2805
    endloop
  endfacet
  facet normal 0.0174504 1.49797e-006 -0.999848
    outer loop
      vertex 54.6852 -8.32945 22.4578
      vertex 54.4341 -9.50687 22.4534
      vertex 46.1885 -20.52 22.3095
    endloop
  endfacet
  facet normal 0.0174518 -5.10493e-007 -0.999848
    outer loop
      vertex 54.6852 8.32945 22.4578
      vertex 54.8763 7.17536 22.4611
      vertex 46.1885 20.52 22.3095
    endloop
  endfacet
  facet normal 0.0174651 -4.4589e-006 -0.999847
    outer loop
      vertex 54.1106 -10.7124 22.4478
      vertex 54.4341 -9.50687 22.4534
      vertex 54.3872 -9.72 22.4526
    endloop
  endfacet
  facet normal 0.017382 -1.20756e-005 -0.999849
    outer loop
      vertex 54.8763 7.17536 22.4611
      vertex 54.6852 8.32945 22.4578
      vertex 54.8242 7.56 22.4602
    endloop
  endfacet
  facet normal 0.0174582 -2.59195e-006 -0.999848
    outer loop
      vertex 54.4341 -9.50687 22.4534
      vertex 54.1106 -10.7124 22.4478
      vertex 53.0416 -13.2699 22.4291
    endloop
  endfacet
  facet normal 0.0174504 -1.49797e-006 -0.999848
    outer loop
      vertex 54.4341 9.50687 22.4534
      vertex 54.6852 8.32945 22.4578
      vertex 46.1885 20.52 22.3095
    endloop
  endfacet
  facet normal 0.0173198 4.26719e-005 -0.99985
    outer loop
      vertex 53.885 -11.4014 22.4438
      vertex 54.1106 -10.7124 22.4478
      vertex 54.0869 -10.8 22.4474
    endloop
  endfacet
  facet normal 0.0173839 -1.56839e-005 -0.999849
    outer loop
      vertex 54.6852 8.32945 22.4578
      vertex 54.4341 9.50687 22.4534
      vertex 54.6309 8.64 22.4569
    endloop
  endfacet
  facet normal 0.0174882 -1.24584e-005 -0.999847
    outer loop
      vertex 53.6638 -11.9612 22.44
      vertex 54.1106 -10.7124 22.4478
      vertex 53.885 -11.4014 22.4438
    endloop
  endfacet
  facet normal 0.0174525 8.77453e-008 -0.999848
    outer loop
      vertex 49.7928 17.688 22.3724
      vertex 54.4341 9.50687 22.4534
      vertex 46.1885 20.52 22.3095
    endloop
  endfacet
  facet normal 0.0174421 5.73755e-006 -0.999848
    outer loop
      vertex 53.6638 -11.9612 22.44
      vertex 53.885 -11.4014 22.4438
      vertex 53.7016 -11.88 22.4406
    endloop
  endfacet
  facet normal 0.0174545 1.22756e-006 -0.999848
    outer loop
      vertex 53.0416 13.2699 22.4291
      vertex 54.4341 9.50687 22.4534
      vertex 49.7928 17.688 22.3724
    endloop
  endfacet
  facet normal 0.0174439 3.39434e-006 -0.999848
    outer loop
      vertex 54.1106 -10.7124 22.4478
      vertex 53.6638 -11.9612 22.44
      vertex 53.0416 -13.2699 22.4291
    endloop
  endfacet
  facet normal 0.0174582 2.59195e-006 -0.999848
    outer loop
      vertex 54.1106 10.7124 22.4478
      vertex 54.4341 9.50687 22.4534
      vertex 53.0416 13.2699 22.4291
    endloop
  endfacet
  facet normal 0.0174304 9.80277e-006 -0.999848
    outer loop
      vertex 53.0416 -13.2699 22.4291
      vertex 53.6638 -11.9612 22.44
      vertex 53.2101 -12.96 22.4321
    endloop
  endfacet
  facet normal 0.0174651 4.4589e-006 -0.999847
    outer loop
      vertex 54.4341 9.50687 22.4534
      vertex 54.1106 10.7124 22.4478
      vertex 54.3872 9.72 22.4526
    endloop
  endfacet
  facet normal 0.0174545 -1.22756e-006 -0.999848
    outer loop
      vertex 54.4341 -9.50687 22.4534
      vertex 53.0416 -13.2699 22.4291
      vertex 49.7928 -17.688 22.3724
    endloop
  endfacet
  facet normal 0.0174421 -5.73755e-006 -0.999848
    outer loop
      vertex 53.885 11.4014 22.4438
      vertex 53.6638 11.9612 22.44
      vertex 53.7016 11.88 22.4406
    endloop
  endfacet
  facet normal 0.0174753 -1.22577e-005 -0.999847
    outer loop
      vertex 52.2577 -14.6387 22.4154
      vertex 53.0416 -13.2699 22.4291
      vertex 52.6328 -14.04 22.422
    endloop
  endfacet
  facet normal 0.0173198 -4.26719e-005 -0.99985
    outer loop
      vertex 54.1106 10.7124 22.4478
      vertex 53.885 11.4014 22.4438
      vertex 54.0869 10.8 22.4474
    endloop
  endfacet
  facet normal 0.017449 2.81031e-006 -0.999848
    outer loop
      vertex 49.7928 -17.688 22.3724
      vertex 53.0416 -13.2699 22.4291
      vertex 52.2577 -14.6387 22.4154
    endloop
  endfacet
  facet normal 0.0174882 1.24584e-005 -0.999847
    outer loop
      vertex 54.1106 10.7124 22.4478
      vertex 53.6638 11.9612 22.44
      vertex 53.885 11.4014 22.4438
    endloop
  endfacet
  facet normal 0.017455 -2.02098e-006 -0.999848
    outer loop
      vertex 49.7928 -17.688 22.3724
      vertex 52.2577 -14.6387 22.4154
      vertex 51.9627 -15.12 22.4103
    endloop
  endfacet
  facet normal 0.0174304 -9.80277e-006 -0.999848
    outer loop
      vertex 53.6638 11.9612 22.44
      vertex 53.0416 13.2699 22.4291
      vertex 53.2101 12.96 22.4321
    endloop
  endfacet
  facet normal 0.0174494 2.73796e-006 -0.999848
    outer loop
      vertex 49.7928 -17.688 22.3724
      vertex 51.9627 -15.12 22.4103
      vertex 51.2758 -16.081 22.3983
    endloop
  endfacet
  facet normal 0.0174513 8.3448e-007 -0.999848
    outer loop
      vertex 54.8763 -7.17536 22.4611
      vertex 46.1885 -20.52 22.3095
      vertex 44.5262 -21.5045 22.2805
    endloop
  endfacet
  facet normal 0.0174487 1.20926e-006 -0.999848
    outer loop
      vertex 50.9536 -16.4958 22.3927
      vertex 51.2758 -16.081 22.3983
      vertex 51.1925 -16.2 22.3968
    endloop
  endfacet
  facet normal 0.0174439 -3.39434e-006 -0.999848
    outer loop
      vertex 53.6638 11.9612 22.44
      vertex 54.1106 10.7124 22.4478
      vertex 53.0416 13.2699 22.4291
    endloop
  endfacet
  facet normal 0.0174681 -1.39056e-005 -0.999847
    outer loop
      vertex 51.2758 -16.081 22.3983
      vertex 50.9536 -16.4958 22.3927
      vertex 50.2246 -17.28 22.3799
    endloop
  endfacet
  facet normal 0.0174525 -8.77452e-008 -0.999848
    outer loop
      vertex 54.4341 -9.50687 22.4534
      vertex 49.7928 -17.688 22.3724
      vertex 46.1885 -20.52 22.3095
    endloop
  endfacet
  facet normal 0.0174534 -9.91068e-007 -0.999848
    outer loop
      vertex 51.2758 -16.081 22.3983
      vertex 50.2246 -17.28 22.3799
      vertex 49.7928 -17.688 22.3724
    endloop
  endfacet
  facet normal 0.017455 2.02098e-006 -0.999848
    outer loop
      vertex 52.2577 14.6387 22.4154
      vertex 49.7928 17.688 22.3724
      vertex 51.9627 15.12 22.4103
    endloop
  endfacet
  facet normal 0.0174681 1.39058e-005 -0.999847
    outer loop
      vertex 50.9536 16.4958 22.3927
      vertex 51.2758 16.081 22.3983
      vertex 50.2246 17.28 22.3799
    endloop
  endfacet
  facet normal 0.0174487 -1.20907e-006 -0.999848
    outer loop
      vertex 51.2758 16.081 22.3983
      vertex 50.9536 16.4958 22.3927
      vertex 51.1925 16.2 22.3968
    endloop
  endfacet
  facet normal 0.0174577 -6.76077e-006 -0.999848
    outer loop
      vertex 46.1885 -20.52 22.3095
      vertex 49.7928 -17.688 22.3724
      vertex 49.0928 -18.36 22.3602
    endloop
  endfacet
  facet normal 0.0174494 -2.73796e-006 -0.999848
    outer loop
      vertex 51.9627 15.12 22.4103
      vertex 49.7928 17.688 22.3724
      vertex 51.2758 16.081 22.3983
    endloop
  endfacet
  facet normal 0.0174691 -1.92719e-005 -0.999847
    outer loop
      vertex 47.7362 -19.4908 22.3365
      vertex 49.0928 -18.36 22.3602
      vertex 47.8869 -19.3861 22.3391
    endloop
  endfacet
  facet normal 0.0174501 3.49083e-006 -0.999848
    outer loop
      vertex 46.1885 -20.52 22.3095
      vertex 49.0928 -18.36 22.3602
      vertex 47.7362 -19.4908 22.3365
    endloop
  endfacet
  facet normal 0.017719 -0.000379009 -0.999843
    outer loop
      vertex 47.7362 -19.4908 22.3365
      vertex 47.8869 -19.3861 22.3391
      vertex 47.8134 -19.44 22.3379
    endloop
  endfacet
  facet normal 0.0174534 9.91036e-007 -0.999848
    outer loop
      vertex 50.2246 17.28 22.3799
      vertex 51.2758 16.081 22.3983
      vertex 49.7928 17.688 22.3724
    endloop
  endfacet
  facet normal 0.0174691 1.92721e-005 -0.999847
    outer loop
      vertex 49.0928 18.36 22.3602
      vertex 47.7362 19.4908 22.3365
      vertex 47.8869 19.3861 22.3391
    endloop
  endfacet
  facet normal 0.0177188 0.000378755 -0.999843
    outer loop
      vertex 47.8869 19.3861 22.3391
      vertex 47.7362 19.4908 22.3365
      vertex 47.8134 19.44 22.3379
    endloop
  endfacet
  facet normal 0.0174577 6.76069e-006 -0.999848
    outer loop
      vertex 49.7928 17.688 22.3724
      vertex 46.1885 20.52 22.3095
      vertex 49.0928 18.36 22.3602
    endloop
  endfacet
  facet normal 0.0174501 -3.49088e-006 -0.999848
    outer loop
      vertex 49.0928 18.36 22.3602
      vertex 46.1885 20.52 22.3095
      vertex 47.7362 19.4908 22.3365
    endloop
  endfacet
  facet normal 0.0174353 2.7898e-005 -0.999848
    outer loop
      vertex 44.5262 -21.5045 22.2805
      vertex 46.1885 -20.52 22.3095
      vertex 44.6912 -21.42 22.2834
    endloop
  endfacet
  facet normal 0.0174753 1.22577e-005 -0.999847
    outer loop
      vertex 53.0416 13.2699 22.4291
      vertex 52.2577 14.6387 22.4154
      vertex 52.6328 14.04 22.422
    endloop
  endfacet
  facet normal 0.017449 -2.81031e-006 -0.999848
    outer loop
      vertex 53.0416 13.2699 22.4291
      vertex 49.7928 17.688 22.3724
      vertex 52.2577 14.6387 22.4154
    endloop
  endfacet
  facet normal 0.0174353 -2.78984e-005 -0.999848
    outer loop
      vertex 46.1885 20.52 22.3095
      vertex 44.5262 21.5045 22.2805
      vertex 44.6912 21.42 22.2834
    endloop
  endfacet
  facet normal 0.0174524 0 -0.999848
    outer loop
      vertex -0.375227 -20.8468 21.4967
      vertex 44.5262 21.5045 22.2805
      vertex 44.5262 -21.5045 22.2805
    endloop
  endfacet
  facet normal 0.0174524 0 -0.999848
    outer loop
      vertex 44.5262 21.5045 22.2805
      vertex -0.375227 -20.8468 21.4967
      vertex -0.375227 20.8468 21.4967
    endloop
  endfacet
  facet normal 0 1 0
    outer loop
      vertex -22.5945 -17.5 18.1084
      vertex -22.5944 -17.5 18.1046
      vertex -22.816 -17.5 18.1046
    endloop
  endfacet
  facet normal 0.0174523 0 -0.999848
    outer loop
      vertex -32.9956 -7.2 17.9269
      vertex -22.816 7.2 18.1046
      vertex -22.816 -7.2 18.1046
    endloop
  endfacet
  facet normal 0.0174523 0 -0.999848
    outer loop
      vertex -22.816 7.2 18.1046
      vertex -32.9956 -7.2 17.9269
      vertex -32.9956 7.2 17.9269
    endloop
  endfacet
  facet normal 0.0174574 0 -0.999848
    outer loop
      vertex -22.816 -7.2 18.1046
      vertex -22.5945 -17.5 18.1084
      vertex -22.816 -17.5 18.1046
    endloop
  endfacet
  facet normal 0.0174574 0 -0.999848
    outer loop
      vertex -22.5945 -17.5 18.1084
      vertex -22.816 -7.2 18.1046
      vertex -22.5945 17.5 18.1084
    endloop
  endfacet
  facet normal 0.0174574 0 -0.999848
    outer loop
      vertex -22.816 7.2 18.1046
      vertex -22.5945 17.5 18.1084
      vertex -22.816 -7.2 18.1046
    endloop
  endfacet
  facet normal 0.0174574 0 -0.999848
    outer loop
      vertex -22.5945 17.5 18.1084
      vertex -22.816 7.2 18.1046
      vertex -22.816 17.5 18.1046
    endloop
  endfacet
  facet normal -0.167475 0.00057821 -0.985876
    outer loop
      vertex 84.0909 -0.0170811 18.1046
      vertex 84.0872 -1.08 18.1046
      vertex 78.9074 -1.08 18.9845
    endloop
  endfacet
  facet normal -0.167485 0.000626645 -0.985874
    outer loop
      vertex 78.9016 4.21577e-015 18.9862
      vertex 84.0909 -0.0170811 18.1046
      vertex 78.9074 -1.08 18.9845
    endloop
  endfacet
  facet normal -0.167485 0.000673275 -0.985874
    outer loop
      vertex 84.0909 -0.0170811 18.1046
      vertex 78.9016 4.21577e-015 18.9862
      vertex 84.091 4.02002e-015 18.1046
    endloop
  endfacet
  facet normal -0.160558 0.000665519 -0.987026
    outer loop
      vertex 78.9016 4.21577e-015 18.9862
      vertex 78.9074 -1.08 18.9845
      vertex 73.6456 -1.08 19.8404
    endloop
  endfacet
  facet normal -0.160567 0.000710132 -0.987025
    outer loop
      vertex 78.9016 4.21577e-015 18.9862
      vertex 73.6456 -1.08 19.8404
      vertex 73.6396 4.40585e-015 19.8422
    endloop
  endfacet
  facet normal -0.152804 0.000755849 -0.988256
    outer loop
      vertex 73.6396 4.40585e-015 19.8422
      vertex 73.6456 -1.08 19.8404
      vertex 68.3932 -1.08 20.6525
    endloop
  endfacet
  facet normal -0.152813 0.000799631 -0.988255
    outer loop
      vertex 73.6396 4.40585e-015 19.8422
      vertex 68.3932 -1.08 20.6525
      vertex 68.3868 4.5862e-015 20.6544
    endloop
  endfacet
  facet normal -0.144289 0.000852054 -0.989535
    outer loop
      vertex 68.3868 4.5862e-015 20.6544
      vertex 68.3932 -1.08 20.6525
      vertex 63.1473 -1.08 21.4175
    endloop
  endfacet
  facet normal -0.144298 0.000894892 -0.989534
    outer loop
      vertex 68.3868 4.5862e-015 20.6544
      vertex 63.1473 -1.08 21.4175
      vertex 63.1407 4.75607e-015 21.4194
    endloop
  endfacet
  facet normal -0.1353 0.000952637 -0.990804
    outer loop
      vertex 63.1407 4.75607e-015 21.4194
      vertex 63.1473 -1.08 21.4175
      vertex 57.905 -1.08 22.1333
    endloop
  endfacet
  facet normal -0.135308 0.000989281 -0.990803
    outer loop
      vertex 63.1407 4.75607e-015 21.4194
      vertex 57.905 -1.08 22.1333
      vertex 57.8981 4.91504e-015 22.1354
    endloop
  endfacet
  facet normal -0.12595 0.00105182 -0.992036
    outer loop
      vertex 57.905 -1.08 22.1333
      vertex 55.273 -0.541617 22.4681
      vertex 57.8981 4.91504e-015 22.1354
    endloop
  endfacet
  facet normal -0.12595 0.00105196 -0.992036
    outer loop
      vertex 55.273 -0.541617 22.4681
      vertex 57.905 -1.08 22.1333
      vertex 55.2691 -1.08 22.468
    endloop
  endfacet
  facet normal -0.125958 0.00108909 -0.992035
    outer loop
      vertex 55.2771 4.98893e-015 22.4681
      vertex 57.8981 4.91504e-015 22.1354
      vertex 55.273 -0.541617 22.4681
    endloop
  endfacet
  facet normal -0.167454 0.00130048 -0.985879
    outer loop
      vertex 84.0871 -1.09902 18.1046
      vertex 84.0789 -2.16 18.1046
      vertex 78.9204 -2.16 18.9807
    endloop
  endfacet
  facet normal -0.167475 0.00140532 -0.985875
    outer loop
      vertex 78.9074 -1.08 18.9845
      vertex 84.0871 -1.09902 18.1046
      vertex 78.9204 -2.16 18.9807
    endloop
  endfacet
  facet normal -0.167475 0.00134357 -0.985875
    outer loop
      vertex 84.0871 -1.09902 18.1046
      vertex 78.9074 -1.08 18.9845
      vertex 84.0872 -1.08 18.1046
    endloop
  endfacet
  facet normal -0.160537 0.00149284 -0.987029
    outer loop
      vertex 78.9074 -1.08 18.9845
      vertex 78.9204 -2.16 18.9807
      vertex 73.6593 -2.16 19.8364
    endloop
  endfacet
  facet normal -0.160557 0.00159489 -0.987025
    outer loop
      vertex 78.9074 -1.08 18.9845
      vertex 73.6593 -2.16 19.8364
      vertex 73.6456 -1.08 19.8404
    endloop
  endfacet
  facet normal -0.152785 0.00169765 -0.988258
    outer loop
      vertex 73.6456 -1.08 19.8404
      vertex 73.6593 -2.16 19.8364
      vertex 68.4075 -2.16 20.6484
    endloop
  endfacet
  facet normal -0.152804 0.0017948 -0.988255
    outer loop
      vertex 73.6456 -1.08 19.8404
      vertex 68.4075 -2.16 20.6484
      vertex 68.3932 -1.08 20.6525
    endloop
  endfacet
  facet normal -0.14427 0.00191278 -0.989536
    outer loop
      vertex 68.3932 -1.08 20.6525
      vertex 68.4075 -2.16 20.6484
      vertex 63.1623 -2.16 21.4131
    endloop
  endfacet
  facet normal -0.144289 0.00200363 -0.989534
    outer loop
      vertex 68.3932 -1.08 20.6525
      vertex 63.1623 -2.16 21.4131
      vertex 63.1473 -1.08 21.4175
    endloop
  endfacet
  facet normal -0.135282 0.00213351 -0.990805
    outer loop
      vertex 63.1473 -1.08 21.4175
      vertex 63.1623 -2.16 21.4131
      vertex 57.9207 -2.16 22.1288
    endloop
  endfacet
  facet normal -0.1353 0.00222174 -0.990802
    outer loop
      vertex 63.1473 -1.08 21.4175
      vertex 57.9207 -2.16 22.1288
      vertex 57.905 -1.08 22.1333
    endloop
  endfacet
  facet normal -0.125934 0.00236229 -0.992036
    outer loop
      vertex 57.9207 -2.16 22.1288
      vertex 55.2597 -1.62676 22.4678
      vertex 57.905 -1.08 22.1333
    endloop
  endfacet
  facet normal -0.125933 0.00236492 -0.992036
    outer loop
      vertex 55.2597 -1.62676 22.4678
      vertex 57.9207 -2.16 22.1288
      vertex 55.2509 -2.16 22.4677
    endloop
  endfacet
  facet normal -0.12595 0.00244267 -0.992034
    outer loop
      vertex 55.2691 -1.08 22.468
      vertex 57.905 -1.08 22.1333
      vertex 55.2597 -1.62676 22.4678
    endloop
  endfacet
  facet normal -0.167415 0.00237412 -0.985884
    outer loop
      vertex 84.0785 -2.18337 18.1046
      vertex 84.0635 -3.24 18.1046
      vertex 78.9441 -3.24 18.9739
    endloop
  endfacet
  facet normal -0.167454 0.00256703 -0.985877
    outer loop
      vertex 78.9204 -2.16 18.9807
      vertex 84.0785 -2.18337 18.1046
      vertex 78.9441 -3.24 18.9739
    endloop
  endfacet
  facet normal -0.167454 0.00256945 -0.985877
    outer loop
      vertex 84.0785 -2.18337 18.1046
      vertex 78.9204 -2.16 18.9807
      vertex 84.0789 -2.16 18.1046
    endloop
  endfacet
  facet normal -0.160499 0.00272719 -0.987032
    outer loop
      vertex 78.9204 -2.16 18.9807
      vertex 78.9441 -3.24 18.9739
      vertex 73.6842 -3.24 19.8292
    endloop
  endfacet
  facet normal -0.160536 0.0029126 -0.987026
    outer loop
      vertex 78.9204 -2.16 18.9807
      vertex 73.6842 -3.24 19.8292
      vertex 73.6593 -2.16 19.8364
    endloop
  endfacet
  facet normal -0.152748 0.00310068 -0.98826
    outer loop
      vertex 73.6593 -2.16 19.8364
      vertex 73.6842 -3.24 19.8292
      vertex 68.4336 -3.24 20.6408
    endloop
  endfacet
  facet normal -0.152784 0.00327876 -0.988254
    outer loop
      vertex 73.6593 -2.16 19.8364
      vertex 68.4336 -3.24 20.6408
      vertex 68.4075 -2.16 20.6484
    endloop
  endfacet
  facet normal -0.144236 0.00349458 -0.989537
    outer loop
      vertex 68.4075 -2.16 20.6484
      vertex 68.4336 -3.24 20.6408
      vertex 63.1896 -3.24 21.4051
    endloop
  endfacet
  facet normal -0.14427 0.00366276 -0.989532
    outer loop
      vertex 68.4075 -2.16 20.6484
      vertex 63.1896 -3.24 21.4051
      vertex 63.1623 -2.16 21.4131
    endloop
  endfacet
  facet normal -0.135249 0.00390032 -0.990804
    outer loop
      vertex 63.1623 -2.16 21.4131
      vertex 63.1896 -3.24 21.4051
      vertex 57.9492 -3.24 22.1205
    endloop
  endfacet
  facet normal -0.135282 0.00405835 -0.990799
    outer loop
      vertex 63.1623 -2.16 21.4131
      vertex 57.9492 -3.24 22.1205
      vertex 57.9207 -2.16 22.1288
    endloop
  endfacet
  facet normal -0.125902 0.00431544 -0.992033
    outer loop
      vertex 57.9492 -3.24 22.1205
      vertex 55.2336 -2.7169 22.4674
      vertex 57.9207 -2.16 22.1288
    endloop
  endfacet
  facet normal -0.125902 0.0043146 -0.992033
    outer loop
      vertex 55.2336 -2.7169 22.4674
      vertex 57.9492 -3.24 22.1205
      vertex 55.2178 -3.24 22.4671
    endloop
  endfacet
  facet normal -0.125932 0.00446432 -0.992029
    outer loop
      vertex 55.2509 -2.16 22.4677
      vertex 57.9207 -2.16 22.1288
      vertex 55.2336 -2.7169 22.4674
    endloop
  endfacet
  facet normal -0.167352 0.00383164 -0.98589
    outer loop
      vertex 84.0627 -3.27134 18.1046
      vertex 84.0387 -4.32 18.1046
      vertex 78.9824 -4.32 18.9629
    endloop
  endfacet
  facet normal -0.167414 0.00414368 -0.985878
    outer loop
      vertex 78.9441 -3.24 18.9739
      vertex 84.0627 -3.27134 18.1046
      vertex 78.9824 -4.32 18.9629
    endloop
  endfacet
  facet normal -0.167414 0.00415635 -0.985878
    outer loop
      vertex 84.0627 -3.27134 18.1046
      vertex 78.9441 -3.24 18.9739
      vertex 84.0635 -3.24 18.1046
    endloop
  endfacet
  facet normal -0.160438 0.0044027 -0.987036
    outer loop
      vertex 78.9441 -3.24 18.9739
      vertex 78.9824 -4.32 18.9629
      vertex 73.7244 -4.32 19.8175
    endloop
  endfacet
  facet normal -0.160498 0.00470105 -0.987025
    outer loop
      vertex 78.9441 -3.24 18.9739
      vertex 73.7244 -4.32 19.8175
      vertex 73.6842 -3.24 19.8292
    endloop
  endfacet
  facet normal -0.15269 0.00500508 -0.988262
    outer loop
      vertex 73.6842 -3.24 19.8292
      vertex 73.7244 -4.32 19.8175
      vertex 68.4757 -4.32 20.6285
    endloop
  endfacet
  facet normal -0.152747 0.00528834 -0.988251
    outer loop
      vertex 73.6842 -3.24 19.8292
      vertex 68.4757 -4.32 20.6285
      vertex 68.4336 -3.24 20.6408
    endloop
  endfacet
  facet normal -0.144179 0.00563717 -0.989536
    outer loop
      vertex 68.4336 -3.24 20.6408
      vertex 68.4757 -4.32 20.6285
      vertex 63.2337 -4.32 21.3922
    endloop
  endfacet
  facet normal -0.144234 0.00590817 -0.989526
    outer loop
      vertex 68.4336 -3.24 20.6408
      vertex 63.2337 -4.32 21.3922
      vertex 63.1896 -3.24 21.4051
    endloop
  endfacet
  facet normal -0.135196 0.00629196 -0.990799
    outer loop
      vertex 63.1896 -3.24 21.4051
      vertex 63.2337 -4.32 21.3922
      vertex 57.9951 -4.32 22.1071
    endloop
  endfacet
  facet normal -0.135248 0.00654593 -0.99079
    outer loop
      vertex 63.1896 -3.24 21.4051
      vertex 57.9951 -4.32 22.1071
      vertex 57.9492 -3.24 22.1205
    endloop
  endfacet
  facet normal -0.125851 0.00696122 -0.992025
    outer loop
      vertex 57.9951 -4.32 22.1071
      vertex 55.189 -3.81419 22.4666
      vertex 57.9492 -3.24 22.1205
    endloop
  endfacet
  facet normal -0.125851 0.00696079 -0.992025
    outer loop
      vertex 55.189 -3.81419 22.4666
      vertex 57.9951 -4.32 22.1071
      vertex 55.1644 -4.32 22.4662
    endloop
  endfacet
  facet normal -0.1259 0.0072009 -0.992017
    outer loop
      vertex 55.2178 -3.24 22.4671
      vertex 57.9492 -3.24 22.1205
      vertex 55.189 -3.81419 22.4666
    endloop
  endfacet
  facet normal -0.167258 0.00568985 -0.985897
    outer loop
      vertex 84.0371 -4.36431 18.1046
      vertex 84.0019 -5.4 18.1046
      vertex 79.0392 -5.4 18.9465
    endloop
  endfacet
  facet normal -0.16735 0.00614955 -0.985878
    outer loop
      vertex 78.9824 -4.32 18.9629
      vertex 84.0371 -4.36431 18.1046
      vertex 79.0392 -5.4 18.9465
    endloop
  endfacet
  facet normal -0.16735 0.00613731 -0.985878
    outer loop
      vertex 84.0371 -4.36431 18.1046
      vertex 78.9824 -4.32 18.9629
      vertex 84.0387 -4.32 18.1046
    endloop
  endfacet
  facet normal -0.160347 0.00653545 -0.987039
    outer loop
      vertex 78.9824 -4.32 18.9629
      vertex 79.0392 -5.4 18.9465
      vertex 73.7841 -5.4 19.8002
    endloop
  endfacet
  facet normal -0.160436 0.00697707 -0.987022
    outer loop
      vertex 78.9824 -4.32 18.9629
      vertex 73.7841 -5.4 19.8002
      vertex 73.7244 -4.32 19.8175
    endloop
  endfacet
  facet normal -0.152601 0.00742974 -0.98826
    outer loop
      vertex 73.7244 -4.32 19.8175
      vertex 73.7841 -5.4 19.8002
      vertex 68.5382 -5.4 20.6102
    endloop
  endfacet
  facet normal -0.152687 0.00785212 -0.988243
    outer loop
      vertex 73.7244 -4.32 19.8175
      vertex 68.5382 -5.4 20.6102
      vertex 68.4757 -4.32 20.6285
    endloop
  endfacet
  facet normal -0.144095 0.00837115 -0.989528
    outer loop
      vertex 68.4757 -4.32 20.6285
      vertex 68.5382 -5.4 20.6102
      vertex 63.299 -5.4 21.3732
    endloop
  endfacet
  facet normal -0.144176 0.00876994 -0.989513
    outer loop
      vertex 68.4757 -4.32 20.6285
      vertex 63.299 -5.4 21.3732
      vertex 63.2337 -4.32 21.3922
    endloop
  endfacet
  facet normal -0.135115 0.00934086 -0.990786
    outer loop
      vertex 63.2337 -4.32 21.3922
      vertex 63.299 -5.4 21.3732
      vertex 58.0633 -5.4 22.0872
    endloop
  endfacet
  facet normal -0.135192 0.00971938 -0.990772
    outer loop
      vertex 63.2337 -4.32 21.3922
      vertex 58.0633 -5.4 22.0872
      vertex 57.9951 -4.32 22.1071
    endloop
  endfacet
  facet normal -0.125775 0.010337 -0.992005
    outer loop
      vertex 58.0633 -5.4 22.0872
      vertex 55.1195 -4.92111 22.4654
      vertex 57.9951 -4.32 22.1071
    endloop
  endfacet
  facet normal -0.125775 0.0103376 -0.992005
    outer loop
      vertex 55.1195 -4.92111 22.4654
      vertex 58.0633 -5.4 22.0872
      vertex 55.0849 -5.4 22.4648
    endloop
  endfacet
  facet normal -0.125847 0.0106896 -0.991992
    outer loop
      vertex 55.1644 -4.32 22.4662
      vertex 57.9951 -4.32 22.1071
      vertex 55.1195 -4.92111 22.4654
    endloop
  endfacet
  facet normal -0.167126 0.00796495 -0.985903
    outer loop
      vertex 83.9986 -5.46378 18.1046
      vertex 83.9501 -6.48 18.1046
      vertex 79.1186 -6.48 18.9236
    endloop
  endfacet
  facet normal -0.167254 0.00860481 -0.985876
    outer loop
      vertex 79.0392 -5.4 18.9465
      vertex 83.9986 -5.46378 18.1046
      vertex 79.1186 -6.48 18.9236
    endloop
  endfacet
  facet normal -0.167254 0.00862285 -0.985876
    outer loop
      vertex 83.9986 -5.46378 18.1046
      vertex 79.0392 -5.4 18.9465
      vertex 84.0019 -5.4 18.1046
    endloop
  endfacet
  facet normal -0.160219 0.00914676 -0.987039
    outer loop
      vertex 79.0392 -5.4 18.9465
      vertex 79.1186 -6.48 18.9236
      vertex 73.8675 -6.48 19.776
    endloop
  endfacet
  facet normal -0.160343 0.00976026 -0.987013
    outer loop
      vertex 79.0392 -5.4 18.9465
      vertex 73.8675 -6.48 19.776
      vertex 73.7841 -5.4 19.8002
    endloop
  endfacet
  facet normal -0.152477 0.0103955 -0.988252
    outer loop
      vertex 73.7841 -5.4 19.8002
      vertex 73.8675 -6.48 19.776
      vertex 68.6256 -6.48 20.5847
    endloop
  endfacet
  facet normal -0.152596 0.0109815 -0.988228
    outer loop
      vertex 73.7841 -5.4 19.8002
      vertex 68.6256 -6.48 20.5847
      vertex 68.5382 -5.4 20.6102
    endloop
  endfacet
  facet normal -0.143975 0.0117095 -0.989512
    outer loop
      vertex 68.5382 -5.4 20.6102
      vertex 68.6256 -6.48 20.5847
      vertex 63.3904 -6.48 21.3465
    endloop
  endfacet
  facet normal -0.144089 0.0122676 -0.989489
    outer loop
      vertex 68.5382 -5.4 20.6102
      vertex 63.3904 -6.48 21.3465
      vertex 63.299 -5.4 21.3732
    endloop
  endfacet
  facet normal -0.135002 0.0130679 -0.990759
    outer loop
      vertex 63.299 -5.4 21.3732
      vertex 63.3904 -6.48 21.3465
      vertex 58.1587 -6.48 22.0593
    endloop
  endfacet
  facet normal -0.135109 0.0135907 -0.990738
    outer loop
      vertex 63.299 -5.4 21.3732
      vertex 58.1587 -6.48 22.0593
      vertex 58.0633 -5.4 22.0872
    endloop
  endfacet
  facet normal -0.125667 0.0144561 -0.991967
    outer loop
      vertex 58.1587 -6.48 22.0593
      vertex 55.018 -6.04045 22.4636
      vertex 58.0633 -5.4 22.0872
    endloop
  endfacet
  facet normal -0.125666 0.0144586 -0.991967
    outer loop
      vertex 55.018 -6.04045 22.4636
      vertex 58.1587 -6.48 22.0593
      vertex 54.9735 -6.48 22.4628
    endloop
  endfacet
  facet normal -0.125768 0.0149481 -0.991947
    outer loop
      vertex 55.0849 -5.4 22.4648
      vertex 58.0633 -5.4 22.0872
      vertex 55.018 -6.04045 22.4636
    endloop
  endfacet
  facet normal -0.166948 0.0106604 -0.985908
    outer loop
      vertex 83.9439 -6.57142 18.1046
      vertex 83.8807 -7.56 18.1046
      vertex 79.2247 -7.56 18.893
    endloop
  endfacet
  facet normal -0.16712 0.011512 -0.985869
    outer loop
      vertex 79.1186 -6.48 18.9236
      vertex 83.9439 -6.57142 18.1046
      vertex 79.2247 -7.56 18.893
    endloop
  endfacet
  facet normal -0.16712 0.0115061 -0.985869
    outer loop
      vertex 83.9439 -6.57142 18.1046
      vertex 79.1186 -6.48 18.9236
      vertex 83.9501 -6.48 18.1046
    endloop
  endfacet
  facet normal -0.160046 0.01224 -0.987034
    outer loop
      vertex 79.1186 -6.48 18.9236
      vertex 79.2247 -7.56 18.893
      vertex 73.979 -7.56 19.7436
    endloop
  endfacet
  facet normal -0.160212 0.0130584 -0.986996
    outer loop
      vertex 79.1186 -6.48 18.9236
      vertex 73.979 -7.56 19.7436
      vertex 73.8675 -6.48 19.776
    endloop
  endfacet
  facet normal -0.15231 0.0139111 -0.988235
    outer loop
      vertex 73.8675 -6.48 19.776
      vertex 73.979 -7.56 19.7436
      vertex 68.7424 -7.56 20.5506
    endloop
  endfacet
  facet normal -0.152469 0.0146922 -0.988199
    outer loop
      vertex 73.8675 -6.48 19.776
      vertex 68.7424 -7.56 20.5506
      vertex 68.6256 -6.48 20.5847
    endloop
  endfacet
  facet normal -0.143815 0.0156685 -0.989481
    outer loop
      vertex 68.6256 -6.48 20.5847
      vertex 68.7424 -7.56 20.5506
      vertex 63.5125 -7.56 21.3108
    endloop
  endfacet
  facet normal -0.143966 0.0164046 -0.989447
    outer loop
      vertex 68.6256 -6.48 20.5847
      vertex 63.5125 -7.56 21.3108
      vertex 63.3904 -6.48 21.3465
    endloop
  endfacet
  facet normal -0.134847 0.0174775 -0.990712
    outer loop
      vertex 63.3904 -6.48 21.3465
      vertex 63.5125 -7.56 21.3108
      vertex 58.2862 -7.56 22.0221
    endloop
  endfacet
  facet normal -0.134991 0.0181772 -0.99068
    outer loop
      vertex 63.3904 -6.48 21.3465
      vertex 58.2862 -7.56 22.0221
      vertex 58.1587 -6.48 22.0593
    endloop
  endfacet
  facet normal -0.12552 0.0193369 -0.991903
    outer loop
      vertex 58.2862 -7.56 22.0221
      vertex 54.8763 -7.17536 22.4611
      vertex 58.1587 -6.48 22.0593
    endloop
  endfacet
  facet normal -0.12552 0.0193373 -0.991903
    outer loop
      vertex 54.8763 -7.17536 22.4611
      vertex 58.2862 -7.56 22.0221
      vertex 54.8242 -7.56 22.4602
    endloop
  endfacet
  facet normal -0.125654 0.0199876 -0.991873
    outer loop
      vertex 54.9735 -6.48 22.4628
      vertex 58.1587 -6.48 22.0593
      vertex 54.8763 -7.17536 22.4611
    endloop
  endfacet
  facet normal -0.166717 0.0137784 -0.985909
    outer loop
      vertex 83.8692 -7.68906 18.1046
      vertex 83.7906 -8.64 18.1046
      vertex 79.3616 -8.64 18.8535
    endloop
  endfacet
  facet normal -0.166939 0.0148734 -0.985855
    outer loop
      vertex 79.2247 -7.56 18.893
      vertex 83.8692 -7.68906 18.1046
      vertex 79.3616 -8.64 18.8535
    endloop
  endfacet
  facet normal -0.166939 0.0148715 -0.985855
    outer loop
      vertex 83.8692 -7.68906 18.1046
      vertex 79.2247 -7.56 18.893
      vertex 83.8807 -7.56 18.1046
    endloop
  endfacet
  facet normal -0.159821 0.0158179 -0.987019
    outer loop
      vertex 79.2247 -7.56 18.893
      vertex 79.3616 -8.64 18.8535
      vertex 74.1227 -8.64 19.7018
    endloop
  endfacet
  facet normal -0.160035 0.0168662 -0.986967
    outer loop
      vertex 79.2247 -7.56 18.893
      vertex 74.1227 -8.64 19.7018
      vertex 73.979 -7.56 19.7436
    endloop
  endfacet
  facet normal -0.152093 0.0179713 -0.988203
    outer loop
      vertex 73.979 -7.56 19.7436
      vertex 74.1227 -8.64 19.7018
      vertex 68.8931 -8.64 20.5067
    endloop
  endfacet
  facet normal -0.152297 0.0189699 -0.988153
    outer loop
      vertex 73.979 -7.56 19.7436
      vertex 68.8931 -8.64 20.5067
      vertex 68.7424 -7.56 20.5506
    endloop
  endfacet
  facet normal -0.143605 0.0202343 -0.989428
    outer loop
      vertex 68.7424 -7.56 20.5506
      vertex 68.8931 -8.64 20.5067
      vertex 63.6701 -8.64 21.2648
    endloop
  endfacet
  facet normal -0.143801 0.0211832 -0.98938
    outer loop
      vertex 68.7424 -7.56 20.5506
      vertex 63.6701 -8.64 21.2648
      vertex 63.5125 -7.56 21.3108
    endloop
  endfacet
  facet normal -0.134646 0.022572 -0.990637
    outer loop
      vertex 63.5125 -7.56 21.3108
      vertex 63.6701 -8.64 21.2648
      vertex 58.4506 -8.64 21.9742
    endloop
  endfacet
  facet normal -0.13483 0.0234651 -0.990591
    outer loop
      vertex 63.5125 -7.56 21.3108
      vertex 58.4506 -8.64 21.9742
      vertex 58.2862 -7.56 22.0221
    endloop
  endfacet
  facet normal -0.125328 0.0249652 -0.991801
    outer loop
      vertex 58.4506 -8.64 21.9742
      vertex 54.6852 -8.32945 22.4578
      vertex 58.2862 -7.56 22.0221
    endloop
  endfacet
  facet normal -0.125328 0.0249686 -0.991801
    outer loop
      vertex 54.6852 -8.32945 22.4578
      vertex 58.4506 -8.64 21.9742
      vertex 54.6309 -8.64 22.4569
    endloop
  endfacet
  facet normal -0.125502 0.0258024 -0.991758
    outer loop
      vertex 54.8242 -7.56 22.4602
      vertex 58.2862 -7.56 22.0221
      vertex 54.6852 -8.32945 22.4578
    endloop
  endfacet
  facet normal -0.166425 0.017316 -0.985902
    outer loop
      vertex 83.7706 -8.81874 18.1046
      vertex 83.6768 -9.72 18.1046
      vertex 79.5332 -9.72 18.804
    endloop
  endfacet
  facet normal -0.166703 0.0186787 -0.98583
    outer loop
      vertex 79.3616 -8.64 18.8535
      vertex 83.7706 -8.81874 18.1046
      vertex 79.5332 -9.72 18.804
    endloop
  endfacet
  facet normal -0.166703 0.0186785 -0.98583
    outer loop
      vertex 83.7706 -8.81874 18.1046
      vertex 79.3616 -8.64 18.8535
      vertex 83.7906 -8.64 18.1046
    endloop
  endfacet
  facet normal -0.159538 0.0198703 -0.986992
    outer loop
      vertex 79.3616 -8.64 18.8535
      vertex 79.5332 -9.72 18.804
      vertex 74.3029 -9.72 19.6495
    endloop
  endfacet
  facet normal -0.159806 0.0211774 -0.986921
    outer loop
      vertex 79.3616 -8.64 18.8535
      vertex 74.3029 -9.72 19.6495
      vertex 74.1227 -8.64 19.7018
    endloop
  endfacet
  facet normal -0.151817 0.02257 -0.988151
    outer loop
      vertex 74.1227 -8.64 19.7018
      vertex 74.3029 -9.72 19.6495
      vertex 69.0819 -9.72 20.4516
    endloop
  endfacet
  facet normal -0.152074 0.0238174 -0.988082
    outer loop
      vertex 74.1227 -8.64 19.7018
      vertex 69.0819 -9.72 20.4516
      vertex 68.8931 -8.64 20.5067
    endloop
  endfacet
  facet normal -0.14334 0.0254092 -0.989347
    outer loop
      vertex 68.8931 -8.64 20.5067
      vertex 69.0819 -9.72 20.4516
      vertex 63.8675 -9.72 21.2071
    endloop
  endfacet
  facet normal -0.143584 0.0265883 -0.989281
    outer loop
      vertex 68.8931 -8.64 20.5067
      vertex 63.8675 -9.72 21.2071
      vertex 63.6701 -8.64 21.2648
    endloop
  endfacet
  facet normal -0.134391 0.0283355 -0.990523
    outer loop
      vertex 63.6701 -8.64 21.2648
      vertex 63.8675 -9.72 21.2071
      vertex 58.6566 -9.72 21.9141
    endloop
  endfacet
  facet normal -0.134622 0.0294452 -0.990459
    outer loop
      vertex 63.6701 -8.64 21.2648
      vertex 58.6566 -9.72 21.9141
      vertex 58.4506 -8.64 21.9742
    endloop
  endfacet
  facet normal -0.125083 0.0313315 -0.991651
    outer loop
      vertex 58.6566 -9.72 21.9141
      vertex 54.4341 -9.50687 22.4534
      vertex 58.4506 -8.64 21.9742
    endloop
  endfacet
  facet normal -0.125083 0.0313312 -0.991651
    outer loop
      vertex 54.4341 -9.50687 22.4534
      vertex 58.6566 -9.72 21.9141
      vertex 54.3872 -9.72 22.4526
    endloop
  endfacet
  facet normal -0.125301 0.0323746 -0.99159
    outer loop
      vertex 54.6309 -8.64 22.4569
      vertex 58.4506 -8.64 21.9742
      vertex 54.4341 -9.50687 22.4534
    endloop
  endfacet
  facet normal -0.166066 0.0212616 -0.985885
    outer loop
      vertex 83.6434 -9.9627 18.1046
      vertex 83.5362 -10.8 18.1046
      vertex 79.7432 -10.8 18.7435
    endloop
  endfacet
  facet normal -0.166407 0.0229207 -0.985791
    outer loop
      vertex 79.5332 -9.72 18.804
      vertex 83.6434 -9.9627 18.1046
      vertex 79.7432 -10.8 18.7435
    endloop
  endfacet
  facet normal -0.166407 0.0229228 -0.985791
    outer loop
      vertex 83.6434 -9.9627 18.1046
      vertex 79.5332 -9.72 18.804
      vertex 83.6768 -9.72 18.1046
    endloop
  endfacet
  facet normal -0.159187 0.0243897 -0.986947
    outer loop
      vertex 79.5332 -9.72 18.804
      vertex 79.7432 -10.8 18.7435
      vertex 74.5236 -10.8 19.5854
    endloop
  endfacet
  facet normal -0.159515 0.0259796 -0.986854
    outer loop
      vertex 79.5332 -9.72 18.804
      vertex 74.5236 -10.8 19.5854
      vertex 74.3029 -9.72 19.6495
    endloop
  endfacet
  facet normal -0.151477 0.027694 -0.988073
    outer loop
      vertex 74.3029 -9.72 19.6495
      vertex 74.5236 -10.8 19.5854
      vertex 69.3131 -10.8 20.3841
    endloop
  endfacet
  facet normal -0.151791 0.0292084 -0.987981
    outer loop
      vertex 74.3029 -9.72 19.6495
      vertex 69.3131 -10.8 20.3841
      vertex 69.0819 -9.72 20.4516
    endloop
  endfacet
  facet normal -0.143011 0.031166 -0.98923
    outer loop
      vertex 69.0819 -9.72 20.4516
      vertex 69.3131 -10.8 20.3841
      vertex 64.1093 -10.8 21.1365
    endloop
  endfacet
  facet normal -0.14331 0.0326005 -0.989141
    outer loop
      vertex 69.0819 -9.72 20.4516
      vertex 64.1093 -10.8 21.1365
      vertex 63.8675 -9.72 21.2071
    endloop
  endfacet
  facet normal -0.134074 0.0347476 -0.990362
    outer loop
      vertex 63.8675 -9.72 21.2071
      vertex 64.1093 -10.8 21.1365
      vertex 58.9089 -10.8 21.8405
    endloop
  endfacet
  facet normal -0.134357 0.0360995 -0.990275
    outer loop
      vertex 63.8675 -9.72 21.2071
      vertex 58.9089 -10.8 21.8405
      vertex 58.6566 -9.72 21.9141
    endloop
  endfacet
  facet normal -0.124781 0.0384158 -0.99144
    outer loop
      vertex 58.9089 -10.8 21.8405
      vertex 54.1106 -10.7124 22.4478
      vertex 58.6566 -9.72 21.9141
    endloop
  endfacet
  facet normal -0.124781 0.0384221 -0.99144
    outer loop
      vertex 54.1106 -10.7124 22.4478
      vertex 58.9089 -10.8 21.8405
      vertex 54.0869 -10.8 22.4474
    endloop
  endfacet
  facet normal -0.125046 0.0396766 -0.991357
    outer loop
      vertex 54.3872 -9.72 22.4526
      vertex 58.6566 -9.72 21.9141
      vertex 54.1106 -10.7124 22.4478
    endloop
  endfacet
  facet normal -0.165632 0.0256073 -0.985855
    outer loop
      vertex 83.4825 -11.1234 18.1046
      vertex 83.3655 -11.88 18.1046
      vertex 79.9953 -11.88 18.6708
    endloop
  endfacet
  facet normal -0.166041 0.0275849 -0.985733
    outer loop
      vertex 79.7432 -10.8 18.7435
      vertex 83.4825 -11.1234 18.1046
      vertex 79.9953 -11.88 18.6708
    endloop
  endfacet
  facet normal -0.16604 0.0275881 -0.985733
    outer loop
      vertex 83.4825 -11.1234 18.1046
      vertex 79.7432 -10.8 18.7435
      vertex 83.5362 -10.8 18.1046
    endloop
  endfacet
  facet normal -0.158762 0.0293606 -0.98688
    outer loop
      vertex 79.7432 -10.8 18.7435
      vertex 79.9953 -11.88 18.6708
      vertex 74.7883 -11.88 19.5084
    endloop
  endfacet
  facet normal -0.159157 0.0312554 -0.986758
    outer loop
      vertex 79.7432 -10.8 18.7435
      vertex 74.7883 -11.88 19.5084
      vertex 74.5236 -10.8 19.5854
    endloop
  endfacet
  facet normal -0.151064 0.0333248 -0.987962
    outer loop
      vertex 74.5236 -10.8 19.5854
      vertex 74.7883 -11.88 19.5084
      vertex 69.5905 -11.88 20.3032
    endloop
  endfacet
  facet normal -0.151441 0.0351289 -0.987842
    outer loop
      vertex 74.5236 -10.8 19.5854
      vertex 69.5905 -11.88 20.3032
      vertex 69.3131 -10.8 20.3841
    endloop
  endfacet
  facet normal -0.142611 0.0374889 -0.989069
    outer loop
      vertex 69.3131 -10.8 20.3841
      vertex 69.5905 -11.88 20.3032
      vertex 64.3993 -11.88 21.0517
    endloop
  endfacet
  facet normal -0.14297 0.0391949 -0.988951
    outer loop
      vertex 69.3131 -10.8 20.3841
      vertex 64.3993 -11.88 21.0517
      vertex 64.1093 -10.8 21.1365
    endloop
  endfacet
  facet normal -0.13369 0.0417809 -0.990142
    outer loop
      vertex 64.1093 -10.8 21.1365
      vertex 64.3993 -11.88 21.0517
      vertex 59.2116 -11.88 21.7522
    endloop
  endfacet
  facet normal -0.134029 0.0433845 -0.990027
    outer loop
      vertex 64.1093 -10.8 21.1365
      vertex 59.2116 -11.88 21.7522
      vertex 58.9089 -10.8 21.8405
    endloop
  endfacet
  facet normal -0.124411 0.0461724 -0.991156
    outer loop
      vertex 58.9089 -10.8 21.8405
      vertex 59.2116 -11.88 21.7522
      vertex 54.0247 -11.88 22.4032
    endloop
  endfacet
  facet normal -0.124731 0.0476758 -0.991045
    outer loop
      vertex 54.0247 -11.88 22.4032
      vertex 54.0869 -10.8 22.4474
      vertex 58.9089 -10.8 21.8405
    endloop
  endfacet
  facet normal -0.124735 0.047676 -0.991044
    outer loop
      vertex 54.0869 -10.8 22.4474
      vertex 54.0247 -11.88 22.4032
      vertex 53.885 -11.4014 22.4438
    endloop
  endfacet
  facet normal -0.114841 0.0506536 -0.992092
    outer loop
      vertex 53.885 -11.4014 22.4438
      vertex 54.0247 -11.88 22.4032
      vertex 53.7016 -11.88 22.4406
    endloop
  endfacet
  facet normal -0.165114 0.0303355 -0.985808
    outer loop
      vertex 83.2819 -12.3038 18.1046
      vertex 83.1614 -12.96 18.1046
      vertex 80.2925 -12.96 18.5851
    endloop
  endfacet
  facet normal -0.165597 0.0326531 -0.985653
    outer loop
      vertex 79.9953 -11.88 18.6708
      vertex 83.2819 -12.3038 18.1046
      vertex 80.2925 -12.96 18.5851
    endloop
  endfacet
  facet normal -0.165597 0.0326521 -0.985653
    outer loop
      vertex 83.2819 -12.3038 18.1046
      vertex 79.9953 -11.88 18.6708
      vertex 83.3655 -11.88 18.1046
    endloop
  endfacet
  facet normal -0.158257 0.0347634 -0.986786
    outer loop
      vertex 79.9953 -11.88 18.6708
      vertex 80.2925 -12.96 18.5851
      vertex 75.1005 -12.96 19.4177
    endloop
  endfacet
  facet normal -0.158722 0.0369802 -0.98663
    outer loop
      vertex 79.9953 -11.88 18.6708
      vertex 75.1005 -12.96 19.4177
      vertex 74.7883 -11.88 19.5084
    endloop
  endfacet
  facet normal -0.150572 0.0394357 -0.987812
    outer loop
      vertex 74.7883 -11.88 19.5084
      vertex 75.1005 -12.96 19.4177
      vertex 69.9177 -12.96 20.2078
    endloop
  endfacet
  facet normal -0.151017 0.0415438 -0.987658
    outer loop
      vertex 74.7883 -11.88 19.5084
      vertex 69.9177 -12.96 20.2078
      vertex 69.5905 -11.88 20.3032
    endloop
  endfacet
  facet normal -0.142135 0.0443405 -0.988854
    outer loop
      vertex 69.5905 -11.88 20.3032
      vertex 69.9177 -12.96 20.2078
      vertex 64.7414 -12.96 20.9518
    endloop
  endfacet
  facet normal -0.142558 0.046334 -0.988701
    outer loop
      vertex 69.5905 -11.88 20.3032
      vertex 64.7414 -12.96 20.9518
      vertex 64.3993 -11.88 21.0517
    endloop
  endfacet
  facet normal -0.13323 0.0493956 -0.989854
    outer loop
      vertex 64.3993 -11.88 21.0517
      vertex 64.7414 -12.96 20.9518
      vertex 59.5686 -12.96 21.648
    endloop
  endfacet
  facet normal -0.13363 0.0512708 -0.989704
    outer loop
      vertex 64.3993 -11.88 21.0517
      vertex 59.5686 -12.96 21.648
      vertex 59.2116 -11.88 21.7522
    endloop
  endfacet
  facet normal -0.123969 0.0545686 -0.990784
    outer loop
      vertex 59.2116 -11.88 21.7522
      vertex 59.5686 -12.96 21.648
      vertex 54.3966 -12.96 22.2951
    endloop
  endfacet
  facet normal -0.124346 0.0563224 -0.990639
    outer loop
      vertex 59.2116 -11.88 21.7522
      vertex 54.3966 -12.96 22.2951
      vertex 54.0247 -11.88 22.4032
    endloop
  endfacet
  facet normal -0.114419 0.0598401 -0.991629
    outer loop
      vertex 54.3966 -12.96 22.2951
      vertex 53.6638 -11.9612 22.44
      vertex 54.0247 -11.88 22.4032
    endloop
  endfacet
  facet normal -0.11442 0.0598398 -0.991629
    outer loop
      vertex 53.6638 -11.9612 22.44
      vertex 54.3966 -12.96 22.2951
      vertex 53.2101 -12.96 22.4321
    endloop
  endfacet
  facet normal -0.114772 0.0614694 -0.991488
    outer loop
      vertex 53.7016 -11.88 22.4406
      vertex 54.0247 -11.88 22.4032
      vertex 53.6638 -11.9612 22.44
    endloop
  endfacet
  facet normal -0.164506 0.0354239 -0.98574
    outer loop
      vertex 83.0351 -13.5069 18.1046
      vertex 82.9204 -14.04 18.1046
      vertex 80.6379 -14.04 18.4855
    endloop
  endfacet
  facet normal -0.16507 0.0380965 -0.985546
    outer loop
      vertex 80.2925 -12.96 18.5851
      vertex 83.0351 -13.5069 18.1046
      vertex 80.6379 -14.04 18.4855
    endloop
  endfacet
  facet normal -0.16507 0.0380957 -0.985546
    outer loop
      vertex 83.0351 -13.5069 18.1046
      vertex 80.2925 -12.96 18.5851
      vertex 83.1614 -12.96 18.1046
    endloop
  endfacet
  facet normal -0.157663 0.0405677 -0.986659
    outer loop
      vertex 80.2925 -12.96 18.5851
      vertex 80.6379 -14.04 18.4855
      vertex 75.4633 -14.04 19.3123
    endloop
  endfacet
  facet normal -0.158205 0.0431227 -0.986464
    outer loop
      vertex 80.2925 -12.96 18.5851
      vertex 75.4633 -14.04 19.3123
      vertex 75.1005 -12.96 19.4177
    endloop
  endfacet
  facet normal -0.149994 0.0459934 -0.987617
    outer loop
      vertex 75.1005 -12.96 19.4177
      vertex 75.4633 -14.04 19.3123
      vertex 70.2978 -14.04 20.0969
    endloop
  endfacet
  facet normal -0.150513 0.0484223 -0.987422
    outer loop
      vertex 75.1005 -12.96 19.4177
      vertex 70.2978 -14.04 20.0969
      vertex 69.9177 -12.96 20.2078
    endloop
  endfacet
  facet normal -0.141574 0.0516874 -0.988577
    outer loop
      vertex 69.9177 -12.96 20.2078
      vertex 70.2978 -14.04 20.0969
      vertex 65.1389 -14.04 20.8357
    endloop
  endfacet
  facet normal -0.142067 0.0539832 -0.988384
    outer loop
      vertex 69.9177 -12.96 20.2078
      vertex 65.1389 -14.04 20.8357
      vertex 64.7414 -12.96 20.9518
    endloop
  endfacet
  facet normal -0.132688 0.0575536 -0.989485
    outer loop
      vertex 64.7414 -12.96 20.9518
      vertex 65.1389 -14.04 20.8357
      vertex 59.9834 -14.04 21.527
    endloop
  endfacet
  facet normal -0.133154 0.059709 -0.989295
    outer loop
      vertex 64.7414 -12.96 20.9518
      vertex 59.9834 -14.04 21.527
      vertex 59.5686 -12.96 21.648
    endloop
  endfacet
  facet normal -0.123449 0.063551 -0.990314
    outer loop
      vertex 59.5686 -12.96 21.648
      vertex 59.9834 -14.04 21.527
      vertex 54.8288 -14.04 22.1696
    endloop
  endfacet
  facet normal -0.123887 0.0655648 -0.990128
    outer loop
      vertex 59.5686 -12.96 21.648
      vertex 54.8288 -14.04 22.1696
      vertex 54.3966 -12.96 22.2951
    endloop
  endfacet
  facet normal -0.113922 0.0696587 -0.991045
    outer loop
      vertex 54.8288 -14.04 22.1696
      vertex 53.0416 -13.2699 22.4291
      vertex 54.3966 -12.96 22.2951
    endloop
  endfacet
  facet normal -0.113922 0.069659 -0.991045
    outer loop
      vertex 53.0416 -13.2699 22.4291
      vertex 54.8288 -14.04 22.1696
      vertex 52.6328 -14.04 22.422
    endloop
  endfacet
  facet normal -0.114331 0.0715263 -0.990864
    outer loop
      vertex 53.2101 -12.96 22.4321
      vertex 54.3966 -12.96 22.2951
      vertex 53.0416 -13.2699 22.4291
    endloop
  endfacet
  facet normal -0.163803 0.0408537 -0.985647
    outer loop
      vertex 82.7345 -14.7365 18.1046
      vertex 82.6388 -15.12 18.1046
      vertex 81.0339 -15.12 18.3713
    endloop
  endfacet
  facet normal -0.164451 0.0438928 -0.985408
    outer loop
      vertex 80.6379 -14.04 18.4855
      vertex 82.7345 -14.7365 18.1046
      vertex 81.0339 -15.12 18.3713
    endloop
  endfacet
  facet normal -0.164451 0.0438929 -0.985408
    outer loop
      vertex 82.7345 -14.7365 18.1046
      vertex 80.6379 -14.04 18.4855
      vertex 82.9204 -14.04 18.1046
    endloop
  endfacet
  facet normal -0.156975 0.046749 -0.986496
    outer loop
      vertex 80.6379 -14.04 18.4855
      vertex 81.0339 -15.12 18.3713
      vertex 75.8793 -15.12 19.1915
    endloop
  endfacet
  facet normal -0.157598 0.0496553 -0.986254
    outer loop
      vertex 80.6379 -14.04 18.4855
      vertex 75.8793 -15.12 19.1915
      vertex 75.4633 -14.04 19.3123
    endloop
  endfacet
  facet normal -0.149323 0.0529672 -0.987369
    outer loop
      vertex 75.4633 -14.04 19.3123
      vertex 75.8793 -15.12 19.1915
      vertex 70.7337 -15.12 19.9697
    endloop
  endfacet
  facet normal -0.14992 0.0557255 -0.987127
    outer loop
      vertex 75.4633 -14.04 19.3123
      vertex 70.7337 -15.12 19.9697
      vertex 70.2978 -14.04 20.0969
    endloop
  endfacet
  facet normal -0.140923 0.0594867 -0.988232
    outer loop
      vertex 70.2978 -14.04 20.0969
      vertex 70.7337 -15.12 19.9697
      vertex 65.5947 -15.12 20.7025
    endloop
  endfacet
  facet normal -0.14149 0.0620913 -0.987991
    outer loop
      vertex 70.2978 -14.04 20.0969
      vertex 65.5947 -15.12 20.7025
      vertex 65.1389 -14.04 20.8357
    endloop
  endfacet
  facet normal -0.132059 0.066199 -0.989029
    outer loop
      vertex 65.1389 -14.04 20.8357
      vertex 65.5947 -15.12 20.7025
      vertex 60.459 -15.12 21.3882
    endloop
  endfacet
  facet normal -0.132595 0.0686436 -0.98879
    outer loop
      vertex 65.1389 -14.04 20.8357
      vertex 60.459 -15.12 21.3882
      vertex 59.9834 -14.04 21.527
    endloop
  endfacet
  facet normal -0.122844 0.0730591 -0.989733
    outer loop
      vertex 59.9834 -14.04 21.527
      vertex 60.459 -15.12 21.3882
      vertex 55.3243 -15.12 22.0256
    endloop
  endfacet
  facet normal -0.123347 0.0753396 -0.9895
    outer loop
      vertex 59.9834 -14.04 21.527
      vertex 55.3243 -15.12 22.0256
      vertex 54.8288 -14.04 22.1696
    endloop
  endfacet
  facet normal -0.113342 0.0800402 -0.990327
    outer loop
      vertex 55.3243 -15.12 22.0256
      vertex 52.2577 -14.6387 22.4154
      vertex 54.8288 -14.04 22.1696
    endloop
  endfacet
  facet normal -0.113342 0.0800394 -0.990327
    outer loop
      vertex 52.2577 -14.6387 22.4154
      vertex 55.3243 -15.12 22.0256
      vertex 51.9627 -15.12 22.4103
    endloop
  endfacet
  facet normal -0.113813 0.0821582 -0.990099
    outer loop
      vertex 52.6328 -14.04 22.422
      vertex 54.8288 -14.04 22.1696
      vertex 52.2577 -14.6387 22.4154
    endloop
  endfacet
  facet normal -0.162996 0.0465953 -0.985526
    outer loop
      vertex 82.3711 -15.9966 18.1046
      vertex 82.3129 -16.2 18.1046
      vertex 81.4826 -16.2 18.2419
    endloop
  endfacet
  facet normal -0.163734 0.0500126 -0.985236
    outer loop
      vertex 81.0339 -15.12 18.3713
      vertex 82.3711 -15.9966 18.1046
      vertex 81.4826 -16.2 18.2419
    endloop
  endfacet
  facet normal -0.163735 0.0500119 -0.985236
    outer loop
      vertex 82.3711 -15.9966 18.1046
      vertex 81.0339 -15.12 18.3713
      vertex 82.6388 -15.12 18.1046
    endloop
  endfacet
  facet normal -0.156186 0.0532752 -0.98629
    outer loop
      vertex 81.0339 -15.12 18.3713
      vertex 81.4826 -16.2 18.2419
      vertex 76.3506 -16.2 19.0546
    endloop
  endfacet
  facet normal -0.156895 0.0565387 -0.985996
    outer loop
      vertex 81.0339 -15.12 18.3713
      vertex 76.3506 -16.2 19.0546
      vertex 75.8793 -15.12 19.1915
    endloop
  endfacet
  facet normal -0.148554 0.0603144 -0.987063
    outer loop
      vertex 75.8793 -15.12 19.1915
      vertex 76.3506 -16.2 19.0546
      vertex 71.2276 -16.2 19.8256
    endloop
  endfacet
  facet normal -0.149232 0.0634107 -0.986767
    outer loop
      vertex 75.8793 -15.12 19.1915
      vertex 71.2276 -16.2 19.8256
      vertex 70.7337 -15.12 19.9697
    endloop
  endfacet
  facet normal -0.140176 0.0676914 -0.98781
    outer loop
      vertex 70.7337 -15.12 19.9697
      vertex 71.2276 -16.2 19.8256
      vertex 66.1111 -16.2 20.5517
    endloop
  endfacet
  facet normal -0.14082 0.0706091 -0.987514
    outer loop
      vertex 70.7337 -15.12 19.9697
      vertex 66.1111 -16.2 20.5517
      vertex 65.5947 -15.12 20.7025
    endloop
  endfacet
  facet normal -0.131337 0.0752782 -0.988476
    outer loop
      vertex 65.5947 -15.12 20.7025
      vertex 66.1111 -16.2 20.5517
      vertex 60.998 -16.2 21.231
    endloop
  endfacet
  facet normal -0.131946 0.0780154 -0.988182
    outer loop
      vertex 65.5947 -15.12 20.7025
      vertex 60.998 -16.2 21.231
      vertex 60.459 -15.12 21.3882
    endloop
  endfacet
  facet normal -0.122148 0.0830286 -0.989033
    outer loop
      vertex 60.459 -15.12 21.3882
      vertex 60.998 -16.2 21.231
      vertex 55.8857 -16.2 21.8624
    endloop
  endfacet
  facet normal -0.122721 0.0855813 -0.988744
    outer loop
      vertex 60.459 -15.12 21.3882
      vertex 55.8857 -16.2 21.8624
      vertex 55.3243 -15.12 22.0256
    endloop
  endfacet
  facet normal -0.112676 0.0909118 -0.989464
    outer loop
      vertex 55.8857 -16.2 21.8624
      vertex 51.2758 -16.081 22.3983
      vertex 55.3243 -15.12 22.0256
    endloop
  endfacet
  facet normal -0.112676 0.0909085 -0.989464
    outer loop
      vertex 51.2758 -16.081 22.3983
      vertex 55.8857 -16.2 21.8624
      vertex 51.1925 -16.2 22.3968
    endloop
  endfacet
  facet normal -0.113211 0.0932745 -0.989183
    outer loop
      vertex 51.9627 -15.12 22.4103
      vertex 55.3243 -15.12 22.0256
      vertex 51.2758 -16.081 22.3983
    endloop
  endfacet
  facet normal -0.162914 0.0564211 -0.985026
    outer loop
      vertex 82.3129 -16.2 18.1046
      vertex 81.9588 -17.2224 18.1046
      vertex 81.4826 -16.2 18.2419
    endloop
  endfacet
  facet normal -0.155286 0.06011 -0.986039
    outer loop
      vertex 81.9365 -17.28 18.1046
      vertex 81.4826 -16.2 18.2419
      vertex 81.9588 -17.2224 18.1046
    endloop
  endfacet
  facet normal -0.15529 0.0601083 -0.986039
    outer loop
      vertex 81.4826 -16.2 18.2419
      vertex 81.9365 -17.28 18.1046
      vertex 76.879 -17.28 18.9011
    endloop
  endfacet
  facet normal -0.15609 0.0637331 -0.985685
    outer loop
      vertex 81.4826 -16.2 18.2419
      vertex 76.879 -17.28 18.9011
      vertex 76.3506 -16.2 19.0546
    endloop
  endfacet
  facet normal -0.14768 0.0679911 -0.986695
    outer loop
      vertex 76.3506 -16.2 19.0546
      vertex 76.879 -17.28 18.9011
      vertex 71.7813 -17.28 19.6641
    endloop
  endfacet
  facet normal -0.148445 0.071427 -0.986338
    outer loop
      vertex 76.3506 -16.2 19.0546
      vertex 71.7813 -17.28 19.6641
      vertex 71.2276 -16.2 19.8256
    endloop
  endfacet
  facet normal -0.139328 0.0762458 -0.987307
    outer loop
      vertex 71.2276 -16.2 19.8256
      vertex 71.7813 -17.28 19.6641
      vertex 66.69 -17.28 20.3825
    endloop
  endfacet
  facet normal -0.140054 0.0794799 -0.986949
    outer loop
      vertex 71.2276 -16.2 19.8256
      vertex 66.69 -17.28 20.3825
      vertex 66.1111 -16.2 20.5517
    endloop
  endfacet
  facet normal -0.130516 0.0847288 -0.987819
    outer loop
      vertex 66.1111 -16.2 20.5517
      vertex 66.69 -17.28 20.3825
      vertex 61.6021 -17.28 21.0548
    endloop
  endfacet
  facet normal -0.131202 0.0877587 -0.987464
    outer loop
      vertex 66.1111 -16.2 20.5517
      vertex 61.6021 -17.28 21.0548
      vertex 60.998 -16.2 21.231
    endloop
  endfacet
  facet normal -0.121358 0.093387 -0.988206
    outer loop
      vertex 60.998 -16.2 21.231
      vertex 61.6021 -17.28 21.0548
      vertex 56.5151 -17.28 21.6795
    endloop
  endfacet
  facet normal -0.122003 0.0962093 -0.987856
    outer loop
      vertex 60.998 -16.2 21.231
      vertex 56.5151 -17.28 21.6795
      vertex 55.8857 -16.2 21.8624
    endloop
  endfacet
  facet normal -0.111919 0.102186 -0.988449
    outer loop
      vertex 55.8857 -16.2 21.8624
      vertex 56.5151 -17.28 21.6795
      vertex 51.4289 -17.28 22.2554
    endloop
  endfacet
  facet normal -0.112522 0.104796 -0.988108
    outer loop
      vertex 51.4289 -17.28 22.2554
      vertex 51.1925 -16.2 22.3968
      vertex 55.8857 -16.2 21.8624
    endloop
  endfacet
  facet normal -0.112523 0.104796 -0.988107
    outer loop
      vertex 51.1925 -16.2 22.3968
      vertex 51.4289 -17.28 22.2554
      vertex 50.9536 -16.4958 22.3927
    endloop
  endfacet
  facet normal -0.102247 0.1111 -0.988535
    outer loop
      vertex 50.9536 -16.4958 22.3927
      vertex 51.4289 -17.28 22.2554
      vertex 50.2246 -17.28 22.3799
    endloop
  endfacet
  facet normal -0.154283 0.0672104 -0.985738
    outer loop
      vertex 78.725 -18.36 18.5335
      vertex 81.9305 -17.2932 18.1046
      vertex 81.6226 -18 18.1046
    endloop
  endfacet
  facet normal -0.154282 0.0672075 -0.985738
    outer loop
      vertex 81.9305 -17.2932 18.1046
      vertex 78.725 -18.36 18.5335
      vertex 77.4656 -18.36 18.7306
    endloop
  endfacet
  facet normal -0.155176 0.0711955 -0.985318
    outer loop
      vertex 76.879 -17.28 18.9011
      vertex 81.9305 -17.2932 18.1046
      vertex 77.4656 -18.36 18.7306
    endloop
  endfacet
  facet normal -0.155177 0.0711713 -0.98532
    outer loop
      vertex 81.9305 -17.2932 18.1046
      vertex 76.879 -17.28 18.9011
      vertex 81.9365 -17.28 18.1046
    endloop
  endfacet
  facet normal -0.146698 0.0759498 -0.986261
    outer loop
      vertex 76.879 -17.28 18.9011
      vertex 77.4656 -18.36 18.7306
      vertex 72.396 -18.36 19.4847
    endloop
  endfacet
  facet normal -0.147552 0.0797248 -0.985836
    outer loop
      vertex 76.879 -17.28 18.9011
      vertex 72.396 -18.36 19.4847
      vertex 71.7813 -17.28 19.6641
    endloop
  endfacet
  facet normal -0.138374 0.0850951 -0.986718
    outer loop
      vertex 71.7813 -17.28 19.6641
      vertex 72.396 -18.36 19.4847
      vertex 67.3328 -18.36 20.1948
    endloop
  endfacet
  facet normal -0.139185 0.0886448 -0.986291
    outer loop
      vertex 71.7813 -17.28 19.6641
      vertex 67.3328 -18.36 20.1948
      vertex 66.69 -17.28 20.3825
    endloop
  endfacet
  facet normal -0.129594 0.0944856 -0.987055
    outer loop
      vertex 66.69 -17.28 20.3825
      vertex 67.3328 -18.36 20.1948
      vertex 62.2729 -18.36 20.8591
    endloop
  endfacet
  facet normal -0.130359 0.0978037 -0.986631
    outer loop
      vertex 66.69 -17.28 20.3825
      vertex 62.2729 -18.36 20.8591
      vertex 61.6021 -17.28 21.0548
    endloop
  endfacet
  facet normal -0.120469 0.104058 -0.987248
    outer loop
      vertex 61.6021 -17.28 21.0548
      vertex 62.2729 -18.36 20.8591
      vertex 57.2139 -18.36 21.4764
    endloop
  endfacet
  facet normal -0.121189 0.107146 -0.98683
    outer loop
      vertex 61.6021 -17.28 21.0548
      vertex 57.2139 -18.36 21.4764
      vertex 56.5151 -17.28 21.6795
    endloop
  endfacet
  facet normal -0.111068 0.113778 -0.987278
    outer loop
      vertex 56.5151 -17.28 21.6795
      vertex 57.2139 -18.36 21.4764
      vertex 52.1557 -18.36 22.0455
    endloop
  endfacet
  facet normal -0.111741 0.116632 -0.986869
    outer loop
      vertex 56.5151 -17.28 21.6795
      vertex 52.1557 -18.36 22.0455
      vertex 51.4289 -17.28 22.2554
    endloop
  endfacet
  facet normal -0.101437 0.123616 -0.987132
    outer loop
      vertex 52.1557 -18.36 22.0455
      vertex 49.7928 -17.688 22.3724
      vertex 51.4289 -17.28 22.2554
    endloop
  endfacet
  facet normal -0.101438 0.123614 -0.987132
    outer loop
      vertex 49.7928 -17.688 22.3724
      vertex 52.1557 -18.36 22.0455
      vertex 49.0928 -18.36 22.3602
    endloop
  endfacet
  facet normal -0.102061 0.126231 -0.986737
    outer loop
      vertex 50.2246 -17.28 22.3799
      vertex 51.4289 -17.28 22.2554
      vertex 49.7928 -17.688 22.3724
    endloop
  endfacet
  facet normal -0.15415 0.078877 -0.984894
    outer loop
      vertex 78.725 -18.36 18.5335
      vertex 77.5519 -18.5044 18.7056
      vertex 77.4656 -18.36 18.7306
    endloop
  endfacet
  facet normal -0.145601 0.0841368 -0.985759
    outer loop
      vertex 77.4656 -18.36 18.7306
      vertex 77.5519 -18.5044 18.7056
      vertex 76.2796 -18.6516 18.8809
    endloop
  endfacet
  facet normal -0.146549 0.0882429 -0.98526
    outer loop
      vertex 72.396 -18.36 19.4847
      vertex 76.2796 -18.6516 18.8809
      vertex 72.8294 -19.0521 19.3582
    endloop
  endfacet
  facet normal -0.146549 0.0882478 -0.985259
    outer loop
      vertex 76.2796 -18.6516 18.8809
      vertex 72.396 -18.36 19.4847
      vertex 77.4656 -18.36 18.7306
    endloop
  endfacet
  facet normal -0.13731 0.0941722 -0.986041
    outer loop
      vertex 69.2444 -19.44 19.8204
      vertex 72.396 -18.36 19.4847
      vertex 72.8294 -19.0521 19.3582
    endloop
  endfacet
  facet normal -0.13731 0.0941721 -0.986041
    outer loop
      vertex 72.396 -18.36 19.4847
      vertex 69.2444 -19.44 19.8204
      vertex 68.04 -19.44 19.9881
    endloop
  endfacet
  facet normal -0.138208 0.0980315 -0.98554
    outer loop
      vertex 72.396 -18.36 19.4847
      vertex 68.04 -19.44 19.9881
      vertex 67.3328 -18.36 20.1948
    endloop
  endfacet
  facet normal -0.128564 0.10447 -0.986183
    outer loop
      vertex 67.3328 -18.36 20.1948
      vertex 68.04 -19.44 19.9881
      vertex 63.011 -19.44 20.6438
    endloop
  endfacet
  facet normal -0.129413 0.108076 -0.985683
    outer loop
      vertex 67.3328 -18.36 20.1948
      vertex 63.011 -19.44 20.6438
      vertex 62.2729 -18.36 20.8591
    endloop
  endfacet
  facet normal -0.119479 0.11496 -0.986159
    outer loop
      vertex 62.2729 -18.36 20.8591
      vertex 63.011 -19.44 20.6438
      vertex 57.9828 -19.44 21.253
    endloop
  endfacet
  facet normal -0.120276 0.118306 -0.985666
    outer loop
      vertex 62.2729 -18.36 20.8591
      vertex 57.9828 -19.44 21.253
      vertex 57.2139 -18.36 21.4764
    endloop
  endfacet
  facet normal -0.11012 0.125595 -0.985951
    outer loop
      vertex 57.2139 -18.36 21.4764
      vertex 57.9828 -19.44 21.253
      vertex 52.9554 -19.44 21.8145
    endloop
  endfacet
  facet normal -0.110865 0.128681 -0.98547
    outer loop
      vertex 57.2139 -18.36 21.4764
      vertex 52.9554 -19.44 21.8145
      vertex 52.1557 -18.36 22.0455
    endloop
  endfacet
  facet normal -0.100536 0.136346 -0.985547
    outer loop
      vertex 52.1557 -18.36 22.0455
      vertex 52.9554 -19.44 21.8145
      vertex 47.9283 -19.44 22.3273
    endloop
  endfacet
  facet normal -0.101227 0.139173 -0.985081
    outer loop
      vertex 47.9283 -19.44 22.3273
      vertex 49.0928 -18.36 22.3602
      vertex 52.1557 -18.36 22.0455
    endloop
  endfacet
  facet normal -0.101222 0.139168 -0.985082
    outer loop
      vertex 49.0928 -18.36 22.3602
      vertex 47.9283 -19.44 22.3273
      vertex 47.8869 -19.3861 22.3391
    endloop
  endfacet
  facet normal -0.090782 0.147165 -0.984937
    outer loop
      vertex 47.8869 -19.3861 22.3391
      vertex 47.9283 -19.44 22.3273
      vertex 47.8134 -19.44 22.3379
    endloop
  endfacet
  facet normal -0.137122 0.107577 -0.984695
    outer loop
      vertex 69.2444 -19.44 19.8204
      vertex 68.1256 -19.5598 19.9631
      vertex 68.04 -19.44 19.9881
    endloop
  endfacet
  facet normal -0.127427 0.114611 -0.985204
    outer loop
      vertex 68.04 -19.44 19.9881
      vertex 68.1256 -19.5598 19.9631
      vertex 67.2222 -19.6491 20.0696
    endloop
  endfacet
  facet normal -0.128361 0.118493 -0.984623
    outer loop
      vertex 63.011 -19.44 20.6438
      vertex 67.2222 -19.6491 20.0696
      vertex 63.4467 -20.0243 20.5166
    endloop
  endfacet
  facet normal -0.128361 0.118488 -0.984624
    outer loop
      vertex 67.2222 -19.6491 20.0696
      vertex 63.011 -19.44 20.6438
      vertex 68.04 -19.44 19.9881
    endloop
  endfacet
  facet normal -0.118385 0.126002 -0.984941
    outer loop
      vertex 63.011 -19.44 20.6438
      vertex 63.4467 -20.0243 20.5166
      vertex 59.2683 -20.4049 20.9702
    endloop
  endfacet
  facet normal -0.119263 0.129596 -0.984368
    outer loop
      vertex 57.9828 -19.44 21.253
      vertex 59.2683 -20.4049 20.9702
      vertex 58.768 -20.4507 21.0248
    endloop
  endfacet
  facet normal -0.119262 0.129598 -0.984368
    outer loop
      vertex 59.2683 -20.4049 20.9702
      vertex 57.9828 -19.44 21.253
      vertex 63.011 -19.44 20.6438
    endloop
  endfacet
  facet normal -0.109074 0.137536 -0.984473
    outer loop
      vertex 57.9354 -20.52 21.1073
      vertex 57.9828 -19.44 21.253
      vertex 58.768 -20.4507 21.0248
    endloop
  endfacet
  facet normal -0.109073 0.137536 -0.984473
    outer loop
      vertex 57.9828 -19.44 21.253
      vertex 57.9354 -20.52 21.1073
      vertex 53.8281 -20.52 21.5624
    endloop
  endfacet
  facet normal -0.109893 0.140848 -0.983913
    outer loop
      vertex 57.9828 -19.44 21.253
      vertex 53.8281 -20.52 21.5624
      vertex 52.9554 -19.44 21.8145
    endloop
  endfacet
  facet normal -0.0995408 0.149183 -0.983787
    outer loop
      vertex 52.9554 -19.44 21.8145
      vertex 53.8281 -20.52 21.5624
      vertex 48.8346 -20.52 22.0676
    endloop
  endfacet
  facet normal -0.100301 0.15221 -0.983246
    outer loop
      vertex 52.9554 -19.44 21.8145
      vertex 48.8346 -20.52 22.0676
      vertex 47.9283 -19.44 22.3273
    endloop
  endfacet
  facet normal -0.0898348 0.160903 -0.982873
    outer loop
      vertex 48.8346 -20.52 22.0676
      vertex 47.7362 -19.4908 22.3365
      vertex 47.9283 -19.44 22.3273
    endloop
  endfacet
  facet normal -0.0898388 0.160899 -0.982874
    outer loop
      vertex 47.7362 -19.4908 22.3365
      vertex 48.8346 -20.52 22.0676
      vertex 46.1885 -20.52 22.3095
    endloop
  endfacet
  facet normal -0.0905435 0.163679 -0.98235
    outer loop
      vertex 47.8134 -19.44 22.3379
      vertex 47.9283 -19.44 22.3273
      vertex 47.7362 -19.4908 22.3365
    endloop
  endfacet
  facet normal -0.108823 0.15303 -0.982211
    outer loop
      vertex 57.9354 -20.52 21.1073
      vertex 54.1037 -20.8351 21.4828
      vertex 53.8281 -20.52 21.5624
    endloop
  endfacet
  facet normal -0.0984537 0.162015 -0.981864
    outer loop
      vertex 53.8281 -20.52 21.5624
      vertex 54.1037 -20.8351 21.4828
      vertex 52.1102 -20.9824 21.6583
    endloop
  endfacet
  facet normal -0.0992833 0.165229 -0.981245
    outer loop
      vertex 48.8346 -20.52 22.0676
      vertex 52.1102 -20.9824 21.6583
      vertex 49.4357 -21.1814 21.8954
    endloop
  endfacet
  facet normal -0.0992837 0.165227 -0.981246
    outer loop
      vertex 52.1102 -20.9824 21.6583
      vertex 48.8346 -20.52 22.0676
      vertex 53.8281 -20.52 21.5624
    endloop
  endfacet
  facet normal -0.0888153 0.174581 -0.980629
    outer loop
      vertex 48.8346 -20.52 22.0676
      vertex 49.4357 -21.1814 21.8954
      vertex 45.4252 -21.4466 22.2115
    endloop
  endfacet
  facet normal -0.0895796 0.177485 -0.980038
    outer loop
      vertex 45.4252 -21.4466 22.2115
      vertex 46.1885 -20.52 22.3095
      vertex 48.8346 -20.52 22.0676
    endloop
  endfacet
  facet normal -0.0895809 0.177488 -0.980037
    outer loop
      vertex 44.6912 -21.42 22.2834
      vertex 45.4252 -21.4466 22.2115
      vertex 44.7582 -21.491 22.2644
    endloop
  endfacet
  facet normal -0.089581 0.177486 -0.980038
    outer loop
      vertex 45.4252 -21.4466 22.2115
      vertex 44.6912 -21.42 22.2834
      vertex 46.1885 -20.52 22.3095
    endloop
  endfacet
  facet normal -0.0788728 0.187335 -0.979124
    outer loop
      vertex 44.6912 -21.42 22.2834
      vertex 44.7582 -21.491 22.2644
      vertex 44.5262 -21.5045 22.2805
    endloop
  endfacet
  facet normal 0.221305 -0.000415659 0.975205
    outer loop
      vertex 108.818 -0.0545067 18.1046
      vertex 103.282 -1.2 19.3604
      vertex 108.816 -1.2 18.1046
    endloop
  endfacet
  facet normal 0.221316 -0.00046467 0.975202
    outer loop
      vertex 103.276 4.29928e-015 19.3622
      vertex 108.818 -0.0545067 18.1046
      vertex 108.818 4.02002e-015 18.1046
    endloop
  endfacet
  facet normal 0.221316 -0.000473912 0.975202
    outer loop
      vertex 108.818 -0.0545067 18.1046
      vertex 103.276 4.29928e-015 19.3622
      vertex 103.282 -1.2 19.3604
    endloop
  endfacet
  facet normal 0.216907 -0.000495077 0.976192
    outer loop
      vertex 103.276 4.29928e-015 19.3622
      vertex 97.501 -1.2 20.6449
      vertex 103.282 -1.2 19.3604
    endloop
  endfacet
  facet normal 0.216919 -0.000556396 0.976189
    outer loop
      vertex 103.276 4.29928e-015 19.3622
      vertex 97.4953 4.58451e-015 20.6468
      vertex 97.501 -1.2 20.6449
    endloop
  endfacet
  facet normal 0.211124 -0.000585825 0.977459
    outer loop
      vertex 97.4953 4.58451e-015 20.6468
      vertex 91.737 -1.2 21.8898
      vertex 97.501 -1.2 20.6449
    endloop
  endfacet
  facet normal 0.211135 -0.000641462 0.977457
    outer loop
      vertex 97.4953 4.58451e-015 20.6468
      vertex 91.731 4.86098e-015 21.8919
      vertex 91.737 -1.2 21.8898
    endloop
  endfacet
  facet normal 0.204091 -0.000679259 0.978952
    outer loop
      vertex 91.731 4.86098e-015 21.8919
      vertex 85.9851 -1.2 23.089
      vertex 91.737 -1.2 21.8898
    endloop
  endfacet
  facet normal 0.204102 -0.000735174 0.978949
    outer loop
      vertex 91.731 4.86098e-015 21.8919
      vertex 85.9788 5.12728e-015 23.0912
      vertex 85.9851 -1.2 23.089
    endloop
  endfacet
  facet normal 0.195922 -0.000781327 0.980619
    outer loop
      vertex 85.9788 5.12728e-015 23.0912
      vertex 80.2449 -1.2 24.2359
      vertex 85.9851 -1.2 23.089
    endloop
  endfacet
  facet normal 0.195932 -0.000834622 0.980617
    outer loop
      vertex 85.9788 5.12728e-015 23.0912
      vertex 80.2383 5.38196e-015 24.2382
      vertex 80.2449 -1.2 24.2359
    endloop
  endfacet
  facet normal 0.186749 -0.000888861 0.982407
    outer loop
      vertex 80.2383 5.38196e-015 24.2382
      vertex 74.5149 -1.2 25.3251
      vertex 80.2449 -1.2 24.2359
    endloop
  endfacet
  facet normal 0.186759 -0.000940426 0.982405
    outer loop
      vertex 80.2383 5.38196e-015 24.2382
      vertex 74.508 5.62385e-015 25.3276
      vertex 74.5149 -1.2 25.3251
    endloop
  endfacet
  facet normal 0.176656 -0.00100278 0.984272
    outer loop
      vertex 74.508 5.62385e-015 25.3276
      vertex 68.7924 -1.2 26.3521
      vertex 74.5149 -1.2 25.3251
    endloop
  endfacet
  facet normal 0.176666 -0.00105098 0.98427
    outer loop
      vertex 74.508 5.62385e-015 25.3276
      vertex 68.7852 5.85193e-015 26.3547
      vertex 68.7924 -1.2 26.3521
    endloop
  endfacet
  facet normal 0.165982 -0.00111972 0.986128
    outer loop
      vertex 68.7852 5.85193e-015 26.3547
      vertex 63.074 -1.2 27.3147
      vertex 68.7924 -1.2 26.3521
    endloop
  endfacet
  facet normal 0.165991 -0.00116416 0.986127
    outer loop
      vertex 68.7852 5.85193e-015 26.3547
      vertex 63.0664 6.06567e-015 27.3174
      vertex 63.074 -1.2 27.3147
    endloop
  endfacet
  facet normal 0.154859 -0.00123858 0.987936
    outer loop
      vertex 63.0664 6.06567e-015 27.3174
      vertex 57.3567 -1.2 28.2109
      vertex 63.074 -1.2 27.3147
    endloop
  endfacet
  facet normal 0.154868 -0.00128245 0.987934
    outer loop
      vertex 63.0664 6.06567e-015 27.3174
      vertex 57.3488 6.26469e-015 28.2136
      vertex 57.3567 -1.2 28.2109
    endloop
  endfacet
  facet normal 0.143363 -0.00136224 0.989669
    outer loop
      vertex 57.3488 6.26469e-015 28.2136
      vertex 51.6406 -1.2 29.0389
      vertex 57.3567 -1.2 28.2109
    endloop
  endfacet
  facet normal 0.143371 -0.00140301 0.989668
    outer loop
      vertex 57.3488 6.26469e-015 28.2136
      vertex 51.6323 6.44857e-015 29.0418
      vertex 51.6406 -1.2 29.0389
    endloop
  endfacet
  facet normal 0.131547 -0.00148792 0.991309
    outer loop
      vertex 51.6323 6.44857e-015 29.0418
      vertex 45.9251 -1.2 29.7973
      vertex 51.6406 -1.2 29.0389
    endloop
  endfacet
  facet normal 0.131555 -0.00152364 0.991308
    outer loop
      vertex 51.6323 6.44857e-015 29.0418
      vertex 45.9165 6.617e-015 29.8003
      vertex 45.9251 -1.2 29.7973
    endloop
  endfacet
  facet normal 0.11947 -0.00161341 0.992836
    outer loop
      vertex 45.9165 6.617e-015 29.8003
      vertex 40.212 -1.2 30.4848
      vertex 45.9251 -1.2 29.7973
    endloop
  endfacet
  facet normal 0.119478 -0.00164849 0.992836
    outer loop
      vertex 45.9165 6.617e-015 29.8003
      vertex 40.2031 6.76966e-015 30.4879
      vertex 40.212 -1.2 30.4848
    endloop
  endfacet
  facet normal 0.106942 -0.00174458 0.994264
    outer loop
      vertex 40.2031 6.76966e-015 30.4879
      vertex 34.5019 -1.2 31.099
      vertex 40.212 -1.2 30.4848
    endloop
  endfacet
  facet normal 0.106949 -0.00177478 0.994263
    outer loop
      vertex 40.2031 6.76966e-015 30.4879
      vertex 34.4928 6.90605e-015 31.1021
      vertex 34.5019 -1.2 31.099
    endloop
  endfacet
  facet normal 0.0939056 -0.00187785 0.995579
    outer loop
      vertex 34.4928 6.90605e-015 31.1021
      vertex 28.7978 -1.2 31.637
      vertex 34.5019 -1.2 31.099
    endloop
  endfacet
  facet normal 0.0939117 -0.00190697 0.995579
    outer loop
      vertex 34.4928 6.90605e-015 31.1021
      vertex 28.7883 7.02553e-015 31.6402
      vertex 28.7978 -1.2 31.637
    endloop
  endfacet
  facet normal 0.0802745 -0.0020179 0.996771
    outer loop
      vertex 28.7883 7.02553e-015 31.6402
      vertex 23.1024 -1.2 32.0957
      vertex 28.7978 -1.2 31.637
    endloop
  endfacet
  facet normal 0.0802793 -0.00204104 0.99677
    outer loop
      vertex 28.7883 7.02553e-015 31.6402
      vertex 23.0926 7.12739e-015 32.0989
      vertex 23.1024 -1.2 32.0957
    endloop
  endfacet
  facet normal 0.0658031 -0.0021621 0.99783
    outer loop
      vertex 23.0926 7.12739e-015 32.0989
      vertex 17.4168 -1.2 32.4706
      vertex 23.1024 -1.2 32.0957
    endloop
  endfacet
  facet normal 0.0658075 -0.00218298 0.99783
    outer loop
      vertex 23.0926 7.12739e-015 32.0989
      vertex 17.4067 7.21066e-015 32.4739
      vertex 17.4168 -1.2 32.4706
    endloop
  endfacet
  facet normal 0.0504772 -0.00231459 0.998723
    outer loop
      vertex 17.4067 7.21066e-015 32.4739
      vertex 11.7414 -1.2 32.7575
      vertex 17.4168 -1.2 32.4706
    endloop
  endfacet
  facet normal 0.0504805 -0.0023299 0.998722
    outer loop
      vertex 17.4067 7.21066e-015 32.4739
      vertex 11.731 7.27436e-015 32.7608
      vertex 11.7414 -1.2 32.7575
    endloop
  endfacet
  facet normal 0.0342979 -0.0024724 0.999409
    outer loop
      vertex 11.731 7.27436e-015 32.7608
      vertex 6.07611 -1.2 32.9519
      vertex 11.7414 -1.2 32.7575
    endloop
  endfacet
  facet normal 0.0343007 -0.0024857 0.999408
    outer loop
      vertex 11.731 7.27436e-015 32.7608
      vertex 6.06538 7.31753e-015 32.9552
      vertex 6.07611 -1.2 32.9519
    endloop
  endfacet
  facet normal 0.0172183 -0.00263978 0.999848
    outer loop
      vertex 6.06538 7.31753e-015 32.9552
      vertex 0.425246 -1.2 33.0492
      vertex 6.07611 -1.2 32.9519
    endloop
  endfacet
  facet normal 0.01722 -0.00264798 0.999848
    outer loop
      vertex 6.06538 7.31753e-015 32.9552
      vertex 0.414195 7.33914e-015 33.0526
      vertex 0.425246 -1.2 33.0492
    endloop
  endfacet
  facet normal -0.00115636 -0.00281762 0.999995
    outer loop
      vertex 0.414195 7.33914e-015 33.0526
      vertex -5.20264 -1.2 33.0427
      vertex 0.425246 -1.2 33.0492
    endloop
  endfacet
  facet normal -0.00115494 -0.00282426 0.999995
    outer loop
      vertex 0.414195 7.33914e-015 33.0526
      vertex -5.214 7.3377e-015 33.0461
      vertex -5.20264 -1.2 33.0427
    endloop
  endfacet
  facet normal -0.0214844 -0.00301609 0.999765
    outer loop
      vertex -5.214 7.3377e-015 33.0461
      vertex -10.8013 -1.2 32.9224
      vertex -5.20264 -1.2 33.0427
    endloop
  endfacet
  facet normal -0.0214853 -0.00301209 0.999765
    outer loop
      vertex -5.214 7.3377e-015 33.0461
      vertex -10.8129 7.31098e-015 32.9257
      vertex -10.8013 -1.2 32.9224
    endloop
  endfacet
  facet normal -0.0437887 -0.00322695 0.999036
    outer loop
      vertex -10.8129 7.31098e-015 32.9257
      vertex -16.3693 -1.2 32.6783
      vertex -10.8013 -1.2 32.9224
    endloop
  endfacet
  facet normal -0.0437897 -0.00322232 0.999036
    outer loop
      vertex -10.8129 7.31098e-015 32.9257
      vertex -16.3813 7.25679e-015 32.6817
      vertex -16.3693 -1.2 32.6783
    endloop
  endfacet
  facet normal -0.0679996 -0.0034602 0.997679
    outer loop
      vertex -16.3813 7.25679e-015 32.6817
      vertex -21.9069 -1.2 32.3009
      vertex -16.3693 -1.2 32.6783
    endloop
  endfacet
  facet normal -0.0680027 -0.00344591 0.997679
    outer loop
      vertex -16.3813 7.25679e-015 32.6817
      vertex -21.9192 7.17297e-015 32.3042
      vertex -21.9069 -1.2 32.3009
    endloop
  endfacet
  facet normal -0.0941256 -0.00370749 0.995553
    outer loop
      vertex -21.9192 7.17297e-015 32.3042
      vertex -27.4113 -1.2 31.7805
      vertex -21.9069 -1.2 32.3009
    endloop
  endfacet
  facet normal -0.094129 -0.00369161 0.995553
    outer loop
      vertex -21.9192 7.17297e-015 32.3042
      vertex -27.4238 7.05741e-015 31.7837
      vertex -27.4113 -1.2 31.7805
    endloop
  endfacet
  facet normal -0.122337 -0.00397913 0.992481
    outer loop
      vertex -27.4238 7.05741e-015 31.7837
      vertex -32.8773 -1.2 31.1067
      vertex -27.4113 -1.2 31.7805
    endloop
  endfacet
  facet normal -0.122342 -0.00395331 0.99248
    outer loop
      vertex -27.4238 7.05741e-015 31.7837
      vertex -32.8902 6.90779e-015 31.1099
      vertex -32.8773 -1.2 31.1067
    endloop
  endfacet
  facet normal -0.152654 -0.00426771 0.98827
    outer loop
      vertex -37.2249 -0.962181 30.4362
      vertex -32.8773 -1.2 31.1067
      vertex -32.8902 6.90779e-015 31.1099
    endloop
  endfacet
  facet normal -0.152654 -0.00426564 0.988271
    outer loop
      vertex -32.8773 -1.2 31.1067
      vertex -37.2249 -0.962181 30.4362
      vertex -37.2239 -1.2 30.4353
    endloop
  endfacet
  facet normal -0.152661 -0.00423662 0.98827
    outer loop
      vertex -32.8902 6.90779e-015 31.1099
      vertex -37.229 6.75897e-015 30.4397
      vertex -37.2249 -0.962181 30.4362
    endloop
  endfacet
  facet normal 0.221278 -0.000931269 0.97521
    outer loop
      vertex 108.815 -1.25612 18.1046
      vertex 103.294 -2.4 19.3564
      vertex 108.811 -2.4 18.1046
    endloop
  endfacet
  facet normal 0.221305 -0.00105308 0.975204
    outer loop
      vertex 103.282 -1.2 19.3604
      vertex 108.815 -1.25612 18.1046
      vertex 108.816 -1.2 18.1046
    endloop
  endfacet
  facet normal 0.221304 -0.00106723 0.975204
    outer loop
      vertex 108.815 -1.25612 18.1046
      vertex 103.282 -1.2 19.3604
      vertex 103.294 -2.4 19.3564
    endloop
  endfacet
  facet normal 0.216881 -0.00111493 0.976197
    outer loop
      vertex 103.282 -1.2 19.3604
      vertex 97.5138 -2.4 20.6405
      vertex 103.294 -2.4 19.3564
    endloop
  endfacet
  facet normal 0.216907 -0.00124587 0.976192
    outer loop
      vertex 103.282 -1.2 19.3604
      vertex 97.501 -1.2 20.6449
      vertex 97.5138 -2.4 20.6405
    endloop
  endfacet
  facet normal 0.211098 -0.00131224 0.977464
    outer loop
      vertex 97.501 -1.2 20.6449
      vertex 91.7505 -2.4 21.8852
      vertex 97.5138 -2.4 20.6405
    endloop
  endfacet
  facet normal 0.211124 -0.00144346 0.977458
    outer loop
      vertex 97.501 -1.2 20.6449
      vertex 91.737 -1.2 21.8898
      vertex 91.7505 -2.4 21.8852
    endloop
  endfacet
  facet normal 0.204066 -0.0015285 0.978956
    outer loop
      vertex 91.737 -1.2 21.8898
      vertex 85.9993 -2.4 23.084
      vertex 91.7505 -2.4 21.8852
    endloop
  endfacet
  facet normal 0.204091 -0.00165208 0.978951
    outer loop
      vertex 91.737 -1.2 21.8898
      vertex 85.9851 -1.2 23.089
      vertex 85.9993 -2.4 23.084
    endloop
  endfacet
  facet normal 0.195897 -0.00175587 0.980623
    outer loop
      vertex 85.9851 -1.2 23.089
      vertex 80.2598 -2.4 24.2306
      vertex 85.9993 -2.4 23.084
    endloop
  endfacet
  facet normal 0.195921 -0.00187539 0.980618
    outer loop
      vertex 85.9851 -1.2 23.089
      vertex 80.2449 -1.2 24.2359
      vertex 80.2598 -2.4 24.2306
    endloop
  endfacet
  facet normal 0.186725 -0.00199745 0.98241
    outer loop
      vertex 80.2449 -1.2 24.2359
      vertex 74.5305 -2.4 25.3195
      vertex 80.2598 -2.4 24.2306
    endloop
  endfacet
  facet normal 0.186748 -0.00211157 0.982406
    outer loop
      vertex 80.2449 -1.2 24.2359
      vertex 74.5149 -1.2 25.3251
      vertex 74.5305 -2.4 25.3195
    endloop
  endfacet
  facet normal 0.176634 -0.00225178 0.984274
    outer loop
      vertex 74.5149 -1.2 25.3251
      vertex 68.8088 -2.4 26.3463
      vertex 74.5305 -2.4 25.3195
    endloop
  endfacet
  facet normal 0.176656 -0.00236135 0.98427
    outer loop
      vertex 74.5149 -1.2 25.3251
      vertex 68.7924 -1.2 26.3521
      vertex 68.8088 -2.4 26.3463
    endloop
  endfacet
  facet normal 0.165961 -0.0025158 0.986129
    outer loop
      vertex 68.7924 -1.2 26.3521
      vertex 63.091 -2.4 27.3086
      vertex 68.8088 -2.4 26.3463
    endloop
  endfacet
  facet normal 0.165982 -0.00261849 0.986125
    outer loop
      vertex 68.7924 -1.2 26.3521
      vertex 63.074 -1.2 27.3147
      vertex 63.091 -2.4 27.3086
    endloop
  endfacet
  facet normal 0.154839 -0.00278582 0.987936
    outer loop
      vertex 63.074 -1.2 27.3147
      vertex 57.3744 -2.4 28.2046
      vertex 63.091 -2.4 27.3086
    endloop
  endfacet
  facet normal 0.154858 -0.00288083 0.987932
    outer loop
      vertex 63.074 -1.2 27.3147
      vertex 57.3567 -1.2 28.2109
      vertex 57.3744 -2.4 28.2046
    endloop
  endfacet
  facet normal 0.143344 -0.0030602 0.989668
    outer loop
      vertex 57.3567 -1.2 28.2109
      vertex 51.659 -2.4 29.0324
      vertex 57.3744 -2.4 28.2046
    endloop
  endfacet
  facet normal 0.143362 -0.00314929 0.989665
    outer loop
      vertex 57.3567 -1.2 28.2109
      vertex 51.6406 -1.2 29.0389
      vertex 51.659 -2.4 29.0324
    endloop
  endfacet
  facet normal 0.131529 -0.00334019 0.991307
    outer loop
      vertex 51.6406 -1.2 29.0389
      vertex 45.9442 -2.4 29.7906
      vertex 51.659 -2.4 29.0324
    endloop
  endfacet
  facet normal 0.131547 -0.00342442 0.991304
    outer loop
      vertex 51.6406 -1.2 29.0389
      vertex 45.9251 -1.2 29.7973
      vertex 45.9442 -2.4 29.7906
    endloop
  endfacet
  facet normal 0.119454 -0.00362612 0.992833
    outer loop
      vertex 45.9251 -1.2 29.7973
      vertex 40.2319 -2.4 30.4779
      vertex 45.9442 -2.4 29.7906
    endloop
  endfacet
  facet normal 0.11947 -0.00370355 0.992831
    outer loop
      vertex 45.9251 -1.2 29.7973
      vertex 40.212 -1.2 30.4848
      vertex 40.2319 -2.4 30.4779
    endloop
  endfacet
  facet normal 0.106927 -0.00391949 0.994259
    outer loop
      vertex 40.212 -1.2 30.4848
      vertex 34.5225 -2.4 31.0919
      vertex 40.2319 -2.4 30.4779
    endloop
  endfacet
  facet normal 0.106942 -0.00398842 0.994257
    outer loop
      vertex 40.212 -1.2 30.4848
      vertex 34.5019 -1.2 31.099
      vertex 34.5225 -2.4 31.0919
    endloop
  endfacet
  facet normal 0.0938921 -0.00422006 0.995573
    outer loop
      vertex 34.5019 -1.2 31.099
      vertex 28.8191 -2.4 31.6298
      vertex 34.5225 -2.4 31.0919
    endloop
  endfacet
  facet normal 0.0939049 -0.00428155 0.995572
    outer loop
      vertex 34.5019 -1.2 31.099
      vertex 28.7978 -1.2 31.637
      vertex 28.8191 -2.4 31.6298
    endloop
  endfacet
  facet normal 0.0802621 -0.00453082 0.996763
    outer loop
      vertex 28.7978 -1.2 31.637
      vertex 23.1244 -2.4 32.0884
      vertex 28.8191 -2.4 31.6298
    endloop
  endfacet
  facet normal 0.0802738 -0.00458638 0.996762
    outer loop
      vertex 28.7978 -1.2 31.637
      vertex 23.1024 -1.2 32.0957
      vertex 23.1244 -2.4 32.0884
    endloop
  endfacet
  facet normal 0.0657926 -0.00485837 0.997821
    outer loop
      vertex 23.1024 -1.2 32.0957
      vertex 17.4395 -2.4 32.4632
      vertex 23.1244 -2.4 32.0884
    endloop
  endfacet
  facet normal 0.0658025 -0.00490502 0.997821
    outer loop
      vertex 23.1024 -1.2 32.0957
      vertex 17.4168 -1.2 32.4706
      vertex 17.4395 -2.4 32.4632
    endloop
  endfacet
  facet normal 0.0504689 -0.00520074 0.998712
    outer loop
      vertex 17.4168 -1.2 32.4706
      vertex 11.7649 -2.4 32.75
      vertex 17.4395 -2.4 32.4632
    endloop
  endfacet
  facet normal 0.0504767 -0.00523765 0.998712
    outer loop
      vertex 17.4168 -1.2 32.4706
      vertex 11.7414 -1.2 32.7575
      vertex 11.7649 -2.4 32.75
    endloop
  endfacet
  facet normal 0.034291 -0.00555777 0.999396
    outer loop
      vertex 11.7414 -1.2 32.7575
      vertex 6.10023 -2.4 32.9443
      vertex 11.7649 -2.4 32.75
    endloop
  endfacet
  facet normal 0.0342975 -0.00558833 0.999396
    outer loop
      vertex 11.7414 -1.2 32.7575
      vertex 6.07611 -1.2 32.9519
      vertex 6.10023 -2.4 32.9443
    endloop
  endfacet
  facet normal 0.0172141 -0.00593447 0.999834
    outer loop
      vertex 6.07611 -1.2 32.9519
      vertex 0.450069 -2.4 33.0416
      vertex 6.10023 -2.4 32.9443
    endloop
  endfacet
  facet normal 0.017218 -0.00595293 0.999834
    outer loop
      vertex 6.07611 -1.2 32.9519
      vertex 0.425246 -1.2 33.0492
      vertex 0.450069 -2.4 33.0416
    endloop
  endfacet
  facet normal -0.00115784 -0.00633397 0.999979
    outer loop
      vertex 0.425246 -1.2 33.0492
      vertex -5.17712 -2.4 33.0351
      vertex 0.450069 -2.4 33.0416
    endloop
  endfacet
  facet normal -0.00115634 -0.00634096 0.999979
    outer loop
      vertex 0.425246 -1.2 33.0492
      vertex -5.20264 -1.2 33.0427
      vertex -5.17712 -2.4 33.0351
    endloop
  endfacet
  facet normal -0.021484 -0.0067718 0.999746
    outer loop
      vertex -5.20264 -1.2 33.0427
      vertex -10.7751 -2.4 32.9148
      vertex -5.17712 -2.4 33.0351
    endloop
  endfacet
  facet normal -0.021484 -0.00677152 0.999746
    outer loop
      vertex -5.20264 -1.2 33.0427
      vertex -10.8013 -1.2 32.9224
      vertex -10.7751 -2.4 32.9148
    endloop
  endfacet
  facet normal -0.0437843 -0.00725407 0.999015
    outer loop
      vertex -10.8013 -1.2 32.9224
      vertex -16.3424 -2.4 32.6708
      vertex -10.7751 -2.4 32.9148
    endloop
  endfacet
  facet normal -0.0437878 -0.00723805 0.999015
    outer loop
      vertex -10.8013 -1.2 32.9224
      vertex -16.3693 -1.2 32.6783
      vertex -16.3424 -2.4 32.6708
    endloop
  endfacet
  facet normal -0.0679927 -0.00777224 0.997656
    outer loop
      vertex -16.3693 -1.2 32.6783
      vertex -21.8793 -2.4 32.2935
      vertex -16.3424 -2.4 32.6708
    endloop
  endfacet
  facet normal -0.067998 -0.00774783 0.997655
    outer loop
      vertex -16.3693 -1.2 32.6783
      vertex -21.9069 -1.2 32.3009
      vertex -21.8793 -2.4 32.2935
    endloop
  endfacet
  facet normal -0.0941133 -0.00833511 0.995527
    outer loop
      vertex -21.9069 -1.2 32.3009
      vertex -27.383 -2.4 31.7732
      vertex -21.8793 -2.4 32.2935
    endloop
  endfacet
  facet normal -0.094123 -0.00829078 0.995526
    outer loop
      vertex -21.9069 -1.2 32.3009
      vertex -27.4113 -1.2 31.7805
      vertex -27.383 -2.4 31.7732
    endloop
  endfacet
  facet normal -0.122321 -0.00893642 0.99245
    outer loop
      vertex -27.4113 -1.2 31.7805
      vertex -32.8483 -2.4 31.0996
      vertex -27.383 -2.4 31.7732
    endloop
  endfacet
  facet normal -0.122333 -0.00888091 0.992449
    outer loop
      vertex -27.4113 -1.2 31.7805
      vertex -32.8773 -1.2 31.1067
      vertex -32.8483 -2.4 31.0996
    endloop
  endfacet
  facet normal -0.152632 -0.00958671 0.988237
    outer loop
      vertex -37.2147 -2.16576 30.4274
      vertex -32.8483 -2.4 31.0996
      vertex -32.8773 -1.2 31.1067
    endloop
  endfacet
  facet normal -0.152633 -0.0095941 0.988236
    outer loop
      vertex -32.8483 -2.4 31.0996
      vertex -37.2147 -2.16576 30.4274
      vertex -37.2125 -2.4 30.4255
    endloop
  endfacet
  facet normal -0.152648 -0.009513 0.988235
    outer loop
      vertex -32.8773 -1.2 31.1067
      vertex -37.2239 -1.2 30.4353
      vertex -37.2147 -2.16576 30.4274
    endloop
  endfacet
  facet normal 0.221229 -0.00170364 0.97522
    outer loop
      vertex 108.81 -2.45968 18.1046
      vertex 103.316 -3.6 19.349
      vertex 108.801 -3.6 18.1046
    endloop
  endfacet
  facet normal 0.221277 -0.001952 0.975209
    outer loop
      vertex 103.294 -2.4 19.3564
      vertex 108.81 -2.45968 18.1046
      vertex 108.811 -2.4 18.1046
    endloop
  endfacet
  facet normal 0.221277 -0.00195009 0.975209
    outer loop
      vertex 108.81 -2.45968 18.1046
      vertex 103.294 -2.4 19.3564
      vertex 103.316 -3.6 19.349
    endloop
  endfacet
  facet normal 0.216832 -0.00203763 0.976207
    outer loop
      vertex 103.294 -2.4 19.3564
      vertex 97.5371 -3.6 20.6325
      vertex 103.316 -3.6 19.349
    endloop
  endfacet
  facet normal 0.21688 -0.00227896 0.976196
    outer loop
      vertex 103.294 -2.4 19.3564
      vertex 97.5138 -2.4 20.6405
      vertex 97.5371 -3.6 20.6325
    endloop
  endfacet
  facet normal 0.211051 -0.00240056 0.977472
    outer loop
      vertex 97.5138 -2.4 20.6405
      vertex 91.7751 -3.6 21.8766
      vertex 97.5371 -3.6 20.6325
    endloop
  endfacet
  facet normal 0.211097 -0.00263483 0.977461
    outer loop
      vertex 97.5138 -2.4 20.6405
      vertex 91.7505 -2.4 21.8852
      vertex 91.7751 -3.6 21.8766
    endloop
  endfacet
  facet normal 0.20402 -0.00279059 0.978963
    outer loop
      vertex 91.7505 -2.4 21.8852
      vertex 86.0252 -3.6 23.0749
      vertex 91.7751 -3.6 21.8766
    endloop
  endfacet
  facet normal 0.204065 -0.00301612 0.978953
    outer loop
      vertex 91.7505 -2.4 21.8852
      vertex 85.9993 -2.4 23.084
      vertex 86.0252 -3.6 23.0749
    endloop
  endfacet
  facet normal 0.195852 -0.00320616 0.980628
    outer loop
      vertex 85.9993 -2.4 23.084
      vertex 80.287 -3.6 24.221
      vertex 86.0252 -3.6 23.0749
    endloop
  endfacet
  facet normal 0.195896 -0.00342515 0.980619
    outer loop
      vertex 85.9993 -2.4 23.084
      vertex 80.2598 -2.4 24.2306
      vertex 80.287 -3.6 24.221
    endloop
  endfacet
  facet normal 0.186682 -0.00364846 0.982414
    outer loop
      vertex 80.2598 -2.4 24.2306
      vertex 74.5591 -3.6 25.3094
      vertex 80.287 -3.6 24.221
    endloop
  endfacet
  facet normal 0.186724 -0.00385822 0.982405
    outer loop
      vertex 80.2598 -2.4 24.2306
      vertex 74.5305 -2.4 25.3195
      vertex 74.5591 -3.6 25.3094
    endloop
  endfacet
  facet normal 0.176592 -0.00411474 0.984275
    outer loop
      vertex 74.5305 -2.4 25.3195
      vertex 68.8386 -3.6 26.3357
      vertex 74.5591 -3.6 25.3094
    endloop
  endfacet
  facet normal 0.176632 -0.00431123 0.984267
    outer loop
      vertex 74.5305 -2.4 25.3195
      vertex 68.8088 -2.4 26.3463
      vertex 68.8386 -3.6 26.3357
    endloop
  endfacet
  facet normal 0.165921 -0.00459381 0.986128
    outer loop
      vertex 68.8088 -2.4 26.3463
      vertex 63.1221 -3.6 27.2976
      vertex 68.8386 -3.6 26.3357
    endloop
  endfacet
  facet normal 0.16596 -0.0047802 0.986121
    outer loop
      vertex 68.8088 -2.4 26.3463
      vertex 63.091 -2.4 27.3086
      vertex 63.1221 -3.6 27.2976
    endloop
  endfacet
  facet normal 0.154801 -0.00508619 0.987933
    outer loop
      vertex 63.091 -2.4 27.3086
      vertex 57.4068 -3.6 28.1931
      vertex 63.1221 -3.6 27.2976
    endloop
  endfacet
  facet normal 0.154837 -0.0052633 0.987926
    outer loop
      vertex 63.091 -2.4 27.3086
      vertex 57.3744 -2.4 28.2046
      vertex 57.4068 -3.6 28.1931
    endloop
  endfacet
  facet normal 0.143308 -0.00559127 0.989662
    outer loop
      vertex 57.3744 -2.4 28.2046
      vertex 51.6927 -3.6 29.0205
      vertex 57.4068 -3.6 28.1931
    endloop
  endfacet
  facet normal 0.143342 -0.0057547 0.989656
    outer loop
      vertex 57.3744 -2.4 28.2046
      vertex 51.659 -2.4 29.0324
      vertex 51.6927 -3.6 29.0205
    endloop
  endfacet
  facet normal 0.131496 -0.00610367 0.991298
    outer loop
      vertex 51.659 -2.4 29.0324
      vertex 45.9792 -3.6 29.7784
      vertex 51.6927 -3.6 29.0205
    endloop
  endfacet
  facet normal 0.131527 -0.00625637 0.991293
    outer loop
      vertex 51.659 -2.4 29.0324
      vertex 45.9442 -2.4 29.7906
      vertex 45.9792 -3.6 29.7784
    endloop
  endfacet
  facet normal 0.119423 -0.00662504 0.992821
    outer loop
      vertex 45.9442 -2.4 29.7906
      vertex 40.2682 -3.6 30.4654
      vertex 45.9792 -3.6 29.7784
    endloop
  endfacet
  facet normal 0.119452 -0.00676175 0.992817
    outer loop
      vertex 45.9442 -2.4 29.7906
      vertex 40.2319 -2.4 30.4779
      vertex 40.2682 -3.6 30.4654
    endloop
  endfacet
  facet normal 0.106898 -0.00715646 0.994244
    outer loop
      vertex 40.2319 -2.4 30.4779
      vertex 34.5601 -3.6 31.0791
      vertex 40.2682 -3.6 30.4654
    endloop
  endfacet
  facet normal 0.106925 -0.00728532 0.99424
    outer loop
      vertex 40.2319 -2.4 30.4779
      vertex 34.5225 -2.4 31.0919
      vertex 34.5601 -3.6 31.0791
    endloop
  endfacet
  facet normal 0.0938667 -0.00770852 0.995555
    outer loop
      vertex 34.5225 -2.4 31.0919
      vertex 28.858 -3.6 31.6167
      vertex 34.5601 -3.6 31.0791
    endloop
  endfacet
  facet normal 0.09389 -0.0078199 0.995552
    outer loop
      vertex 34.5225 -2.4 31.0919
      vertex 28.8191 -2.4 31.6298
      vertex 28.858 -3.6 31.6167
    endloop
  endfacet
  facet normal 0.0802395 -0.00827533 0.996741
    outer loop
      vertex 28.8191 -2.4 31.6298
      vertex 23.1646 -3.6 32.0751
      vertex 28.858 -3.6 31.6167
    endloop
  endfacet
  facet normal 0.0802602 -0.0083735 0.996739
    outer loop
      vertex 28.8191 -2.4 31.6298
      vertex 23.1244 -2.4 32.0884
      vertex 23.1646 -3.6 32.0751
    endloop
  endfacet
  facet normal 0.065773 -0.00887039 0.997795
    outer loop
      vertex 23.1244 -2.4 32.0884
      vertex 17.481 -3.6 32.4497
      vertex 23.1646 -3.6 32.0751
    endloop
  endfacet
  facet normal 0.0657908 -0.00895451 0.997793
    outer loop
      vertex 23.1244 -2.4 32.0884
      vertex 17.4395 -2.4 32.4632
      vertex 17.481 -3.6 32.4497
    endloop
  endfacet
  facet normal 0.0504519 -0.00949468 0.998681
    outer loop
      vertex 17.4395 -2.4 32.4632
      vertex 11.8076 -3.6 32.7363
      vertex 17.481 -3.6 32.4497
    endloop
  endfacet
  facet normal 0.0504673 -0.00956694 0.99868
    outer loop
      vertex 17.4395 -2.4 32.4632
      vertex 11.7649 -2.4 32.75
      vertex 11.8076 -3.6 32.7363
    endloop
  endfacet
  facet normal 0.0342794 -0.0101516 0.999361
    outer loop
      vertex 11.7649 -2.4 32.75
      vertex 6.14428 -3.6 32.9306
      vertex 11.8076 -3.6 32.7363
    endloop
  endfacet
  facet normal 0.0342897 -0.0102003 0.99936
    outer loop
      vertex 11.7649 -2.4 32.75
      vertex 6.10023 -2.4 32.9443
      vertex 6.14428 -3.6 32.9306
    endloop
  endfacet
  facet normal 0.0172051 -0.0108324 0.999793
    outer loop
      vertex 6.10023 -2.4 32.9443
      vertex 0.495399 -3.6 33.0278
      vertex 6.14428 -3.6 32.9306
    endloop
  endfacet
  facet normal 0.0172134 -0.0108709 0.999793
    outer loop
      vertex 6.10023 -2.4 32.9443
      vertex 0.450069 -2.4 33.0416
      vertex 0.495399 -3.6 33.0278
    endloop
  endfacet
  facet normal -0.00116076 -0.0115666 0.999932
    outer loop
      vertex 0.450069 -2.4 33.0416
      vertex -5.13051 -3.6 33.0213
      vertex 0.495399 -3.6 33.0278
    endloop
  endfacet
  facet normal -0.00115778 -0.0115805 0.999932
    outer loop
      vertex 0.450069 -2.4 33.0416
      vertex -5.17712 -2.4 33.0351
      vertex -5.13051 -3.6 33.0213
    endloop
  endfacet
  facet normal -0.0214822 -0.0123671 0.999693
    outer loop
      vertex -5.17712 -2.4 33.0351
      vertex -10.7272 -3.6 32.901
      vertex -5.13051 -3.6 33.0213
    endloop
  endfacet
  facet normal -0.0214828 -0.0123644 0.999693
    outer loop
      vertex -5.17712 -2.4 33.0351
      vertex -10.7751 -2.4 32.9148
      vertex -10.7272 -3.6 32.901
    endloop
  endfacet
  facet normal -0.0437758 -0.0132453 0.998954
    outer loop
      vertex -10.7751 -2.4 32.9148
      vertex -16.2933 -3.6 32.6571
      vertex -10.7272 -3.6 32.901
    endloop
  endfacet
  facet normal -0.0437816 -0.0132185 0.998954
    outer loop
      vertex -10.7751 -2.4 32.9148
      vertex -16.3424 -2.4 32.6708
      vertex -16.2933 -3.6 32.6571
    endloop
  endfacet
  facet normal -0.0679772 -0.0141935 0.997586
    outer loop
      vertex -16.3424 -2.4 32.6708
      vertex -21.8289 -3.6 32.2799
      vertex -16.2933 -3.6 32.6571
    endloop
  endfacet
  facet normal -0.0679879 -0.0141444 0.997586
    outer loop
      vertex -16.3424 -2.4 32.6708
      vertex -21.8793 -2.4 32.2935
      vertex -21.8289 -3.6 32.2799
    endloop
  endfacet
  facet normal -0.0940892 -0.0152162 0.995447
    outer loop
      vertex -21.8793 -2.4 32.2935
      vertex -27.3314 -3.6 31.7598
      vertex -21.8289 -3.6 32.2799
    endloop
  endfacet
  facet normal -0.0941058 -0.0151406 0.995447
    outer loop
      vertex -21.8793 -2.4 32.2935
      vertex -27.383 -2.4 31.7732
      vertex -27.3314 -3.6 31.7598
    endloop
  endfacet
  facet normal -0.122287 -0.0163188 0.992361
    outer loop
      vertex -27.383 -2.4 31.7732
      vertex -32.7954 -3.6 31.0865
      vertex -27.3314 -3.6 31.7598
    endloop
  endfacet
  facet normal -0.12231 -0.0162152 0.99236
    outer loop
      vertex -27.383 -2.4 31.7732
      vertex -32.8483 -2.4 31.0996
      vertex -32.7954 -3.6 31.0865
    endloop
  endfacet
  facet normal -0.152588 -0.0175031 0.988135
    outer loop
      vertex -37.1955 -3.37248 30.411
      vertex -32.7954 -3.6 31.0865
      vertex -32.8483 -2.4 31.0996
    endloop
  endfacet
  facet normal -0.152588 -0.0175038 0.988135
    outer loop
      vertex -32.7954 -3.6 31.0865
      vertex -37.1955 -3.37248 30.411
      vertex -37.1915 -3.6 30.4076
    endloop
  endfacet
  facet normal -0.152617 -0.0173726 0.988133
    outer loop
      vertex -32.8483 -2.4 31.0996
      vertex -37.2125 -2.4 30.4255
      vertex -37.1955 -3.37248 30.411
    endloop
  endfacet
  facet normal 0.22115 -0.00274696 0.975236
    outer loop
      vertex 108.8 -3.66615 18.1046
      vertex 103.351 -4.8 19.3371
      vertex 108.786 -4.8 18.1046
    endloop
  endfacet
  facet normal 0.221228 -0.00313852 0.975217
    outer loop
      vertex 103.316 -3.6 19.349
      vertex 108.8 -3.66615 18.1046
      vertex 108.801 -3.6 18.1046
    endloop
  endfacet
  facet normal 0.221228 -0.00314359 0.975217
    outer loop
      vertex 108.8 -3.66615 18.1046
      vertex 103.316 -3.6 19.349
      vertex 103.351 -4.8 19.3371
    endloop
  endfacet
  facet normal 0.216754 -0.00328565 0.976221
    outer loop
      vertex 103.316 -3.6 19.349
      vertex 97.5746 -4.8 20.6197
      vertex 103.351 -4.8 19.3371
    endloop
  endfacet
  facet normal 0.216831 -0.00367575 0.976202
    outer loop
      vertex 103.316 -3.6 19.349
      vertex 97.5371 -3.6 20.6325
      vertex 97.5746 -4.8 20.6197
    endloop
  endfacet
  facet normal 0.210974 -0.00387277 0.977484
    outer loop
      vertex 97.5371 -3.6 20.6325
      vertex 91.8148 -4.8 21.8628
      vertex 97.5746 -4.8 20.6197
    endloop
  endfacet
  facet normal 0.211049 -0.00424895 0.977466
    outer loop
      vertex 97.5371 -3.6 20.6325
      vertex 91.7751 -3.6 21.8766
      vertex 91.8148 -4.8 21.8628
    endloop
  endfacet
  facet normal 0.203945 -0.00450108 0.978972
    outer loop
      vertex 91.7751 -3.6 21.8766
      vertex 86.067 -4.8 23.0602
      vertex 91.8148 -4.8 21.8628
    endloop
  endfacet
  facet normal 0.204019 -0.00486865 0.978955
    outer loop
      vertex 91.7751 -3.6 21.8766
      vertex 86.0252 -3.6 23.0749
      vertex 86.067 -4.8 23.0602
    endloop
  endfacet
  facet normal 0.19578 -0.00517597 0.980634
    outer loop
      vertex 86.0252 -3.6 23.0749
      vertex 80.3309 -4.8 24.2054
      vertex 86.067 -4.8 23.0602
    endloop
  endfacet
  facet normal 0.19585 -0.00552513 0.980618
    outer loop
      vertex 86.0252 -3.6 23.0749
      vertex 80.287 -3.6 24.221
      vertex 80.3309 -4.8 24.2054
    endloop
  endfacet
  facet normal 0.186611 -0.00588626 0.982416
    outer loop
      vertex 80.287 -3.6 24.221
      vertex 74.605 -4.8 25.2931
      vertex 80.3309 -4.8 24.2054
    endloop
  endfacet
  facet normal 0.186679 -0.00622082 0.982401
    outer loop
      vertex 80.287 -3.6 24.221
      vertex 74.5591 -3.6 25.3094
      vertex 74.605 -4.8 25.2931
    endloop
  endfacet
  facet normal 0.176525 -0.00663543 0.984274
    outer loop
      vertex 74.5591 -3.6 25.3094
      vertex 68.8867 -4.8 26.3186
      vertex 74.605 -4.8 25.2931
    endloop
  endfacet
  facet normal 0.17659 -0.00695447 0.98426
    outer loop
      vertex 74.5591 -3.6 25.3094
      vertex 68.8386 -3.6 26.3357
      vertex 68.8867 -4.8 26.3186
    endloop
  endfacet
  facet normal 0.165857 -0.00741105 0.986122
    outer loop
      vertex 68.8386 -3.6 26.3357
      vertex 63.1723 -4.8 27.2797
      vertex 68.8867 -4.8 26.3186
    endloop
  endfacet
  facet normal 0.165918 -0.00771183 0.986109
    outer loop
      vertex 68.8386 -3.6 26.3357
      vertex 63.1221 -3.6 27.2976
      vertex 63.1723 -4.8 27.2797
    endloop
  endfacet
  facet normal 0.15474 -0.00820612 0.987921
    outer loop
      vertex 63.1221 -3.6 27.2976
      vertex 57.4591 -4.8 28.1746
      vertex 63.1723 -4.8 27.2797
    endloop
  endfacet
  facet normal 0.154797 -0.00848718 0.98791
    outer loop
      vertex 63.1221 -3.6 27.2976
      vertex 57.4068 -3.6 28.1931
      vertex 57.4591 -4.8 28.1746
    endloop
  endfacet
  facet normal 0.14325 -0.00901691 0.989645
    outer loop
      vertex 57.4068 -3.6 28.1931
      vertex 51.7471 -4.8 29.0014
      vertex 57.4591 -4.8 28.1746
    endloop
  endfacet
  facet normal 0.143304 -0.00928022 0.989635
    outer loop
      vertex 57.4068 -3.6 28.1931
      vertex 51.6927 -3.6 29.0205
      vertex 51.7471 -4.8 29.0014
    endloop
  endfacet
  facet normal 0.131441 -0.00984381 0.991275
    outer loop
      vertex 51.6927 -3.6 29.0205
      vertex 46.0357 -4.8 29.7587
      vertex 51.7471 -4.8 29.0014
    endloop
  endfacet
  facet normal 0.131492 -0.0100881 0.991266
    outer loop
      vertex 51.6927 -3.6 29.0205
      vertex 45.9792 -3.6 29.7784
      vertex 46.0357 -4.8 29.7587
    endloop
  endfacet
  facet normal 0.119372 -0.0106833 0.992792
    outer loop
      vertex 45.9792 -3.6 29.7784
      vertex 40.3267 -4.8 30.4452
      vertex 46.0357 -4.8 29.7587
    endloop
  endfacet
  facet normal 0.119419 -0.0109065 0.992784
    outer loop
      vertex 45.9792 -3.6 29.7784
      vertex 40.2682 -3.6 30.4654
      vertex 40.3267 -4.8 30.4452
    endloop
  endfacet
  facet normal 0.106851 -0.0115437 0.994208
    outer loop
      vertex 40.2682 -3.6 30.4654
      vertex 34.6208 -4.8 31.0584
      vertex 40.3267 -4.8 30.4452
    endloop
  endfacet
  facet normal 0.106894 -0.0117472 0.994201
    outer loop
      vertex 40.2682 -3.6 30.4654
      vertex 34.5601 -3.6 31.0791
      vertex 34.6208 -4.8 31.0584
    endloop
  endfacet
  facet normal 0.0938237 -0.0124303 0.995511
    outer loop
      vertex 34.5601 -3.6 31.0791
      vertex 28.9207 -4.8 31.5956
      vertex 34.6208 -4.8 31.0584
    endloop
  endfacet
  facet normal 0.0938621 -0.0126131 0.995505
    outer loop
      vertex 34.5601 -3.6 31.0791
      vertex 28.858 -3.6 31.6167
      vertex 28.9207 -4.8 31.5956
    endloop
  endfacet
  facet normal 0.0802013 -0.013348 0.996689
    outer loop
      vertex 28.858 -3.6 31.6167
      vertex 23.2294 -4.8 32.0536
      vertex 28.9207 -4.8 31.5956
    endloop
  endfacet
  facet normal 0.0802349 -0.0135078 0.996684
    outer loop
      vertex 28.858 -3.6 31.6167
      vertex 23.1646 -3.6 32.0751
      vertex 23.2294 -4.8 32.0536
    endloop
  endfacet
  facet normal 0.0657402 -0.0143094 0.997734
    outer loop
      vertex 23.1646 -3.6 32.0751
      vertex 17.5479 -4.8 32.4279
      vertex 23.2294 -4.8 32.0536
    endloop
  endfacet
  facet normal 0.0657687 -0.0144443 0.99773
    outer loop
      vertex 23.1646 -3.6 32.0751
      vertex 17.481 -3.6 32.4497
      vertex 17.5479 -4.8 32.4279
    endloop
  endfacet
  facet normal 0.0504252 -0.0153156 0.99861
    outer loop
      vertex 17.481 -3.6 32.4497
      vertex 11.8766 -4.8 32.7143
      vertex 17.5479 -4.8 32.4279
    endloop
  endfacet
  facet normal 0.0504482 -0.0154238 0.998608
    outer loop
      vertex 17.481 -3.6 32.4497
      vertex 11.8076 -3.6 32.7363
      vertex 11.8766 -4.8 32.7143
    endloop
  endfacet
  facet normal 0.0342581 -0.0163666 0.999279
    outer loop
      vertex 11.8076 -3.6 32.7363
      vertex 6.21532 -4.8 32.9084
      vertex 11.8766 -4.8 32.7143
    endloop
  endfacet
  facet normal 0.0342765 -0.0164525 0.999277
    outer loop
      vertex 11.8076 -3.6 32.7363
      vertex 6.14428 -3.6 32.9306
      vertex 6.21532 -4.8 32.9084
    endloop
  endfacet
  facet normal 0.0171916 -0.0174717 0.9997
    outer loop
      vertex 6.14428 -3.6 32.9306
      vertex 0.568502 -4.8 33.0055
      vertex 6.21532 -4.8 32.9084
    endloop
  endfacet
  facet normal 0.0172035 -0.0175271 0.999698
    outer loop
      vertex 6.14428 -3.6 32.9306
      vertex 0.495399 -3.6 33.0278
      vertex 0.568502 -4.8 33.0055
    endloop
  endfacet
  facet normal -0.00116648 -0.0186486 0.999825
    outer loop
      vertex 0.495399 -3.6 33.0278
      vertex -5.05535 -4.8 32.9989
      vertex 0.568502 -4.8 33.0055
    endloop
  endfacet
  facet normal -0.00116063 -0.0186756 0.999825
    outer loop
      vertex 0.495399 -3.6 33.0278
      vertex -5.13051 -3.6 33.0213
      vertex -5.05535 -4.8 32.9989
    endloop
  endfacet
  facet normal -0.0214779 -0.0199434 0.99957
    outer loop
      vertex -5.13051 -3.6 33.0213
      vertex -10.65 -4.8 32.8787
      vertex -5.05535 -4.8 32.9989
    endloop
  endfacet
  facet normal -0.0214796 -0.0199356 0.999571
    outer loop
      vertex -5.13051 -3.6 33.0213
      vertex -10.7272 -3.6 32.901
      vertex -10.65 -4.8 32.8787
    endloop
  endfacet
  facet normal -0.0437603 -0.021355 0.998814
    outer loop
      vertex -10.7272 -3.6 32.901
      vertex -16.214 -4.8 32.635
      vertex -10.65 -4.8 32.8787
    endloop
  endfacet
  facet normal -0.0437697 -0.0213123 0.998814
    outer loop
      vertex -10.7272 -3.6 32.901
      vertex -16.2933 -3.6 32.6571
      vertex -16.214 -4.8 32.635
    endloop
  endfacet
  facet normal -0.0679485 -0.0228833 0.997426
    outer loop
      vertex -16.2933 -3.6 32.6571
      vertex -21.7477 -4.8 32.258
      vertex -16.214 -4.8 32.635
    endloop
  endfacet
  facet normal -0.0679664 -0.0228024 0.997427
    outer loop
      vertex -16.2933 -3.6 32.6571
      vertex -21.8289 -3.6 32.2799
      vertex -21.7477 -4.8 32.258
    endloop
  endfacet
  facet normal -0.0940456 -0.0245289 0.995266
    outer loop
      vertex -21.8289 -3.6 32.2799
      vertex -27.2481 -4.8 31.7382
      vertex -21.7477 -4.8 32.258
    endloop
  endfacet
  facet normal -0.094072 -0.0244098 0.995266
    outer loop
      vertex -21.8289 -3.6 32.2799
      vertex -27.3314 -3.6 31.7598
      vertex -27.2481 -4.8 31.7382
    endloop
  endfacet
  facet normal -0.122225 -0.0263074 0.992154
    outer loop
      vertex -27.3314 -3.6 31.7598
      vertex -32.7102 -4.8 31.0653
      vertex -27.2481 -4.8 31.7382
    endloop
  endfacet
  facet normal -0.122261 -0.0261441 0.992154
    outer loop
      vertex -27.3314 -3.6 31.7598
      vertex -32.7954 -3.6 31.0865
      vertex -32.7102 -4.8 31.0653
    endloop
  endfacet
  facet normal -0.152504 -0.0282181 0.9879
    outer loop
      vertex -37.164 -4.58354 30.384
      vertex -32.7102 -4.8 31.0653
      vertex -32.7954 -3.6 31.0865
    endloop
  endfacet
  facet normal -0.152504 -0.0282236 0.9879
    outer loop
      vertex -32.7102 -4.8 31.0653
      vertex -37.164 -4.58354 30.384
      vertex -37.1578 -4.8 30.3788
    endloop
  endfacet
  facet normal -0.152551 -0.0280054 0.987899
    outer loop
      vertex -32.7954 -3.6 31.0865
      vertex -37.1915 -3.6 30.4076
      vertex -37.164 -4.58354 30.384
    endloop
  endfacet
  facet normal 0.221032 -0.004083 0.975258
    outer loop
      vertex 108.785 -4.8766 18.1046
      vertex 103.404 -6 19.3194
      vertex 108.764 -6 18.1046
    endloop
  endfacet
  facet normal 0.221148 -0.00466961 0.975229
    outer loop
      vertex 103.351 -4.8 19.3371
      vertex 108.785 -4.8766 18.1046
      vertex 108.786 -4.8 18.1046
    endloop
  endfacet
  facet normal 0.221148 -0.00467123 0.975229
    outer loop
      vertex 108.785 -4.8766 18.1046
      vertex 103.351 -4.8 19.3371
      vertex 103.404 -6 19.3194
    endloop
  endfacet
  facet normal 0.216638 -0.00488375 0.97624
    outer loop
      vertex 103.351 -4.8 19.3371
      vertex 97.6303 -6 20.6006
      vertex 103.404 -6 19.3194
    endloop
  endfacet
  facet normal 0.216752 -0.00545723 0.976211
    outer loop
      vertex 103.351 -4.8 19.3371
      vertex 97.5746 -4.8 20.6197
      vertex 97.6303 -6 20.6006
    endloop
  endfacet
  facet normal 0.21086 -0.00575133 0.977499
    outer loop
      vertex 97.5746 -4.8 20.6197
      vertex 91.8736 -6 21.8424
      vertex 97.6303 -6 20.6006
    endloop
  endfacet
  facet normal 0.210972 -0.00631148 0.977472
    outer loop
      vertex 97.5746 -4.8 20.6197
      vertex 91.8148 -4.8 21.8628
      vertex 91.8736 -6 21.8424
    endloop
  endfacet
  facet normal 0.203833 -0.00668738 0.978983
    outer loop
      vertex 91.8148 -4.8 21.8628
      vertex 86.129 -6 23.0385
      vertex 91.8736 -6 21.8424
    endloop
  endfacet
  facet normal 0.203942 -0.00722701 0.978956
    outer loop
      vertex 91.8148 -4.8 21.8628
      vertex 86.067 -4.8 23.0602
      vertex 86.129 -6 23.0385
    endloop
  endfacet
  facet normal 0.195671 -0.00768485 0.98064
    outer loop
      vertex 86.067 -4.8 23.0602
      vertex 80.396 -6 24.1824
      vertex 86.129 -6 23.0385
    endloop
  endfacet
  facet normal 0.195776 -0.00820451 0.980614
    outer loop
      vertex 86.067 -4.8 23.0602
      vertex 80.3309 -4.8 24.2054
      vertex 80.396 -6 24.1824
    endloop
  endfacet
  facet normal 0.186506 -0.00874203 0.982415
    outer loop
      vertex 80.3309 -4.8 24.2054
      vertex 74.6733 -6 25.2688
      vertex 80.396 -6 24.1824
    endloop
  endfacet
  facet normal 0.186607 -0.00923654 0.982391
    outer loop
      vertex 80.3309 -4.8 24.2054
      vertex 74.605 -4.8 25.2931
      vertex 74.6733 -6 25.2688
    endloop
  endfacet
  facet normal 0.176423 -0.00985348 0.984265
    outer loop
      vertex 74.605 -4.8 25.2931
      vertex 68.958 -6 26.2932
      vertex 74.6733 -6 25.2688
    endloop
  endfacet
  facet normal 0.176519 -0.0103232 0.984243
    outer loop
      vertex 74.605 -4.8 25.2931
      vertex 68.8867 -4.8 26.3186
      vertex 68.958 -6 26.2932
    endloop
  endfacet
  facet normal 0.165759 -0.0110023 0.986105
    outer loop
      vertex 68.8867 -4.8 26.3186
      vertex 63.2468 -6 27.2533
      vertex 68.958 -6 26.2932
    endloop
  endfacet
  facet normal 0.16585 -0.0114465 0.986084
    outer loop
      vertex 68.8867 -4.8 26.3186
      vertex 63.1723 -4.8 27.2797
      vertex 63.2468 -6 27.2533
    endloop
  endfacet
  facet normal 0.154646 -0.0121816 0.987895
    outer loop
      vertex 63.1723 -4.8 27.2797
      vertex 57.5367 -6 28.1471
      vertex 63.2468 -6 27.2533
    endloop
  endfacet
  facet normal 0.154732 -0.0125998 0.987876
    outer loop
      vertex 63.1723 -4.8 27.2797
      vertex 57.4591 -4.8 28.1746
      vertex 57.5367 -6 28.1471
    endloop
  endfacet
  facet normal 0.143162 -0.0133874 0.989609
    outer loop
      vertex 57.4591 -4.8 28.1746
      vertex 51.8278 -6 28.973
      vertex 57.5367 -6 28.1471
    endloop
  endfacet
  facet normal 0.143242 -0.0137751 0.989592
    outer loop
      vertex 57.4591 -4.8 28.1746
      vertex 51.7471 -4.8 29.0014
      vertex 51.8278 -6 28.973
    endloop
  endfacet
  facet normal 0.131358 -0.0146127 0.991227
    outer loop
      vertex 51.7471 -4.8 29.0014
      vertex 46.1195 -6 29.7295
      vertex 51.8278 -6 28.973
    endloop
  endfacet
  facet normal 0.131433 -0.0149715 0.991212
    outer loop
      vertex 51.7471 -4.8 29.0014
      vertex 46.0357 -4.8 29.7587
      vertex 46.1195 -6 29.7295
    endloop
  endfacet
  facet normal 0.119294 -0.015856 0.992732
    outer loop
      vertex 46.0357 -4.8 29.7587
      vertex 40.4136 -6 30.4151
      vertex 46.1195 -6 29.7295
    endloop
  endfacet
  facet normal 0.119364 -0.0161889 0.992719
    outer loop
      vertex 46.0357 -4.8 29.7587
      vertex 40.3267 -4.8 30.4452
      vertex 40.4136 -6 30.4151
    endloop
  endfacet
  facet normal 0.106779 -0.0171354 0.994135
    outer loop
      vertex 40.3267 -4.8 30.4452
      vertex 34.7107 -6 31.0277
      vertex 40.4136 -6 30.4151
    endloop
  endfacet
  facet normal 0.106842 -0.0174344 0.994123
    outer loop
      vertex 40.3267 -4.8 30.4452
      vertex 34.6208 -4.8 31.0584
      vertex 34.7107 -6 31.0277
    endloop
  endfacet
  facet normal 0.0937579 -0.0184488 0.995424
    outer loop
      vertex 34.6208 -4.8 31.0584
      vertex 29.0138 -6 31.5643
      vertex 34.7107 -6 31.0277
    endloop
  endfacet
  facet normal 0.0938145 -0.0187178 0.995414
    outer loop
      vertex 34.6208 -4.8 31.0584
      vertex 28.9207 -4.8 31.5956
      vertex 29.0138 -6 31.5643
    endloop
  endfacet
  facet normal 0.080143 -0.0198089 0.996587
    outer loop
      vertex 28.9207 -4.8 31.5956
      vertex 23.3256 -6 32.0217
      vertex 29.0138 -6 31.5643
    endloop
  endfacet
  facet normal 0.0801923 -0.0200418 0.996578
    outer loop
      vertex 28.9207 -4.8 31.5956
      vertex 23.2294 -4.8 32.0536
      vertex 23.3256 -6 32.0217
    endloop
  endfacet
  facet normal 0.0656889 -0.0212317 0.997614
    outer loop
      vertex 23.2294 -4.8 32.0536
      vertex 17.6471 -6 32.3956
      vertex 23.3256 -6 32.0217
    endloop
  endfacet
  facet normal 0.0657318 -0.0214332 0.997607
    outer loop
      vertex 23.2294 -4.8 32.0536
      vertex 17.5479 -4.8 32.4279
      vertex 17.6471 -6 32.3956
    endloop
  endfacet
  facet normal 0.0503831 -0.0227261 0.998471
    outer loop
      vertex 17.5479 -4.8 32.4279
      vertex 11.9789 -6 32.6816
      vertex 17.6471 -6 32.3956
    endloop
  endfacet
  facet normal 0.0504179 -0.0228888 0.998466
    outer loop
      vertex 17.5479 -4.8 32.4279
      vertex 11.8766 -4.8 32.7143
      vertex 11.9789 -6 32.6816
    endloop
  endfacet
  facet normal 0.0342254 -0.0242876 0.999119
    outer loop
      vertex 11.8766 -4.8 32.7143
      vertex 6.32074 -6 32.8755
      vertex 11.9789 -6 32.6816
    endloop
  endfacet
  facet normal 0.0342525 -0.0244134 0.999115
    outer loop
      vertex 11.8766 -4.8 32.7143
      vertex 6.21532 -4.8 32.9084
      vertex 6.32074 -6 32.8755
    endloop
  endfacet
  facet normal 0.0171707 -0.025925 0.999516
    outer loop
      vertex 6.21532 -4.8 32.9084
      vertex 0.676985 -6 32.9724
      vertex 6.32074 -6 32.8755
    endloop
  endfacet
  facet normal 0.0171884 -0.0260066 0.999514
    outer loop
      vertex 6.21532 -4.8 32.9084
      vertex 0.568502 -4.8 33.0055
      vertex 0.676985 -6 32.9724
    endloop
  endfacet
  facet normal -0.00117434 -0.0276695 0.999616
    outer loop
      vertex 0.568502 -4.8 33.0055
      vertex -4.94381 -6 32.9658
      vertex 0.676985 -6 32.9724
    endloop
  endfacet
  facet normal -0.00116624 -0.0277066 0.999615
    outer loop
      vertex 0.568502 -4.8 33.0055
      vertex -5.05535 -4.8 32.9989
      vertex -4.94381 -6 32.9658
    endloop
  endfacet
  facet normal -0.0214708 -0.029586 0.999332
    outer loop
      vertex -5.05535 -4.8 32.9989
      vertex -10.5354 -6 32.8457
      vertex -4.94381 -6 32.9658
    endloop
  endfacet
  facet normal -0.0214728 -0.029577 0.999332
    outer loop
      vertex -5.05535 -4.8 32.9989
      vertex -10.65 -4.8 32.8787
      vertex -10.5354 -6 32.8457
    endloop
  endfacet
  facet normal -0.0437351 -0.0316807 0.998541
    outer loop
      vertex -10.65 -4.8 32.8787
      vertex -16.0965 -6 32.6021
      vertex -10.5354 -6 32.8457
    endloop
  endfacet
  facet normal -0.0437484 -0.0316207 0.998542
    outer loop
      vertex -10.65 -4.8 32.8787
      vertex -16.214 -4.8 32.635
      vertex -16.0965 -6 32.6021
    endloop
  endfacet
  facet normal -0.0679008 -0.0339483 0.997114
    outer loop
      vertex -16.214 -4.8 32.635
      vertex -21.6271 -6 32.2255
      vertex -16.0965 -6 32.6021
    endloop
  endfacet
  facet normal -0.0679274 -0.0338291 0.997117
    outer loop
      vertex -16.214 -4.8 32.635
      vertex -21.7477 -4.8 32.258
      vertex -21.6271 -6 32.2255
    endloop
  endfacet
  facet normal -0.0939722 -0.0363866 0.99491
    outer loop
      vertex -21.7477 -4.8 32.258
      vertex -27.1245 -6 31.7062
      vertex -21.6271 -6 32.2255
    endloop
  endfacet
  facet normal -0.0940122 -0.0362083 0.994912
    outer loop
      vertex -21.7477 -4.8 32.258
      vertex -27.2481 -4.8 31.7382
      vertex -27.1245 -6 31.7062
    endloop
  endfacet
  facet normal -0.122121 -0.0390184 0.991748
    outer loop
      vertex -27.2481 -4.8 31.7382
      vertex -32.5837 -6 31.034
      vertex -27.1245 -6 31.7062
    endloop
  endfacet
  facet normal -0.122175 -0.0387766 0.991751
    outer loop
      vertex -27.2481 -4.8 31.7382
      vertex -32.7102 -4.8 31.0653
      vertex -32.5837 -6 31.034
    endloop
  endfacet
  facet normal -0.152362 -0.0418468 0.987438
    outer loop
      vertex -37.1162 -5.80028 30.3431
      vertex -32.5837 -6 31.034
      vertex -32.7102 -4.8 31.0653
    endloop
  endfacet
  facet normal -0.152362 -0.0418477 0.987438
    outer loop
      vertex -32.5837 -6 31.034
      vertex -37.1162 -5.80028 30.3431
      vertex -37.1078 -6 30.3359
    endloop
  endfacet
  facet normal -0.152433 -0.0415371 0.987441
    outer loop
      vertex -32.7102 -4.8 31.0653
      vertex -37.1578 -4.8 30.3788
      vertex -37.1162 -5.80028 30.3431
    endloop
  endfacet
  facet normal 0.220867 -0.00571785 0.975287
    outer loop
      vertex 108.761 -6.09221 18.1046
      vertex 103.477 -7.2 19.2947
      vertex 108.733 -7.2 18.1046
    endloop
  endfacet
  facet normal 0.221029 -0.00654738 0.975245
    outer loop
      vertex 103.404 -6 19.3194
      vertex 108.761 -6.09221 18.1046
      vertex 108.764 -6 18.1046
    endloop
  endfacet
  facet normal 0.221029 -0.0065387 0.975245
    outer loop
      vertex 108.761 -6.09221 18.1046
      vertex 103.404 -6 19.3194
      vertex 103.477 -7.2 19.2947
    endloop
  endfacet
  facet normal 0.216475 -0.00683866 0.976264
    outer loop
      vertex 103.404 -6 19.3194
      vertex 97.7082 -7.2 20.5739
      vertex 103.477 -7.2 19.2947
    endloop
  endfacet
  facet normal 0.216634 -0.00763929 0.976223
    outer loop
      vertex 103.404 -6 19.3194
      vertex 97.6303 -6 20.6006
      vertex 97.7082 -7.2 20.5739
    endloop
  endfacet
  facet normal 0.210699 -0.00805338 0.977518
    outer loop
      vertex 97.6303 -6 20.6006
      vertex 91.9559 -7.2 21.8138
      vertex 97.7082 -7.2 20.5739
    endloop
  endfacet
  facet normal 0.210855 -0.0088314 0.977477
    outer loop
      vertex 97.6303 -6 20.6006
      vertex 91.8736 -6 21.8424
      vertex 91.9559 -7.2 21.8138
    endloop
  endfacet
  facet normal 0.203676 -0.00935984 0.978994
    outer loop
      vertex 91.8736 -6 21.8424
      vertex 86.2157 -7.2 23.008
      vertex 91.9559 -7.2 21.8138
    endloop
  endfacet
  facet normal 0.203827 -0.0101122 0.978955
    outer loop
      vertex 91.8736 -6 21.8424
      vertex 86.129 -6 23.0385
      vertex 86.2157 -7.2 23.008
    endloop
  endfacet
  facet normal 0.195518 -0.0107551 0.980641
    outer loop
      vertex 86.129 -6 23.0385
      vertex 80.487 -7.2 24.1502
      vertex 86.2157 -7.2 23.008
    endloop
  endfacet
  facet normal 0.195664 -0.0114772 0.980604
    outer loop
      vertex 86.129 -6 23.0385
      vertex 80.396 -6 24.1824
      vertex 80.487 -7.2 24.1502
    endloop
  endfacet
  facet normal 0.186357 -0.0122316 0.982406
    outer loop
      vertex 80.396 -6 24.1824
      vertex 74.7687 -7.2 25.2349
      vertex 80.487 -7.2 24.1502
    endloop
  endfacet
  facet normal 0.186498 -0.0129216 0.98237
    outer loop
      vertex 80.396 -6 24.1824
      vertex 74.6733 -6 25.2688
      vertex 74.7687 -7.2 25.2349
    endloop
  endfacet
  facet normal 0.176279 -0.0137869 0.984244
    outer loop
      vertex 74.6733 -6 25.2688
      vertex 69.0577 -7.2 26.2578
      vertex 74.7687 -7.2 25.2349
    endloop
  endfacet
  facet normal 0.176413 -0.0144422 0.98421
    outer loop
      vertex 74.6733 -6 25.2688
      vertex 68.958 -6 26.2932
      vertex 69.0577 -7.2 26.2578
    endloop
  endfacet
  facet normal 0.165621 -0.0153942 0.986069
    outer loop
      vertex 68.958 -6 26.2932
      vertex 63.3508 -7.2 27.2163
      vertex 69.0577 -7.2 26.2578
    endloop
  endfacet
  facet normal 0.165748 -0.0160123 0.986038
    outer loop
      vertex 68.958 -6 26.2932
      vertex 63.2468 -6 27.2533
      vertex 63.3508 -7.2 27.2163
    endloop
  endfacet
  facet normal 0.154514 -0.0170424 0.987844
    outer loop
      vertex 63.2468 -6 27.2533
      vertex 57.6451 -7.2 28.1088
      vertex 63.3508 -7.2 27.2163
    endloop
  endfacet
  facet normal 0.154634 -0.01762 0.987815
    outer loop
      vertex 63.2468 -6 27.2533
      vertex 57.5367 -6 28.1471
      vertex 57.6451 -7.2 28.1088
    endloop
  endfacet
  facet normal 0.143036 -0.0187233 0.98954
    outer loop
      vertex 57.5367 -6 28.1471
      vertex 51.9405 -7.2 28.9333
      vertex 57.6451 -7.2 28.1088
    endloop
  endfacet
  facet normal 0.143148 -0.0192655 0.989514
    outer loop
      vertex 57.5367 -6 28.1471
      vertex 51.8278 -6 28.973
      vertex 51.9405 -7.2 28.9333
    endloop
  endfacet
  facet normal 0.131239 -0.0204385 0.99114
    outer loop
      vertex 51.8278 -6 28.973
      vertex 46.2366 -7.2 29.6886
      vertex 51.9405 -7.2 28.9333
    endloop
  endfacet
  facet normal 0.131343 -0.0209385 0.991116
    outer loop
      vertex 51.8278 -6 28.973
      vertex 46.1195 -6 29.7295
      vertex 46.2366 -7.2 29.6886
    endloop
  endfacet
  facet normal 0.119182 -0.0221768 0.992625
    outer loop
      vertex 46.1195 -6 29.7295
      vertex 40.5351 -7.2 30.3732
      vertex 46.2366 -7.2 29.6886
    endloop
  endfacet
  facet normal 0.119279 -0.022636 0.992603
    outer loop
      vertex 46.1195 -6 29.7295
      vertex 40.4136 -6 30.4151
      vertex 40.5351 -7.2 30.3732
    endloop
  endfacet
  facet normal 0.106676 -0.0239607 0.994005
    outer loop
      vertex 40.4136 -6 30.4151
      vertex 34.8365 -7.2 30.9847
      vertex 40.5351 -7.2 30.3732
    endloop
  endfacet
  facet normal 0.106763 -0.0243774 0.993986
    outer loop
      vertex 40.4136 -6 30.4151
      vertex 34.7107 -6 31.0277
      vertex 34.8365 -7.2 30.9847
    endloop
  endfacet
  facet normal 0.0936629 -0.0257967 0.99527
    outer loop
      vertex 34.7107 -6 31.0277
      vertex 29.144 -7.2 31.5205
      vertex 34.8365 -7.2 30.9847
    endloop
  endfacet
  facet normal 0.0937417 -0.0261694 0.995253
    outer loop
      vertex 34.7107 -6 31.0277
      vertex 29.0138 -6 31.5643
      vertex 29.144 -7.2 31.5205
    endloop
  endfacet
  facet normal 0.0800577 -0.0276954 0.996405
    outer loop
      vertex 29.0138 -6 31.5643
      vertex 23.46 -7.2 31.9772
      vertex 29.144 -7.2 31.5205
    endloop
  endfacet
  facet normal 0.0801273 -0.0280226 0.996391
    outer loop
      vertex 29.0138 -6 31.5643
      vertex 23.3256 -6 32.0217
      vertex 23.46 -7.2 31.9772
    endloop
  endfacet
  facet normal 0.0656147 -0.0296862 0.997403
    outer loop
      vertex 23.3256 -6 32.0217
      vertex 17.7859 -7.2 32.3504
      vertex 23.46 -7.2 31.9772
    endloop
  endfacet
  facet normal 0.0656742 -0.0299644 0.997391
    outer loop
      vertex 23.3256 -6 32.0217
      vertex 17.6471 -6 32.3956
      vertex 17.7859 -7.2 32.3504
    endloop
  endfacet
  facet normal 0.0503216 -0.0317714 0.998228
    outer loop
      vertex 17.6471 -6 32.3956
      vertex 12.122 -7.2 32.6359
      vertex 17.7859 -7.2 32.3504
    endloop
  endfacet
  facet normal 0.0503703 -0.0319972 0.998218
    outer loop
      vertex 17.6471 -6 32.3956
      vertex 11.9789 -6 32.6816
      vertex 12.122 -7.2 32.6359
    endloop
  endfacet
  facet normal 0.0341792 -0.0339513 0.998839
    outer loop
      vertex 11.9789 -6 32.6816
      vertex 6.46811 -7.2 32.8294
      vertex 12.122 -7.2 32.6359
    endloop
  endfacet
  facet normal 0.0342156 -0.0341195 0.998832
    outer loop
      vertex 11.9789 -6 32.6816
      vertex 6.32074 -6 32.8755
      vertex 6.46811 -7.2 32.8294
    endloop
  endfacet
  facet normal 0.0171398 -0.0362305 0.999196
    outer loop
      vertex 6.32074 -6 32.8755
      vertex 0.828645 -7.2 32.9262
      vertex 6.46811 -7.2 32.8294
    endloop
  endfacet
  facet normal 0.0171652 -0.036347 0.999192
    outer loop
      vertex 6.32074 -6 32.8755
      vertex 0.676985 -6 32.9724
      vertex 0.828645 -7.2 32.9262
    endloop
  endfacet
  facet normal -0.00118634 -0.0386686 0.999251
    outer loop
      vertex 0.676985 -6 32.9724
      vertex -4.78789 -7.2 32.9195
      vertex 0.828645 -7.2 32.9262
    endloop
  endfacet
  facet normal -0.0011739 -0.0387251 0.999249
    outer loop
      vertex 0.676985 -6 32.9724
      vertex -4.94381 -6 32.9658
      vertex -4.78789 -7.2 32.9195
    endloop
  endfacet
  facet normal -0.0214584 -0.0413479 0.998914
    outer loop
      vertex -4.94381 -6 32.9658
      vertex -10.3752 -7.2 32.7995
      vertex -4.78789 -7.2 32.9195
    endloop
  endfacet
  facet normal -0.0214619 -0.0413322 0.998915
    outer loop
      vertex -4.94381 -6 32.9658
      vertex -10.5354 -6 32.8457
      vertex -10.3752 -7.2 32.7995
    endloop
  endfacet
  facet normal -0.0436953 -0.044267 0.998064
    outer loop
      vertex -10.5354 -6 32.8457
      vertex -15.9321 -7.2 32.5562
      vertex -10.3752 -7.2 32.7995
    endloop
  endfacet
  facet normal -0.0437143 -0.0441822 0.998067
    outer loop
      vertex -10.5354 -6 32.8457
      vertex -16.0965 -6 32.6021
      vertex -15.9321 -7.2 32.5562
    endloop
  endfacet
  facet normal -0.0678272 -0.0474281 0.996569
    outer loop
      vertex -16.0965 -6 32.6021
      vertex -21.4585 -7.2 32.18
      vertex -15.9321 -7.2 32.5562
    endloop
  endfacet
  facet normal -0.0678641 -0.047265 0.996574
    outer loop
      vertex -16.0965 -6 32.6021
      vertex -21.6271 -6 32.2255
      vertex -21.4585 -7.2 32.18
    endloop
  endfacet
  facet normal -0.0938575 -0.0508301 0.994287
    outer loop
      vertex -21.6271 -6 32.2255
      vertex -26.9518 -7.2 31.6615
      vertex -21.4585 -7.2 32.18
    endloop
  endfacet
  facet normal -0.0939141 -0.0505827 0.994294
    outer loop
      vertex -21.6271 -6 32.2255
      vertex -27.1245 -6 31.7062
      vertex -26.9518 -7.2 31.6615
    endloop
  endfacet
  facet normal -0.121957 -0.0544983 0.991038
    outer loop
      vertex -27.1245 -6 31.7062
      vertex -32.4068 -7.2 30.9902
      vertex -26.9518 -7.2 31.6615
    endloop
  endfacet
  facet normal -0.122034 -0.0541633 0.991047
    outer loop
      vertex -27.1245 -6 31.7062
      vertex -32.5837 -6 31.034
      vertex -32.4068 -7.2 30.9902
    endloop
  endfacet
  facet normal -0.152139 -0.0584397 0.98663
    outer loop
      vertex -37.0482 -7.02412 30.2849
      vertex -32.4068 -7.2 30.9902
      vertex -32.5837 -6 31.034
    endloop
  endfacet
  facet normal -0.15214 -0.0584483 0.986629
    outer loop
      vertex -32.4068 -7.2 30.9902
      vertex -37.0482 -7.02412 30.2849
      vertex -37.0379 -7.2 30.2761
    endloop
  endfacet
  facet normal -0.152239 -0.0580123 0.98664
    outer loop
      vertex -32.5837 -6 31.034
      vertex -37.1078 -6 30.3359
      vertex -37.0482 -7.02412 30.2849
    endloop
  endfacet
  facet normal 0.220645 -0.00765903 0.975324
    outer loop
      vertex 108.728 -7.31423 18.1046
      vertex 103.575 -8.4 19.2617
      vertex 108.69 -8.4 18.1046
    endloop
  endfacet
  facet normal 0.220862 -0.00874733 0.975266
    outer loop
      vertex 103.477 -7.2 19.2947
      vertex 108.728 -7.31423 18.1046
      vertex 108.733 -7.2 18.1046
    endloop
  endfacet
  facet normal 0.220862 -0.0087508 0.975266
    outer loop
      vertex 108.728 -7.31423 18.1046
      vertex 103.477 -7.2 19.2947
      vertex 103.575 -8.4 19.2617
    endloop
  endfacet
  facet normal 0.216255 -0.00915621 0.976294
    outer loop
      vertex 103.477 -7.2 19.2947
      vertex 97.8123 -8.4 20.5382
      vertex 103.575 -8.4 19.2617
    endloop
  endfacet
  facet normal 0.216468 -0.0102249 0.976236
    outer loop
      vertex 103.477 -7.2 19.2947
      vertex 97.7082 -7.2 20.5739
      vertex 97.8123 -8.4 20.5382
    endloop
  endfacet
  facet normal 0.210483 -0.0107828 0.977538
    outer loop
      vertex 97.7082 -7.2 20.5739
      vertex 92.0659 -8.4 21.7756
      vertex 97.8123 -8.4 20.5382
    endloop
  endfacet
  facet normal 0.210691 -0.0118165 0.977481
    outer loop
      vertex 97.7082 -7.2 20.5739
      vertex 91.9559 -7.2 21.8138
      vertex 92.0659 -8.4 21.7756
    endloop
  endfacet
  facet normal 0.203464 -0.0125272 0.979002
    outer loop
      vertex 91.9559 -7.2 21.8138
      vertex 86.3315 -8.4 22.9673
      vertex 92.0659 -8.4 21.7756
    endloop
  endfacet
  facet normal 0.203666 -0.0135285 0.978947
    outer loop
      vertex 91.9559 -7.2 21.8138
      vertex 86.2157 -7.2 23.008
      vertex 86.3315 -8.4 22.9673
    endloop
  endfacet
  facet normal 0.195311 -0.0143922 0.980636
    outer loop
      vertex 86.2157 -7.2 23.008
      vertex 80.6087 -8.4 24.1071
      vertex 86.3315 -8.4 22.9673
    endloop
  endfacet
  facet normal 0.195506 -0.0153533 0.980582
    outer loop
      vertex 86.2157 -7.2 23.008
      vertex 80.487 -7.2 24.1502
      vertex 80.6087 -8.4 24.1071
    endloop
  endfacet
  facet normal 0.186156 -0.0163657 0.982384
    outer loop
      vertex 80.487 -7.2 24.1502
      vertex 74.8961 -8.4 25.1896
      vertex 80.6087 -8.4 24.1071
    endloop
  endfacet
  facet normal 0.186343 -0.0172818 0.982333
    outer loop
      vertex 80.487 -7.2 24.1502
      vertex 74.7687 -7.2 25.2349
      vertex 74.8961 -8.4 25.1896
    endloop
  endfacet
  facet normal 0.176084 -0.0184421 0.984202
    outer loop
      vertex 74.7687 -7.2 25.2349
      vertex 69.191 -8.4 26.2103
      vertex 74.8961 -8.4 25.1896
    endloop
  endfacet
  facet normal 0.176263 -0.019312 0.984154
    outer loop
      vertex 74.7687 -7.2 25.2349
      vertex 69.0577 -7.2 26.2578
      vertex 69.191 -8.4 26.2103
    endloop
  endfacet
  facet normal 0.165433 -0.0205882 0.986006
    outer loop
      vertex 69.0577 -7.2 26.2578
      vertex 63.4899 -8.4 27.1669
      vertex 69.191 -8.4 26.2103
    endloop
  endfacet
  facet normal 0.165603 -0.0214087 0.98596
    outer loop
      vertex 69.0577 -7.2 26.2578
      vertex 63.3508 -7.2 27.2163
      vertex 63.4899 -8.4 27.1669
    endloop
  endfacet
  facet normal 0.154334 -0.0227888 0.987756
    outer loop
      vertex 63.3508 -7.2 27.2163
      vertex 57.79 -8.4 28.0575
      vertex 63.4899 -8.4 27.1669
    endloop
  endfacet
  facet normal 0.154494 -0.0235611 0.987713
    outer loop
      vertex 63.3508 -7.2 27.2163
      vertex 57.6451 -7.2 28.1088
      vertex 57.79 -8.4 28.0575
    endloop
  endfacet
  facet normal 0.142864 -0.0250387 0.989426
    outer loop
      vertex 57.6451 -7.2 28.1088
      vertex 52.0912 -8.4 28.8803
      vertex 57.79 -8.4 28.0575
    endloop
  endfacet
  facet normal 0.143013 -0.0257545 0.989386
    outer loop
      vertex 57.6451 -7.2 28.1088
      vertex 51.9405 -7.2 28.9333
      vertex 52.0912 -8.4 28.8803
    endloop
  endfacet
  facet normal 0.131076 -0.0273249 0.990996
    outer loop
      vertex 51.9405 -7.2 28.9333
      vertex 46.3931 -8.4 29.634
      vertex 52.0912 -8.4 28.8803
    endloop
  endfacet
  facet normal 0.131215 -0.0279897 0.990959
    outer loop
      vertex 51.9405 -7.2 28.9333
      vertex 46.2366 -7.2 29.6886
      vertex 46.3931 -8.4 29.634
    endloop
  endfacet
  facet normal 0.119029 -0.0296469 0.992448
    outer loop
      vertex 46.2366 -7.2 29.6886
      vertex 40.6974 -8.4 30.3171
      vertex 46.3931 -8.4 29.634
    endloop
  endfacet
  facet normal 0.119157 -0.0302565 0.992414
    outer loop
      vertex 46.2366 -7.2 29.6886
      vertex 40.5351 -7.2 30.3732
      vertex 40.6974 -8.4 30.3171
    endloop
  endfacet
  facet normal 0.106532 -0.0320285 0.993793
    outer loop
      vertex 40.5351 -7.2 30.3732
      vertex 35.0046 -8.4 30.9274
      vertex 40.6974 -8.4 30.3171
    endloop
  endfacet
  facet normal 0.10665 -0.032583 0.993763
    outer loop
      vertex 40.5351 -7.2 30.3732
      vertex 34.8365 -7.2 30.9847
      vertex 35.0046 -8.4 30.9274
    endloop
  endfacet
  facet normal 0.0935317 -0.0344808 0.995019
    outer loop
      vertex 34.8365 -7.2 30.9847
      vertex 29.3179 -8.4 31.4619
      vertex 35.0046 -8.4 30.9274
    endloop
  endfacet
  facet normal 0.0936368 -0.0349746 0.994992
    outer loop
      vertex 34.8365 -7.2 30.9847
      vertex 29.144 -7.2 31.5205
      vertex 29.3179 -8.4 31.4619
    endloop
  endfacet
  facet normal 0.0799396 -0.0370142 0.996112
    outer loop
      vertex 29.144 -7.2 31.5205
      vertex 23.6397 -8.4 31.9176
      vertex 29.3179 -8.4 31.4619
    endloop
  endfacet
  facet normal 0.0800322 -0.037447 0.996089
    outer loop
      vertex 29.144 -7.2 31.5205
      vertex 23.46 -7.2 31.9772
      vertex 23.6397 -8.4 31.9176
    endloop
  endfacet
  facet normal 0.0655117 -0.0396695 0.997063
    outer loop
      vertex 23.46 -7.2 31.9772
      vertex 17.9713 -8.4 32.29
      vertex 23.6397 -8.4 31.9176
    endloop
  endfacet
  facet normal 0.065591 -0.0400372 0.997043
    outer loop
      vertex 23.46 -7.2 31.9772
      vertex 17.7859 -7.2 32.3504
      vertex 17.9713 -8.4 32.29
    endloop
  endfacet
  facet normal 0.0502366 -0.0424499 0.997835
    outer loop
      vertex 17.7859 -7.2 32.3504
      vertex 12.3132 -8.4 32.5749
      vertex 17.9713 -8.4 32.29
    endloop
  endfacet
  facet normal 0.050301 -0.0427465 0.997819
    outer loop
      vertex 17.7859 -7.2 32.3504
      vertex 12.122 -7.2 32.6359
      vertex 12.3132 -8.4 32.5749
    endloop
  endfacet
  facet normal 0.0341129 -0.0453548 0.998388
    outer loop
      vertex 12.122 -7.2 32.6359
      vertex 6.66506 -8.4 32.7679
      vertex 12.3132 -8.4 32.5749
    endloop
  endfacet
  facet normal 0.0341633 -0.0455857 0.998376
    outer loop
      vertex 12.122 -7.2 32.6359
      vertex 6.46811 -7.2 32.8294
      vertex 6.66506 -8.4 32.7679
    endloop
  endfacet
  facet normal 0.0170983 -0.0484021 0.998682
    outer loop
      vertex 6.46811 -7.2 32.8294
      vertex 1.03131 -8.4 32.8643
      vertex 6.66506 -8.4 32.7679
    endloop
  endfacet
  facet normal 0.0171308 -0.0485496 0.998674
    outer loop
      vertex 6.46811 -7.2 32.8294
      vertex 0.828645 -7.2 32.9262
      vertex 1.03131 -8.4 32.8643
    endloop
  endfacet
  facet normal -0.00120178 -0.0516453 0.998665
    outer loop
      vertex 0.828645 -7.2 32.9262
      vertex -4.57952 -8.4 32.8576
      vertex 1.03131 -8.4 32.8643
    endloop
  endfacet
  facet normal -0.00118564 -0.0517179 0.998661
    outer loop
      vertex 0.828645 -7.2 32.9262
      vertex -4.78789 -7.2 32.9195
      vertex -4.57952 -8.4 32.8576
    endloop
  endfacet
  facet normal -0.0214405 -0.0552135 0.998244
    outer loop
      vertex -4.78789 -7.2 32.9195
      vertex -10.1612 -8.4 32.7377
      vertex -4.57952 -8.4 32.8576
    endloop
  endfacet
  facet normal -0.021444 -0.0551981 0.998245
    outer loop
      vertex -4.78789 -7.2 32.9195
      vertex -10.3752 -7.2 32.7995
      vertex -10.1612 -8.4 32.7377
    endloop
  endfacet
  facet normal -0.0436355 -0.0591076 0.997297
    outer loop
      vertex -10.3752 -7.2 32.7995
      vertex -15.7124 -8.4 32.4948
      vertex -10.1612 -8.4 32.7377
    endloop
  endfacet
  facet normal -0.043662 -0.0589912 0.997303
    outer loop
      vertex -10.3752 -7.2 32.7995
      vertex -15.9321 -7.2 32.5562
      vertex -15.7124 -8.4 32.4948
    endloop
  endfacet
  facet normal -0.0677187 -0.0633128 0.995694
    outer loop
      vertex -15.9321 -7.2 32.5562
      vertex -21.2332 -8.4 32.1193
      vertex -15.7124 -8.4 32.4948
    endloop
  endfacet
  facet normal -0.0677683 -0.0630977 0.995704
    outer loop
      vertex -15.9321 -7.2 32.5562
      vertex -21.4585 -7.2 32.18
      vertex -21.2332 -8.4 32.1193
    endloop
  endfacet
  facet normal -0.0936891 -0.0678418 0.993287
    outer loop
      vertex -21.4585 -7.2 32.18
      vertex -26.7209 -8.4 31.6017
      vertex -21.2332 -8.4 32.1193
    endloop
  endfacet
  facet normal -0.0937646 -0.0675181 0.993302
    outer loop
      vertex -21.4585 -7.2 32.18
      vertex -26.9518 -7.2 31.6615
      vertex -26.7209 -8.4 31.6017
    endloop
  endfacet
  facet normal -0.121715 -0.0727254 0.989897
    outer loop
      vertex -26.9518 -7.2 31.6615
      vertex -32.1704 -8.4 30.9317
      vertex -26.7209 -8.4 31.6017
    endloop
  endfacet
  facet normal -0.121819 -0.0722835 0.989917
    outer loop
      vertex -26.9518 -7.2 31.6615
      vertex -32.4068 -7.2 30.9902
      vertex -32.1704 -8.4 30.9317
    endloop
  endfacet
  facet normal -0.151808 -0.0779672 0.98533
    outer loop
      vertex -32.4068 -7.2 30.9902
      vertex -36.9445 -8.4 30.1961
      vertex -32.1704 -8.4 30.9317
    endloop
  endfacet
  facet normal -0.151807 -0.0779722 0.98533
    outer loop
      vertex -36.9445 -8.4 30.1961
      vertex -32.4068 -7.2 30.9902
      vertex -36.9557 -8.25661 30.2058
    endloop
  endfacet
  facet normal -0.151943 -0.0774037 0.985354
    outer loop
      vertex -32.4068 -7.2 30.9902
      vertex -37.0379 -7.2 30.2761
      vertex -36.9557 -8.25661 30.2058
    endloop
  endfacet
  facet normal 0.220358 -0.00990938 0.975369
    outer loop
      vertex 108.683 -8.54405 18.1046
      vertex 103.702 -9.6 19.2191
      vertex 108.635 -9.6 18.1046
    endloop
  endfacet
  facet normal 0.220637 -0.011323 0.97529
    outer loop
      vertex 103.575 -8.4 19.2617
      vertex 108.683 -8.54405 18.1046
      vertex 108.69 -8.4 18.1046
    endloop
  endfacet
  facet normal 0.220637 -0.0113121 0.97529
    outer loop
      vertex 108.683 -8.54405 18.1046
      vertex 103.575 -8.4 19.2617
      vertex 103.702 -9.6 19.2191
    endloop
  endfacet
  facet normal 0.21597 -0.0118417 0.976328
    outer loop
      vertex 103.575 -8.4 19.2617
      vertex 97.9466 -9.6 20.4923
      vertex 103.702 -9.6 19.2191
    endloop
  endfacet
  facet normal 0.216245 -0.0132101 0.97625
    outer loop
      vertex 103.575 -8.4 19.2617
      vertex 97.8123 -8.4 20.5382
      vertex 97.9466 -9.6 20.4923
    endloop
  endfacet
  facet normal 0.210203 -0.0139364 0.977559
    outer loop
      vertex 97.8123 -8.4 20.5382
      vertex 92.2077 -9.6 21.7263
      vertex 97.9466 -9.6 20.4923
    endloop
  endfacet
  facet normal 0.210471 -0.015268 0.977481
    outer loop
      vertex 97.8123 -8.4 20.5382
      vertex 92.0659 -8.4 21.7756
      vertex 92.2077 -9.6 21.7263
    endloop
  endfacet
  facet normal 0.203188 -0.0161915 0.979006
    outer loop
      vertex 92.0659 -8.4 21.7756
      vertex 86.4809 -9.6 22.9149
      vertex 92.2077 -9.6 21.7263
    endloop
  endfacet
  facet normal 0.203449 -0.0174752 0.97893
    outer loop
      vertex 92.0659 -8.4 21.7756
      vertex 86.3315 -8.4 22.9673
      vertex 86.4809 -9.6 22.9149
    endloop
  endfacet
  facet normal 0.195041 -0.0185958 0.980619
    outer loop
      vertex 86.3315 -8.4 22.9673
      vertex 80.7656 -9.6 24.0516
      vertex 86.4809 -9.6 22.9149
    endloop
  endfacet
  facet normal 0.195292 -0.0198294 0.980545
    outer loop
      vertex 86.3315 -8.4 22.9673
      vertex 80.6087 -8.4 24.1071
      vertex 80.7656 -9.6 24.0516
    endloop
  endfacet
  facet normal 0.185894 -0.0211416 0.982342
    outer loop
      vertex 80.6087 -8.4 24.1071
      vertex 75.0606 -9.6 25.1312
      vertex 80.7656 -9.6 24.0516
    endloop
  endfacet
  facet normal 0.186135 -0.0223186 0.982271
    outer loop
      vertex 80.6087 -8.4 24.1071
      vertex 74.8961 -8.4 25.1896
      vertex 75.0606 -9.6 25.1312
    endloop
  endfacet
  facet normal 0.17583 -0.0238212 0.984132
    outer loop
      vertex 74.8961 -8.4 25.1896
      vertex 69.363 -9.6 26.1492
      vertex 75.0606 -9.6 25.1312
    endloop
  endfacet
  facet normal 0.17606 -0.0249353 0.984064
    outer loop
      vertex 74.8961 -8.4 25.1896
      vertex 69.191 -8.4 26.2103
      vertex 69.363 -9.6 26.1492
    endloop
  endfacet
  facet normal 0.165187 -0.0265869 0.985904
    outer loop
      vertex 69.191 -8.4 26.2103
      vertex 63.6694 -9.6 27.1031
      vertex 69.363 -9.6 26.1492
    endloop
  endfacet
  facet normal 0.165405 -0.0276391 0.985838
    outer loop
      vertex 69.191 -8.4 26.2103
      vertex 63.4899 -8.4 27.1669
      vertex 63.6694 -9.6 27.1031
    endloop
  endfacet
  facet normal 0.154097 -0.0294244 0.987617
    outer loop
      vertex 63.4899 -8.4 27.1669
      vertex 57.9769 -9.6 27.9913
      vertex 63.6694 -9.6 27.1031
    endloop
  endfacet
  facet normal 0.154303 -0.0304095 0.987556
    outer loop
      vertex 63.4899 -8.4 27.1669
      vertex 57.79 -8.4 28.0575
      vertex 57.9769 -9.6 27.9913
    endloop
  endfacet
  facet normal 0.142637 -0.0323198 0.989247
    outer loop
      vertex 57.79 -8.4 28.0575
      vertex 52.2856 -9.6 28.8119
      vertex 57.9769 -9.6 27.9913
    endloop
  endfacet
  facet normal 0.14283 -0.03324 0.989189
    outer loop
      vertex 57.79 -8.4 28.0575
      vertex 52.0912 -8.4 28.8803
      vertex 52.2856 -9.6 28.8119
    endloop
  endfacet
  facet normal 0.13086 -0.0352694 0.990773
    outer loop
      vertex 52.0912 -8.4 28.8803
      vertex 46.595 -9.6 29.5635
      vertex 52.2856 -9.6 28.8119
    endloop
  endfacet
  facet normal 0.131039 -0.0361203 0.990719
    outer loop
      vertex 52.0912 -8.4 28.8803
      vertex 46.3931 -8.4 29.634
      vertex 46.595 -9.6 29.5635
    endloop
  endfacet
  facet normal 0.118825 -0.0382608 0.992178
    outer loop
      vertex 46.3931 -8.4 29.634
      vertex 40.9067 -9.6 30.2448
      vertex 46.595 -9.6 29.5635
    endloop
  endfacet
  facet normal 0.118991 -0.0390416 0.992128
    outer loop
      vertex 46.3931 -8.4 29.634
      vertex 40.6974 -8.4 30.3171
      vertex 40.9067 -9.6 30.2448
    endloop
  endfacet
  facet normal 0.106343 -0.0413292 0.99347
    outer loop
      vertex 40.6974 -8.4 30.3171
      vertex 35.2215 -9.6 30.8533
      vertex 40.9067 -9.6 30.2448
    endloop
  endfacet
  facet normal 0.106493 -0.0420342 0.993425
    outer loop
      vertex 40.6974 -8.4 30.3171
      vertex 35.0046 -8.4 30.9274
      vertex 35.2215 -9.6 30.8533
    endloop
  endfacet
  facet normal 0.0933567 -0.0444829 0.994639
    outer loop
      vertex 35.0046 -8.4 30.9274
      vertex 29.5422 -9.6 31.3864
      vertex 35.2215 -9.6 30.8533
    endloop
  endfacet
  facet normal 0.0934921 -0.0451149 0.994597
    outer loop
      vertex 35.0046 -8.4 30.9274
      vertex 29.3179 -8.4 31.4619
      vertex 29.5422 -9.6 31.3864
    endloop
  endfacet
  facet normal 0.0797816 -0.0477452 0.995668
    outer loop
      vertex 29.3179 -8.4 31.4619
      vertex 23.8715 -9.6 31.8408
      vertex 29.5422 -9.6 31.3864
    endloop
  endfacet
  facet normal 0.079901 -0.048299 0.995632
    outer loop
      vertex 29.3179 -8.4 31.4619
      vertex 23.6397 -8.4 31.9176
      vertex 23.8715 -9.6 31.8408
    endloop
  endfacet
  facet normal 0.0653739 -0.0511634 0.996548
    outer loop
      vertex 23.6397 -8.4 31.9176
      vertex 18.2105 -9.6 32.2121
      vertex 23.8715 -9.6 31.8408
    endloop
  endfacet
  facet normal 0.0654759 -0.0516323 0.996517
    outer loop
      vertex 23.6397 -8.4 31.9176
      vertex 17.9713 -8.4 32.29
      vertex 18.2105 -9.6 32.2121
    endloop
  endfacet
  facet normal 0.0501213 -0.0547401 0.997242
    outer loop
      vertex 17.9713 -8.4 32.29
      vertex 12.5598 -9.6 32.4962
      vertex 18.2105 -9.6 32.2121
    endloop
  endfacet
  facet normal 0.0502055 -0.0551244 0.997216
    outer loop
      vertex 17.9713 -8.4 32.29
      vertex 12.3132 -8.4 32.5749
      vertex 12.5598 -9.6 32.4962
    endloop
  endfacet
  facet normal 0.0340258 -0.058482 0.997708
    outer loop
      vertex 12.3132 -8.4 32.5749
      vertex 6.91909 -9.6 32.6885
      vertex 12.5598 -9.6 32.4962
    endloop
  endfacet
  facet normal 0.034089 -0.058768 0.997689
    outer loop
      vertex 12.3132 -8.4 32.5749
      vertex 6.66506 -8.4 32.7679
      vertex 6.91909 -9.6 32.6885
    endloop
  endfacet
  facet normal 0.0170412 -0.0623913 0.997906
    outer loop
      vertex 6.66506 -8.4 32.7679
      vertex 1.29274 -9.6 32.7846
      vertex 6.91909 -9.6 32.6885
    endloop
  endfacet
  facet normal 0.0170848 -0.0625869 0.997893
    outer loop
      vertex 6.66506 -8.4 32.7679
      vertex 1.03131 -8.4 32.8643
      vertex 1.29274 -9.6 32.7846
    endloop
  endfacet
  facet normal -0.00122064 -0.0665673 0.997781
    outer loop
      vertex 1.03131 -8.4 32.8643
      vertex -4.31074 -9.6 32.7777
      vertex 1.29274 -9.6 32.7846
    endloop
  endfacet
  facet normal -0.00120071 -0.0666556 0.997775
    outer loop
      vertex 1.03131 -8.4 32.8643
      vertex -4.57952 -8.4 32.8576
      vertex -4.31074 -9.6 32.7777
    endloop
  endfacet
  facet normal -0.0214142 -0.0711472 0.997236
    outer loop
      vertex -4.57952 -8.4 32.8576
      vertex -9.8851 -9.6 32.658
      vertex -4.31074 -9.6 32.7777
    endloop
  endfacet
  facet normal -0.0214189 -0.0711267 0.997237
    outer loop
      vertex -4.57952 -8.4 32.8576
      vertex -10.1612 -8.4 32.7377
      vertex -9.8851 -9.6 32.658
    endloop
  endfacet
  facet normal -0.0435518 -0.0761465 0.996145
    outer loop
      vertex -10.1612 -8.4 32.7377
      vertex -15.429 -9.6 32.4157
      vertex -9.8851 -9.6 32.658
    endloop
  endfacet
  facet normal -0.0435855 -0.076001 0.996155
    outer loop
      vertex -10.1612 -8.4 32.7377
      vertex -15.7124 -8.4 32.4948
      vertex -15.429 -9.6 32.4157
    endloop
  endfacet
  facet normal -0.0675658 -0.0815463 0.994377
    outer loop
      vertex -15.7124 -8.4 32.4948
      vertex -20.9426 -9.6 32.041
      vertex -15.429 -9.6 32.4157
    endloop
  endfacet
  facet normal -0.0676304 -0.0812716 0.994395
    outer loop
      vertex -15.7124 -8.4 32.4948
      vertex -21.2332 -8.4 32.1193
      vertex -20.9426 -9.6 32.041
    endloop
  endfacet
  facet normal -0.0934515 -0.0873542 0.991784
    outer loop
      vertex -21.2332 -8.4 32.1193
      vertex -26.4231 -9.6 31.5246
      vertex -20.9426 -9.6 32.041
    endloop
  endfacet
  facet normal -0.0935499 -0.0869418 0.991811
    outer loop
      vertex -21.2332 -8.4 32.1193
      vertex -26.7209 -8.4 31.6017
      vertex -26.4231 -9.6 31.5246
    endloop
  endfacet
  facet normal -0.121373 -0.0936129 0.988183
    outer loop
      vertex -26.7209 -8.4 31.6017
      vertex -31.8655 -9.6 30.8562
      vertex -26.4231 -9.6 31.5246
    endloop
  endfacet
  facet normal -0.121508 -0.0930541 0.988219
    outer loop
      vertex -26.7209 -8.4 31.6017
      vertex -32.1704 -8.4 30.9317
      vertex -31.8655 -9.6 30.8562
    endloop
  endfacet
  facet normal -0.151338 -0.100329 0.983377
    outer loop
      vertex -32.1704 -8.4 30.9317
      vertex -36.8241 -9.6 30.0931
      vertex -31.8655 -9.6 30.8562
    endloop
  endfacet
  facet normal -0.151339 -0.100325 0.983378
    outer loop
      vertex -36.8241 -9.6 30.0931
      vertex -32.1704 -8.4 30.9317
      vertex -36.8343 -9.49938 30.1018
    endloop
  endfacet
  facet normal -0.151514 -0.0996138 0.983423
    outer loop
      vertex -32.1704 -8.4 30.9317
      vertex -36.9445 -8.4 30.1961
      vertex -36.8343 -9.49938 30.1018
    endloop
  endfacet
  facet normal 0.219995 -0.0124689 0.975421
    outer loop
      vertex 108.624 -9.78316 18.1046
      vertex 103.861 -10.8 19.1657
      vertex 108.566 -10.8 18.1046
    endloop
  endfacet
  facet normal 0.220346 -0.0142171 0.975318
    outer loop
      vertex 103.702 -9.6 19.2191
      vertex 108.624 -9.78316 18.1046
      vertex 108.635 -9.6 18.1046
    endloop
  endfacet
  facet normal 0.220346 -0.0142217 0.975318
    outer loop
      vertex 108.624 -9.78316 18.1046
      vertex 103.702 -9.6 19.2191
      vertex 103.861 -10.8 19.1657
    endloop
  endfacet
  facet normal 0.215611 -0.0148949 0.976366
    outer loop
      vertex 103.702 -9.6 19.2191
      vertex 98.115 -10.8 20.4346
      vertex 103.861 -10.8 19.1657
    endloop
  endfacet
  facet normal 0.215956 -0.0166036 0.976262
    outer loop
      vertex 103.702 -9.6 19.2191
      vertex 97.9466 -9.6 20.4923
      vertex 98.115 -10.8 20.4346
    endloop
  endfacet
  facet normal 0.209849 -0.0175234 0.977577
    outer loop
      vertex 97.9466 -9.6 20.4923
      vertex 92.3855 -10.8 21.6645
      vertex 98.115 -10.8 20.4346
    endloop
  endfacet
  facet normal 0.210184 -0.0191802 0.977474
    outer loop
      vertex 97.9466 -9.6 20.4923
      vertex 92.2077 -9.6 21.7263
      vertex 92.3855 -10.8 21.6645
    endloop
  endfacet
  facet normal 0.20284 -0.0203471 0.979001
    outer loop
      vertex 92.2077 -9.6 21.7263
      vertex 86.6681 -10.8 22.8491
      vertex 92.3855 -10.8 21.6645
    endloop
  endfacet
  facet normal 0.203166 -0.0219496 0.978898
    outer loop
      vertex 92.2077 -9.6 21.7263
      vertex 86.4809 -9.6 22.9149
      vertex 86.6681 -10.8 22.8491
    endloop
  endfacet
  facet normal 0.1947 -0.0233632 0.980585
    outer loop
      vertex 86.4809 -9.6 22.9149
      vertex 80.9623 -10.8 23.982
      vertex 86.6681 -10.8 22.8491
    endloop
  endfacet
  facet normal 0.195014 -0.024898 0.980484
    outer loop
      vertex 86.4809 -9.6 22.9149
      vertex 80.7656 -9.6 24.0516
      vertex 80.9623 -10.8 23.982
    endloop
  endfacet
  facet normal 0.18556 -0.0265515 0.982274
    outer loop
      vertex 80.7656 -9.6 24.0516
      vertex 75.2667 -10.8 25.058
      vertex 80.9623 -10.8 23.982
    endloop
  endfacet
  facet normal 0.185862 -0.0280168 0.982176
    outer loop
      vertex 80.7656 -9.6 24.0516
      vertex 75.0606 -9.6 25.1312
      vertex 75.2667 -10.8 25.058
    endloop
  endfacet
  facet normal 0.175506 -0.0299083 0.984024
    outer loop
      vertex 75.0606 -9.6 25.1312
      vertex 69.5785 -10.8 26.0725
      vertex 75.2667 -10.8 25.058
    endloop
  endfacet
  facet normal 0.175794 -0.0312964 0.983929
    outer loop
      vertex 75.0606 -9.6 25.1312
      vertex 69.363 -9.6 26.1492
      vertex 69.5785 -10.8 26.0725
    endloop
  endfacet
  facet normal 0.164873 -0.033374 0.98575
    outer loop
      vertex 69.363 -9.6 26.1492
      vertex 63.8943 -10.8 27.0232
      vertex 69.5785 -10.8 26.0725
    endloop
  endfacet
  facet normal 0.165146 -0.0346823 0.985659
    outer loop
      vertex 69.363 -9.6 26.1492
      vertex 63.6694 -9.6 27.1031
      vertex 63.8943 -10.8 27.0232
    endloop
  endfacet
  facet normal 0.153795 -0.0369265 0.987413
    outer loop
      vertex 63.6694 -9.6 27.1031
      vertex 58.2112 -10.8 27.9084
      vertex 63.8943 -10.8 27.0232
    endloop
  endfacet
  facet normal 0.154052 -0.0381527 0.987326
    outer loop
      vertex 63.6694 -9.6 27.1031
      vertex 57.9769 -9.6 27.9913
      vertex 58.2112 -10.8 27.9084
    endloop
  endfacet
  facet normal 0.142347 -0.0405528 0.988986
    outer loop
      vertex 57.9769 -9.6 27.9913
      vertex 52.5293 -10.8 28.7262
      vertex 58.2112 -10.8 27.9084
    endloop
  endfacet
  facet normal 0.142588 -0.0416968 0.988903
    outer loop
      vertex 57.9769 -9.6 27.9913
      vertex 52.2856 -9.6 28.8119
      vertex 52.5293 -10.8 28.7262
    endloop
  endfacet
  facet normal 0.130584 -0.044245 0.99045
    outer loop
      vertex 52.2856 -9.6 28.8119
      vertex 46.8481 -10.8 29.4752
      vertex 52.5293 -10.8 28.7262
    endloop
  endfacet
  facet normal 0.130807 -0.0452998 0.990372
    outer loop
      vertex 52.2856 -9.6 28.8119
      vertex 46.595 -9.6 29.5635
      vertex 46.8481 -10.8 29.4752
    endloop
  endfacet
  facet normal 0.118564 -0.047986 0.991786
    outer loop
      vertex 46.595 -9.6 29.5635
      vertex 41.1692 -10.8 30.1541
      vertex 46.8481 -10.8 29.4752
    endloop
  endfacet
  facet normal 0.11877 -0.048954 0.991714
    outer loop
      vertex 46.595 -9.6 29.5635
      vertex 40.9067 -9.6 30.2448
      vertex 41.1692 -10.8 30.1541
    endloop
  endfacet
  facet normal 0.106097 -0.051823 0.993004
    outer loop
      vertex 40.9067 -9.6 30.2448
      vertex 35.4933 -10.8 30.7606
      vertex 41.1692 -10.8 30.1541
    endloop
  endfacet
  facet normal 0.106286 -0.052702 0.992938
    outer loop
      vertex 40.9067 -9.6 30.2448
      vertex 35.2215 -9.6 30.8533
      vertex 35.4933 -10.8 30.7606
    endloop
  endfacet
  facet normal 0.0931305 -0.0557711 0.994091
    outer loop
      vertex 35.2215 -9.6 30.8533
      vertex 29.8234 -10.8 31.2917
      vertex 35.4933 -10.8 30.7606
    endloop
  endfacet
  facet normal 0.0932996 -0.0565537 0.994031
    outer loop
      vertex 35.2215 -9.6 30.8533
      vertex 29.5422 -9.6 31.3864
      vertex 29.8234 -10.8 31.2917
    endloop
  endfacet
  facet normal 0.0795771 -0.059848 0.995031
    outer loop
      vertex 29.5422 -9.6 31.3864
      vertex 24.162 -10.8 31.7445
      vertex 29.8234 -10.8 31.2917
    endloop
  endfacet
  facet normal 0.0797262 -0.0605323 0.994977
    outer loop
      vertex 29.5422 -9.6 31.3864
      vertex 23.8715 -9.6 31.8408
      vertex 24.162 -10.8 31.7445
    endloop
  endfacet
  facet normal 0.065195 -0.0641172 0.995811
    outer loop
      vertex 23.8715 -9.6 31.8408
      vertex 18.5104 -10.8 32.1145
      vertex 24.162 -10.8 31.7445
    endloop
  endfacet
  facet normal 0.0653225 -0.0646972 0.995765
    outer loop
      vertex 23.8715 -9.6 31.8408
      vertex 18.2105 -9.6 32.2121
      vertex 18.5104 -10.8 32.1145
    endloop
  endfacet
  facet normal 0.0499719 -0.0685841 0.996393
    outer loop
      vertex 18.2105 -9.6 32.2121
      vertex 12.869 -10.8 32.3974
      vertex 18.5104 -10.8 32.1145
    endloop
  endfacet
  facet normal 0.0500767 -0.0690566 0.996355
    outer loop
      vertex 18.2105 -9.6 32.2121
      vertex 12.5598 -9.6 32.4962
      vertex 12.869 -10.8 32.3974
    endloop
  endfacet
  facet normal 0.033911 -0.0732527 0.996737
    outer loop
      vertex 12.5598 -9.6 32.4962
      vertex 7.23753 -10.8 32.589
      vertex 12.869 -10.8 32.3974
    endloop
  endfacet
  facet normal 0.0339916 -0.0736128 0.996707
    outer loop
      vertex 12.5598 -9.6 32.4962
      vertex 6.91909 -9.6 32.6885
      vertex 7.23753 -10.8 32.589
    endloop
  endfacet
  facet normal 0.0169677 -0.078138 0.996798
    outer loop
      vertex 6.91909 -9.6 32.6885
      vertex 1.62044 -10.8 32.6847
      vertex 7.23753 -10.8 32.589
    endloop
  endfacet
  facet normal 0.0170219 -0.0783772 0.996778
    outer loop
      vertex 6.91909 -9.6 32.6885
      vertex 1.29274 -9.6 32.7846
      vertex 1.62044 -10.8 32.6847
    endloop
  endfacet
  facet normal -0.00124489 -0.083344 0.99652
    outer loop
      vertex 1.29274 -9.6 32.7846
      vertex -3.97382 -10.8 32.6777
      vertex 1.62044 -10.8 32.6847
    endloop
  endfacet
  facet normal -0.00121908 -0.0834564 0.996511
    outer loop
      vertex 1.29274 -9.6 32.7846
      vertex -4.31074 -9.6 32.7777
      vertex -3.97382 -10.8 32.6777
    endloop
  endfacet
  facet normal -0.0213762 -0.0890564 0.995797
    outer loop
      vertex -4.31074 -9.6 32.7777
      vertex -9.53901 -10.8 32.5582
      vertex -3.97382 -10.8 32.6777
    endloop
  endfacet
  facet normal -0.0213834 -0.0890257 0.9958
    outer loop
      vertex -4.31074 -9.6 32.7777
      vertex -9.8851 -9.6 32.658
      vertex -9.53901 -10.8 32.5582
    endloop
  endfacet
  facet normal -0.0434392 -0.0952789 0.994502
    outer loop
      vertex -9.8851 -9.6 32.658
      vertex -15.0738 -10.8 32.3164
      vertex -9.53901 -10.8 32.5582
    endloop
  endfacet
  facet normal -0.0434806 -0.0951038 0.994517
    outer loop
      vertex -9.8851 -9.6 32.658
      vertex -15.429 -9.6 32.4157
      vertex -15.0738 -10.8 32.3164
    endloop
  endfacet
  facet normal -0.0673592 -0.102005 0.992501
    outer loop
      vertex -15.429 -9.6 32.4157
      vertex -20.5784 -10.8 31.9429
      vertex -15.0738 -10.8 32.3164
    endloop
  endfacet
  facet normal -0.0674403 -0.101668 0.99253
    outer loop
      vertex -15.429 -9.6 32.4157
      vertex -20.9426 -9.6 32.041
      vertex -20.5784 -10.8 31.9429
    endloop
  endfacet
  facet normal -0.093129 -0.10923 0.989644
    outer loop
      vertex -20.9426 -9.6 32.041
      vertex -26.0499 -10.8 31.428
      vertex -20.5784 -10.8 31.9429
    endloop
  endfacet
  facet normal -0.093254 -0.108721 0.989689
    outer loop
      vertex -20.9426 -9.6 32.041
      vertex -26.4231 -9.6 31.5246
      vertex -26.0499 -10.8 31.428
    endloop
  endfacet
  facet normal -0.120908 -0.117005 0.985744
    outer loop
      vertex -26.4231 -9.6 31.5246
      vertex -31.4833 -10.8 30.7615
      vertex -26.0499 -10.8 31.428
    endloop
  endfacet
  facet normal -0.121081 -0.116317 0.985804
    outer loop
      vertex -26.4231 -9.6 31.5246
      vertex -31.8655 -9.6 30.8562
      vertex -31.4833 -10.8 30.7615
    endloop
  endfacet
  facet normal -0.150698 -0.12534 0.980602
    outer loop
      vertex -31.8655 -9.6 30.8562
      vertex -36.6733 -10.8 29.9639
      vertex -31.4833 -10.8 30.7615
    endloop
  endfacet
  facet normal -0.150691 -0.125367 0.980599
    outer loop
      vertex -36.6733 -10.8 29.9639
      vertex -31.8655 -9.6 30.8562
      vertex -36.679 -10.7542 29.9689
    endloop
  endfacet
  facet normal -0.150922 -0.124464 0.980679
    outer loop
      vertex -31.8655 -9.6 30.8562
      vertex -36.8241 -9.6 30.0931
      vertex -36.679 -10.7542 29.9689
    endloop
  endfacet
  facet normal 0.219548 -0.0153359 0.975481
    outer loop
      vertex 108.547 -11.0332 18.1046
      vertex 104.055 -12 19.1004
      vertex 108.48 -12 18.1046
    endloop
  endfacet
  facet normal 0.219978 -0.0174693 0.975348
    outer loop
      vertex 103.861 -10.8 19.1657
      vertex 108.547 -11.0332 18.1046
      vertex 108.566 -10.8 18.1046
    endloop
  endfacet
  facet normal 0.219978 -0.0174711 0.975348
    outer loop
      vertex 108.547 -11.0332 18.1046
      vertex 103.861 -10.8 19.1657
      vertex 104.055 -12 19.1004
    endloop
  endfacet
  facet normal 0.215169 -0.0183079 0.976405
    outer loop
      vertex 103.861 -10.8 19.1657
      vertex 98.321 -12 20.3641
      vertex 104.055 -12 19.1004
    endloop
  endfacet
  facet normal 0.21559 -0.0203875 0.976271
    outer loop
      vertex 103.861 -10.8 19.1657
      vertex 98.115 -10.8 20.4346
      vertex 98.321 -12 20.3641
    endloop
  endfacet
  facet normal 0.209411 -0.0215263 0.977591
    outer loop
      vertex 98.115 -10.8 20.4346
      vertex 92.6032 -12 21.5889
      vertex 98.321 -12 20.3641
    endloop
  endfacet
  facet normal 0.209823 -0.0235464 0.977456
    outer loop
      vertex 98.115 -10.8 20.4346
      vertex 92.3855 -10.8 21.6645
      vertex 92.6032 -12 21.5889
    endloop
  endfacet
  facet normal 0.20241 -0.0249872 0.978982
    outer loop
      vertex 92.3855 -10.8 21.6645
      vertex 86.8974 -12 22.7686
      vertex 92.6032 -12 21.5889
    endloop
  endfacet
  facet normal 0.202808 -0.0269336 0.978848
    outer loop
      vertex 92.3855 -10.8 21.6645
      vertex 86.6681 -10.8 22.8491
      vertex 86.8974 -12 22.7686
    endloop
  endfacet
  facet normal 0.194277 -0.0286761 0.980527
    outer loop
      vertex 86.6681 -10.8 22.8491
      vertex 81.2031 -12 23.8968
      vertex 86.8974 -12 22.7686
    endloop
  endfacet
  facet normal 0.194662 -0.0305452 0.980395
    outer loop
      vertex 86.6681 -10.8 22.8491
      vertex 80.9623 -10.8 23.982
      vertex 81.2031 -12 23.8968
    endloop
  endfacet
  facet normal 0.185147 -0.0325805 0.982171
    outer loop
      vertex 80.9623 -10.8 23.982
      vertex 75.519 -12 24.9683
      vertex 81.2031 -12 23.8968
    endloop
  endfacet
  facet normal 0.185516 -0.0343617 0.98204
    outer loop
      vertex 80.9623 -10.8 23.982
      vertex 75.2667 -10.8 25.058
      vertex 75.519 -12 24.9683
    endloop
  endfacet
  facet normal 0.175104 -0.0366875 0.983866
    outer loop
      vertex 75.2667 -10.8 25.058
      vertex 69.8423 -12 25.9786
      vertex 75.519 -12 24.9683
    endloop
  endfacet
  facet normal 0.175455 -0.0383728 0.983739
    outer loop
      vertex 75.2667 -10.8 25.058
      vertex 69.5785 -10.8 26.0725
      vertex 69.8423 -12 25.9786
    endloop
  endfacet
  facet normal 0.164483 -0.0409252 0.98553
    outer loop
      vertex 69.5785 -10.8 26.0725
      vertex 64.1696 -12 26.9254
      vertex 69.8423 -12 25.9786
    endloop
  endfacet
  facet normal 0.164816 -0.0425123 0.985408
    outer loop
      vertex 69.5785 -10.8 26.0725
      vertex 63.8943 -10.8 27.0232
      vertex 64.1696 -12 26.9254
    endloop
  endfacet
  facet normal 0.153418 -0.0452676 0.987124
    outer loop
      vertex 63.8943 -10.8 27.0232
      vertex 58.4981 -12 27.8069
      vertex 64.1696 -12 26.9254
    endloop
  endfacet
  facet normal 0.153732 -0.0467574 0.987006
    outer loop
      vertex 63.8943 -10.8 27.0232
      vertex 58.2112 -10.8 27.9084
      vertex 58.4981 -12 27.8069
    endloop
  endfacet
  facet normal 0.141985 -0.0497017 0.98862
    outer loop
      vertex 58.2112 -10.8 27.9084
      vertex 52.8277 -12 28.6212
      vertex 58.4981 -12 27.8069
    endloop
  endfacet
  facet normal 0.142278 -0.0510843 0.988508
    outer loop
      vertex 58.2112 -10.8 27.9084
      vertex 52.5293 -10.8 28.7262
      vertex 52.8277 -12 28.6212
    endloop
  endfacet
  facet normal 0.130237 -0.0542082 0.99
    outer loop
      vertex 52.5293 -10.8 28.7262
      vertex 47.1579 -12 29.3671
      vertex 52.8277 -12 28.6212
    endloop
  endfacet
  facet normal 0.130511 -0.0554888 0.989893
    outer loop
      vertex 52.5293 -10.8 28.7262
      vertex 46.8481 -10.8 29.4752
      vertex 47.1579 -12 29.3671
    endloop
  endfacet
  facet normal 0.118235 -0.0587798 0.991244
    outer loop
      vertex 46.8481 -10.8 29.4752
      vertex 41.4905 -12 30.0431
      vertex 47.1579 -12 29.3671
    endloop
  endfacet
  facet normal 0.118487 -0.0599524 0.991144
    outer loop
      vertex 46.8481 -10.8 29.4752
      vertex 41.1692 -10.8 30.1541
      vertex 41.4905 -12 30.0431
    endloop
  endfacet
  facet normal 0.105789 -0.0634647 0.992361
    outer loop
      vertex 41.1692 -10.8 30.1541
      vertex 35.8261 -12 30.647
      vertex 41.4905 -12 30.0431
    endloop
  endfacet
  facet normal 0.106019 -0.0645261 0.992268
    outer loop
      vertex 41.1692 -10.8 30.1541
      vertex 35.4933 -10.8 30.7606
      vertex 35.8261 -12 30.647
    endloop
  endfacet
  facet normal 0.0928452 -0.0682803 0.993337
    outer loop
      vertex 35.4933 -10.8 30.7606
      vertex 30.1676 -12 31.1759
      vertex 35.8261 -12 30.647
    endloop
  endfacet
  facet normal 0.0930519 -0.0692272 0.993252
    outer loop
      vertex 35.4933 -10.8 30.7606
      vertex 29.8234 -10.8 31.2917
      vertex 30.1676 -12 31.1759
    endloop
  endfacet
  facet normal 0.0793186 -0.0732538 0.994154
    outer loop
      vertex 29.8234 -10.8 31.2917
      vertex 24.5176 -12 31.6266
      vertex 30.1676 -12 31.1759
    endloop
  endfacet
  facet normal 0.0795009 -0.0740812 0.994078
    outer loop
      vertex 29.8234 -10.8 31.2917
      vertex 24.162 -10.8 31.7445
      vertex 24.5176 -12 31.6266
    endloop
  endfacet
  facet normal 0.0649682 -0.0784591 0.994798
    outer loop
      vertex 24.162 -10.8 31.7445
      vertex 18.8775 -12 31.995
      vertex 24.5176 -12 31.6266
    endloop
  endfacet
  facet normal 0.0651244 -0.0791609 0.994732
    outer loop
      vertex 24.162 -10.8 31.7445
      vertex 18.5104 -10.8 32.1145
      vertex 18.8775 -12 31.995
    endloop
  endfacet
  facet normal 0.0497829 -0.0839032 0.99523
    outer loop
      vertex 18.5104 -10.8 32.1145
      vertex 13.2474 -12 32.2766
      vertex 18.8775 -12 31.995
    endloop
  endfacet
  facet normal 0.0499108 -0.0844715 0.995175
    outer loop
      vertex 18.5104 -10.8 32.1145
      vertex 12.869 -10.8 32.3974
      vertex 13.2474 -12 32.2766
    endloop
  endfacet
  facet normal 0.033766 -0.0895867 0.995406
    outer loop
      vertex 12.869 -10.8 32.3974
      vertex 7.62736 -12 32.4672
      vertex 13.2474 -12 32.2766
    endloop
  endfacet
  facet normal 0.0338643 -0.0900185 0.995364
    outer loop
      vertex 12.869 -10.8 32.3974
      vertex 7.23753 -10.8 32.589
      vertex 7.62736 -12 32.4672
    endloop
  endfacet
  facet normal 0.0168753 -0.0955293 0.995284
    outer loop
      vertex 7.23753 -10.8 32.589
      vertex 2.02161 -12 32.5623
      vertex 7.62736 -12 32.4672
    endloop
  endfacet
  facet normal 0.0169414 -0.0958163 0.995255
    outer loop
      vertex 7.23753 -10.8 32.589
      vertex 1.62044 -10.8 32.6847
      vertex 2.02161 -12 32.5623
    endloop
  endfacet
  facet normal -0.00127447 -0.101859 0.994798
    outer loop
      vertex 1.62044 -10.8 32.6847
      vertex -3.56136 -12 32.5551
      vertex 2.02161 -12 32.5623
    endloop
  endfacet
  facet normal -0.00124272 -0.101995 0.994784
    outer loop
      vertex 1.62044 -10.8 32.6847
      vertex -3.97382 -10.8 32.6777
      vertex -3.56136 -12 32.5551
    endloop
  endfacet
  facet normal -0.0213267 -0.108801 0.993835
    outer loop
      vertex -3.97382 -10.8 32.6777
      vertex -9.11533 -12 32.436
      vertex -3.56136 -12 32.5551
    endloop
  endfacet
  facet normal -0.0213342 -0.10877 0.993838
    outer loop
      vertex -3.97382 -10.8 32.6777
      vertex -9.53901 -10.8 32.5582
      vertex -9.11533 -12 32.436
    endloop
  endfacet
  facet normal -0.0432905 -0.116361 0.992263
    outer loop
      vertex -9.53901 -10.8 32.5582
      vertex -14.639 -12 32.195
      vertex -9.11533 -12 32.436
    endloop
  endfacet
  facet normal -0.0433423 -0.116148 0.992286
    outer loop
      vertex -9.53901 -10.8 32.5582
      vertex -15.0738 -10.8 32.3164
      vertex -14.639 -12 32.195
    endloop
  endfacet
  facet normal -0.0670881 -0.124516 0.989947
    outer loop
      vertex -15.0738 -10.8 32.3164
      vertex -20.1324 -12 31.8227
      vertex -14.639 -12 32.195
    endloop
  endfacet
  facet normal -0.0671888 -0.124109 0.989991
    outer loop
      vertex -15.0738 -10.8 32.3164
      vertex -20.5784 -10.8 31.9429
      vertex -20.1324 -12 31.8227
    endloop
  endfacet
  facet normal -0.0927079 -0.133266 0.986735
    outer loop
      vertex -20.5784 -10.8 31.9429
      vertex -25.5929 -12 31.3096
      vertex -20.1324 -12 31.8227
    endloop
  endfacet
  facet normal -0.0928615 -0.13266 0.986802
    outer loop
      vertex -20.5784 -10.8 31.9429
      vertex -26.0499 -10.8 31.428
      vertex -25.5929 -12 31.3096
    endloop
  endfacet
  facet normal -0.1203 -0.142677 0.982431
    outer loop
      vertex -26.0499 -10.8 31.428
      vertex -31.0154 -12 30.6457
      vertex -25.5929 -12 31.3096
    endloop
  endfacet
  facet normal -0.120513 -0.141856 0.982524
    outer loop
      vertex -26.0499 -10.8 31.428
      vertex -31.4833 -10.8 30.7615
      vertex -31.0154 -12 30.6457
    endloop
  endfacet
  facet normal -0.14986 -0.152749 0.976837
    outer loop
      vertex -31.4833 -10.8 30.7615
      vertex -36.3913 -12 29.8209
      vertex -31.0154 -12 30.6457
    endloop
  endfacet
  facet normal -0.150138 -0.151706 0.976956
    outer loop
      vertex -31.4833 -10.8 30.7615
      vertex -36.5498 -11.6028 29.8582
      vertex -36.3913 -12 29.8209
    endloop
  endfacet
  facet normal -0.150138 -0.151703 0.976957
    outer loop
      vertex -36.5498 -11.6028 29.8582
      vertex -31.4833 -10.8 30.7615
      vertex -36.6733 -10.8 29.9639
    endloop
  endfacet
  facet normal -0.18198 -0.163716 0.969577
    outer loop
      vertex -36.3913 -12 29.8209
      vertex -36.5498 -11.6028 29.8582
      vertex -36.4855 -12 29.8032
    endloop
  endfacet
  facet normal 0.219009 -0.0185038 0.975547
    outer loop
      vertex 108.452 -12.2958 18.1046
      vertex 104.289 -13.2 19.022
      vertex 108.375 -13.2 18.1046
    endloop
  endfacet
  facet normal 0.219525 -0.0210558 0.97538
    outer loop
      vertex 104.055 -12 19.1004
      vertex 108.452 -12.2958 18.1046
      vertex 108.48 -12 18.1046
    endloop
  endfacet
  facet normal 0.219525 -0.0210516 0.97538
    outer loop
      vertex 108.452 -12.2958 18.1046
      vertex 104.055 -12 19.1004
      vertex 104.289 -13.2 19.022
    endloop
  endfacet
  facet normal 0.214633 -0.0220724 0.976445
    outer loop
      vertex 104.055 -12 19.1004
      vertex 98.5683 -13.2 20.2794
      vertex 104.289 -13.2 19.022
    endloop
  endfacet
  facet normal 0.21514 -0.0245571 0.976274
    outer loop
      vertex 104.055 -12 19.1004
      vertex 98.321 -12 20.3641
      vertex 98.5683 -13.2 20.2794
    endloop
  endfacet
  facet normal 0.208881 -0.02594 0.977597
    outer loop
      vertex 98.321 -12 20.3641
      vertex 92.8644 -13.2 21.4981
      vertex 98.5683 -13.2 20.2794
    endloop
  endfacet
  facet normal 0.209375 -0.0283492 0.977424
    outer loop
      vertex 98.321 -12 20.3641
      vertex 92.6032 -12 21.5889
      vertex 92.8644 -13.2 21.4981
    endloop
  endfacet
  facet normal 0.201888 -0.030094 0.978946
    outer loop
      vertex 92.6032 -12 21.5889
      vertex 87.1724 -13.2 22.672
      vertex 92.8644 -13.2 21.4981
    endloop
  endfacet
  facet normal 0.202366 -0.0324146 0.978773
    outer loop
      vertex 92.6032 -12 21.5889
      vertex 86.8974 -12 22.7686
      vertex 87.1724 -13.2 22.672
    endloop
  endfacet
  facet normal 0.193764 -0.0345207 0.980441
    outer loop
      vertex 86.8974 -12 22.7686
      vertex 81.492 -13.2 23.7946
      vertex 87.1724 -13.2 22.672
    endloop
  endfacet
  facet normal 0.194226 -0.0367471 0.980268
    outer loop
      vertex 86.8974 -12 22.7686
      vertex 81.2031 -12 23.8968
      vertex 81.492 -13.2 23.7946
    endloop
  endfacet
  facet normal 0.184645 -0.0392034 0.982023
    outer loop
      vertex 81.2031 -12 23.8968
      vertex 75.8218 -13.2 24.8607
      vertex 81.492 -13.2 23.7946
    endloop
  endfacet
  facet normal 0.185087 -0.0413219 0.981853
    outer loop
      vertex 81.2031 -12 23.8968
      vertex 75.519 -12 24.9683
      vertex 75.8218 -13.2 24.8607
    endloop
  endfacet
  facet normal 0.174614 -0.0441252 0.983648
    outer loop
      vertex 75.519 -12 24.9683
      vertex 70.1589 -13.2 25.866
      vertex 75.8218 -13.2 24.8607
    endloop
  endfacet
  facet normal 0.175035 -0.0461321 0.983481
    outer loop
      vertex 75.519 -12 24.9683
      vertex 69.8423 -12 25.9786
      vertex 70.1589 -13.2 25.866
    endloop
  endfacet
  facet normal 0.164008 -0.0492057 0.985231
    outer loop
      vertex 69.8423 -12 25.9786
      vertex 64.5 -13.2 26.808
      vertex 70.1589 -13.2 25.866
    endloop
  endfacet
  facet normal 0.164406 -0.051093 0.985069
    outer loop
      vertex 69.8423 -12 25.9786
      vertex 64.1696 -12 26.9254
      vertex 64.5 -13.2 26.808
    endloop
  endfacet
  facet normal 0.152957 -0.054408 0.986734
    outer loop
      vertex 64.1696 -12 26.9254
      vertex 58.8422 -13.2 27.685
      vertex 64.5 -13.2 26.808
    endloop
  endfacet
  facet normal 0.153333 -0.0561737 0.986577
    outer loop
      vertex 64.1696 -12 26.9254
      vertex 58.4981 -12 27.8069
      vertex 58.8422 -13.2 27.685
    endloop
  endfacet
  facet normal 0.141541 -0.0597134 0.98813
    outer loop
      vertex 58.4981 -12 27.8069
      vertex 53.1856 -13.2 28.4953
      vertex 58.8422 -13.2 27.685
    endloop
  endfacet
  facet normal 0.141893 -0.0613593 0.987978
    outer loop
      vertex 58.4981 -12 27.8069
      vertex 52.8277 -12 28.6212
      vertex 53.1856 -13.2 28.4953
    endloop
  endfacet
  facet normal 0.129812 -0.0651118 0.989398
    outer loop
      vertex 52.8277 -12 28.6212
      vertex 47.5296 -13.2 29.2374
      vertex 53.1856 -13.2 28.4953
    endloop
  endfacet
  facet normal 0.130139 -0.066628 0.989255
    outer loop
      vertex 52.8277 -12 28.6212
      vertex 47.1579 -12 29.3671
      vertex 47.5296 -13.2 29.2374
    endloop
  endfacet
  facet normal 0.117831 -0.070578 0.990522
    outer loop
      vertex 47.1579 -12 29.3671
      vertex 41.876 -13.2 29.9099
      vertex 47.5296 -13.2 29.2374
    endloop
  endfacet
  facet normal 0.118133 -0.0719667 0.990387
    outer loop
      vertex 47.1579 -12 29.3671
      vertex 41.4905 -12 30.0431
      vertex 41.876 -13.2 29.9099
    endloop
  endfacet
  facet normal 0.105409 -0.0761787 0.991507
    outer loop
      vertex 41.4905 -12 30.0431
      vertex 36.2254 -13.2 30.5107
      vertex 41.876 -13.2 29.9099
    endloop
  endfacet
  facet normal 0.105684 -0.0774368 0.99138
    outer loop
      vertex 41.4905 -12 30.0431
      vertex 35.8261 -12 30.647
      vertex 36.2254 -13.2 30.5107
    endloop
  endfacet
  facet normal 0.0924934 -0.0819346 0.992336
    outer loop
      vertex 35.8261 -12 30.647
      vertex 30.5806 -13.2 31.0368
      vertex 36.2254 -13.2 30.5107
    endloop
  endfacet
  facet normal 0.0927408 -0.0830538 0.99222
    outer loop
      vertex 35.8261 -12 30.647
      vertex 30.1676 -12 31.1759
      vertex 30.5806 -13.2 31.0368
    endloop
  endfacet
  facet normal 0.0789992 -0.0878733 0.992994
    outer loop
      vertex 30.1676 -12 31.1759
      vertex 24.9444 -13.2 31.4852
      vertex 30.5806 -13.2 31.0368
    endloop
  endfacet
  facet normal 0.0792177 -0.0888512 0.99289
    outer loop
      vertex 30.1676 -12 31.1759
      vertex 24.5176 -12 31.6266
      vertex 24.9444 -13.2 31.4852
    endloop
  endfacet
  facet normal 0.0646875 -0.0940858 0.99346
    outer loop
      vertex 24.5176 -12 31.6266
      vertex 19.3179 -13.2 31.8516
      vertex 24.9444 -13.2 31.4852
    endloop
  endfacet
  facet normal 0.0648748 -0.0949148 0.993369
    outer loop
      vertex 24.5176 -12 31.6266
      vertex 18.8775 -12 31.995
      vertex 19.3179 -13.2 31.8516
    endloop
  endfacet
  facet normal 0.0495486 -0.100579 0.993695
    outer loop
      vertex 18.8775 -12 31.995
      vertex 13.7016 -13.2 32.1316
      vertex 19.3179 -13.2 31.8516
    endloop
  endfacet
  facet normal 0.0497023 -0.10125 0.993619
    outer loop
      vertex 18.8775 -12 31.995
      vertex 13.2474 -12 32.2766
      vertex 13.7016 -13.2 32.1316
    endloop
  endfacet
  facet normal 0.0335863 -0.107353 0.993653
    outer loop
      vertex 13.2474 -12 32.2766
      vertex 8.09513 -13.2 32.3211
      vertex 13.7016 -13.2 32.1316
    endloop
  endfacet
  facet normal 0.0337045 -0.107863 0.993594
    outer loop
      vertex 13.2474 -12 32.2766
      vertex 7.62736 -12 32.4672
      vertex 8.09513 -13.2 32.3211
    endloop
  endfacet
  facet normal 0.0167611 -0.11443 0.99329
    outer loop
      vertex 7.62736 -12 32.4672
      vertex 2.50297 -13.2 32.4155
      vertex 8.09513 -13.2 32.3211
    endloop
  endfacet
  facet normal 0.0168408 -0.114769 0.993249
    outer loop
      vertex 7.62736 -12 32.4672
      vertex 2.02161 -12 32.5623
      vertex 2.50297 -13.2 32.4155
    endloop
  endfacet
  facet normal -0.00130934 -0.121962 0.992534
    outer loop
      vertex 2.02161 -12 32.5623
      vertex -3.06646 -13.2 32.4081
      vertex 2.50297 -13.2 32.4155
    endloop
  endfacet
  facet normal -0.00127155 -0.122119 0.992515
    outer loop
      vertex 2.02161 -12 32.5623
      vertex -3.56136 -12 32.5551
      vertex -3.06646 -13.2 32.4081
    endloop
  endfacet
  facet normal -0.0212617 -0.13021 0.991258
    outer loop
      vertex -3.56136 -12 32.5551
      vertex -8.60696 -13.2 32.2893
      vertex -3.06646 -13.2 32.4081
    endloop
  endfacet
  facet normal -0.0212715 -0.13017 0.991264
    outer loop
      vertex -3.56136 -12 32.5551
      vertex -9.11533 -12 32.436
      vertex -8.60696 -13.2 32.2893
    endloop
  endfacet
  facet normal -0.0431023 -0.139182 0.989328
    outer loop
      vertex -9.11533 -12 32.436
      vertex -14.1172 -13.2 32.0492
      vertex -8.60696 -13.2 32.2893
    endloop
  endfacet
  facet normal -0.0431638 -0.138935 0.98936
    outer loop
      vertex -9.11533 -12 32.436
      vertex -14.639 -12 32.195
      vertex -14.1172 -13.2 32.0492
    endloop
  endfacet
  facet normal -0.0667445 -0.148853 0.986604
    outer loop
      vertex -14.639 -12 32.195
      vertex -19.5974 -13.2 31.6785
      vertex -14.1172 -13.2 32.0492
    endloop
  endfacet
  facet normal -0.0668659 -0.148379 0.986667
    outer loop
      vertex -14.639 -12 32.195
      vertex -20.1324 -12 31.8227
      vertex -19.5974 -13.2 31.6785
    endloop
  endfacet
  facet normal -0.0921732 -0.159214 0.982932
    outer loop
      vertex -20.1324 -12 31.8227
      vertex -25.0446 -13.2 31.1677
      vertex -19.5974 -13.2 31.6785
    endloop
  endfacet
  facet normal -0.0923598 -0.158504 0.983029
    outer loop
      vertex -20.1324 -12 31.8227
      vertex -25.5929 -12 31.3096
      vertex -25.0446 -13.2 31.1677
    endloop
  endfacet
  facet normal -0.119529 -0.170336 0.97811
    outer loop
      vertex -25.5929 -12 31.3096
      vertex -30.454 -13.2 30.5066
      vertex -25.0446 -13.2 31.1677
    endloop
  endfacet
  facet normal -0.119788 -0.169378 0.978244
    outer loop
      vertex -25.5929 -12 31.3096
      vertex -31.0154 -12 30.6457
      vertex -30.454 -13.2 30.5066
    endloop
  endfacet
  facet normal -0.148796 -0.182219 0.971934
    outer loop
      vertex -31.0154 -12 30.6457
      vertex -35.8169 -13.2 29.6856
      vertex -30.454 -13.2 30.5066
    endloop
  endfacet
  facet normal -0.149134 -0.181005 0.972109
    outer loop
      vertex -31.0154 -12 30.6457
      vertex -36.3913 -12 29.8209
      vertex -35.8169 -13.2 29.6856
    endloop
  endfacet
  facet normal -0.180542 -0.195128 0.964018
    outer loop
      vertex -36.3913 -12 29.8209
      vertex -36.2528 -13.2 29.604
      vertex -35.8169 -13.2 29.6856
    endloop
  endfacet
  facet normal -0.180534 -0.195127 0.964019
    outer loop
      vertex -36.2528 -13.2 29.604
      vertex -36.3913 -12 29.8209
      vertex -36.4811 -12.0228 29.7995
    endloop
  endfacet
  facet normal -0.180979 -0.193585 0.964247
    outer loop
      vertex -36.3913 -12 29.8209
      vertex -36.4855 -12 29.8032
      vertex -36.4811 -12.0228 29.7995
    endloop
  endfacet
  facet normal 0.218367 -0.0219657 0.975619
    outer loop
      vertex 108.333 -13.573 18.1046
      vertex 104.564 -14.4 18.9295
      vertex 108.249 -14.4 18.1046
    endloop
  endfacet
  facet normal 0.218978 -0.0249582 0.97541
    outer loop
      vertex 104.289 -13.2 19.022
      vertex 108.333 -13.573 18.1046
      vertex 108.375 -13.2 18.1046
    endloop
  endfacet
  facet normal 0.218978 -0.024958 0.97541
    outer loop
      vertex 108.333 -13.573 18.1046
      vertex 104.289 -13.2 19.022
      vertex 104.564 -14.4 18.9295
    endloop
  endfacet
  facet normal 0.213997 -0.026183 0.976483
    outer loop
      vertex 104.289 -13.2 19.022
      vertex 98.8599 -14.4 20.1795
      vertex 104.564 -14.4 18.9295
    endloop
  endfacet
  facet normal 0.214595 -0.029095 0.97627
    outer loop
      vertex 104.289 -13.2 19.022
      vertex 98.5683 -13.2 20.2794
      vertex 98.8599 -14.4 20.1795
    endloop
  endfacet
  facet normal 0.208251 -0.0307467 0.977592
    outer loop
      vertex 98.5683 -13.2 20.2794
      vertex 93.1724 -14.4 21.3911
      vertex 98.8599 -14.4 20.1795
    endloop
  endfacet
  facet normal 0.208834 -0.033568 0.977375
    outer loop
      vertex 98.5683 -13.2 20.2794
      vertex 92.8644 -13.2 21.4981
      vertex 93.1724 -14.4 21.3911
    endloop
  endfacet
  facet normal 0.201266 -0.0356459 0.978888
    outer loop
      vertex 92.8644 -13.2 21.4981
      vertex 87.4969 -14.4 22.558
      vertex 93.1724 -14.4 21.3911
    endloop
  endfacet
  facet normal 0.201831 -0.0383679 0.978669
    outer loop
      vertex 92.8644 -13.2 21.4981
      vertex 87.1724 -13.2 22.672
      vertex 87.4969 -14.4 22.558
    endloop
  endfacet
  facet normal 0.193153 -0.0408706 0.980317
    outer loop
      vertex 87.1724 -13.2 22.672
      vertex 81.8328 -14.4 23.674
      vertex 87.4969 -14.4 22.558
    endloop
  endfacet
  facet normal 0.193696 -0.043474 0.980098
    outer loop
      vertex 87.1724 -13.2 22.672
      vertex 81.492 -13.2 23.7946
      vertex 81.8328 -14.4 23.674
    endloop
  endfacet
  facet normal 0.184045 -0.0463881 0.981823
    outer loop
      vertex 81.492 -13.2 23.7946
      vertex 76.1789 -14.4 24.7339
      vertex 81.8328 -14.4 23.674
    endloop
  endfacet
  facet normal 0.184567 -0.0488659 0.981604
    outer loop
      vertex 81.492 -13.2 23.7946
      vertex 75.8218 -13.2 24.8607
      vertex 76.1789 -14.4 24.7339
    endloop
  endfacet
  facet normal 0.174029 -0.052187 0.983357
    outer loop
      vertex 75.8218 -13.2 24.8607
      vertex 70.5323 -14.4 25.7332
      vertex 76.1789 -14.4 24.7339
    endloop
  endfacet
  facet normal 0.174524 -0.0545285 0.983142
    outer loop
      vertex 75.8218 -13.2 24.8607
      vertex 70.1589 -13.2 25.866
      vertex 70.5323 -14.4 25.7332
    endloop
  endfacet
  facet normal 0.163437 -0.0581661 0.984838
    outer loop
      vertex 70.1589 -13.2 25.866
      vertex 64.8897 -14.4 26.6696
      vertex 70.5323 -14.4 25.7332
    endloop
  endfacet
  facet normal 0.163907 -0.0603717 0.984627
    outer loop
      vertex 70.1589 -13.2 25.866
      vertex 64.5 -13.2 26.808
      vertex 64.8897 -14.4 26.6696
    endloop
  endfacet
  facet normal 0.152404 -0.0642913 0.986225
    outer loop
      vertex 64.5 -13.2 26.808
      vertex 59.2482 -14.4 27.5414
      vertex 64.8897 -14.4 26.6696
    endloop
  endfacet
  facet normal 0.152847 -0.0663522 0.98602
    outer loop
      vertex 64.5 -13.2 26.808
      vertex 58.8422 -13.2 27.685
      vertex 59.2482 -14.4 27.5414
    endloop
  endfacet
  facet normal 0.141007 -0.0705336 0.987493
    outer loop
      vertex 58.8422 -13.2 27.685
      vertex 53.6078 -14.4 28.3468
      vertex 59.2482 -14.4 27.5414
    endloop
  endfacet
  facet normal 0.141421 -0.0724487 0.987295
    outer loop
      vertex 58.8422 -13.2 27.685
      vertex 53.1856 -13.2 28.4953
      vertex 53.6078 -14.4 28.3468
    endloop
  endfacet
  facet normal 0.1293 -0.0768773 0.988621
    outer loop
      vertex 53.1856 -13.2 28.4953
      vertex 47.9681 -14.4 29.0844
      vertex 53.6078 -14.4 28.3468
    endloop
  endfacet
  facet normal 0.129686 -0.0786458 0.988431
    outer loop
      vertex 53.1856 -13.2 28.4953
      vertex 47.5296 -13.2 29.2374
      vertex 47.9681 -14.4 29.0844
    endloop
  endfacet
  facet normal 0.117344 -0.0833031 0.989591
    outer loop
      vertex 47.5296 -13.2 29.2374
      vertex 42.3307 -14.4 29.7529
      vertex 47.9681 -14.4 29.0844
    endloop
  endfacet
  facet normal 0.117699 -0.0849188 0.989412
    outer loop
      vertex 47.5296 -13.2 29.2374
      vertex 41.876 -13.2 29.9099
      vertex 42.3307 -14.4 29.7529
    endloop
  endfacet
  facet normal 0.10495 -0.0898799 0.990408
    outer loop
      vertex 41.876 -13.2 29.9099
      vertex 36.6963 -14.4 30.3499
      vertex 42.3307 -14.4 29.7529
    endloop
  endfacet
  facet normal 0.105274 -0.0913406 0.990239
    outer loop
      vertex 41.876 -13.2 29.9099
      vertex 36.2254 -13.2 30.5107
      vertex 36.6963 -14.4 30.3499
    endloop
  endfacet
  facet normal 0.0920676 -0.0966324 0.991053
    outer loop
      vertex 36.2254 -13.2 30.5107
      vertex 31.0678 -14.4 30.8728
      vertex 36.6963 -14.4 30.3499
    endloop
  endfacet
  facet normal 0.0923593 -0.097933 0.990898
    outer loop
      vertex 36.2254 -13.2 30.5107
      vertex 30.5806 -13.2 31.0368
      vertex 31.0678 -14.4 30.8728
    endloop
  endfacet
  facet normal 0.0786125 -0.103597 0.991508
    outer loop
      vertex 30.5806 -13.2 31.0368
      vertex 25.4477 -14.4 31.3184
      vertex 31.0678 -14.4 30.8728
    endloop
  endfacet
  facet normal 0.0788699 -0.104731 0.991368
    outer loop
      vertex 30.5806 -13.2 31.0368
      vertex 24.9444 -13.2 31.4852
      vertex 25.4477 -14.4 31.3184
    endloop
  endfacet
  facet normal 0.0643473 -0.110875 0.991749
    outer loop
      vertex 24.9444 -13.2 31.4852
      vertex 19.8374 -14.4 31.6824
      vertex 25.4477 -14.4 31.3184
    endloop
  endfacet
  facet normal 0.0645681 -0.111835 0.991627
    outer loop
      vertex 24.9444 -13.2 31.4852
      vertex 19.3179 -13.2 31.8516
      vertex 19.8374 -14.4 31.6824
    endloop
  endfacet
  facet normal 0.0492643 -0.118475 0.991734
    outer loop
      vertex 19.3179 -13.2 31.8516
      vertex 14.2372 -14.4 31.9606
      vertex 19.8374 -14.4 31.6824
    endloop
  endfacet
  facet normal 0.0494458 -0.119253 0.991632
    outer loop
      vertex 19.3179 -13.2 31.8516
      vertex 13.7016 -13.2 32.1316
      vertex 14.2372 -14.4 31.9606
    endloop
  endfacet
  facet normal 0.0333688 -0.126399 0.991418
    outer loop
      vertex 13.7016 -13.2 32.1316
      vertex 8.64683 -14.4 32.1487
      vertex 14.2372 -14.4 31.9606
    endloop
  endfacet
  facet normal 0.0335081 -0.126987 0.991338
    outer loop
      vertex 13.7016 -13.2 32.1316
      vertex 8.09513 -13.2 32.3211
      vertex 8.64683 -14.4 32.1487
    endloop
  endfacet
  facet normal 0.0166234 -0.134665 0.990752
    outer loop
      vertex 8.09513 -13.2 32.3211
      vertex 3.07071 -14.4 32.2423
      vertex 8.64683 -14.4 32.1487
    endloop
  endfacet
  facet normal 0.0167174 -0.135055 0.990697
    outer loop
      vertex 8.09513 -13.2 32.3211
      vertex 2.50297 -13.2 32.4155
      vertex 3.07071 -14.4 32.2423
    endloop
  endfacet
  facet normal -0.00135008 -0.143453 0.989656
    outer loop
      vertex 2.50297 -13.2 32.4155
      vertex -2.48274 -14.4 32.2347
      vertex 3.07071 -14.4 32.2423
    endloop
  endfacet
  facet normal -0.00130551 -0.143634 0.98963
    outer loop
      vertex 2.50297 -13.2 32.4155
      vertex -3.06646 -13.2 32.4081
      vertex -2.48274 -14.4 32.2347
    endloop
  endfacet
  facet normal -0.0211809 -0.153065 0.987989
    outer loop
      vertex -3.06646 -13.2 32.4081
      vertex -8.00736 -14.4 32.1163
      vertex -2.48274 -14.4 32.2347
    endloop
  endfacet
  facet normal -0.0211917 -0.153022 0.987996
    outer loop
      vertex -3.06646 -13.2 32.4081
      vertex -8.60696 -13.2 32.2893
      vertex -8.00736 -14.4 32.1163
    endloop
  endfacet
  facet normal -0.0428673 -0.163509 0.98561
    outer loop
      vertex -8.60696 -13.2 32.2893
      vertex -13.5018 -14.4 31.8773
      vertex -8.00736 -14.4 32.1163
    endloop
  endfacet
  facet normal -0.0429422 -0.163218 0.985655
    outer loop
      vertex -8.60696 -13.2 32.2893
      vertex -14.1172 -13.2 32.0492
      vertex -13.5018 -14.4 31.8773
    endloop
  endfacet
  facet normal -0.066321 -0.174738 0.982379
    outer loop
      vertex -14.1172 -13.2 32.0492
      vertex -18.9663 -14.4 31.5084
      vertex -13.5018 -14.4 31.8773
    endloop
  endfacet
  facet normal -0.0664645 -0.174198 0.982465
    outer loop
      vertex -14.1172 -13.2 32.0492
      vertex -19.5974 -13.2 31.6785
      vertex -18.9663 -14.4 31.5084
    endloop
  endfacet
  facet normal -0.0915145 -0.186758 0.978134
    outer loop
      vertex -19.5974 -13.2 31.6785
      vertex -24.3979 -14.4 31.0002
      vertex -18.9663 -14.4 31.5084
    endloop
  endfacet
  facet normal -0.0917359 -0.185948 0.978268
    outer loop
      vertex -19.5974 -13.2 31.6785
      vertex -25.0446 -13.2 31.1677
      vertex -24.3979 -14.4 31.0002
    endloop
  endfacet
  facet normal -0.118579 -0.199633 0.972669
    outer loop
      vertex -25.0446 -13.2 31.1677
      vertex -29.7918 -14.4 30.3427
      vertex -24.3979 -14.4 31.0002
    endloop
  endfacet
  facet normal -0.118887 -0.198542 0.972855
    outer loop
      vertex -25.0446 -13.2 31.1677
      vertex -30.454 -13.2 30.5066
      vertex -29.7918 -14.4 30.3427
    endloop
  endfacet
  facet normal -0.147486 -0.213357 0.965778
    outer loop
      vertex -30.454 -13.2 30.5066
      vertex -35.1394 -14.4 29.526
      vertex -29.7918 -14.4 30.3427
    endloop
  endfacet
  facet normal -0.147891 -0.211975 0.96602
    outer loop
      vertex -30.454 -13.2 30.5066
      vertex -35.8169 -13.2 29.6856
      vertex -35.1394 -14.4 29.526
    endloop
  endfacet
  facet normal -0.178781 -0.228223 0.957054
    outer loop
      vertex -35.8169 -13.2 29.6856
      vertex -35.9786 -14.4 29.3692
      vertex -35.1394 -14.4 29.526
    endloop
  endfacet
  facet normal -0.178783 -0.228223 0.957053
    outer loop
      vertex -35.9786 -14.4 29.3692
      vertex -35.8169 -13.2 29.6856
      vertex -36.2285 -13.3071 29.5832
    endloop
  endfacet
  facet normal -0.179294 -0.226549 0.957355
    outer loop
      vertex -35.8169 -13.2 29.6856
      vertex -36.2528 -13.2 29.604
      vertex -36.2285 -13.3071 29.5832
    endloop
  endfacet
  facet normal 0.217616 -0.0257182 0.975695
    outer loop
      vertex 108.187 -14.867 18.1046
      vertex 104.884 -15.6 18.8221
      vertex 108.1 -15.6 18.1046
    endloop
  endfacet
  facet normal 0.218327 -0.0291756 0.975439
    outer loop
      vertex 104.564 -14.4 18.9295
      vertex 108.187 -14.867 18.1046
      vertex 108.249 -14.4 18.1046
    endloop
  endfacet
  facet normal 0.218327 -0.0291736 0.975439
    outer loop
      vertex 108.187 -14.867 18.1046
      vertex 104.564 -14.4 18.9295
      vertex 104.884 -15.6 18.8221
    endloop
  endfacet
  facet normal 0.21325 -0.0306231 0.976518
    outer loop
      vertex 104.564 -14.4 18.9295
      vertex 99.1988 -15.6 20.0635
      vertex 104.884 -15.6 18.8221
    endloop
  endfacet
  facet normal 0.213946 -0.0339866 0.976254
    outer loop
      vertex 104.564 -14.4 18.9295
      vertex 98.8599 -14.4 20.1795
      vertex 99.1988 -15.6 20.0635
    endloop
  endfacet
  facet normal 0.207511 -0.0359312 0.977572
    outer loop
      vertex 98.8599 -14.4 20.1795
      vertex 93.5304 -15.6 21.2667
      vertex 99.1988 -15.6 20.0635
    endloop
  endfacet
  facet normal 0.20819 -0.0391881 0.977303
    outer loop
      vertex 98.8599 -14.4 20.1795
      vertex 93.1724 -14.4 21.3911
      vertex 93.5304 -15.6 21.2667
    endloop
  endfacet
  facet normal 0.200535 -0.0416267 0.978802
    outer loop
      vertex 93.1724 -14.4 21.3911
      vertex 87.8738 -15.6 22.4256
      vertex 93.5304 -15.6 21.2667
    endloop
  endfacet
  facet normal 0.201192 -0.0447621 0.978529
    outer loop
      vertex 93.1724 -14.4 21.3911
      vertex 87.4969 -14.4 22.558
      vertex 87.8738 -15.6 22.4256
    endloop
  endfacet
  facet normal 0.192433 -0.0476923 0.98015
    outer loop
      vertex 87.4969 -14.4 22.558
      vertex 82.2288 -15.6 23.5339
      vertex 87.8738 -15.6 22.4256
    endloop
  endfacet
  facet normal 0.193066 -0.0506913 0.979876
    outer loop
      vertex 87.4969 -14.4 22.558
      vertex 81.8328 -14.4 23.674
      vertex 82.2288 -15.6 23.5339
    endloop
  endfacet
  facet normal 0.183339 -0.0540974 0.98156
    outer loop
      vertex 81.8328 -14.4 23.674
      vertex 76.5938 -15.6 24.5864
      vertex 82.2288 -15.6 23.5339
    endloop
  endfacet
  facet normal 0.183945 -0.0569513 0.981285
    outer loop
      vertex 81.8328 -14.4 23.674
      vertex 76.1789 -14.4 24.7339
      vertex 76.5938 -15.6 24.5864
    endloop
  endfacet
  facet normal 0.173337 -0.0608273 0.982982
    outer loop
      vertex 76.1789 -14.4 24.7339
      vertex 70.9661 -15.6 25.5788
      vertex 76.5938 -15.6 24.5864
    endloop
  endfacet
  facet normal 0.173914 -0.0635239 0.98271
    outer loop
      vertex 76.1789 -14.4 24.7339
      vertex 70.5323 -14.4 25.7332
      vertex 70.9661 -15.6 25.5788
    endloop
  endfacet
  facet normal 0.162764 -0.067764 0.984335
    outer loop
      vertex 70.5323 -14.4 25.7332
      vertex 65.3424 -15.6 26.5087
      vertex 70.9661 -15.6 25.5788
    endloop
  endfacet
  facet normal 0.163309 -0.0702954 0.984067
    outer loop
      vertex 70.5323 -14.4 25.7332
      vertex 64.8897 -14.4 26.6696
      vertex 65.3424 -15.6 26.5087
    endloop
  endfacet
  facet normal 0.15175 -0.074859 0.98558
    outer loop
      vertex 64.8897 -14.4 26.6696
      vertex 59.7198 -15.6 27.3744
      vertex 65.3424 -15.6 26.5087
    endloop
  endfacet
  facet normal 0.152264 -0.0772261 0.985318
    outer loop
      vertex 64.8897 -14.4 26.6696
      vertex 59.2482 -14.4 27.5414
      vertex 59.7198 -15.6 27.3744
    endloop
  endfacet
  facet normal 0.140375 -0.0820896 0.986689
    outer loop
      vertex 59.2482 -14.4 27.5414
      vertex 54.0984 -15.6 28.1742
      vertex 59.7198 -15.6 27.3744
    endloop
  endfacet
  facet normal 0.140856 -0.0842865 0.986436
    outer loop
      vertex 59.2482 -14.4 27.5414
      vertex 53.6078 -14.4 28.3468
      vertex 54.0984 -15.6 28.1742
    endloop
  endfacet
  facet normal 0.128694 -0.089432 0.987644
    outer loop
      vertex 53.6078 -14.4 28.3468
      vertex 48.4775 -15.6 28.9066
      vertex 54.0984 -15.6 28.1742
    endloop
  endfacet
  facet normal 0.129141 -0.0914565 0.9874
    outer loop
      vertex 53.6078 -14.4 28.3468
      vertex 47.9681 -14.4 29.0844
      vertex 48.4775 -15.6 28.9066
    endloop
  endfacet
  facet normal 0.116766 -0.0968618 0.988425
    outer loop
      vertex 47.9681 -14.4 29.0844
      vertex 42.859 -15.6 29.5703
      vertex 48.4775 -15.6 28.9066
    endloop
  endfacet
  facet normal 0.117178 -0.0987109 0.988193
    outer loop
      vertex 47.9681 -14.4 29.0844
      vertex 42.3307 -14.4 29.7529
      vertex 42.859 -15.6 29.5703
    endloop
  endfacet
  facet normal 0.104405 -0.104462 0.989033
    outer loop
      vertex 42.3307 -14.4 29.7529
      vertex 37.2435 -15.6 30.1631
      vertex 42.859 -15.6 29.5703
    endloop
  endfacet
  facet normal 0.104781 -0.10613 0.988816
    outer loop
      vertex 42.3307 -14.4 29.7529
      vertex 36.6963 -14.4 30.3499
      vertex 37.2435 -15.6 30.1631
    endloop
  endfacet
  facet normal 0.0915614 -0.112257 0.989452
    outer loop
      vertex 36.6963 -14.4 30.3499
      vertex 31.6338 -15.6 30.6822
      vertex 37.2435 -15.6 30.1631
    endloop
  endfacet
  facet normal 0.0919002 -0.113742 0.989251
    outer loop
      vertex 36.6963 -14.4 30.3499
      vertex 31.0678 -14.4 30.8728
      vertex 31.6338 -15.6 30.6822
    endloop
  endfacet
  facet normal 0.0781523 -0.120291 0.989658
    outer loop
      vertex 31.0678 -14.4 30.8728
      vertex 26.0325 -15.6 31.1246
      vertex 31.6338 -15.6 30.6822
    endloop
  endfacet
  facet normal 0.0784514 -0.121584 0.989476
    outer loop
      vertex 31.0678 -14.4 30.8728
      vertex 25.4477 -14.4 31.3184
      vertex 26.0325 -15.6 31.1246
    endloop
  endfacet
  facet normal 0.0639428 -0.128679 0.989623
    outer loop
      vertex 25.4477 -14.4 31.3184
      vertex 20.441 -15.6 31.4859
      vertex 26.0325 -15.6 31.1246
    endloop
  endfacet
  facet normal 0.064199 -0.12977 0.989464
    outer loop
      vertex 25.4477 -14.4 31.3184
      vertex 19.8374 -14.4 31.6824
      vertex 20.441 -15.6 31.4859
    endloop
  endfacet
  facet normal 0.0489261 -0.137426 0.989303
    outer loop
      vertex 19.8374 -14.4 31.6824
      vertex 14.8595 -15.6 31.7619
      vertex 20.441 -15.6 31.4859
    endloop
  endfacet
  facet normal 0.0491369 -0.138309 0.989169
    outer loop
      vertex 19.8374 -14.4 31.6824
      vertex 14.2372 -14.4 31.9606
      vertex 14.8595 -15.6 31.7619
    endloop
  endfacet
  facet normal 0.0331104 -0.146535 0.988651
    outer loop
      vertex 14.2372 -14.4 31.9606
      vertex 9.28784 -15.6 31.9485
      vertex 14.8595 -15.6 31.7619
    endloop
  endfacet
  facet normal 0.0332721 -0.1472 0.988547
    outer loop
      vertex 14.2372 -14.4 31.9606
      vertex 8.64683 -14.4 32.1487
      vertex 9.28784 -15.6 31.9485
    endloop
  endfacet
  facet normal 0.0164593 -0.156026 0.987616
    outer loop
      vertex 8.64683 -14.4 32.1487
      vertex 3.73037 -15.6 32.0411
      vertex 9.28784 -15.6 31.9485
    endloop
  endfacet
  facet normal 0.0165696 -0.156472 0.987543
    outer loop
      vertex 8.64683 -14.4 32.1487
      vertex 3.07071 -14.4 32.2423
      vertex 3.73037 -15.6 32.0411
    endloop
  endfacet
  facet normal -0.00139665 -0.166107 0.986107
    outer loop
      vertex 3.07071 -14.4 32.2423
      vertex -1.80453 -15.6 32.0333
      vertex 3.73037 -15.6 32.0411
    endloop
  endfacet
  facet normal -0.00134519 -0.16631 0.986073
    outer loop
      vertex 3.07071 -14.4 32.2423
      vertex -2.48274 -14.4 32.2347
      vertex -1.80453 -15.6 32.0333
    endloop
  endfacet
  facet normal -0.0210818 -0.177111 0.983965
    outer loop
      vertex -2.48274 -14.4 32.2347
      vertex -7.31069 -15.6 31.9153
      vertex -1.80453 -15.6 32.0333
    endloop
  endfacet
  facet normal -0.0210948 -0.177061 0.983974
    outer loop
      vertex -2.48274 -14.4 32.2347
      vertex -8.00736 -14.4 32.1163
      vertex -7.31069 -15.6 31.9153
    endloop
  endfacet
  facet normal -0.0425855 -0.189047 0.981044
    outer loop
      vertex -8.00736 -14.4 32.1163
      vertex -12.7868 -15.6 31.6776
      vertex -7.31069 -15.6 31.9153
    endloop
  endfacet
  facet normal -0.0426712 -0.188727 0.981102
    outer loop
      vertex -8.00736 -14.4 32.1163
      vertex -13.5018 -14.4 31.8773
      vertex -12.7868 -15.6 31.6776
    endloop
  endfacet
  facet normal -0.0658104 -0.201864 0.9772
    outer loop
      vertex -13.5018 -14.4 31.8773
      vertex -18.233 -15.6 31.3108
      vertex -12.7868 -15.6 31.6776
    endloop
  endfacet
  facet normal -0.0659792 -0.201253 0.977315
    outer loop
      vertex -13.5018 -14.4 31.8773
      vertex -18.9663 -14.4 31.5084
      vertex -18.233 -15.6 31.3108
    endloop
  endfacet
  facet normal -0.0907233 -0.215543 0.972271
    outer loop
      vertex -18.9663 -14.4 31.5084
      vertex -23.6466 -15.6 30.8057
      vertex -18.233 -15.6 31.3108
    endloop
  endfacet
  facet normal -0.0909824 -0.214636 0.972447
    outer loop
      vertex -18.9663 -14.4 31.5084
      vertex -24.3979 -14.4 31.0002
      vertex -23.6466 -15.6 30.8057
    endloop
  endfacet
  facet normal -0.117439 -0.230163 0.96604
    outer loop
      vertex -24.3979 -14.4 31.0002
      vertex -29.0224 -15.6 30.1521
      vertex -23.6466 -15.6 30.8057
    endloop
  endfacet
  facet normal -0.117801 -0.228943 0.966286
    outer loop
      vertex -24.3979 -14.4 31.0002
      vertex -29.7918 -14.4 30.3427
      vertex -29.0224 -15.6 30.1521
    endloop
  endfacet
  facet normal -0.145918 -0.245703 0.9583
    outer loop
      vertex -29.7918 -14.4 30.3427
      vertex -34.3522 -15.6 29.3406
      vertex -29.0224 -15.6 30.1521
    endloop
  endfacet
  facet normal -0.146393 -0.244166 0.95862
    outer loop
      vertex -29.7918 -14.4 30.3427
      vertex -35.1394 -14.4 29.526
      vertex -34.3522 -15.6 29.3406
    endloop
  endfacet
  facet normal -0.176678 -0.262488 0.948623
    outer loop
      vertex -35.1394 -14.4 29.526
      vertex -35.6604 -15.6 29.0969
      vertex -34.3522 -15.6 29.3406
    endloop
  endfacet
  facet normal -0.176677 -0.262488 0.948623
    outer loop
      vertex -35.6604 -15.6 29.0969
      vertex -35.1394 -14.4 29.526
      vertex -35.9233 -14.6098 29.322
    endloop
  endfacet
  facet normal -0.177281 -0.26062 0.949025
    outer loop
      vertex -35.1394 -14.4 29.526
      vertex -35.9786 -14.4 29.3692
      vertex -35.9233 -14.6098 29.322
    endloop
  endfacet
  facet normal 0.216746 -0.029746 0.975775
    outer loop
      vertex 108.011 -16.1799 18.1046
      vertex 105.25 -16.8 18.6988
      vertex 107.926 -16.8 18.1046
    endloop
  endfacet
  facet normal 0.217565 -0.033686 0.975464
    outer loop
      vertex 104.884 -15.6 18.8221
      vertex 108.011 -16.1799 18.1046
      vertex 108.1 -15.6 18.1046
    endloop
  endfacet
  facet normal 0.217565 -0.0336871 0.975464
    outer loop
      vertex 108.011 -16.1799 18.1046
      vertex 104.884 -15.6 18.8221
      vertex 105.25 -16.8 18.6988
    endloop
  endfacet
  facet normal 0.212385 -0.0353806 0.976545
    outer loop
      vertex 104.884 -15.6 18.8221
      vertex 99.5873 -16.8 19.9304
      vertex 105.25 -16.8 18.6988
    endloop
  endfacet
  facet normal 0.213186 -0.0392127 0.976224
    outer loop
      vertex 104.884 -15.6 18.8221
      vertex 99.1988 -15.6 20.0635
      vertex 99.5873 -16.8 19.9304
    endloop
  endfacet
  facet normal 0.206654 -0.0414729 0.977535
    outer loop
      vertex 99.1988 -15.6 20.0635
      vertex 93.9408 -16.8 21.1241
      vertex 99.5873 -16.8 19.9304
    endloop
  endfacet
  facet normal 0.207433 -0.0451813 0.977205
    outer loop
      vertex 99.1988 -15.6 20.0635
      vertex 93.5304 -15.6 21.2667
      vertex 93.9408 -16.8 21.1241
    endloop
  endfacet
  facet normal 0.199688 -0.0480059 0.978683
    outer loop
      vertex 93.5304 -15.6 21.2667
      vertex 88.3061 -16.8 22.2738
      vertex 93.9408 -16.8 21.1241
    endloop
  endfacet
  facet normal 0.200442 -0.0515714 0.978347
    outer loop
      vertex 93.5304 -15.6 21.2667
      vertex 87.8738 -15.6 22.4256
      vertex 88.3061 -16.8 22.2738
    endloop
  endfacet
  facet normal 0.191598 -0.0549577 0.979934
    outer loop
      vertex 87.8738 -15.6 22.4256
      vertex 82.6828 -16.8 23.3733
      vertex 88.3061 -16.8 22.2738
    endloop
  endfacet
  facet normal 0.192324 -0.0583691 0.979594
    outer loop
      vertex 87.8738 -15.6 22.4256
      vertex 82.2288 -15.6 23.5339
      vertex 82.6828 -16.8 23.3733
    endloop
  endfacet
  facet normal 0.182518 -0.0622975 0.981227
    outer loop
      vertex 82.2288 -15.6 23.5339
      vertex 77.0695 -16.8 24.4174
      vertex 82.6828 -16.8 23.3733
    endloop
  endfacet
  facet normal 0.183213 -0.0655351 0.980886
    outer loop
      vertex 82.2288 -15.6 23.5339
      vertex 76.5938 -15.6 24.5864
      vertex 77.0695 -16.8 24.4174
    endloop
  endfacet
  facet normal 0.172534 -0.0699978 0.982513
    outer loop
      vertex 76.5938 -15.6 24.5864
      vertex 71.4635 -16.8 25.4018
      vertex 77.0695 -16.8 24.4174
    endloop
  endfacet
  facet normal 0.173195 -0.0730528 0.982175
    outer loop
      vertex 76.5938 -15.6 24.5864
      vertex 70.9661 -15.6 25.5788
      vertex 71.4635 -16.8 25.4018
    endloop
  endfacet
  facet normal 0.16198 -0.0779287 0.983712
    outer loop
      vertex 70.9661 -15.6 25.5788
      vertex 65.8615 -16.8 26.3243
      vertex 71.4635 -16.8 25.4018
    endloop
  endfacet
  facet normal 0.162605 -0.080799 0.983377
    outer loop
      vertex 70.9661 -15.6 25.5788
      vertex 65.3424 -15.6 26.5087
      vertex 65.8615 -16.8 26.3243
    endloop
  endfacet
  facet normal 0.150988 -0.0860406 0.984784
    outer loop
      vertex 65.3424 -15.6 26.5087
      vertex 60.2606 -16.8 27.183
      vertex 65.8615 -16.8 26.3243
    endloop
  endfacet
  facet normal 0.151577 -0.0887193 0.984456
    outer loop
      vertex 65.3424 -15.6 26.5087
      vertex 59.7198 -15.6 27.3744
      vertex 60.2606 -16.8 27.183
    endloop
  endfacet
  facet normal 0.139639 -0.0942983 0.985702
    outer loop
      vertex 59.7198 -15.6 27.3744
      vertex 54.6608 -16.8 27.9763
      vertex 60.2606 -16.8 27.183
    endloop
  endfacet
  facet normal 0.140189 -0.0967791 0.985384
    outer loop
      vertex 59.7198 -15.6 27.3744
      vertex 54.0984 -15.6 28.1742
      vertex 54.6608 -16.8 27.9763
    endloop
  endfacet
  facet normal 0.127985 -0.102675 0.986447
    outer loop
      vertex 54.0984 -15.6 28.1742
      vertex 49.0616 -16.8 28.7028
      vertex 54.6608 -16.8 27.9763
    endloop
  endfacet
  facet normal 0.128498 -0.10496 0.98614
    outer loop
      vertex 54.0984 -15.6 28.1742
      vertex 48.4775 -15.6 28.9066
      vertex 49.0616 -16.8 28.7028
    endloop
  endfacet
  facet normal 0.11609 -0.111146 0.987
    outer loop
      vertex 48.4775 -15.6 28.9066
      vertex 43.4648 -16.8 29.3611
      vertex 49.0616 -16.8 28.7028
    endloop
  endfacet
  facet normal 0.116563 -0.113232 0.986708
    outer loop
      vertex 48.4775 -15.6 28.9066
      vertex 42.859 -15.6 29.5703
      vertex 43.4648 -16.8 29.3611
    endloop
  endfacet
  facet normal 0.103768 -0.119804 0.98736
    outer loop
      vertex 42.859 -15.6 29.5703
      vertex 37.8709 -16.8 29.949
      vertex 43.4648 -16.8 29.3611
    endloop
  endfacet
  facet normal 0.1042 -0.121685 0.987084
    outer loop
      vertex 42.859 -15.6 29.5703
      vertex 37.2435 -15.6 30.1631
      vertex 37.8709 -16.8 29.949
    endloop
  endfacet
  facet normal 0.0909695 -0.128677 0.987505
    outer loop
      vertex 37.2435 -15.6 30.1631
      vertex 32.2828 -16.8 30.4638
      vertex 37.8709 -16.8 29.949
    endloop
  endfacet
  facet normal 0.0913577 -0.130346 0.987251
    outer loop
      vertex 37.2435 -15.6 30.1631
      vertex 31.6338 -15.6 30.6822
      vertex 32.2828 -16.8 30.4638
    endloop
  endfacet
  facet normal 0.0776142 -0.137808 0.987413
    outer loop
      vertex 31.6338 -15.6 30.6822
      vertex 26.7031 -16.8 30.9023
      vertex 32.2828 -16.8 30.4638
    endloop
  endfacet
  facet normal 0.0779569 -0.139258 0.987183
    outer loop
      vertex 31.6338 -15.6 30.6822
      vertex 26.0325 -15.6 31.1246
      vertex 26.7031 -16.8 30.9023
    endloop
  endfacet
  facet normal 0.0634693 -0.147329 0.987049
    outer loop
      vertex 26.0325 -15.6 31.1246
      vertex 21.1331 -16.8 31.2605
      vertex 26.7031 -16.8 30.9023
    endloop
  endfacet
  facet normal 0.0637634 -0.148553 0.986847
    outer loop
      vertex 26.0325 -15.6 31.1246
      vertex 20.441 -15.6 31.4859
      vertex 21.1331 -16.8 31.2605
    endloop
  endfacet
  facet normal 0.04853 -0.157248 0.986366
    outer loop
      vertex 20.441 -15.6 31.4859
      vertex 15.5731 -16.8 31.5341
      vertex 21.1331 -16.8 31.2605
    endloop
  endfacet
  facet normal 0.0487724 -0.158238 0.986196
    outer loop
      vertex 20.441 -15.6 31.4859
      vertex 14.8595 -15.6 31.7619
      vertex 15.5731 -16.8 31.5341
    endloop
  endfacet
  facet normal 0.0328085 -0.167564 0.985315
    outer loop
      vertex 14.8595 -15.6 31.7619
      vertex 10.0228 -16.8 31.7189
      vertex 15.5731 -16.8 31.5341
    endloop
  endfacet
  facet normal 0.0329942 -0.168308 0.985182
    outer loop
      vertex 14.8595 -15.6 31.7619
      vertex 9.28784 -15.6 31.9485
      vertex 10.0228 -16.8 31.7189
    endloop
  endfacet
  facet normal 0.0162692 -0.178295 0.983843
    outer loop
      vertex 9.28784 -15.6 31.9485
      vertex 4.48673 -16.8 31.8104
      vertex 10.0228 -16.8 31.7189
    endloop
  endfacet
  facet normal 0.0163949 -0.178787 0.983751
    outer loop
      vertex 9.28784 -15.6 31.9485
      vertex 3.73037 -15.6 32.0411
      vertex 4.48673 -16.8 31.8104
    endloop
  endfacet
  facet normal -0.00145066 -0.189669 0.981847
    outer loop
      vertex 3.73037 -15.6 32.0411
      vertex -1.02689 -16.8 31.8023
      vertex 4.48673 -16.8 31.8104
    endloop
  endfacet
  facet normal -0.00139055 -0.189899 0.981803
    outer loop
      vertex 3.73037 -15.6 32.0411
      vertex -1.80453 -15.6 32.0333
      vertex -1.02689 -16.8 31.8023
    endloop
  endfacet
  facet normal -0.0209638 -0.202072 0.979146
    outer loop
      vertex -1.80453 -15.6 32.0333
      vertex -6.51189 -16.8 31.6848
      vertex -1.02689 -16.8 31.8023
    endloop
  endfacet
  facet normal -0.0209788 -0.202016 0.979157
    outer loop
      vertex -1.80453 -15.6 32.0333
      vertex -7.31069 -15.6 31.9153
      vertex -6.51189 -16.8 31.6848
    endloop
  endfacet
  facet normal -0.0422525 -0.215492 0.975591
    outer loop
      vertex -7.31069 -15.6 31.9153
      vertex -11.967 -16.8 31.4486
      vertex -6.51189 -16.8 31.6848
    endloop
  endfacet
  facet normal -0.042352 -0.215135 0.975665
    outer loop
      vertex -7.31069 -15.6 31.9153
      vertex -12.7868 -15.6 31.6776
      vertex -11.967 -16.8 31.4486
    endloop
  endfacet
  facet normal -0.0652114 -0.229869 0.971034
    outer loop
      vertex -12.7868 -15.6 31.6776
      vertex -17.3923 -16.8 31.0842
      vertex -11.967 -16.8 31.4486
    endloop
  endfacet
  facet normal -0.065405 -0.229198 0.97118
    outer loop
      vertex -12.7868 -15.6 31.6776
      vertex -18.233 -15.6 31.3108
      vertex -17.3923 -16.8 31.0842
    endloop
  endfacet
  facet normal -0.0897948 -0.245178 0.965311
    outer loop
      vertex -18.233 -15.6 31.3108
      vertex -22.785 -16.8 30.5826
      vertex -17.3923 -16.8 31.0842
    endloop
  endfacet
  facet normal -0.090095 -0.244176 0.965537
    outer loop
      vertex -18.233 -15.6 31.3108
      vertex -23.6466 -15.6 30.8057
      vertex -22.785 -16.8 30.5826
    endloop
  endfacet
  facet normal -0.116106 -0.261486 0.958198
    outer loop
      vertex -23.6466 -15.6 30.8057
      vertex -28.1403 -16.8 29.9337
      vertex -22.785 -16.8 30.5826
    endloop
  endfacet
  facet normal -0.116524 -0.26015 0.958511
    outer loop
      vertex -23.6466 -15.6 30.8057
      vertex -29.0224 -15.6 30.1521
      vertex -28.1403 -16.8 29.9337
    endloop
  endfacet
  facet normal -0.144089 -0.278771 0.949487
    outer loop
      vertex -29.0224 -15.6 30.1521
      vertex -33.4496 -16.8 29.128
      vertex -28.1403 -16.8 29.9337
    endloop
  endfacet
  facet normal -0.144639 -0.277093 0.949894
    outer loop
      vertex -29.0224 -15.6 30.1521
      vertex -34.3522 -15.6 29.3406
      vertex -33.4496 -16.8 29.128
    endloop
  endfacet
  facet normal -0.174231 -0.297373 0.938729
    outer loop
      vertex -34.3522 -15.6 29.3406
      vertex -35.2963 -16.8 28.7852
      vertex -33.4496 -16.8 29.128
    endloop
  endfacet
  facet normal -0.174231 -0.297373 0.938729
    outer loop
      vertex -35.2963 -16.8 28.7852
      vertex -34.3522 -15.6 29.3406
      vertex -35.5599 -15.9332 29.0109
    endloop
  endfacet
  facet normal -0.17493 -0.295344 0.93924
    outer loop
      vertex -34.3522 -15.6 29.3406
      vertex -35.6604 -15.6 29.0969
      vertex -35.5599 -15.9332 29.0109
    endloop
  endfacet
  facet normal 0.21575 -0.0340365 0.975855
    outer loop
      vertex 107.799 -17.5144 18.1046
      vertex 105.666 -18 18.5592
      vertex 107.722 -18 18.1046
    endloop
  endfacet
  facet normal 0.216681 -0.03848 0.975484
    outer loop
      vertex 105.25 -16.8 18.6988
      vertex 107.799 -17.5144 18.1046
      vertex 107.926 -16.8 18.1046
    endloop
  endfacet
  facet normal 0.216682 -0.0384784 0.975484
    outer loop
      vertex 107.799 -17.5144 18.1046
      vertex 105.25 -16.8 18.6988
      vertex 105.666 -18 18.5592
    endloop
  endfacet
  facet normal 0.211393 -0.0404348 0.976564
    outer loop
      vertex 105.25 -16.8 18.6988
      vertex 100.028 -18 19.7797
      vertex 105.666 -18 18.5592
    endloop
  endfacet
  facet normal 0.212305 -0.0447506 0.976178
    outer loop
      vertex 105.25 -16.8 18.6988
      vertex 99.5873 -16.8 19.9304
      vertex 100.028 -18 19.7797
    endloop
  endfacet
  facet normal 0.205671 -0.0473473 0.977475
    outer loop
      vertex 99.5873 -16.8 19.9304
      vertex 94.4058 -18 20.9626
      vertex 100.028 -18 19.7797
    endloop
  endfacet
  facet normal 0.206557 -0.0515156 0.977077
    outer loop
      vertex 99.5873 -16.8 19.9304
      vertex 93.9408 -16.8 21.1241
      vertex 94.4058 -18 20.9626
    endloop
  endfacet
  facet normal 0.198715 -0.0547496 0.978527
    outer loop
      vertex 93.9408 -16.8 21.1241
      vertex 88.7958 -18 22.1018
      vertex 94.4058 -18 20.9626
    endloop
  endfacet
  facet normal 0.199573 -0.0587591 0.97812
    outer loop
      vertex 93.9408 -16.8 21.1241
      vertex 88.3061 -16.8 22.2738
      vertex 88.7958 -18 22.1018
    endloop
  endfacet
  facet normal 0.190639 -0.0626261 0.979661
    outer loop
      vertex 88.3061 -16.8 22.2738
      vertex 83.1972 -18 23.1913
      vertex 88.7958 -18 22.1018
    endloop
  endfacet
  facet normal 0.191463 -0.0664527 0.979248
    outer loop
      vertex 88.3061 -16.8 22.2738
      vertex 82.6828 -16.8 23.3733
      vertex 83.1972 -18 23.1913
    endloop
  endfacet
  facet normal 0.181576 -0.0709292 0.980816
    outer loop
      vertex 82.6828 -16.8 23.3733
      vertex 77.6086 -18 24.2259
      vertex 83.1972 -18 23.1913
    endloop
  endfacet
  facet normal 0.182365 -0.0745597 0.9804
    outer loop
      vertex 82.6828 -16.8 23.3733
      vertex 77.0695 -16.8 24.4174
      vertex 77.6086 -18 24.2259
    endloop
  endfacet
  facet normal 0.17161 -0.0796366 0.981941
    outer loop
      vertex 77.0695 -16.8 24.4174
      vertex 72.0272 -18 25.2013
      vertex 77.6086 -18 24.2259
    endloop
  endfacet
  facet normal 0.172361 -0.0830618 0.981526
    outer loop
      vertex 77.0695 -16.8 24.4174
      vertex 71.4635 -16.8 25.4018
      vertex 72.0272 -18 25.2013
    endloop
  endfacet
  facet normal 0.161078 -0.0886006 0.982957
    outer loop
      vertex 71.4635 -16.8 25.4018
      vertex 66.4497 -18 26.1153
      vertex 72.0272 -18 25.2013
    endloop
  endfacet
  facet normal 0.161787 -0.0918095 0.982546
    outer loop
      vertex 71.4635 -16.8 25.4018
      vertex 65.8615 -16.8 26.3243
      vertex 66.4497 -18 26.1153
    endloop
  endfacet
  facet normal 0.150111 -0.0977556 0.983824
    outer loop
      vertex 65.8615 -16.8 26.3243
      vertex 60.8734 -18 26.9661
      vertex 66.4497 -18 26.1153
    endloop
  endfacet
  facet normal 0.150779 -0.100748 0.98342
    outer loop
      vertex 65.8615 -16.8 26.3243
      vertex 60.2606 -16.8 27.183
      vertex 60.8734 -18 26.9661
    endloop
  endfacet
  facet normal 0.13879 -0.107068 0.984517
    outer loop
      vertex 60.2606 -16.8 27.183
      vertex 55.2981 -18 27.7521
      vertex 60.8734 -18 26.9661
    endloop
  endfacet
  facet normal 0.139415 -0.109839 0.984123
    outer loop
      vertex 60.2606 -16.8 27.183
      vertex 54.6608 -16.8 27.9763
      vertex 55.2981 -18 27.7521
    endloop
  endfacet
  facet normal 0.12717 -0.116509 0.985014
    outer loop
      vertex 54.6608 -16.8 27.9763
      vertex 49.7235 -18 28.4718
      vertex 55.2981 -18 27.7521
    endloop
  endfacet
  facet normal 0.12775 -0.119055 0.984635
    outer loop
      vertex 54.6608 -16.8 27.9763
      vertex 49.0616 -16.8 28.7028
      vertex 49.7235 -18 28.4718
    endloop
  endfacet
  facet normal 0.115312 -0.126044 0.9853
    outer loop
      vertex 49.0616 -16.8 28.7028
      vertex 44.1512 -18 29.1239
      vertex 49.7235 -18 28.4718
    endloop
  endfacet
  facet normal 0.115847 -0.128363 0.984938
    outer loop
      vertex 49.0616 -16.8 28.7028
      vertex 43.4648 -16.8 29.3611
      vertex 44.1512 -18 29.1239
    endloop
  endfacet
  facet normal 0.103034 -0.135777 0.985367
    outer loop
      vertex 43.4648 -16.8 29.3611
      vertex 38.5818 -18 29.7063
      vertex 44.1512 -18 29.1239
    endloop
  endfacet
  facet normal 0.103523 -0.137865 0.985026
    outer loop
      vertex 43.4648 -16.8 29.3611
      vertex 37.8709 -16.8 29.949
      vertex 38.5818 -18 29.7063
    endloop
  endfacet
  facet normal 0.0902871 -0.14574 0.985194
    outer loop
      vertex 37.8709 -16.8 29.949
      vertex 33.0181 -18 30.2162
      vertex 38.5818 -18 29.7063
    endloop
  endfacet
  facet normal 0.0907275 -0.147591 0.984878
    outer loop
      vertex 37.8709 -16.8 29.949
      vertex 32.2828 -16.8 30.4638
      vertex 33.0181 -18 30.2162
    endloop
  endfacet
  facet normal 0.0769937 -0.155982 0.984755
    outer loop
      vertex 32.2828 -16.8 30.4638
      vertex 27.4629 -18 30.6505
      vertex 33.0181 -18 30.2162
    endloop
  endfacet
  facet normal 0.0773827 -0.157589 0.984468
    outer loop
      vertex 32.2828 -16.8 30.4638
      vertex 26.7031 -16.8 30.9023
      vertex 27.4629 -18 30.6505
    endloop
  endfacet
  facet normal 0.0629238 -0.166647 0.984007
    outer loop
      vertex 26.7031 -16.8 30.9023
      vertex 21.9173 -18 31.0051
      vertex 27.4629 -18 30.6505
    endloop
  endfacet
  facet normal 0.0632575 -0.168 0.983755
    outer loop
      vertex 26.7031 -16.8 30.9023
      vertex 21.1331 -16.8 31.2605
      vertex 21.9173 -18 31.0051
    endloop
  endfacet
  facet normal 0.0480747 -0.17774 0.982902
    outer loop
      vertex 21.1331 -16.8 31.2605
      vertex 16.3816 -18 31.2759
      vertex 21.9173 -18 31.0051
    endloop
  endfacet
  facet normal 0.0483492 -0.17883 0.982691
    outer loop
      vertex 21.1331 -16.8 31.2605
      vertex 15.5731 -16.8 31.5341
      vertex 16.3816 -18 31.2759
    endloop
  endfacet
  facet normal 0.0324607 -0.189255 0.981391
    outer loop
      vertex 15.5731 -16.8 31.5341
      vertex 10.8556 -18 31.4587
      vertex 16.3816 -18 31.2759
    endloop
  endfacet
  facet normal 0.0326723 -0.190077 0.981225
    outer loop
      vertex 15.5731 -16.8 31.5341
      vertex 10.0228 -16.8 31.7189
      vertex 10.8556 -18 31.4587
    endloop
  endfacet
  facet normal 0.0160512 -0.201219 0.979415
    outer loop
      vertex 10.0228 -16.8 31.7189
      vertex 5.34376 -18 31.549
      vertex 10.8556 -18 31.4587
    endloop
  endfacet
  facet normal 0.0161941 -0.20176 0.979301
    outer loop
      vertex 10.0228 -16.8 31.7189
      vertex 4.48673 -16.8 31.8104
      vertex 5.34376 -18 31.549
    endloop
  endfacet
  facet normal -0.00151141 -0.213874 0.97686
    outer loop
      vertex 4.48673 -16.8 31.8104
      vertex -0.145747 -18 31.5405
      vertex 5.34376 -18 31.549
    endloop
  endfacet
  facet normal -0.00144322 -0.214125 0.976805
    outer loop
      vertex 4.48673 -16.8 31.8104
      vertex -1.02689 -16.8 31.8023
      vertex -0.145747 -18 31.5405
    endloop
  endfacet
  facet normal -0.0208268 -0.227642 0.973522
    outer loop
      vertex -1.02689 -16.8 31.8023
      vertex -5.60677 -18 31.4237
      vertex -0.145747 -18 31.5405
    endloop
  endfacet
  facet normal -0.0208437 -0.227581 0.973536
    outer loop
      vertex -1.02689 -16.8 31.8023
      vertex -6.51189 -16.8 31.6848
      vertex -5.60677 -18 31.4237
    endloop
  endfacet
  facet normal -0.0418682 -0.242506 0.969246
    outer loop
      vertex -6.51189 -16.8 31.6848
      vertex -11.038 -18 31.1891
      vertex -5.60677 -18 31.4237
    endloop
  endfacet
  facet normal -0.0419817 -0.242116 0.969339
    outer loop
      vertex -6.51189 -16.8 31.6848
      vertex -11.967 -16.8 31.4486
      vertex -11.038 -18 31.1891
    endloop
  endfacet
  facet normal -0.0645224 -0.258386 0.963885
    outer loop
      vertex -11.967 -16.8 31.4486
      vertex -16.4396 -18 30.8275
      vertex -11.038 -18 31.1891
    endloop
  endfacet
  facet normal -0.0647433 -0.257656 0.964065
    outer loop
      vertex -11.967 -16.8 31.4486
      vertex -17.3923 -16.8 31.0842
      vertex -16.4396 -18 30.8275
    endloop
  endfacet
  facet normal -0.0887314 -0.275246 0.95727
    outer loop
      vertex -17.3923 -16.8 31.0842
      vertex -21.8088 -18 30.3298
      vertex -16.4396 -18 30.8275
    endloop
  endfacet
  facet normal -0.0890727 -0.274165 0.957549
    outer loop
      vertex -17.3923 -16.8 31.0842
      vertex -22.785 -16.8 30.5826
      vertex -21.8088 -18 30.3298
    endloop
  endfacet
  facet normal -0.114583 -0.293153 0.949174
    outer loop
      vertex -22.785 -16.8 30.5826
      vertex -27.1407 -18 29.6861
      vertex -21.8088 -18 30.3298
    endloop
  endfacet
  facet normal -0.11506 -0.291713 0.94956
    outer loop
      vertex -22.785 -16.8 30.5826
      vertex -28.1403 -16.8 29.9337
      vertex -27.1407 -18 29.6861
    endloop
  endfacet
  facet normal -0.142006 -0.31206 0.939389
    outer loop
      vertex -28.1403 -16.8 29.9337
      vertex -32.4269 -18 28.887
      vertex -27.1407 -18 29.6861
    endloop
  endfacet
  facet normal -0.142633 -0.310258 0.939891
    outer loop
      vertex -28.1403 -16.8 29.9337
      vertex -33.4496 -16.8 29.128
      vertex -32.4269 -18 28.887
    endloop
  endfacet
  facet normal -0.171457 -0.332326 0.927449
    outer loop
      vertex -33.4496 -16.8 29.128
      vertex -34.8845 -18 28.4327
      vertex -32.4269 -18 28.887
    endloop
  endfacet
  facet normal -0.171455 -0.332328 0.927449
    outer loop
      vertex -34.8845 -18 28.4327
      vertex -33.4496 -16.8 29.128
      vertex -35.1323 -17.2801 28.6449
    endloop
  endfacet
  facet normal -0.172254 -0.330158 0.928076
    outer loop
      vertex -33.4496 -16.8 29.128
      vertex -35.2963 -16.8 28.7852
      vertex -35.1323 -17.2801 28.6449
    endloop
  endfacet
  facet normal 0.21567 -0.043533 0.975495
    outer loop
      vertex 107.722 -18 18.1046
      vertex 105.666 -18 18.5592
      vertex 105.799 -18.3439 18.5144
    endloop
  endfacet
  facet normal 0.210269 -0.0457695 0.976572
    outer loop
      vertex 105.666 -18 18.5592
      vertex 100.875 -19.2 19.5344
      vertex 105.799 -18.3439 18.5144
    endloop
  endfacet
  facet normal 0.210268 -0.0457672 0.976572
    outer loop
      vertex 100.875 -19.2 19.5344
      vertex 105.666 -18 18.5592
      vertex 100.521 -19.2 19.6107
    endloop
  endfacet
  facet normal 0.211295 -0.0505726 0.976113
    outer loop
      vertex 105.666 -18 18.5592
      vertex 100.028 -18 19.7797
      vertex 100.521 -19.2 19.6107
    endloop
  endfacet
  facet normal 0.204555 -0.0535249 0.977391
    outer loop
      vertex 100.028 -18 19.7797
      vertex 94.9271 -19.2 20.7814
      vertex 100.521 -19.2 19.6107
    endloop
  endfacet
  facet normal 0.205553 -0.0581649 0.976916
    outer loop
      vertex 100.028 -18 19.7797
      vertex 94.4058 -18 20.9626
      vertex 94.9271 -19.2 20.7814
    endloop
  endfacet
  facet normal 0.197611 -0.0618286 0.978329
    outer loop
      vertex 94.4058 -18 20.9626
      vertex 89.3449 -19.2 21.909
      vertex 94.9271 -19.2 20.7814
    endloop
  endfacet
  facet normal 0.198576 -0.0662828 0.977842
    outer loop
      vertex 94.4058 -18 20.9626
      vertex 88.7958 -18 22.1018
      vertex 89.3449 -19.2 21.909
    endloop
  endfacet
  facet normal 0.189549 -0.0706515 0.979326
    outer loop
      vertex 88.7958 -18 22.1018
      vertex 83.7739 -19.2 22.9872
      vertex 89.3449 -19.2 21.909
    endloop
  endfacet
  facet normal 0.190477 -0.0749021 0.97883
    outer loop
      vertex 88.7958 -18 22.1018
      vertex 83.1972 -18 23.1913
      vertex 83.7739 -19.2 22.9872
    endloop
  endfacet
  facet normal 0.180504 -0.0799483 0.98032
    outer loop
      vertex 83.1972 -18 23.1913
      vertex 78.2129 -19.2 24.0112
      vertex 83.7739 -19.2 22.9872
    endloop
  endfacet
  facet normal 0.181391 -0.0839752 0.979819
    outer loop
      vertex 83.1972 -18 23.1913
      vertex 77.6086 -18 24.2259
      vertex 78.2129 -19.2 24.0112
    endloop
  endfacet
  facet normal 0.17056 -0.089687 0.981257
    outer loop
      vertex 77.6086 -18 24.2259
      vertex 72.6591 -19.2 24.9765
      vertex 78.2129 -19.2 24.0112
    endloop
  endfacet
  facet normal 0.171403 -0.0934777 0.980756
    outer loop
      vertex 77.6086 -18 24.2259
      vertex 72.0272 -18 25.2013
      vertex 72.6591 -19.2 24.9765
    endloop
  endfacet
  facet normal 0.160052 -0.0996992 0.982061
    outer loop
      vertex 72.0272 -18 25.2013
      vertex 67.1092 -19.2 25.881
      vertex 72.6591 -19.2 24.9765
    endloop
  endfacet
  facet normal 0.16085 -0.103249 0.981564
    outer loop
      vertex 72.0272 -18 25.2013
      vertex 66.4497 -18 26.1153
      vertex 67.1092 -19.2 25.881
    endloop
  endfacet
  facet normal 0.149114 -0.109918 0.982692
    outer loop
      vertex 66.4497 -18 26.1153
      vertex 61.5603 -19.2 26.723
      vertex 67.1092 -19.2 25.881
    endloop
  endfacet
  facet normal 0.149864 -0.113221 0.982202
    outer loop
      vertex 66.4497 -18 26.1153
      vertex 60.8734 -18 26.9661
      vertex 61.5603 -19.2 26.723
    endloop
  endfacet
  facet normal 0.137825 -0.1203 0.983124
    outer loop
      vertex 60.8734 -18 26.9661
      vertex 56.0126 -19.2 27.5007
      vertex 61.5603 -19.2 26.723
    endloop
  endfacet
  facet normal 0.138527 -0.123356 0.982646
    outer loop
      vertex 60.8734 -18 26.9661
      vertex 55.2981 -18 27.7521
      vertex 56.0126 -19.2 27.5007
    endloop
  endfacet
  facet normal 0.126241 -0.130816 0.983336
    outer loop
      vertex 55.2981 -18 27.7521
      vertex 50.4655 -19.2 28.2129
      vertex 56.0126 -19.2 27.5007
    endloop
  endfacet
  facet normal 0.126893 -0.133619 0.982875
    outer loop
      vertex 55.2981 -18 27.7521
      vertex 49.7235 -18 28.4718
      vertex 50.4655 -19.2 28.2129
    endloop
  endfacet
  facet normal 0.114426 -0.141423 0.983314
    outer loop
      vertex 49.7235 -18 28.4718
      vertex 44.9207 -19.2 28.8581
      vertex 50.4655 -19.2 28.2129
    endloop
  endfacet
  facet normal 0.115028 -0.143973 0.982874
    outer loop
      vertex 49.7235 -18 28.4718
      vertex 44.1512 -18 29.1239
      vertex 44.9207 -19.2 28.8581
    endloop
  endfacet
  facet normal 0.102199 -0.152238 0.983046
    outer loop
      vertex 44.1512 -18 29.1239
      vertex 39.3787 -19.2 29.4343
      vertex 44.9207 -19.2 28.8581
    endloop
  endfacet
  facet normal 0.102748 -0.154529 0.982631
    outer loop
      vertex 44.1512 -18 29.1239
      vertex 38.5818 -18 29.7063
      vertex 39.3787 -19.2 29.4343
    endloop
  endfacet
  facet normal 0.0895115 -0.163292 0.982509
    outer loop
      vertex 38.5818 -18 29.7063
      vertex 33.8425 -19.2 29.9386
      vertex 39.3787 -19.2 29.4343
    endloop
  endfacet
  facet normal 0.0900058 -0.165318 0.982125
    outer loop
      vertex 38.5818 -18 29.7063
      vertex 33.0181 -18 30.2162
      vertex 33.8425 -19.2 29.9386
    endloop
  endfacet
  facet normal 0.0762887 -0.174638 0.981673
    outer loop
      vertex 33.0181 -18 30.2162
      vertex 28.3147 -19.2 30.3682
      vertex 33.8425 -19.2 29.9386
    endloop
  endfacet
  facet normal 0.0767255 -0.176394 0.981325
    outer loop
      vertex 33.0181 -18 30.2162
      vertex 27.4629 -18 30.6505
      vertex 28.3147 -19.2 30.3682
    endloop
  endfacet
  facet normal 0.0623042 -0.186434 0.98049
    outer loop
      vertex 27.4629 -18 30.6505
      vertex 22.7964 -19.2 30.7189
      vertex 28.3147 -19.2 30.3682
    endloop
  endfacet
  facet normal 0.0626793 -0.18791 0.980184
    outer loop
      vertex 27.4629 -18 30.6505
      vertex 21.9173 -18 31.0051
      vertex 22.7964 -19.2 30.7189
    endloop
  endfacet
  facet normal 0.047558 -0.198684 0.978909
    outer loop
      vertex 21.9173 -18 31.0051
      vertex 17.288 -19.2 30.9865
      vertex 22.7964 -19.2 30.7189
    endloop
  endfacet
  facet normal 0.0478668 -0.199872 0.978652
    outer loop
      vertex 21.9173 -18 31.0051
      vertex 16.3816 -18 31.2759
      vertex 17.288 -19.2 30.9865
    endloop
  endfacet
  facet normal 0.0320672 -0.211378 0.976878
    outer loop
      vertex 16.3816 -18 31.2759
      vertex 11.7893 -19.2 31.167
      vertex 17.288 -19.2 30.9865
    endloop
  endfacet
  facet normal 0.0323048 -0.212269 0.976677
    outer loop
      vertex 16.3816 -18 31.2759
      vertex 10.8556 -18 31.4587
      vertex 11.7893 -19.2 31.167
    endloop
  endfacet
  facet normal 0.0158051 -0.224538 0.974337
    outer loop
      vertex 10.8556 -18 31.4587
      vertex 6.30455 -19.2 31.256
      vertex 11.7893 -19.2 31.167
    endloop
  endfacet
  facet normal 0.0159658 -0.225124 0.974199
    outer loop
      vertex 10.8556 -18 31.4587
      vertex 5.34376 -18 31.549
      vertex 6.30455 -19.2 31.256
    endloop
  endfacet
  facet normal -0.0015792 -0.238429 0.971159
    outer loop
      vertex 5.34376 -18 31.549
      vertex 0.842074 -19.2 31.2471
      vertex 6.30455 -19.2 31.256
    endloop
  endfacet
  facet normal -0.00150248 -0.2387 0.971092
    outer loop
      vertex 5.34376 -18 31.549
      vertex -0.145747 -18 31.5405
      vertex 0.842074 -19.2 31.2471
    endloop
  endfacet
  facet normal -0.0206705 -0.253506 0.967113
    outer loop
      vertex -0.145747 -18 31.5405
      vertex -4.59207 -19.2 31.1309
      vertex 0.842074 -19.2 31.2471
    endloop
  endfacet
  facet normal -0.02069 -0.253439 0.96713
    outer loop
      vertex -0.145747 -18 31.5405
      vertex -5.60677 -18 31.4237
      vertex -4.59207 -19.2 31.1309
    endloop
  endfacet
  facet normal -0.0414345 -0.269739 0.962042
    outer loop
      vertex -5.60677 -18 31.4237
      vertex -9.99658 -19.2 30.8982
      vertex -4.59207 -19.2 31.1309
    endloop
  endfacet
  facet normal -0.0415618 -0.269322 0.962153
    outer loop
      vertex -5.60677 -18 31.4237
      vertex -11.038 -18 31.1891
      vertex -9.99658 -19.2 30.8982
    endloop
  endfacet
  facet normal -0.0637468 -0.287034 0.955797
    outer loop
      vertex -11.038 -18 31.1891
      vertex -15.3716 -19.2 30.5397
      vertex -9.99658 -19.2 30.8982
    endloop
  endfacet
  facet normal -0.0639956 -0.286254 0.956014
    outer loop
      vertex -11.038 -18 31.1891
      vertex -16.4396 -18 30.8275
      vertex -15.3716 -19.2 30.5397
    endloop
  endfacet
  facet normal -0.0875384 -0.305335 0.948213
    outer loop
      vertex -16.4396 -18 30.8275
      vertex -20.7144 -19.2 30.0464
      vertex -15.3716 -19.2 30.5397
    endloop
  endfacet
  facet normal -0.0879228 -0.304184 0.948547
    outer loop
      vertex -16.4396 -18 30.8275
      vertex -21.8088 -18 30.3298
      vertex -20.7144 -19.2 30.0464
    endloop
  endfacet
  facet normal -0.11288 -0.324703 0.939056
    outer loop
      vertex -21.8088 -18 30.3298
      vertex -26.0201 -19.2 29.4087
      vertex -20.7144 -19.2 30.0464
    endloop
  endfacet
  facet normal -0.113418 -0.323173 0.939519
    outer loop
      vertex -21.8088 -18 30.3298
      vertex -27.1407 -18 29.6861
      vertex -26.0201 -19.2 29.4087
    endloop
  endfacet
  facet normal -0.139687 -0.34507 0.928124
    outer loop
      vertex -27.1407 -18 29.6861
      vertex -31.2803 -19.2 28.617
      vertex -26.0201 -19.2 29.4087
    endloop
  endfacet
  facet normal -0.140394 -0.343167 0.928723
    outer loop
      vertex -27.1407 -18 29.6861
      vertex -32.4269 -18 28.887
      vertex -31.2803 -19.2 28.617
    endloop
  endfacet
  facet normal -0.168382 -0.366805 0.914932
    outer loop
      vertex -32.4269 -18 28.887
      vertex -34.4239 -19.2 28.0384
      vertex -31.2803 -19.2 28.617
    endloop
  endfacet
  facet normal -0.168381 -0.366806 0.914932
    outer loop
      vertex -34.4239 -19.2 28.0384
      vertex -32.4269 -18 28.887
      vertex -34.6347 -18.6531 28.2189
    endloop
  endfacet
  facet normal -0.16928 -0.364528 0.915676
    outer loop
      vertex -32.4269 -18 28.887
      vertex -34.8845 -18 28.4327
      vertex -34.6347 -18.6531 28.2189
    endloop
  endfacet
  facet normal 0.210151 -0.0566426 0.976027
    outer loop
      vertex 100.875 -19.2 19.5344
      vertex 100.521 -19.2 19.6107
      vertex 100.547 -19.2565 19.6018
    endloop
  endfacet
  facet normal 0.203296 -0.0599682 0.977279
    outer loop
      vertex 100.521 -19.2 19.6107
      vertex 99.6905 -19.3987 19.7713
      vertex 100.547 -19.2565 19.6018
    endloop
  endfacet
  facet normal 0.204414 -0.0650942 0.976718
    outer loop
      vertex 94.9271 -19.2 20.7814
      vertex 99.6905 -19.3987 19.7713
      vertex 100.521 -19.2 19.6107
    endloop
  endfacet
  facet normal 0.204414 -0.0650943 0.976718
    outer loop
      vertex 99.6905 -19.3987 19.7713
      vertex 94.9271 -19.2 20.7814
      vertex 95.3696 -20.1175 20.6277
    endloop
  endfacet
  facet normal 0.196369 -0.0692035 0.978085
    outer loop
      vertex 94.9271 -19.2 20.7814
      vertex 93.5931 -20.4 20.9643
      vertex 95.3696 -20.1175 20.6277
    endloop
  endfacet
  facet normal 0.196368 -0.0692018 0.978085
    outer loop
      vertex 93.5931 -20.4 20.9643
      vertex 94.9271 -19.2 20.7814
      vertex 89.9544 -20.4 21.6949
    endloop
  endfacet
  facet normal 0.197445 -0.0741052 0.977509
    outer loop
      vertex 94.9271 -19.2 20.7814
      vertex 89.3449 -19.2 21.909
      vertex 89.9544 -20.4 21.6949
    endloop
  endfacet
  facet normal 0.188323 -0.0789916 0.978925
    outer loop
      vertex 89.3449 -19.2 21.909
      vertex 84.4141 -20.4 22.7607
      vertex 89.9544 -20.4 21.6949
    endloop
  endfacet
  facet normal 0.189358 -0.0836607 0.978338
    outer loop
      vertex 89.3449 -19.2 21.909
      vertex 83.7739 -19.2 22.9872
      vertex 84.4141 -20.4 22.7607
    endloop
  endfacet
  facet normal 0.179298 -0.0892917 0.979734
    outer loop
      vertex 83.7739 -19.2 22.9872
      vertex 78.8838 -20.4 23.7728
      vertex 84.4141 -20.4 22.7607
    endloop
  endfacet
  facet normal 0.180287 -0.0937109 0.97914
    outer loop
      vertex 83.7739 -19.2 22.9872
      vertex 78.2129 -19.2 24.0112
      vertex 78.8838 -20.4 23.7728
    endloop
  endfacet
  facet normal 0.169377 -0.100072 0.980457
    outer loop
      vertex 78.2129 -19.2 24.0112
      vertex 73.3606 -20.4 24.7269
      vertex 78.8838 -20.4 23.7728
    endloop
  endfacet
  facet normal 0.170317 -0.104229 0.979861
    outer loop
      vertex 78.2129 -19.2 24.0112
      vertex 72.6591 -19.2 24.9765
      vertex 73.3606 -20.4 24.7269
    endloop
  endfacet
  facet normal 0.158898 -0.111146 0.981019
    outer loop
      vertex 72.6591 -19.2 24.9765
      vertex 67.8413 -20.4 25.6209
      vertex 73.3606 -20.4 24.7269
    endloop
  endfacet
  facet normal 0.159786 -0.11503 0.980427
    outer loop
      vertex 72.6591 -19.2 24.9765
      vertex 67.1092 -19.2 25.881
      vertex 67.8413 -20.4 25.6209
    endloop
  endfacet
  facet normal 0.147991 -0.122433 0.981381
    outer loop
      vertex 67.1092 -19.2 25.881
      vertex 62.323 -20.4 26.4531
      vertex 67.8413 -20.4 25.6209
    endloop
  endfacet
  facet normal 0.148827 -0.126044 0.980797
    outer loop
      vertex 67.1092 -19.2 25.881
      vertex 61.5603 -19.2 26.723
      vertex 62.323 -20.4 26.4531
    endloop
  endfacet
  facet normal 0.136738 -0.133888 0.981517
    outer loop
      vertex 61.5603 -19.2 26.723
      vertex 56.8058 -20.4 27.2217
      vertex 62.323 -20.4 26.4531
    endloop
  endfacet
  facet normal 0.13752 -0.137221 0.980948
    outer loop
      vertex 61.5603 -19.2 26.723
      vertex 56.0126 -19.2 27.5007
      vertex 56.8058 -20.4 27.2217
    endloop
  endfacet
  facet normal 0.125197 -0.145474 0.981409
    outer loop
      vertex 56.0126 -19.2 27.5007
      vertex 51.2893 -20.4 27.9254
      vertex 56.8058 -20.4 27.2217
    endloop
  endfacet
  facet normal 0.125923 -0.148528 0.980858
    outer loop
      vertex 56.0126 -19.2 27.5007
      vertex 50.4655 -19.2 28.2129
      vertex 51.2893 -20.4 27.9254
    endloop
  endfacet
  facet normal 0.11343 -0.157147 0.981039
    outer loop
      vertex 50.4655 -19.2 28.2129
      vertex 45.7749 -20.4 28.563
      vertex 51.2893 -20.4 27.9254
    endloop
  endfacet
  facet normal 0.1141 -0.159918 0.980514
    outer loop
      vertex 50.4655 -19.2 28.2129
      vertex 44.9207 -19.2 28.8581
      vertex 45.7749 -20.4 28.563
    endloop
  endfacet
  facet normal 0.10126 -0.16903 0.980395
    outer loop
      vertex 44.9207 -19.2 28.8581
      vertex 40.2635 -20.4 29.1322
      vertex 45.7749 -20.4 28.563
    endloop
  endfacet
  facet normal 0.101872 -0.171518 0.9799
    outer loop
      vertex 44.9207 -19.2 28.8581
      vertex 39.3787 -19.2 29.4343
      vertex 40.2635 -20.4 29.1322
    endloop
  endfacet
  facet normal 0.0886405 -0.181161 0.979451
    outer loop
      vertex 39.3787 -19.2 29.4343
      vertex 34.7578 -20.4 29.6305
      vertex 40.2635 -20.4 29.1322
    endloop
  endfacet
  facet normal 0.0891911 -0.183356 0.978992
    outer loop
      vertex 39.3787 -19.2 29.4343
      vertex 33.8425 -19.2 29.9386
      vertex 34.7578 -20.4 29.6305
    endloop
  endfacet
  facet normal 0.0754978 -0.19359 0.978173
    outer loop
      vertex 33.8425 -19.2 29.9386
      vertex 29.2604 -20.4 30.0548
      vertex 34.7578 -20.4 29.6305
    endloop
  endfacet
  facet normal 0.0759844 -0.195488 0.977758
    outer loop
      vertex 33.8425 -19.2 29.9386
      vertex 28.3147 -19.2 30.3682
      vertex 29.2604 -20.4 30.0548
    endloop
  endfacet
  facet normal 0.06161 -0.20649 0.976507
    outer loop
      vertex 28.3147 -19.2 30.3682
      vertex 23.7724 -20.4 30.4011
      vertex 29.2604 -20.4 30.0548
    endloop
  endfacet
  facet normal 0.062028 -0.208082 0.976143
    outer loop
      vertex 28.3147 -19.2 30.3682
      vertex 22.7964 -19.2 30.7189
      vertex 23.7724 -20.4 30.4011
    endloop
  endfacet
  facet normal 0.0469804 -0.219859 0.9744
    outer loop
      vertex 22.7964 -19.2 30.7189
      vertex 18.2943 -20.4 30.6652
      vertex 23.7724 -20.4 30.4011
    endloop
  endfacet
  facet normal 0.0473241 -0.221135 0.974094
    outer loop
      vertex 22.7964 -19.2 30.7189
      vertex 17.288 -19.2 30.9865
      vertex 18.2943 -20.4 30.6652
    endloop
  endfacet
  facet normal 0.031628 -0.233682 0.971798
    outer loop
      vertex 17.288 -19.2 30.9865
      vertex 12.8258 -20.4 30.8432
      vertex 18.2943 -20.4 30.6652
    endloop
  endfacet
  facet normal 0.0318926 -0.234638 0.97156
    outer loop
      vertex 17.288 -19.2 30.9865
      vertex 11.7893 -19.2 31.167
      vertex 12.8258 -20.4 30.8432
    endloop
  endfacet
  facet normal 0.0155306 -0.247983 0.96864
    outer loop
      vertex 11.7893 -19.2 31.167
      vertex 7.37123 -20.4 30.9306
      vertex 12.8258 -20.4 30.8432
    endloop
  endfacet
  facet normal 0.0157101 -0.248611 0.968476
    outer loop
      vertex 11.7893 -19.2 31.167
      vertex 6.30455 -19.2 31.256
      vertex 7.37123 -20.4 30.9306
    endloop
  endfacet
  facet normal -0.00165405 -0.263045 0.964782
    outer loop
      vertex 6.30455 -19.2 31.256
      vertex 1.93877 -20.4 30.9213
      vertex 7.37123 -20.4 30.9306
    endloop
  endfacet
  facet normal -0.0015687 -0.263334 0.964704
    outer loop
      vertex 6.30455 -19.2 31.256
      vertex 0.842074 -19.2 31.2471
      vertex 1.93877 -20.4 30.9213
    endloop
  endfacet
  facet normal -0.020497 -0.279348 0.959971
    outer loop
      vertex 0.842074 -19.2 31.2471
      vertex -3.46553 -20.4 30.8059
      vertex 1.93877 -20.4 30.9213
    endloop
  endfacet
  facet normal -0.0205183 -0.279278 0.959991
    outer loop
      vertex 0.842074 -19.2 31.2471
      vertex -4.59207 -19.2 31.1309
      vertex -3.46553 -20.4 30.8059
    endloop
  endfacet
  facet normal -0.0409536 -0.296852 0.954045
    outer loop
      vertex -4.59207 -19.2 31.1309
      vertex -8.84038 -20.4 30.5752
      vertex -3.46553 -20.4 30.8059
    endloop
  endfacet
  facet normal -0.0410957 -0.29641 0.954176
    outer loop
      vertex -4.59207 -19.2 31.1309
      vertex -9.99658 -19.2 30.8982
      vertex -8.84038 -20.4 30.5752
    endloop
  endfacet
  facet normal -0.06289 -0.315439 0.946859
    outer loop
      vertex -9.99658 -19.2 30.8982
      vertex -14.1859 -20.4 30.2201
      vertex -8.84038 -20.4 30.5752
    endloop
  endfacet
  facet normal -0.0631677 -0.314614 0.947115
    outer loop
      vertex -9.99658 -19.2 30.8982
      vertex -15.3716 -19.2 30.5397
      vertex -14.1859 -20.4 30.2201
    endloop
  endfacet
  facet normal -0.0862258 -0.335037 0.938251
    outer loop
      vertex -15.3716 -19.2 30.5397
      vertex -19.4994 -20.4 29.7318
      vertex -14.1859 -20.4 30.2201
    endloop
  endfacet
  facet normal -0.0866549 -0.333825 0.938643
    outer loop
      vertex -15.3716 -19.2 30.5397
      vertex -20.7144 -19.2 30.0464
      vertex -19.4994 -20.4 29.7318
    endloop
  endfacet
  facet normal -0.111017 -0.355697 0.927984
    outer loop
      vertex -20.7144 -19.2 30.0464
      vertex -24.776 -20.4 29.1006
      vertex -19.4994 -20.4 29.7318
    endloop
  endfacet
  facet normal -0.111614 -0.354099 0.928524
    outer loop
      vertex -20.7144 -19.2 30.0464
      vertex -26.0201 -19.2 29.4087
      vertex -24.776 -20.4 29.1006
    endloop
  endfacet
  facet normal -0.13716 -0.377333 0.915864
    outer loop
      vertex -26.0201 -19.2 29.4087
      vertex -30.0074 -20.4 28.3171
      vertex -24.776 -20.4 29.1006
    endloop
  endfacet
  facet normal -0.137947 -0.375353 0.916559
    outer loop
      vertex -26.0201 -19.2 29.4087
      vertex -31.2803 -19.2 28.617
      vertex -30.0074 -20.4 28.3171
    endloop
  endfacet
  facet normal -0.165049 -0.400313 0.901393
    outer loop
      vertex -31.2803 -19.2 28.617
      vertex -33.9139 -20.4 27.6018
      vertex -30.0074 -20.4 28.3171
    endloop
  endfacet
  facet normal -0.165049 -0.400314 0.901392
    outer loop
      vertex -33.9139 -20.4 27.6018
      vertex -31.2803 -19.2 28.617
      vertex -34.0612 -20.0553 27.7279
    endloop
  endfacet
  facet normal -0.166048 -0.397957 0.902252
    outer loop
      vertex -31.2803 -19.2 28.617
      vertex -34.4239 -19.2 28.0384
      vertex -34.0612 -20.0553 27.7279
    endloop
  endfacet
  facet normal 0.196174 -0.0821698 0.97712
    outer loop
      vertex 93.5931 -20.4 20.9643
      vertex 89.9544 -20.4 21.6949
      vertex 90.2486 -20.9264 21.5915
    endloop
  endfacet
  facet normal 0.186954 -0.0875855 0.978456
    outer loop
      vertex 89.9544 -20.4 21.6949
      vertex 85.732 -21.6 22.3942
      vertex 90.2486 -20.9264 21.5915
    endloop
  endfacet
  facet normal 0.186953 -0.0875818 0.978457
    outer loop
      vertex 85.732 -21.6 22.3942
      vertex 89.9544 -20.4 21.6949
      vertex 85.1187 -21.6 22.5114
    endloop
  endfacet
  facet normal 0.1881 -0.0926736 0.977768
    outer loop
      vertex 89.9544 -20.4 21.6949
      vertex 84.4141 -20.4 22.7607
      vertex 85.1187 -21.6 22.5114
    endloop
  endfacet
  facet normal 0.177951 -0.0988995 0.979057
    outer loop
      vertex 84.4141 -20.4 22.7607
      vertex 79.622 -21.6 23.5105
      vertex 85.1187 -21.6 22.5114
    endloop
  endfacet
  facet normal 0.179046 -0.103708 0.978359
    outer loop
      vertex 84.4141 -20.4 22.7607
      vertex 78.8838 -20.4 23.7728
      vertex 79.622 -21.6 23.5105
    endloop
  endfacet
  facet normal 0.168059 -0.110725 0.979539
    outer loop
      vertex 78.8838 -20.4 23.7728
      vertex 74.1325 -21.6 24.4523
      vertex 79.622 -21.6 23.5105
    endloop
  endfacet
  facet normal 0.169098 -0.115235 0.978839
    outer loop
      vertex 78.8838 -20.4 23.7728
      vertex 73.3606 -20.4 24.7269
      vertex 74.1325 -21.6 24.4523
    endloop
  endfacet
  facet normal 0.15761 -0.122852 0.97983
    outer loop
      vertex 73.3606 -20.4 24.7269
      vertex 68.6468 -21.6 25.3347
      vertex 74.1325 -21.6 24.4523
    endloop
  endfacet
  facet normal 0.158592 -0.127064 0.979134
    outer loop
      vertex 73.3606 -20.4 24.7269
      vertex 67.8413 -20.4 25.6209
      vertex 68.6468 -21.6 25.3347
    endloop
  endfacet
  facet normal 0.146739 -0.135202 0.979892
    outer loop
      vertex 67.8413 -20.4 25.6209
      vertex 63.1622 -21.6 26.156
      vertex 68.6468 -21.6 25.3347
    endloop
  endfacet
  facet normal 0.147663 -0.13911 0.979206
    outer loop
      vertex 67.8413 -20.4 25.6209
      vertex 62.323 -20.4 26.4531
      vertex 63.1622 -21.6 26.156
    endloop
  endfacet
  facet normal 0.135528 -0.147719 0.9797
    outer loop
      vertex 62.323 -20.4 26.4531
      vertex 57.6786 -21.6 26.9146
      vertex 63.1622 -21.6 26.156
    endloop
  endfacet
  facet normal 0.136392 -0.151321 0.97903
    outer loop
      vertex 62.323 -20.4 26.4531
      vertex 56.8058 -20.4 27.2217
      vertex 57.6786 -21.6 26.9146
    endloop
  endfacet
  facet normal 0.124034 -0.160361 0.979234
    outer loop
      vertex 56.8058 -20.4 27.2217
      vertex 52.1957 -21.6 27.6091
      vertex 57.6786 -21.6 26.9146
    endloop
  endfacet
  facet normal 0.124837 -0.163653 0.978588
    outer loop
      vertex 56.8058 -20.4 27.2217
      vertex 51.2893 -20.4 27.9254
      vertex 52.1957 -21.6 27.6091
    endloop
  endfacet
  facet normal 0.112323 -0.173078 0.978482
    outer loop
      vertex 51.2893 -20.4 27.9254
      vertex 46.715 -21.6 28.2382
      vertex 52.1957 -21.6 27.6091
    endloop
  endfacet
  facet normal 0.113063 -0.176062 0.977864
    outer loop
      vertex 51.2893 -20.4 27.9254
      vertex 45.7749 -20.4 28.563
      vertex 46.715 -21.6 28.2382
    endloop
  endfacet
  facet normal 0.100217 -0.186006 0.977424
    outer loop
      vertex 45.7749 -20.4 28.563
      vertex 41.2371 -21.6 28.7999
      vertex 46.715 -21.6 28.2382
    endloop
  endfacet
  facet normal 0.100893 -0.188676 0.976843
    outer loop
      vertex 45.7749 -20.4 28.563
      vertex 40.2635 -20.4 29.1322
      vertex 41.2371 -21.6 28.7999
    endloop
  endfacet
  facet normal 0.0876741 -0.199176 0.976034
    outer loop
      vertex 40.2635 -20.4 29.1322
      vertex 35.7649 -21.6 29.2915
      vertex 41.2371 -21.6 28.7999
    endloop
  endfacet
  facet normal 0.0882826 -0.201528 0.975496
    outer loop
      vertex 40.2635 -20.4 29.1322
      vertex 34.7578 -20.4 29.6305
      vertex 35.7649 -21.6 29.2915
    endloop
  endfacet
  facet normal 0.0746219 -0.212648 0.974275
    outer loop
      vertex 34.7578 -20.4 29.6305
      vertex 30.3009 -21.6 29.7099
      vertex 35.7649 -21.6 29.2915
    endloop
  endfacet
  facet normal 0.0751594 -0.214676 0.973789
    outer loop
      vertex 34.7578 -20.4 29.6305
      vertex 29.2604 -20.4 30.0548
      vertex 30.3009 -21.6 29.7099
    endloop
  endfacet
  facet normal 0.0608425 -0.226602 0.972085
    outer loop
      vertex 29.2604 -20.4 30.0548
      vertex 24.8464 -21.6 30.0513
      vertex 30.3009 -21.6 29.7099
    endloop
  endfacet
  facet normal 0.0613041 -0.228298 0.971659
    outer loop
      vertex 29.2604 -20.4 30.0548
      vertex 23.7724 -20.4 30.4011
      vertex 24.8464 -21.6 30.0513
    endloop
  endfacet
  facet normal 0.0463424 -0.241033 0.96941
    outer loop
      vertex 23.7724 -20.4 30.4011
      vertex 19.4016 -21.6 30.3116
      vertex 24.8464 -21.6 30.0513
    endloop
  endfacet
  facet normal 0.0467226 -0.242392 0.969053
    outer loop
      vertex 23.7724 -20.4 30.4011
      vertex 18.2943 -20.4 30.6652
      vertex 19.4016 -21.6 30.3116
    endloop
  endfacet
  facet normal 0.031144 -0.255925 0.966195
    outer loop
      vertex 18.2943 -20.4 30.6652
      vertex 13.9664 -21.6 30.4868
      vertex 19.4016 -21.6 30.3116
    endloop
  endfacet
  facet normal 0.0314366 -0.256938 0.965916
    outer loop
      vertex 18.2943 -20.4 30.6652
      vertex 12.8258 -20.4 30.8432
      vertex 13.9664 -21.6 30.4868
    endloop
  endfacet
  facet normal 0.0152287 -0.271292 0.962377
    outer loop
      vertex 12.8258 -20.4 30.8432
      vertex 8.54494 -21.6 30.5726
      vertex 13.9664 -21.6 30.4868
    endloop
  endfacet
  facet normal 0.0154271 -0.271957 0.962186
    outer loop
      vertex 12.8258 -20.4 30.8432
      vertex 7.37123 -20.4 30.9306
      vertex 8.54494 -21.6 30.5726
    endloop
  endfacet
  facet normal -0.00173603 -0.287435 0.957799
    outer loop
      vertex 7.37123 -20.4 30.9306
      vertex 3.14549 -21.6 30.5628
      vertex 8.54494 -21.6 30.5726
    endloop
  endfacet
  facet normal -0.00164192 -0.287739 0.957708
    outer loop
      vertex 7.37123 -20.4 30.9306
      vertex 1.93877 -20.4 30.9213
      vertex 3.14549 -21.6 30.5628
    endloop
  endfacet
  facet normal -0.0203072 -0.304858 0.952181
    outer loop
      vertex 1.93877 -20.4 30.9213
      vertex -2.22596 -21.6 30.4483
      vertex 3.14549 -21.6 30.5628
    endloop
  endfacet
  facet normal -0.0203312 -0.304784 0.952205
    outer loop
      vertex 1.93877 -20.4 30.9213
      vertex -3.46553 -20.4 30.8059
      vertex -2.22596 -21.6 30.4483
    endloop
  endfacet
  facet normal -0.0404306 -0.323507 0.945362
    outer loop
      vertex -3.46553 -20.4 30.8059
      vertex -7.56817 -21.6 30.2198
      vertex -2.22596 -21.6 30.4483
    endloop
  endfacet
  facet normal -0.0405874 -0.323045 0.945513
    outer loop
      vertex -3.46553 -20.4 30.8059
      vertex -8.84038 -20.4 30.5752
      vertex -7.56817 -21.6 30.2198
    endloop
  endfacet
  facet normal -0.0619615 -0.343243 0.937201
    outer loop
      vertex -8.84038 -20.4 30.5752
      vertex -12.8812 -21.6 29.8685
      vertex -7.56817 -21.6 30.2198
    endloop
  endfacet
  facet normal -0.062268 -0.342384 0.937494
    outer loop
      vertex -8.84038 -20.4 30.5752
      vertex -14.1859 -20.4 30.2201
      vertex -12.8812 -21.6 29.8685
    endloop
  endfacet
  facet normal -0.0848095 -0.363975 0.927539
    outer loop
      vertex -14.1859 -20.4 30.2201
      vertex -18.1625 -21.6 29.3856
      vertex -12.8812 -21.6 29.8685
    endloop
  endfacet
  facet normal -0.0852826 -0.362719 0.927988
    outer loop
      vertex -14.1859 -20.4 30.2201
      vertex -19.4994 -20.4 29.7318
      vertex -18.1625 -21.6 29.3856
    endloop
  endfacet
  facet normal -0.109014 -0.385742 0.916144
    outer loop
      vertex -19.4994 -20.4 29.7318
      vertex -23.4071 -21.6 28.7616
      vertex -18.1625 -21.6 29.3856
    endloop
  endfacet
  facet normal -0.109674 -0.384091 0.916758
    outer loop
      vertex -19.4994 -20.4 29.7318
      vertex -24.776 -20.4 29.1006
      vertex -23.4071 -21.6 28.7616
    endloop
  endfacet
  facet normal -0.13446 -0.408432 0.902831
    outer loop
      vertex -24.776 -20.4 29.1006
      vertex -28.6068 -21.6 27.9872
      vertex -23.4071 -21.6 28.7616
    endloop
  endfacet
  facet normal -0.135327 -0.406398 0.903619
    outer loop
      vertex -24.776 -20.4 29.1006
      vertex -30.0074 -20.4 28.3171
      vertex -28.6068 -21.6 27.9872
    endloop
  endfacet
  facet normal -0.16151 -0.432415 0.887092
    outer loop
      vertex -30.0074 -20.4 28.3171
      vertex -33.3543 -21.6 27.1228
      vertex -28.6068 -21.6 27.9872
    endloop
  endfacet
  facet normal -0.161508 -0.432419 0.88709
    outer loop
      vertex -33.3543 -21.6 27.1228
      vertex -30.0074 -20.4 28.3171
      vertex -33.4061 -21.4897 27.1671
    endloop
  endfacet
  facet normal -0.162608 -0.430011 0.888059
    outer loop
      vertex -30.0074 -20.4 28.3171
      vertex -33.9139 -20.4 27.6018
      vertex -33.4061 -21.4897 27.1671
    endloop
  endfacet
  facet normal 0.186698 -0.101874 0.977121
    outer loop
      vertex 85.732 -21.6 22.3942
      vertex 85.1187 -21.6 22.5114
      vertex 85.1716 -21.6826 22.4927
    endloop
  endfacet
  facet normal 0.17646 -0.108698 0.978288
    outer loop
      vertex 85.1187 -21.6 22.5114
      vertex 84.352 -21.7961 22.6279
      vertex 85.1716 -21.6826 22.4927
    endloop
  endfacet
  facet normal 0.177665 -0.113889 0.977479
    outer loop
      vertex 79.622 -21.6 23.5105
      vertex 84.352 -21.7961 22.6279
      vertex 85.1187 -21.6 22.5114
    endloop
  endfacet
  facet normal 0.177665 -0.113889 0.977479
    outer loop
      vertex 84.352 -21.7961 22.6279
      vertex 79.622 -21.6 23.5105
      vertex 80.146 -22.3805 23.3243
    endloop
  endfacet
  facet normal 0.1666 -0.121562 0.978503
    outer loop
      vertex 79.622 -21.6 23.5105
      vertex 76.9043 -22.8 23.8241
      vertex 80.146 -22.3805 23.3243
    endloop
  endfacet
  facet normal 0.1666 -0.121562 0.978503
    outer loop
      vertex 76.9043 -22.8 23.8241
      vertex 79.622 -21.6 23.5105
      vertex 74.9749 -22.8 24.1526
    endloop
  endfacet
  facet normal 0.167742 -0.126419 0.977692
    outer loop
      vertex 79.622 -21.6 23.5105
      vertex 74.1325 -21.6 24.4523
      vertex 74.9749 -22.8 24.1526
    endloop
  endfacet
  facet normal 0.156186 -0.134732 0.978495
    outer loop
      vertex 74.1325 -21.6 24.4523
      vertex 69.5259 -22.8 25.0224
      vertex 74.9749 -22.8 24.1526
    endloop
  endfacet
  facet normal 0.157265 -0.139258 0.977688
    outer loop
      vertex 74.1325 -21.6 24.4523
      vertex 68.6468 -21.6 25.3347
      vertex 69.5259 -22.8 25.0224
    endloop
  endfacet
  facet normal 0.145357 -0.148123 0.978229
    outer loop
      vertex 68.6468 -21.6 25.3347
      vertex 64.078 -22.8 25.8319
      vertex 69.5259 -22.8 25.0224
    endloop
  endfacet
  facet normal 0.146371 -0.152314 0.977433
    outer loop
      vertex 68.6468 -21.6 25.3347
      vertex 63.1622 -21.6 26.156
      vertex 64.078 -22.8 25.8319
    endloop
  endfacet
  facet normal 0.134192 -0.161674 0.977678
    outer loop
      vertex 63.1622 -21.6 26.156
      vertex 58.6311 -22.8 26.5795
      vertex 64.078 -22.8 25.8319
    endloop
  endfacet
  facet normal 0.135141 -0.165528 0.976902
    outer loop
      vertex 63.1622 -21.6 26.156
      vertex 57.6786 -21.6 26.9146
      vertex 58.6311 -22.8 26.5795
    endloop
  endfacet
  facet normal 0.122753 -0.175339 0.976825
    outer loop
      vertex 57.6786 -21.6 26.9146
      vertex 53.1848 -22.8 27.2639
      vertex 58.6311 -22.8 26.5795
    endloop
  endfacet
  facet normal 0.123634 -0.178857 0.976076
    outer loop
      vertex 57.6786 -21.6 26.9146
      vertex 52.1957 -21.6 27.6091
      vertex 53.1848 -22.8 27.2639
    endloop
  endfacet
  facet normal 0.111104 -0.189066 0.975659
    outer loop
      vertex 52.1957 -21.6 27.6091
      vertex 47.7408 -22.8 27.8839
      vertex 53.1848 -22.8 27.2639
    endloop
  endfacet
  facet normal 0.111916 -0.192246 0.974944
    outer loop
      vertex 52.1957 -21.6 27.6091
      vertex 46.715 -21.6 28.2382
      vertex 47.7408 -22.8 27.8839
    endloop
  endfacet
  facet normal 0.099071 -0.202993 0.974155
    outer loop
      vertex 46.715 -21.6 28.2382
      vertex 42.2995 -22.8 28.4372
      vertex 47.7408 -22.8 27.8839
    endloop
  endfacet
  facet normal 0.0998131 -0.205835 0.973483
    outer loop
      vertex 46.715 -21.6 28.2382
      vertex 41.2371 -21.6 28.7999
      vertex 42.2995 -22.8 28.4372
    endloop
  endfacet
  facet normal 0.0866141 -0.217159 0.972286
    outer loop
      vertex 41.2371 -21.6 28.7999
      vertex 36.8639 -22.8 28.9215
      vertex 42.2995 -22.8 28.4372
    endloop
  endfacet
  facet normal 0.0872817 -0.219655 0.971665
    outer loop
      vertex 41.2371 -21.6 28.7999
      vertex 35.7649 -21.6 29.2915
      vertex 36.8639 -22.8 28.9215
    endloop
  endfacet
  facet normal 0.0736623 -0.231619 0.970014
    outer loop
      vertex 35.7649 -21.6 29.2915
      vertex 31.4364 -22.8 29.3336
      vertex 36.8639 -22.8 28.9215
    endloop
  endfacet
  facet normal 0.0742526 -0.233768 0.969453
    outer loop
      vertex 35.7649 -21.6 29.2915
      vertex 30.3009 -21.6 29.7099
      vertex 31.4364 -22.8 29.3336
    endloop
  endfacet
  facet normal 0.0600035 -0.246566 0.967267
    outer loop
      vertex 30.3009 -21.6 29.7099
      vertex 26.0183 -22.8 29.6697
      vertex 31.4364 -22.8 29.3336
    endloop
  endfacet
  facet normal 0.0605102 -0.248358 0.966777
    outer loop
      vertex 30.3009 -21.6 29.7099
      vertex 24.8464 -21.6 30.0513
      vertex 26.0183 -22.8 29.6697
    endloop
  endfacet
  facet normal 0.0456466 -0.261988 0.963991
    outer loop
      vertex 24.8464 -21.6 30.0513
      vertex 20.6099 -22.8 29.9258
      vertex 26.0183 -22.8 29.6697
    endloop
  endfacet
  facet normal 0.0460637 -0.263418 0.963581
    outer loop
      vertex 24.8464 -21.6 30.0513
      vertex 19.4016 -21.6 30.3116
      vertex 20.6099 -22.8 29.9258
    endloop
  endfacet
  facet normal 0.0306174 -0.277863 0.960133
    outer loop
      vertex 19.4016 -21.6 30.3116
      vertex 15.211 -22.8 30.098
      vertex 20.6099 -22.8 29.9258
    endloop
  endfacet
  facet normal 0.0309384 -0.278927 0.959814
    outer loop
      vertex 19.4016 -21.6 30.3116
      vertex 13.9664 -21.6 30.4868
      vertex 15.211 -22.8 30.098
    endloop
  endfacet
  facet normal 0.0149009 -0.294204 0.955627
    outer loop
      vertex 13.9664 -21.6 30.4868
      vertex 9.82576 -22.8 30.182
      vertex 15.211 -22.8 30.098
    endloop
  endfacet
  facet normal 0.0151184 -0.294899 0.955409
    outer loop
      vertex 13.9664 -21.6 30.4868
      vertex 8.54494 -21.6 30.5726
      vertex 9.82576 -22.8 30.182
    endloop
  endfacet
  facet normal -0.0018256 -0.311322 0.950303
    outer loop
      vertex 8.54494 -21.6 30.5726
      vertex 4.46235 -22.8 30.1717
      vertex 9.82576 -22.8 30.182
    endloop
  endfacet
  facet normal -0.00172226 -0.311639 0.950199
    outer loop
      vertex 8.54494 -21.6 30.5726
      vertex 3.14549 -21.6 30.5628
      vertex 4.46235 -22.8 30.1717
    endloop
  endfacet
  facet normal -0.0201046 -0.329744 0.943856
    outer loop
      vertex 3.14549 -21.6 30.5628
      vertex -0.87327 -22.8 30.058
      vertex 4.46235 -22.8 30.1717
    endloop
  endfacet
  facet normal -0.0201302 -0.329669 0.943882
    outer loop
      vertex 3.14549 -21.6 30.5628
      vertex -2.22596 -21.6 30.4483
      vertex -0.87327 -22.8 30.058
    endloop
  endfacet
  facet normal -0.0398703 -0.349398 0.936126
    outer loop
      vertex -2.22596 -21.6 30.4483
      vertex -6.17985 -22.8 29.832
      vertex -0.87327 -22.8 30.058
    endloop
  endfacet
  facet normal -0.040043 -0.348918 0.936298
    outer loop
      vertex -2.22596 -21.6 30.4483
      vertex -7.56817 -21.6 30.2198
      vertex -6.17985 -22.8 29.832
    endloop
  endfacet
  facet normal -0.0609722 -0.37012 0.926981
    outer loop
      vertex -7.56817 -21.6 30.2198
      vertex -11.4575 -22.8 29.4849
      vertex -6.17985 -22.8 29.832
    endloop
  endfacet
  facet normal -0.0613077 -0.369235 0.927312
    outer loop
      vertex -7.56817 -21.6 30.2198
      vertex -12.8812 -21.6 29.8685
      vertex -11.4575 -22.8 29.4849
    endloop
  endfacet
  facet normal -0.0833072 -0.391806 0.916269
    outer loop
      vertex -12.8812 -21.6 29.8685
      vertex -16.7036 -22.8 29.0079
      vertex -11.4575 -22.8 29.4849
    endloop
  endfacet
  facet normal -0.0838249 -0.390517 0.916771
    outer loop
      vertex -12.8812 -21.6 29.8685
      vertex -18.1625 -21.6 29.3856
      vertex -16.7036 -22.8 29.0079
    endloop
  endfacet
  facet normal -0.106902 -0.414477 0.903759
    outer loop
      vertex -18.1625 -21.6 29.3856
      vertex -21.9132 -22.8 28.3916
      vertex -16.7036 -22.8 29.0079
    endloop
  endfacet
  facet normal -0.107622 -0.412794 0.904444
    outer loop
      vertex -18.1625 -21.6 29.3856
      vertex -23.4071 -21.6 28.7616
      vertex -21.9132 -22.8 28.3916
    endloop
  endfacet
  facet normal -0.131628 -0.438005 0.889284
    outer loop
      vertex -23.4071 -21.6 28.7616
      vertex -27.0783 -22.8 27.6271
      vertex -21.9132 -22.8 28.3916
    endloop
  endfacet
  facet normal -0.132573 -0.43594 0.890158
    outer loop
      vertex -23.4071 -21.6 28.7616
      vertex -28.6068 -21.6 27.9872
      vertex -27.0783 -22.8 27.6271
    endloop
  endfacet
  facet normal -0.157821 -0.46275 0.872327
    outer loop
      vertex -28.6068 -21.6 27.9872
      vertex -32.1875 -22.8 26.7028
      vertex -27.0783 -22.8 27.6271
    endloop
  endfacet
  facet normal -0.159016 -0.460325 0.873393
    outer loop
      vertex -33.3543 -21.6 27.1228
      vertex -32.1875 -22.8 26.7028
      vertex -28.6068 -21.6 27.9872
    endloop
  endfacet
  facet normal -0.159017 -0.460326 0.873392
    outer loop
      vertex -32.1875 -22.8 26.7028
      vertex -33.3543 -21.6 27.1228
      vertex -33.1014 -22.0982 26.9063
    endloop
  endfacet
  facet normal -0.18542 -0.488663 0.852542
    outer loop
      vertex -32.1875 -22.8 26.7028
      vertex -33.1014 -22.0982 26.9063
      vertex -32.7267 -22.8 26.5855
    endloop
  endfacet
  facet normal 0.166246 -0.137693 0.976424
    outer loop
      vertex 76.9043 -22.8 23.8241
      vertex 74.9749 -22.8 24.1526
      vertex 75.1457 -23.0247 24.0919
    endloop
  endfacet
  facet normal 0.154626 -0.146688 0.977023
    outer loop
      vertex 74.9749 -22.8 24.1526
      vertex 73.3303 -23.2388 24.347
      vertex 75.1457 -23.0247 24.0919
    endloop
  endfacet
  facet normal 0.155803 -0.151508 0.9761
    outer loop
      vertex 69.5259 -22.8 25.0224
      vertex 73.3303 -23.2388 24.347
      vertex 74.9749 -22.8 24.1526
    endloop
  endfacet
  facet normal 0.155803 -0.151508 0.9761
    outer loop
      vertex 73.3303 -23.2388 24.347
      vertex 69.5259 -22.8 25.0224
      vertex 70.171 -23.6133 24.7932
    endloop
  endfacet
  facet normal 0.143843 -0.161082 0.976403
    outer loop
      vertex 69.5259 -22.8 25.0224
      vertex 66.6098 -24 25.254
      vertex 70.171 -23.6133 24.7932
    endloop
  endfacet
  facet normal 0.143842 -0.161081 0.976403
    outer loop
      vertex 66.6098 -24 25.254
      vertex 69.5259 -22.8 25.0224
      vertex 65.0696 -24 25.4809
    endloop
  endfacet
  facet normal 0.14495 -0.165543 0.975492
    outer loop
      vertex 69.5259 -22.8 25.0224
      vertex 64.078 -22.8 25.8319
      vertex 65.0696 -24 25.4809
    endloop
  endfacet
  facet normal 0.132732 -0.175632 0.975467
    outer loop
      vertex 64.078 -22.8 25.8319
      vertex 59.6625 -24 26.2166
      vertex 65.0696 -24 25.4809
    endloop
  endfacet
  facet normal 0.133767 -0.179725 0.97458
    outer loop
      vertex 64.078 -22.8 25.8319
      vertex 58.6311 -22.8 26.5795
      vertex 59.6625 -24 26.2166
    endloop
  endfacet
  facet normal 0.121355 -0.190279 0.974201
    outer loop
      vertex 58.6311 -22.8 26.5795
      vertex 54.2559 -24 26.8901
      vertex 59.6625 -24 26.2166
    endloop
  endfacet
  facet normal 0.122316 -0.194004 0.973345
    outer loop
      vertex 58.6311 -22.8 26.5795
      vertex 53.1848 -22.8 27.2639
      vertex 54.2559 -24 26.8901
    endloop
  endfacet
  facet normal 0.109775 -0.204964 0.972594
    outer loop
      vertex 53.1848 -22.8 27.2639
      vertex 48.8516 -24 27.5001
      vertex 54.2559 -24 26.8901
    endloop
  endfacet
  facet normal 0.110662 -0.208327 0.971779
    outer loop
      vertex 53.1848 -22.8 27.2639
      vertex 47.7408 -22.8 27.8839
      vertex 48.8516 -24 27.5001
    endloop
  endfacet
  facet normal 0.0978246 -0.21984 0.970619
    outer loop
      vertex 47.7408 -22.8 27.8839
      vertex 43.45 -24 28.0445
      vertex 48.8516 -24 27.5001
    endloop
  endfacet
  facet normal 0.0986335 -0.222834 0.969854
    outer loop
      vertex 47.7408 -22.8 27.8839
      vertex 42.2995 -22.8 28.4372
      vertex 43.45 -24 28.0445
    endloop
  endfacet
  facet normal 0.0854627 -0.234936 0.968247
    outer loop
      vertex 42.2995 -22.8 28.4372
      vertex 38.054 -24 28.5208
      vertex 43.45 -24 28.0445
    endloop
  endfacet
  facet normal 0.0861914 -0.237563 0.967541
    outer loop
      vertex 42.2995 -22.8 28.4372
      vertex 36.8639 -22.8 28.9215
      vertex 38.054 -24 28.5208
    endloop
  endfacet
  facet normal 0.072623 -0.250317 0.965436
    outer loop
      vertex 36.8639 -22.8 28.9215
      vertex 32.6661 -24 28.9261
      vertex 38.054 -24 28.5208
    endloop
  endfacet
  facet normal 0.0732664 -0.25257 0.964801
    outer loop
      vertex 36.8639 -22.8 28.9215
      vertex 31.4364 -22.8 29.3336
      vertex 32.6661 -24 28.9261
    endloop
  endfacet
  facet normal 0.0590967 -0.266176 0.962111
    outer loop
      vertex 31.4364 -22.8 29.3336
      vertex 27.2874 -24 29.2565
      vertex 32.6661 -24 28.9261
    endloop
  endfacet
  facet normal 0.0596493 -0.268051 0.961556
    outer loop
      vertex 31.4364 -22.8 29.3336
      vertex 26.0183 -22.8 29.6697
      vertex 27.2874 -24 29.2565
    endloop
  endfacet
  facet normal 0.0448965 -0.282502 0.958215
    outer loop
      vertex 26.0183 -22.8 29.6697
      vertex 21.9184 -24 29.508
      vertex 27.2874 -24 29.2565
    endloop
  endfacet
  facet normal 0.0453513 -0.283994 0.957753
    outer loop
      vertex 26.0183 -22.8 29.6697
      vertex 20.6099 -22.8 29.9258
      vertex 21.9184 -24 29.508
    endloop
  endfacet
  facet normal 0.0300504 -0.299265 0.953697
    outer loop
      vertex 20.6099 -22.8 29.9258
      vertex 16.5588 -24 29.6769
      vertex 21.9184 -24 29.508
    endloop
  endfacet
  facet normal 0.0304007 -0.300373 0.953337
    outer loop
      vertex 20.6099 -22.8 29.9258
      vertex 15.211 -22.8 30.098
      vertex 16.5588 -24 29.6769
    endloop
  endfacet
  facet normal 0.0145492 -0.316476 0.948489
    outer loop
      vertex 15.211 -22.8 30.098
      vertex 11.2127 -24 29.7589
      vertex 16.5588 -24 29.6769
    endloop
  endfacet
  facet normal 0.0147858 -0.317195 0.948245
    outer loop
      vertex 15.211 -22.8 30.098
      vertex 9.82576 -22.8 30.182
      vertex 11.2127 -24 29.7589
    endloop
  endfacet
  facet normal -0.0019233 -0.334451 0.942411
    outer loop
      vertex 9.82576 -22.8 30.182
      vertex 5.88834 -24 29.7481
      vertex 11.2127 -24 29.7589
    endloop
  endfacet
  facet normal -0.00181022 -0.33478 0.942294
    outer loop
      vertex 9.82576 -22.8 30.182
      vertex 4.46235 -22.8 30.1717
      vertex 5.88834 -24 29.7481
    endloop
  endfacet
  facet normal -0.0198909 -0.353738 0.935133
    outer loop
      vertex 4.46235 -22.8 30.1717
      vertex 0.591524 -24 29.6354
      vertex 5.88834 -24 29.7481
    endloop
  endfacet
  facet normal -0.0199194 -0.353659 0.935162
    outer loop
      vertex 4.46235 -22.8 30.1717
      vertex -0.87327 -22.8 30.058
      vertex 0.591524 -24 29.6354
    endloop
  endfacet
  facet normal -0.0392817 -0.374243 0.926498
    outer loop
      vertex -0.87327 -22.8 30.058
      vertex -4.67647 -24 29.412
      vertex 0.591524 -24 29.6354
    endloop
  endfacet
  facet normal -0.0394684 -0.373753 0.926688
    outer loop
      vertex -0.87327 -22.8 30.058
      vertex -6.17985 -22.8 29.832
      vertex -4.67647 -24 29.412
    endloop
  endfacet
  facet normal -0.0599341 -0.395787 0.916385
    outer loop
      vertex -6.17985 -22.8 29.832
      vertex -9.91577 -24 29.0694
      vertex -4.67647 -24 29.412
    endloop
  endfacet
  facet normal -0.0602993 -0.394883 0.916751
    outer loop
      vertex -6.17985 -22.8 29.832
      vertex -11.4575 -22.8 29.4849
      vertex -9.91577 -24 29.0694
    endloop
  endfacet
  facet normal -0.0817399 -0.41824 0.904651
    outer loop
      vertex -11.4575 -22.8 29.4849
      vertex -15.1237 -24 28.5988
      vertex -9.91577 -24 29.0694
    endloop
  endfacet
  facet normal -0.0823012 -0.416933 0.905204
    outer loop
      vertex -11.4575 -22.8 29.4849
      vertex -16.7036 -22.8 29.0079
      vertex -15.1237 -24 28.5988
    endloop
  endfacet
  facet normal -0.104709 -0.441616 0.891073
    outer loop
      vertex -16.7036 -22.8 29.0079
      vertex -20.2956 -24 27.9911
      vertex -15.1237 -24 28.5988
    endloop
  endfacet
  facet normal -0.10549 -0.439914 0.891823
    outer loop
      vertex -16.7036 -22.8 29.0079
      vertex -21.9132 -22.8 28.3916
      vertex -20.2956 -24 27.9911
    endloop
  endfacet
  facet normal -0.128707 -0.465763 0.875499
    outer loop
      vertex -21.9132 -22.8 28.3916
      vertex -25.4232 -24 27.2373
      vertex -20.2956 -24 27.9911
    endloop
  endfacet
  facet normal -0.129728 -0.463691 0.876448
    outer loop
      vertex -21.9132 -22.8 28.3916
      vertex -27.0783 -22.8 27.6271
      vertex -25.4232 -24 27.2373
    endloop
  endfacet
  facet normal -0.154042 -0.49104 0.857409
    outer loop
      vertex -27.0783 -22.8 27.6271
      vertex -30.4953 -24 26.326
      vertex -25.4232 -24 27.2373
    endloop
  endfacet
  facet normal -0.15533 -0.488618 0.85856
    outer loop
      vertex -27.0783 -22.8 27.6271
      vertex -32.1875 -22.8 26.7028
      vertex -30.4953 -24 26.326
    endloop
  endfacet
  facet normal -0.180635 -0.517369 0.836481
    outer loop
      vertex -32.1875 -22.8 26.7028
      vertex -32.0351 -24 25.9935
      vertex -30.4953 -24 26.326
    endloop
  endfacet
  facet normal -0.180637 -0.517369 0.83648
    outer loop
      vertex -32.0351 -24 25.9935
      vertex -32.1875 -22.8 26.7028
      vertex -32.6341 -22.9618 26.5063
    endloop
  endfacet
  facet normal -0.182219 -0.514633 0.837824
    outer loop
      vertex -32.1875 -22.8 26.7028
      vertex -32.7267 -22.8 26.5855
      vertex -32.6341 -22.9618 26.5063
    endloop
  endfacet
  facet normal 0.1434 -0.178685 0.9734
    outer loop
      vertex 66.6098 -24 25.254
      vertex 65.0696 -24 25.4809
      vertex 65.2035 -24.1507 25.4335
    endloop
  endfacet
  facet normal 0.13115 -0.18947 0.973088
    outer loop
      vertex 65.0696 -24 25.4809
      vertex 64.1701 -24.2511 25.5532
      vertex 65.2035 -24.1507 25.4335
    endloop
  endfacet
  facet normal 0.132272 -0.19378 0.972087
    outer loop
      vertex 59.6625 -24 26.2166
      vertex 64.1701 -24.2511 25.5532
      vertex 65.0696 -24 25.4809
    endloop
  endfacet
  facet normal 0.132272 -0.193783 0.972087
    outer loop
      vertex 64.1701 -24.2511 25.5532
      vertex 59.6625 -24 26.2166
      vertex 60.249 -24.6347 26.0103
    endloop
  endfacet
  facet normal 0.119841 -0.205043 0.971389
    outer loop
      vertex 59.6625 -24 26.2166
      vertex 56.126 -24.9974 26.4424
      vertex 60.249 -24.6347 26.0103
    endloop
  endfacet
  facet normal 0.120884 -0.208961 0.970424
    outer loop
      vertex 54.2559 -24 26.8901
      vertex 56.126 -24.9974 26.4424
      vertex 59.6625 -24 26.2166
    endloop
  endfacet
  facet normal 0.120885 -0.208959 0.970424
    outer loop
      vertex 56.126 -24.9974 26.4424
      vertex 54.2559 -24 26.8901
      vertex 55.2845 -25.0719 26.5312
    endloop
  endfacet
  facet normal 0.10834 -0.220629 0.969322
    outer loop
      vertex 54.2559 -24 26.8901
      vertex 53.6576 -25.2 26.6839
      vertex 55.2845 -25.0719 26.5312
    endloop
  endfacet
  facet normal 0.108341 -0.220629 0.969322
    outer loop
      vertex 53.6576 -25.2 26.6839
      vertex 54.2559 -24 26.8901
      vertex 50.0457 -25.2 27.0876
    endloop
  endfacet
  facet normal 0.109302 -0.224154 0.968405
    outer loop
      vertex 54.2559 -24 26.8901
      vertex 48.8516 -24 27.5001
      vertex 50.0457 -25.2 27.0876
    endloop
  endfacet
  facet normal 0.0964811 -0.236381 0.966858
    outer loop
      vertex 48.8516 -24 27.5001
      vertex 44.6868 -25.2 27.6223
      vertex 50.0457 -25.2 27.0876
    endloop
  endfacet
  facet normal 0.097359 -0.239516 0.965999
    outer loop
      vertex 48.8516 -24 27.5001
      vertex 43.45 -24 28.0445
      vertex 44.6868 -25.2 27.6223
    endloop
  endfacet
  facet normal 0.0842247 -0.252338 0.963967
    outer loop
      vertex 43.45 -24 28.0445
      vertex 39.3334 -25.2 28.0901
      vertex 44.6868 -25.2 27.6223
    endloop
  endfacet
  facet normal 0.0850151 -0.255079 0.963176
    outer loop
      vertex 43.45 -24 28.0445
      vertex 38.054 -24 28.5208
      vertex 39.3334 -25.2 28.0901
    endloop
  endfacet
  facet normal 0.0715082 -0.268557 0.960606
    outer loop
      vertex 38.054 -24 28.5208
      vertex 33.988 -25.2 28.488
      vertex 39.3334 -25.2 28.0901
    endloop
  endfacet
  facet normal 0.0722062 -0.270903 0.959895
    outer loop
      vertex 38.054 -24 28.5208
      vertex 32.6661 -24 28.9261
      vertex 33.988 -25.2 28.488
    endloop
  endfacet
  facet normal 0.0581268 -0.285243 0.956691
    outer loop
      vertex 32.6661 -24 28.9261
      vertex 28.6518 -25.2 28.8122
      vertex 33.988 -25.2 28.488
    endloop
  endfacet
  facet normal 0.0587258 -0.287188 0.956072
    outer loop
      vertex 32.6661 -24 28.9261
      vertex 27.2874 -24 29.2565
      vertex 28.6518 -25.2 28.8122
    endloop
  endfacet
  facet normal 0.044096 -0.302376 0.952168
    outer loop
      vertex 27.2874 -24 29.2565
      vertex 23.3251 -25.2 29.0589
      vertex 28.6518 -25.2 28.8122
    endloop
  endfacet
  facet normal 0.0445891 -0.303919 0.951654
    outer loop
      vertex 27.2874 -24 29.2565
      vertex 21.9184 -24 29.508
      vertex 23.3251 -25.2 29.0589
    endloop
  endfacet
  facet normal 0.0294476 -0.319921 0.946986
    outer loop
      vertex 21.9184 -24 29.508
      vertex 18.0077 -25.2 29.2242
      vertex 23.3251 -25.2 29.0589
    endloop
  endfacet
  facet normal 0.0298264 -0.321062 0.946589
    outer loop
      vertex 21.9184 -24 29.508
      vertex 16.5588 -24 29.6769
      vertex 18.0077 -25.2 29.2242
    endloop
  endfacet
  facet normal 0.0141746 -0.337883 0.941081
    outer loop
      vertex 16.5588 -24 29.6769
      vertex 12.7038 -25.2 29.3041
      vertex 18.0077 -25.2 29.2242
    endloop
  endfacet
  facet normal 0.0144314 -0.338624 0.940811
    outer loop
      vertex 16.5588 -24 29.6769
      vertex 11.2127 -24 29.7589
      vertex 12.7038 -25.2 29.3041
    endloop
  endfacet
  facet normal -0.00202806 -0.356592 0.934258
    outer loop
      vertex 11.2127 -24 29.7589
      vertex 7.42135 -25.2 29.2927
      vertex 12.7038 -25.2 29.3041
    endloop
  endfacet
  facet normal -0.0019064 -0.356927 0.93413
    outer loop
      vertex 11.2127 -24 29.7589
      vertex 5.88834 -24 29.7481
      vertex 7.42135 -25.2 29.2927
    endloop
  endfacet
  facet normal -0.0196707 -0.376599 0.926168
    outer loop
      vertex 5.88834 -24 29.7481
      vertex 2.16624 -25.2 29.1811
      vertex 7.42135 -25.2 29.2927
    endloop
  endfacet
  facet normal -0.0197009 -0.37652 0.926199
    outer loop
      vertex 5.88834 -24 29.7481
      vertex 0.591524 -24 29.6354
      vertex 2.16624 -25.2 29.1811
    endloop
  endfacet
  facet normal -0.0386707 -0.397801 0.916657
    outer loop
      vertex 0.591524 -24 29.6354
      vertex -3.06028 -25.2 28.9606
      vertex 2.16624 -25.2 29.1811
    endloop
  endfacet
  facet normal -0.0388732 -0.397301 0.916865
    outer loop
      vertex 0.591524 -24 29.6354
      vertex -4.67647 -24 29.412
      vertex -3.06028 -25.2 28.9606
    endloop
  endfacet
  facet normal -0.0588629 -0.419992 0.905617
    outer loop
      vertex -4.67647 -24 29.412
      vertex -8.25835 -25.2 28.6227
      vertex -3.06028 -25.2 28.9606
    endloop
  endfacet
  facet normal -0.0592558 -0.419081 0.906013
    outer loop
      vertex -4.67647 -24 29.412
      vertex -9.91577 -24 29.0694
      vertex -8.25835 -25.2 28.6227
    endloop
  endfacet
  facet normal -0.0801283 -0.443035 0.892916
    outer loop
      vertex -9.91577 -24 29.0694
      vertex -13.4254 -25.2 28.159
      vertex -8.25835 -25.2 28.6227
    endloop
  endfacet
  facet normal -0.0807336 -0.441718 0.893514
    outer loop
      vertex -9.91577 -24 29.0694
      vertex -15.1237 -24 28.5988
      vertex -13.4254 -25.2 28.159
    endloop
  endfacet
  facet normal -0.102469 -0.46692 0.878342
    outer loop
      vertex -15.1237 -24 28.5988
      vertex -18.5565 -25.2 27.5604
      vertex -13.4254 -25.2 28.159
    endloop
  endfacet
  facet normal -0.103308 -0.465218 0.879147
    outer loop
      vertex -15.1237 -24 28.5988
      vertex -20.2956 -24 27.9911
      vertex -18.5565 -25.2 27.5604
    endloop
  endfacet
  facet normal -0.125742 -0.491489 0.861759
    outer loop
      vertex -20.2956 -24 27.9911
      vertex -23.6438 -25.2 26.8181
      vertex -18.5565 -25.2 27.5604
    endloop
  endfacet
  facet normal -0.126836 -0.489424 0.862772
    outer loop
      vertex -20.2956 -24 27.9911
      vertex -25.4232 -24 27.2373
      vertex -23.6438 -25.2 26.8181
    endloop
  endfacet
  facet normal -0.150231 -0.517084 0.842648
    outer loop
      vertex -25.4232 -24 27.2373
      vertex -24.3967 -25.2 26.6839
      vertex -23.6438 -25.2 26.8181
    endloop
  endfacet
  facet normal -0.150231 -0.517084 0.842648
    outer loop
      vertex -24.3967 -25.2 26.6839
      vertex -25.4232 -24 27.2373
      vertex -27.7724 -24.8666 26.2866
    endloop
  endfacet
  facet normal -0.151609 -0.514686 0.843868
    outer loop
      vertex -30.4953 -24 26.326
      vertex -27.7724 -24.8666 26.2866
      vertex -25.4232 -24 27.2373
    endloop
  endfacet
  facet normal -0.15161 -0.514689 0.843866
    outer loop
      vertex -27.7724 -24.8666 26.2866
      vertex -30.4953 -24 26.326
      vertex -29.4325 -24.7011 26.0894
    endloop
  endfacet
  facet normal -0.175847 -0.543615 0.820707
    outer loop
      vertex -30.4953 -24 26.326
      vertex -31.659 -24.4437 25.7827
      vertex -29.4325 -24.7011 26.0894
    endloop
  endfacet
  facet normal -0.177535 -0.540922 0.822122
    outer loop
      vertex -32.0351 -24 25.9935
      vertex -31.659 -24.4437 25.7827
      vertex -30.4953 -24 26.326
    endloop
  endfacet
  facet normal -0.177526 -0.540917 0.822127
    outer loop
      vertex -31.659 -24.4437 25.7827
      vertex -32.0351 -24 25.9935
      vertex -31.7707 -24.4307 25.7672
    endloop
  endfacet
  facet normal 0.107843 -0.23958 0.964868
    outer loop
      vertex 53.6576 -25.2 26.6839
      vertex 50.0457 -25.2 27.0876
      vertex 50.3209 -25.459 26.9925
    endloop
  endfacet
  facet normal 0.0950456 -0.252465 0.962927
    outer loop
      vertex 50.0457 -25.2 27.0876
      vertex 48.8344 -25.5599 27.1128
      vertex 50.3209 -25.459 26.9925
    endloop
  endfacet
  facet normal 0.0959936 -0.255722 0.961973
    outer loop
      vertex 44.6868 -25.2 27.6223
      vertex 48.8344 -25.5599 27.1128
      vertex 50.0457 -25.2 27.0876
    endloop
  endfacet
  facet normal 0.0959939 -0.255718 0.961974
    outer loop
      vertex 48.8344 -25.5599 27.1128
      vertex 44.6868 -25.2 27.6223
      vertex 45.3457 -25.7988 27.3974
    endloop
  endfacet
  facet normal 0.0829059 -0.269196 0.95951
    outer loop
      vertex 44.6868 -25.2 27.6223
      vertex 42.0553 -25.9919 27.6275
      vertex 45.3457 -25.7988 27.3974
    endloop
  endfacet
  facet normal 0.0837589 -0.272036 0.958635
    outer loop
      vertex 39.3334 -25.2 28.0901
      vertex 42.0553 -25.9919 27.6275
      vertex 44.6868 -25.2 27.6223
    endloop
  endfacet
  facet normal 0.0837594 -0.272034 0.958635
    outer loop
      vertex 42.0553 -25.9919 27.6275
      vertex 39.3334 -25.2 28.0901
      vertex 40.3498 -26.0929 27.7479
    endloop
  endfacet
  facet normal 0.0703239 -0.286164 0.955597
    outer loop
      vertex 39.3334 -25.2 28.0901
      vertex 35.6447 -26.3252 28.0246
      vertex 40.3498 -26.0929 27.7479
    endloop
  endfacet
  facet normal 0.0710769 -0.288586 0.954812
    outer loop
      vertex 33.988 -25.2 28.488
      vertex 35.6447 -26.3252 28.0246
      vertex 39.3334 -25.2 28.0901
    endloop
  endfacet
  facet normal 0.0710775 -0.288586 0.954812
    outer loop
      vertex 35.6447 -26.3252 28.0246
      vertex 33.988 -25.2 28.488
      vertex 35.3298 -26.3409 28.0433
    endloop
  endfacet
  facet normal 0.0570986 -0.303578 0.951094
    outer loop
      vertex 33.988 -25.2 28.488
      vertex 33.8414 -26.4 28.1138
      vertex 35.3298 -26.3409 28.0433
    endloop
  endfacet
  facet normal 0.0570995 -0.303578 0.951094
    outer loop
      vertex 33.8414 -26.4 28.1138
      vertex 33.988 -25.2 28.488
      vertex 30.1084 -26.4 28.3379
    endloop
  endfacet
  facet normal 0.0577454 -0.305581 0.950413
    outer loop
      vertex 33.988 -25.2 28.488
      vertex 28.6518 -25.2 28.8122
      vertex 30.1084 -26.4 28.3379
    endloop
  endfacet
  facet normal 0.0432504 -0.321413 0.945951
    outer loop
      vertex 28.6518 -25.2 28.8122
      vertex 24.827 -26.4 28.5794
      vertex 30.1084 -26.4 28.3379
    endloop
  endfacet
  facet normal 0.0437819 -0.322997 0.945387
    outer loop
      vertex 28.6518 -25.2 28.8122
      vertex 23.3251 -25.2 29.0589
      vertex 24.827 -26.4 28.5794
    endloop
  endfacet
  facet normal 0.0288122 -0.339628 0.940119
    outer loop
      vertex 23.3251 -25.2 29.0589
      vertex 19.5547 -26.4 28.7409
      vertex 24.827 -26.4 28.5794
    endloop
  endfacet
  facet normal 0.0292205 -0.340795 0.939683
    outer loop
      vertex 23.3251 -25.2 29.0589
      vertex 18.0077 -25.2 29.2242
      vertex 19.5547 -26.4 28.7409
    endloop
  endfacet
  facet normal 0.0137799 -0.358224 0.933534
    outer loop
      vertex 18.0077 -25.2 29.2242
      vertex 14.2958 -26.4 28.8186
      vertex 19.5547 -26.4 28.7409
    endloop
  endfacet
  facet normal 0.0140564 -0.35898 0.933239
    outer loop
      vertex 18.0077 -25.2 29.2242
      vertex 12.7038 -25.2 29.3041
      vertex 14.2958 -26.4 28.8186
    endloop
  endfacet
  facet normal -0.00214095 -0.377536 0.925992
    outer loop
      vertex 12.7038 -25.2 29.3041
      vertex 9.05812 -26.4 28.8065
      vertex 14.2958 -26.4 28.8186
    endloop
  endfacet
  facet normal -0.00200982 -0.377877 0.925854
    outer loop
      vertex 12.7038 -25.2 29.3041
      vertex 7.42135 -25.2 29.2927
      vertex 9.05812 -26.4 28.8065
    endloop
  endfacet
  facet normal -0.0194465 -0.398124 0.917126
    outer loop
      vertex 7.42135 -25.2 29.2927
      vertex 3.84756 -26.4 28.696
      vertex 9.05812 -26.4 28.8065
    endloop
  endfacet
  facet normal -0.0194794 -0.398042 0.91716
    outer loop
      vertex 7.42135 -25.2 29.2927
      vertex 2.16624 -25.2 29.1811
      vertex 3.84756 -26.4 28.696
    endloop
  endfacet
  facet normal -0.0380469 -0.419865 0.906789
    outer loop
      vertex 2.16624 -25.2 29.1811
      vertex -1.33468 -26.4 28.4785
      vertex 3.84756 -26.4 28.696
    endloop
  endfacet
  facet normal -0.0382638 -0.419363 0.907012
    outer loop
      vertex 2.16624 -25.2 29.1811
      vertex -3.06028 -25.2 28.9606
      vertex -1.33468 -26.4 28.4785
    endloop
  endfacet
  facet normal -0.0577713 -0.442543 0.894884
    outer loop
      vertex -3.06028 -25.2 28.9606
      vertex -6.48873 -26.4 28.1458
      vertex -1.33468 -26.4 28.4785
    endloop
  endfacet
  facet normal -0.058193 -0.441627 0.89531
    outer loop
      vertex -3.06028 -25.2 28.9606
      vertex -8.25835 -25.2 28.6227
      vertex -6.48873 -26.4 28.1458
    endloop
  endfacet
  facet normal -0.0784968 -0.465999 0.881296
    outer loop
      vertex -8.25835 -25.2 28.6227
      vertex -6.8484 -26.4 28.1138
      vertex -6.48873 -26.4 28.1458
    endloop
  endfacet
  facet normal -0.0784953 -0.465998 0.881297
    outer loop
      vertex -6.8484 -26.4 28.1138
      vertex -8.25835 -25.2 28.6227
      vertex -11.0099 -26.1845 27.857
    endloop
  endfacet
  facet normal -0.0791427 -0.464683 0.881933
    outer loop
      vertex -13.4254 -25.2 28.159
      vertex -11.0099 -26.1845 27.857
      vertex -8.25835 -25.2 28.6227
    endloop
  endfacet
  facet normal -0.0791431 -0.464684 0.881933
    outer loop
      vertex -11.0099 -26.1845 27.857
      vertex -13.4254 -25.2 28.159
      vertex -12.0171 -26.132 27.7944
    endloop
  endfacet
  facet normal -0.100212 -0.490217 0.86582
    outer loop
      vertex -13.4254 -25.2 28.159
      vertex -15.3665 -25.9114 27.5316
      vertex -12.0171 -26.132 27.7944
    endloop
  endfacet
  facet normal -0.101107 -0.488525 0.866672
    outer loop
      vertex -18.5565 -25.2 27.5604
      vertex -15.3665 -25.9114 27.5316
      vertex -13.4254 -25.2 28.159
    endloop
  endfacet
  facet normal -0.101108 -0.488526 0.866672
    outer loop
      vertex -15.3665 -25.9114 27.5316
      vertex -18.5565 -25.2 27.5604
      vertex -17.6953 -25.7566 27.3471
    endloop
  endfacet
  facet normal -0.122772 -0.515023 0.848339
    outer loop
      vertex -18.5565 -25.2 27.5604
      vertex -19.6231 -25.6015 27.1623
      vertex -17.6953 -25.7566 27.3471
    endloop
  endfacet
  facet normal -0.123939 -0.512982 0.849405
    outer loop
      vertex -23.6438 -25.2 26.8181
      vertex -19.6231 -25.6015 27.1623
      vertex -18.5565 -25.2 27.5604
    endloop
  endfacet
  facet normal -0.123938 -0.512969 0.849413
    outer loop
      vertex -19.6231 -25.6015 27.1623
      vertex -23.6438 -25.2 26.8181
      vertex -23.508 -25.2858 26.7861
    endloop
  endfacet
  facet normal -0.146443 -0.540741 0.828344
    outer loop
      vertex -23.6438 -25.2 26.8181
      vertex -23.7941 -25.2584 26.7534
      vertex -23.508 -25.2858 26.7861
    endloop
  endfacet
  facet normal -0.147908 -0.538382 0.829619
    outer loop
      vertex -23.6438 -25.2 26.8181
      vertex -24.3967 -25.2 26.6839
      vertex -23.7941 -25.2584 26.7534
    endloop
  endfacet
  facet normal 0.0567143 -0.323061 0.944677
    outer loop
      vertex 33.8414 -26.4 28.1138
      vertex 30.1084 -26.4 28.3379
      vertex 30.2876 -26.5391 28.2795
    endloop
  endfacet
  facet normal 0.0423642 -0.339441 0.939673
    outer loop
      vertex 30.1084 -26.4 28.3379
      vertex 29.6214 -26.5585 28.3026
      vertex 30.2876 -26.5391 28.2795
    endloop
  endfacet
  facet normal 0.0429353 -0.34106 0.939061
    outer loop
      vertex 24.827 -26.4 28.5794
      vertex 29.6214 -26.5585 28.3026
      vertex 30.1084 -26.4 28.3379
    endloop
  endfacet
  facet normal 0.0429355 -0.341057 0.939061
    outer loop
      vertex 29.6214 -26.5585 28.3026
      vertex 24.827 -26.4 28.5794
      vertex 25.2096 -26.6882 28.4572
    endloop
  endfacet
  facet normal 0.0281483 -0.358211 0.933216
    outer loop
      vertex 24.827 -26.4 28.5794
      vertex 23.8777 -26.7137 28.4876
      vertex 25.2096 -26.6882 28.4572
    endloop
  endfacet
  facet normal 0.0285862 -0.359399 0.932746
    outer loop
      vertex 19.5547 -26.4 28.7409
      vertex 23.8777 -26.7137 28.4876
      vertex 24.827 -26.4 28.5794
    endloop
  endfacet
  facet normal 0.0285858 -0.359403 0.932744
    outer loop
      vertex 23.8777 -26.7137 28.4876
      vertex 19.5547 -26.4 28.7409
      vertex 20.0845 -26.7874 28.5754
    endloop
  endfacet
  facet normal 0.0133689 -0.377324 0.925985
    outer loop
      vertex 19.5547 -26.4 28.7409
      vertex 18.3556 -26.803 28.594
      vertex 20.0845 -26.7874 28.5754
    endloop
  endfacet
  facet normal 0.0136638 -0.378086 0.925669
    outer loop
      vertex 14.2958 -26.4 28.8186
      vertex 18.3556 -26.803 28.594
      vertex 19.5547 -26.4 28.7409
    endloop
  endfacet
  facet normal 0.0136641 -0.378085 0.92567
    outer loop
      vertex 18.3556 -26.803 28.594
      vertex 14.2958 -26.4 28.8186
      vertex 14.9077 -26.8348 28.6319
    endloop
  endfacet
  facet normal -0.00226209 -0.397106 0.91777
    outer loop
      vertex 14.2958 -26.4 28.8186
      vertex 13.0352 -26.832 28.6285
      vertex 14.9077 -26.8348 28.6319
    endloop
  endfacet
  facet normal -0.00212159 -0.39745 0.917621
    outer loop
      vertex 9.05812 -26.4 28.8065
      vertex 13.0352 -26.832 28.6285
      vertex 14.2958 -26.4 28.8186
    endloop
  endfacet
  facet normal -0.00212197 -0.397453 0.91762
    outer loop
      vertex 13.0352 -26.832 28.6285
      vertex 9.05812 -26.4 28.8065
      vertex 9.67624 -26.8272 28.6228
    endloop
  endfacet
  facet normal -0.0192224 -0.418137 0.90818
    outer loop
      vertex 9.05812 -26.4 28.8065
      vertex 7.90288 -26.8045 28.5958
      vertex 9.67624 -26.8272 28.6228
    endloop
  endfacet
  facet normal -0.0192576 -0.418056 0.908217
    outer loop
      vertex 3.84756 -26.4 28.696
      vertex 7.90288 -26.8045 28.5958
      vertex 9.05812 -26.4 28.8065
    endloop
  endfacet
  facet normal -0.0192577 -0.418057 0.908217
    outer loop
      vertex 7.90288 -26.8045 28.5958
      vertex 3.84756 -26.4 28.696
      vertex 4.38156 -26.7593 28.5419
    endloop
  endfacet
  facet normal -0.0374175 -0.440273 0.897084
    outer loop
      vertex 3.84756 -26.4 28.696
      vertex 2.94354 -26.7236 28.4994
      vertex 4.38156 -26.7593 28.5419
    endloop
  endfacet
  facet normal -0.0376497 -0.439768 0.897322
    outer loop
      vertex -1.33468 -26.4 28.4785
      vertex 2.94354 -26.7236 28.4994
      vertex 3.84756 -26.4 28.696
    endloop
  endfacet
  facet normal -0.0376496 -0.439767 0.897322
    outer loop
      vertex 2.94354 -26.7236 28.4994
      vertex -1.33468 -26.4 28.4785
      vertex -0.990732 -26.6255 28.3825
    endloop
  endfacet
  facet normal -0.056674 -0.463279 0.884399
    outer loop
      vertex -1.33468 -26.4 28.4785
      vertex -1.86161 -26.593 28.3437
      vertex -0.990732 -26.6255 28.3825
    endloop
  endfacet
  facet normal -0.0571234 -0.462365 0.884848
    outer loop
      vertex -6.48873 -26.4 28.1458
      vertex -1.86161 -26.593 28.3437
      vertex -1.33468 -26.4 28.4785
    endloop
  endfacet
  facet normal -0.0571231 -0.462351 0.884855
    outer loop
      vertex -1.86161 -26.593 28.3437
      vertex -6.48873 -26.4 28.1458
      vertex -6.45766 -26.4199 28.1374
    endloop
  endfacet
  facet normal -0.076869 -0.486985 0.870021
    outer loop
      vertex -6.48873 -26.4 28.1458
      vertex -6.53172 -26.4161 28.133
      vertex -6.45766 -26.4199 28.1374
    endloop
  endfacet
  facet normal -0.0775515 -0.485692 0.870683
    outer loop
      vertex -6.48873 -26.4 28.1458
      vertex -6.8484 -26.4 28.1138
      vertex -6.53172 -26.4161 28.133
    endloop
  endfacet
  facet normal -8.46856e-007 -0.765997 -0.642844
    outer loop
      vertex -0.375227 -20.8468 21.4967
      vertex 9.67624 -26.8272 28.6228
      vertex 7.90288 -26.8045 28.5958
    endloop
  endfacet
  facet normal 3.36748e-007 -0.765996 -0.642845
    outer loop
      vertex 9.67624 -26.8272 28.6228
      vertex -0.375227 -20.8468 21.4967
      vertex 13.0352 -26.832 28.6285
    endloop
  endfacet
  facet normal -2.90987e-007 -0.765997 -0.642845
    outer loop
      vertex 13.0352 -26.832 28.6285
      vertex -0.375227 -20.8468 21.4967
      vertex 14.9077 -26.8348 28.6319
    endloop
  endfacet
  facet normal -5.1955e-008 -0.765996 -0.642845
    outer loop
      vertex 14.9077 -26.8348 28.6319
      vertex -0.375227 -20.8468 21.4967
      vertex 18.3556 -26.803 28.594
    endloop
  endfacet
  facet normal 4.08639e-008 -0.765996 -0.642845
    outer loop
      vertex -0.375227 -20.8468 21.4967
      vertex 7.90288 -26.8045 28.5958
      vertex 4.38156 -26.7593 28.5419
    endloop
  endfacet
  facet normal 1.11201e-007 -0.765996 -0.642845
    outer loop
      vertex -0.375227 -20.8468 21.4967
      vertex 4.38156 -26.7593 28.5419
      vertex 2.94354 -26.7236 28.4994
    endloop
  endfacet
  facet normal -1.19353e-007 -0.765996 -0.642845
    outer loop
      vertex 18.3556 -26.803 28.594
      vertex -0.375227 -20.8468 21.4967
      vertex 20.0845 -26.7874 28.5754
    endloop
  endfacet
  facet normal 1.37896e-007 -0.765996 -0.642845
    outer loop
      vertex 20.0845 -26.7874 28.5754
      vertex -0.375227 -20.8468 21.4967
      vertex 23.8777 -26.7137 28.4876
    endloop
  endfacet
  facet normal 2.90095e-007 -0.765996 -0.642845
    outer loop
      vertex -0.375227 -20.8468 21.4967
      vertex 2.94354 -26.7236 28.4994
      vertex -0.990732 -26.6255 28.3825
    endloop
  endfacet
  facet normal -9.05019e-007 -0.765996 -0.642845
    outer loop
      vertex -0.375227 -20.8468 21.4967
      vertex -0.990732 -26.6255 28.3825
      vertex -1.86161 -26.593 28.3437
    endloop
  endfacet
  facet normal 2.95447e-009 -0.765996 -0.642845
    outer loop
      vertex 44.5262 -21.5045 22.2805
      vertex 23.8777 -26.7137 28.4876
      vertex -0.375227 -20.8468 21.4967
    endloop
  endfacet
  facet normal 3.1989e-007 -0.765997 -0.642844
    outer loop
      vertex 23.8777 -26.7137 28.4876
      vertex 44.5262 -21.5045 22.2805
      vertex 25.2096 -26.6882 28.4572
    endloop
  endfacet
  facet normal 6.27511e-008 -0.765996 -0.642845
    outer loop
      vertex -0.375227 -20.8468 21.4967
      vertex -1.86161 -26.593 28.3437
      vertex -6.45766 -26.4199 28.1374
    endloop
  endfacet
  facet normal -4.55095e-006 -0.765994 -0.642847
    outer loop
      vertex -0.375227 -20.8468 21.4967
      vertex -6.45766 -26.4199 28.1374
      vertex -6.53172 -26.4161 28.133
    endloop
  endfacet
  facet normal 2.34246e-006 -0.765997 -0.642844
    outer loop
      vertex -0.375227 -20.8468 21.4967
      vertex -6.53172 -26.4161 28.133
      vertex -6.8484 -26.4 28.1138
    endloop
  endfacet
  facet normal -1.72442e-008 -0.765996 -0.642845
    outer loop
      vertex 25.2096 -26.6882 28.4572
      vertex 44.5262 -21.5045 22.2805
      vertex 29.6214 -26.5585 28.3026
    endloop
  endfacet
  facet normal -5.32831e-007 -0.765996 -0.642846
    outer loop
      vertex 29.6214 -26.5585 28.3026
      vertex 44.5262 -21.5045 22.2805
      vertex 30.2876 -26.5391 28.2795
    endloop
  endfacet
  facet normal -2.04843e-007 -0.765996 -0.642845
    outer loop
      vertex 30.2876 -26.5391 28.2795
      vertex 44.5262 -21.5045 22.2805
      vertex 33.8414 -26.4 28.1138
    endloop
  endfacet
  facet normal 3.84047e-009 -0.765996 -0.642845
    outer loop
      vertex -0.375227 -20.8468 21.4967
      vertex -6.8484 -26.4 28.1138
      vertex -11.0099 -26.1845 27.857
    endloop
  endfacet
  facet normal 5.31118e-007 -0.765996 -0.642845
    outer loop
      vertex -21.4365 -18.1514 18.285
      vertex -11.0099 -26.1845 27.857
      vertex -12.0171 -26.132 27.7944
    endloop
  endfacet
  facet normal 5.85702e-007 -0.765997 -0.642844
    outer loop
      vertex 33.8414 -26.4 28.1138
      vertex 44.5262 -21.5045 22.2805
      vertex 35.3298 -26.3409 28.0433
    endloop
  endfacet
  facet normal 1.10514e-006 -0.765997 -0.642844
    outer loop
      vertex 35.3298 -26.3409 28.0433
      vertex 44.5262 -21.5045 22.2805
      vertex 35.6447 -26.3252 28.0246
    endloop
  endfacet
  facet normal 7.02819e-008 -0.765996 -0.642845
    outer loop
      vertex -21.4365 -18.1514 18.285
      vertex -12.0171 -26.132 27.7944
      vertex -15.3665 -25.9114 27.5316
    endloop
  endfacet
  facet normal -1.38873e-007 -0.765996 -0.642845
    outer loop
      vertex 35.6447 -26.3252 28.0246
      vertex 44.5262 -21.5045 22.2805
      vertex 40.3498 -26.0929 27.7479
    endloop
  endfacet
  facet normal -4.72775e-007 -0.765996 -0.642845
    outer loop
      vertex -21.4365 -18.1514 18.285
      vertex -15.3665 -25.9114 27.5316
      vertex -17.6953 -25.7566 27.3471
    endloop
  endfacet
  facet normal -6.9556e-009 -0.765996 -0.642845
    outer loop
      vertex -21.4365 -18.1514 18.285
      vertex -17.6953 -25.7566 27.3471
      vertex -19.6231 -25.6015 27.1623
    endloop
  endfacet
  facet normal -2.23201e-007 -0.765996 -0.642845
    outer loop
      vertex 40.3498 -26.0929 27.7479
      vertex 44.5262 -21.5045 22.2805
      vertex 42.0553 -25.9919 27.6275
    endloop
  endfacet
  facet normal 1.69321e-007 -0.765996 -0.642845
    outer loop
      vertex 42.0553 -25.9919 27.6275
      vertex 44.5262 -21.5045 22.2805
      vertex 45.3457 -25.7988 27.3974
    endloop
  endfacet
  facet normal -2.41015e-007 -0.765996 -0.642845
    outer loop
      vertex -21.4365 -18.1514 18.285
      vertex -19.6231 -25.6015 27.1623
      vertex -23.508 -25.2858 26.7861
    endloop
  endfacet
  facet normal 8.04893e-007 -0.765996 -0.642845
    outer loop
      vertex -22.8194 -18 18.1046
      vertex -23.508 -25.2858 26.7861
      vertex -23.7941 -25.2584 26.7534
    endloop
  endfacet
  facet normal 2.43402e-007 -0.765996 -0.642845
    outer loop
      vertex -22.8194 -18 18.1046
      vertex -23.7941 -25.2584 26.7534
      vertex -24.3967 -25.2 26.6839
    endloop
  endfacet
  facet normal 5.12441e-007 -0.765996 -0.642845
    outer loop
      vertex 44.7582 -21.491 22.2644
      vertex 45.3457 -25.7988 27.3974
      vertex 44.5262 -21.5045 22.2805
    endloop
  endfacet
  facet normal 6.08799e-007 -0.765996 -0.642845
    outer loop
      vertex 45.4252 -21.4466 22.2115
      vertex 45.3457 -25.7988 27.3974
      vertex 44.7582 -21.491 22.2644
    endloop
  endfacet
  facet normal 3.70271e-008 -0.765996 -0.642845
    outer loop
      vertex 45.3457 -25.7988 27.3974
      vertex 45.4252 -21.4466 22.2115
      vertex 48.8344 -25.5599 27.1128
    endloop
  endfacet
  facet normal 1.65533e-007 -0.765996 -0.642845
    outer loop
      vertex -22.8194 -18 18.1046
      vertex -24.3967 -25.2 26.6839
      vertex -27.7724 -24.8666 26.2866
    endloop
  endfacet
  facet normal -2.53326e-008 -0.765996 -0.642845
    outer loop
      vertex -22.8194 -18 18.1046
      vertex -27.7724 -24.8666 26.2866
      vertex -29.4325 -24.7011 26.0894
    endloop
  endfacet
  facet normal -1.2678e-008 -0.765996 -0.642845
    outer loop
      vertex 49.4357 -21.1814 21.8954
      vertex 48.8344 -25.5599 27.1128
      vertex 45.4252 -21.4466 22.2115
    endloop
  endfacet
  facet normal -2.04764e-008 -0.765996 -0.642845
    outer loop
      vertex -22.8194 -18 18.1046
      vertex -29.4325 -24.7011 26.0894
      vertex -31.659 -24.4437 25.7827
    endloop
  endfacet
  facet normal 2.48892e-006 -0.765998 -0.642843
    outer loop
      vertex -22.8194 -18 18.1046
      vertex -31.659 -24.4437 25.7827
      vertex -31.7707 -24.4307 25.7672
    endloop
  endfacet
  facet normal 3.38488e-008 -0.765996 -0.642845
    outer loop
      vertex 48.8344 -25.5599 27.1128
      vertex 49.4357 -21.1814 21.8954
      vertex 50.3209 -25.459 26.9925
    endloop
  endfacet
  facet normal 6.78351e-008 -0.765996 -0.642845
    outer loop
      vertex 52.1102 -20.9824 21.6583
      vertex 50.3209 -25.459 26.9925
      vertex 49.4357 -21.1814 21.8954
    endloop
  endfacet
  facet normal -7.68213e-007 -0.765996 -0.642845
    outer loop
      vertex 54.1037 -20.8351 21.4828
      vertex 53.6576 -25.2 26.6839
      vertex 52.1102 -20.9824 21.6583
    endloop
  endfacet
  facet normal 2.14199e-007 -0.765996 -0.642845
    outer loop
      vertex 53.6576 -25.2 26.6839
      vertex 54.1037 -20.8351 21.4828
      vertex 55.2845 -25.0719 26.5312
    endloop
  endfacet
  facet normal -1.11016e-006 -0.765997 -0.642845
    outer loop
      vertex 55.2845 -25.0719 26.5312
      vertex 54.1037 -20.8351 21.4828
      vertex 56.126 -24.9974 26.4424
    endloop
  endfacet
  facet normal 5.73177e-007 -0.765996 -0.642845
    outer loop
      vertex 57.9354 -20.52 21.1073
      vertex 56.126 -24.9974 26.4424
      vertex 54.1037 -20.8351 21.4828
    endloop
  endfacet
  facet normal 1.04422e-007 -0.765996 -0.642845
    outer loop
      vertex 56.126 -24.9974 26.4424
      vertex 57.9354 -20.52 21.1073
      vertex 60.249 -24.6347 26.0103
    endloop
  endfacet
  facet normal -5.42261e-007 -0.765996 -0.642845
    outer loop
      vertex 58.768 -20.4507 21.0248
      vertex 60.249 -24.6347 26.0103
      vertex 57.9354 -20.52 21.1073
    endloop
  endfacet
  facet normal -4.88306e-007 -0.765996 -0.642845
    outer loop
      vertex 59.2683 -20.4049 20.9702
      vertex 60.249 -24.6347 26.0103
      vertex 58.768 -20.4507 21.0248
    endloop
  endfacet
  facet normal -3.74486e-009 -0.765996 -0.642845
    outer loop
      vertex 63.4467 -20.0243 20.5166
      vertex 60.249 -24.6347 26.0103
      vertex 59.2683 -20.4049 20.9702
    endloop
  endfacet
  facet normal 2.17722e-007 -0.765996 -0.642845
    outer loop
      vertex 60.249 -24.6347 26.0103
      vertex 63.4467 -20.0243 20.5166
      vertex 64.1701 -24.2511 25.5532
    endloop
  endfacet
  facet normal -1.52297e-006 -0.765996 -0.642845
    outer loop
      vertex 64.1701 -24.2511 25.5532
      vertex 63.4467 -20.0243 20.5166
      vertex 65.2035 -24.1507 25.4335
    endloop
  endfacet
  facet normal 5.7492e-008 -0.765996 -0.642845
    outer loop
      vertex 50.3209 -25.459 26.9925
      vertex 52.1102 -20.9824 21.6583
      vertex 53.6576 -25.2 26.6839
    endloop
  endfacet
  facet normal -5.42906e-008 -0.765996 -0.642845
    outer loop
      vertex -11.0099 -26.1845 27.857
      vertex -21.4365 -18.1514 18.285
      vertex -0.375227 -20.8468 21.4967
    endloop
  endfacet
  facet normal 8.08503e-007 -0.765996 -0.642845
    outer loop
      vertex -23.508 -25.2858 26.7861
      vertex -22.8194 -18 18.1046
      vertex -21.4365 -18.1514 18.285
    endloop
  endfacet
  facet normal 0 -0.765999 -0.642841
    outer loop
      vertex -21.4365 -18.1514 18.285
      vertex -22.8194 -18 18.1046
      vertex -21.7033 -18 18.1046
    endloop
  endfacet
  facet normal 3.75953e-007 -0.765996 -0.642845
    outer loop
      vertex 65.2035 -24.1507 25.4335
      vertex 63.4467 -20.0243 20.5166
      vertex 66.6098 -24 25.254
    endloop
  endfacet
  facet normal 6.70093e-008 -0.765996 -0.642845
    outer loop
      vertex 67.2222 -19.6491 20.0696
      vertex 66.6098 -24 25.254
      vertex 63.4467 -20.0243 20.5166
    endloop
  endfacet
  facet normal -7.37711e-007 -0.765996 -0.642845
    outer loop
      vertex 68.1256 -19.5598 19.9631
      vertex 66.6098 -24 25.254
      vertex 67.2222 -19.6491 20.0696
    endloop
  endfacet
  facet normal 2.68488e-007 -0.765996 -0.642845
    outer loop
      vertex 66.6098 -24 25.254
      vertex 68.1256 -19.5598 19.9631
      vertex 70.171 -23.6133 24.7932
    endloop
  endfacet
  facet normal 1.02839e-006 -0.765996 -0.642845
    outer loop
      vertex 69.2444 -19.44 19.8204
      vertex 70.171 -23.6133 24.7932
      vertex 68.1256 -19.5598 19.9631
    endloop
  endfacet
  facet normal -9.47659e-008 -0.765996 -0.642845
    outer loop
      vertex 72.8294 -19.0521 19.3582
      vertex 70.171 -23.6133 24.7932
      vertex 69.2444 -19.44 19.8204
    endloop
  endfacet
  facet normal -3.2252e-008 -0.765996 -0.642845
    outer loop
      vertex 70.171 -23.6133 24.7932
      vertex 72.8294 -19.0521 19.3582
      vertex 73.3303 -23.2388 24.347
    endloop
  endfacet
  facet normal -8.93801e-007 -0.765996 -0.642845
    outer loop
      vertex 73.3303 -23.2388 24.347
      vertex 72.8294 -19.0521 19.3582
      vertex 75.1457 -23.0247 24.0919
    endloop
  endfacet
  facet normal -1.62865e-007 -0.765996 -0.642845
    outer loop
      vertex 76.2796 -18.6516 18.8809
      vertex 75.1457 -23.0247 24.0919
      vertex 72.8294 -19.0521 19.3582
    endloop
  endfacet
  facet normal 3.54625e-007 -0.765996 -0.642845
    outer loop
      vertex 75.1457 -23.0247 24.0919
      vertex 76.2796 -18.6516 18.8809
      vertex 76.9043 -22.8 23.8241
    endloop
  endfacet
  facet normal -4.72453e-007 -0.765996 -0.642845
    outer loop
      vertex 77.5519 -18.5044 18.7056
      vertex 76.9043 -22.8 23.8241
      vertex 76.2796 -18.6516 18.8809
    endloop
  endfacet
  facet normal 1.40259e-007 -0.765996 -0.642845
    outer loop
      vertex 76.9043 -22.8 23.8241
      vertex 77.5519 -18.5044 18.7056
      vertex 80.146 -22.3805 23.3243
    endloop
  endfacet
  facet normal 1.1777e-006 -0.765996 -0.642845
    outer loop
      vertex 78.725 -18.36 18.5335
      vertex 80.146 -22.3805 23.3243
      vertex 77.5519 -18.5044 18.7056
    endloop
  endfacet
  facet normal -4.72779e-007 -0.765996 -0.642845
    outer loop
      vertex 81.6226 -18 18.1046
      vertex 80.146 -22.3805 23.3243
      vertex 78.725 -18.36 18.5335
    endloop
  endfacet
  facet normal 4.10138e-008 -0.765996 -0.642845
    outer loop
      vertex 80.146 -22.3805 23.3243
      vertex 81.6226 -18 18.1046
      vertex 84.352 -21.7961 22.6279
    endloop
  endfacet
  facet normal -3.4409e-007 -0.765996 -0.642845
    outer loop
      vertex 84.352 -21.7961 22.6279
      vertex 81.6226 -18 18.1046
      vertex 85.1716 -21.6826 22.4927
    endloop
  endfacet
  facet normal 1.29369e-006 -0.765996 -0.642846
    outer loop
      vertex 85.1716 -21.6826 22.4927
      vertex 81.6226 -18 18.1046
      vertex 85.732 -21.6 22.3942
    endloop
  endfacet
  facet normal -1.35659e-007 -0.765996 -0.642845
    outer loop
      vertex 85.732 -21.6 22.3942
      vertex 81.6226 -18 18.1046
      vertex 90.2486 -20.9264 21.5915
    endloop
  endfacet
  facet normal 1.04117e-007 -0.765996 -0.642845
    outer loop
      vertex 90.2486 -20.9264 21.5915
      vertex 81.6226 -18 18.1046
      vertex 93.5931 -20.4 20.9643
    endloop
  endfacet
  facet normal -8.10395e-008 -0.765997 -0.642845
    outer loop
      vertex 93.5931 -20.4 20.9643
      vertex 81.6226 -18 18.1046
      vertex 95.3696 -20.1175 20.6277
    endloop
  endfacet
  facet normal -3.85481e-008 -0.765996 -0.642845
    outer loop
      vertex 95.3696 -20.1175 20.6277
      vertex 81.6226 -18 18.1046
      vertex 99.6905 -19.3987 19.7713
    endloop
  endfacet
  facet normal 4.20482e-007 -0.765994 -0.642848
    outer loop
      vertex 99.6905 -19.3987 19.7713
      vertex 81.6226 -18 18.1046
      vertex 100.547 -19.2565 19.6018
    endloop
  endfacet
  facet normal -4.41119e-007 -0.765999 -0.642841
    outer loop
      vertex 100.547 -19.2565 19.6018
      vertex 81.6226 -18 18.1046
      vertex 100.875 -19.2 19.5344
    endloop
  endfacet
  facet normal 1.50755e-008 -0.765996 -0.642845
    outer loop
      vertex 100.875 -19.2 19.5344
      vertex 81.6226 -18 18.1046
      vertex 105.799 -18.3439 18.5144
    endloop
  endfacet
  facet normal 0 -0.765997 -0.642844
    outer loop
      vertex 105.799 -18.3439 18.5144
      vertex 81.6226 -18 18.1046
      vertex 107.722 -18 18.1046
    endloop
  endfacet
  facet normal -0.650307 0 -0.759672
    outer loop
      vertex -22.8194 -18 18.1046
      vertex -28.2511 -7.2 22.7542
      vertex -22.8194 -7.2 18.1046
    endloop
  endfacet
  facet normal -0.650307 -1.44315e-007 -0.759672
    outer loop
      vertex -32.6341 -22.9618 26.5063
      vertex -22.8194 -18 18.1046
      vertex -32.0351 -24 25.9935
    endloop
  endfacet
  facet normal -0.650307 9.5339e-007 -0.759671
    outer loop
      vertex -32.0351 -24 25.9935
      vertex -22.8194 -18 18.1046
      vertex -31.7707 -24.4307 25.7672
    endloop
  endfacet
  facet normal -0.650307 0 -0.759672
    outer loop
      vertex -28.2511 7.2 22.7542
      vertex -22.8194 18 18.1046
      vertex -22.8194 7.2 18.1046
    endloop
  endfacet
  facet normal -0.650307 9.01769e-009 -0.759671
    outer loop
      vertex -35.5599 15.9332 29.0109
      vertex -22.8194 18 18.1046
      vertex -28.2511 7.2 22.7542
    endloop
  endfacet
  facet normal -0.650307 1.62442e-006 -0.759671
    outer loop
      vertex -32.7267 -22.8 26.5855
      vertex -22.8194 -18 18.1046
      vertex -32.6341 -22.9618 26.5063
    endloop
  endfacet
  facet normal -0.650306 -1.96888e-006 -0.759672
    outer loop
      vertex -33.1014 -22.0982 26.9063
      vertex -22.8194 -18 18.1046
      vertex -32.7267 -22.8 26.5855
    endloop
  endfacet
  facet normal -0.650307 0 -0.759672
    outer loop
      vertex -28.2511 -7.2 22.7542
      vertex -37.229 6.75897e-015 30.4397
      vertex -28.2511 7.2 22.7542
    endloop
  endfacet
  facet normal -0.650307 -5.21395e-007 -0.759672
    outer loop
      vertex -33.9139 -20.4 27.6018
      vertex -22.8194 -18 18.1046
      vertex -33.4061 -21.4897 27.1671
    endloop
  endfacet
  facet normal -0.650305 -3.59555e-006 -0.759673
    outer loop
      vertex -37.2239 1.2 30.4353
      vertex -28.2511 7.2 22.7542
      vertex -37.2249 0.962181 30.4362
    endloop
  endfacet
  facet normal -0.650307 2.45413e-007 -0.759672
    outer loop
      vertex -33.3543 -21.6 27.1228
      vertex -22.8194 -18 18.1046
      vertex -33.1014 -22.0982 26.9063
    endloop
  endfacet
  facet normal -0.650307 7.87036e-007 -0.759671
    outer loop
      vertex -37.2147 2.16576 30.4274
      vertex -28.2511 7.2 22.7542
      vertex -37.2239 1.2 30.4353
    endloop
  endfacet
  facet normal -0.650308 4.94634e-006 -0.759671
    outer loop
      vertex -34.0612 -20.0553 27.7279
      vertex -22.8194 -18 18.1046
      vertex -33.9139 -20.4 27.6018
    endloop
  endfacet
  facet normal -0.650307 7.68005e-007 -0.759671
    outer loop
      vertex -37.2125 2.4 30.4255
      vertex -28.2511 7.2 22.7542
      vertex -37.2147 2.16576 30.4274
    endloop
  endfacet
  facet normal -0.650308 5.23034e-006 -0.759671
    outer loop
      vertex -22.8194 -18 18.1046
      vertex -33.3543 -21.6 27.1228
      vertex -33.4061 -21.4897 27.1671
    endloop
  endfacet
  facet normal -0.650306 -1.43314e-006 -0.759672
    outer loop
      vertex -37.1955 3.37248 30.411
      vertex -28.2511 7.2 22.7542
      vertex -37.2125 2.4 30.4255
    endloop
  endfacet
  facet normal -0.650307 9.14787e-007 -0.759671
    outer loop
      vertex -34.6347 -18.6531 28.2189
      vertex -22.8194 -18 18.1046
      vertex -34.4239 -19.2 28.0384
    endloop
  endfacet
  facet normal -0.650308 5.31758e-006 -0.759671
    outer loop
      vertex -37.1915 3.6 30.4076
      vertex -28.2511 7.2 22.7542
      vertex -37.1955 3.37248 30.411
    endloop
  endfacet
  facet normal -0.650307 -4.81822e-007 -0.759672
    outer loop
      vertex -34.4239 -19.2 28.0384
      vertex -22.8194 -18 18.1046
      vertex -34.0612 -20.0553 27.7279
    endloop
  endfacet
  facet normal -0.650307 1.70038e-006 -0.759671
    outer loop
      vertex -37.164 4.58354 30.384
      vertex -28.2511 7.2 22.7542
      vertex -37.1915 3.6 30.4076
    endloop
  endfacet
  facet normal -0.650307 -6.2251e-007 -0.759672
    outer loop
      vertex -35.1323 -17.2801 28.6449
      vertex -22.8194 -18 18.1046
      vertex -34.8845 -18 28.4327
    endloop
  endfacet
  facet normal -0.650306 -5.6227e-006 -0.759672
    outer loop
      vertex -37.1578 4.8 30.3788
      vertex -28.2511 7.2 22.7542
      vertex -37.164 4.58354 30.384
    endloop
  endfacet
  facet normal -0.650307 -1.97712e-006 -0.759672
    outer loop
      vertex -34.8845 -18 28.4327
      vertex -22.8194 -18 18.1046
      vertex -34.6347 -18.6531 28.2189
    endloop
  endfacet
  facet normal -0.650307 1.04021e-006 -0.759671
    outer loop
      vertex -37.1162 5.80028 30.3431
      vertex -28.2511 7.2 22.7542
      vertex -37.1578 4.8 30.3788
    endloop
  endfacet
  facet normal -0.650307 4.28743e-007 -0.759672
    outer loop
      vertex -35.5599 -15.9332 29.0109
      vertex -22.8194 -18 18.1046
      vertex -35.2963 -16.8 28.7852
    endloop
  endfacet
  facet normal -0.650307 -2.08281e-006 -0.759672
    outer loop
      vertex -37.1078 6 30.3359
      vertex -28.2511 7.2 22.7542
      vertex -37.1162 5.80028 30.3431
    endloop
  endfacet
  facet normal -0.650307 3.28014e-006 -0.759672
    outer loop
      vertex -35.2963 -16.8 28.7852
      vertex -22.8194 -18 18.1046
      vertex -35.1323 -17.2801 28.6449
    endloop
  endfacet
  facet normal -0.650307 -1.04207e-005 -0.759672
    outer loop
      vertex -37.0379 7.2 30.2761
      vertex -28.2511 7.2 22.7542
      vertex -37.0482 7.02412 30.2849
    endloop
  endfacet
  facet normal -0.650305 -3.2158e-006 -0.759673
    outer loop
      vertex -35.6604 -15.6 29.0969
      vertex -28.2511 -7.2 22.7542
      vertex -35.5599 -15.9332 29.0109
    endloop
  endfacet
  facet normal -0.650307 -9.5339e-007 -0.759671
    outer loop
      vertex -22.8194 18 18.1046
      vertex -32.0351 24 25.9935
      vertex -31.7707 24.4307 25.7672
    endloop
  endfacet
  facet normal -0.650307 -9.01769e-009 -0.759671
    outer loop
      vertex -22.8194 -18 18.1046
      vertex -35.5599 -15.9332 29.0109
      vertex -28.2511 -7.2 22.7542
    endloop
  endfacet
  facet normal -0.650307 1.44315e-007 -0.759672
    outer loop
      vertex -22.8194 18 18.1046
      vertex -32.6341 22.9618 26.5063
      vertex -32.0351 24 25.9935
    endloop
  endfacet
  facet normal -0.650307 9.67482e-007 -0.759671
    outer loop
      vertex -35.9786 -14.4 29.3692
      vertex -28.2511 -7.2 22.7542
      vertex -35.9233 -14.6098 29.322
    endloop
  endfacet
  facet normal -0.650307 1.22502e-007 -0.759672
    outer loop
      vertex -37.229 6.75897e-015 30.4397
      vertex -28.2511 -7.2 22.7542
      vertex -37.2249 -0.962181 30.4362
    endloop
  endfacet
  facet normal -0.650306 -6.35254e-007 -0.759672
    outer loop
      vertex -28.2511 -7.2 22.7542
      vertex -35.6604 -15.6 29.0969
      vertex -35.9233 -14.6098 29.322
    endloop
  endfacet
  facet normal -0.650306 1.96888e-006 -0.759672
    outer loop
      vertex -22.8194 18 18.1046
      vertex -33.1014 22.0982 26.9063
      vertex -32.7267 22.8 26.5855
    endloop
  endfacet
  facet normal -0.650308 2.58993e-006 -0.759671
    outer loop
      vertex -36.2528 -13.2 29.604
      vertex -28.2511 -7.2 22.7542
      vertex -36.2285 -13.3071 29.5832
    endloop
  endfacet
  facet normal -0.650307 -1.62442e-006 -0.759671
    outer loop
      vertex -22.8194 18 18.1046
      vertex -32.7267 22.8 26.5855
      vertex -32.6341 22.9618 26.5063
    endloop
  endfacet
  facet normal -0.650307 1.00868e-006 -0.759671
    outer loop
      vertex -28.2511 -7.2 22.7542
      vertex -35.9786 -14.4 29.3692
      vertex -36.2285 -13.3071 29.5832
    endloop
  endfacet
  facet normal -0.650307 -2.45414e-007 -0.759672
    outer loop
      vertex -22.8194 18 18.1046
      vertex -33.3543 21.6 27.1228
      vertex -33.1014 22.0982 26.9063
    endloop
  endfacet
  facet normal -0.650306 -3.81251e-006 -0.759672
    outer loop
      vertex -36.6733 -10.8 29.9639
      vertex -28.2511 -7.2 22.7542
      vertex -36.5498 -11.6028 29.8582
    endloop
  endfacet
  facet normal -0.650307 5.21395e-007 -0.759672
    outer loop
      vertex -22.8194 18 18.1046
      vertex -33.9139 20.4 27.6018
      vertex -33.4061 21.4897 27.1671
    endloop
  endfacet
  facet normal -0.650307 -6.34742e-007 -0.759672
    outer loop
      vertex -36.4811 -12.0228 29.7995
      vertex -28.2511 -7.2 22.7542
      vertex -36.2528 -13.2 29.604
    endloop
  endfacet
  facet normal -0.650307 -9.14784e-007 -0.759671
    outer loop
      vertex -22.8194 18 18.1046
      vertex -34.6347 18.6531 28.2189
      vertex -34.4239 19.2 28.0384
    endloop
  endfacet
  facet normal -0.650304 -9.87955e-006 -0.759674
    outer loop
      vertex -36.4855 -12 29.8032
      vertex -28.2511 -7.2 22.7542
      vertex -36.4811 -12.0228 29.7995
    endloop
  endfacet
  facet normal -0.650305 3.59555e-006 -0.759673
    outer loop
      vertex -37.2249 -0.962181 30.4362
      vertex -28.2511 -7.2 22.7542
      vertex -37.2239 -1.2 30.4353
    endloop
  endfacet
  facet normal -0.650308 3.72383e-006 -0.759671
    outer loop
      vertex -28.2511 -7.2 22.7542
      vertex -36.4855 -12 29.8032
      vertex -36.5498 -11.6028 29.8582
    endloop
  endfacet
  facet normal -0.650307 4.81823e-007 -0.759672
    outer loop
      vertex -22.8194 18 18.1046
      vertex -34.4239 19.2 28.0384
      vertex -34.0612 20.0553 27.7279
    endloop
  endfacet
  facet normal -0.650306 -2.28231e-006 -0.759672
    outer loop
      vertex -36.8241 -9.6 30.0931
      vertex -28.2511 -7.2 22.7542
      vertex -36.679 -10.7542 29.9689
    endloop
  endfacet
  facet normal -0.650307 6.2251e-007 -0.759672
    outer loop
      vertex -22.8194 18 18.1046
      vertex -35.1323 17.2801 28.6449
      vertex -34.8845 18 28.4327
    endloop
  endfacet
  facet normal -0.650324 7.08531e-005 -0.759657
    outer loop
      vertex -28.2511 -7.2 22.7542
      vertex -36.6733 -10.8 29.9639
      vertex -36.679 -10.7542 29.9689
    endloop
  endfacet
  facet normal -0.650307 -4.28743e-007 -0.759672
    outer loop
      vertex -22.8194 18 18.1046
      vertex -35.5599 15.9332 29.0109
      vertex -35.2963 16.8 28.7852
    endloop
  endfacet
  facet normal -0.650309 1.45121e-005 -0.75967
    outer loop
      vertex -36.8343 -9.49938 30.1018
      vertex -28.2511 -7.2 22.7542
      vertex -36.8241 -9.6 30.0931
    endloop
  endfacet
  facet normal -0.650306 6.35254e-007 -0.759672
    outer loop
      vertex -35.6604 15.6 29.0969
      vertex -28.2511 7.2 22.7542
      vertex -35.9233 14.6098 29.322
    endloop
  endfacet
  facet normal -0.650307 -2.11641e-006 -0.759672
    outer loop
      vertex -36.9445 -8.4 30.1961
      vertex -28.2511 -7.2 22.7542
      vertex -36.8343 -9.49938 30.1018
    endloop
  endfacet
  facet normal -0.650308 1.65591e-005 -0.759671
    outer loop
      vertex -36.9557 -8.25661 30.2058
      vertex -28.2511 -7.2 22.7542
      vertex -36.9445 -8.4 30.1961
    endloop
  endfacet
  facet normal -0.650307 1.04207e-005 -0.759672
    outer loop
      vertex -37.0482 -7.02412 30.2849
      vertex -28.2511 -7.2 22.7542
      vertex -37.0379 -7.2 30.2761
    endloop
  endfacet
  facet normal -0.650306 2.28231e-006 -0.759672
    outer loop
      vertex -28.2511 7.2 22.7542
      vertex -36.8241 9.6 30.0931
      vertex -36.679 10.7542 29.9689
    endloop
  endfacet
  facet normal -0.650307 -8.81093e-007 -0.759672
    outer loop
      vertex -37.0379 -7.2 30.2761
      vertex -28.2511 -7.2 22.7542
      vertex -36.9557 -8.25661 30.2058
    endloop
  endfacet
  facet normal -0.650307 2.08281e-006 -0.759672
    outer loop
      vertex -37.1162 -5.80028 30.3431
      vertex -28.2511 -7.2 22.7542
      vertex -37.1078 -6 30.3359
    endloop
  endfacet
  facet normal -0.650309 -1.45121e-005 -0.75967
    outer loop
      vertex -36.8241 9.6 30.0931
      vertex -28.2511 7.2 22.7542
      vertex -36.8343 9.49938 30.1018
    endloop
  endfacet
  facet normal -0.650307 2.11641e-006 -0.759672
    outer loop
      vertex -28.2511 7.2 22.7542
      vertex -36.9445 8.4 30.1961
      vertex -36.8343 9.49938 30.1018
    endloop
  endfacet
  facet normal -0.650307 -6.33801e-007 -0.759672
    outer loop
      vertex -37.1078 -6 30.3359
      vertex -28.2511 -7.2 22.7542
      vertex -37.0482 -7.02412 30.2849
    endloop
  endfacet
  facet normal -0.650306 5.6227e-006 -0.759672
    outer loop
      vertex -37.164 -4.58354 30.384
      vertex -28.2511 -7.2 22.7542
      vertex -37.1578 -4.8 30.3788
    endloop
  endfacet
  facet normal -0.650308 -1.65591e-005 -0.759671
    outer loop
      vertex -36.9445 8.4 30.1961
      vertex -28.2511 7.2 22.7542
      vertex -36.9557 8.25661 30.2058
    endloop
  endfacet
  facet normal -0.650307 8.81093e-007 -0.759672
    outer loop
      vertex -28.2511 7.2 22.7542
      vertex -37.0379 7.2 30.2761
      vertex -36.9557 8.25661 30.2058
    endloop
  endfacet
  facet normal -0.650307 -1.04021e-006 -0.759671
    outer loop
      vertex -37.1578 -4.8 30.3788
      vertex -28.2511 -7.2 22.7542
      vertex -37.1162 -5.80028 30.3431
    endloop
  endfacet
  facet normal -0.650307 -1.70038e-006 -0.759671
    outer loop
      vertex -37.1915 -3.6 30.4076
      vertex -28.2511 -7.2 22.7542
      vertex -37.164 -4.58354 30.384
    endloop
  endfacet
  facet normal -0.650324 -7.08531e-005 -0.759657
    outer loop
      vertex -36.6733 10.8 29.9639
      vertex -28.2511 7.2 22.7542
      vertex -36.679 10.7542 29.9689
    endloop
  endfacet
  facet normal -0.650307 6.33801e-007 -0.759672
    outer loop
      vertex -28.2511 7.2 22.7542
      vertex -37.1078 6 30.3359
      vertex -37.0482 7.02412 30.2849
    endloop
  endfacet
  facet normal -0.650308 -5.31758e-006 -0.759671
    outer loop
      vertex -37.1955 -3.37248 30.411
      vertex -28.2511 -7.2 22.7542
      vertex -37.1915 -3.6 30.4076
    endloop
  endfacet
  facet normal -0.650308 -2.58993e-006 -0.759671
    outer loop
      vertex -28.2511 7.2 22.7542
      vertex -36.2528 13.2 29.604
      vertex -36.2285 13.3071 29.5832
    endloop
  endfacet
  facet normal -0.650306 1.43314e-006 -0.759672
    outer loop
      vertex -37.2125 -2.4 30.4255
      vertex -28.2511 -7.2 22.7542
      vertex -37.1955 -3.37248 30.411
    endloop
  endfacet
  facet normal -0.650308 -3.72383e-006 -0.759671
    outer loop
      vertex -36.4855 12 29.8032
      vertex -28.2511 7.2 22.7542
      vertex -36.5498 11.6028 29.8582
    endloop
  endfacet
  facet normal -0.650307 -7.68005e-007 -0.759671
    outer loop
      vertex -37.2147 -2.16576 30.4274
      vertex -28.2511 -7.2 22.7542
      vertex -37.2125 -2.4 30.4255
    endloop
  endfacet
  facet normal -0.650307 -9.67482e-007 -0.759671
    outer loop
      vertex -28.2511 7.2 22.7542
      vertex -35.9786 14.4 29.3692
      vertex -35.9233 14.6098 29.322
    endloop
  endfacet
  facet normal -0.650307 -7.87036e-007 -0.759671
    outer loop
      vertex -37.2239 -1.2 30.4353
      vertex -28.2511 -7.2 22.7542
      vertex -37.2147 -2.16576 30.4274
    endloop
  endfacet
  facet normal -0.650304 9.87955e-006 -0.759674
    outer loop
      vertex -28.2511 7.2 22.7542
      vertex -36.4855 12 29.8032
      vertex -36.4811 12.0228 29.7995
    endloop
  endfacet
  facet normal -0.650305 3.2158e-006 -0.759673
    outer loop
      vertex -28.2511 7.2 22.7542
      vertex -35.6604 15.6 29.0969
      vertex -35.5599 15.9332 29.0109
    endloop
  endfacet
  facet normal -0.650307 6.34742e-007 -0.759672
    outer loop
      vertex -28.2511 7.2 22.7542
      vertex -36.4811 12.0228 29.7995
      vertex -36.2528 13.2 29.604
    endloop
  endfacet
  facet normal -0.650306 3.81251e-006 -0.759672
    outer loop
      vertex -28.2511 7.2 22.7542
      vertex -36.6733 10.8 29.9639
      vertex -36.5498 11.6028 29.8582
    endloop
  endfacet
  facet normal -0.650307 -1.00868e-006 -0.759671
    outer loop
      vertex -35.9786 14.4 29.3692
      vertex -28.2511 7.2 22.7542
      vertex -36.2285 13.3071 29.5832
    endloop
  endfacet
  facet normal -0.650307 -3.28014e-006 -0.759672
    outer loop
      vertex -22.8194 18 18.1046
      vertex -35.2963 16.8 28.7852
      vertex -35.1323 17.2801 28.6449
    endloop
  endfacet
  facet normal -0.650307 1.97712e-006 -0.759672
    outer loop
      vertex -22.8194 18 18.1046
      vertex -34.8845 18 28.4327
      vertex -34.6347 18.6531 28.2189
    endloop
  endfacet
  facet normal -0.650308 -4.94634e-006 -0.759671
    outer loop
      vertex -22.8194 18 18.1046
      vertex -34.0612 20.0553 27.7279
      vertex -33.9139 20.4 27.6018
    endloop
  endfacet
  facet normal -0.650308 -5.23026e-006 -0.759671
    outer loop
      vertex -33.3543 21.6 27.1228
      vertex -22.8194 18 18.1046
      vertex -33.4061 21.4897 27.1671
    endloop
  endfacet
  facet normal -0.650307 -1.22502e-007 -0.759672
    outer loop
      vertex -28.2511 7.2 22.7542
      vertex -37.229 6.75897e-015 30.4397
      vertex -37.2249 0.962181 30.4362
    endloop
  endfacet
  facet normal 0 0 -1
    outer loop
      vertex 108.818 -0.0545067 18.1046
      vertex 108.818 0.0545067 18.1046
      vertex 108.818 4.02002e-015 18.1046
    endloop
  endfacet
  facet normal 0 0 -1
    outer loop
      vertex 84.0909 -0.0170811 18.1046
      vertex 108.818 -0.0545067 18.1046
      vertex 108.816 -1.2 18.1046
    endloop
  endfacet
  facet normal 0 0 -1
    outer loop
      vertex 108.818 -0.0545067 18.1046
      vertex 84.0909 -0.0170811 18.1046
      vertex 108.818 0.0545067 18.1046
    endloop
  endfacet
  facet normal 0 0 -1
    outer loop
      vertex 84.0872 -1.08 18.1046
      vertex 108.816 -1.2 18.1046
      vertex 108.815 -1.25612 18.1046
    endloop
  endfacet
  facet normal 0 -0 -1
    outer loop
      vertex 84.091 4.02002e-015 18.1046
      vertex 108.818 0.0545067 18.1046
      vertex 84.0909 -0.0170811 18.1046
    endloop
  endfacet
  facet normal 0 0 -1
    outer loop
      vertex 84.0871 -1.09902 18.1046
      vertex 108.815 -1.25612 18.1046
      vertex 108.811 -2.4 18.1046
    endloop
  endfacet
  facet normal 0 0 -1
    outer loop
      vertex 84.0909 0.0170811 18.1046
      vertex 108.818 0.0545067 18.1046
      vertex 84.091 4.02002e-015 18.1046
    endloop
  endfacet
  facet normal 0 0 -1
    outer loop
      vertex 84.0789 -2.16 18.1046
      vertex 108.811 -2.4 18.1046
      vertex 108.81 -2.45968 18.1046
    endloop
  endfacet
  facet normal -0 0 -1
    outer loop
      vertex 108.818 0.0545067 18.1046
      vertex 84.0909 0.0170811 18.1046
      vertex 108.816 1.2 18.1046
    endloop
  endfacet
  facet normal 0 0 -1
    outer loop
      vertex 84.0785 -2.18337 18.1046
      vertex 108.81 -2.45968 18.1046
      vertex 108.801 -3.6 18.1046
    endloop
  endfacet
  facet normal 0 0 -1
    outer loop
      vertex 84.0872 1.08 18.1046
      vertex 108.816 1.2 18.1046
      vertex 84.0909 0.0170811 18.1046
    endloop
  endfacet
  facet normal 0 0 -1
    outer loop
      vertex 84.0635 -3.24 18.1046
      vertex 108.801 -3.6 18.1046
      vertex 108.8 -3.66615 18.1046
    endloop
  endfacet
  facet normal -0 0 -1
    outer loop
      vertex 108.816 1.2 18.1046
      vertex 84.0872 1.08 18.1046
      vertex 108.815 1.25612 18.1046
    endloop
  endfacet
  facet normal 0 0 -1
    outer loop
      vertex 84.0627 -3.27134 18.1046
      vertex 108.8 -3.66615 18.1046
      vertex 108.786 -4.8 18.1046
    endloop
  endfacet
  facet normal 0 0 -1
    outer loop
      vertex 84.0871 1.09902 18.1046
      vertex 108.815 1.25612 18.1046
      vertex 84.0872 1.08 18.1046
    endloop
  endfacet
  facet normal 0 0 -1
    outer loop
      vertex 84.0387 -4.32 18.1046
      vertex 108.786 -4.8 18.1046
      vertex 108.785 -4.8766 18.1046
    endloop
  endfacet
  facet normal -0 0 -1
    outer loop
      vertex 108.815 1.25612 18.1046
      vertex 84.0871 1.09902 18.1046
      vertex 108.811 2.4 18.1046
    endloop
  endfacet
  facet normal 0 0 -1
    outer loop
      vertex 84.0371 -4.36431 18.1046
      vertex 108.785 -4.8766 18.1046
      vertex 108.764 -6 18.1046
    endloop
  endfacet
  facet normal 0 0 -1
    outer loop
      vertex 84.0789 2.16 18.1046
      vertex 108.811 2.4 18.1046
      vertex 84.0871 1.09902 18.1046
    endloop
  endfacet
  facet normal 0 0 -1
    outer loop
      vertex 84.0019 -5.4 18.1046
      vertex 108.764 -6 18.1046
      vertex 108.761 -6.09221 18.1046
    endloop
  endfacet
  facet normal -0 0 -1
    outer loop
      vertex 108.811 2.4 18.1046
      vertex 84.0789 2.16 18.1046
      vertex 108.81 2.45968 18.1046
    endloop
  endfacet
  facet normal 0 0 -1
    outer loop
      vertex 83.9986 -5.46378 18.1046
      vertex 108.761 -6.09221 18.1046
      vertex 108.733 -7.2 18.1046
    endloop
  endfacet
  facet normal 0 0 -1
    outer loop
      vertex 84.0785 2.18337 18.1046
      vertex 108.81 2.45968 18.1046
      vertex 84.0789 2.16 18.1046
    endloop
  endfacet
  facet normal 0 0 -1
    outer loop
      vertex 83.9501 -6.48 18.1046
      vertex 108.733 -7.2 18.1046
      vertex 108.728 -7.31423 18.1046
    endloop
  endfacet
  facet normal -0 0 -1
    outer loop
      vertex 108.81 2.45968 18.1046
      vertex 84.0785 2.18337 18.1046
      vertex 108.801 3.6 18.1046
    endloop
  endfacet
  facet normal 0 0 -1
    outer loop
      vertex 83.9501 -6.48 18.1046
      vertex 108.728 -7.31423 18.1046
      vertex 108.69 -8.4 18.1046
    endloop
  endfacet
  facet normal 0 0 -1
    outer loop
      vertex 84.0635 3.24 18.1046
      vertex 108.801 3.6 18.1046
      vertex 84.0785 2.18337 18.1046
    endloop
  endfacet
  facet normal 0 0 -1
    outer loop
      vertex 83.9439 -6.57142 18.1046
      vertex 108.69 -8.4 18.1046
      vertex 108.683 -8.54405 18.1046
    endloop
  endfacet
  facet normal -0 0 -1
    outer loop
      vertex 108.801 3.6 18.1046
      vertex 84.0635 3.24 18.1046
      vertex 108.8 3.66615 18.1046
    endloop
  endfacet
  facet normal 0 0 -1
    outer loop
      vertex 83.8807 -7.56 18.1046
      vertex 108.683 -8.54405 18.1046
      vertex 108.635 -9.6 18.1046
    endloop
  endfacet
  facet normal 0 0 -1
    outer loop
      vertex 84.0627 3.27134 18.1046
      vertex 108.8 3.66615 18.1046
      vertex 84.0635 3.24 18.1046
    endloop
  endfacet
  facet normal 0 0 -1
    outer loop
      vertex 83.8692 -7.68906 18.1046
      vertex 108.635 -9.6 18.1046
      vertex 108.624 -9.78316 18.1046
    endloop
  endfacet
  facet normal -0 0 -1
    outer loop
      vertex 108.8 3.66615 18.1046
      vertex 84.0627 3.27134 18.1046
      vertex 108.786 4.8 18.1046
    endloop
  endfacet
  facet normal 0 0 -1
    outer loop
      vertex 83.7906 -8.64 18.1046
      vertex 108.624 -9.78316 18.1046
      vertex 108.566 -10.8 18.1046
    endloop
  endfacet
  facet normal 0 0 -1
    outer loop
      vertex 84.0387 4.32 18.1046
      vertex 108.786 4.8 18.1046
      vertex 84.0627 3.27134 18.1046
    endloop
  endfacet
  facet normal 0 0 -1
    outer loop
      vertex 83.7906 -8.64 18.1046
      vertex 108.566 -10.8 18.1046
      vertex 108.547 -11.0332 18.1046
    endloop
  endfacet
  facet normal -0 0 -1
    outer loop
      vertex 108.786 4.8 18.1046
      vertex 84.0387 4.32 18.1046
      vertex 108.785 4.8766 18.1046
    endloop
  endfacet
  facet normal 0 0 -1
    outer loop
      vertex 83.7706 -8.81874 18.1046
      vertex 108.547 -11.0332 18.1046
      vertex 108.48 -12 18.1046
    endloop
  endfacet
  facet normal 0 0 -1
    outer loop
      vertex 84.0371 4.36431 18.1046
      vertex 108.785 4.8766 18.1046
      vertex 84.0387 4.32 18.1046
    endloop
  endfacet
  facet normal 0 0 -1
    outer loop
      vertex 83.6768 -9.72 18.1046
      vertex 108.48 -12 18.1046
      vertex 108.452 -12.2958 18.1046
    endloop
  endfacet
  facet normal -0 0 -1
    outer loop
      vertex 108.785 4.8766 18.1046
      vertex 84.0371 4.36431 18.1046
      vertex 108.764 6 18.1046
    endloop
  endfacet
  facet normal 0 0 -1
    outer loop
      vertex 83.6434 -9.9627 18.1046
      vertex 108.452 -12.2958 18.1046
      vertex 108.375 -13.2 18.1046
    endloop
  endfacet
  facet normal 0 0 -1
    outer loop
      vertex 84.0019 5.4 18.1046
      vertex 108.764 6 18.1046
      vertex 84.0371 4.36431 18.1046
    endloop
  endfacet
  facet normal 0 0 -1
    outer loop
      vertex 83.6434 -9.9627 18.1046
      vertex 108.375 -13.2 18.1046
      vertex 108.333 -13.573 18.1046
    endloop
  endfacet
  facet normal -0 0 -1
    outer loop
      vertex 108.764 6 18.1046
      vertex 84.0019 5.4 18.1046
      vertex 108.761 6.09221 18.1046
    endloop
  endfacet
  facet normal 0 0 -1
    outer loop
      vertex 83.5362 -10.8 18.1046
      vertex 108.333 -13.573 18.1046
      vertex 108.249 -14.4 18.1046
    endloop
  endfacet
  facet normal 0 0 -1
    outer loop
      vertex 83.9986 5.46378 18.1046
      vertex 108.761 6.09221 18.1046
      vertex 84.0019 5.4 18.1046
    endloop
  endfacet
  facet normal 0 0 -1
    outer loop
      vertex 83.5362 -10.8 18.1046
      vertex 108.249 -14.4 18.1046
      vertex 108.187 -14.867 18.1046
    endloop
  endfacet
  facet normal -0 0 -1
    outer loop
      vertex 108.761 6.09221 18.1046
      vertex 83.9986 5.46378 18.1046
      vertex 108.733 7.2 18.1046
    endloop
  endfacet
  facet normal 0 0 -1
    outer loop
      vertex 83.3655 -11.88 18.1046
      vertex 108.187 -14.867 18.1046
      vertex 108.1 -15.6 18.1046
    endloop
  endfacet
  facet normal 0 0 -1
    outer loop
      vertex 83.9501 6.48 18.1046
      vertex 108.733 7.2 18.1046
      vertex 83.9986 5.46378 18.1046
    endloop
  endfacet
  facet normal 0 0 -1
    outer loop
      vertex 83.3655 -11.88 18.1046
      vertex 108.1 -15.6 18.1046
      vertex 108.011 -16.1799 18.1046
    endloop
  endfacet
  facet normal -0 0 -1
    outer loop
      vertex 108.733 7.2 18.1046
      vertex 83.9501 6.48 18.1046
      vertex 108.728 7.31423 18.1046
    endloop
  endfacet
  facet normal 0 0 -1
    outer loop
      vertex 83.2819 -12.3038 18.1046
      vertex 108.011 -16.1799 18.1046
      vertex 107.926 -16.8 18.1046
    endloop
  endfacet
  facet normal -0 0 -1
    outer loop
      vertex 108.728 7.31423 18.1046
      vertex 83.9501 6.48 18.1046
      vertex 108.69 8.4 18.1046
    endloop
  endfacet
  facet normal 0 0 -1
    outer loop
      vertex 83.2819 -12.3038 18.1046
      vertex 107.926 -16.8 18.1046
      vertex 107.799 -17.5144 18.1046
    endloop
  endfacet
  facet normal 0 0 -1
    outer loop
      vertex 83.9439 6.57142 18.1046
      vertex 108.69 8.4 18.1046
      vertex 83.9501 6.48 18.1046
    endloop
  endfacet
  facet normal 0 0 -1
    outer loop
      vertex 83.1614 -12.96 18.1046
      vertex 107.799 -17.5144 18.1046
      vertex 107.722 -18 18.1046
    endloop
  endfacet
  facet normal 0 0 -1
    outer loop
      vertex 83.8807 7.56 18.1046
      vertex 108.683 8.54405 18.1046
      vertex 83.9439 6.57142 18.1046
    endloop
  endfacet
  facet normal -0 0 -1
    outer loop
      vertex 108.683 8.54405 18.1046
      vertex 83.8807 7.56 18.1046
      vertex 108.635 9.6 18.1046
    endloop
  endfacet
  facet normal -0 0 -1
    outer loop
      vertex 108.69 8.4 18.1046
      vertex 83.9439 6.57142 18.1046
      vertex 108.683 8.54405 18.1046
    endloop
  endfacet
  facet normal 0 0 -1
    outer loop
      vertex 108.816 -1.2 18.1046
      vertex 84.0872 -1.08 18.1046
      vertex 84.0909 -0.0170811 18.1046
    endloop
  endfacet
  facet normal 0 0 -1
    outer loop
      vertex 108.815 -1.25612 18.1046
      vertex 84.0871 -1.09902 18.1046
      vertex 84.0872 -1.08 18.1046
    endloop
  endfacet
  facet normal 0 0 -1
    outer loop
      vertex 108.811 -2.4 18.1046
      vertex 84.0789 -2.16 18.1046
      vertex 84.0871 -1.09902 18.1046
    endloop
  endfacet
  facet normal 0 0 -1
    outer loop
      vertex 108.81 -2.45968 18.1046
      vertex 84.0785 -2.18337 18.1046
      vertex 84.0789 -2.16 18.1046
    endloop
  endfacet
  facet normal 0 0 -1
    outer loop
      vertex 108.801 -3.6 18.1046
      vertex 84.0635 -3.24 18.1046
      vertex 84.0785 -2.18337 18.1046
    endloop
  endfacet
  facet normal 0 0 -1
    outer loop
      vertex 108.8 -3.66615 18.1046
      vertex 84.0627 -3.27134 18.1046
      vertex 84.0635 -3.24 18.1046
    endloop
  endfacet
  facet normal 0 0 -1
    outer loop
      vertex 108.786 -4.8 18.1046
      vertex 84.0387 -4.32 18.1046
      vertex 84.0627 -3.27134 18.1046
    endloop
  endfacet
  facet normal 0 0 -1
    outer loop
      vertex 108.785 -4.8766 18.1046
      vertex 84.0371 -4.36431 18.1046
      vertex 84.0387 -4.32 18.1046
    endloop
  endfacet
  facet normal 0 0 -1
    outer loop
      vertex 108.764 -6 18.1046
      vertex 84.0019 -5.4 18.1046
      vertex 84.0371 -4.36431 18.1046
    endloop
  endfacet
  facet normal 0 0 -1
    outer loop
      vertex 108.761 -6.09221 18.1046
      vertex 83.9986 -5.46378 18.1046
      vertex 84.0019 -5.4 18.1046
    endloop
  endfacet
  facet normal 0 0 -1
    outer loop
      vertex 108.733 -7.2 18.1046
      vertex 83.9501 -6.48 18.1046
      vertex 83.9986 -5.46378 18.1046
    endloop
  endfacet
  facet normal 0 0 -1
    outer loop
      vertex 108.69 -8.4 18.1046
      vertex 83.9439 -6.57142 18.1046
      vertex 83.9501 -6.48 18.1046
    endloop
  endfacet
  facet normal 0 0 -1
    outer loop
      vertex 108.683 -8.54405 18.1046
      vertex 83.8807 -7.56 18.1046
      vertex 83.9439 -6.57142 18.1046
    endloop
  endfacet
  facet normal 0 0 -1
    outer loop
      vertex 108.635 -9.6 18.1046
      vertex 83.8692 -7.68906 18.1046
      vertex 83.8807 -7.56 18.1046
    endloop
  endfacet
  facet normal 0 0 -1
    outer loop
      vertex 108.624 -9.78316 18.1046
      vertex 83.7906 -8.64 18.1046
      vertex 83.8692 -7.68906 18.1046
    endloop
  endfacet
  facet normal 0 0 -1
    outer loop
      vertex 108.547 -11.0332 18.1046
      vertex 83.7706 -8.81874 18.1046
      vertex 83.7906 -8.64 18.1046
    endloop
  endfacet
  facet normal 0 0 -1
    outer loop
      vertex 108.48 -12 18.1046
      vertex 83.6768 -9.72 18.1046
      vertex 83.7706 -8.81874 18.1046
    endloop
  endfacet
  facet normal 0 0 -1
    outer loop
      vertex 108.452 -12.2958 18.1046
      vertex 83.6434 -9.9627 18.1046
      vertex 83.6768 -9.72 18.1046
    endloop
  endfacet
  facet normal 0 0 -1
    outer loop
      vertex 108.333 -13.573 18.1046
      vertex 83.5362 -10.8 18.1046
      vertex 83.6434 -9.9627 18.1046
    endloop
  endfacet
  facet normal 0 0 -1
    outer loop
      vertex 108.187 -14.867 18.1046
      vertex 83.4825 -11.1234 18.1046
      vertex 83.5362 -10.8 18.1046
    endloop
  endfacet
  facet normal 0 0 -1
    outer loop
      vertex 108.187 -14.867 18.1046
      vertex 83.3655 -11.88 18.1046
      vertex 83.4825 -11.1234 18.1046
    endloop
  endfacet
  facet normal 0 0 -1
    outer loop
      vertex 108.011 -16.1799 18.1046
      vertex 83.2819 -12.3038 18.1046
      vertex 83.3655 -11.88 18.1046
    endloop
  endfacet
  facet normal 0 0 -1
    outer loop
      vertex 107.799 -17.5144 18.1046
      vertex 83.1614 -12.96 18.1046
      vertex 83.2819 -12.3038 18.1046
    endloop
  endfacet
  facet normal 0 0 -1
    outer loop
      vertex 107.722 -18 18.1046
      vertex 83.0351 -13.5069 18.1046
      vertex 83.1614 -12.96 18.1046
    endloop
  endfacet
  facet normal 0 0 -1
    outer loop
      vertex 107.722 -18 18.1046
      vertex 82.9204 -14.04 18.1046
      vertex 83.0351 -13.5069 18.1046
    endloop
  endfacet
  facet normal 0 0 -1
    outer loop
      vertex 107.722 -18 18.1046
      vertex 82.7345 -14.7365 18.1046
      vertex 82.9204 -14.04 18.1046
    endloop
  endfacet
  facet normal 0 0 -1
    outer loop
      vertex 107.722 -18 18.1046
      vertex 82.6388 -15.12 18.1046
      vertex 82.7345 -14.7365 18.1046
    endloop
  endfacet
  facet normal 0 0 -1
    outer loop
      vertex 107.722 -18 18.1046
      vertex 82.3711 -15.9966 18.1046
      vertex 82.6388 -15.12 18.1046
    endloop
  endfacet
  facet normal 0 0 -1
    outer loop
      vertex 107.722 -18 18.1046
      vertex 82.3129 -16.2 18.1046
      vertex 82.3711 -15.9966 18.1046
    endloop
  endfacet
  facet normal 0 0 -1
    outer loop
      vertex 107.722 -18 18.1046
      vertex 81.9588 -17.2224 18.1046
      vertex 82.3129 -16.2 18.1046
    endloop
  endfacet
  facet normal 0 0 -1
    outer loop
      vertex 107.722 -18 18.1046
      vertex 81.9365 -17.28 18.1046
      vertex 81.9588 -17.2224 18.1046
    endloop
  endfacet
  facet normal 0 0 -1
    outer loop
      vertex 107.722 -18 18.1046
      vertex 81.9305 -17.2932 18.1046
      vertex 81.9365 -17.28 18.1046
    endloop
  endfacet
  facet normal 0 -0 -1
    outer loop
      vertex 81.9305 -17.2932 18.1046
      vertex 107.722 -18 18.1046
      vertex 81.6226 -18 18.1046
    endloop
  endfacet
  facet normal 0 0 -1
    outer loop
      vertex 83.8692 7.68906 18.1046
      vertex 108.635 9.6 18.1046
      vertex 83.8807 7.56 18.1046
    endloop
  endfacet
  facet normal -0 0 -1
    outer loop
      vertex 108.635 9.6 18.1046
      vertex 83.8692 7.68906 18.1046
      vertex 108.624 9.78316 18.1046
    endloop
  endfacet
  facet normal 0 0 -1
    outer loop
      vertex 83.7906 8.64 18.1046
      vertex 108.624 9.78316 18.1046
      vertex 83.8692 7.68906 18.1046
    endloop
  endfacet
  facet normal -0 0 -1
    outer loop
      vertex 108.624 9.78316 18.1046
      vertex 83.7906 8.64 18.1046
      vertex 108.566 10.8 18.1046
    endloop
  endfacet
  facet normal -0 0 -1
    outer loop
      vertex 108.566 10.8 18.1046
      vertex 83.7906 8.64 18.1046
      vertex 108.547 11.0332 18.1046
    endloop
  endfacet
  facet normal 0 0 -1
    outer loop
      vertex 83.7706 8.81874 18.1046
      vertex 108.547 11.0332 18.1046
      vertex 83.7906 8.64 18.1046
    endloop
  endfacet
  facet normal -0 0 -1
    outer loop
      vertex 108.547 11.0332 18.1046
      vertex 83.7706 8.81874 18.1046
      vertex 108.48 12 18.1046
    endloop
  endfacet
  facet normal 0 0 -1
    outer loop
      vertex 83.6768 9.72 18.1046
      vertex 108.48 12 18.1046
      vertex 83.7706 8.81874 18.1046
    endloop
  endfacet
  facet normal -0 0 -1
    outer loop
      vertex 108.48 12 18.1046
      vertex 83.6768 9.72 18.1046
      vertex 108.452 12.2958 18.1046
    endloop
  endfacet
  facet normal 0 0 -1
    outer loop
      vertex 83.6434 9.9627 18.1046
      vertex 108.452 12.2958 18.1046
      vertex 83.6768 9.72 18.1046
    endloop
  endfacet
  facet normal -0 0 -1
    outer loop
      vertex 108.452 12.2958 18.1046
      vertex 83.6434 9.9627 18.1046
      vertex 108.375 13.2 18.1046
    endloop
  endfacet
  facet normal -0 0 -1
    outer loop
      vertex 108.375 13.2 18.1046
      vertex 83.6434 9.9627 18.1046
      vertex 108.333 13.573 18.1046
    endloop
  endfacet
  facet normal 0 0 -1
    outer loop
      vertex 83.5362 10.8 18.1046
      vertex 108.333 13.573 18.1046
      vertex 83.6434 9.9627 18.1046
    endloop
  endfacet
  facet normal -0 0 -1
    outer loop
      vertex 108.333 13.573 18.1046
      vertex 83.5362 10.8 18.1046
      vertex 108.249 14.4 18.1046
    endloop
  endfacet
  facet normal -0 0 -1
    outer loop
      vertex 108.249 14.4 18.1046
      vertex 83.5362 10.8 18.1046
      vertex 108.187 14.867 18.1046
    endloop
  endfacet
  facet normal 0 0 -1
    outer loop
      vertex 83.4825 11.1234 18.1046
      vertex 108.187 14.867 18.1046
      vertex 83.5362 10.8 18.1046
    endloop
  endfacet
  facet normal 0 0 -1
    outer loop
      vertex 83.3655 11.88 18.1046
      vertex 108.187 14.867 18.1046
      vertex 83.4825 11.1234 18.1046
    endloop
  endfacet
  facet normal -0 0 -1
    outer loop
      vertex 108.187 14.867 18.1046
      vertex 83.3655 11.88 18.1046
      vertex 108.1 15.6 18.1046
    endloop
  endfacet
  facet normal -0 0 -1
    outer loop
      vertex 108.1 15.6 18.1046
      vertex 83.3655 11.88 18.1046
      vertex 108.011 16.1799 18.1046
    endloop
  endfacet
  facet normal 0 0 -1
    outer loop
      vertex 83.2819 12.3038 18.1046
      vertex 108.011 16.1799 18.1046
      vertex 83.3655 11.88 18.1046
    endloop
  endfacet
  facet normal -0 0 -1
    outer loop
      vertex 108.011 16.1799 18.1046
      vertex 83.2819 12.3038 18.1046
      vertex 107.926 16.8 18.1046
    endloop
  endfacet
  facet normal -0 0 -1
    outer loop
      vertex 107.926 16.8 18.1046
      vertex 83.2819 12.3038 18.1046
      vertex 107.799 17.5144 18.1046
    endloop
  endfacet
  facet normal 0 0 -1
    outer loop
      vertex 83.1614 12.96 18.1046
      vertex 107.799 17.5144 18.1046
      vertex 83.2819 12.3038 18.1046
    endloop
  endfacet
  facet normal -0 0 -1
    outer loop
      vertex 107.799 17.5144 18.1046
      vertex 83.1614 12.96 18.1046
      vertex 107.722 18 18.1046
    endloop
  endfacet
  facet normal 0 0 -1
    outer loop
      vertex 83.0351 13.5069 18.1046
      vertex 107.722 18 18.1046
      vertex 83.1614 12.96 18.1046
    endloop
  endfacet
  facet normal 0 0 -1
    outer loop
      vertex 82.9204 14.04 18.1046
      vertex 107.722 18 18.1046
      vertex 83.0351 13.5069 18.1046
    endloop
  endfacet
  facet normal 0 0 -1
    outer loop
      vertex 82.7345 14.7365 18.1046
      vertex 107.722 18 18.1046
      vertex 82.9204 14.04 18.1046
    endloop
  endfacet
  facet normal 0 0 -1
    outer loop
      vertex 82.6388 15.12 18.1046
      vertex 107.722 18 18.1046
      vertex 82.7345 14.7365 18.1046
    endloop
  endfacet
  facet normal 0 0 -1
    outer loop
      vertex 82.3711 15.9966 18.1046
      vertex 107.722 18 18.1046
      vertex 82.6388 15.12 18.1046
    endloop
  endfacet
  facet normal 0 0 -1
    outer loop
      vertex 82.3129 16.2 18.1046
      vertex 107.722 18 18.1046
      vertex 82.3711 15.9966 18.1046
    endloop
  endfacet
  facet normal 0 0 -1
    outer loop
      vertex 81.9588 17.2224 18.1046
      vertex 107.722 18 18.1046
      vertex 82.3129 16.2 18.1046
    endloop
  endfacet
  facet normal 0 0 -1
    outer loop
      vertex 81.9365 17.28 18.1046
      vertex 107.722 18 18.1046
      vertex 81.9588 17.2224 18.1046
    endloop
  endfacet
  facet normal 0 0 -1
    outer loop
      vertex 81.9305 17.2932 18.1046
      vertex 107.722 18 18.1046
      vertex 81.9365 17.28 18.1046
    endloop
  endfacet
  facet normal -0 0 -1
    outer loop
      vertex 107.722 18 18.1046
      vertex 81.9305 17.2932 18.1046
      vertex 81.6226 18 18.1046
    endloop
  endfacet
  facet normal 0 0 -1
    outer loop
      vertex -22.8194 -18 18.1046
      vertex -22.5944 -17.5 18.1046
      vertex -21.7033 -18 18.1046
    endloop
  endfacet
  facet normal -0 0 -1
    outer loop
      vertex -22.5944 -17.5 18.1046
      vertex -22.8194 -18 18.1046
      vertex -22.816 -17.5 18.1046
    endloop
  endfacet
  facet normal 0 0 -1
    outer loop
      vertex -22.8194 -7.2 18.1046
      vertex -22.816 -17.5 18.1046
      vertex -22.8194 -18 18.1046
    endloop
  endfacet
  facet normal 0 0 -1
    outer loop
      vertex -22.816 -17.5 18.1046
      vertex -22.8194 -7.2 18.1046
      vertex -22.816 -7.2 18.1046
    endloop
  endfacet
  facet normal -0.713196 0 0.700965
    outer loop
      vertex -32.9956 -7.2 17.9269
      vertex -28.2511 7.2 22.7542
      vertex -32.9956 7.2 17.9269
    endloop
  endfacet
  facet normal -0.713196 0 0.700965
    outer loop
      vertex -28.2511 7.2 22.7542
      vertex -32.9956 -7.2 17.9269
      vertex -28.2511 -7.2 22.7542
    endloop
  endfacet
  facet normal 0 -1 -0
    outer loop
      vertex -22.8194 -7.2 18.1046
      vertex -32.9956 -7.2 17.9269
      vertex -22.816 -7.2 18.1046
    endloop
  endfacet
  facet normal 0 -1 0
    outer loop
      vertex -32.9956 -7.2 17.9269
      vertex -22.8194 -7.2 18.1046
      vertex -28.2511 -7.2 22.7542
    endloop
  endfacet
  facet normal 0.489304 -0.872073 0.00844459
    outer loop
      vertex -21.7033 18 18.1046
      vertex -22.5945 17.5 18.1084
      vertex -22.5944 17.5 18.1046
    endloop
  endfacet
  facet normal 0.489304 -0.872072 0.00853467
    outer loop
      vertex -22.5945 17.5 18.1084
      vertex -21.7033 18 18.1046
      vertex -21.4365 18.1514 18.285
    endloop
  endfacet
  facet normal 0 -1 -0
    outer loop
      vertex -22.5945 17.5 18.1084
      vertex -22.816 17.5 18.1046
      vertex -22.5944 17.5 18.1046
    endloop
  endfacet
  facet normal -0.167475 -0.00057821 -0.985876
    outer loop
      vertex 84.0909 0.0170811 18.1046
      vertex 78.9074 1.08 18.9845
      vertex 84.0872 1.08 18.1046
    endloop
  endfacet
  facet normal -0.167485 -0.000673275 -0.985874
    outer loop
      vertex 78.9016 4.21577e-015 18.9862
      vertex 84.0909 0.0170811 18.1046
      vertex 84.091 4.02002e-015 18.1046
    endloop
  endfacet
  facet normal -0.167485 -0.000626645 -0.985874
    outer loop
      vertex 84.0909 0.0170811 18.1046
      vertex 78.9016 4.21577e-015 18.9862
      vertex 78.9074 1.08 18.9845
    endloop
  endfacet
  facet normal -0.160558 -0.000665519 -0.987026
    outer loop
      vertex 78.9016 4.21577e-015 18.9862
      vertex 73.6456 1.08 19.8404
      vertex 78.9074 1.08 18.9845
    endloop
  endfacet
  facet normal -0.160567 -0.000710132 -0.987025
    outer loop
      vertex 78.9016 4.21577e-015 18.9862
      vertex 73.6396 4.40585e-015 19.8422
      vertex 73.6456 1.08 19.8404
    endloop
  endfacet
  facet normal -0.152804 -0.000755849 -0.988256
    outer loop
      vertex 73.6396 4.40585e-015 19.8422
      vertex 68.3932 1.08 20.6525
      vertex 73.6456 1.08 19.8404
    endloop
  endfacet
  facet normal -0.152813 -0.000799631 -0.988255
    outer loop
      vertex 73.6396 4.40585e-015 19.8422
      vertex 68.3868 4.5862e-015 20.6544
      vertex 68.3932 1.08 20.6525
    endloop
  endfacet
  facet normal -0.144289 -0.000852054 -0.989535
    outer loop
      vertex 68.3868 4.5862e-015 20.6544
      vertex 63.1473 1.08 21.4175
      vertex 68.3932 1.08 20.6525
    endloop
  endfacet
  facet normal -0.144298 -0.000894892 -0.989534
    outer loop
      vertex 68.3868 4.5862e-015 20.6544
      vertex 63.1407 4.75607e-015 21.4194
      vertex 63.1473 1.08 21.4175
    endloop
  endfacet
  facet normal -0.1353 -0.000952637 -0.990804
    outer loop
      vertex 63.1407 4.75607e-015 21.4194
      vertex 57.905 1.08 22.1333
      vertex 63.1473 1.08 21.4175
    endloop
  endfacet
  facet normal -0.135308 -0.000989281 -0.990803
    outer loop
      vertex 63.1407 4.75607e-015 21.4194
      vertex 57.8981 4.91504e-015 22.1354
      vertex 57.905 1.08 22.1333
    endloop
  endfacet
  facet normal -0.12595 -0.00105182 -0.992036
    outer loop
      vertex 55.273 0.541617 22.4681
      vertex 57.905 1.08 22.1333
      vertex 57.8981 4.91504e-015 22.1354
    endloop
  endfacet
  facet normal -0.12595 -0.00105196 -0.992036
    outer loop
      vertex 57.905 1.08 22.1333
      vertex 55.273 0.541617 22.4681
      vertex 55.2691 1.08 22.468
    endloop
  endfacet
  facet normal -0.125958 -0.00108909 -0.992035
    outer loop
      vertex 55.2771 4.98893e-015 22.4681
      vertex 55.273 0.541617 22.4681
      vertex 57.8981 4.91504e-015 22.1354
    endloop
  endfacet
  facet normal -0.167454 -0.00130048 -0.985879
    outer loop
      vertex 84.0871 1.09902 18.1046
      vertex 78.9204 2.16 18.9807
      vertex 84.0789 2.16 18.1046
    endloop
  endfacet
  facet normal -0.167475 -0.00134357 -0.985875
    outer loop
      vertex 78.9074 1.08 18.9845
      vertex 84.0871 1.09902 18.1046
      vertex 84.0872 1.08 18.1046
    endloop
  endfacet
  facet normal -0.167475 -0.00140532 -0.985875
    outer loop
      vertex 84.0871 1.09902 18.1046
      vertex 78.9074 1.08 18.9845
      vertex 78.9204 2.16 18.9807
    endloop
  endfacet
  facet normal -0.160537 -0.00149284 -0.987029
    outer loop
      vertex 78.9074 1.08 18.9845
      vertex 73.6593 2.16 19.8364
      vertex 78.9204 2.16 18.9807
    endloop
  endfacet
  facet normal -0.160557 -0.00159489 -0.987025
    outer loop
      vertex 78.9074 1.08 18.9845
      vertex 73.6456 1.08 19.8404
      vertex 73.6593 2.16 19.8364
    endloop
  endfacet
  facet normal -0.152785 -0.00169765 -0.988258
    outer loop
      vertex 73.6456 1.08 19.8404
      vertex 68.4075 2.16 20.6484
      vertex 73.6593 2.16 19.8364
    endloop
  endfacet
  facet normal -0.152804 -0.0017948 -0.988255
    outer loop
      vertex 73.6456 1.08 19.8404
      vertex 68.3932 1.08 20.6525
      vertex 68.4075 2.16 20.6484
    endloop
  endfacet
  facet normal -0.14427 -0.00191278 -0.989536
    outer loop
      vertex 68.3932 1.08 20.6525
      vertex 63.1623 2.16 21.4131
      vertex 68.4075 2.16 20.6484
    endloop
  endfacet
  facet normal -0.144289 -0.00200363 -0.989534
    outer loop
      vertex 68.3932 1.08 20.6525
      vertex 63.1473 1.08 21.4175
      vertex 63.1623 2.16 21.4131
    endloop
  endfacet
  facet normal -0.135282 -0.00213351 -0.990805
    outer loop
      vertex 63.1473 1.08 21.4175
      vertex 57.9207 2.16 22.1288
      vertex 63.1623 2.16 21.4131
    endloop
  endfacet
  facet normal -0.1353 -0.00222174 -0.990802
    outer loop
      vertex 63.1473 1.08 21.4175
      vertex 57.905 1.08 22.1333
      vertex 57.9207 2.16 22.1288
    endloop
  endfacet
  facet normal -0.125934 -0.00236229 -0.992036
    outer loop
      vertex 55.2597 1.62676 22.4678
      vertex 57.9207 2.16 22.1288
      vertex 57.905 1.08 22.1333
    endloop
  endfacet
  facet normal -0.125933 -0.00236492 -0.992036
    outer loop
      vertex 57.9207 2.16 22.1288
      vertex 55.2597 1.62676 22.4678
      vertex 55.2509 2.16 22.4677
    endloop
  endfacet
  facet normal -0.12595 -0.00244267 -0.992034
    outer loop
      vertex 55.2691 1.08 22.468
      vertex 55.2597 1.62676 22.4678
      vertex 57.905 1.08 22.1333
    endloop
  endfacet
  facet normal -0.167415 -0.00237412 -0.985884
    outer loop
      vertex 84.0785 2.18337 18.1046
      vertex 78.9441 3.24 18.9739
      vertex 84.0635 3.24 18.1046
    endloop
  endfacet
  facet normal -0.167454 -0.00256945 -0.985877
    outer loop
      vertex 78.9204 2.16 18.9807
      vertex 84.0785 2.18337 18.1046
      vertex 84.0789 2.16 18.1046
    endloop
  endfacet
  facet normal -0.167454 -0.00256703 -0.985877
    outer loop
      vertex 84.0785 2.18337 18.1046
      vertex 78.9204 2.16 18.9807
      vertex 78.9441 3.24 18.9739
    endloop
  endfacet
  facet normal -0.160499 -0.00272719 -0.987032
    outer loop
      vertex 78.9204 2.16 18.9807
      vertex 73.6842 3.24 19.8292
      vertex 78.9441 3.24 18.9739
    endloop
  endfacet
  facet normal -0.160536 -0.0029126 -0.987026
    outer loop
      vertex 78.9204 2.16 18.9807
      vertex 73.6593 2.16 19.8364
      vertex 73.6842 3.24 19.8292
    endloop
  endfacet
  facet normal -0.152748 -0.00310068 -0.98826
    outer loop
      vertex 73.6593 2.16 19.8364
      vertex 68.4336 3.24 20.6408
      vertex 73.6842 3.24 19.8292
    endloop
  endfacet
  facet normal -0.152784 -0.00327876 -0.988254
    outer loop
      vertex 73.6593 2.16 19.8364
      vertex 68.4075 2.16 20.6484
      vertex 68.4336 3.24 20.6408
    endloop
  endfacet
  facet normal -0.144236 -0.00349458 -0.989537
    outer loop
      vertex 68.4075 2.16 20.6484
      vertex 63.1896 3.24 21.4051
      vertex 68.4336 3.24 20.6408
    endloop
  endfacet
  facet normal -0.14427 -0.00366276 -0.989532
    outer loop
      vertex 68.4075 2.16 20.6484
      vertex 63.1623 2.16 21.4131
      vertex 63.1896 3.24 21.4051
    endloop
  endfacet
  facet normal -0.135249 -0.00390032 -0.990804
    outer loop
      vertex 63.1623 2.16 21.4131
      vertex 57.9492 3.24 22.1205
      vertex 63.1896 3.24 21.4051
    endloop
  endfacet
  facet normal -0.135282 -0.00405835 -0.990799
    outer loop
      vertex 63.1623 2.16 21.4131
      vertex 57.9207 2.16 22.1288
      vertex 57.9492 3.24 22.1205
    endloop
  endfacet
  facet normal -0.125902 -0.00431544 -0.992033
    outer loop
      vertex 55.2336 2.7169 22.4674
      vertex 57.9492 3.24 22.1205
      vertex 57.9207 2.16 22.1288
    endloop
  endfacet
  facet normal -0.125902 -0.0043146 -0.992033
    outer loop
      vertex 57.9492 3.24 22.1205
      vertex 55.2336 2.7169 22.4674
      vertex 55.2178 3.24 22.4671
    endloop
  endfacet
  facet normal -0.125932 -0.00446432 -0.992029
    outer loop
      vertex 55.2509 2.16 22.4677
      vertex 55.2336 2.7169 22.4674
      vertex 57.9207 2.16 22.1288
    endloop
  endfacet
  facet normal -0.167352 -0.00383164 -0.98589
    outer loop
      vertex 84.0627 3.27134 18.1046
      vertex 78.9824 4.32 18.9629
      vertex 84.0387 4.32 18.1046
    endloop
  endfacet
  facet normal -0.167414 -0.00415635 -0.985878
    outer loop
      vertex 78.9441 3.24 18.9739
      vertex 84.0627 3.27134 18.1046
      vertex 84.0635 3.24 18.1046
    endloop
  endfacet
  facet normal -0.167414 -0.00414368 -0.985878
    outer loop
      vertex 84.0627 3.27134 18.1046
      vertex 78.9441 3.24 18.9739
      vertex 78.9824 4.32 18.9629
    endloop
  endfacet
  facet normal -0.160438 -0.0044027 -0.987036
    outer loop
      vertex 78.9441 3.24 18.9739
      vertex 73.7244 4.32 19.8175
      vertex 78.9824 4.32 18.9629
    endloop
  endfacet
  facet normal -0.160498 -0.00470105 -0.987025
    outer loop
      vertex 78.9441 3.24 18.9739
      vertex 73.6842 3.24 19.8292
      vertex 73.7244 4.32 19.8175
    endloop
  endfacet
  facet normal -0.15269 -0.00500508 -0.988262
    outer loop
      vertex 73.6842 3.24 19.8292
      vertex 68.4757 4.32 20.6285
      vertex 73.7244 4.32 19.8175
    endloop
  endfacet
  facet normal -0.152747 -0.00528834 -0.988251
    outer loop
      vertex 73.6842 3.24 19.8292
      vertex 68.4336 3.24 20.6408
      vertex 68.4757 4.32 20.6285
    endloop
  endfacet
  facet normal -0.144179 -0.00563717 -0.989536
    outer loop
      vertex 68.4336 3.24 20.6408
      vertex 63.2337 4.32 21.3922
      vertex 68.4757 4.32 20.6285
    endloop
  endfacet
  facet normal -0.144234 -0.00590817 -0.989526
    outer loop
      vertex 68.4336 3.24 20.6408
      vertex 63.1896 3.24 21.4051
      vertex 63.2337 4.32 21.3922
    endloop
  endfacet
  facet normal -0.135196 -0.00629196 -0.990799
    outer loop
      vertex 63.1896 3.24 21.4051
      vertex 57.9951 4.32 22.1071
      vertex 63.2337 4.32 21.3922
    endloop
  endfacet
  facet normal -0.135248 -0.00654593 -0.99079
    outer loop
      vertex 63.1896 3.24 21.4051
      vertex 57.9492 3.24 22.1205
      vertex 57.9951 4.32 22.1071
    endloop
  endfacet
  facet normal -0.125851 -0.00696122 -0.992025
    outer loop
      vertex 55.189 3.81419 22.4666
      vertex 57.9951 4.32 22.1071
      vertex 57.9492 3.24 22.1205
    endloop
  endfacet
  facet normal -0.125851 -0.00696079 -0.992025
    outer loop
      vertex 57.9951 4.32 22.1071
      vertex 55.189 3.81419 22.4666
      vertex 55.1644 4.32 22.4662
    endloop
  endfacet
  facet normal -0.1259 -0.0072009 -0.992017
    outer loop
      vertex 55.2178 3.24 22.4671
      vertex 55.189 3.81419 22.4666
      vertex 57.9492 3.24 22.1205
    endloop
  endfacet
  facet normal -0.167258 -0.00568985 -0.985897
    outer loop
      vertex 84.0371 4.36431 18.1046
      vertex 79.0392 5.4 18.9465
      vertex 84.0019 5.4 18.1046
    endloop
  endfacet
  facet normal -0.16735 -0.00613731 -0.985878
    outer loop
      vertex 78.9824 4.32 18.9629
      vertex 84.0371 4.36431 18.1046
      vertex 84.0387 4.32 18.1046
    endloop
  endfacet
  facet normal -0.16735 -0.00614955 -0.985878
    outer loop
      vertex 84.0371 4.36431 18.1046
      vertex 78.9824 4.32 18.9629
      vertex 79.0392 5.4 18.9465
    endloop
  endfacet
  facet normal -0.160347 -0.00653545 -0.987039
    outer loop
      vertex 78.9824 4.32 18.9629
      vertex 73.7841 5.4 19.8002
      vertex 79.0392 5.4 18.9465
    endloop
  endfacet
  facet normal -0.160436 -0.00697707 -0.987022
    outer loop
      vertex 78.9824 4.32 18.9629
      vertex 73.7244 4.32 19.8175
      vertex 73.7841 5.4 19.8002
    endloop
  endfacet
  facet normal -0.152601 -0.00742974 -0.98826
    outer loop
      vertex 73.7244 4.32 19.8175
      vertex 68.5382 5.4 20.6102
      vertex 73.7841 5.4 19.8002
    endloop
  endfacet
  facet normal -0.152687 -0.00785212 -0.988243
    outer loop
      vertex 73.7244 4.32 19.8175
      vertex 68.4757 4.32 20.6285
      vertex 68.5382 5.4 20.6102
    endloop
  endfacet
  facet normal -0.144095 -0.00837115 -0.989528
    outer loop
      vertex 68.4757 4.32 20.6285
      vertex 63.299 5.4 21.3732
      vertex 68.5382 5.4 20.6102
    endloop
  endfacet
  facet normal -0.144176 -0.00876994 -0.989513
    outer loop
      vertex 68.4757 4.32 20.6285
      vertex 63.2337 4.32 21.3922
      vertex 63.299 5.4 21.3732
    endloop
  endfacet
  facet normal -0.135115 -0.00934086 -0.990786
    outer loop
      vertex 63.2337 4.32 21.3922
      vertex 58.0633 5.4 22.0872
      vertex 63.299 5.4 21.3732
    endloop
  endfacet
  facet normal -0.135192 -0.00971938 -0.990772
    outer loop
      vertex 63.2337 4.32 21.3922
      vertex 57.9951 4.32 22.1071
      vertex 58.0633 5.4 22.0872
    endloop
  endfacet
  facet normal -0.125775 -0.010337 -0.992005
    outer loop
      vertex 55.1195 4.92111 22.4654
      vertex 58.0633 5.4 22.0872
      vertex 57.9951 4.32 22.1071
    endloop
  endfacet
  facet normal -0.125775 -0.0103376 -0.992005
    outer loop
      vertex 58.0633 5.4 22.0872
      vertex 55.1195 4.92111 22.4654
      vertex 55.0849 5.4 22.4648
    endloop
  endfacet
  facet normal -0.125847 -0.0106896 -0.991992
    outer loop
      vertex 55.1644 4.32 22.4662
      vertex 55.1195 4.92111 22.4654
      vertex 57.9951 4.32 22.1071
    endloop
  endfacet
  facet normal -0.167126 -0.00796495 -0.985903
    outer loop
      vertex 83.9986 5.46378 18.1046
      vertex 79.1186 6.48 18.9236
      vertex 83.9501 6.48 18.1046
    endloop
  endfacet
  facet normal -0.167254 -0.00862285 -0.985876
    outer loop
      vertex 79.0392 5.4 18.9465
      vertex 83.9986 5.46378 18.1046
      vertex 84.0019 5.4 18.1046
    endloop
  endfacet
  facet normal -0.167254 -0.00860481 -0.985876
    outer loop
      vertex 83.9986 5.46378 18.1046
      vertex 79.0392 5.4 18.9465
      vertex 79.1186 6.48 18.9236
    endloop
  endfacet
  facet normal -0.160219 -0.00914676 -0.987039
    outer loop
      vertex 79.0392 5.4 18.9465
      vertex 73.8675 6.48 19.776
      vertex 79.1186 6.48 18.9236
    endloop
  endfacet
  facet normal -0.160343 -0.00976026 -0.987013
    outer loop
      vertex 79.0392 5.4 18.9465
      vertex 73.7841 5.4 19.8002
      vertex 73.8675 6.48 19.776
    endloop
  endfacet
  facet normal -0.152477 -0.0103955 -0.988252
    outer loop
      vertex 73.7841 5.4 19.8002
      vertex 68.6256 6.48 20.5847
      vertex 73.8675 6.48 19.776
    endloop
  endfacet
  facet normal -0.152596 -0.0109815 -0.988228
    outer loop
      vertex 73.7841 5.4 19.8002
      vertex 68.5382 5.4 20.6102
      vertex 68.6256 6.48 20.5847
    endloop
  endfacet
  facet normal -0.143975 -0.0117095 -0.989512
    outer loop
      vertex 68.5382 5.4 20.6102
      vertex 63.3904 6.48 21.3465
      vertex 68.6256 6.48 20.5847
    endloop
  endfacet
  facet normal -0.144089 -0.0122676 -0.989489
    outer loop
      vertex 68.5382 5.4 20.6102
      vertex 63.299 5.4 21.3732
      vertex 63.3904 6.48 21.3465
    endloop
  endfacet
  facet normal -0.135002 -0.0130679 -0.990759
    outer loop
      vertex 63.299 5.4 21.3732
      vertex 58.1587 6.48 22.0593
      vertex 63.3904 6.48 21.3465
    endloop
  endfacet
  facet normal -0.135109 -0.0135907 -0.990738
    outer loop
      vertex 63.299 5.4 21.3732
      vertex 58.0633 5.4 22.0872
      vertex 58.1587 6.48 22.0593
    endloop
  endfacet
  facet normal -0.125667 -0.0144561 -0.991967
    outer loop
      vertex 55.018 6.04045 22.4636
      vertex 58.1587 6.48 22.0593
      vertex 58.0633 5.4 22.0872
    endloop
  endfacet
  facet normal -0.125666 -0.0144586 -0.991967
    outer loop
      vertex 58.1587 6.48 22.0593
      vertex 55.018 6.04045 22.4636
      vertex 54.9735 6.48 22.4628
    endloop
  endfacet
  facet normal -0.125768 -0.0149481 -0.991947
    outer loop
      vertex 55.0849 5.4 22.4648
      vertex 55.018 6.04045 22.4636
      vertex 58.0633 5.4 22.0872
    endloop
  endfacet
  facet normal -0.166948 -0.0106604 -0.985908
    outer loop
      vertex 83.9439 6.57142 18.1046
      vertex 79.2247 7.56 18.893
      vertex 83.8807 7.56 18.1046
    endloop
  endfacet
  facet normal -0.16712 -0.0115061 -0.985869
    outer loop
      vertex 79.1186 6.48 18.9236
      vertex 83.9439 6.57142 18.1046
      vertex 83.9501 6.48 18.1046
    endloop
  endfacet
  facet normal -0.16712 -0.011512 -0.985869
    outer loop
      vertex 83.9439 6.57142 18.1046
      vertex 79.1186 6.48 18.9236
      vertex 79.2247 7.56 18.893
    endloop
  endfacet
  facet normal -0.160046 -0.01224 -0.987034
    outer loop
      vertex 79.1186 6.48 18.9236
      vertex 73.979 7.56 19.7436
      vertex 79.2247 7.56 18.893
    endloop
  endfacet
  facet normal -0.160212 -0.0130584 -0.986996
    outer loop
      vertex 79.1186 6.48 18.9236
      vertex 73.8675 6.48 19.776
      vertex 73.979 7.56 19.7436
    endloop
  endfacet
  facet normal -0.15231 -0.0139111 -0.988235
    outer loop
      vertex 73.8675 6.48 19.776
      vertex 68.7424 7.56 20.5506
      vertex 73.979 7.56 19.7436
    endloop
  endfacet
  facet normal -0.152469 -0.0146922 -0.988199
    outer loop
      vertex 73.8675 6.48 19.776
      vertex 68.6256 6.48 20.5847
      vertex 68.7424 7.56 20.5506
    endloop
  endfacet
  facet normal -0.143815 -0.0156685 -0.989481
    outer loop
      vertex 68.6256 6.48 20.5847
      vertex 63.5125 7.56 21.3108
      vertex 68.7424 7.56 20.5506
    endloop
  endfacet
  facet normal -0.143966 -0.0164046 -0.989447
    outer loop
      vertex 68.6256 6.48 20.5847
      vertex 63.3904 6.48 21.3465
      vertex 63.5125 7.56 21.3108
    endloop
  endfacet
  facet normal -0.134847 -0.0174775 -0.990712
    outer loop
      vertex 63.3904 6.48 21.3465
      vertex 58.2862 7.56 22.0221
      vertex 63.5125 7.56 21.3108
    endloop
  endfacet
  facet normal -0.134991 -0.0181772 -0.99068
    outer loop
      vertex 63.3904 6.48 21.3465
      vertex 58.1587 6.48 22.0593
      vertex 58.2862 7.56 22.0221
    endloop
  endfacet
  facet normal -0.12552 -0.0193369 -0.991903
    outer loop
      vertex 54.8763 7.17536 22.4611
      vertex 58.2862 7.56 22.0221
      vertex 58.1587 6.48 22.0593
    endloop
  endfacet
  facet normal -0.12552 -0.0193373 -0.991903
    outer loop
      vertex 58.2862 7.56 22.0221
      vertex 54.8763 7.17536 22.4611
      vertex 54.8242 7.56 22.4602
    endloop
  endfacet
  facet normal -0.125654 -0.0199876 -0.991873
    outer loop
      vertex 54.9735 6.48 22.4628
      vertex 54.8763 7.17536 22.4611
      vertex 58.1587 6.48 22.0593
    endloop
  endfacet
  facet normal -0.166717 -0.0137784 -0.985909
    outer loop
      vertex 83.8692 7.68906 18.1046
      vertex 79.3616 8.64 18.8535
      vertex 83.7906 8.64 18.1046
    endloop
  endfacet
  facet normal -0.166939 -0.0148715 -0.985855
    outer loop
      vertex 79.2247 7.56 18.893
      vertex 83.8692 7.68906 18.1046
      vertex 83.8807 7.56 18.1046
    endloop
  endfacet
  facet normal -0.166939 -0.0148734 -0.985855
    outer loop
      vertex 83.8692 7.68906 18.1046
      vertex 79.2247 7.56 18.893
      vertex 79.3616 8.64 18.8535
    endloop
  endfacet
  facet normal -0.159821 -0.0158179 -0.987019
    outer loop
      vertex 79.2247 7.56 18.893
      vertex 74.1227 8.64 19.7018
      vertex 79.3616 8.64 18.8535
    endloop
  endfacet
  facet normal -0.160035 -0.0168662 -0.986967
    outer loop
      vertex 79.2247 7.56 18.893
      vertex 73.979 7.56 19.7436
      vertex 74.1227 8.64 19.7018
    endloop
  endfacet
  facet normal -0.152093 -0.0179713 -0.988203
    outer loop
      vertex 73.979 7.56 19.7436
      vertex 68.8931 8.64 20.5067
      vertex 74.1227 8.64 19.7018
    endloop
  endfacet
  facet normal -0.152297 -0.0189699 -0.988153
    outer loop
      vertex 73.979 7.56 19.7436
      vertex 68.7424 7.56 20.5506
      vertex 68.8931 8.64 20.5067
    endloop
  endfacet
  facet normal -0.143605 -0.0202343 -0.989428
    outer loop
      vertex 68.7424 7.56 20.5506
      vertex 63.6701 8.64 21.2648
      vertex 68.8931 8.64 20.5067
    endloop
  endfacet
  facet normal -0.143801 -0.0211832 -0.98938
    outer loop
      vertex 68.7424 7.56 20.5506
      vertex 63.5125 7.56 21.3108
      vertex 63.6701 8.64 21.2648
    endloop
  endfacet
  facet normal -0.134646 -0.022572 -0.990637
    outer loop
      vertex 63.5125 7.56 21.3108
      vertex 58.4506 8.64 21.9742
      vertex 63.6701 8.64 21.2648
    endloop
  endfacet
  facet normal -0.13483 -0.0234651 -0.990591
    outer loop
      vertex 63.5125 7.56 21.3108
      vertex 58.2862 7.56 22.0221
      vertex 58.4506 8.64 21.9742
    endloop
  endfacet
  facet normal -0.125328 -0.0249652 -0.991801
    outer loop
      vertex 54.6852 8.32945 22.4578
      vertex 58.4506 8.64 21.9742
      vertex 58.2862 7.56 22.0221
    endloop
  endfacet
  facet normal -0.125328 -0.0249686 -0.991801
    outer loop
      vertex 58.4506 8.64 21.9742
      vertex 54.6852 8.32945 22.4578
      vertex 54.6309 8.64 22.4569
    endloop
  endfacet
  facet normal -0.125502 -0.0258024 -0.991758
    outer loop
      vertex 54.8242 7.56 22.4602
      vertex 54.6852 8.32945 22.4578
      vertex 58.2862 7.56 22.0221
    endloop
  endfacet
  facet normal -0.166425 -0.017316 -0.985902
    outer loop
      vertex 83.7706 8.81874 18.1046
      vertex 79.5332 9.72 18.804
      vertex 83.6768 9.72 18.1046
    endloop
  endfacet
  facet normal -0.166703 -0.0186785 -0.98583
    outer loop
      vertex 79.3616 8.64 18.8535
      vertex 83.7706 8.81874 18.1046
      vertex 83.7906 8.64 18.1046
    endloop
  endfacet
  facet normal -0.166703 -0.0186787 -0.98583
    outer loop
      vertex 83.7706 8.81874 18.1046
      vertex 79.3616 8.64 18.8535
      vertex 79.5332 9.72 18.804
    endloop
  endfacet
  facet normal -0.159538 -0.0198703 -0.986992
    outer loop
      vertex 79.3616 8.64 18.8535
      vertex 74.3029 9.72 19.6495
      vertex 79.5332 9.72 18.804
    endloop
  endfacet
  facet normal -0.159806 -0.0211774 -0.986921
    outer loop
      vertex 79.3616 8.64 18.8535
      vertex 74.1227 8.64 19.7018
      vertex 74.3029 9.72 19.6495
    endloop
  endfacet
  facet normal -0.151817 -0.02257 -0.988151
    outer loop
      vertex 74.1227 8.64 19.7018
      vertex 69.0819 9.72 20.4516
      vertex 74.3029 9.72 19.6495
    endloop
  endfacet
  facet normal -0.152074 -0.0238174 -0.988082
    outer loop
      vertex 74.1227 8.64 19.7018
      vertex 68.8931 8.64 20.5067
      vertex 69.0819 9.72 20.4516
    endloop
  endfacet
  facet normal -0.14334 -0.0254092 -0.989347
    outer loop
      vertex 68.8931 8.64 20.5067
      vertex 63.8675 9.72 21.2071
      vertex 69.0819 9.72 20.4516
    endloop
  endfacet
  facet normal -0.143584 -0.0265883 -0.989281
    outer loop
      vertex 68.8931 8.64 20.5067
      vertex 63.6701 8.64 21.2648
      vertex 63.8675 9.72 21.2071
    endloop
  endfacet
  facet normal -0.134391 -0.0283355 -0.990523
    outer loop
      vertex 63.6701 8.64 21.2648
      vertex 58.6566 9.72 21.9141
      vertex 63.8675 9.72 21.2071
    endloop
  endfacet
  facet normal -0.134622 -0.0294452 -0.990459
    outer loop
      vertex 63.6701 8.64 21.2648
      vertex 58.4506 8.64 21.9742
      vertex 58.6566 9.72 21.9141
    endloop
  endfacet
  facet normal -0.125083 -0.0313315 -0.991651
    outer loop
      vertex 54.4341 9.50687 22.4534
      vertex 58.6566 9.72 21.9141
      vertex 58.4506 8.64 21.9742
    endloop
  endfacet
  facet normal -0.125083 -0.0313312 -0.991651
    outer loop
      vertex 58.6566 9.72 21.9141
      vertex 54.4341 9.50687 22.4534
      vertex 54.3872 9.72 22.4526
    endloop
  endfacet
  facet normal -0.125301 -0.0323746 -0.99159
    outer loop
      vertex 54.6309 8.64 22.4569
      vertex 54.4341 9.50687 22.4534
      vertex 58.4506 8.64 21.9742
    endloop
  endfacet
  facet normal -0.166066 -0.0212616 -0.985885
    outer loop
      vertex 83.6434 9.9627 18.1046
      vertex 79.7432 10.8 18.7435
      vertex 83.5362 10.8 18.1046
    endloop
  endfacet
  facet normal -0.166407 -0.0229228 -0.985791
    outer loop
      vertex 79.5332 9.72 18.804
      vertex 83.6434 9.9627 18.1046
      vertex 83.6768 9.72 18.1046
    endloop
  endfacet
  facet normal -0.166407 -0.0229207 -0.985791
    outer loop
      vertex 83.6434 9.9627 18.1046
      vertex 79.5332 9.72 18.804
      vertex 79.7432 10.8 18.7435
    endloop
  endfacet
  facet normal -0.159187 -0.0243897 -0.986947
    outer loop
      vertex 79.5332 9.72 18.804
      vertex 74.5236 10.8 19.5854
      vertex 79.7432 10.8 18.7435
    endloop
  endfacet
  facet normal -0.159515 -0.0259796 -0.986854
    outer loop
      vertex 79.5332 9.72 18.804
      vertex 74.3029 9.72 19.6495
      vertex 74.5236 10.8 19.5854
    endloop
  endfacet
  facet normal -0.151477 -0.027694 -0.988073
    outer loop
      vertex 74.3029 9.72 19.6495
      vertex 69.3131 10.8 20.3841
      vertex 74.5236 10.8 19.5854
    endloop
  endfacet
  facet normal -0.151791 -0.0292084 -0.987981
    outer loop
      vertex 74.3029 9.72 19.6495
      vertex 69.0819 9.72 20.4516
      vertex 69.3131 10.8 20.3841
    endloop
  endfacet
  facet normal -0.143011 -0.031166 -0.98923
    outer loop
      vertex 69.0819 9.72 20.4516
      vertex 64.1093 10.8 21.1365
      vertex 69.3131 10.8 20.3841
    endloop
  endfacet
  facet normal -0.14331 -0.0326005 -0.989141
    outer loop
      vertex 69.0819 9.72 20.4516
      vertex 63.8675 9.72 21.2071
      vertex 64.1093 10.8 21.1365
    endloop
  endfacet
  facet normal -0.134074 -0.0347476 -0.990362
    outer loop
      vertex 63.8675 9.72 21.2071
      vertex 58.9089 10.8 21.8405
      vertex 64.1093 10.8 21.1365
    endloop
  endfacet
  facet normal -0.134357 -0.0360995 -0.990275
    outer loop
      vertex 63.8675 9.72 21.2071
      vertex 58.6566 9.72 21.9141
      vertex 58.9089 10.8 21.8405
    endloop
  endfacet
  facet normal -0.124781 -0.0384158 -0.99144
    outer loop
      vertex 54.1106 10.7124 22.4478
      vertex 58.9089 10.8 21.8405
      vertex 58.6566 9.72 21.9141
    endloop
  endfacet
  facet normal -0.124781 -0.0384221 -0.99144
    outer loop
      vertex 58.9089 10.8 21.8405
      vertex 54.1106 10.7124 22.4478
      vertex 54.0869 10.8 22.4474
    endloop
  endfacet
  facet normal -0.125046 -0.0396766 -0.991357
    outer loop
      vertex 54.3872 9.72 22.4526
      vertex 54.1106 10.7124 22.4478
      vertex 58.6566 9.72 21.9141
    endloop
  endfacet
  facet normal -0.165632 -0.0256073 -0.985855
    outer loop
      vertex 83.4825 11.1234 18.1046
      vertex 79.9953 11.88 18.6708
      vertex 83.3655 11.88 18.1046
    endloop
  endfacet
  facet normal -0.16604 -0.0275881 -0.985733
    outer loop
      vertex 79.7432 10.8 18.7435
      vertex 83.4825 11.1234 18.1046
      vertex 83.5362 10.8 18.1046
    endloop
  endfacet
  facet normal -0.166041 -0.0275849 -0.985733
    outer loop
      vertex 83.4825 11.1234 18.1046
      vertex 79.7432 10.8 18.7435
      vertex 79.9953 11.88 18.6708
    endloop
  endfacet
  facet normal -0.158762 -0.0293606 -0.98688
    outer loop
      vertex 79.7432 10.8 18.7435
      vertex 74.7883 11.88 19.5084
      vertex 79.9953 11.88 18.6708
    endloop
  endfacet
  facet normal -0.159157 -0.0312554 -0.986758
    outer loop
      vertex 79.7432 10.8 18.7435
      vertex 74.5236 10.8 19.5854
      vertex 74.7883 11.88 19.5084
    endloop
  endfacet
  facet normal -0.151064 -0.0333248 -0.987962
    outer loop
      vertex 74.5236 10.8 19.5854
      vertex 69.5905 11.88 20.3032
      vertex 74.7883 11.88 19.5084
    endloop
  endfacet
  facet normal -0.151441 -0.0351289 -0.987842
    outer loop
      vertex 74.5236 10.8 19.5854
      vertex 69.3131 10.8 20.3841
      vertex 69.5905 11.88 20.3032
    endloop
  endfacet
  facet normal -0.142611 -0.0374889 -0.989069
    outer loop
      vertex 69.3131 10.8 20.3841
      vertex 64.3993 11.88 21.0517
      vertex 69.5905 11.88 20.3032
    endloop
  endfacet
  facet normal -0.14297 -0.0391949 -0.988951
    outer loop
      vertex 69.3131 10.8 20.3841
      vertex 64.1093 10.8 21.1365
      vertex 64.3993 11.88 21.0517
    endloop
  endfacet
  facet normal -0.13369 -0.0417809 -0.990142
    outer loop
      vertex 64.1093 10.8 21.1365
      vertex 59.2116 11.88 21.7522
      vertex 64.3993 11.88 21.0517
    endloop
  endfacet
  facet normal -0.134029 -0.0433845 -0.990027
    outer loop
      vertex 64.1093 10.8 21.1365
      vertex 58.9089 10.8 21.8405
      vertex 59.2116 11.88 21.7522
    endloop
  endfacet
  facet normal -0.124411 -0.0461724 -0.991156
    outer loop
      vertex 58.9089 10.8 21.8405
      vertex 54.0247 11.88 22.4032
      vertex 59.2116 11.88 21.7522
    endloop
  endfacet
  facet normal -0.124731 -0.0476758 -0.991045
    outer loop
      vertex 54.0869 10.8 22.4474
      vertex 54.0247 11.88 22.4032
      vertex 58.9089 10.8 21.8405
    endloop
  endfacet
  facet normal -0.124735 -0.047676 -0.991044
    outer loop
      vertex 54.0247 11.88 22.4032
      vertex 54.0869 10.8 22.4474
      vertex 53.885 11.4014 22.4438
    endloop
  endfacet
  facet normal -0.114841 -0.0506536 -0.992092
    outer loop
      vertex 53.885 11.4014 22.4438
      vertex 53.7016 11.88 22.4406
      vertex 54.0247 11.88 22.4032
    endloop
  endfacet
  facet normal -0.165114 -0.0303355 -0.985808
    outer loop
      vertex 83.2819 12.3038 18.1046
      vertex 80.2925 12.96 18.5851
      vertex 83.1614 12.96 18.1046
    endloop
  endfacet
  facet normal -0.165597 -0.0326521 -0.985653
    outer loop
      vertex 79.9953 11.88 18.6708
      vertex 83.2819 12.3038 18.1046
      vertex 83.3655 11.88 18.1046
    endloop
  endfacet
  facet normal -0.165597 -0.0326531 -0.985653
    outer loop
      vertex 83.2819 12.3038 18.1046
      vertex 79.9953 11.88 18.6708
      vertex 80.2925 12.96 18.5851
    endloop
  endfacet
  facet normal -0.158257 -0.0347634 -0.986786
    outer loop
      vertex 79.9953 11.88 18.6708
      vertex 75.1005 12.96 19.4177
      vertex 80.2925 12.96 18.5851
    endloop
  endfacet
  facet normal -0.158722 -0.0369802 -0.98663
    outer loop
      vertex 79.9953 11.88 18.6708
      vertex 74.7883 11.88 19.5084
      vertex 75.1005 12.96 19.4177
    endloop
  endfacet
  facet normal -0.150572 -0.0394357 -0.987812
    outer loop
      vertex 74.7883 11.88 19.5084
      vertex 69.9177 12.96 20.2078
      vertex 75.1005 12.96 19.4177
    endloop
  endfacet
  facet normal -0.151017 -0.0415438 -0.987658
    outer loop
      vertex 74.7883 11.88 19.5084
      vertex 69.5905 11.88 20.3032
      vertex 69.9177 12.96 20.2078
    endloop
  endfacet
  facet normal -0.142135 -0.0443405 -0.988854
    outer loop
      vertex 69.5905 11.88 20.3032
      vertex 64.7414 12.96 20.9518
      vertex 69.9177 12.96 20.2078
    endloop
  endfacet
  facet normal -0.142558 -0.046334 -0.988701
    outer loop
      vertex 69.5905 11.88 20.3032
      vertex 64.3993 11.88 21.0517
      vertex 64.7414 12.96 20.9518
    endloop
  endfacet
  facet normal -0.13323 -0.0493956 -0.989854
    outer loop
      vertex 64.3993 11.88 21.0517
      vertex 59.5686 12.96 21.648
      vertex 64.7414 12.96 20.9518
    endloop
  endfacet
  facet normal -0.13363 -0.0512708 -0.989704
    outer loop
      vertex 64.3993 11.88 21.0517
      vertex 59.2116 11.88 21.7522
      vertex 59.5686 12.96 21.648
    endloop
  endfacet
  facet normal -0.123969 -0.0545686 -0.990784
    outer loop
      vertex 59.2116 11.88 21.7522
      vertex 54.3966 12.96 22.2951
      vertex 59.5686 12.96 21.648
    endloop
  endfacet
  facet normal -0.124346 -0.0563224 -0.990639
    outer loop
      vertex 59.2116 11.88 21.7522
      vertex 54.0247 11.88 22.4032
      vertex 54.3966 12.96 22.2951
    endloop
  endfacet
  facet normal -0.114419 -0.0598401 -0.991629
    outer loop
      vertex 53.6638 11.9612 22.44
      vertex 54.3966 12.96 22.2951
      vertex 54.0247 11.88 22.4032
    endloop
  endfacet
  facet normal -0.11442 -0.0598398 -0.991629
    outer loop
      vertex 54.3966 12.96 22.2951
      vertex 53.6638 11.9612 22.44
      vertex 53.2101 12.96 22.4321
    endloop
  endfacet
  facet normal -0.114772 -0.0614694 -0.991488
    outer loop
      vertex 53.7016 11.88 22.4406
      vertex 53.6638 11.9612 22.44
      vertex 54.0247 11.88 22.4032
    endloop
  endfacet
  facet normal -0.164506 -0.0354239 -0.98574
    outer loop
      vertex 83.0351 13.5069 18.1046
      vertex 80.6379 14.04 18.4855
      vertex 82.9204 14.04 18.1046
    endloop
  endfacet
  facet normal -0.16507 -0.0380957 -0.985546
    outer loop
      vertex 80.2925 12.96 18.5851
      vertex 83.0351 13.5069 18.1046
      vertex 83.1614 12.96 18.1046
    endloop
  endfacet
  facet normal -0.16507 -0.0380965 -0.985546
    outer loop
      vertex 83.0351 13.5069 18.1046
      vertex 80.2925 12.96 18.5851
      vertex 80.6379 14.04 18.4855
    endloop
  endfacet
  facet normal -0.157663 -0.0405677 -0.986659
    outer loop
      vertex 80.2925 12.96 18.5851
      vertex 75.4633 14.04 19.3123
      vertex 80.6379 14.04 18.4855
    endloop
  endfacet
  facet normal -0.158205 -0.0431227 -0.986464
    outer loop
      vertex 80.2925 12.96 18.5851
      vertex 75.1005 12.96 19.4177
      vertex 75.4633 14.04 19.3123
    endloop
  endfacet
  facet normal -0.149994 -0.0459934 -0.987617
    outer loop
      vertex 75.1005 12.96 19.4177
      vertex 70.2978 14.04 20.0969
      vertex 75.4633 14.04 19.3123
    endloop
  endfacet
  facet normal -0.150513 -0.0484223 -0.987422
    outer loop
      vertex 75.1005 12.96 19.4177
      vertex 69.9177 12.96 20.2078
      vertex 70.2978 14.04 20.0969
    endloop
  endfacet
  facet normal -0.141574 -0.0516874 -0.988577
    outer loop
      vertex 69.9177 12.96 20.2078
      vertex 65.1389 14.04 20.8357
      vertex 70.2978 14.04 20.0969
    endloop
  endfacet
  facet normal -0.142067 -0.0539832 -0.988384
    outer loop
      vertex 69.9177 12.96 20.2078
      vertex 64.7414 12.96 20.9518
      vertex 65.1389 14.04 20.8357
    endloop
  endfacet
  facet normal -0.132688 -0.0575536 -0.989485
    outer loop
      vertex 64.7414 12.96 20.9518
      vertex 59.9834 14.04 21.527
      vertex 65.1389 14.04 20.8357
    endloop
  endfacet
  facet normal -0.133154 -0.059709 -0.989295
    outer loop
      vertex 64.7414 12.96 20.9518
      vertex 59.5686 12.96 21.648
      vertex 59.9834 14.04 21.527
    endloop
  endfacet
  facet normal -0.123449 -0.063551 -0.990314
    outer loop
      vertex 59.5686 12.96 21.648
      vertex 54.8288 14.04 22.1696
      vertex 59.9834 14.04 21.527
    endloop
  endfacet
  facet normal -0.123887 -0.0655648 -0.990128
    outer loop
      vertex 59.5686 12.96 21.648
      vertex 54.3966 12.96 22.2951
      vertex 54.8288 14.04 22.1696
    endloop
  endfacet
  facet normal -0.113922 -0.0696587 -0.991045
    outer loop
      vertex 53.0416 13.2699 22.4291
      vertex 54.8288 14.04 22.1696
      vertex 54.3966 12.96 22.2951
    endloop
  endfacet
  facet normal -0.113922 -0.069659 -0.991045
    outer loop
      vertex 54.8288 14.04 22.1696
      vertex 53.0416 13.2699 22.4291
      vertex 52.6328 14.04 22.422
    endloop
  endfacet
  facet normal -0.114331 -0.0715263 -0.990864
    outer loop
      vertex 53.2101 12.96 22.4321
      vertex 53.0416 13.2699 22.4291
      vertex 54.3966 12.96 22.2951
    endloop
  endfacet
  facet normal -0.163803 -0.0408537 -0.985647
    outer loop
      vertex 82.7345 14.7365 18.1046
      vertex 81.0339 15.12 18.3713
      vertex 82.6388 15.12 18.1046
    endloop
  endfacet
  facet normal -0.164451 -0.0438929 -0.985408
    outer loop
      vertex 80.6379 14.04 18.4855
      vertex 82.7345 14.7365 18.1046
      vertex 82.9204 14.04 18.1046
    endloop
  endfacet
  facet normal -0.164451 -0.0438928 -0.985408
    outer loop
      vertex 82.7345 14.7365 18.1046
      vertex 80.6379 14.04 18.4855
      vertex 81.0339 15.12 18.3713
    endloop
  endfacet
  facet normal -0.156975 -0.046749 -0.986496
    outer loop
      vertex 80.6379 14.04 18.4855
      vertex 75.8793 15.12 19.1915
      vertex 81.0339 15.12 18.3713
    endloop
  endfacet
  facet normal -0.157598 -0.0496553 -0.986254
    outer loop
      vertex 80.6379 14.04 18.4855
      vertex 75.4633 14.04 19.3123
      vertex 75.8793 15.12 19.1915
    endloop
  endfacet
  facet normal -0.149323 -0.0529672 -0.987369
    outer loop
      vertex 75.4633 14.04 19.3123
      vertex 70.7337 15.12 19.9697
      vertex 75.8793 15.12 19.1915
    endloop
  endfacet
  facet normal -0.14992 -0.0557255 -0.987127
    outer loop
      vertex 75.4633 14.04 19.3123
      vertex 70.2978 14.04 20.0969
      vertex 70.7337 15.12 19.9697
    endloop
  endfacet
  facet normal -0.140923 -0.0594867 -0.988232
    outer loop
      vertex 70.2978 14.04 20.0969
      vertex 65.5947 15.12 20.7025
      vertex 70.7337 15.12 19.9697
    endloop
  endfacet
  facet normal -0.14149 -0.0620913 -0.987991
    outer loop
      vertex 70.2978 14.04 20.0969
      vertex 65.1389 14.04 20.8357
      vertex 65.5947 15.12 20.7025
    endloop
  endfacet
  facet normal -0.132059 -0.066199 -0.989029
    outer loop
      vertex 65.1389 14.04 20.8357
      vertex 60.459 15.12 21.3882
      vertex 65.5947 15.12 20.7025
    endloop
  endfacet
  facet normal -0.132595 -0.0686436 -0.98879
    outer loop
      vertex 65.1389 14.04 20.8357
      vertex 59.9834 14.04 21.527
      vertex 60.459 15.12 21.3882
    endloop
  endfacet
  facet normal -0.122844 -0.0730591 -0.989733
    outer loop
      vertex 59.9834 14.04 21.527
      vertex 55.3243 15.12 22.0256
      vertex 60.459 15.12 21.3882
    endloop
  endfacet
  facet normal -0.123347 -0.0753396 -0.9895
    outer loop
      vertex 59.9834 14.04 21.527
      vertex 54.8288 14.04 22.1696
      vertex 55.3243 15.12 22.0256
    endloop
  endfacet
  facet normal -0.113342 -0.0800402 -0.990327
    outer loop
      vertex 52.2577 14.6387 22.4154
      vertex 55.3243 15.12 22.0256
      vertex 54.8288 14.04 22.1696
    endloop
  endfacet
  facet normal -0.113342 -0.0800394 -0.990327
    outer loop
      vertex 55.3243 15.12 22.0256
      vertex 52.2577 14.6387 22.4154
      vertex 51.9627 15.12 22.4103
    endloop
  endfacet
  facet normal -0.113813 -0.0821582 -0.990099
    outer loop
      vertex 52.6328 14.04 22.422
      vertex 52.2577 14.6387 22.4154
      vertex 54.8288 14.04 22.1696
    endloop
  endfacet
  facet normal -0.162996 -0.0465948 -0.985526
    outer loop
      vertex 82.3711 15.9966 18.1046
      vertex 81.4826 16.2 18.2419
      vertex 82.3129 16.2 18.1046
    endloop
  endfacet
  facet normal -0.163735 -0.0500119 -0.985236
    outer loop
      vertex 81.0339 15.12 18.3713
      vertex 82.3711 15.9966 18.1046
      vertex 82.6388 15.12 18.1046
    endloop
  endfacet
  facet normal -0.163734 -0.0500125 -0.985236
    outer loop
      vertex 82.3711 15.9966 18.1046
      vertex 81.0339 15.12 18.3713
      vertex 81.4826 16.2 18.2419
    endloop
  endfacet
  facet normal -0.156186 -0.0532752 -0.98629
    outer loop
      vertex 81.0339 15.12 18.3713
      vertex 76.3506 16.2 19.0546
      vertex 81.4826 16.2 18.2419
    endloop
  endfacet
  facet normal -0.156895 -0.0565386 -0.985996
    outer loop
      vertex 81.0339 15.12 18.3713
      vertex 75.8793 15.12 19.1915
      vertex 76.3506 16.2 19.0546
    endloop
  endfacet
  facet normal -0.148554 -0.0603143 -0.987063
    outer loop
      vertex 75.8793 15.12 19.1915
      vertex 71.2276 16.2 19.8256
      vertex 76.3506 16.2 19.0546
    endloop
  endfacet
  facet normal -0.149232 -0.0634106 -0.986767
    outer loop
      vertex 75.8793 15.12 19.1915
      vertex 70.7337 15.12 19.9697
      vertex 71.2276 16.2 19.8256
    endloop
  endfacet
  facet normal -0.140176 -0.0676913 -0.98781
    outer loop
      vertex 70.7337 15.12 19.9697
      vertex 66.1111 16.2 20.5517
      vertex 71.2276 16.2 19.8256
    endloop
  endfacet
  facet normal -0.14082 -0.070609 -0.987514
    outer loop
      vertex 70.7337 15.12 19.9697
      vertex 65.5947 15.12 20.7025
      vertex 66.1111 16.2 20.5517
    endloop
  endfacet
  facet normal -0.131337 -0.0752781 -0.988476
    outer loop
      vertex 65.5947 15.12 20.7025
      vertex 60.998 16.2 21.231
      vertex 66.1111 16.2 20.5517
    endloop
  endfacet
  facet normal -0.131946 -0.0780153 -0.988182
    outer loop
      vertex 65.5947 15.12 20.7025
      vertex 60.459 15.12 21.3882
      vertex 60.998 16.2 21.231
    endloop
  endfacet
  facet normal -0.122148 -0.0830284 -0.989033
    outer loop
      vertex 60.459 15.12 21.3882
      vertex 55.8857 16.2 21.8624
      vertex 60.998 16.2 21.231
    endloop
  endfacet
  facet normal -0.122721 -0.0855811 -0.988744
    outer loop
      vertex 60.459 15.12 21.3882
      vertex 55.3243 15.12 22.0256
      vertex 55.8857 16.2 21.8624
    endloop
  endfacet
  facet normal -0.112676 -0.0909116 -0.989464
    outer loop
      vertex 51.2758 16.081 22.3983
      vertex 55.8857 16.2 21.8624
      vertex 55.3243 15.12 22.0256
    endloop
  endfacet
  facet normal -0.112676 -0.0909071 -0.989464
    outer loop
      vertex 55.8857 16.2 21.8624
      vertex 51.2758 16.081 22.3983
      vertex 51.1925 16.2 22.3968
    endloop
  endfacet
  facet normal -0.113211 -0.0932745 -0.989183
    outer loop
      vertex 51.9627 15.12 22.4103
      vertex 51.2758 16.081 22.3983
      vertex 55.3243 15.12 22.0256
    endloop
  endfacet
  facet normal -0.162914 -0.0564212 -0.985026
    outer loop
      vertex 82.3129 16.2 18.1046
      vertex 81.4826 16.2 18.2419
      vertex 81.9588 17.2224 18.1046
    endloop
  endfacet
  facet normal -0.155288 -0.060109 -0.986039
    outer loop
      vertex 81.4826 16.2 18.2419
      vertex 81.9365 17.28 18.1046
      vertex 81.9588 17.2224 18.1046
    endloop
  endfacet
  facet normal -0.15529 -0.0601083 -0.986039
    outer loop
      vertex 81.9365 17.28 18.1046
      vertex 81.4826 16.2 18.2419
      vertex 76.879 17.28 18.9011
    endloop
  endfacet
  facet normal -0.15609 -0.0637331 -0.985685
    outer loop
      vertex 81.4826 16.2 18.2419
      vertex 76.3506 16.2 19.0546
      vertex 76.879 17.28 18.9011
    endloop
  endfacet
  facet normal -0.14768 -0.0679911 -0.986695
    outer loop
      vertex 76.3506 16.2 19.0546
      vertex 71.7813 17.28 19.6641
      vertex 76.879 17.28 18.9011
    endloop
  endfacet
  facet normal -0.148445 -0.071427 -0.986338
    outer loop
      vertex 76.3506 16.2 19.0546
      vertex 71.2276 16.2 19.8256
      vertex 71.7813 17.28 19.6641
    endloop
  endfacet
  facet normal -0.139328 -0.0762458 -0.987307
    outer loop
      vertex 71.2276 16.2 19.8256
      vertex 66.69 17.28 20.3825
      vertex 71.7813 17.28 19.6641
    endloop
  endfacet
  facet normal -0.140054 -0.0794799 -0.986949
    outer loop
      vertex 71.2276 16.2 19.8256
      vertex 66.1111 16.2 20.5517
      vertex 66.69 17.28 20.3825
    endloop
  endfacet
  facet normal -0.130516 -0.0847288 -0.987819
    outer loop
      vertex 66.1111 16.2 20.5517
      vertex 61.6021 17.28 21.0548
      vertex 66.69 17.28 20.3825
    endloop
  endfacet
  facet normal -0.131202 -0.0877587 -0.987464
    outer loop
      vertex 66.1111 16.2 20.5517
      vertex 60.998 16.2 21.231
      vertex 61.6021 17.28 21.0548
    endloop
  endfacet
  facet normal -0.121358 -0.093387 -0.988206
    outer loop
      vertex 60.998 16.2 21.231
      vertex 56.5151 17.28 21.6795
      vertex 61.6021 17.28 21.0548
    endloop
  endfacet
  facet normal -0.122003 -0.0962093 -0.987856
    outer loop
      vertex 60.998 16.2 21.231
      vertex 55.8857 16.2 21.8624
      vertex 56.5151 17.28 21.6795
    endloop
  endfacet
  facet normal -0.111919 -0.102186 -0.988449
    outer loop
      vertex 55.8857 16.2 21.8624
      vertex 51.4289 17.28 22.2554
      vertex 56.5151 17.28 21.6795
    endloop
  endfacet
  facet normal -0.112522 -0.104796 -0.988108
    outer loop
      vertex 51.1925 16.2 22.3968
      vertex 51.4289 17.28 22.2554
      vertex 55.8857 16.2 21.8624
    endloop
  endfacet
  facet normal -0.112522 -0.104796 -0.988108
    outer loop
      vertex 51.4289 17.28 22.2554
      vertex 51.1925 16.2 22.3968
      vertex 50.9536 16.4958 22.3927
    endloop
  endfacet
  facet normal -0.102247 -0.111099 -0.988536
    outer loop
      vertex 50.9536 16.4958 22.3927
      vertex 50.2246 17.28 22.3799
      vertex 51.4289 17.28 22.2554
    endloop
  endfacet
  facet normal -0.154283 -0.0672104 -0.985738
    outer loop
      vertex 81.9305 17.2932 18.1046
      vertex 78.725 18.36 18.5335
      vertex 81.6226 18 18.1046
    endloop
  endfacet
  facet normal -0.154282 -0.0672074 -0.985738
    outer loop
      vertex 78.725 18.36 18.5335
      vertex 81.9305 17.2932 18.1046
      vertex 77.4656 18.36 18.7306
    endloop
  endfacet
  facet normal -0.155177 -0.0711815 -0.985319
    outer loop
      vertex 76.879 17.28 18.9011
      vertex 81.9305 17.2932 18.1046
      vertex 81.9365 17.28 18.1046
    endloop
  endfacet
  facet normal -0.155176 -0.0711955 -0.985318
    outer loop
      vertex 81.9305 17.2932 18.1046
      vertex 76.879 17.28 18.9011
      vertex 77.4656 18.36 18.7306
    endloop
  endfacet
  facet normal -0.146698 -0.0759498 -0.986261
    outer loop
      vertex 76.879 17.28 18.9011
      vertex 72.396 18.36 19.4847
      vertex 77.4656 18.36 18.7306
    endloop
  endfacet
  facet normal -0.147552 -0.0797248 -0.985836
    outer loop
      vertex 76.879 17.28 18.9011
      vertex 71.7813 17.28 19.6641
      vertex 72.396 18.36 19.4847
    endloop
  endfacet
  facet normal -0.138374 -0.0850951 -0.986718
    outer loop
      vertex 71.7813 17.28 19.6641
      vertex 67.3328 18.36 20.1948
      vertex 72.396 18.36 19.4847
    endloop
  endfacet
  facet normal -0.139185 -0.0886448 -0.986291
    outer loop
      vertex 71.7813 17.28 19.6641
      vertex 66.69 17.28 20.3825
      vertex 67.3328 18.36 20.1948
    endloop
  endfacet
  facet normal -0.129594 -0.0944856 -0.987055
    outer loop
      vertex 66.69 17.28 20.3825
      vertex 62.2729 18.36 20.8591
      vertex 67.3328 18.36 20.1948
    endloop
  endfacet
  facet normal -0.130359 -0.0978037 -0.986631
    outer loop
      vertex 66.69 17.28 20.3825
      vertex 61.6021 17.28 21.0548
      vertex 62.2729 18.36 20.8591
    endloop
  endfacet
  facet normal -0.120469 -0.104058 -0.987248
    outer loop
      vertex 61.6021 17.28 21.0548
      vertex 57.2139 18.36 21.4764
      vertex 62.2729 18.36 20.8591
    endloop
  endfacet
  facet normal -0.121189 -0.107146 -0.98683
    outer loop
      vertex 61.6021 17.28 21.0548
      vertex 56.5151 17.28 21.6795
      vertex 57.2139 18.36 21.4764
    endloop
  endfacet
  facet normal -0.111068 -0.113778 -0.987278
    outer loop
      vertex 56.5151 17.28 21.6795
      vertex 52.1557 18.36 22.0455
      vertex 57.2139 18.36 21.4764
    endloop
  endfacet
  facet normal -0.111741 -0.116632 -0.986869
    outer loop
      vertex 56.5151 17.28 21.6795
      vertex 51.4289 17.28 22.2554
      vertex 52.1557 18.36 22.0455
    endloop
  endfacet
  facet normal -0.101437 -0.123616 -0.987132
    outer loop
      vertex 49.7928 17.688 22.3724
      vertex 52.1557 18.36 22.0455
      vertex 51.4289 17.28 22.2554
    endloop
  endfacet
  facet normal -0.101438 -0.123614 -0.987132
    outer loop
      vertex 52.1557 18.36 22.0455
      vertex 49.7928 17.688 22.3724
      vertex 49.0928 18.36 22.3602
    endloop
  endfacet
  facet normal -0.102061 -0.126232 -0.986737
    outer loop
      vertex 50.2246 17.28 22.3799
      vertex 49.7928 17.688 22.3724
      vertex 51.4289 17.28 22.2554
    endloop
  endfacet
  facet normal -0.15415 -0.078878 -0.984894
    outer loop
      vertex 78.725 18.36 18.5335
      vertex 77.4656 18.36 18.7306
      vertex 77.5519 18.5044 18.7056
    endloop
  endfacet
  facet normal -0.145601 -0.0841378 -0.985759
    outer loop
      vertex 77.4656 18.36 18.7306
      vertex 76.2796 18.6516 18.8809
      vertex 77.5519 18.5044 18.7056
    endloop
  endfacet
  facet normal -0.146549 -0.0882484 -0.985259
    outer loop
      vertex 72.396 18.36 19.4847
      vertex 76.2796 18.6516 18.8809
      vertex 77.4656 18.36 18.7306
    endloop
  endfacet
  facet normal -0.146549 -0.0882431 -0.98526
    outer loop
      vertex 76.2796 18.6516 18.8809
      vertex 72.396 18.36 19.4847
      vertex 72.8294 19.0521 19.3582
    endloop
  endfacet
  facet normal -0.13731 -0.0941724 -0.986041
    outer loop
      vertex 72.396 18.36 19.4847
      vertex 69.2444 19.44 19.8204
      vertex 72.8294 19.0521 19.3582
    endloop
  endfacet
  facet normal -0.13731 -0.0941721 -0.986041
    outer loop
      vertex 69.2444 19.44 19.8204
      vertex 72.396 18.36 19.4847
      vertex 68.04 19.44 19.9881
    endloop
  endfacet
  facet normal -0.138208 -0.0980315 -0.98554
    outer loop
      vertex 72.396 18.36 19.4847
      vertex 67.3328 18.36 20.1948
      vertex 68.04 19.44 19.9881
    endloop
  endfacet
  facet normal -0.128564 -0.10447 -0.986183
    outer loop
      vertex 67.3328 18.36 20.1948
      vertex 63.011 19.44 20.6438
      vertex 68.04 19.44 19.9881
    endloop
  endfacet
  facet normal -0.129413 -0.108076 -0.985683
    outer loop
      vertex 67.3328 18.36 20.1948
      vertex 62.2729 18.36 20.8591
      vertex 63.011 19.44 20.6438
    endloop
  endfacet
  facet normal -0.119479 -0.11496 -0.986159
    outer loop
      vertex 62.2729 18.36 20.8591
      vertex 57.9828 19.44 21.253
      vertex 63.011 19.44 20.6438
    endloop
  endfacet
  facet normal -0.120276 -0.118306 -0.985666
    outer loop
      vertex 62.2729 18.36 20.8591
      vertex 57.2139 18.36 21.4764
      vertex 57.9828 19.44 21.253
    endloop
  endfacet
  facet normal -0.11012 -0.125595 -0.985951
    outer loop
      vertex 57.2139 18.36 21.4764
      vertex 52.9554 19.44 21.8145
      vertex 57.9828 19.44 21.253
    endloop
  endfacet
  facet normal -0.110865 -0.128681 -0.98547
    outer loop
      vertex 57.2139 18.36 21.4764
      vertex 52.1557 18.36 22.0455
      vertex 52.9554 19.44 21.8145
    endloop
  endfacet
  facet normal -0.100536 -0.136346 -0.985547
    outer loop
      vertex 52.1557 18.36 22.0455
      vertex 47.9283 19.44 22.3273
      vertex 52.9554 19.44 21.8145
    endloop
  endfacet
  facet normal -0.101227 -0.139173 -0.985081
    outer loop
      vertex 49.0928 18.36 22.3602
      vertex 47.9283 19.44 22.3273
      vertex 52.1557 18.36 22.0455
    endloop
  endfacet
  facet normal -0.101219 -0.139165 -0.985083
    outer loop
      vertex 47.9283 19.44 22.3273
      vertex 49.0928 18.36 22.3602
      vertex 47.8869 19.3861 22.3391
    endloop
  endfacet
  facet normal -0.0907821 -0.147159 -0.984938
    outer loop
      vertex 47.8869 19.3861 22.3391
      vertex 47.8134 19.44 22.3379
      vertex 47.9283 19.44 22.3273
    endloop
  endfacet
  facet normal -0.137122 -0.107579 -0.984695
    outer loop
      vertex 69.2444 19.44 19.8204
      vertex 68.04 19.44 19.9881
      vertex 68.1256 19.5598 19.9631
    endloop
  endfacet
  facet normal -0.127428 -0.114613 -0.985204
    outer loop
      vertex 68.04 19.44 19.9881
      vertex 67.2222 19.6491 20.0696
      vertex 68.1256 19.5598 19.9631
    endloop
  endfacet
  facet normal -0.128361 -0.118489 -0.984624
    outer loop
      vertex 63.011 19.44 20.6438
      vertex 67.2222 19.6491 20.0696
      vertex 68.04 19.44 19.9881
    endloop
  endfacet
  facet normal -0.128361 -0.118493 -0.984623
    outer loop
      vertex 67.2222 19.6491 20.0696
      vertex 63.011 19.44 20.6438
      vertex 63.4467 20.0243 20.5166
    endloop
  endfacet
  facet normal -0.118385 -0.126002 -0.984941
    outer loop
      vertex 63.011 19.44 20.6438
      vertex 59.2683 20.4049 20.9702
      vertex 63.4467 20.0243 20.5166
    endloop
  endfacet
  facet normal -0.119262 -0.129598 -0.984368
    outer loop
      vertex 57.9828 19.44 21.253
      vertex 59.2683 20.4049 20.9702
      vertex 63.011 19.44 20.6438
    endloop
  endfacet
  facet normal -0.119263 -0.129596 -0.984368
    outer loop
      vertex 59.2683 20.4049 20.9702
      vertex 57.9828 19.44 21.253
      vertex 58.768 20.4507 21.0248
    endloop
  endfacet
  facet normal -0.109074 -0.137536 -0.984473
    outer loop
      vertex 57.9828 19.44 21.253
      vertex 57.9354 20.52 21.1073
      vertex 58.768 20.4507 21.0248
    endloop
  endfacet
  facet normal -0.109073 -0.137536 -0.984473
    outer loop
      vertex 57.9354 20.52 21.1073
      vertex 57.9828 19.44 21.253
      vertex 53.8281 20.52 21.5624
    endloop
  endfacet
  facet normal -0.109893 -0.140848 -0.983913
    outer loop
      vertex 57.9828 19.44 21.253
      vertex 52.9554 19.44 21.8145
      vertex 53.8281 20.52 21.5624
    endloop
  endfacet
  facet normal -0.0995408 -0.149183 -0.983787
    outer loop
      vertex 52.9554 19.44 21.8145
      vertex 48.8346 20.52 22.0676
      vertex 53.8281 20.52 21.5624
    endloop
  endfacet
  facet normal -0.100301 -0.15221 -0.983246
    outer loop
      vertex 52.9554 19.44 21.8145
      vertex 47.9283 19.44 22.3273
      vertex 48.8346 20.52 22.0676
    endloop
  endfacet
  facet normal -0.0898335 -0.160904 -0.982873
    outer loop
      vertex 47.7362 19.4908 22.3365
      vertex 48.8346 20.52 22.0676
      vertex 47.9283 19.44 22.3273
    endloop
  endfacet
  facet normal -0.0898388 -0.160898 -0.982874
    outer loop
      vertex 48.8346 20.52 22.0676
      vertex 47.7362 19.4908 22.3365
      vertex 46.1885 20.52 22.3095
    endloop
  endfacet
  facet normal -0.0905434 -0.163685 -0.982349
    outer loop
      vertex 47.8134 19.44 22.3379
      vertex 47.7362 19.4908 22.3365
      vertex 47.9283 19.44 22.3273
    endloop
  endfacet
  facet normal -0.108823 -0.153031 -0.982211
    outer loop
      vertex 57.9354 20.52 21.1073
      vertex 53.8281 20.52 21.5624
      vertex 54.1037 20.8351 21.4828
    endloop
  endfacet
  facet normal -0.0984538 -0.162016 -0.981864
    outer loop
      vertex 53.8281 20.52 21.5624
      vertex 52.1102 20.9824 21.6583
      vertex 54.1037 20.8351 21.4828
    endloop
  endfacet
  facet normal -0.0992837 -0.165228 -0.981245
    outer loop
      vertex 48.8346 20.52 22.0676
      vertex 52.1102 20.9824 21.6583
      vertex 53.8281 20.52 21.5624
    endloop
  endfacet
  facet normal -0.0992833 -0.16523 -0.981245
    outer loop
      vertex 52.1102 20.9824 21.6583
      vertex 48.8346 20.52 22.0676
      vertex 49.4357 21.1814 21.8954
    endloop
  endfacet
  facet normal -0.0888153 -0.174582 -0.980629
    outer loop
      vertex 48.8346 20.52 22.0676
      vertex 45.4252 21.4466 22.2115
      vertex 49.4357 21.1814 21.8954
    endloop
  endfacet
  facet normal -0.0895796 -0.177486 -0.980038
    outer loop
      vertex 46.1885 20.52 22.3095
      vertex 45.4252 21.4466 22.2115
      vertex 48.8346 20.52 22.0676
    endloop
  endfacet
  facet normal -0.089581 -0.177487 -0.980038
    outer loop
      vertex 44.6912 21.42 22.2834
      vertex 45.4252 21.4466 22.2115
      vertex 46.1885 20.52 22.3095
    endloop
  endfacet
  facet normal -0.0895809 -0.177488 -0.980037
    outer loop
      vertex 45.4252 21.4466 22.2115
      vertex 44.6912 21.42 22.2834
      vertex 44.7582 21.491 22.2644
    endloop
  endfacet
  facet normal -0.0788728 -0.187335 -0.979124
    outer loop
      vertex 44.6912 21.42 22.2834
      vertex 44.5262 21.5045 22.2805
      vertex 44.7582 21.491 22.2644
    endloop
  endfacet
  facet normal 0.221305 0.000415659 0.975205
    outer loop
      vertex 108.818 0.0545067 18.1046
      vertex 108.816 1.2 18.1046
      vertex 103.282 1.2 19.3604
    endloop
  endfacet
  facet normal 0.221316 0.000473912 0.975202
    outer loop
      vertex 103.276 4.29928e-015 19.3622
      vertex 108.818 0.0545067 18.1046
      vertex 103.282 1.2 19.3604
    endloop
  endfacet
  facet normal 0.221316 0.00046467 0.975202
    outer loop
      vertex 108.818 0.0545067 18.1046
      vertex 103.276 4.29928e-015 19.3622
      vertex 108.818 4.02002e-015 18.1046
    endloop
  endfacet
  facet normal 0.216907 0.000495077 0.976192
    outer loop
      vertex 103.276 4.29928e-015 19.3622
      vertex 103.282 1.2 19.3604
      vertex 97.501 1.2 20.6449
    endloop
  endfacet
  facet normal 0.216919 0.000556396 0.976189
    outer loop
      vertex 103.276 4.29928e-015 19.3622
      vertex 97.501 1.2 20.6449
      vertex 97.4953 4.58451e-015 20.6468
    endloop
  endfacet
  facet normal 0.211124 0.000585825 0.977459
    outer loop
      vertex 97.4953 4.58451e-015 20.6468
      vertex 97.501 1.2 20.6449
      vertex 91.737 1.2 21.8898
    endloop
  endfacet
  facet normal 0.211135 0.000641462 0.977457
    outer loop
      vertex 97.4953 4.58451e-015 20.6468
      vertex 91.737 1.2 21.8898
      vertex 91.731 4.86098e-015 21.8919
    endloop
  endfacet
  facet normal 0.204091 0.000679259 0.978952
    outer loop
      vertex 91.731 4.86098e-015 21.8919
      vertex 91.737 1.2 21.8898
      vertex 85.9851 1.2 23.089
    endloop
  endfacet
  facet normal 0.204102 0.000735174 0.978949
    outer loop
      vertex 91.731 4.86098e-015 21.8919
      vertex 85.9851 1.2 23.089
      vertex 85.9788 5.12728e-015 23.0912
    endloop
  endfacet
  facet normal 0.195922 0.000781327 0.980619
    outer loop
      vertex 85.9788 5.12728e-015 23.0912
      vertex 85.9851 1.2 23.089
      vertex 80.2449 1.2 24.2359
    endloop
  endfacet
  facet normal 0.195932 0.000834622 0.980617
    outer loop
      vertex 85.9788 5.12728e-015 23.0912
      vertex 80.2449 1.2 24.2359
      vertex 80.2383 5.38196e-015 24.2382
    endloop
  endfacet
  facet normal 0.186749 0.000888861 0.982407
    outer loop
      vertex 80.2383 5.38196e-015 24.2382
      vertex 80.2449 1.2 24.2359
      vertex 74.5149 1.2 25.3251
    endloop
  endfacet
  facet normal 0.186759 0.000940426 0.982405
    outer loop
      vertex 80.2383 5.38196e-015 24.2382
      vertex 74.5149 1.2 25.3251
      vertex 74.508 5.62385e-015 25.3276
    endloop
  endfacet
  facet normal 0.176656 0.00100278 0.984272
    outer loop
      vertex 74.508 5.62385e-015 25.3276
      vertex 74.5149 1.2 25.3251
      vertex 68.7924 1.2 26.3521
    endloop
  endfacet
  facet normal 0.176666 0.00105098 0.98427
    outer loop
      vertex 74.508 5.62385e-015 25.3276
      vertex 68.7924 1.2 26.3521
      vertex 68.7852 5.85193e-015 26.3547
    endloop
  endfacet
  facet normal 0.165982 0.00111972 0.986128
    outer loop
      vertex 68.7852 5.85193e-015 26.3547
      vertex 68.7924 1.2 26.3521
      vertex 63.074 1.2 27.3147
    endloop
  endfacet
  facet normal 0.165991 0.00116416 0.986127
    outer loop
      vertex 68.7852 5.85193e-015 26.3547
      vertex 63.074 1.2 27.3147
      vertex 63.0664 6.06567e-015 27.3174
    endloop
  endfacet
  facet normal 0.154859 0.00123858 0.987936
    outer loop
      vertex 63.0664 6.06567e-015 27.3174
      vertex 63.074 1.2 27.3147
      vertex 57.3567 1.2 28.2109
    endloop
  endfacet
  facet normal 0.154868 0.00128245 0.987934
    outer loop
      vertex 63.0664 6.06567e-015 27.3174
      vertex 57.3567 1.2 28.2109
      vertex 57.3488 6.26469e-015 28.2136
    endloop
  endfacet
  facet normal 0.143363 0.00136224 0.989669
    outer loop
      vertex 57.3488 6.26469e-015 28.2136
      vertex 57.3567 1.2 28.2109
      vertex 51.6406 1.2 29.0389
    endloop
  endfacet
  facet normal 0.143371 0.00140301 0.989668
    outer loop
      vertex 57.3488 6.26469e-015 28.2136
      vertex 51.6406 1.2 29.0389
      vertex 51.6323 6.44857e-015 29.0418
    endloop
  endfacet
  facet normal 0.131547 0.00148792 0.991309
    outer loop
      vertex 51.6323 6.44857e-015 29.0418
      vertex 51.6406 1.2 29.0389
      vertex 45.9251 1.2 29.7973
    endloop
  endfacet
  facet normal 0.131555 0.00152364 0.991308
    outer loop
      vertex 51.6323 6.44857e-015 29.0418
      vertex 45.9251 1.2 29.7973
      vertex 45.9165 6.617e-015 29.8003
    endloop
  endfacet
  facet normal 0.11947 0.00161341 0.992836
    outer loop
      vertex 45.9165 6.617e-015 29.8003
      vertex 45.9251 1.2 29.7973
      vertex 40.212 1.2 30.4848
    endloop
  endfacet
  facet normal 0.119478 0.00164849 0.992836
    outer loop
      vertex 45.9165 6.617e-015 29.8003
      vertex 40.212 1.2 30.4848
      vertex 40.2031 6.76966e-015 30.4879
    endloop
  endfacet
  facet normal 0.106942 0.00174458 0.994264
    outer loop
      vertex 40.2031 6.76966e-015 30.4879
      vertex 40.212 1.2 30.4848
      vertex 34.5019 1.2 31.099
    endloop
  endfacet
  facet normal 0.106949 0.00177478 0.994263
    outer loop
      vertex 40.2031 6.76966e-015 30.4879
      vertex 34.5019 1.2 31.099
      vertex 34.4928 6.90605e-015 31.1021
    endloop
  endfacet
  facet normal 0.0939056 0.00187785 0.995579
    outer loop
      vertex 34.4928 6.90605e-015 31.1021
      vertex 34.5019 1.2 31.099
      vertex 28.7978 1.2 31.637
    endloop
  endfacet
  facet normal 0.0939117 0.00190697 0.995579
    outer loop
      vertex 34.4928 6.90605e-015 31.1021
      vertex 28.7978 1.2 31.637
      vertex 28.7883 7.02553e-015 31.6402
    endloop
  endfacet
  facet normal 0.0802745 0.0020179 0.996771
    outer loop
      vertex 28.7883 7.02553e-015 31.6402
      vertex 28.7978 1.2 31.637
      vertex 23.1024 1.2 32.0957
    endloop
  endfacet
  facet normal 0.0802793 0.00204104 0.99677
    outer loop
      vertex 28.7883 7.02553e-015 31.6402
      vertex 23.1024 1.2 32.0957
      vertex 23.0926 7.12739e-015 32.0989
    endloop
  endfacet
  facet normal 0.0658031 0.0021621 0.99783
    outer loop
      vertex 23.0926 7.12739e-015 32.0989
      vertex 23.1024 1.2 32.0957
      vertex 17.4168 1.2 32.4706
    endloop
  endfacet
  facet normal 0.0658075 0.00218298 0.99783
    outer loop
      vertex 23.0926 7.12739e-015 32.0989
      vertex 17.4168 1.2 32.4706
      vertex 17.4067 7.21066e-015 32.4739
    endloop
  endfacet
  facet normal 0.0504772 0.00231459 0.998723
    outer loop
      vertex 17.4067 7.21066e-015 32.4739
      vertex 17.4168 1.2 32.4706
      vertex 11.7414 1.2 32.7575
    endloop
  endfacet
  facet normal 0.0504805 0.0023299 0.998722
    outer loop
      vertex 17.4067 7.21066e-015 32.4739
      vertex 11.7414 1.2 32.7575
      vertex 11.731 7.27436e-015 32.7608
    endloop
  endfacet
  facet normal 0.0342979 0.0024724 0.999409
    outer loop
      vertex 11.731 7.27436e-015 32.7608
      vertex 11.7414 1.2 32.7575
      vertex 6.07611 1.2 32.9519
    endloop
  endfacet
  facet normal 0.0343007 0.0024857 0.999408
    outer loop
      vertex 11.731 7.27436e-015 32.7608
      vertex 6.07611 1.2 32.9519
      vertex 6.06538 7.31753e-015 32.9552
    endloop
  endfacet
  facet normal 0.0172183 0.00263978 0.999848
    outer loop
      vertex 6.06538 7.31753e-015 32.9552
      vertex 6.07611 1.2 32.9519
      vertex 0.425246 1.2 33.0492
    endloop
  endfacet
  facet normal 0.01722 0.00264798 0.999848
    outer loop
      vertex 6.06538 7.31753e-015 32.9552
      vertex 0.425246 1.2 33.0492
      vertex 0.414195 7.33914e-015 33.0526
    endloop
  endfacet
  facet normal -0.00115636 0.00281762 0.999995
    outer loop
      vertex 0.414195 7.33914e-015 33.0526
      vertex 0.425246 1.2 33.0492
      vertex -5.20264 1.2 33.0427
    endloop
  endfacet
  facet normal -0.00115494 0.00282426 0.999995
    outer loop
      vertex 0.414195 7.33914e-015 33.0526
      vertex -5.20264 1.2 33.0427
      vertex -5.214 7.3377e-015 33.0461
    endloop
  endfacet
  facet normal -0.0214844 0.00301609 0.999765
    outer loop
      vertex -5.214 7.3377e-015 33.0461
      vertex -5.20264 1.2 33.0427
      vertex -10.8013 1.2 32.9224
    endloop
  endfacet
  facet normal -0.0214853 0.00301209 0.999765
    outer loop
      vertex -5.214 7.3377e-015 33.0461
      vertex -10.8013 1.2 32.9224
      vertex -10.8129 7.31098e-015 32.9257
    endloop
  endfacet
  facet normal -0.0437887 0.00322695 0.999036
    outer loop
      vertex -10.8129 7.31098e-015 32.9257
      vertex -10.8013 1.2 32.9224
      vertex -16.3693 1.2 32.6783
    endloop
  endfacet
  facet normal -0.0437897 0.00322232 0.999036
    outer loop
      vertex -10.8129 7.31098e-015 32.9257
      vertex -16.3693 1.2 32.6783
      vertex -16.3813 7.25679e-015 32.6817
    endloop
  endfacet
  facet normal -0.0679996 0.0034602 0.997679
    outer loop
      vertex -16.3813 7.25679e-015 32.6817
      vertex -16.3693 1.2 32.6783
      vertex -21.9069 1.2 32.3009
    endloop
  endfacet
  facet normal -0.0680027 0.00344591 0.997679
    outer loop
      vertex -16.3813 7.25679e-015 32.6817
      vertex -21.9069 1.2 32.3009
      vertex -21.9192 7.17297e-015 32.3042
    endloop
  endfacet
  facet normal -0.0941256 0.00370749 0.995553
    outer loop
      vertex -21.9192 7.17297e-015 32.3042
      vertex -21.9069 1.2 32.3009
      vertex -27.4113 1.2 31.7805
    endloop
  endfacet
  facet normal -0.094129 0.00369161 0.995553
    outer loop
      vertex -21.9192 7.17297e-015 32.3042
      vertex -27.4113 1.2 31.7805
      vertex -27.4238 7.05741e-015 31.7837
    endloop
  endfacet
  facet normal -0.122337 0.00397913 0.992481
    outer loop
      vertex -27.4238 7.05741e-015 31.7837
      vertex -27.4113 1.2 31.7805
      vertex -32.8773 1.2 31.1067
    endloop
  endfacet
  facet normal -0.122342 0.00395331 0.99248
    outer loop
      vertex -27.4238 7.05741e-015 31.7837
      vertex -32.8773 1.2 31.1067
      vertex -32.8902 6.90779e-015 31.1099
    endloop
  endfacet
  facet normal -0.152654 0.00426564 0.988271
    outer loop
      vertex -37.2249 0.962181 30.4362
      vertex -32.8773 1.2 31.1067
      vertex -37.2239 1.2 30.4353
    endloop
  endfacet
  facet normal -0.152654 0.00426771 0.98827
    outer loop
      vertex -32.8773 1.2 31.1067
      vertex -37.2249 0.962181 30.4362
      vertex -32.8902 6.90779e-015 31.1099
    endloop
  endfacet
  facet normal -0.152661 0.00423662 0.98827
    outer loop
      vertex -32.8902 6.90779e-015 31.1099
      vertex -37.2249 0.962181 30.4362
      vertex -37.229 6.75897e-015 30.4397
    endloop
  endfacet
  facet normal 0.221278 0.000931269 0.97521
    outer loop
      vertex 108.815 1.25612 18.1046
      vertex 108.811 2.4 18.1046
      vertex 103.294 2.4 19.3564
    endloop
  endfacet
  facet normal 0.221304 0.00106723 0.975204
    outer loop
      vertex 103.282 1.2 19.3604
      vertex 108.815 1.25612 18.1046
      vertex 103.294 2.4 19.3564
    endloop
  endfacet
  facet normal 0.221305 0.00105308 0.975204
    outer loop
      vertex 108.815 1.25612 18.1046
      vertex 103.282 1.2 19.3604
      vertex 108.816 1.2 18.1046
    endloop
  endfacet
  facet normal 0.216881 0.00111493 0.976197
    outer loop
      vertex 103.282 1.2 19.3604
      vertex 103.294 2.4 19.3564
      vertex 97.5138 2.4 20.6405
    endloop
  endfacet
  facet normal 0.216907 0.00124587 0.976192
    outer loop
      vertex 103.282 1.2 19.3604
      vertex 97.5138 2.4 20.6405
      vertex 97.501 1.2 20.6449
    endloop
  endfacet
  facet normal 0.211098 0.00131224 0.977464
    outer loop
      vertex 97.501 1.2 20.6449
      vertex 97.5138 2.4 20.6405
      vertex 91.7505 2.4 21.8852
    endloop
  endfacet
  facet normal 0.211124 0.00144346 0.977458
    outer loop
      vertex 97.501 1.2 20.6449
      vertex 91.7505 2.4 21.8852
      vertex 91.737 1.2 21.8898
    endloop
  endfacet
  facet normal 0.204066 0.0015285 0.978956
    outer loop
      vertex 91.737 1.2 21.8898
      vertex 91.7505 2.4 21.8852
      vertex 85.9993 2.4 23.084
    endloop
  endfacet
  facet normal 0.204091 0.00165208 0.978951
    outer loop
      vertex 91.737 1.2 21.8898
      vertex 85.9993 2.4 23.084
      vertex 85.9851 1.2 23.089
    endloop
  endfacet
  facet normal 0.195897 0.00175587 0.980623
    outer loop
      vertex 85.9851 1.2 23.089
      vertex 85.9993 2.4 23.084
      vertex 80.2598 2.4 24.2306
    endloop
  endfacet
  facet normal 0.195921 0.00187539 0.980618
    outer loop
      vertex 85.9851 1.2 23.089
      vertex 80.2598 2.4 24.2306
      vertex 80.2449 1.2 24.2359
    endloop
  endfacet
  facet normal 0.186725 0.00199745 0.98241
    outer loop
      vertex 80.2449 1.2 24.2359
      vertex 80.2598 2.4 24.2306
      vertex 74.5305 2.4 25.3195
    endloop
  endfacet
  facet normal 0.186748 0.00211157 0.982406
    outer loop
      vertex 80.2449 1.2 24.2359
      vertex 74.5305 2.4 25.3195
      vertex 74.5149 1.2 25.3251
    endloop
  endfacet
  facet normal 0.176634 0.00225178 0.984274
    outer loop
      vertex 74.5149 1.2 25.3251
      vertex 74.5305 2.4 25.3195
      vertex 68.8088 2.4 26.3463
    endloop
  endfacet
  facet normal 0.176656 0.00236135 0.98427
    outer loop
      vertex 74.5149 1.2 25.3251
      vertex 68.8088 2.4 26.3463
      vertex 68.7924 1.2 26.3521
    endloop
  endfacet
  facet normal 0.165961 0.0025158 0.986129
    outer loop
      vertex 68.7924 1.2 26.3521
      vertex 68.8088 2.4 26.3463
      vertex 63.091 2.4 27.3086
    endloop
  endfacet
  facet normal 0.165982 0.00261849 0.986125
    outer loop
      vertex 68.7924 1.2 26.3521
      vertex 63.091 2.4 27.3086
      vertex 63.074 1.2 27.3147
    endloop
  endfacet
  facet normal 0.154839 0.00278582 0.987936
    outer loop
      vertex 63.074 1.2 27.3147
      vertex 63.091 2.4 27.3086
      vertex 57.3744 2.4 28.2046
    endloop
  endfacet
  facet normal 0.154858 0.00288083 0.987932
    outer loop
      vertex 63.074 1.2 27.3147
      vertex 57.3744 2.4 28.2046
      vertex 57.3567 1.2 28.2109
    endloop
  endfacet
  facet normal 0.143344 0.0030602 0.989668
    outer loop
      vertex 57.3567 1.2 28.2109
      vertex 57.3744 2.4 28.2046
      vertex 51.659 2.4 29.0324
    endloop
  endfacet
  facet normal 0.143362 0.00314929 0.989665
    outer loop
      vertex 57.3567 1.2 28.2109
      vertex 51.659 2.4 29.0324
      vertex 51.6406 1.2 29.0389
    endloop
  endfacet
  facet normal 0.131529 0.00334019 0.991307
    outer loop
      vertex 51.6406 1.2 29.0389
      vertex 51.659 2.4 29.0324
      vertex 45.9442 2.4 29.7906
    endloop
  endfacet
  facet normal 0.131547 0.00342442 0.991304
    outer loop
      vertex 51.6406 1.2 29.0389
      vertex 45.9442 2.4 29.7906
      vertex 45.9251 1.2 29.7973
    endloop
  endfacet
  facet normal 0.119454 0.00362612 0.992833
    outer loop
      vertex 45.9251 1.2 29.7973
      vertex 45.9442 2.4 29.7906
      vertex 40.2319 2.4 30.4779
    endloop
  endfacet
  facet normal 0.11947 0.00370355 0.992831
    outer loop
      vertex 45.9251 1.2 29.7973
      vertex 40.2319 2.4 30.4779
      vertex 40.212 1.2 30.4848
    endloop
  endfacet
  facet normal 0.106927 0.00391949 0.994259
    outer loop
      vertex 40.212 1.2 30.4848
      vertex 40.2319 2.4 30.4779
      vertex 34.5225 2.4 31.0919
    endloop
  endfacet
  facet normal 0.106942 0.00398842 0.994257
    outer loop
      vertex 40.212 1.2 30.4848
      vertex 34.5225 2.4 31.0919
      vertex 34.5019 1.2 31.099
    endloop
  endfacet
  facet normal 0.0938921 0.00422006 0.995573
    outer loop
      vertex 34.5019 1.2 31.099
      vertex 34.5225 2.4 31.0919
      vertex 28.8191 2.4 31.6298
    endloop
  endfacet
  facet normal 0.0939049 0.00428155 0.995572
    outer loop
      vertex 34.5019 1.2 31.099
      vertex 28.8191 2.4 31.6298
      vertex 28.7978 1.2 31.637
    endloop
  endfacet
  facet normal 0.0802621 0.00453082 0.996763
    outer loop
      vertex 28.7978 1.2 31.637
      vertex 28.8191 2.4 31.6298
      vertex 23.1244 2.4 32.0884
    endloop
  endfacet
  facet normal 0.0802738 0.00458638 0.996762
    outer loop
      vertex 28.7978 1.2 31.637
      vertex 23.1244 2.4 32.0884
      vertex 23.1024 1.2 32.0957
    endloop
  endfacet
  facet normal 0.0657926 0.00485837 0.997821
    outer loop
      vertex 23.1024 1.2 32.0957
      vertex 23.1244 2.4 32.0884
      vertex 17.4395 2.4 32.4632
    endloop
  endfacet
  facet normal 0.0658025 0.00490502 0.997821
    outer loop
      vertex 23.1024 1.2 32.0957
      vertex 17.4395 2.4 32.4632
      vertex 17.4168 1.2 32.4706
    endloop
  endfacet
  facet normal 0.0504689 0.00520074 0.998712
    outer loop
      vertex 17.4168 1.2 32.4706
      vertex 17.4395 2.4 32.4632
      vertex 11.7649 2.4 32.75
    endloop
  endfacet
  facet normal 0.0504767 0.00523765 0.998712
    outer loop
      vertex 17.4168 1.2 32.4706
      vertex 11.7649 2.4 32.75
      vertex 11.7414 1.2 32.7575
    endloop
  endfacet
  facet normal 0.034291 0.00555777 0.999396
    outer loop
      vertex 11.7414 1.2 32.7575
      vertex 11.7649 2.4 32.75
      vertex 6.10023 2.4 32.9443
    endloop
  endfacet
  facet normal 0.0342975 0.00558833 0.999396
    outer loop
      vertex 11.7414 1.2 32.7575
      vertex 6.10023 2.4 32.9443
      vertex 6.07611 1.2 32.9519
    endloop
  endfacet
  facet normal 0.0172141 0.00593447 0.999834
    outer loop
      vertex 6.07611 1.2 32.9519
      vertex 6.10023 2.4 32.9443
      vertex 0.450069 2.4 33.0416
    endloop
  endfacet
  facet normal 0.017218 0.00595293 0.999834
    outer loop
      vertex 6.07611 1.2 32.9519
      vertex 0.450069 2.4 33.0416
      vertex 0.425246 1.2 33.0492
    endloop
  endfacet
  facet normal -0.00115784 0.00633397 0.999979
    outer loop
      vertex 0.425246 1.2 33.0492
      vertex 0.450069 2.4 33.0416
      vertex -5.17712 2.4 33.0351
    endloop
  endfacet
  facet normal -0.00115634 0.00634096 0.999979
    outer loop
      vertex 0.425246 1.2 33.0492
      vertex -5.17712 2.4 33.0351
      vertex -5.20264 1.2 33.0427
    endloop
  endfacet
  facet normal -0.021484 0.0067718 0.999746
    outer loop
      vertex -5.20264 1.2 33.0427
      vertex -5.17712 2.4 33.0351
      vertex -10.7751 2.4 32.9148
    endloop
  endfacet
  facet normal -0.021484 0.00677152 0.999746
    outer loop
      vertex -5.20264 1.2 33.0427
      vertex -10.7751 2.4 32.9148
      vertex -10.8013 1.2 32.9224
    endloop
  endfacet
  facet normal -0.0437843 0.00725407 0.999015
    outer loop
      vertex -10.8013 1.2 32.9224
      vertex -10.7751 2.4 32.9148
      vertex -16.3424 2.4 32.6708
    endloop
  endfacet
  facet normal -0.0437878 0.00723805 0.999015
    outer loop
      vertex -10.8013 1.2 32.9224
      vertex -16.3424 2.4 32.6708
      vertex -16.3693 1.2 32.6783
    endloop
  endfacet
  facet normal -0.0679927 0.00777224 0.997656
    outer loop
      vertex -16.3693 1.2 32.6783
      vertex -16.3424 2.4 32.6708
      vertex -21.8793 2.4 32.2935
    endloop
  endfacet
  facet normal -0.067998 0.00774783 0.997655
    outer loop
      vertex -16.3693 1.2 32.6783
      vertex -21.8793 2.4 32.2935
      vertex -21.9069 1.2 32.3009
    endloop
  endfacet
  facet normal -0.0941133 0.00833511 0.995527
    outer loop
      vertex -21.9069 1.2 32.3009
      vertex -21.8793 2.4 32.2935
      vertex -27.383 2.4 31.7732
    endloop
  endfacet
  facet normal -0.094123 0.00829078 0.995526
    outer loop
      vertex -21.9069 1.2 32.3009
      vertex -27.383 2.4 31.7732
      vertex -27.4113 1.2 31.7805
    endloop
  endfacet
  facet normal -0.122321 0.00893642 0.99245
    outer loop
      vertex -27.4113 1.2 31.7805
      vertex -27.383 2.4 31.7732
      vertex -32.8483 2.4 31.0996
    endloop
  endfacet
  facet normal -0.122333 0.00888091 0.992449
    outer loop
      vertex -27.4113 1.2 31.7805
      vertex -32.8483 2.4 31.0996
      vertex -32.8773 1.2 31.1067
    endloop
  endfacet
  facet normal -0.152633 0.0095941 0.988236
    outer loop
      vertex -37.2147 2.16576 30.4274
      vertex -32.8483 2.4 31.0996
      vertex -37.2125 2.4 30.4255
    endloop
  endfacet
  facet normal -0.152632 0.00958671 0.988237
    outer loop
      vertex -32.8483 2.4 31.0996
      vertex -37.2147 2.16576 30.4274
      vertex -32.8773 1.2 31.1067
    endloop
  endfacet
  facet normal -0.152648 0.009513 0.988235
    outer loop
      vertex -32.8773 1.2 31.1067
      vertex -37.2147 2.16576 30.4274
      vertex -37.2239 1.2 30.4353
    endloop
  endfacet
  facet normal 0.221229 0.00170364 0.97522
    outer loop
      vertex 108.81 2.45968 18.1046
      vertex 108.801 3.6 18.1046
      vertex 103.316 3.6 19.349
    endloop
  endfacet
  facet normal 0.221277 0.00195009 0.975209
    outer loop
      vertex 103.294 2.4 19.3564
      vertex 108.81 2.45968 18.1046
      vertex 103.316 3.6 19.349
    endloop
  endfacet
  facet normal 0.221277 0.001952 0.975209
    outer loop
      vertex 108.81 2.45968 18.1046
      vertex 103.294 2.4 19.3564
      vertex 108.811 2.4 18.1046
    endloop
  endfacet
  facet normal 0.216832 0.00203763 0.976207
    outer loop
      vertex 103.294 2.4 19.3564
      vertex 103.316 3.6 19.349
      vertex 97.5371 3.6 20.6325
    endloop
  endfacet
  facet normal 0.21688 0.00227896 0.976196
    outer loop
      vertex 103.294 2.4 19.3564
      vertex 97.5371 3.6 20.6325
      vertex 97.5138 2.4 20.6405
    endloop
  endfacet
  facet normal 0.211051 0.00240056 0.977472
    outer loop
      vertex 97.5138 2.4 20.6405
      vertex 97.5371 3.6 20.6325
      vertex 91.7751 3.6 21.8766
    endloop
  endfacet
  facet normal 0.211097 0.00263483 0.977461
    outer loop
      vertex 97.5138 2.4 20.6405
      vertex 91.7751 3.6 21.8766
      vertex 91.7505 2.4 21.8852
    endloop
  endfacet
  facet normal 0.20402 0.00279059 0.978963
    outer loop
      vertex 91.7505 2.4 21.8852
      vertex 91.7751 3.6 21.8766
      vertex 86.0252 3.6 23.0749
    endloop
  endfacet
  facet normal 0.204065 0.00301612 0.978953
    outer loop
      vertex 91.7505 2.4 21.8852
      vertex 86.0252 3.6 23.0749
      vertex 85.9993 2.4 23.084
    endloop
  endfacet
  facet normal 0.195852 0.00320616 0.980628
    outer loop
      vertex 85.9993 2.4 23.084
      vertex 86.0252 3.6 23.0749
      vertex 80.287 3.6 24.221
    endloop
  endfacet
  facet normal 0.195896 0.00342515 0.980619
    outer loop
      vertex 85.9993 2.4 23.084
      vertex 80.287 3.6 24.221
      vertex 80.2598 2.4 24.2306
    endloop
  endfacet
  facet normal 0.186682 0.00364846 0.982414
    outer loop
      vertex 80.2598 2.4 24.2306
      vertex 80.287 3.6 24.221
      vertex 74.5591 3.6 25.3094
    endloop
  endfacet
  facet normal 0.186724 0.00385822 0.982405
    outer loop
      vertex 80.2598 2.4 24.2306
      vertex 74.5591 3.6 25.3094
      vertex 74.5305 2.4 25.3195
    endloop
  endfacet
  facet normal 0.176592 0.00411474 0.984275
    outer loop
      vertex 74.5305 2.4 25.3195
      vertex 74.5591 3.6 25.3094
      vertex 68.8386 3.6 26.3357
    endloop
  endfacet
  facet normal 0.176632 0.00431123 0.984267
    outer loop
      vertex 74.5305 2.4 25.3195
      vertex 68.8386 3.6 26.3357
      vertex 68.8088 2.4 26.3463
    endloop
  endfacet
  facet normal 0.165921 0.00459381 0.986128
    outer loop
      vertex 68.8088 2.4 26.3463
      vertex 68.8386 3.6 26.3357
      vertex 63.1221 3.6 27.2976
    endloop
  endfacet
  facet normal 0.16596 0.0047802 0.986121
    outer loop
      vertex 68.8088 2.4 26.3463
      vertex 63.1221 3.6 27.2976
      vertex 63.091 2.4 27.3086
    endloop
  endfacet
  facet normal 0.154801 0.00508619 0.987933
    outer loop
      vertex 63.091 2.4 27.3086
      vertex 63.1221 3.6 27.2976
      vertex 57.4068 3.6 28.1931
    endloop
  endfacet
  facet normal 0.154837 0.0052633 0.987926
    outer loop
      vertex 63.091 2.4 27.3086
      vertex 57.4068 3.6 28.1931
      vertex 57.3744 2.4 28.2046
    endloop
  endfacet
  facet normal 0.143308 0.00559127 0.989662
    outer loop
      vertex 57.3744 2.4 28.2046
      vertex 57.4068 3.6 28.1931
      vertex 51.6927 3.6 29.0205
    endloop
  endfacet
  facet normal 0.143342 0.0057547 0.989656
    outer loop
      vertex 57.3744 2.4 28.2046
      vertex 51.6927 3.6 29.0205
      vertex 51.659 2.4 29.0324
    endloop
  endfacet
  facet normal 0.131496 0.00610367 0.991298
    outer loop
      vertex 51.659 2.4 29.0324
      vertex 51.6927 3.6 29.0205
      vertex 45.9792 3.6 29.7784
    endloop
  endfacet
  facet normal 0.131527 0.00625637 0.991293
    outer loop
      vertex 51.659 2.4 29.0324
      vertex 45.9792 3.6 29.7784
      vertex 45.9442 2.4 29.7906
    endloop
  endfacet
  facet normal 0.119423 0.00662504 0.992821
    outer loop
      vertex 45.9442 2.4 29.7906
      vertex 45.9792 3.6 29.7784
      vertex 40.2682 3.6 30.4654
    endloop
  endfacet
  facet normal 0.119452 0.00676175 0.992817
    outer loop
      vertex 45.9442 2.4 29.7906
      vertex 40.2682 3.6 30.4654
      vertex 40.2319 2.4 30.4779
    endloop
  endfacet
  facet normal 0.106898 0.00715646 0.994244
    outer loop
      vertex 40.2319 2.4 30.4779
      vertex 40.2682 3.6 30.4654
      vertex 34.5601 3.6 31.0791
    endloop
  endfacet
  facet normal 0.106925 0.00728532 0.99424
    outer loop
      vertex 40.2319 2.4 30.4779
      vertex 34.5601 3.6 31.0791
      vertex 34.5225 2.4 31.0919
    endloop
  endfacet
  facet normal 0.0938667 0.00770852 0.995555
    outer loop
      vertex 34.5225 2.4 31.0919
      vertex 34.5601 3.6 31.0791
      vertex 28.858 3.6 31.6167
    endloop
  endfacet
  facet normal 0.09389 0.0078199 0.995552
    outer loop
      vertex 34.5225 2.4 31.0919
      vertex 28.858 3.6 31.6167
      vertex 28.8191 2.4 31.6298
    endloop
  endfacet
  facet normal 0.0802395 0.00827533 0.996741
    outer loop
      vertex 28.8191 2.4 31.6298
      vertex 28.858 3.6 31.6167
      vertex 23.1646 3.6 32.0751
    endloop
  endfacet
  facet normal 0.0802602 0.0083735 0.996739
    outer loop
      vertex 28.8191 2.4 31.6298
      vertex 23.1646 3.6 32.0751
      vertex 23.1244 2.4 32.0884
    endloop
  endfacet
  facet normal 0.065773 0.00887039 0.997795
    outer loop
      vertex 23.1244 2.4 32.0884
      vertex 23.1646 3.6 32.0751
      vertex 17.481 3.6 32.4497
    endloop
  endfacet
  facet normal 0.0657908 0.00895451 0.997793
    outer loop
      vertex 23.1244 2.4 32.0884
      vertex 17.481 3.6 32.4497
      vertex 17.4395 2.4 32.4632
    endloop
  endfacet
  facet normal 0.0504519 0.00949468 0.998681
    outer loop
      vertex 17.4395 2.4 32.4632
      vertex 17.481 3.6 32.4497
      vertex 11.8076 3.6 32.7363
    endloop
  endfacet
  facet normal 0.0504673 0.00956694 0.99868
    outer loop
      vertex 17.4395 2.4 32.4632
      vertex 11.8076 3.6 32.7363
      vertex 11.7649 2.4 32.75
    endloop
  endfacet
  facet normal 0.0342794 0.0101516 0.999361
    outer loop
      vertex 11.7649 2.4 32.75
      vertex 11.8076 3.6 32.7363
      vertex 6.14428 3.6 32.9306
    endloop
  endfacet
  facet normal 0.0342897 0.0102003 0.99936
    outer loop
      vertex 11.7649 2.4 32.75
      vertex 6.14428 3.6 32.9306
      vertex 6.10023 2.4 32.9443
    endloop
  endfacet
  facet normal 0.0172051 0.0108324 0.999793
    outer loop
      vertex 6.10023 2.4 32.9443
      vertex 6.14428 3.6 32.9306
      vertex 0.495399 3.6 33.0278
    endloop
  endfacet
  facet normal 0.0172134 0.0108709 0.999793
    outer loop
      vertex 6.10023 2.4 32.9443
      vertex 0.495399 3.6 33.0278
      vertex 0.450069 2.4 33.0416
    endloop
  endfacet
  facet normal -0.00116076 0.0115666 0.999932
    outer loop
      vertex 0.450069 2.4 33.0416
      vertex 0.495399 3.6 33.0278
      vertex -5.13051 3.6 33.0213
    endloop
  endfacet
  facet normal -0.00115778 0.0115805 0.999932
    outer loop
      vertex 0.450069 2.4 33.0416
      vertex -5.13051 3.6 33.0213
      vertex -5.17712 2.4 33.0351
    endloop
  endfacet
  facet normal -0.0214822 0.0123671 0.999693
    outer loop
      vertex -5.17712 2.4 33.0351
      vertex -5.13051 3.6 33.0213
      vertex -10.7272 3.6 32.901
    endloop
  endfacet
  facet normal -0.0214828 0.0123644 0.999693
    outer loop
      vertex -5.17712 2.4 33.0351
      vertex -10.7272 3.6 32.901
      vertex -10.7751 2.4 32.9148
    endloop
  endfacet
  facet normal -0.0437758 0.0132453 0.998954
    outer loop
      vertex -10.7751 2.4 32.9148
      vertex -10.7272 3.6 32.901
      vertex -16.2933 3.6 32.6571
    endloop
  endfacet
  facet normal -0.0437816 0.0132185 0.998954
    outer loop
      vertex -10.7751 2.4 32.9148
      vertex -16.2933 3.6 32.6571
      vertex -16.3424 2.4 32.6708
    endloop
  endfacet
  facet normal -0.0679772 0.0141935 0.997586
    outer loop
      vertex -16.3424 2.4 32.6708
      vertex -16.2933 3.6 32.6571
      vertex -21.8289 3.6 32.2799
    endloop
  endfacet
  facet normal -0.0679879 0.0141444 0.997586
    outer loop
      vertex -16.3424 2.4 32.6708
      vertex -21.8289 3.6 32.2799
      vertex -21.8793 2.4 32.2935
    endloop
  endfacet
  facet normal -0.0940892 0.0152162 0.995447
    outer loop
      vertex -21.8793 2.4 32.2935
      vertex -21.8289 3.6 32.2799
      vertex -27.3314 3.6 31.7598
    endloop
  endfacet
  facet normal -0.0941058 0.0151406 0.995447
    outer loop
      vertex -21.8793 2.4 32.2935
      vertex -27.3314 3.6 31.7598
      vertex -27.383 2.4 31.7732
    endloop
  endfacet
  facet normal -0.122287 0.0163188 0.992361
    outer loop
      vertex -27.383 2.4 31.7732
      vertex -27.3314 3.6 31.7598
      vertex -32.7954 3.6 31.0865
    endloop
  endfacet
  facet normal -0.12231 0.0162152 0.99236
    outer loop
      vertex -27.383 2.4 31.7732
      vertex -32.7954 3.6 31.0865
      vertex -32.8483 2.4 31.0996
    endloop
  endfacet
  facet normal -0.152588 0.0175038 0.988135
    outer loop
      vertex -37.1955 3.37248 30.411
      vertex -32.7954 3.6 31.0865
      vertex -37.1915 3.6 30.4076
    endloop
  endfacet
  facet normal -0.152588 0.0175031 0.988135
    outer loop
      vertex -32.7954 3.6 31.0865
      vertex -37.1955 3.37248 30.411
      vertex -32.8483 2.4 31.0996
    endloop
  endfacet
  facet normal -0.152617 0.0173726 0.988133
    outer loop
      vertex -32.8483 2.4 31.0996
      vertex -37.1955 3.37248 30.411
      vertex -37.2125 2.4 30.4255
    endloop
  endfacet
  facet normal 0.22115 0.00274696 0.975236
    outer loop
      vertex 108.8 3.66615 18.1046
      vertex 108.786 4.8 18.1046
      vertex 103.351 4.8 19.3371
    endloop
  endfacet
  facet normal 0.221228 0.00314359 0.975217
    outer loop
      vertex 103.316 3.6 19.349
      vertex 108.8 3.66615 18.1046
      vertex 103.351 4.8 19.3371
    endloop
  endfacet
  facet normal 0.221228 0.00313852 0.975217
    outer loop
      vertex 108.8 3.66615 18.1046
      vertex 103.316 3.6 19.349
      vertex 108.801 3.6 18.1046
    endloop
  endfacet
  facet normal 0.216754 0.00328565 0.976221
    outer loop
      vertex 103.316 3.6 19.349
      vertex 103.351 4.8 19.3371
      vertex 97.5746 4.8 20.6197
    endloop
  endfacet
  facet normal 0.216831 0.00367575 0.976202
    outer loop
      vertex 103.316 3.6 19.349
      vertex 97.5746 4.8 20.6197
      vertex 97.5371 3.6 20.6325
    endloop
  endfacet
  facet normal 0.210974 0.00387277 0.977484
    outer loop
      vertex 97.5371 3.6 20.6325
      vertex 97.5746 4.8 20.6197
      vertex 91.8148 4.8 21.8628
    endloop
  endfacet
  facet normal 0.211049 0.00424895 0.977466
    outer loop
      vertex 97.5371 3.6 20.6325
      vertex 91.8148 4.8 21.8628
      vertex 91.7751 3.6 21.8766
    endloop
  endfacet
  facet normal 0.203945 0.00450108 0.978972
    outer loop
      vertex 91.7751 3.6 21.8766
      vertex 91.8148 4.8 21.8628
      vertex 86.067 4.8 23.0602
    endloop
  endfacet
  facet normal 0.204019 0.00486865 0.978955
    outer loop
      vertex 91.7751 3.6 21.8766
      vertex 86.067 4.8 23.0602
      vertex 86.0252 3.6 23.0749
    endloop
  endfacet
  facet normal 0.19578 0.00517597 0.980634
    outer loop
      vertex 86.0252 3.6 23.0749
      vertex 86.067 4.8 23.0602
      vertex 80.3309 4.8 24.2054
    endloop
  endfacet
  facet normal 0.19585 0.00552513 0.980618
    outer loop
      vertex 86.0252 3.6 23.0749
      vertex 80.3309 4.8 24.2054
      vertex 80.287 3.6 24.221
    endloop
  endfacet
  facet normal 0.186611 0.00588626 0.982416
    outer loop
      vertex 80.287 3.6 24.221
      vertex 80.3309 4.8 24.2054
      vertex 74.605 4.8 25.2931
    endloop
  endfacet
  facet normal 0.186679 0.00622082 0.982401
    outer loop
      vertex 80.287 3.6 24.221
      vertex 74.605 4.8 25.2931
      vertex 74.5591 3.6 25.3094
    endloop
  endfacet
  facet normal 0.176525 0.00663543 0.984274
    outer loop
      vertex 74.5591 3.6 25.3094
      vertex 74.605 4.8 25.2931
      vertex 68.8867 4.8 26.3186
    endloop
  endfacet
  facet normal 0.17659 0.00695447 0.98426
    outer loop
      vertex 74.5591 3.6 25.3094
      vertex 68.8867 4.8 26.3186
      vertex 68.8386 3.6 26.3357
    endloop
  endfacet
  facet normal 0.165857 0.00741105 0.986122
    outer loop
      vertex 68.8386 3.6 26.3357
      vertex 68.8867 4.8 26.3186
      vertex 63.1723 4.8 27.2797
    endloop
  endfacet
  facet normal 0.165918 0.00771183 0.986109
    outer loop
      vertex 68.8386 3.6 26.3357
      vertex 63.1723 4.8 27.2797
      vertex 63.1221 3.6 27.2976
    endloop
  endfacet
  facet normal 0.15474 0.00820612 0.987921
    outer loop
      vertex 63.1221 3.6 27.2976
      vertex 63.1723 4.8 27.2797
      vertex 57.4591 4.8 28.1746
    endloop
  endfacet
  facet normal 0.154797 0.00848718 0.98791
    outer loop
      vertex 63.1221 3.6 27.2976
      vertex 57.4591 4.8 28.1746
      vertex 57.4068 3.6 28.1931
    endloop
  endfacet
  facet normal 0.14325 0.00901691 0.989645
    outer loop
      vertex 57.4068 3.6 28.1931
      vertex 57.4591 4.8 28.1746
      vertex 51.7471 4.8 29.0014
    endloop
  endfacet
  facet normal 0.143304 0.00928022 0.989635
    outer loop
      vertex 57.4068 3.6 28.1931
      vertex 51.7471 4.8 29.0014
      vertex 51.6927 3.6 29.0205
    endloop
  endfacet
  facet normal 0.131441 0.00984381 0.991275
    outer loop
      vertex 51.6927 3.6 29.0205
      vertex 51.7471 4.8 29.0014
      vertex 46.0357 4.8 29.7587
    endloop
  endfacet
  facet normal 0.131492 0.0100881 0.991266
    outer loop
      vertex 51.6927 3.6 29.0205
      vertex 46.0357 4.8 29.7587
      vertex 45.9792 3.6 29.7784
    endloop
  endfacet
  facet normal 0.119372 0.0106833 0.992792
    outer loop
      vertex 45.9792 3.6 29.7784
      vertex 46.0357 4.8 29.7587
      vertex 40.3267 4.8 30.4452
    endloop
  endfacet
  facet normal 0.119419 0.0109065 0.992784
    outer loop
      vertex 45.9792 3.6 29.7784
      vertex 40.3267 4.8 30.4452
      vertex 40.2682 3.6 30.4654
    endloop
  endfacet
  facet normal 0.106851 0.0115437 0.994208
    outer loop
      vertex 40.2682 3.6 30.4654
      vertex 40.3267 4.8 30.4452
      vertex 34.6208 4.8 31.0584
    endloop
  endfacet
  facet normal 0.106894 0.0117472 0.994201
    outer loop
      vertex 40.2682 3.6 30.4654
      vertex 34.6208 4.8 31.0584
      vertex 34.5601 3.6 31.0791
    endloop
  endfacet
  facet normal 0.0938237 0.0124303 0.995511
    outer loop
      vertex 34.5601 3.6 31.0791
      vertex 34.6208 4.8 31.0584
      vertex 28.9207 4.8 31.5956
    endloop
  endfacet
  facet normal 0.0938621 0.0126131 0.995505
    outer loop
      vertex 34.5601 3.6 31.0791
      vertex 28.9207 4.8 31.5956
      vertex 28.858 3.6 31.6167
    endloop
  endfacet
  facet normal 0.0802013 0.013348 0.996689
    outer loop
      vertex 28.858 3.6 31.6167
      vertex 28.9207 4.8 31.5956
      vertex 23.2294 4.8 32.0536
    endloop
  endfacet
  facet normal 0.0802349 0.0135078 0.996684
    outer loop
      vertex 28.858 3.6 31.6167
      vertex 23.2294 4.8 32.0536
      vertex 23.1646 3.6 32.0751
    endloop
  endfacet
  facet normal 0.0657402 0.0143094 0.997734
    outer loop
      vertex 23.1646 3.6 32.0751
      vertex 23.2294 4.8 32.0536
      vertex 17.5479 4.8 32.4279
    endloop
  endfacet
  facet normal 0.0657687 0.0144443 0.99773
    outer loop
      vertex 23.1646 3.6 32.0751
      vertex 17.5479 4.8 32.4279
      vertex 17.481 3.6 32.4497
    endloop
  endfacet
  facet normal 0.0504252 0.0153156 0.99861
    outer loop
      vertex 17.481 3.6 32.4497
      vertex 17.5479 4.8 32.4279
      vertex 11.8766 4.8 32.7143
    endloop
  endfacet
  facet normal 0.0504482 0.0154238 0.998608
    outer loop
      vertex 17.481 3.6 32.4497
      vertex 11.8766 4.8 32.7143
      vertex 11.8076 3.6 32.7363
    endloop
  endfacet
  facet normal 0.0342581 0.0163666 0.999279
    outer loop
      vertex 11.8076 3.6 32.7363
      vertex 11.8766 4.8 32.7143
      vertex 6.21532 4.8 32.9084
    endloop
  endfacet
  facet normal 0.0342765 0.0164525 0.999277
    outer loop
      vertex 11.8076 3.6 32.7363
      vertex 6.21532 4.8 32.9084
      vertex 6.14428 3.6 32.9306
    endloop
  endfacet
  facet normal 0.0171916 0.0174717 0.9997
    outer loop
      vertex 6.14428 3.6 32.9306
      vertex 6.21532 4.8 32.9084
      vertex 0.568502 4.8 33.0055
    endloop
  endfacet
  facet normal 0.0172035 0.0175271 0.999698
    outer loop
      vertex 6.14428 3.6 32.9306
      vertex 0.568502 4.8 33.0055
      vertex 0.495399 3.6 33.0278
    endloop
  endfacet
  facet normal -0.00116648 0.0186486 0.999825
    outer loop
      vertex 0.495399 3.6 33.0278
      vertex 0.568502 4.8 33.0055
      vertex -5.05535 4.8 32.9989
    endloop
  endfacet
  facet normal -0.00116063 0.0186756 0.999825
    outer loop
      vertex 0.495399 3.6 33.0278
      vertex -5.05535 4.8 32.9989
      vertex -5.13051 3.6 33.0213
    endloop
  endfacet
  facet normal -0.0214779 0.0199434 0.99957
    outer loop
      vertex -5.13051 3.6 33.0213
      vertex -5.05535 4.8 32.9989
      vertex -10.65 4.8 32.8787
    endloop
  endfacet
  facet normal -0.0214796 0.0199356 0.999571
    outer loop
      vertex -5.13051 3.6 33.0213
      vertex -10.65 4.8 32.8787
      vertex -10.7272 3.6 32.901
    endloop
  endfacet
  facet normal -0.0437603 0.021355 0.998814
    outer loop
      vertex -10.7272 3.6 32.901
      vertex -10.65 4.8 32.8787
      vertex -16.214 4.8 32.635
    endloop
  endfacet
  facet normal -0.0437697 0.0213123 0.998814
    outer loop
      vertex -10.7272 3.6 32.901
      vertex -16.214 4.8 32.635
      vertex -16.2933 3.6 32.6571
    endloop
  endfacet
  facet normal -0.0679485 0.0228833 0.997426
    outer loop
      vertex -16.2933 3.6 32.6571
      vertex -16.214 4.8 32.635
      vertex -21.7477 4.8 32.258
    endloop
  endfacet
  facet normal -0.0679664 0.0228024 0.997427
    outer loop
      vertex -16.2933 3.6 32.6571
      vertex -21.7477 4.8 32.258
      vertex -21.8289 3.6 32.2799
    endloop
  endfacet
  facet normal -0.0940456 0.0245289 0.995266
    outer loop
      vertex -21.8289 3.6 32.2799
      vertex -21.7477 4.8 32.258
      vertex -27.2481 4.8 31.7382
    endloop
  endfacet
  facet normal -0.094072 0.0244098 0.995266
    outer loop
      vertex -21.8289 3.6 32.2799
      vertex -27.2481 4.8 31.7382
      vertex -27.3314 3.6 31.7598
    endloop
  endfacet
  facet normal -0.122225 0.0263074 0.992154
    outer loop
      vertex -27.3314 3.6 31.7598
      vertex -27.2481 4.8 31.7382
      vertex -32.7102 4.8 31.0653
    endloop
  endfacet
  facet normal -0.122261 0.0261441 0.992154
    outer loop
      vertex -27.3314 3.6 31.7598
      vertex -32.7102 4.8 31.0653
      vertex -32.7954 3.6 31.0865
    endloop
  endfacet
  facet normal -0.152504 0.0282236 0.9879
    outer loop
      vertex -37.164 4.58354 30.384
      vertex -32.7102 4.8 31.0653
      vertex -37.1578 4.8 30.3788
    endloop
  endfacet
  facet normal -0.152504 0.0282181 0.9879
    outer loop
      vertex -32.7102 4.8 31.0653
      vertex -37.164 4.58354 30.384
      vertex -32.7954 3.6 31.0865
    endloop
  endfacet
  facet normal -0.152551 0.0280054 0.987899
    outer loop
      vertex -32.7954 3.6 31.0865
      vertex -37.164 4.58354 30.384
      vertex -37.1915 3.6 30.4076
    endloop
  endfacet
  facet normal 0.221032 0.004083 0.975258
    outer loop
      vertex 108.785 4.8766 18.1046
      vertex 108.764 6 18.1046
      vertex 103.404 6 19.3194
    endloop
  endfacet
  facet normal 0.221148 0.00467123 0.975229
    outer loop
      vertex 103.351 4.8 19.3371
      vertex 108.785 4.8766 18.1046
      vertex 103.404 6 19.3194
    endloop
  endfacet
  facet normal 0.221148 0.00466961 0.975229
    outer loop
      vertex 108.785 4.8766 18.1046
      vertex 103.351 4.8 19.3371
      vertex 108.786 4.8 18.1046
    endloop
  endfacet
  facet normal 0.216638 0.00488375 0.97624
    outer loop
      vertex 103.351 4.8 19.3371
      vertex 103.404 6 19.3194
      vertex 97.6303 6 20.6006
    endloop
  endfacet
  facet normal 0.216752 0.00545723 0.976211
    outer loop
      vertex 103.351 4.8 19.3371
      vertex 97.6303 6 20.6006
      vertex 97.5746 4.8 20.6197
    endloop
  endfacet
  facet normal 0.21086 0.00575133 0.977499
    outer loop
      vertex 97.5746 4.8 20.6197
      vertex 97.6303 6 20.6006
      vertex 91.8736 6 21.8424
    endloop
  endfacet
  facet normal 0.210972 0.00631148 0.977472
    outer loop
      vertex 97.5746 4.8 20.6197
      vertex 91.8736 6 21.8424
      vertex 91.8148 4.8 21.8628
    endloop
  endfacet
  facet normal 0.203833 0.00668738 0.978983
    outer loop
      vertex 91.8148 4.8 21.8628
      vertex 91.8736 6 21.8424
      vertex 86.129 6 23.0385
    endloop
  endfacet
  facet normal 0.203942 0.00722701 0.978956
    outer loop
      vertex 91.8148 4.8 21.8628
      vertex 86.129 6 23.0385
      vertex 86.067 4.8 23.0602
    endloop
  endfacet
  facet normal 0.195671 0.00768485 0.98064
    outer loop
      vertex 86.067 4.8 23.0602
      vertex 86.129 6 23.0385
      vertex 80.396 6 24.1824
    endloop
  endfacet
  facet normal 0.195776 0.00820451 0.980614
    outer loop
      vertex 86.067 4.8 23.0602
      vertex 80.396 6 24.1824
      vertex 80.3309 4.8 24.2054
    endloop
  endfacet
  facet normal 0.186506 0.00874203 0.982415
    outer loop
      vertex 80.3309 4.8 24.2054
      vertex 80.396 6 24.1824
      vertex 74.6733 6 25.2688
    endloop
  endfacet
  facet normal 0.186607 0.00923654 0.982391
    outer loop
      vertex 80.3309 4.8 24.2054
      vertex 74.6733 6 25.2688
      vertex 74.605 4.8 25.2931
    endloop
  endfacet
  facet normal 0.176423 0.00985348 0.984265
    outer loop
      vertex 74.605 4.8 25.2931
      vertex 74.6733 6 25.2688
      vertex 68.958 6 26.2932
    endloop
  endfacet
  facet normal 0.176519 0.0103232 0.984243
    outer loop
      vertex 74.605 4.8 25.2931
      vertex 68.958 6 26.2932
      vertex 68.8867 4.8 26.3186
    endloop
  endfacet
  facet normal 0.165759 0.0110023 0.986105
    outer loop
      vertex 68.8867 4.8 26.3186
      vertex 68.958 6 26.2932
      vertex 63.2468 6 27.2533
    endloop
  endfacet
  facet normal 0.16585 0.0114465 0.986084
    outer loop
      vertex 68.8867 4.8 26.3186
      vertex 63.2468 6 27.2533
      vertex 63.1723 4.8 27.2797
    endloop
  endfacet
  facet normal 0.154646 0.0121816 0.987895
    outer loop
      vertex 63.1723 4.8 27.2797
      vertex 63.2468 6 27.2533
      vertex 57.5367 6 28.1471
    endloop
  endfacet
  facet normal 0.154732 0.0125998 0.987876
    outer loop
      vertex 63.1723 4.8 27.2797
      vertex 57.5367 6 28.1471
      vertex 57.4591 4.8 28.1746
    endloop
  endfacet
  facet normal 0.143162 0.0133874 0.989609
    outer loop
      vertex 57.4591 4.8 28.1746
      vertex 57.5367 6 28.1471
      vertex 51.8278 6 28.973
    endloop
  endfacet
  facet normal 0.143242 0.0137751 0.989592
    outer loop
      vertex 57.4591 4.8 28.1746
      vertex 51.8278 6 28.973
      vertex 51.7471 4.8 29.0014
    endloop
  endfacet
  facet normal 0.131358 0.0146127 0.991227
    outer loop
      vertex 51.7471 4.8 29.0014
      vertex 51.8278 6 28.973
      vertex 46.1195 6 29.7295
    endloop
  endfacet
  facet normal 0.131433 0.0149715 0.991212
    outer loop
      vertex 51.7471 4.8 29.0014
      vertex 46.1195 6 29.7295
      vertex 46.0357 4.8 29.7587
    endloop
  endfacet
  facet normal 0.119294 0.015856 0.992732
    outer loop
      vertex 46.0357 4.8 29.7587
      vertex 46.1195 6 29.7295
      vertex 40.4136 6 30.4151
    endloop
  endfacet
  facet normal 0.119364 0.0161889 0.992719
    outer loop
      vertex 46.0357 4.8 29.7587
      vertex 40.4136 6 30.4151
      vertex 40.3267 4.8 30.4452
    endloop
  endfacet
  facet normal 0.106779 0.0171354 0.994135
    outer loop
      vertex 40.3267 4.8 30.4452
      vertex 40.4136 6 30.4151
      vertex 34.7107 6 31.0277
    endloop
  endfacet
  facet normal 0.106842 0.0174344 0.994123
    outer loop
      vertex 40.3267 4.8 30.4452
      vertex 34.7107 6 31.0277
      vertex 34.6208 4.8 31.0584
    endloop
  endfacet
  facet normal 0.0937579 0.0184488 0.995424
    outer loop
      vertex 34.6208 4.8 31.0584
      vertex 34.7107 6 31.0277
      vertex 29.0138 6 31.5643
    endloop
  endfacet
  facet normal 0.0938145 0.0187178 0.995414
    outer loop
      vertex 34.6208 4.8 31.0584
      vertex 29.0138 6 31.5643
      vertex 28.9207 4.8 31.5956
    endloop
  endfacet
  facet normal 0.080143 0.0198089 0.996587
    outer loop
      vertex 28.9207 4.8 31.5956
      vertex 29.0138 6 31.5643
      vertex 23.3256 6 32.0217
    endloop
  endfacet
  facet normal 0.0801923 0.0200418 0.996578
    outer loop
      vertex 28.9207 4.8 31.5956
      vertex 23.3256 6 32.0217
      vertex 23.2294 4.8 32.0536
    endloop
  endfacet
  facet normal 0.0656889 0.0212317 0.997614
    outer loop
      vertex 23.2294 4.8 32.0536
      vertex 23.3256 6 32.0217
      vertex 17.6471 6 32.3956
    endloop
  endfacet
  facet normal 0.0657318 0.0214332 0.997607
    outer loop
      vertex 23.2294 4.8 32.0536
      vertex 17.6471 6 32.3956
      vertex 17.5479 4.8 32.4279
    endloop
  endfacet
  facet normal 0.0503831 0.0227261 0.998471
    outer loop
      vertex 17.5479 4.8 32.4279
      vertex 17.6471 6 32.3956
      vertex 11.9789 6 32.6816
    endloop
  endfacet
  facet normal 0.0504179 0.0228888 0.998466
    outer loop
      vertex 17.5479 4.8 32.4279
      vertex 11.9789 6 32.6816
      vertex 11.8766 4.8 32.7143
    endloop
  endfacet
  facet normal 0.0342254 0.0242876 0.999119
    outer loop
      vertex 11.8766 4.8 32.7143
      vertex 11.9789 6 32.6816
      vertex 6.32074 6 32.8755
    endloop
  endfacet
  facet normal 0.0342525 0.0244134 0.999115
    outer loop
      vertex 11.8766 4.8 32.7143
      vertex 6.32074 6 32.8755
      vertex 6.21532 4.8 32.9084
    endloop
  endfacet
  facet normal 0.0171707 0.025925 0.999516
    outer loop
      vertex 6.21532 4.8 32.9084
      vertex 6.32074 6 32.8755
      vertex 0.676985 6 32.9724
    endloop
  endfacet
  facet normal 0.0171884 0.0260066 0.999514
    outer loop
      vertex 6.21532 4.8 32.9084
      vertex 0.676985 6 32.9724
      vertex 0.568502 4.8 33.0055
    endloop
  endfacet
  facet normal -0.00117434 0.0276695 0.999616
    outer loop
      vertex 0.568502 4.8 33.0055
      vertex 0.676985 6 32.9724
      vertex -4.94381 6 32.9658
    endloop
  endfacet
  facet normal -0.00116624 0.0277066 0.999615
    outer loop
      vertex 0.568502 4.8 33.0055
      vertex -4.94381 6 32.9658
      vertex -5.05535 4.8 32.9989
    endloop
  endfacet
  facet normal -0.0214708 0.029586 0.999332
    outer loop
      vertex -5.05535 4.8 32.9989
      vertex -4.94381 6 32.9658
      vertex -10.5354 6 32.8457
    endloop
  endfacet
  facet normal -0.0214728 0.029577 0.999332
    outer loop
      vertex -5.05535 4.8 32.9989
      vertex -10.5354 6 32.8457
      vertex -10.65 4.8 32.8787
    endloop
  endfacet
  facet normal -0.0437351 0.0316807 0.998541
    outer loop
      vertex -10.65 4.8 32.8787
      vertex -10.5354 6 32.8457
      vertex -16.0965 6 32.6021
    endloop
  endfacet
  facet normal -0.0437484 0.0316207 0.998542
    outer loop
      vertex -10.65 4.8 32.8787
      vertex -16.0965 6 32.6021
      vertex -16.214 4.8 32.635
    endloop
  endfacet
  facet normal -0.0679008 0.0339483 0.997114
    outer loop
      vertex -16.214 4.8 32.635
      vertex -16.0965 6 32.6021
      vertex -21.6271 6 32.2255
    endloop
  endfacet
  facet normal -0.0679274 0.0338291 0.997117
    outer loop
      vertex -16.214 4.8 32.635
      vertex -21.6271 6 32.2255
      vertex -21.7477 4.8 32.258
    endloop
  endfacet
  facet normal -0.0939722 0.0363866 0.99491
    outer loop
      vertex -21.7477 4.8 32.258
      vertex -21.6271 6 32.2255
      vertex -27.1245 6 31.7062
    endloop
  endfacet
  facet normal -0.0940122 0.0362083 0.994912
    outer loop
      vertex -21.7477 4.8 32.258
      vertex -27.1245 6 31.7062
      vertex -27.2481 4.8 31.7382
    endloop
  endfacet
  facet normal -0.122121 0.0390184 0.991748
    outer loop
      vertex -27.2481 4.8 31.7382
      vertex -27.1245 6 31.7062
      vertex -32.5837 6 31.034
    endloop
  endfacet
  facet normal -0.122175 0.0387766 0.991751
    outer loop
      vertex -27.2481 4.8 31.7382
      vertex -32.5837 6 31.034
      vertex -32.7102 4.8 31.0653
    endloop
  endfacet
  facet normal -0.152362 0.0418477 0.987438
    outer loop
      vertex -37.1162 5.80028 30.3431
      vertex -32.5837 6 31.034
      vertex -37.1078 6 30.3359
    endloop
  endfacet
  facet normal -0.152362 0.0418468 0.987438
    outer loop
      vertex -32.5837 6 31.034
      vertex -37.1162 5.80028 30.3431
      vertex -32.7102 4.8 31.0653
    endloop
  endfacet
  facet normal -0.152433 0.0415371 0.987441
    outer loop
      vertex -32.7102 4.8 31.0653
      vertex -37.1162 5.80028 30.3431
      vertex -37.1578 4.8 30.3788
    endloop
  endfacet
  facet normal 0.220867 0.00571785 0.975287
    outer loop
      vertex 108.761 6.09221 18.1046
      vertex 108.733 7.2 18.1046
      vertex 103.477 7.2 19.2947
    endloop
  endfacet
  facet normal 0.221029 0.0065387 0.975245
    outer loop
      vertex 103.404 6 19.3194
      vertex 108.761 6.09221 18.1046
      vertex 103.477 7.2 19.2947
    endloop
  endfacet
  facet normal 0.221029 0.00654738 0.975245
    outer loop
      vertex 108.761 6.09221 18.1046
      vertex 103.404 6 19.3194
      vertex 108.764 6 18.1046
    endloop
  endfacet
  facet normal 0.216475 0.00683866 0.976264
    outer loop
      vertex 103.404 6 19.3194
      vertex 103.477 7.2 19.2947
      vertex 97.7082 7.2 20.5739
    endloop
  endfacet
  facet normal 0.216634 0.00763929 0.976223
    outer loop
      vertex 103.404 6 19.3194
      vertex 97.7082 7.2 20.5739
      vertex 97.6303 6 20.6006
    endloop
  endfacet
  facet normal 0.210699 0.00805338 0.977518
    outer loop
      vertex 97.6303 6 20.6006
      vertex 97.7082 7.2 20.5739
      vertex 91.9559 7.2 21.8138
    endloop
  endfacet
  facet normal 0.210855 0.0088314 0.977477
    outer loop
      vertex 97.6303 6 20.6006
      vertex 91.9559 7.2 21.8138
      vertex 91.8736 6 21.8424
    endloop
  endfacet
  facet normal 0.203676 0.00935984 0.978994
    outer loop
      vertex 91.8736 6 21.8424
      vertex 91.9559 7.2 21.8138
      vertex 86.2157 7.2 23.008
    endloop
  endfacet
  facet normal 0.203827 0.0101122 0.978955
    outer loop
      vertex 91.8736 6 21.8424
      vertex 86.2157 7.2 23.008
      vertex 86.129 6 23.0385
    endloop
  endfacet
  facet normal 0.195518 0.0107551 0.980641
    outer loop
      vertex 86.129 6 23.0385
      vertex 86.2157 7.2 23.008
      vertex 80.487 7.2 24.1502
    endloop
  endfacet
  facet normal 0.195664 0.0114772 0.980604
    outer loop
      vertex 86.129 6 23.0385
      vertex 80.487 7.2 24.1502
      vertex 80.396 6 24.1824
    endloop
  endfacet
  facet normal 0.186357 0.0122316 0.982406
    outer loop
      vertex 80.396 6 24.1824
      vertex 80.487 7.2 24.1502
      vertex 74.7687 7.2 25.2349
    endloop
  endfacet
  facet normal 0.186498 0.0129216 0.98237
    outer loop
      vertex 80.396 6 24.1824
      vertex 74.7687 7.2 25.2349
      vertex 74.6733 6 25.2688
    endloop
  endfacet
  facet normal 0.176279 0.0137869 0.984244
    outer loop
      vertex 74.6733 6 25.2688
      vertex 74.7687 7.2 25.2349
      vertex 69.0577 7.2 26.2578
    endloop
  endfacet
  facet normal 0.176413 0.0144422 0.98421
    outer loop
      vertex 74.6733 6 25.2688
      vertex 69.0577 7.2 26.2578
      vertex 68.958 6 26.2932
    endloop
  endfacet
  facet normal 0.165621 0.0153942 0.986069
    outer loop
      vertex 68.958 6 26.2932
      vertex 69.0577 7.2 26.2578
      vertex 63.3508 7.2 27.2163
    endloop
  endfacet
  facet normal 0.165748 0.0160123 0.986038
    outer loop
      vertex 68.958 6 26.2932
      vertex 63.3508 7.2 27.2163
      vertex 63.2468 6 27.2533
    endloop
  endfacet
  facet normal 0.154514 0.0170424 0.987844
    outer loop
      vertex 63.2468 6 27.2533
      vertex 63.3508 7.2 27.2163
      vertex 57.6451 7.2 28.1088
    endloop
  endfacet
  facet normal 0.154634 0.01762 0.987815
    outer loop
      vertex 63.2468 6 27.2533
      vertex 57.6451 7.2 28.1088
      vertex 57.5367 6 28.1471
    endloop
  endfacet
  facet normal 0.143036 0.0187233 0.98954
    outer loop
      vertex 57.5367 6 28.1471
      vertex 57.6451 7.2 28.1088
      vertex 51.9405 7.2 28.9333
    endloop
  endfacet
  facet normal 0.143148 0.0192655 0.989514
    outer loop
      vertex 57.5367 6 28.1471
      vertex 51.9405 7.2 28.9333
      vertex 51.8278 6 28.973
    endloop
  endfacet
  facet normal 0.131239 0.0204385 0.99114
    outer loop
      vertex 51.8278 6 28.973
      vertex 51.9405 7.2 28.9333
      vertex 46.2366 7.2 29.6886
    endloop
  endfacet
  facet normal 0.131343 0.0209385 0.991116
    outer loop
      vertex 51.8278 6 28.973
      vertex 46.2366 7.2 29.6886
      vertex 46.1195 6 29.7295
    endloop
  endfacet
  facet normal 0.119182 0.0221768 0.992625
    outer loop
      vertex 46.1195 6 29.7295
      vertex 46.2366 7.2 29.6886
      vertex 40.5351 7.2 30.3732
    endloop
  endfacet
  facet normal 0.119279 0.022636 0.992603
    outer loop
      vertex 46.1195 6 29.7295
      vertex 40.5351 7.2 30.3732
      vertex 40.4136 6 30.4151
    endloop
  endfacet
  facet normal 0.106676 0.0239607 0.994005
    outer loop
      vertex 40.4136 6 30.4151
      vertex 40.5351 7.2 30.3732
      vertex 34.8365 7.2 30.9847
    endloop
  endfacet
  facet normal 0.106763 0.0243774 0.993986
    outer loop
      vertex 40.4136 6 30.4151
      vertex 34.8365 7.2 30.9847
      vertex 34.7107 6 31.0277
    endloop
  endfacet
  facet normal 0.0936629 0.0257967 0.99527
    outer loop
      vertex 34.7107 6 31.0277
      vertex 34.8365 7.2 30.9847
      vertex 29.144 7.2 31.5205
    endloop
  endfacet
  facet normal 0.0937417 0.0261694 0.995253
    outer loop
      vertex 34.7107 6 31.0277
      vertex 29.144 7.2 31.5205
      vertex 29.0138 6 31.5643
    endloop
  endfacet
  facet normal 0.0800577 0.0276954 0.996405
    outer loop
      vertex 29.0138 6 31.5643
      vertex 29.144 7.2 31.5205
      vertex 23.46 7.2 31.9772
    endloop
  endfacet
  facet normal 0.0801273 0.0280226 0.996391
    outer loop
      vertex 29.0138 6 31.5643
      vertex 23.46 7.2 31.9772
      vertex 23.3256 6 32.0217
    endloop
  endfacet
  facet normal 0.0656147 0.0296862 0.997403
    outer loop
      vertex 23.3256 6 32.0217
      vertex 23.46 7.2 31.9772
      vertex 17.7859 7.2 32.3504
    endloop
  endfacet
  facet normal 0.0656742 0.0299644 0.997391
    outer loop
      vertex 23.3256 6 32.0217
      vertex 17.7859 7.2 32.3504
      vertex 17.6471 6 32.3956
    endloop
  endfacet
  facet normal 0.0503216 0.0317714 0.998228
    outer loop
      vertex 17.6471 6 32.3956
      vertex 17.7859 7.2 32.3504
      vertex 12.122 7.2 32.6359
    endloop
  endfacet
  facet normal 0.0503703 0.0319972 0.998218
    outer loop
      vertex 17.6471 6 32.3956
      vertex 12.122 7.2 32.6359
      vertex 11.9789 6 32.6816
    endloop
  endfacet
  facet normal 0.0341792 0.0339513 0.998839
    outer loop
      vertex 11.9789 6 32.6816
      vertex 12.122 7.2 32.6359
      vertex 6.46811 7.2 32.8294
    endloop
  endfacet
  facet normal 0.0342156 0.0341195 0.998832
    outer loop
      vertex 11.9789 6 32.6816
      vertex 6.46811 7.2 32.8294
      vertex 6.32074 6 32.8755
    endloop
  endfacet
  facet normal 0.0171398 0.0362305 0.999196
    outer loop
      vertex 6.32074 6 32.8755
      vertex 6.46811 7.2 32.8294
      vertex 0.828645 7.2 32.9262
    endloop
  endfacet
  facet normal 0.0171652 0.036347 0.999192
    outer loop
      vertex 6.32074 6 32.8755
      vertex 0.828645 7.2 32.9262
      vertex 0.676985 6 32.9724
    endloop
  endfacet
  facet normal -0.00118634 0.0386686 0.999251
    outer loop
      vertex 0.676985 6 32.9724
      vertex 0.828645 7.2 32.9262
      vertex -4.78789 7.2 32.9195
    endloop
  endfacet
  facet normal -0.0011739 0.0387251 0.999249
    outer loop
      vertex 0.676985 6 32.9724
      vertex -4.78789 7.2 32.9195
      vertex -4.94381 6 32.9658
    endloop
  endfacet
  facet normal -0.0214584 0.0413479 0.998914
    outer loop
      vertex -4.94381 6 32.9658
      vertex -4.78789 7.2 32.9195
      vertex -10.3752 7.2 32.7995
    endloop
  endfacet
  facet normal -0.0214619 0.0413322 0.998915
    outer loop
      vertex -4.94381 6 32.9658
      vertex -10.3752 7.2 32.7995
      vertex -10.5354 6 32.8457
    endloop
  endfacet
  facet normal -0.0436953 0.044267 0.998064
    outer loop
      vertex -10.5354 6 32.8457
      vertex -10.3752 7.2 32.7995
      vertex -15.9321 7.2 32.5562
    endloop
  endfacet
  facet normal -0.0437143 0.0441822 0.998067
    outer loop
      vertex -10.5354 6 32.8457
      vertex -15.9321 7.2 32.5562
      vertex -16.0965 6 32.6021
    endloop
  endfacet
  facet normal -0.0678272 0.0474281 0.996569
    outer loop
      vertex -16.0965 6 32.6021
      vertex -15.9321 7.2 32.5562
      vertex -21.4585 7.2 32.18
    endloop
  endfacet
  facet normal -0.0678641 0.047265 0.996574
    outer loop
      vertex -16.0965 6 32.6021
      vertex -21.4585 7.2 32.18
      vertex -21.6271 6 32.2255
    endloop
  endfacet
  facet normal -0.0938575 0.0508301 0.994287
    outer loop
      vertex -21.6271 6 32.2255
      vertex -21.4585 7.2 32.18
      vertex -26.9518 7.2 31.6615
    endloop
  endfacet
  facet normal -0.0939141 0.0505827 0.994294
    outer loop
      vertex -21.6271 6 32.2255
      vertex -26.9518 7.2 31.6615
      vertex -27.1245 6 31.7062
    endloop
  endfacet
  facet normal -0.121957 0.0544983 0.991038
    outer loop
      vertex -27.1245 6 31.7062
      vertex -26.9518 7.2 31.6615
      vertex -32.4068 7.2 30.9902
    endloop
  endfacet
  facet normal -0.122034 0.0541633 0.991047
    outer loop
      vertex -27.1245 6 31.7062
      vertex -32.4068 7.2 30.9902
      vertex -32.5837 6 31.034
    endloop
  endfacet
  facet normal -0.15214 0.0584483 0.986629
    outer loop
      vertex -37.0482 7.02412 30.2849
      vertex -32.4068 7.2 30.9902
      vertex -37.0379 7.2 30.2761
    endloop
  endfacet
  facet normal -0.152139 0.0584397 0.98663
    outer loop
      vertex -32.4068 7.2 30.9902
      vertex -37.0482 7.02412 30.2849
      vertex -32.5837 6 31.034
    endloop
  endfacet
  facet normal -0.152239 0.0580123 0.98664
    outer loop
      vertex -32.5837 6 31.034
      vertex -37.0482 7.02412 30.2849
      vertex -37.1078 6 30.3359
    endloop
  endfacet
  facet normal 0.220645 0.00765903 0.975324
    outer loop
      vertex 108.728 7.31423 18.1046
      vertex 108.69 8.4 18.1046
      vertex 103.575 8.4 19.2617
    endloop
  endfacet
  facet normal 0.220862 0.0087508 0.975266
    outer loop
      vertex 103.477 7.2 19.2947
      vertex 108.728 7.31423 18.1046
      vertex 103.575 8.4 19.2617
    endloop
  endfacet
  facet normal 0.220862 0.00874733 0.975266
    outer loop
      vertex 108.728 7.31423 18.1046
      vertex 103.477 7.2 19.2947
      vertex 108.733 7.2 18.1046
    endloop
  endfacet
  facet normal 0.216255 0.00915621 0.976294
    outer loop
      vertex 103.477 7.2 19.2947
      vertex 103.575 8.4 19.2617
      vertex 97.8123 8.4 20.5382
    endloop
  endfacet
  facet normal 0.216468 0.0102249 0.976236
    outer loop
      vertex 103.477 7.2 19.2947
      vertex 97.8123 8.4 20.5382
      vertex 97.7082 7.2 20.5739
    endloop
  endfacet
  facet normal 0.210483 0.0107828 0.977538
    outer loop
      vertex 97.7082 7.2 20.5739
      vertex 97.8123 8.4 20.5382
      vertex 92.0659 8.4 21.7756
    endloop
  endfacet
  facet normal 0.210691 0.0118165 0.977481
    outer loop
      vertex 97.7082 7.2 20.5739
      vertex 92.0659 8.4 21.7756
      vertex 91.9559 7.2 21.8138
    endloop
  endfacet
  facet normal 0.203464 0.0125272 0.979002
    outer loop
      vertex 91.9559 7.2 21.8138
      vertex 92.0659 8.4 21.7756
      vertex 86.3315 8.4 22.9673
    endloop
  endfacet
  facet normal 0.203666 0.0135285 0.978947
    outer loop
      vertex 91.9559 7.2 21.8138
      vertex 86.3315 8.4 22.9673
      vertex 86.2157 7.2 23.008
    endloop
  endfacet
  facet normal 0.195311 0.0143922 0.980636
    outer loop
      vertex 86.2157 7.2 23.008
      vertex 86.3315 8.4 22.9673
      vertex 80.6087 8.4 24.1071
    endloop
  endfacet
  facet normal 0.195506 0.0153533 0.980582
    outer loop
      vertex 86.2157 7.2 23.008
      vertex 80.6087 8.4 24.1071
      vertex 80.487 7.2 24.1502
    endloop
  endfacet
  facet normal 0.186156 0.0163657 0.982384
    outer loop
      vertex 80.487 7.2 24.1502
      vertex 80.6087 8.4 24.1071
      vertex 74.8961 8.4 25.1896
    endloop
  endfacet
  facet normal 0.186343 0.0172818 0.982333
    outer loop
      vertex 80.487 7.2 24.1502
      vertex 74.8961 8.4 25.1896
      vertex 74.7687 7.2 25.2349
    endloop
  endfacet
  facet normal 0.176084 0.0184421 0.984202
    outer loop
      vertex 74.7687 7.2 25.2349
      vertex 74.8961 8.4 25.1896
      vertex 69.191 8.4 26.2103
    endloop
  endfacet
  facet normal 0.176263 0.019312 0.984154
    outer loop
      vertex 74.7687 7.2 25.2349
      vertex 69.191 8.4 26.2103
      vertex 69.0577 7.2 26.2578
    endloop
  endfacet
  facet normal 0.165433 0.0205882 0.986006
    outer loop
      vertex 69.0577 7.2 26.2578
      vertex 69.191 8.4 26.2103
      vertex 63.4899 8.4 27.1669
    endloop
  endfacet
  facet normal 0.165603 0.0214087 0.98596
    outer loop
      vertex 69.0577 7.2 26.2578
      vertex 63.4899 8.4 27.1669
      vertex 63.3508 7.2 27.2163
    endloop
  endfacet
  facet normal 0.154334 0.0227888 0.987756
    outer loop
      vertex 63.3508 7.2 27.2163
      vertex 63.4899 8.4 27.1669
      vertex 57.79 8.4 28.0575
    endloop
  endfacet
  facet normal 0.154494 0.0235611 0.987713
    outer loop
      vertex 63.3508 7.2 27.2163
      vertex 57.79 8.4 28.0575
      vertex 57.6451 7.2 28.1088
    endloop
  endfacet
  facet normal 0.142864 0.0250387 0.989426
    outer loop
      vertex 57.6451 7.2 28.1088
      vertex 57.79 8.4 28.0575
      vertex 52.0912 8.4 28.8803
    endloop
  endfacet
  facet normal 0.143013 0.0257545 0.989386
    outer loop
      vertex 57.6451 7.2 28.1088
      vertex 52.0912 8.4 28.8803
      vertex 51.9405 7.2 28.9333
    endloop
  endfacet
  facet normal 0.131076 0.0273249 0.990996
    outer loop
      vertex 51.9405 7.2 28.9333
      vertex 52.0912 8.4 28.8803
      vertex 46.3931 8.4 29.634
    endloop
  endfacet
  facet normal 0.131215 0.0279897 0.990959
    outer loop
      vertex 51.9405 7.2 28.9333
      vertex 46.3931 8.4 29.634
      vertex 46.2366 7.2 29.6886
    endloop
  endfacet
  facet normal 0.119029 0.0296469 0.992448
    outer loop
      vertex 46.2366 7.2 29.6886
      vertex 46.3931 8.4 29.634
      vertex 40.6974 8.4 30.3171
    endloop
  endfacet
  facet normal 0.119157 0.0302565 0.992414
    outer loop
      vertex 46.2366 7.2 29.6886
      vertex 40.6974 8.4 30.3171
      vertex 40.5351 7.2 30.3732
    endloop
  endfacet
  facet normal 0.106532 0.0320285 0.993793
    outer loop
      vertex 40.5351 7.2 30.3732
      vertex 40.6974 8.4 30.3171
      vertex 35.0046 8.4 30.9274
    endloop
  endfacet
  facet normal 0.10665 0.032583 0.993763
    outer loop
      vertex 40.5351 7.2 30.3732
      vertex 35.0046 8.4 30.9274
      vertex 34.8365 7.2 30.9847
    endloop
  endfacet
  facet normal 0.0935317 0.0344808 0.995019
    outer loop
      vertex 34.8365 7.2 30.9847
      vertex 35.0046 8.4 30.9274
      vertex 29.3179 8.4 31.4619
    endloop
  endfacet
  facet normal 0.0936368 0.0349746 0.994992
    outer loop
      vertex 34.8365 7.2 30.9847
      vertex 29.3179 8.4 31.4619
      vertex 29.144 7.2 31.5205
    endloop
  endfacet
  facet normal 0.0799396 0.0370142 0.996112
    outer loop
      vertex 29.144 7.2 31.5205
      vertex 29.3179 8.4 31.4619
      vertex 23.6397 8.4 31.9176
    endloop
  endfacet
  facet normal 0.0800322 0.037447 0.996089
    outer loop
      vertex 29.144 7.2 31.5205
      vertex 23.6397 8.4 31.9176
      vertex 23.46 7.2 31.9772
    endloop
  endfacet
  facet normal 0.0655117 0.0396695 0.997063
    outer loop
      vertex 23.46 7.2 31.9772
      vertex 23.6397 8.4 31.9176
      vertex 17.9713 8.4 32.29
    endloop
  endfacet
  facet normal 0.065591 0.0400372 0.997043
    outer loop
      vertex 23.46 7.2 31.9772
      vertex 17.9713 8.4 32.29
      vertex 17.7859 7.2 32.3504
    endloop
  endfacet
  facet normal 0.0502366 0.0424499 0.997835
    outer loop
      vertex 17.7859 7.2 32.3504
      vertex 17.9713 8.4 32.29
      vertex 12.3132 8.4 32.5749
    endloop
  endfacet
  facet normal 0.050301 0.0427465 0.997819
    outer loop
      vertex 17.7859 7.2 32.3504
      vertex 12.3132 8.4 32.5749
      vertex 12.122 7.2 32.6359
    endloop
  endfacet
  facet normal 0.0341129 0.0453548 0.998388
    outer loop
      vertex 12.122 7.2 32.6359
      vertex 12.3132 8.4 32.5749
      vertex 6.66506 8.4 32.7679
    endloop
  endfacet
  facet normal 0.0341633 0.0455857 0.998376
    outer loop
      vertex 12.122 7.2 32.6359
      vertex 6.66506 8.4 32.7679
      vertex 6.46811 7.2 32.8294
    endloop
  endfacet
  facet normal 0.0170983 0.0484021 0.998682
    outer loop
      vertex 6.46811 7.2 32.8294
      vertex 6.66506 8.4 32.7679
      vertex 1.03131 8.4 32.8643
    endloop
  endfacet
  facet normal 0.0171308 0.0485496 0.998674
    outer loop
      vertex 6.46811 7.2 32.8294
      vertex 1.03131 8.4 32.8643
      vertex 0.828645 7.2 32.9262
    endloop
  endfacet
  facet normal -0.00120178 0.0516453 0.998665
    outer loop
      vertex 0.828645 7.2 32.9262
      vertex 1.03131 8.4 32.8643
      vertex -4.57952 8.4 32.8576
    endloop
  endfacet
  facet normal -0.00118564 0.0517179 0.998661
    outer loop
      vertex 0.828645 7.2 32.9262
      vertex -4.57952 8.4 32.8576
      vertex -4.78789 7.2 32.9195
    endloop
  endfacet
  facet normal -0.0214405 0.0552135 0.998244
    outer loop
      vertex -4.78789 7.2 32.9195
      vertex -4.57952 8.4 32.8576
      vertex -10.1612 8.4 32.7377
    endloop
  endfacet
  facet normal -0.021444 0.0551981 0.998245
    outer loop
      vertex -4.78789 7.2 32.9195
      vertex -10.1612 8.4 32.7377
      vertex -10.3752 7.2 32.7995
    endloop
  endfacet
  facet normal -0.0436355 0.0591076 0.997297
    outer loop
      vertex -10.3752 7.2 32.7995
      vertex -10.1612 8.4 32.7377
      vertex -15.7124 8.4 32.4948
    endloop
  endfacet
  facet normal -0.043662 0.0589912 0.997303
    outer loop
      vertex -10.3752 7.2 32.7995
      vertex -15.7124 8.4 32.4948
      vertex -15.9321 7.2 32.5562
    endloop
  endfacet
  facet normal -0.0677187 0.0633128 0.995694
    outer loop
      vertex -15.9321 7.2 32.5562
      vertex -15.7124 8.4 32.4948
      vertex -21.2332 8.4 32.1193
    endloop
  endfacet
  facet normal -0.0677683 0.0630977 0.995704
    outer loop
      vertex -15.9321 7.2 32.5562
      vertex -21.2332 8.4 32.1193
      vertex -21.4585 7.2 32.18
    endloop
  endfacet
  facet normal -0.0936891 0.0678418 0.993287
    outer loop
      vertex -21.4585 7.2 32.18
      vertex -21.2332 8.4 32.1193
      vertex -26.7209 8.4 31.6017
    endloop
  endfacet
  facet normal -0.0937646 0.0675181 0.993302
    outer loop
      vertex -21.4585 7.2 32.18
      vertex -26.7209 8.4 31.6017
      vertex -26.9518 7.2 31.6615
    endloop
  endfacet
  facet normal -0.121715 0.0727254 0.989897
    outer loop
      vertex -26.9518 7.2 31.6615
      vertex -26.7209 8.4 31.6017
      vertex -32.1704 8.4 30.9317
    endloop
  endfacet
  facet normal -0.121819 0.0722835 0.989917
    outer loop
      vertex -26.9518 7.2 31.6615
      vertex -32.1704 8.4 30.9317
      vertex -32.4068 7.2 30.9902
    endloop
  endfacet
  facet normal -0.151808 0.0779672 0.98533
    outer loop
      vertex -36.9445 8.4 30.1961
      vertex -32.4068 7.2 30.9902
      vertex -32.1704 8.4 30.9317
    endloop
  endfacet
  facet normal -0.151807 0.0779722 0.98533
    outer loop
      vertex -32.4068 7.2 30.9902
      vertex -36.9445 8.4 30.1961
      vertex -36.9557 8.25661 30.2058
    endloop
  endfacet
  facet normal -0.151943 0.0774037 0.985354
    outer loop
      vertex -32.4068 7.2 30.9902
      vertex -36.9557 8.25661 30.2058
      vertex -37.0379 7.2 30.2761
    endloop
  endfacet
  facet normal 0.220358 0.00990938 0.975369
    outer loop
      vertex 108.683 8.54405 18.1046
      vertex 108.635 9.6 18.1046
      vertex 103.702 9.6 19.2191
    endloop
  endfacet
  facet normal 0.220637 0.0113121 0.97529
    outer loop
      vertex 103.575 8.4 19.2617
      vertex 108.683 8.54405 18.1046
      vertex 103.702 9.6 19.2191
    endloop
  endfacet
  facet normal 0.220637 0.011323 0.97529
    outer loop
      vertex 108.683 8.54405 18.1046
      vertex 103.575 8.4 19.2617
      vertex 108.69 8.4 18.1046
    endloop
  endfacet
  facet normal 0.21597 0.0118417 0.976328
    outer loop
      vertex 103.575 8.4 19.2617
      vertex 103.702 9.6 19.2191
      vertex 97.9466 9.6 20.4923
    endloop
  endfacet
  facet normal 0.216245 0.0132101 0.97625
    outer loop
      vertex 103.575 8.4 19.2617
      vertex 97.9466 9.6 20.4923
      vertex 97.8123 8.4 20.5382
    endloop
  endfacet
  facet normal 0.210203 0.0139364 0.977559
    outer loop
      vertex 97.8123 8.4 20.5382
      vertex 97.9466 9.6 20.4923
      vertex 92.2077 9.6 21.7263
    endloop
  endfacet
  facet normal 0.210471 0.015268 0.977481
    outer loop
      vertex 97.8123 8.4 20.5382
      vertex 92.2077 9.6 21.7263
      vertex 92.0659 8.4 21.7756
    endloop
  endfacet
  facet normal 0.203188 0.0161915 0.979006
    outer loop
      vertex 92.0659 8.4 21.7756
      vertex 92.2077 9.6 21.7263
      vertex 86.4809 9.6 22.9149
    endloop
  endfacet
  facet normal 0.203449 0.0174752 0.97893
    outer loop
      vertex 92.0659 8.4 21.7756
      vertex 86.4809 9.6 22.9149
      vertex 86.3315 8.4 22.9673
    endloop
  endfacet
  facet normal 0.195041 0.0185958 0.980619
    outer loop
      vertex 86.3315 8.4 22.9673
      vertex 86.4809 9.6 22.9149
      vertex 80.7656 9.6 24.0516
    endloop
  endfacet
  facet normal 0.195292 0.0198294 0.980545
    outer loop
      vertex 86.3315 8.4 22.9673
      vertex 80.7656 9.6 24.0516
      vertex 80.6087 8.4 24.1071
    endloop
  endfacet
  facet normal 0.185894 0.0211416 0.982342
    outer loop
      vertex 80.6087 8.4 24.1071
      vertex 80.7656 9.6 24.0516
      vertex 75.0606 9.6 25.1312
    endloop
  endfacet
  facet normal 0.186135 0.0223186 0.982271
    outer loop
      vertex 80.6087 8.4 24.1071
      vertex 75.0606 9.6 25.1312
      vertex 74.8961 8.4 25.1896
    endloop
  endfacet
  facet normal 0.17583 0.0238212 0.984132
    outer loop
      vertex 74.8961 8.4 25.1896
      vertex 75.0606 9.6 25.1312
      vertex 69.363 9.6 26.1492
    endloop
  endfacet
  facet normal 0.17606 0.0249353 0.984064
    outer loop
      vertex 74.8961 8.4 25.1896
      vertex 69.363 9.6 26.1492
      vertex 69.191 8.4 26.2103
    endloop
  endfacet
  facet normal 0.165187 0.0265869 0.985904
    outer loop
      vertex 69.191 8.4 26.2103
      vertex 69.363 9.6 26.1492
      vertex 63.6694 9.6 27.1031
    endloop
  endfacet
  facet normal 0.165405 0.0276391 0.985838
    outer loop
      vertex 69.191 8.4 26.2103
      vertex 63.6694 9.6 27.1031
      vertex 63.4899 8.4 27.1669
    endloop
  endfacet
  facet normal 0.154097 0.0294244 0.987617
    outer loop
      vertex 63.4899 8.4 27.1669
      vertex 63.6694 9.6 27.1031
      vertex 57.9769 9.6 27.9913
    endloop
  endfacet
  facet normal 0.154303 0.0304095 0.987556
    outer loop
      vertex 63.4899 8.4 27.1669
      vertex 57.9769 9.6 27.9913
      vertex 57.79 8.4 28.0575
    endloop
  endfacet
  facet normal 0.142637 0.0323198 0.989247
    outer loop
      vertex 57.79 8.4 28.0575
      vertex 57.9769 9.6 27.9913
      vertex 52.2856 9.6 28.8119
    endloop
  endfacet
  facet normal 0.14283 0.03324 0.989189
    outer loop
      vertex 57.79 8.4 28.0575
      vertex 52.2856 9.6 28.8119
      vertex 52.0912 8.4 28.8803
    endloop
  endfacet
  facet normal 0.13086 0.0352694 0.990773
    outer loop
      vertex 52.0912 8.4 28.8803
      vertex 52.2856 9.6 28.8119
      vertex 46.595 9.6 29.5635
    endloop
  endfacet
  facet normal 0.131039 0.0361203 0.990719
    outer loop
      vertex 52.0912 8.4 28.8803
      vertex 46.595 9.6 29.5635
      vertex 46.3931 8.4 29.634
    endloop
  endfacet
  facet normal 0.118825 0.0382608 0.992178
    outer loop
      vertex 46.3931 8.4 29.634
      vertex 46.595 9.6 29.5635
      vertex 40.9067 9.6 30.2448
    endloop
  endfacet
  facet normal 0.118991 0.0390416 0.992128
    outer loop
      vertex 46.3931 8.4 29.634
      vertex 40.9067 9.6 30.2448
      vertex 40.6974 8.4 30.3171
    endloop
  endfacet
  facet normal 0.106343 0.0413292 0.99347
    outer loop
      vertex 40.6974 8.4 30.3171
      vertex 40.9067 9.6 30.2448
      vertex 35.2215 9.6 30.8533
    endloop
  endfacet
  facet normal 0.106493 0.0420342 0.993425
    outer loop
      vertex 40.6974 8.4 30.3171
      vertex 35.2215 9.6 30.8533
      vertex 35.0046 8.4 30.9274
    endloop
  endfacet
  facet normal 0.0933567 0.0444829 0.994639
    outer loop
      vertex 35.0046 8.4 30.9274
      vertex 35.2215 9.6 30.8533
      vertex 29.5422 9.6 31.3864
    endloop
  endfacet
  facet normal 0.0934921 0.0451149 0.994597
    outer loop
      vertex 35.0046 8.4 30.9274
      vertex 29.5422 9.6 31.3864
      vertex 29.3179 8.4 31.4619
    endloop
  endfacet
  facet normal 0.0797816 0.0477452 0.995668
    outer loop
      vertex 29.3179 8.4 31.4619
      vertex 29.5422 9.6 31.3864
      vertex 23.8715 9.6 31.8408
    endloop
  endfacet
  facet normal 0.079901 0.048299 0.995632
    outer loop
      vertex 29.3179 8.4 31.4619
      vertex 23.8715 9.6 31.8408
      vertex 23.6397 8.4 31.9176
    endloop
  endfacet
  facet normal 0.0653739 0.0511634 0.996548
    outer loop
      vertex 23.6397 8.4 31.9176
      vertex 23.8715 9.6 31.8408
      vertex 18.2105 9.6 32.2121
    endloop
  endfacet
  facet normal 0.0654759 0.0516323 0.996517
    outer loop
      vertex 23.6397 8.4 31.9176
      vertex 18.2105 9.6 32.2121
      vertex 17.9713 8.4 32.29
    endloop
  endfacet
  facet normal 0.0501213 0.0547401 0.997242
    outer loop
      vertex 17.9713 8.4 32.29
      vertex 18.2105 9.6 32.2121
      vertex 12.5598 9.6 32.4962
    endloop
  endfacet
  facet normal 0.0502055 0.0551244 0.997216
    outer loop
      vertex 17.9713 8.4 32.29
      vertex 12.5598 9.6 32.4962
      vertex 12.3132 8.4 32.5749
    endloop
  endfacet
  facet normal 0.0340258 0.058482 0.997708
    outer loop
      vertex 12.3132 8.4 32.5749
      vertex 12.5598 9.6 32.4962
      vertex 6.91909 9.6 32.6885
    endloop
  endfacet
  facet normal 0.034089 0.058768 0.997689
    outer loop
      vertex 12.3132 8.4 32.5749
      vertex 6.91909 9.6 32.6885
      vertex 6.66506 8.4 32.7679
    endloop
  endfacet
  facet normal 0.0170412 0.0623913 0.997906
    outer loop
      vertex 6.66506 8.4 32.7679
      vertex 6.91909 9.6 32.6885
      vertex 1.29274 9.6 32.7846
    endloop
  endfacet
  facet normal 0.0170848 0.0625869 0.997893
    outer loop
      vertex 6.66506 8.4 32.7679
      vertex 1.29274 9.6 32.7846
      vertex 1.03131 8.4 32.8643
    endloop
  endfacet
  facet normal -0.00122064 0.0665673 0.997781
    outer loop
      vertex 1.03131 8.4 32.8643
      vertex 1.29274 9.6 32.7846
      vertex -4.31074 9.6 32.7777
    endloop
  endfacet
  facet normal -0.00120071 0.0666556 0.997775
    outer loop
      vertex 1.03131 8.4 32.8643
      vertex -4.31074 9.6 32.7777
      vertex -4.57952 8.4 32.8576
    endloop
  endfacet
  facet normal -0.0214142 0.0711472 0.997236
    outer loop
      vertex -4.57952 8.4 32.8576
      vertex -4.31074 9.6 32.7777
      vertex -9.8851 9.6 32.658
    endloop
  endfacet
  facet normal -0.0214189 0.0711267 0.997237
    outer loop
      vertex -4.57952 8.4 32.8576
      vertex -9.8851 9.6 32.658
      vertex -10.1612 8.4 32.7377
    endloop
  endfacet
  facet normal -0.0435518 0.0761465 0.996145
    outer loop
      vertex -10.1612 8.4 32.7377
      vertex -9.8851 9.6 32.658
      vertex -15.429 9.6 32.4157
    endloop
  endfacet
  facet normal -0.0435855 0.076001 0.996155
    outer loop
      vertex -10.1612 8.4 32.7377
      vertex -15.429 9.6 32.4157
      vertex -15.7124 8.4 32.4948
    endloop
  endfacet
  facet normal -0.0675658 0.0815463 0.994377
    outer loop
      vertex -15.7124 8.4 32.4948
      vertex -15.429 9.6 32.4157
      vertex -20.9426 9.6 32.041
    endloop
  endfacet
  facet normal -0.0676304 0.0812716 0.994395
    outer loop
      vertex -15.7124 8.4 32.4948
      vertex -20.9426 9.6 32.041
      vertex -21.2332 8.4 32.1193
    endloop
  endfacet
  facet normal -0.0934515 0.0873542 0.991784
    outer loop
      vertex -21.2332 8.4 32.1193
      vertex -20.9426 9.6 32.041
      vertex -26.4231 9.6 31.5246
    endloop
  endfacet
  facet normal -0.0935499 0.0869418 0.991811
    outer loop
      vertex -21.2332 8.4 32.1193
      vertex -26.4231 9.6 31.5246
      vertex -26.7209 8.4 31.6017
    endloop
  endfacet
  facet normal -0.121373 0.0936129 0.988183
    outer loop
      vertex -26.7209 8.4 31.6017
      vertex -26.4231 9.6 31.5246
      vertex -31.8655 9.6 30.8562
    endloop
  endfacet
  facet normal -0.121508 0.0930541 0.988219
    outer loop
      vertex -26.7209 8.4 31.6017
      vertex -31.8655 9.6 30.8562
      vertex -32.1704 8.4 30.9317
    endloop
  endfacet
  facet normal -0.151338 0.100329 0.983377
    outer loop
      vertex -36.8241 9.6 30.0931
      vertex -32.1704 8.4 30.9317
      vertex -31.8655 9.6 30.8562
    endloop
  endfacet
  facet normal -0.151339 0.100325 0.983378
    outer loop
      vertex -32.1704 8.4 30.9317
      vertex -36.8241 9.6 30.0931
      vertex -36.8343 9.49938 30.1018
    endloop
  endfacet
  facet normal -0.151514 0.0996138 0.983423
    outer loop
      vertex -32.1704 8.4 30.9317
      vertex -36.8343 9.49938 30.1018
      vertex -36.9445 8.4 30.1961
    endloop
  endfacet
  facet normal 0.219995 0.0124689 0.975421
    outer loop
      vertex 108.624 9.78316 18.1046
      vertex 108.566 10.8 18.1046
      vertex 103.861 10.8 19.1657
    endloop
  endfacet
  facet normal 0.220346 0.0142217 0.975318
    outer loop
      vertex 103.702 9.6 19.2191
      vertex 108.624 9.78316 18.1046
      vertex 103.861 10.8 19.1657
    endloop
  endfacet
  facet normal 0.220346 0.0142171 0.975318
    outer loop
      vertex 108.624 9.78316 18.1046
      vertex 103.702 9.6 19.2191
      vertex 108.635 9.6 18.1046
    endloop
  endfacet
  facet normal 0.215611 0.0148949 0.976366
    outer loop
      vertex 103.702 9.6 19.2191
      vertex 103.861 10.8 19.1657
      vertex 98.115 10.8 20.4346
    endloop
  endfacet
  facet normal 0.215956 0.0166036 0.976262
    outer loop
      vertex 103.702 9.6 19.2191
      vertex 98.115 10.8 20.4346
      vertex 97.9466 9.6 20.4923
    endloop
  endfacet
  facet normal 0.209849 0.0175234 0.977577
    outer loop
      vertex 97.9466 9.6 20.4923
      vertex 98.115 10.8 20.4346
      vertex 92.3855 10.8 21.6645
    endloop
  endfacet
  facet normal 0.210184 0.0191802 0.977474
    outer loop
      vertex 97.9466 9.6 20.4923
      vertex 92.3855 10.8 21.6645
      vertex 92.2077 9.6 21.7263
    endloop
  endfacet
  facet normal 0.20284 0.0203471 0.979001
    outer loop
      vertex 92.2077 9.6 21.7263
      vertex 92.3855 10.8 21.6645
      vertex 86.6681 10.8 22.8491
    endloop
  endfacet
  facet normal 0.203166 0.0219496 0.978898
    outer loop
      vertex 92.2077 9.6 21.7263
      vertex 86.6681 10.8 22.8491
      vertex 86.4809 9.6 22.9149
    endloop
  endfacet
  facet normal 0.1947 0.0233632 0.980585
    outer loop
      vertex 86.4809 9.6 22.9149
      vertex 86.6681 10.8 22.8491
      vertex 80.9623 10.8 23.982
    endloop
  endfacet
  facet normal 0.195014 0.024898 0.980484
    outer loop
      vertex 86.4809 9.6 22.9149
      vertex 80.9623 10.8 23.982
      vertex 80.7656 9.6 24.0516
    endloop
  endfacet
  facet normal 0.18556 0.0265515 0.982274
    outer loop
      vertex 80.7656 9.6 24.0516
      vertex 80.9623 10.8 23.982
      vertex 75.2667 10.8 25.058
    endloop
  endfacet
  facet normal 0.185862 0.0280168 0.982176
    outer loop
      vertex 80.7656 9.6 24.0516
      vertex 75.2667 10.8 25.058
      vertex 75.0606 9.6 25.1312
    endloop
  endfacet
  facet normal 0.175506 0.0299083 0.984024
    outer loop
      vertex 75.0606 9.6 25.1312
      vertex 75.2667 10.8 25.058
      vertex 69.5785 10.8 26.0725
    endloop
  endfacet
  facet normal 0.175794 0.0312964 0.983929
    outer loop
      vertex 75.0606 9.6 25.1312
      vertex 69.5785 10.8 26.0725
      vertex 69.363 9.6 26.1492
    endloop
  endfacet
  facet normal 0.164873 0.033374 0.98575
    outer loop
      vertex 69.363 9.6 26.1492
      vertex 69.5785 10.8 26.0725
      vertex 63.8943 10.8 27.0232
    endloop
  endfacet
  facet normal 0.165146 0.0346823 0.985659
    outer loop
      vertex 69.363 9.6 26.1492
      vertex 63.8943 10.8 27.0232
      vertex 63.6694 9.6 27.1031
    endloop
  endfacet
  facet normal 0.153795 0.0369265 0.987413
    outer loop
      vertex 63.6694 9.6 27.1031
      vertex 63.8943 10.8 27.0232
      vertex 58.2112 10.8 27.9084
    endloop
  endfacet
  facet normal 0.154052 0.0381527 0.987326
    outer loop
      vertex 63.6694 9.6 27.1031
      vertex 58.2112 10.8 27.9084
      vertex 57.9769 9.6 27.9913
    endloop
  endfacet
  facet normal 0.142347 0.0405528 0.988986
    outer loop
      vertex 57.9769 9.6 27.9913
      vertex 58.2112 10.8 27.9084
      vertex 52.5293 10.8 28.7262
    endloop
  endfacet
  facet normal 0.142588 0.0416968 0.988903
    outer loop
      vertex 57.9769 9.6 27.9913
      vertex 52.5293 10.8 28.7262
      vertex 52.2856 9.6 28.8119
    endloop
  endfacet
  facet normal 0.130584 0.044245 0.99045
    outer loop
      vertex 52.2856 9.6 28.8119
      vertex 52.5293 10.8 28.7262
      vertex 46.8481 10.8 29.4752
    endloop
  endfacet
  facet normal 0.130807 0.0452998 0.990372
    outer loop
      vertex 52.2856 9.6 28.8119
      vertex 46.8481 10.8 29.4752
      vertex 46.595 9.6 29.5635
    endloop
  endfacet
  facet normal 0.118564 0.047986 0.991786
    outer loop
      vertex 46.595 9.6 29.5635
      vertex 46.8481 10.8 29.4752
      vertex 41.1692 10.8 30.1541
    endloop
  endfacet
  facet normal 0.11877 0.048954 0.991714
    outer loop
      vertex 46.595 9.6 29.5635
      vertex 41.1692 10.8 30.1541
      vertex 40.9067 9.6 30.2448
    endloop
  endfacet
  facet normal 0.106097 0.051823 0.993004
    outer loop
      vertex 40.9067 9.6 30.2448
      vertex 41.1692 10.8 30.1541
      vertex 35.4933 10.8 30.7606
    endloop
  endfacet
  facet normal 0.106286 0.052702 0.992938
    outer loop
      vertex 40.9067 9.6 30.2448
      vertex 35.4933 10.8 30.7606
      vertex 35.2215 9.6 30.8533
    endloop
  endfacet
  facet normal 0.0931305 0.0557711 0.994091
    outer loop
      vertex 35.2215 9.6 30.8533
      vertex 35.4933 10.8 30.7606
      vertex 29.8234 10.8 31.2917
    endloop
  endfacet
  facet normal 0.0932996 0.0565537 0.994031
    outer loop
      vertex 35.2215 9.6 30.8533
      vertex 29.8234 10.8 31.2917
      vertex 29.5422 9.6 31.3864
    endloop
  endfacet
  facet normal 0.0795771 0.059848 0.995031
    outer loop
      vertex 29.5422 9.6 31.3864
      vertex 29.8234 10.8 31.2917
      vertex 24.162 10.8 31.7445
    endloop
  endfacet
  facet normal 0.0797262 0.0605323 0.994977
    outer loop
      vertex 29.5422 9.6 31.3864
      vertex 24.162 10.8 31.7445
      vertex 23.8715 9.6 31.8408
    endloop
  endfacet
  facet normal 0.065195 0.0641172 0.995811
    outer loop
      vertex 23.8715 9.6 31.8408
      vertex 24.162 10.8 31.7445
      vertex 18.5104 10.8 32.1145
    endloop
  endfacet
  facet normal 0.0653225 0.0646972 0.995765
    outer loop
      vertex 23.8715 9.6 31.8408
      vertex 18.5104 10.8 32.1145
      vertex 18.2105 9.6 32.2121
    endloop
  endfacet
  facet normal 0.0499719 0.0685841 0.996393
    outer loop
      vertex 18.2105 9.6 32.2121
      vertex 18.5104 10.8 32.1145
      vertex 12.869 10.8 32.3974
    endloop
  endfacet
  facet normal 0.0500767 0.0690566 0.996355
    outer loop
      vertex 18.2105 9.6 32.2121
      vertex 12.869 10.8 32.3974
      vertex 12.5598 9.6 32.4962
    endloop
  endfacet
  facet normal 0.033911 0.0732527 0.996737
    outer loop
      vertex 12.5598 9.6 32.4962
      vertex 12.869 10.8 32.3974
      vertex 7.23753 10.8 32.589
    endloop
  endfacet
  facet normal 0.0339916 0.0736128 0.996707
    outer loop
      vertex 12.5598 9.6 32.4962
      vertex 7.23753 10.8 32.589
      vertex 6.91909 9.6 32.6885
    endloop
  endfacet
  facet normal 0.0169677 0.078138 0.996798
    outer loop
      vertex 6.91909 9.6 32.6885
      vertex 7.23753 10.8 32.589
      vertex 1.62044 10.8 32.6847
    endloop
  endfacet
  facet normal 0.0170219 0.0783772 0.996778
    outer loop
      vertex 6.91909 9.6 32.6885
      vertex 1.62044 10.8 32.6847
      vertex 1.29274 9.6 32.7846
    endloop
  endfacet
  facet normal -0.00124489 0.083344 0.99652
    outer loop
      vertex 1.29274 9.6 32.7846
      vertex 1.62044 10.8 32.6847
      vertex -3.97382 10.8 32.6777
    endloop
  endfacet
  facet normal -0.00121908 0.0834564 0.996511
    outer loop
      vertex 1.29274 9.6 32.7846
      vertex -3.97382 10.8 32.6777
      vertex -4.31074 9.6 32.7777
    endloop
  endfacet
  facet normal -0.0213762 0.0890564 0.995797
    outer loop
      vertex -4.31074 9.6 32.7777
      vertex -3.97382 10.8 32.6777
      vertex -9.53901 10.8 32.5582
    endloop
  endfacet
  facet normal -0.0213834 0.0890257 0.9958
    outer loop
      vertex -4.31074 9.6 32.7777
      vertex -9.53901 10.8 32.5582
      vertex -9.8851 9.6 32.658
    endloop
  endfacet
  facet normal -0.0434392 0.0952789 0.994502
    outer loop
      vertex -9.8851 9.6 32.658
      vertex -9.53901 10.8 32.5582
      vertex -15.0738 10.8 32.3164
    endloop
  endfacet
  facet normal -0.0434806 0.0951038 0.994517
    outer loop
      vertex -9.8851 9.6 32.658
      vertex -15.0738 10.8 32.3164
      vertex -15.429 9.6 32.4157
    endloop
  endfacet
  facet normal -0.0673592 0.102005 0.992501
    outer loop
      vertex -15.429 9.6 32.4157
      vertex -15.0738 10.8 32.3164
      vertex -20.5784 10.8 31.9429
    endloop
  endfacet
  facet normal -0.0674403 0.101668 0.99253
    outer loop
      vertex -15.429 9.6 32.4157
      vertex -20.5784 10.8 31.9429
      vertex -20.9426 9.6 32.041
    endloop
  endfacet
  facet normal -0.093129 0.10923 0.989644
    outer loop
      vertex -20.9426 9.6 32.041
      vertex -20.5784 10.8 31.9429
      vertex -26.0499 10.8 31.428
    endloop
  endfacet
  facet normal -0.093254 0.108721 0.989689
    outer loop
      vertex -20.9426 9.6 32.041
      vertex -26.0499 10.8 31.428
      vertex -26.4231 9.6 31.5246
    endloop
  endfacet
  facet normal -0.120908 0.117005 0.985744
    outer loop
      vertex -26.4231 9.6 31.5246
      vertex -26.0499 10.8 31.428
      vertex -31.4833 10.8 30.7615
    endloop
  endfacet
  facet normal -0.121081 0.116317 0.985804
    outer loop
      vertex -26.4231 9.6 31.5246
      vertex -31.4833 10.8 30.7615
      vertex -31.8655 9.6 30.8562
    endloop
  endfacet
  facet normal -0.150698 0.12534 0.980602
    outer loop
      vertex -36.6733 10.8 29.9639
      vertex -31.8655 9.6 30.8562
      vertex -31.4833 10.8 30.7615
    endloop
  endfacet
  facet normal -0.150691 0.125367 0.980599
    outer loop
      vertex -31.8655 9.6 30.8562
      vertex -36.6733 10.8 29.9639
      vertex -36.679 10.7542 29.9689
    endloop
  endfacet
  facet normal -0.150922 0.124464 0.980679
    outer loop
      vertex -31.8655 9.6 30.8562
      vertex -36.679 10.7542 29.9689
      vertex -36.8241 9.6 30.0931
    endloop
  endfacet
  facet normal 0.219548 0.0153359 0.975481
    outer loop
      vertex 108.547 11.0332 18.1046
      vertex 108.48 12 18.1046
      vertex 104.055 12 19.1004
    endloop
  endfacet
  facet normal 0.219978 0.0174711 0.975348
    outer loop
      vertex 103.861 10.8 19.1657
      vertex 108.547 11.0332 18.1046
      vertex 104.055 12 19.1004
    endloop
  endfacet
  facet normal 0.219978 0.0174693 0.975348
    outer loop
      vertex 108.547 11.0332 18.1046
      vertex 103.861 10.8 19.1657
      vertex 108.566 10.8 18.1046
    endloop
  endfacet
  facet normal 0.215169 0.0183079 0.976405
    outer loop
      vertex 103.861 10.8 19.1657
      vertex 104.055 12 19.1004
      vertex 98.321 12 20.3641
    endloop
  endfacet
  facet normal 0.21559 0.0203875 0.976271
    outer loop
      vertex 103.861 10.8 19.1657
      vertex 98.321 12 20.3641
      vertex 98.115 10.8 20.4346
    endloop
  endfacet
  facet normal 0.209411 0.0215263 0.977591
    outer loop
      vertex 98.115 10.8 20.4346
      vertex 98.321 12 20.3641
      vertex 92.6032 12 21.5889
    endloop
  endfacet
  facet normal 0.209823 0.0235464 0.977456
    outer loop
      vertex 98.115 10.8 20.4346
      vertex 92.6032 12 21.5889
      vertex 92.3855 10.8 21.6645
    endloop
  endfacet
  facet normal 0.20241 0.0249872 0.978982
    outer loop
      vertex 92.3855 10.8 21.6645
      vertex 92.6032 12 21.5889
      vertex 86.8974 12 22.7686
    endloop
  endfacet
  facet normal 0.202808 0.0269336 0.978848
    outer loop
      vertex 92.3855 10.8 21.6645
      vertex 86.8974 12 22.7686
      vertex 86.6681 10.8 22.8491
    endloop
  endfacet
  facet normal 0.194277 0.0286761 0.980527
    outer loop
      vertex 86.6681 10.8 22.8491
      vertex 86.8974 12 22.7686
      vertex 81.2031 12 23.8968
    endloop
  endfacet
  facet normal 0.194662 0.0305452 0.980395
    outer loop
      vertex 86.6681 10.8 22.8491
      vertex 81.2031 12 23.8968
      vertex 80.9623 10.8 23.982
    endloop
  endfacet
  facet normal 0.185147 0.0325805 0.982171
    outer loop
      vertex 80.9623 10.8 23.982
      vertex 81.2031 12 23.8968
      vertex 75.519 12 24.9683
    endloop
  endfacet
  facet normal 0.185516 0.0343617 0.98204
    outer loop
      vertex 80.9623 10.8 23.982
      vertex 75.519 12 24.9683
      vertex 75.2667 10.8 25.058
    endloop
  endfacet
  facet normal 0.175104 0.0366875 0.983866
    outer loop
      vertex 75.2667 10.8 25.058
      vertex 75.519 12 24.9683
      vertex 69.8423 12 25.9786
    endloop
  endfacet
  facet normal 0.175455 0.0383728 0.983739
    outer loop
      vertex 75.2667 10.8 25.058
      vertex 69.8423 12 25.9786
      vertex 69.5785 10.8 26.0725
    endloop
  endfacet
  facet normal 0.164483 0.0409252 0.98553
    outer loop
      vertex 69.5785 10.8 26.0725
      vertex 69.8423 12 25.9786
      vertex 64.1696 12 26.9254
    endloop
  endfacet
  facet normal 0.164816 0.0425123 0.985408
    outer loop
      vertex 69.5785 10.8 26.0725
      vertex 64.1696 12 26.9254
      vertex 63.8943 10.8 27.0232
    endloop
  endfacet
  facet normal 0.153418 0.0452676 0.987124
    outer loop
      vertex 63.8943 10.8 27.0232
      vertex 64.1696 12 26.9254
      vertex 58.4981 12 27.8069
    endloop
  endfacet
  facet normal 0.153732 0.0467574 0.987006
    outer loop
      vertex 63.8943 10.8 27.0232
      vertex 58.4981 12 27.8069
      vertex 58.2112 10.8 27.9084
    endloop
  endfacet
  facet normal 0.141985 0.0497017 0.98862
    outer loop
      vertex 58.2112 10.8 27.9084
      vertex 58.4981 12 27.8069
      vertex 52.8277 12 28.6212
    endloop
  endfacet
  facet normal 0.142278 0.0510843 0.988508
    outer loop
      vertex 58.2112 10.8 27.9084
      vertex 52.8277 12 28.6212
      vertex 52.5293 10.8 28.7262
    endloop
  endfacet
  facet normal 0.130237 0.0542082 0.99
    outer loop
      vertex 52.5293 10.8 28.7262
      vertex 52.8277 12 28.6212
      vertex 47.1579 12 29.3671
    endloop
  endfacet
  facet normal 0.130511 0.0554888 0.989893
    outer loop
      vertex 52.5293 10.8 28.7262
      vertex 47.1579 12 29.3671
      vertex 46.8481 10.8 29.4752
    endloop
  endfacet
  facet normal 0.118235 0.0587798 0.991244
    outer loop
      vertex 46.8481 10.8 29.4752
      vertex 47.1579 12 29.3671
      vertex 41.4905 12 30.0431
    endloop
  endfacet
  facet normal 0.118487 0.0599524 0.991144
    outer loop
      vertex 46.8481 10.8 29.4752
      vertex 41.4905 12 30.0431
      vertex 41.1692 10.8 30.1541
    endloop
  endfacet
  facet normal 0.105789 0.0634647 0.992361
    outer loop
      vertex 41.1692 10.8 30.1541
      vertex 41.4905 12 30.0431
      vertex 35.8261 12 30.647
    endloop
  endfacet
  facet normal 0.106019 0.0645261 0.992268
    outer loop
      vertex 41.1692 10.8 30.1541
      vertex 35.8261 12 30.647
      vertex 35.4933 10.8 30.7606
    endloop
  endfacet
  facet normal 0.0928452 0.0682803 0.993337
    outer loop
      vertex 35.4933 10.8 30.7606
      vertex 35.8261 12 30.647
      vertex 30.1676 12 31.1759
    endloop
  endfacet
  facet normal 0.0930519 0.0692272 0.993252
    outer loop
      vertex 35.4933 10.8 30.7606
      vertex 30.1676 12 31.1759
      vertex 29.8234 10.8 31.2917
    endloop
  endfacet
  facet normal 0.0793186 0.0732538 0.994154
    outer loop
      vertex 29.8234 10.8 31.2917
      vertex 30.1676 12 31.1759
      vertex 24.5176 12 31.6266
    endloop
  endfacet
  facet normal 0.0795009 0.0740812 0.994078
    outer loop
      vertex 29.8234 10.8 31.2917
      vertex 24.5176 12 31.6266
      vertex 24.162 10.8 31.7445
    endloop
  endfacet
  facet normal 0.0649682 0.0784591 0.994798
    outer loop
      vertex 24.162 10.8 31.7445
      vertex 24.5176 12 31.6266
      vertex 18.8775 12 31.995
    endloop
  endfacet
  facet normal 0.0651244 0.0791609 0.994732
    outer loop
      vertex 24.162 10.8 31.7445
      vertex 18.8775 12 31.995
      vertex 18.5104 10.8 32.1145
    endloop
  endfacet
  facet normal 0.0497829 0.0839032 0.99523
    outer loop
      vertex 18.5104 10.8 32.1145
      vertex 18.8775 12 31.995
      vertex 13.2474 12 32.2766
    endloop
  endfacet
  facet normal 0.0499108 0.0844715 0.995175
    outer loop
      vertex 18.5104 10.8 32.1145
      vertex 13.2474 12 32.2766
      vertex 12.869 10.8 32.3974
    endloop
  endfacet
  facet normal 0.033766 0.0895867 0.995406
    outer loop
      vertex 12.869 10.8 32.3974
      vertex 13.2474 12 32.2766
      vertex 7.62736 12 32.4672
    endloop
  endfacet
  facet normal 0.0338643 0.0900185 0.995364
    outer loop
      vertex 12.869 10.8 32.3974
      vertex 7.62736 12 32.4672
      vertex 7.23753 10.8 32.589
    endloop
  endfacet
  facet normal 0.0168753 0.0955293 0.995284
    outer loop
      vertex 7.23753 10.8 32.589
      vertex 7.62736 12 32.4672
      vertex 2.02161 12 32.5623
    endloop
  endfacet
  facet normal 0.0169414 0.0958163 0.995255
    outer loop
      vertex 7.23753 10.8 32.589
      vertex 2.02161 12 32.5623
      vertex 1.62044 10.8 32.6847
    endloop
  endfacet
  facet normal -0.00127447 0.101859 0.994798
    outer loop
      vertex 1.62044 10.8 32.6847
      vertex 2.02161 12 32.5623
      vertex -3.56136 12 32.5551
    endloop
  endfacet
  facet normal -0.00124272 0.101995 0.994784
    outer loop
      vertex 1.62044 10.8 32.6847
      vertex -3.56136 12 32.5551
      vertex -3.97382 10.8 32.6777
    endloop
  endfacet
  facet normal -0.0213267 0.108801 0.993835
    outer loop
      vertex -3.97382 10.8 32.6777
      vertex -3.56136 12 32.5551
      vertex -9.11533 12 32.436
    endloop
  endfacet
  facet normal -0.0213342 0.10877 0.993838
    outer loop
      vertex -3.97382 10.8 32.6777
      vertex -9.11533 12 32.436
      vertex -9.53901 10.8 32.5582
    endloop
  endfacet
  facet normal -0.0432905 0.116361 0.992263
    outer loop
      vertex -9.53901 10.8 32.5582
      vertex -9.11533 12 32.436
      vertex -14.639 12 32.195
    endloop
  endfacet
  facet normal -0.0433423 0.116148 0.992286
    outer loop
      vertex -9.53901 10.8 32.5582
      vertex -14.639 12 32.195
      vertex -15.0738 10.8 32.3164
    endloop
  endfacet
  facet normal -0.0670881 0.124516 0.989947
    outer loop
      vertex -15.0738 10.8 32.3164
      vertex -14.639 12 32.195
      vertex -20.1324 12 31.8227
    endloop
  endfacet
  facet normal -0.0671888 0.124109 0.989991
    outer loop
      vertex -15.0738 10.8 32.3164
      vertex -20.1324 12 31.8227
      vertex -20.5784 10.8 31.9429
    endloop
  endfacet
  facet normal -0.0927079 0.133266 0.986735
    outer loop
      vertex -20.5784 10.8 31.9429
      vertex -20.1324 12 31.8227
      vertex -25.5929 12 31.3096
    endloop
  endfacet
  facet normal -0.0928615 0.13266 0.986802
    outer loop
      vertex -20.5784 10.8 31.9429
      vertex -25.5929 12 31.3096
      vertex -26.0499 10.8 31.428
    endloop
  endfacet
  facet normal -0.1203 0.142677 0.982431
    outer loop
      vertex -26.0499 10.8 31.428
      vertex -25.5929 12 31.3096
      vertex -31.0154 12 30.6457
    endloop
  endfacet
  facet normal -0.120513 0.141856 0.982524
    outer loop
      vertex -26.0499 10.8 31.428
      vertex -31.0154 12 30.6457
      vertex -31.4833 10.8 30.7615
    endloop
  endfacet
  facet normal -0.14986 0.152749 0.976837
    outer loop
      vertex -31.4833 10.8 30.7615
      vertex -31.0154 12 30.6457
      vertex -36.3913 12 29.8209
    endloop
  endfacet
  facet normal -0.150138 0.151706 0.976956
    outer loop
      vertex -36.5498 11.6028 29.8582
      vertex -31.4833 10.8 30.7615
      vertex -36.3913 12 29.8209
    endloop
  endfacet
  facet normal -0.150138 0.151703 0.976957
    outer loop
      vertex -31.4833 10.8 30.7615
      vertex -36.5498 11.6028 29.8582
      vertex -36.6733 10.8 29.9639
    endloop
  endfacet
  facet normal -0.18198 0.163716 0.969577
    outer loop
      vertex -36.3913 12 29.8209
      vertex -36.4855 12 29.8032
      vertex -36.5498 11.6028 29.8582
    endloop
  endfacet
  facet normal 0.219009 0.0185038 0.975547
    outer loop
      vertex 108.452 12.2958 18.1046
      vertex 108.375 13.2 18.1046
      vertex 104.289 13.2 19.022
    endloop
  endfacet
  facet normal 0.219525 0.0210516 0.97538
    outer loop
      vertex 104.055 12 19.1004
      vertex 108.452 12.2958 18.1046
      vertex 104.289 13.2 19.022
    endloop
  endfacet
  facet normal 0.219525 0.0210558 0.97538
    outer loop
      vertex 108.452 12.2958 18.1046
      vertex 104.055 12 19.1004
      vertex 108.48 12 18.1046
    endloop
  endfacet
  facet normal 0.214633 0.0220724 0.976445
    outer loop
      vertex 104.055 12 19.1004
      vertex 104.289 13.2 19.022
      vertex 98.5683 13.2 20.2794
    endloop
  endfacet
  facet normal 0.21514 0.0245571 0.976274
    outer loop
      vertex 104.055 12 19.1004
      vertex 98.5683 13.2 20.2794
      vertex 98.321 12 20.3641
    endloop
  endfacet
  facet normal 0.208881 0.02594 0.977597
    outer loop
      vertex 98.321 12 20.3641
      vertex 98.5683 13.2 20.2794
      vertex 92.8644 13.2 21.4981
    endloop
  endfacet
  facet normal 0.209375 0.0283492 0.977424
    outer loop
      vertex 98.321 12 20.3641
      vertex 92.8644 13.2 21.4981
      vertex 92.6032 12 21.5889
    endloop
  endfacet
  facet normal 0.201888 0.030094 0.978946
    outer loop
      vertex 92.6032 12 21.5889
      vertex 92.8644 13.2 21.4981
      vertex 87.1724 13.2 22.672
    endloop
  endfacet
  facet normal 0.202366 0.0324146 0.978773
    outer loop
      vertex 92.6032 12 21.5889
      vertex 87.1724 13.2 22.672
      vertex 86.8974 12 22.7686
    endloop
  endfacet
  facet normal 0.193764 0.0345207 0.980441
    outer loop
      vertex 86.8974 12 22.7686
      vertex 87.1724 13.2 22.672
      vertex 81.492 13.2 23.7946
    endloop
  endfacet
  facet normal 0.194226 0.0367471 0.980268
    outer loop
      vertex 86.8974 12 22.7686
      vertex 81.492 13.2 23.7946
      vertex 81.2031 12 23.8968
    endloop
  endfacet
  facet normal 0.184645 0.0392034 0.982023
    outer loop
      vertex 81.2031 12 23.8968
      vertex 81.492 13.2 23.7946
      vertex 75.8218 13.2 24.8607
    endloop
  endfacet
  facet normal 0.185087 0.0413219 0.981853
    outer loop
      vertex 81.2031 12 23.8968
      vertex 75.8218 13.2 24.8607
      vertex 75.519 12 24.9683
    endloop
  endfacet
  facet normal 0.174614 0.0441252 0.983648
    outer loop
      vertex 75.519 12 24.9683
      vertex 75.8218 13.2 24.8607
      vertex 70.1589 13.2 25.866
    endloop
  endfacet
  facet normal 0.175035 0.0461321 0.983481
    outer loop
      vertex 75.519 12 24.9683
      vertex 70.1589 13.2 25.866
      vertex 69.8423 12 25.9786
    endloop
  endfacet
  facet normal 0.164008 0.0492057 0.985231
    outer loop
      vertex 69.8423 12 25.9786
      vertex 70.1589 13.2 25.866
      vertex 64.5 13.2 26.808
    endloop
  endfacet
  facet normal 0.164406 0.051093 0.985069
    outer loop
      vertex 69.8423 12 25.9786
      vertex 64.5 13.2 26.808
      vertex 64.1696 12 26.9254
    endloop
  endfacet
  facet normal 0.152957 0.054408 0.986734
    outer loop
      vertex 64.1696 12 26.9254
      vertex 64.5 13.2 26.808
      vertex 58.8422 13.2 27.685
    endloop
  endfacet
  facet normal 0.153333 0.0561737 0.986577
    outer loop
      vertex 64.1696 12 26.9254
      vertex 58.8422 13.2 27.685
      vertex 58.4981 12 27.8069
    endloop
  endfacet
  facet normal 0.141541 0.0597134 0.98813
    outer loop
      vertex 58.4981 12 27.8069
      vertex 58.8422 13.2 27.685
      vertex 53.1856 13.2 28.4953
    endloop
  endfacet
  facet normal 0.141893 0.0613593 0.987978
    outer loop
      vertex 58.4981 12 27.8069
      vertex 53.1856 13.2 28.4953
      vertex 52.8277 12 28.6212
    endloop
  endfacet
  facet normal 0.129812 0.0651118 0.989398
    outer loop
      vertex 52.8277 12 28.6212
      vertex 53.1856 13.2 28.4953
      vertex 47.5296 13.2 29.2374
    endloop
  endfacet
  facet normal 0.130139 0.066628 0.989255
    outer loop
      vertex 52.8277 12 28.6212
      vertex 47.5296 13.2 29.2374
      vertex 47.1579 12 29.3671
    endloop
  endfacet
  facet normal 0.117831 0.070578 0.990522
    outer loop
      vertex 47.1579 12 29.3671
      vertex 47.5296 13.2 29.2374
      vertex 41.876 13.2 29.9099
    endloop
  endfacet
  facet normal 0.118133 0.0719667 0.990387
    outer loop
      vertex 47.1579 12 29.3671
      vertex 41.876 13.2 29.9099
      vertex 41.4905 12 30.0431
    endloop
  endfacet
  facet normal 0.105409 0.0761787 0.991507
    outer loop
      vertex 41.4905 12 30.0431
      vertex 41.876 13.2 29.9099
      vertex 36.2254 13.2 30.5107
    endloop
  endfacet
  facet normal 0.105684 0.0774368 0.99138
    outer loop
      vertex 41.4905 12 30.0431
      vertex 36.2254 13.2 30.5107
      vertex 35.8261 12 30.647
    endloop
  endfacet
  facet normal 0.0924934 0.0819346 0.992336
    outer loop
      vertex 35.8261 12 30.647
      vertex 36.2254 13.2 30.5107
      vertex 30.5806 13.2 31.0368
    endloop
  endfacet
  facet normal 0.0927408 0.0830538 0.99222
    outer loop
      vertex 35.8261 12 30.647
      vertex 30.5806 13.2 31.0368
      vertex 30.1676 12 31.1759
    endloop
  endfacet
  facet normal 0.0789992 0.0878733 0.992994
    outer loop
      vertex 30.1676 12 31.1759
      vertex 30.5806 13.2 31.0368
      vertex 24.9444 13.2 31.4852
    endloop
  endfacet
  facet normal 0.0792177 0.0888512 0.99289
    outer loop
      vertex 30.1676 12 31.1759
      vertex 24.9444 13.2 31.4852
      vertex 24.5176 12 31.6266
    endloop
  endfacet
  facet normal 0.0646875 0.0940858 0.99346
    outer loop
      vertex 24.5176 12 31.6266
      vertex 24.9444 13.2 31.4852
      vertex 19.3179 13.2 31.8516
    endloop
  endfacet
  facet normal 0.0648748 0.0949148 0.993369
    outer loop
      vertex 24.5176 12 31.6266
      vertex 19.3179 13.2 31.8516
      vertex 18.8775 12 31.995
    endloop
  endfacet
  facet normal 0.0495486 0.100579 0.993695
    outer loop
      vertex 18.8775 12 31.995
      vertex 19.3179 13.2 31.8516
      vertex 13.7016 13.2 32.1316
    endloop
  endfacet
  facet normal 0.0497023 0.10125 0.993619
    outer loop
      vertex 18.8775 12 31.995
      vertex 13.7016 13.2 32.1316
      vertex 13.2474 12 32.2766
    endloop
  endfacet
  facet normal 0.0335863 0.107353 0.993653
    outer loop
      vertex 13.2474 12 32.2766
      vertex 13.7016 13.2 32.1316
      vertex 8.09513 13.2 32.3211
    endloop
  endfacet
  facet normal 0.0337045 0.107863 0.993594
    outer loop
      vertex 13.2474 12 32.2766
      vertex 8.09513 13.2 32.3211
      vertex 7.62736 12 32.4672
    endloop
  endfacet
  facet normal 0.0167611 0.11443 0.99329
    outer loop
      vertex 7.62736 12 32.4672
      vertex 8.09513 13.2 32.3211
      vertex 2.50297 13.2 32.4155
    endloop
  endfacet
  facet normal 0.0168408 0.114769 0.993249
    outer loop
      vertex 7.62736 12 32.4672
      vertex 2.50297 13.2 32.4155
      vertex 2.02161 12 32.5623
    endloop
  endfacet
  facet normal -0.00130934 0.121962 0.992534
    outer loop
      vertex 2.02161 12 32.5623
      vertex 2.50297 13.2 32.4155
      vertex -3.06646 13.2 32.4081
    endloop
  endfacet
  facet normal -0.00127155 0.122119 0.992515
    outer loop
      vertex 2.02161 12 32.5623
      vertex -3.06646 13.2 32.4081
      vertex -3.56136 12 32.5551
    endloop
  endfacet
  facet normal -0.0212617 0.13021 0.991258
    outer loop
      vertex -3.56136 12 32.5551
      vertex -3.06646 13.2 32.4081
      vertex -8.60696 13.2 32.2893
    endloop
  endfacet
  facet normal -0.0212715 0.13017 0.991264
    outer loop
      vertex -3.56136 12 32.5551
      vertex -8.60696 13.2 32.2893
      vertex -9.11533 12 32.436
    endloop
  endfacet
  facet normal -0.0431023 0.139182 0.989328
    outer loop
      vertex -9.11533 12 32.436
      vertex -8.60696 13.2 32.2893
      vertex -14.1172 13.2 32.0492
    endloop
  endfacet
  facet normal -0.0431638 0.138935 0.98936
    outer loop
      vertex -9.11533 12 32.436
      vertex -14.1172 13.2 32.0492
      vertex -14.639 12 32.195
    endloop
  endfacet
  facet normal -0.0667445 0.148853 0.986604
    outer loop
      vertex -14.639 12 32.195
      vertex -14.1172 13.2 32.0492
      vertex -19.5974 13.2 31.6785
    endloop
  endfacet
  facet normal -0.0668659 0.148379 0.986667
    outer loop
      vertex -14.639 12 32.195
      vertex -19.5974 13.2 31.6785
      vertex -20.1324 12 31.8227
    endloop
  endfacet
  facet normal -0.0921732 0.159214 0.982932
    outer loop
      vertex -20.1324 12 31.8227
      vertex -19.5974 13.2 31.6785
      vertex -25.0446 13.2 31.1677
    endloop
  endfacet
  facet normal -0.0923598 0.158504 0.983029
    outer loop
      vertex -20.1324 12 31.8227
      vertex -25.0446 13.2 31.1677
      vertex -25.5929 12 31.3096
    endloop
  endfacet
  facet normal -0.119529 0.170336 0.97811
    outer loop
      vertex -25.5929 12 31.3096
      vertex -25.0446 13.2 31.1677
      vertex -30.454 13.2 30.5066
    endloop
  endfacet
  facet normal -0.119788 0.169378 0.978244
    outer loop
      vertex -25.5929 12 31.3096
      vertex -30.454 13.2 30.5066
      vertex -31.0154 12 30.6457
    endloop
  endfacet
  facet normal -0.148796 0.182219 0.971934
    outer loop
      vertex -31.0154 12 30.6457
      vertex -30.454 13.2 30.5066
      vertex -35.8169 13.2 29.6856
    endloop
  endfacet
  facet normal -0.149134 0.181005 0.972109
    outer loop
      vertex -31.0154 12 30.6457
      vertex -35.8169 13.2 29.6856
      vertex -36.3913 12 29.8209
    endloop
  endfacet
  facet normal -0.180542 0.195128 0.964018
    outer loop
      vertex -36.2528 13.2 29.604
      vertex -36.3913 12 29.8209
      vertex -35.8169 13.2 29.6856
    endloop
  endfacet
  facet normal -0.180534 0.195127 0.964019
    outer loop
      vertex -36.3913 12 29.8209
      vertex -36.2528 13.2 29.604
      vertex -36.4811 12.0228 29.7995
    endloop
  endfacet
  facet normal -0.180979 0.193585 0.964247
    outer loop
      vertex -36.3913 12 29.8209
      vertex -36.4811 12.0228 29.7995
      vertex -36.4855 12 29.8032
    endloop
  endfacet
  facet normal 0.218367 0.0219657 0.975619
    outer loop
      vertex 108.333 13.573 18.1046
      vertex 108.249 14.4 18.1046
      vertex 104.564 14.4 18.9295
    endloop
  endfacet
  facet normal 0.218978 0.024958 0.97541
    outer loop
      vertex 104.289 13.2 19.022
      vertex 108.333 13.573 18.1046
      vertex 104.564 14.4 18.9295
    endloop
  endfacet
  facet normal 0.218978 0.0249582 0.97541
    outer loop
      vertex 108.333 13.573 18.1046
      vertex 104.289 13.2 19.022
      vertex 108.375 13.2 18.1046
    endloop
  endfacet
  facet normal 0.213997 0.026183 0.976483
    outer loop
      vertex 104.289 13.2 19.022
      vertex 104.564 14.4 18.9295
      vertex 98.8599 14.4 20.1795
    endloop
  endfacet
  facet normal 0.214595 0.029095 0.97627
    outer loop
      vertex 104.289 13.2 19.022
      vertex 98.8599 14.4 20.1795
      vertex 98.5683 13.2 20.2794
    endloop
  endfacet
  facet normal 0.208251 0.0307467 0.977592
    outer loop
      vertex 98.5683 13.2 20.2794
      vertex 98.8599 14.4 20.1795
      vertex 93.1724 14.4 21.3911
    endloop
  endfacet
  facet normal 0.208834 0.033568 0.977375
    outer loop
      vertex 98.5683 13.2 20.2794
      vertex 93.1724 14.4 21.3911
      vertex 92.8644 13.2 21.4981
    endloop
  endfacet
  facet normal 0.201266 0.0356459 0.978888
    outer loop
      vertex 92.8644 13.2 21.4981
      vertex 93.1724 14.4 21.3911
      vertex 87.4969 14.4 22.558
    endloop
  endfacet
  facet normal 0.201831 0.0383679 0.978669
    outer loop
      vertex 92.8644 13.2 21.4981
      vertex 87.4969 14.4 22.558
      vertex 87.1724 13.2 22.672
    endloop
  endfacet
  facet normal 0.193153 0.0408706 0.980317
    outer loop
      vertex 87.1724 13.2 22.672
      vertex 87.4969 14.4 22.558
      vertex 81.8328 14.4 23.674
    endloop
  endfacet
  facet normal 0.193696 0.043474 0.980098
    outer loop
      vertex 87.1724 13.2 22.672
      vertex 81.8328 14.4 23.674
      vertex 81.492 13.2 23.7946
    endloop
  endfacet
  facet normal 0.184045 0.0463881 0.981823
    outer loop
      vertex 81.492 13.2 23.7946
      vertex 81.8328 14.4 23.674
      vertex 76.1789 14.4 24.7339
    endloop
  endfacet
  facet normal 0.184567 0.0488659 0.981604
    outer loop
      vertex 81.492 13.2 23.7946
      vertex 76.1789 14.4 24.7339
      vertex 75.8218 13.2 24.8607
    endloop
  endfacet
  facet normal 0.174029 0.052187 0.983357
    outer loop
      vertex 75.8218 13.2 24.8607
      vertex 76.1789 14.4 24.7339
      vertex 70.5323 14.4 25.7332
    endloop
  endfacet
  facet normal 0.174524 0.0545285 0.983142
    outer loop
      vertex 75.8218 13.2 24.8607
      vertex 70.5323 14.4 25.7332
      vertex 70.1589 13.2 25.866
    endloop
  endfacet
  facet normal 0.163437 0.0581661 0.984838
    outer loop
      vertex 70.1589 13.2 25.866
      vertex 70.5323 14.4 25.7332
      vertex 64.8897 14.4 26.6696
    endloop
  endfacet
  facet normal 0.163907 0.0603717 0.984627
    outer loop
      vertex 70.1589 13.2 25.866
      vertex 64.8897 14.4 26.6696
      vertex 64.5 13.2 26.808
    endloop
  endfacet
  facet normal 0.152404 0.0642913 0.986225
    outer loop
      vertex 64.5 13.2 26.808
      vertex 64.8897 14.4 26.6696
      vertex 59.2482 14.4 27.5414
    endloop
  endfacet
  facet normal 0.152847 0.0663522 0.98602
    outer loop
      vertex 64.5 13.2 26.808
      vertex 59.2482 14.4 27.5414
      vertex 58.8422 13.2 27.685
    endloop
  endfacet
  facet normal 0.141007 0.0705336 0.987493
    outer loop
      vertex 58.8422 13.2 27.685
      vertex 59.2482 14.4 27.5414
      vertex 53.6078 14.4 28.3468
    endloop
  endfacet
  facet normal 0.141421 0.0724487 0.987295
    outer loop
      vertex 58.8422 13.2 27.685
      vertex 53.6078 14.4 28.3468
      vertex 53.1856 13.2 28.4953
    endloop
  endfacet
  facet normal 0.1293 0.0768773 0.988621
    outer loop
      vertex 53.1856 13.2 28.4953
      vertex 53.6078 14.4 28.3468
      vertex 47.9681 14.4 29.0844
    endloop
  endfacet
  facet normal 0.129686 0.0786458 0.988431
    outer loop
      vertex 53.1856 13.2 28.4953
      vertex 47.9681 14.4 29.0844
      vertex 47.5296 13.2 29.2374
    endloop
  endfacet
  facet normal 0.117344 0.0833031 0.989591
    outer loop
      vertex 47.5296 13.2 29.2374
      vertex 47.9681 14.4 29.0844
      vertex 42.3307 14.4 29.7529
    endloop
  endfacet
  facet normal 0.117699 0.0849188 0.989412
    outer loop
      vertex 47.5296 13.2 29.2374
      vertex 42.3307 14.4 29.7529
      vertex 41.876 13.2 29.9099
    endloop
  endfacet
  facet normal 0.10495 0.0898799 0.990408
    outer loop
      vertex 41.876 13.2 29.9099
      vertex 42.3307 14.4 29.7529
      vertex 36.6963 14.4 30.3499
    endloop
  endfacet
  facet normal 0.105274 0.0913406 0.990239
    outer loop
      vertex 41.876 13.2 29.9099
      vertex 36.6963 14.4 30.3499
      vertex 36.2254 13.2 30.5107
    endloop
  endfacet
  facet normal 0.0920676 0.0966324 0.991053
    outer loop
      vertex 36.2254 13.2 30.5107
      vertex 36.6963 14.4 30.3499
      vertex 31.0678 14.4 30.8728
    endloop
  endfacet
  facet normal 0.0923593 0.097933 0.990898
    outer loop
      vertex 36.2254 13.2 30.5107
      vertex 31.0678 14.4 30.8728
      vertex 30.5806 13.2 31.0368
    endloop
  endfacet
  facet normal 0.0786125 0.103597 0.991508
    outer loop
      vertex 30.5806 13.2 31.0368
      vertex 31.0678 14.4 30.8728
      vertex 25.4477 14.4 31.3184
    endloop
  endfacet
  facet normal 0.0788699 0.104731 0.991368
    outer loop
      vertex 30.5806 13.2 31.0368
      vertex 25.4477 14.4 31.3184
      vertex 24.9444 13.2 31.4852
    endloop
  endfacet
  facet normal 0.0643473 0.110875 0.991749
    outer loop
      vertex 24.9444 13.2 31.4852
      vertex 25.4477 14.4 31.3184
      vertex 19.8374 14.4 31.6824
    endloop
  endfacet
  facet normal 0.0645681 0.111835 0.991627
    outer loop
      vertex 24.9444 13.2 31.4852
      vertex 19.8374 14.4 31.6824
      vertex 19.3179 13.2 31.8516
    endloop
  endfacet
  facet normal 0.0492643 0.118475 0.991734
    outer loop
      vertex 19.3179 13.2 31.8516
      vertex 19.8374 14.4 31.6824
      vertex 14.2372 14.4 31.9606
    endloop
  endfacet
  facet normal 0.0494458 0.119253 0.991632
    outer loop
      vertex 19.3179 13.2 31.8516
      vertex 14.2372 14.4 31.9606
      vertex 13.7016 13.2 32.1316
    endloop
  endfacet
  facet normal 0.0333688 0.126399 0.991418
    outer loop
      vertex 13.7016 13.2 32.1316
      vertex 14.2372 14.4 31.9606
      vertex 8.64683 14.4 32.1487
    endloop
  endfacet
  facet normal 0.0335081 0.126987 0.991338
    outer loop
      vertex 13.7016 13.2 32.1316
      vertex 8.64683 14.4 32.1487
      vertex 8.09513 13.2 32.3211
    endloop
  endfacet
  facet normal 0.0166234 0.134665 0.990752
    outer loop
      vertex 8.09513 13.2 32.3211
      vertex 8.64683 14.4 32.1487
      vertex 3.07071 14.4 32.2423
    endloop
  endfacet
  facet normal 0.0167174 0.135055 0.990697
    outer loop
      vertex 8.09513 13.2 32.3211
      vertex 3.07071 14.4 32.2423
      vertex 2.50297 13.2 32.4155
    endloop
  endfacet
  facet normal -0.00135008 0.143453 0.989656
    outer loop
      vertex 2.50297 13.2 32.4155
      vertex 3.07071 14.4 32.2423
      vertex -2.48274 14.4 32.2347
    endloop
  endfacet
  facet normal -0.00130551 0.143634 0.98963
    outer loop
      vertex 2.50297 13.2 32.4155
      vertex -2.48274 14.4 32.2347
      vertex -3.06646 13.2 32.4081
    endloop
  endfacet
  facet normal -0.0211809 0.153065 0.987989
    outer loop
      vertex -3.06646 13.2 32.4081
      vertex -2.48274 14.4 32.2347
      vertex -8.00736 14.4 32.1163
    endloop
  endfacet
  facet normal -0.0211917 0.153022 0.987996
    outer loop
      vertex -3.06646 13.2 32.4081
      vertex -8.00736 14.4 32.1163
      vertex -8.60696 13.2 32.2893
    endloop
  endfacet
  facet normal -0.0428673 0.163509 0.98561
    outer loop
      vertex -8.60696 13.2 32.2893
      vertex -8.00736 14.4 32.1163
      vertex -13.5018 14.4 31.8773
    endloop
  endfacet
  facet normal -0.0429422 0.163218 0.985655
    outer loop
      vertex -8.60696 13.2 32.2893
      vertex -13.5018 14.4 31.8773
      vertex -14.1172 13.2 32.0492
    endloop
  endfacet
  facet normal -0.066321 0.174738 0.982379
    outer loop
      vertex -14.1172 13.2 32.0492
      vertex -13.5018 14.4 31.8773
      vertex -18.9663 14.4 31.5084
    endloop
  endfacet
  facet normal -0.0664645 0.174198 0.982465
    outer loop
      vertex -14.1172 13.2 32.0492
      vertex -18.9663 14.4 31.5084
      vertex -19.5974 13.2 31.6785
    endloop
  endfacet
  facet normal -0.0915145 0.186758 0.978134
    outer loop
      vertex -19.5974 13.2 31.6785
      vertex -18.9663 14.4 31.5084
      vertex -24.3979 14.4 31.0002
    endloop
  endfacet
  facet normal -0.0917359 0.185948 0.978268
    outer loop
      vertex -19.5974 13.2 31.6785
      vertex -24.3979 14.4 31.0002
      vertex -25.0446 13.2 31.1677
    endloop
  endfacet
  facet normal -0.118579 0.199633 0.972669
    outer loop
      vertex -25.0446 13.2 31.1677
      vertex -24.3979 14.4 31.0002
      vertex -29.7918 14.4 30.3427
    endloop
  endfacet
  facet normal -0.118887 0.198542 0.972855
    outer loop
      vertex -25.0446 13.2 31.1677
      vertex -29.7918 14.4 30.3427
      vertex -30.454 13.2 30.5066
    endloop
  endfacet
  facet normal -0.147486 0.213357 0.965778
    outer loop
      vertex -30.454 13.2 30.5066
      vertex -29.7918 14.4 30.3427
      vertex -35.1394 14.4 29.526
    endloop
  endfacet
  facet normal -0.147891 0.211975 0.96602
    outer loop
      vertex -30.454 13.2 30.5066
      vertex -35.1394 14.4 29.526
      vertex -35.8169 13.2 29.6856
    endloop
  endfacet
  facet normal -0.178781 0.228223 0.957054
    outer loop
      vertex -35.9786 14.4 29.3692
      vertex -35.8169 13.2 29.6856
      vertex -35.1394 14.4 29.526
    endloop
  endfacet
  facet normal -0.178783 0.228223 0.957053
    outer loop
      vertex -35.8169 13.2 29.6856
      vertex -35.9786 14.4 29.3692
      vertex -36.2285 13.3071 29.5832
    endloop
  endfacet
  facet normal -0.179294 0.226549 0.957355
    outer loop
      vertex -35.8169 13.2 29.6856
      vertex -36.2285 13.3071 29.5832
      vertex -36.2528 13.2 29.604
    endloop
  endfacet
  facet normal 0.217616 0.0257182 0.975695
    outer loop
      vertex 108.187 14.867 18.1046
      vertex 108.1 15.6 18.1046
      vertex 104.884 15.6 18.8221
    endloop
  endfacet
  facet normal 0.218327 0.0291736 0.975439
    outer loop
      vertex 104.564 14.4 18.9295
      vertex 108.187 14.867 18.1046
      vertex 104.884 15.6 18.8221
    endloop
  endfacet
  facet normal 0.218327 0.0291756 0.975439
    outer loop
      vertex 108.187 14.867 18.1046
      vertex 104.564 14.4 18.9295
      vertex 108.249 14.4 18.1046
    endloop
  endfacet
  facet normal 0.21325 0.0306231 0.976518
    outer loop
      vertex 104.564 14.4 18.9295
      vertex 104.884 15.6 18.8221
      vertex 99.1988 15.6 20.0635
    endloop
  endfacet
  facet normal 0.213946 0.0339866 0.976254
    outer loop
      vertex 104.564 14.4 18.9295
      vertex 99.1988 15.6 20.0635
      vertex 98.8599 14.4 20.1795
    endloop
  endfacet
  facet normal 0.207511 0.0359312 0.977572
    outer loop
      vertex 98.8599 14.4 20.1795
      vertex 99.1988 15.6 20.0635
      vertex 93.5304 15.6 21.2667
    endloop
  endfacet
  facet normal 0.20819 0.0391881 0.977303
    outer loop
      vertex 98.8599 14.4 20.1795
      vertex 93.5304 15.6 21.2667
      vertex 93.1724 14.4 21.3911
    endloop
  endfacet
  facet normal 0.200535 0.0416267 0.978802
    outer loop
      vertex 93.1724 14.4 21.3911
      vertex 93.5304 15.6 21.2667
      vertex 87.8738 15.6 22.4256
    endloop
  endfacet
  facet normal 0.201192 0.0447621 0.978529
    outer loop
      vertex 93.1724 14.4 21.3911
      vertex 87.8738 15.6 22.4256
      vertex 87.4969 14.4 22.558
    endloop
  endfacet
  facet normal 0.192433 0.0476923 0.98015
    outer loop
      vertex 87.4969 14.4 22.558
      vertex 87.8738 15.6 22.4256
      vertex 82.2288 15.6 23.5339
    endloop
  endfacet
  facet normal 0.193066 0.0506913 0.979876
    outer loop
      vertex 87.4969 14.4 22.558
      vertex 82.2288 15.6 23.5339
      vertex 81.8328 14.4 23.674
    endloop
  endfacet
  facet normal 0.183339 0.0540974 0.98156
    outer loop
      vertex 81.8328 14.4 23.674
      vertex 82.2288 15.6 23.5339
      vertex 76.5938 15.6 24.5864
    endloop
  endfacet
  facet normal 0.183945 0.0569513 0.981285
    outer loop
      vertex 81.8328 14.4 23.674
      vertex 76.5938 15.6 24.5864
      vertex 76.1789 14.4 24.7339
    endloop
  endfacet
  facet normal 0.173337 0.0608273 0.982982
    outer loop
      vertex 76.1789 14.4 24.7339
      vertex 76.5938 15.6 24.5864
      vertex 70.9661 15.6 25.5788
    endloop
  endfacet
  facet normal 0.173914 0.0635239 0.98271
    outer loop
      vertex 76.1789 14.4 24.7339
      vertex 70.9661 15.6 25.5788
      vertex 70.5323 14.4 25.7332
    endloop
  endfacet
  facet normal 0.162764 0.067764 0.984335
    outer loop
      vertex 70.5323 14.4 25.7332
      vertex 70.9661 15.6 25.5788
      vertex 65.3424 15.6 26.5087
    endloop
  endfacet
  facet normal 0.163309 0.0702954 0.984067
    outer loop
      vertex 70.5323 14.4 25.7332
      vertex 65.3424 15.6 26.5087
      vertex 64.8897 14.4 26.6696
    endloop
  endfacet
  facet normal 0.15175 0.074859 0.98558
    outer loop
      vertex 64.8897 14.4 26.6696
      vertex 65.3424 15.6 26.5087
      vertex 59.7198 15.6 27.3744
    endloop
  endfacet
  facet normal 0.152264 0.0772261 0.985318
    outer loop
      vertex 64.8897 14.4 26.6696
      vertex 59.7198 15.6 27.3744
      vertex 59.2482 14.4 27.5414
    endloop
  endfacet
  facet normal 0.140375 0.0820896 0.986689
    outer loop
      vertex 59.2482 14.4 27.5414
      vertex 59.7198 15.6 27.3744
      vertex 54.0984 15.6 28.1742
    endloop
  endfacet
  facet normal 0.140856 0.0842865 0.986436
    outer loop
      vertex 59.2482 14.4 27.5414
      vertex 54.0984 15.6 28.1742
      vertex 53.6078 14.4 28.3468
    endloop
  endfacet
  facet normal 0.128694 0.089432 0.987644
    outer loop
      vertex 53.6078 14.4 28.3468
      vertex 54.0984 15.6 28.1742
      vertex 48.4775 15.6 28.9066
    endloop
  endfacet
  facet normal 0.129141 0.0914565 0.9874
    outer loop
      vertex 53.6078 14.4 28.3468
      vertex 48.4775 15.6 28.9066
      vertex 47.9681 14.4 29.0844
    endloop
  endfacet
  facet normal 0.116766 0.0968618 0.988425
    outer loop
      vertex 47.9681 14.4 29.0844
      vertex 48.4775 15.6 28.9066
      vertex 42.859 15.6 29.5703
    endloop
  endfacet
  facet normal 0.117178 0.0987109 0.988193
    outer loop
      vertex 47.9681 14.4 29.0844
      vertex 42.859 15.6 29.5703
      vertex 42.3307 14.4 29.7529
    endloop
  endfacet
  facet normal 0.104405 0.104462 0.989033
    outer loop
      vertex 42.3307 14.4 29.7529
      vertex 42.859 15.6 29.5703
      vertex 37.2435 15.6 30.1631
    endloop
  endfacet
  facet normal 0.104781 0.10613 0.988816
    outer loop
      vertex 42.3307 14.4 29.7529
      vertex 37.2435 15.6 30.1631
      vertex 36.6963 14.4 30.3499
    endloop
  endfacet
  facet normal 0.0915614 0.112257 0.989452
    outer loop
      vertex 36.6963 14.4 30.3499
      vertex 37.2435 15.6 30.1631
      vertex 31.6338 15.6 30.6822
    endloop
  endfacet
  facet normal 0.0919002 0.113742 0.989251
    outer loop
      vertex 36.6963 14.4 30.3499
      vertex 31.6338 15.6 30.6822
      vertex 31.0678 14.4 30.8728
    endloop
  endfacet
  facet normal 0.0781523 0.120291 0.989658
    outer loop
      vertex 31.0678 14.4 30.8728
      vertex 31.6338 15.6 30.6822
      vertex 26.0325 15.6 31.1246
    endloop
  endfacet
  facet normal 0.0784514 0.121584 0.989476
    outer loop
      vertex 31.0678 14.4 30.8728
      vertex 26.0325 15.6 31.1246
      vertex 25.4477 14.4 31.3184
    endloop
  endfacet
  facet normal 0.0639428 0.128679 0.989623
    outer loop
      vertex 25.4477 14.4 31.3184
      vertex 26.0325 15.6 31.1246
      vertex 20.441 15.6 31.4859
    endloop
  endfacet
  facet normal 0.064199 0.12977 0.989464
    outer loop
      vertex 25.4477 14.4 31.3184
      vertex 20.441 15.6 31.4859
      vertex 19.8374 14.4 31.6824
    endloop
  endfacet
  facet normal 0.0489261 0.137426 0.989303
    outer loop
      vertex 19.8374 14.4 31.6824
      vertex 20.441 15.6 31.4859
      vertex 14.8595 15.6 31.7619
    endloop
  endfacet
  facet normal 0.0491369 0.138309 0.989169
    outer loop
      vertex 19.8374 14.4 31.6824
      vertex 14.8595 15.6 31.7619
      vertex 14.2372 14.4 31.9606
    endloop
  endfacet
  facet normal 0.0331104 0.146535 0.988651
    outer loop
      vertex 14.2372 14.4 31.9606
      vertex 14.8595 15.6 31.7619
      vertex 9.28784 15.6 31.9485
    endloop
  endfacet
  facet normal 0.0332721 0.1472 0.988547
    outer loop
      vertex 14.2372 14.4 31.9606
      vertex 9.28784 15.6 31.9485
      vertex 8.64683 14.4 32.1487
    endloop
  endfacet
  facet normal 0.0164593 0.156026 0.987616
    outer loop
      vertex 8.64683 14.4 32.1487
      vertex 9.28784 15.6 31.9485
      vertex 3.73037 15.6 32.0411
    endloop
  endfacet
  facet normal 0.0165696 0.156472 0.987543
    outer loop
      vertex 8.64683 14.4 32.1487
      vertex 3.73037 15.6 32.0411
      vertex 3.07071 14.4 32.2423
    endloop
  endfacet
  facet normal -0.00139665 0.166107 0.986107
    outer loop
      vertex 3.07071 14.4 32.2423
      vertex 3.73037 15.6 32.0411
      vertex -1.80453 15.6 32.0333
    endloop
  endfacet
  facet normal -0.00134519 0.16631 0.986073
    outer loop
      vertex 3.07071 14.4 32.2423
      vertex -1.80453 15.6 32.0333
      vertex -2.48274 14.4 32.2347
    endloop
  endfacet
  facet normal -0.0210818 0.177111 0.983965
    outer loop
      vertex -2.48274 14.4 32.2347
      vertex -1.80453 15.6 32.0333
      vertex -7.31069 15.6 31.9153
    endloop
  endfacet
  facet normal -0.0210948 0.177061 0.983974
    outer loop
      vertex -2.48274 14.4 32.2347
      vertex -7.31069 15.6 31.9153
      vertex -8.00736 14.4 32.1163
    endloop
  endfacet
  facet normal -0.0425855 0.189047 0.981044
    outer loop
      vertex -8.00736 14.4 32.1163
      vertex -7.31069 15.6 31.9153
      vertex -12.7868 15.6 31.6776
    endloop
  endfacet
  facet normal -0.0426712 0.188727 0.981102
    outer loop
      vertex -8.00736 14.4 32.1163
      vertex -12.7868 15.6 31.6776
      vertex -13.5018 14.4 31.8773
    endloop
  endfacet
  facet normal -0.0658104 0.201864 0.9772
    outer loop
      vertex -13.5018 14.4 31.8773
      vertex -12.7868 15.6 31.6776
      vertex -18.233 15.6 31.3108
    endloop
  endfacet
  facet normal -0.0659792 0.201253 0.977315
    outer loop
      vertex -13.5018 14.4 31.8773
      vertex -18.233 15.6 31.3108
      vertex -18.9663 14.4 31.5084
    endloop
  endfacet
  facet normal -0.0907233 0.215543 0.972271
    outer loop
      vertex -18.9663 14.4 31.5084
      vertex -18.233 15.6 31.3108
      vertex -23.6466 15.6 30.8057
    endloop
  endfacet
  facet normal -0.0909824 0.214636 0.972447
    outer loop
      vertex -18.9663 14.4 31.5084
      vertex -23.6466 15.6 30.8057
      vertex -24.3979 14.4 31.0002
    endloop
  endfacet
  facet normal -0.117439 0.230163 0.96604
    outer loop
      vertex -24.3979 14.4 31.0002
      vertex -23.6466 15.6 30.8057
      vertex -29.0224 15.6 30.1521
    endloop
  endfacet
  facet normal -0.117801 0.228943 0.966286
    outer loop
      vertex -24.3979 14.4 31.0002
      vertex -29.0224 15.6 30.1521
      vertex -29.7918 14.4 30.3427
    endloop
  endfacet
  facet normal -0.145918 0.245703 0.9583
    outer loop
      vertex -29.7918 14.4 30.3427
      vertex -29.0224 15.6 30.1521
      vertex -34.3522 15.6 29.3406
    endloop
  endfacet
  facet normal -0.146393 0.244166 0.95862
    outer loop
      vertex -29.7918 14.4 30.3427
      vertex -34.3522 15.6 29.3406
      vertex -35.1394 14.4 29.526
    endloop
  endfacet
  facet normal -0.176678 0.262488 0.948623
    outer loop
      vertex -35.6604 15.6 29.0969
      vertex -35.1394 14.4 29.526
      vertex -34.3522 15.6 29.3406
    endloop
  endfacet
  facet normal -0.176677 0.262488 0.948623
    outer loop
      vertex -35.1394 14.4 29.526
      vertex -35.6604 15.6 29.0969
      vertex -35.9233 14.6098 29.322
    endloop
  endfacet
  facet normal -0.177281 0.26062 0.949025
    outer loop
      vertex -35.1394 14.4 29.526
      vertex -35.9233 14.6098 29.322
      vertex -35.9786 14.4 29.3692
    endloop
  endfacet
  facet normal 0.216746 0.029746 0.975775
    outer loop
      vertex 108.011 16.1799 18.1046
      vertex 107.926 16.8 18.1046
      vertex 105.25 16.8 18.6988
    endloop
  endfacet
  facet normal 0.217565 0.0336871 0.975464
    outer loop
      vertex 104.884 15.6 18.8221
      vertex 108.011 16.1799 18.1046
      vertex 105.25 16.8 18.6988
    endloop
  endfacet
  facet normal 0.217565 0.033686 0.975464
    outer loop
      vertex 108.011 16.1799 18.1046
      vertex 104.884 15.6 18.8221
      vertex 108.1 15.6 18.1046
    endloop
  endfacet
  facet normal 0.212385 0.0353806 0.976545
    outer loop
      vertex 104.884 15.6 18.8221
      vertex 105.25 16.8 18.6988
      vertex 99.5873 16.8 19.9304
    endloop
  endfacet
  facet normal 0.213186 0.0392127 0.976224
    outer loop
      vertex 104.884 15.6 18.8221
      vertex 99.5873 16.8 19.9304
      vertex 99.1988 15.6 20.0635
    endloop
  endfacet
  facet normal 0.206654 0.0414729 0.977535
    outer loop
      vertex 99.1988 15.6 20.0635
      vertex 99.5873 16.8 19.9304
      vertex 93.9408 16.8 21.1241
    endloop
  endfacet
  facet normal 0.207433 0.0451813 0.977205
    outer loop
      vertex 99.1988 15.6 20.0635
      vertex 93.9408 16.8 21.1241
      vertex 93.5304 15.6 21.2667
    endloop
  endfacet
  facet normal 0.199688 0.0480059 0.978683
    outer loop
      vertex 93.5304 15.6 21.2667
      vertex 93.9408 16.8 21.1241
      vertex 88.3061 16.8 22.2738
    endloop
  endfacet
  facet normal 0.200442 0.0515714 0.978347
    outer loop
      vertex 93.5304 15.6 21.2667
      vertex 88.3061 16.8 22.2738
      vertex 87.8738 15.6 22.4256
    endloop
  endfacet
  facet normal 0.191598 0.0549577 0.979934
    outer loop
      vertex 87.8738 15.6 22.4256
      vertex 88.3061 16.8 22.2738
      vertex 82.6828 16.8 23.3733
    endloop
  endfacet
  facet normal 0.192324 0.0583691 0.979594
    outer loop
      vertex 87.8738 15.6 22.4256
      vertex 82.6828 16.8 23.3733
      vertex 82.2288 15.6 23.5339
    endloop
  endfacet
  facet normal 0.182518 0.0622975 0.981227
    outer loop
      vertex 82.2288 15.6 23.5339
      vertex 82.6828 16.8 23.3733
      vertex 77.0695 16.8 24.4174
    endloop
  endfacet
  facet normal 0.183213 0.0655351 0.980886
    outer loop
      vertex 82.2288 15.6 23.5339
      vertex 77.0695 16.8 24.4174
      vertex 76.5938 15.6 24.5864
    endloop
  endfacet
  facet normal 0.172534 0.0699978 0.982513
    outer loop
      vertex 76.5938 15.6 24.5864
      vertex 77.0695 16.8 24.4174
      vertex 71.4635 16.8 25.4018
    endloop
  endfacet
  facet normal 0.173195 0.0730528 0.982175
    outer loop
      vertex 76.5938 15.6 24.5864
      vertex 71.4635 16.8 25.4018
      vertex 70.9661 15.6 25.5788
    endloop
  endfacet
  facet normal 0.16198 0.0779287 0.983712
    outer loop
      vertex 70.9661 15.6 25.5788
      vertex 71.4635 16.8 25.4018
      vertex 65.8615 16.8 26.3243
    endloop
  endfacet
  facet normal 0.162605 0.080799 0.983377
    outer loop
      vertex 70.9661 15.6 25.5788
      vertex 65.8615 16.8 26.3243
      vertex 65.3424 15.6 26.5087
    endloop
  endfacet
  facet normal 0.150988 0.0860406 0.984784
    outer loop
      vertex 65.3424 15.6 26.5087
      vertex 65.8615 16.8 26.3243
      vertex 60.2606 16.8 27.183
    endloop
  endfacet
  facet normal 0.151577 0.0887193 0.984456
    outer loop
      vertex 65.3424 15.6 26.5087
      vertex 60.2606 16.8 27.183
      vertex 59.7198 15.6 27.3744
    endloop
  endfacet
  facet normal 0.139639 0.0942983 0.985702
    outer loop
      vertex 59.7198 15.6 27.3744
      vertex 60.2606 16.8 27.183
      vertex 54.6608 16.8 27.9763
    endloop
  endfacet
  facet normal 0.140189 0.0967791 0.985384
    outer loop
      vertex 59.7198 15.6 27.3744
      vertex 54.6608 16.8 27.9763
      vertex 54.0984 15.6 28.1742
    endloop
  endfacet
  facet normal 0.127985 0.102675 0.986447
    outer loop
      vertex 54.0984 15.6 28.1742
      vertex 54.6608 16.8 27.9763
      vertex 49.0616 16.8 28.7028
    endloop
  endfacet
  facet normal 0.128498 0.10496 0.98614
    outer loop
      vertex 54.0984 15.6 28.1742
      vertex 49.0616 16.8 28.7028
      vertex 48.4775 15.6 28.9066
    endloop
  endfacet
  facet normal 0.11609 0.111146 0.987
    outer loop
      vertex 48.4775 15.6 28.9066
      vertex 49.0616 16.8 28.7028
      vertex 43.4648 16.8 29.3611
    endloop
  endfacet
  facet normal 0.116563 0.113232 0.986708
    outer loop
      vertex 48.4775 15.6 28.9066
      vertex 43.4648 16.8 29.3611
      vertex 42.859 15.6 29.5703
    endloop
  endfacet
  facet normal 0.103768 0.119804 0.98736
    outer loop
      vertex 42.859 15.6 29.5703
      vertex 43.4648 16.8 29.3611
      vertex 37.8709 16.8 29.949
    endloop
  endfacet
  facet normal 0.1042 0.121685 0.987084
    outer loop
      vertex 42.859 15.6 29.5703
      vertex 37.8709 16.8 29.949
      vertex 37.2435 15.6 30.1631
    endloop
  endfacet
  facet normal 0.0909695 0.128677 0.987505
    outer loop
      vertex 37.2435 15.6 30.1631
      vertex 37.8709 16.8 29.949
      vertex 32.2828 16.8 30.4638
    endloop
  endfacet
  facet normal 0.0913577 0.130346 0.987251
    outer loop
      vertex 37.2435 15.6 30.1631
      vertex 32.2828 16.8 30.4638
      vertex 31.6338 15.6 30.6822
    endloop
  endfacet
  facet normal 0.0776142 0.137808 0.987413
    outer loop
      vertex 31.6338 15.6 30.6822
      vertex 32.2828 16.8 30.4638
      vertex 26.7031 16.8 30.9023
    endloop
  endfacet
  facet normal 0.0779569 0.139258 0.987183
    outer loop
      vertex 31.6338 15.6 30.6822
      vertex 26.7031 16.8 30.9023
      vertex 26.0325 15.6 31.1246
    endloop
  endfacet
  facet normal 0.0634693 0.147329 0.987049
    outer loop
      vertex 26.0325 15.6 31.1246
      vertex 26.7031 16.8 30.9023
      vertex 21.1331 16.8 31.2605
    endloop
  endfacet
  facet normal 0.0637634 0.148553 0.986847
    outer loop
      vertex 26.0325 15.6 31.1246
      vertex 21.1331 16.8 31.2605
      vertex 20.441 15.6 31.4859
    endloop
  endfacet
  facet normal 0.04853 0.157248 0.986366
    outer loop
      vertex 20.441 15.6 31.4859
      vertex 21.1331 16.8 31.2605
      vertex 15.5731 16.8 31.5341
    endloop
  endfacet
  facet normal 0.0487724 0.158238 0.986196
    outer loop
      vertex 20.441 15.6 31.4859
      vertex 15.5731 16.8 31.5341
      vertex 14.8595 15.6 31.7619
    endloop
  endfacet
  facet normal 0.0328085 0.167564 0.985315
    outer loop
      vertex 14.8595 15.6 31.7619
      vertex 15.5731 16.8 31.5341
      vertex 10.0228 16.8 31.7189
    endloop
  endfacet
  facet normal 0.0329942 0.168308 0.985182
    outer loop
      vertex 14.8595 15.6 31.7619
      vertex 10.0228 16.8 31.7189
      vertex 9.28784 15.6 31.9485
    endloop
  endfacet
  facet normal 0.0162692 0.178295 0.983843
    outer loop
      vertex 9.28784 15.6 31.9485
      vertex 10.0228 16.8 31.7189
      vertex 4.48673 16.8 31.8104
    endloop
  endfacet
  facet normal 0.0163949 0.178787 0.983751
    outer loop
      vertex 9.28784 15.6 31.9485
      vertex 4.48673 16.8 31.8104
      vertex 3.73037 15.6 32.0411
    endloop
  endfacet
  facet normal -0.00145066 0.189669 0.981847
    outer loop
      vertex 3.73037 15.6 32.0411
      vertex 4.48673 16.8 31.8104
      vertex -1.02689 16.8 31.8023
    endloop
  endfacet
  facet normal -0.00139055 0.189899 0.981803
    outer loop
      vertex 3.73037 15.6 32.0411
      vertex -1.02689 16.8 31.8023
      vertex -1.80453 15.6 32.0333
    endloop
  endfacet
  facet normal -0.0209638 0.202072 0.979146
    outer loop
      vertex -1.80453 15.6 32.0333
      vertex -1.02689 16.8 31.8023
      vertex -6.51189 16.8 31.6848
    endloop
  endfacet
  facet normal -0.0209788 0.202016 0.979157
    outer loop
      vertex -1.80453 15.6 32.0333
      vertex -6.51189 16.8 31.6848
      vertex -7.31069 15.6 31.9153
    endloop
  endfacet
  facet normal -0.0422525 0.215492 0.975591
    outer loop
      vertex -7.31069 15.6 31.9153
      vertex -6.51189 16.8 31.6848
      vertex -11.967 16.8 31.4486
    endloop
  endfacet
  facet normal -0.042352 0.215135 0.975665
    outer loop
      vertex -7.31069 15.6 31.9153
      vertex -11.967 16.8 31.4486
      vertex -12.7868 15.6 31.6776
    endloop
  endfacet
  facet normal -0.0652114 0.229869 0.971034
    outer loop
      vertex -12.7868 15.6 31.6776
      vertex -11.967 16.8 31.4486
      vertex -17.3923 16.8 31.0842
    endloop
  endfacet
  facet normal -0.065405 0.229198 0.97118
    outer loop
      vertex -12.7868 15.6 31.6776
      vertex -17.3923 16.8 31.0842
      vertex -18.233 15.6 31.3108
    endloop
  endfacet
  facet normal -0.0897948 0.245178 0.965311
    outer loop
      vertex -18.233 15.6 31.3108
      vertex -17.3923 16.8 31.0842
      vertex -22.785 16.8 30.5826
    endloop
  endfacet
  facet normal -0.090095 0.244176 0.965537
    outer loop
      vertex -18.233 15.6 31.3108
      vertex -22.785 16.8 30.5826
      vertex -23.6466 15.6 30.8057
    endloop
  endfacet
  facet normal -0.116106 0.261486 0.958198
    outer loop
      vertex -23.6466 15.6 30.8057
      vertex -22.785 16.8 30.5826
      vertex -28.1403 16.8 29.9337
    endloop
  endfacet
  facet normal -0.116524 0.26015 0.958511
    outer loop
      vertex -23.6466 15.6 30.8057
      vertex -28.1403 16.8 29.9337
      vertex -29.0224 15.6 30.1521
    endloop
  endfacet
  facet normal -0.144089 0.278771 0.949487
    outer loop
      vertex -29.0224 15.6 30.1521
      vertex -28.1403 16.8 29.9337
      vertex -33.4496 16.8 29.128
    endloop
  endfacet
  facet normal -0.144639 0.277093 0.949894
    outer loop
      vertex -29.0224 15.6 30.1521
      vertex -33.4496 16.8 29.128
      vertex -34.3522 15.6 29.3406
    endloop
  endfacet
  facet normal -0.174231 0.297373 0.938729
    outer loop
      vertex -35.2963 16.8 28.7852
      vertex -34.3522 15.6 29.3406
      vertex -33.4496 16.8 29.128
    endloop
  endfacet
  facet normal -0.174231 0.297373 0.938729
    outer loop
      vertex -34.3522 15.6 29.3406
      vertex -35.2963 16.8 28.7852
      vertex -35.5599 15.9332 29.0109
    endloop
  endfacet
  facet normal -0.17493 0.295344 0.93924
    outer loop
      vertex -34.3522 15.6 29.3406
      vertex -35.5599 15.9332 29.0109
      vertex -35.6604 15.6 29.0969
    endloop
  endfacet
  facet normal 0.21575 0.0340365 0.975855
    outer loop
      vertex 107.799 17.5144 18.1046
      vertex 107.722 18 18.1046
      vertex 105.666 18 18.5592
    endloop
  endfacet
  facet normal 0.216682 0.0384784 0.975484
    outer loop
      vertex 105.25 16.8 18.6988
      vertex 107.799 17.5144 18.1046
      vertex 105.666 18 18.5592
    endloop
  endfacet
  facet normal 0.216681 0.03848 0.975484
    outer loop
      vertex 107.799 17.5144 18.1046
      vertex 105.25 16.8 18.6988
      vertex 107.926 16.8 18.1046
    endloop
  endfacet
  facet normal 0.211393 0.0404348 0.976564
    outer loop
      vertex 105.25 16.8 18.6988
      vertex 105.666 18 18.5592
      vertex 100.028 18 19.7797
    endloop
  endfacet
  facet normal 0.212305 0.0447506 0.976178
    outer loop
      vertex 105.25 16.8 18.6988
      vertex 100.028 18 19.7797
      vertex 99.5873 16.8 19.9304
    endloop
  endfacet
  facet normal 0.205671 0.0473473 0.977475
    outer loop
      vertex 99.5873 16.8 19.9304
      vertex 100.028 18 19.7797
      vertex 94.4058 18 20.9626
    endloop
  endfacet
  facet normal 0.206557 0.0515156 0.977077
    outer loop
      vertex 99.5873 16.8 19.9304
      vertex 94.4058 18 20.9626
      vertex 93.9408 16.8 21.1241
    endloop
  endfacet
  facet normal 0.198715 0.0547496 0.978527
    outer loop
      vertex 93.9408 16.8 21.1241
      vertex 94.4058 18 20.9626
      vertex 88.7958 18 22.1018
    endloop
  endfacet
  facet normal 0.199573 0.0587591 0.97812
    outer loop
      vertex 93.9408 16.8 21.1241
      vertex 88.7958 18 22.1018
      vertex 88.3061 16.8 22.2738
    endloop
  endfacet
  facet normal 0.190639 0.0626261 0.979661
    outer loop
      vertex 88.3061 16.8 22.2738
      vertex 88.7958 18 22.1018
      vertex 83.1972 18 23.1913
    endloop
  endfacet
  facet normal 0.191463 0.0664527 0.979248
    outer loop
      vertex 88.3061 16.8 22.2738
      vertex 83.1972 18 23.1913
      vertex 82.6828 16.8 23.3733
    endloop
  endfacet
  facet normal 0.181576 0.0709292 0.980816
    outer loop
      vertex 82.6828 16.8 23.3733
      vertex 83.1972 18 23.1913
      vertex 77.6086 18 24.2259
    endloop
  endfacet
  facet normal 0.182365 0.0745597 0.9804
    outer loop
      vertex 82.6828 16.8 23.3733
      vertex 77.6086 18 24.2259
      vertex 77.0695 16.8 24.4174
    endloop
  endfacet
  facet normal 0.17161 0.0796366 0.981941
    outer loop
      vertex 77.0695 16.8 24.4174
      vertex 77.6086 18 24.2259
      vertex 72.0272 18 25.2013
    endloop
  endfacet
  facet normal 0.172361 0.0830618 0.981526
    outer loop
      vertex 77.0695 16.8 24.4174
      vertex 72.0272 18 25.2013
      vertex 71.4635 16.8 25.4018
    endloop
  endfacet
  facet normal 0.161078 0.0886006 0.982957
    outer loop
      vertex 71.4635 16.8 25.4018
      vertex 72.0272 18 25.2013
      vertex 66.4497 18 26.1153
    endloop
  endfacet
  facet normal 0.161787 0.0918095 0.982546
    outer loop
      vertex 71.4635 16.8 25.4018
      vertex 66.4497 18 26.1153
      vertex 65.8615 16.8 26.3243
    endloop
  endfacet
  facet normal 0.150111 0.0977556 0.983824
    outer loop
      vertex 65.8615 16.8 26.3243
      vertex 66.4497 18 26.1153
      vertex 60.8734 18 26.9661
    endloop
  endfacet
  facet normal 0.150779 0.100748 0.98342
    outer loop
      vertex 65.8615 16.8 26.3243
      vertex 60.8734 18 26.9661
      vertex 60.2606 16.8 27.183
    endloop
  endfacet
  facet normal 0.13879 0.107068 0.984517
    outer loop
      vertex 60.2606 16.8 27.183
      vertex 60.8734 18 26.9661
      vertex 55.2981 18 27.7521
    endloop
  endfacet
  facet normal 0.139415 0.109839 0.984123
    outer loop
      vertex 60.2606 16.8 27.183
      vertex 55.2981 18 27.7521
      vertex 54.6608 16.8 27.9763
    endloop
  endfacet
  facet normal 0.12717 0.116509 0.985014
    outer loop
      vertex 54.6608 16.8 27.9763
      vertex 55.2981 18 27.7521
      vertex 49.7235 18 28.4718
    endloop
  endfacet
  facet normal 0.12775 0.119055 0.984635
    outer loop
      vertex 54.6608 16.8 27.9763
      vertex 49.7235 18 28.4718
      vertex 49.0616 16.8 28.7028
    endloop
  endfacet
  facet normal 0.115312 0.126044 0.9853
    outer loop
      vertex 49.0616 16.8 28.7028
      vertex 49.7235 18 28.4718
      vertex 44.1512 18 29.1239
    endloop
  endfacet
  facet normal 0.115847 0.128363 0.984938
    outer loop
      vertex 49.0616 16.8 28.7028
      vertex 44.1512 18 29.1239
      vertex 43.4648 16.8 29.3611
    endloop
  endfacet
  facet normal 0.103034 0.135777 0.985367
    outer loop
      vertex 43.4648 16.8 29.3611
      vertex 44.1512 18 29.1239
      vertex 38.5818 18 29.7063
    endloop
  endfacet
  facet normal 0.103523 0.137865 0.985026
    outer loop
      vertex 43.4648 16.8 29.3611
      vertex 38.5818 18 29.7063
      vertex 37.8709 16.8 29.949
    endloop
  endfacet
  facet normal 0.0902871 0.14574 0.985194
    outer loop
      vertex 37.8709 16.8 29.949
      vertex 38.5818 18 29.7063
      vertex 33.0181 18 30.2162
    endloop
  endfacet
  facet normal 0.0907275 0.147591 0.984878
    outer loop
      vertex 37.8709 16.8 29.949
      vertex 33.0181 18 30.2162
      vertex 32.2828 16.8 30.4638
    endloop
  endfacet
  facet normal 0.0769937 0.155982 0.984755
    outer loop
      vertex 32.2828 16.8 30.4638
      vertex 33.0181 18 30.2162
      vertex 27.4629 18 30.6505
    endloop
  endfacet
  facet normal 0.0773827 0.157589 0.984468
    outer loop
      vertex 32.2828 16.8 30.4638
      vertex 27.4629 18 30.6505
      vertex 26.7031 16.8 30.9023
    endloop
  endfacet
  facet normal 0.0629238 0.166647 0.984007
    outer loop
      vertex 26.7031 16.8 30.9023
      vertex 27.4629 18 30.6505
      vertex 21.9173 18 31.0051
    endloop
  endfacet
  facet normal 0.0632575 0.168 0.983755
    outer loop
      vertex 26.7031 16.8 30.9023
      vertex 21.9173 18 31.0051
      vertex 21.1331 16.8 31.2605
    endloop
  endfacet
  facet normal 0.0480747 0.17774 0.982902
    outer loop
      vertex 21.1331 16.8 31.2605
      vertex 21.9173 18 31.0051
      vertex 16.3816 18 31.2759
    endloop
  endfacet
  facet normal 0.0483492 0.17883 0.982691
    outer loop
      vertex 21.1331 16.8 31.2605
      vertex 16.3816 18 31.2759
      vertex 15.5731 16.8 31.5341
    endloop
  endfacet
  facet normal 0.0324607 0.189255 0.981391
    outer loop
      vertex 15.5731 16.8 31.5341
      vertex 16.3816 18 31.2759
      vertex 10.8556 18 31.4587
    endloop
  endfacet
  facet normal 0.0326723 0.190077 0.981225
    outer loop
      vertex 15.5731 16.8 31.5341
      vertex 10.8556 18 31.4587
      vertex 10.0228 16.8 31.7189
    endloop
  endfacet
  facet normal 0.0160512 0.201219 0.979415
    outer loop
      vertex 10.0228 16.8 31.7189
      vertex 10.8556 18 31.4587
      vertex 5.34376 18 31.549
    endloop
  endfacet
  facet normal 0.0161941 0.20176 0.979301
    outer loop
      vertex 10.0228 16.8 31.7189
      vertex 5.34376 18 31.549
      vertex 4.48673 16.8 31.8104
    endloop
  endfacet
  facet normal -0.00151141 0.213874 0.97686
    outer loop
      vertex 4.48673 16.8 31.8104
      vertex 5.34376 18 31.549
      vertex -0.145747 18 31.5405
    endloop
  endfacet
  facet normal -0.00144322 0.214125 0.976805
    outer loop
      vertex 4.48673 16.8 31.8104
      vertex -0.145747 18 31.5405
      vertex -1.02689 16.8 31.8023
    endloop
  endfacet
  facet normal -0.0208268 0.227642 0.973522
    outer loop
      vertex -1.02689 16.8 31.8023
      vertex -0.145747 18 31.5405
      vertex -5.60677 18 31.4237
    endloop
  endfacet
  facet normal -0.0208437 0.227581 0.973536
    outer loop
      vertex -1.02689 16.8 31.8023
      vertex -5.60677 18 31.4237
      vertex -6.51189 16.8 31.6848
    endloop
  endfacet
  facet normal -0.0418682 0.242506 0.969246
    outer loop
      vertex -6.51189 16.8 31.6848
      vertex -5.60677 18 31.4237
      vertex -11.038 18 31.1891
    endloop
  endfacet
  facet normal -0.0419817 0.242116 0.969339
    outer loop
      vertex -6.51189 16.8 31.6848
      vertex -11.038 18 31.1891
      vertex -11.967 16.8 31.4486
    endloop
  endfacet
  facet normal -0.0645224 0.258386 0.963885
    outer loop
      vertex -11.967 16.8 31.4486
      vertex -11.038 18 31.1891
      vertex -16.4396 18 30.8275
    endloop
  endfacet
  facet normal -0.0647433 0.257656 0.964065
    outer loop
      vertex -11.967 16.8 31.4486
      vertex -16.4396 18 30.8275
      vertex -17.3923 16.8 31.0842
    endloop
  endfacet
  facet normal -0.0887314 0.275246 0.95727
    outer loop
      vertex -17.3923 16.8 31.0842
      vertex -16.4396 18 30.8275
      vertex -21.8088 18 30.3298
    endloop
  endfacet
  facet normal -0.0890727 0.274165 0.957549
    outer loop
      vertex -17.3923 16.8 31.0842
      vertex -21.8088 18 30.3298
      vertex -22.785 16.8 30.5826
    endloop
  endfacet
  facet normal -0.114583 0.293153 0.949174
    outer loop
      vertex -22.785 16.8 30.5826
      vertex -21.8088 18 30.3298
      vertex -27.1407 18 29.6861
    endloop
  endfacet
  facet normal -0.11506 0.291713 0.94956
    outer loop
      vertex -22.785 16.8 30.5826
      vertex -27.1407 18 29.6861
      vertex -28.1403 16.8 29.9337
    endloop
  endfacet
  facet normal -0.142006 0.31206 0.939389
    outer loop
      vertex -28.1403 16.8 29.9337
      vertex -27.1407 18 29.6861
      vertex -32.4269 18 28.887
    endloop
  endfacet
  facet normal -0.142633 0.310258 0.939891
    outer loop
      vertex -28.1403 16.8 29.9337
      vertex -32.4269 18 28.887
      vertex -33.4496 16.8 29.128
    endloop
  endfacet
  facet normal -0.171457 0.332326 0.927449
    outer loop
      vertex -34.8845 18 28.4327
      vertex -33.4496 16.8 29.128
      vertex -32.4269 18 28.887
    endloop
  endfacet
  facet normal -0.171455 0.332328 0.927449
    outer loop
      vertex -33.4496 16.8 29.128
      vertex -34.8845 18 28.4327
      vertex -35.1323 17.2801 28.6449
    endloop
  endfacet
  facet normal -0.172254 0.330158 0.928076
    outer loop
      vertex -33.4496 16.8 29.128
      vertex -35.1323 17.2801 28.6449
      vertex -35.2963 16.8 28.7852
    endloop
  endfacet
  facet normal 0.21567 0.043533 0.975495
    outer loop
      vertex 107.722 18 18.1046
      vertex 105.799 18.3439 18.5144
      vertex 105.666 18 18.5592
    endloop
  endfacet
  facet normal 0.210269 0.0457695 0.976572
    outer loop
      vertex 100.875 19.2 19.5344
      vertex 105.666 18 18.5592
      vertex 105.799 18.3439 18.5144
    endloop
  endfacet
  facet normal 0.210268 0.0457671 0.976572
    outer loop
      vertex 105.666 18 18.5592
      vertex 100.875 19.2 19.5344
      vertex 100.521 19.2 19.6107
    endloop
  endfacet
  facet normal 0.211295 0.0505725 0.976113
    outer loop
      vertex 105.666 18 18.5592
      vertex 100.521 19.2 19.6107
      vertex 100.028 18 19.7797
    endloop
  endfacet
  facet normal 0.204555 0.0535248 0.977391
    outer loop
      vertex 100.028 18 19.7797
      vertex 100.521 19.2 19.6107
      vertex 94.9271 19.2 20.7814
    endloop
  endfacet
  facet normal 0.205553 0.0581648 0.976916
    outer loop
      vertex 100.028 18 19.7797
      vertex 94.9271 19.2 20.7814
      vertex 94.4058 18 20.9626
    endloop
  endfacet
  facet normal 0.197611 0.0618285 0.978329
    outer loop
      vertex 94.4058 18 20.9626
      vertex 94.9271 19.2 20.7814
      vertex 89.3449 19.2 21.909
    endloop
  endfacet
  facet normal 0.198576 0.0662827 0.977842
    outer loop
      vertex 94.4058 18 20.9626
      vertex 89.3449 19.2 21.909
      vertex 88.7958 18 22.1018
    endloop
  endfacet
  facet normal 0.189549 0.0706514 0.979326
    outer loop
      vertex 88.7958 18 22.1018
      vertex 89.3449 19.2 21.909
      vertex 83.7739 19.2 22.9872
    endloop
  endfacet
  facet normal 0.190477 0.074902 0.97883
    outer loop
      vertex 88.7958 18 22.1018
      vertex 83.7739 19.2 22.9872
      vertex 83.1972 18 23.1913
    endloop
  endfacet
  facet normal 0.180504 0.0799482 0.98032
    outer loop
      vertex 83.1972 18 23.1913
      vertex 83.7739 19.2 22.9872
      vertex 78.2129 19.2 24.0112
    endloop
  endfacet
  facet normal 0.181391 0.083975 0.979819
    outer loop
      vertex 83.1972 18 23.1913
      vertex 78.2129 19.2 24.0112
      vertex 77.6086 18 24.2259
    endloop
  endfacet
  facet normal 0.17056 0.0896869 0.981257
    outer loop
      vertex 77.6086 18 24.2259
      vertex 78.2129 19.2 24.0112
      vertex 72.6591 19.2 24.9765
    endloop
  endfacet
  facet normal 0.171403 0.0934776 0.980756
    outer loop
      vertex 77.6086 18 24.2259
      vertex 72.6591 19.2 24.9765
      vertex 72.0272 18 25.2013
    endloop
  endfacet
  facet normal 0.160052 0.099699 0.982061
    outer loop
      vertex 72.0272 18 25.2013
      vertex 72.6591 19.2 24.9765
      vertex 67.1092 19.2 25.881
    endloop
  endfacet
  facet normal 0.16085 0.103249 0.981564
    outer loop
      vertex 72.0272 18 25.2013
      vertex 67.1092 19.2 25.881
      vertex 66.4497 18 26.1153
    endloop
  endfacet
  facet normal 0.149114 0.109918 0.982692
    outer loop
      vertex 66.4497 18 26.1153
      vertex 67.1092 19.2 25.881
      vertex 61.5603 19.2 26.723
    endloop
  endfacet
  facet normal 0.149864 0.113221 0.982203
    outer loop
      vertex 66.4497 18 26.1153
      vertex 61.5603 19.2 26.723
      vertex 60.8734 18 26.9661
    endloop
  endfacet
  facet normal 0.137825 0.1203 0.983124
    outer loop
      vertex 60.8734 18 26.9661
      vertex 61.5603 19.2 26.723
      vertex 56.0126 19.2 27.5007
    endloop
  endfacet
  facet normal 0.138527 0.123356 0.982646
    outer loop
      vertex 60.8734 18 26.9661
      vertex 56.0126 19.2 27.5007
      vertex 55.2981 18 27.7521
    endloop
  endfacet
  facet normal 0.126241 0.130815 0.983336
    outer loop
      vertex 55.2981 18 27.7521
      vertex 56.0126 19.2 27.5007
      vertex 50.4655 19.2 28.2129
    endloop
  endfacet
  facet normal 0.126893 0.133619 0.982875
    outer loop
      vertex 55.2981 18 27.7521
      vertex 50.4655 19.2 28.2129
      vertex 49.7235 18 28.4718
    endloop
  endfacet
  facet normal 0.114426 0.141422 0.983314
    outer loop
      vertex 49.7235 18 28.4718
      vertex 50.4655 19.2 28.2129
      vertex 44.9207 19.2 28.8581
    endloop
  endfacet
  facet normal 0.115028 0.143973 0.982874
    outer loop
      vertex 49.7235 18 28.4718
      vertex 44.9207 19.2 28.8581
      vertex 44.1512 18 29.1239
    endloop
  endfacet
  facet normal 0.102199 0.152238 0.983046
    outer loop
      vertex 44.1512 18 29.1239
      vertex 44.9207 19.2 28.8581
      vertex 39.3787 19.2 29.4343
    endloop
  endfacet
  facet normal 0.102748 0.154528 0.982631
    outer loop
      vertex 44.1512 18 29.1239
      vertex 39.3787 19.2 29.4343
      vertex 38.5818 18 29.7063
    endloop
  endfacet
  facet normal 0.0895115 0.163291 0.982509
    outer loop
      vertex 38.5818 18 29.7063
      vertex 39.3787 19.2 29.4343
      vertex 33.8425 19.2 29.9386
    endloop
  endfacet
  facet normal 0.0900058 0.165318 0.982125
    outer loop
      vertex 38.5818 18 29.7063
      vertex 33.8425 19.2 29.9386
      vertex 33.0181 18 30.2162
    endloop
  endfacet
  facet normal 0.0762887 0.174637 0.981673
    outer loop
      vertex 33.0181 18 30.2162
      vertex 33.8425 19.2 29.9386
      vertex 28.3147 19.2 30.3682
    endloop
  endfacet
  facet normal 0.0767255 0.176394 0.981325
    outer loop
      vertex 33.0181 18 30.2162
      vertex 28.3147 19.2 30.3682
      vertex 27.4629 18 30.6505
    endloop
  endfacet
  facet normal 0.0623042 0.186434 0.98049
    outer loop
      vertex 27.4629 18 30.6505
      vertex 28.3147 19.2 30.3682
      vertex 22.7964 19.2 30.7189
    endloop
  endfacet
  facet normal 0.0626793 0.18791 0.980184
    outer loop
      vertex 27.4629 18 30.6505
      vertex 22.7964 19.2 30.7189
      vertex 21.9173 18 31.0051
    endloop
  endfacet
  facet normal 0.047558 0.198684 0.978909
    outer loop
      vertex 21.9173 18 31.0051
      vertex 22.7964 19.2 30.7189
      vertex 17.288 19.2 30.9865
    endloop
  endfacet
  facet normal 0.0478668 0.199872 0.978652
    outer loop
      vertex 21.9173 18 31.0051
      vertex 17.288 19.2 30.9865
      vertex 16.3816 18 31.2759
    endloop
  endfacet
  facet normal 0.0320672 0.211378 0.976878
    outer loop
      vertex 16.3816 18 31.2759
      vertex 17.288 19.2 30.9865
      vertex 11.7893 19.2 31.167
    endloop
  endfacet
  facet normal 0.0323048 0.212269 0.976677
    outer loop
      vertex 16.3816 18 31.2759
      vertex 11.7893 19.2 31.167
      vertex 10.8556 18 31.4587
    endloop
  endfacet
  facet normal 0.0158051 0.224538 0.974337
    outer loop
      vertex 10.8556 18 31.4587
      vertex 11.7893 19.2 31.167
      vertex 6.30455 19.2 31.256
    endloop
  endfacet
  facet normal 0.0159658 0.225123 0.974199
    outer loop
      vertex 10.8556 18 31.4587
      vertex 6.30455 19.2 31.256
      vertex 5.34376 18 31.549
    endloop
  endfacet
  facet normal -0.0015792 0.238428 0.971159
    outer loop
      vertex 5.34376 18 31.549
      vertex 6.30455 19.2 31.256
      vertex 0.842074 19.2 31.2471
    endloop
  endfacet
  facet normal -0.00150248 0.238699 0.971092
    outer loop
      vertex 5.34376 18 31.549
      vertex 0.842074 19.2 31.2471
      vertex -0.145747 18 31.5405
    endloop
  endfacet
  facet normal -0.0206705 0.253505 0.967113
    outer loop
      vertex -0.145747 18 31.5405
      vertex 0.842074 19.2 31.2471
      vertex -4.59207 19.2 31.1309
    endloop
  endfacet
  facet normal -0.02069 0.253439 0.96713
    outer loop
      vertex -0.145747 18 31.5405
      vertex -4.59207 19.2 31.1309
      vertex -5.60677 18 31.4237
    endloop
  endfacet
  facet normal -0.0414345 0.269738 0.962042
    outer loop
      vertex -5.60677 18 31.4237
      vertex -4.59207 19.2 31.1309
      vertex -9.99658 19.2 30.8982
    endloop
  endfacet
  facet normal -0.0415618 0.269322 0.962153
    outer loop
      vertex -5.60677 18 31.4237
      vertex -9.99658 19.2 30.8982
      vertex -11.038 18 31.1891
    endloop
  endfacet
  facet normal -0.0637468 0.287034 0.955797
    outer loop
      vertex -11.038 18 31.1891
      vertex -9.99658 19.2 30.8982
      vertex -15.3716 19.2 30.5397
    endloop
  endfacet
  facet normal -0.0639956 0.286253 0.956014
    outer loop
      vertex -11.038 18 31.1891
      vertex -15.3716 19.2 30.5397
      vertex -16.4396 18 30.8275
    endloop
  endfacet
  facet normal -0.0875384 0.305335 0.948213
    outer loop
      vertex -16.4396 18 30.8275
      vertex -15.3716 19.2 30.5397
      vertex -20.7144 19.2 30.0464
    endloop
  endfacet
  facet normal -0.0879228 0.304183 0.948547
    outer loop
      vertex -16.4396 18 30.8275
      vertex -20.7144 19.2 30.0464
      vertex -21.8088 18 30.3298
    endloop
  endfacet
  facet normal -0.11288 0.324703 0.939056
    outer loop
      vertex -21.8088 18 30.3298
      vertex -20.7144 19.2 30.0464
      vertex -26.0201 19.2 29.4087
    endloop
  endfacet
  facet normal -0.113418 0.323173 0.939519
    outer loop
      vertex -21.8088 18 30.3298
      vertex -26.0201 19.2 29.4087
      vertex -27.1407 18 29.6861
    endloop
  endfacet
  facet normal -0.139687 0.345069 0.928124
    outer loop
      vertex -27.1407 18 29.6861
      vertex -26.0201 19.2 29.4087
      vertex -31.2803 19.2 28.617
    endloop
  endfacet
  facet normal -0.140394 0.343167 0.928723
    outer loop
      vertex -27.1407 18 29.6861
      vertex -31.2803 19.2 28.617
      vertex -32.4269 18 28.887
    endloop
  endfacet
  facet normal -0.168382 0.366805 0.914933
    outer loop
      vertex -34.4239 19.2 28.0384
      vertex -32.4269 18 28.887
      vertex -31.2803 19.2 28.617
    endloop
  endfacet
  facet normal -0.168382 0.366805 0.914933
    outer loop
      vertex -32.4269 18 28.887
      vertex -34.4239 19.2 28.0384
      vertex -34.6347 18.6531 28.2189
    endloop
  endfacet
  facet normal -0.16928 0.364528 0.915676
    outer loop
      vertex -32.4269 18 28.887
      vertex -34.6347 18.6531 28.2189
      vertex -34.8845 18 28.4327
    endloop
  endfacet
  facet normal 0.210151 0.0566445 0.976027
    outer loop
      vertex 100.875 19.2 19.5344
      vertex 100.547 19.2565 19.6018
      vertex 100.521 19.2 19.6107
    endloop
  endfacet
  facet normal 0.203296 0.0599701 0.977279
    outer loop
      vertex 100.521 19.2 19.6107
      vertex 100.547 19.2565 19.6018
      vertex 99.6905 19.3987 19.7713
    endloop
  endfacet
  facet normal 0.204414 0.0650944 0.976718
    outer loop
      vertex 94.9271 19.2 20.7814
      vertex 99.6905 19.3987 19.7713
      vertex 95.3696 20.1175 20.6277
    endloop
  endfacet
  facet normal 0.204414 0.0650949 0.976718
    outer loop
      vertex 99.6905 19.3987 19.7713
      vertex 94.9271 19.2 20.7814
      vertex 100.521 19.2 19.6107
    endloop
  endfacet
  facet normal 0.196369 0.0692036 0.978085
    outer loop
      vertex 93.5931 20.4 20.9643
      vertex 94.9271 19.2 20.7814
      vertex 95.3696 20.1175 20.6277
    endloop
  endfacet
  facet normal 0.196368 0.0692019 0.978085
    outer loop
      vertex 94.9271 19.2 20.7814
      vertex 93.5931 20.4 20.9643
      vertex 89.9544 20.4 21.6949
    endloop
  endfacet
  facet normal 0.197445 0.0741053 0.977509
    outer loop
      vertex 94.9271 19.2 20.7814
      vertex 89.9544 20.4 21.6949
      vertex 89.3449 19.2 21.909
    endloop
  endfacet
  facet normal 0.188323 0.0789917 0.978925
    outer loop
      vertex 89.3449 19.2 21.909
      vertex 89.9544 20.4 21.6949
      vertex 84.4141 20.4 22.7607
    endloop
  endfacet
  facet normal 0.189358 0.0836609 0.978338
    outer loop
      vertex 89.3449 19.2 21.909
      vertex 84.4141 20.4 22.7607
      vertex 83.7739 19.2 22.9872
    endloop
  endfacet
  facet normal 0.179298 0.0892919 0.979734
    outer loop
      vertex 83.7739 19.2 22.9872
      vertex 84.4141 20.4 22.7607
      vertex 78.8838 20.4 23.7728
    endloop
  endfacet
  facet normal 0.180287 0.0937111 0.97914
    outer loop
      vertex 83.7739 19.2 22.9872
      vertex 78.8838 20.4 23.7728
      vertex 78.2129 19.2 24.0112
    endloop
  endfacet
  facet normal 0.169377 0.100072 0.980457
    outer loop
      vertex 78.2129 19.2 24.0112
      vertex 78.8838 20.4 23.7728
      vertex 73.3606 20.4 24.7269
    endloop
  endfacet
  facet normal 0.170317 0.104229 0.979861
    outer loop
      vertex 78.2129 19.2 24.0112
      vertex 73.3606 20.4 24.7269
      vertex 72.6591 19.2 24.9765
    endloop
  endfacet
  facet normal 0.158898 0.111146 0.981019
    outer loop
      vertex 72.6591 19.2 24.9765
      vertex 73.3606 20.4 24.7269
      vertex 67.8413 20.4 25.6209
    endloop
  endfacet
  facet normal 0.159786 0.11503 0.980427
    outer loop
      vertex 72.6591 19.2 24.9765
      vertex 67.8413 20.4 25.6209
      vertex 67.1092 19.2 25.881
    endloop
  endfacet
  facet normal 0.147991 0.122433 0.981381
    outer loop
      vertex 67.1092 19.2 25.881
      vertex 67.8413 20.4 25.6209
      vertex 62.323 20.4 26.4531
    endloop
  endfacet
  facet normal 0.148827 0.126044 0.980797
    outer loop
      vertex 67.1092 19.2 25.881
      vertex 62.323 20.4 26.4531
      vertex 61.5603 19.2 26.723
    endloop
  endfacet
  facet normal 0.136738 0.133889 0.981517
    outer loop
      vertex 61.5603 19.2 26.723
      vertex 62.323 20.4 26.4531
      vertex 56.8058 20.4 27.2217
    endloop
  endfacet
  facet normal 0.13752 0.137221 0.980948
    outer loop
      vertex 61.5603 19.2 26.723
      vertex 56.8058 20.4 27.2217
      vertex 56.0126 19.2 27.5007
    endloop
  endfacet
  facet normal 0.125197 0.145474 0.981409
    outer loop
      vertex 56.0126 19.2 27.5007
      vertex 56.8058 20.4 27.2217
      vertex 51.2893 20.4 27.9254
    endloop
  endfacet
  facet normal 0.125923 0.148528 0.980858
    outer loop
      vertex 56.0126 19.2 27.5007
      vertex 51.2893 20.4 27.9254
      vertex 50.4655 19.2 28.2129
    endloop
  endfacet
  facet normal 0.11343 0.157148 0.981039
    outer loop
      vertex 50.4655 19.2 28.2129
      vertex 51.2893 20.4 27.9254
      vertex 45.7749 20.4 28.563
    endloop
  endfacet
  facet normal 0.1141 0.159918 0.980514
    outer loop
      vertex 50.4655 19.2 28.2129
      vertex 45.7749 20.4 28.563
      vertex 44.9207 19.2 28.8581
    endloop
  endfacet
  facet normal 0.10126 0.169031 0.980395
    outer loop
      vertex 44.9207 19.2 28.8581
      vertex 45.7749 20.4 28.563
      vertex 40.2635 20.4 29.1322
    endloop
  endfacet
  facet normal 0.101872 0.171519 0.9799
    outer loop
      vertex 44.9207 19.2 28.8581
      vertex 40.2635 20.4 29.1322
      vertex 39.3787 19.2 29.4343
    endloop
  endfacet
  facet normal 0.0886405 0.181161 0.979451
    outer loop
      vertex 39.3787 19.2 29.4343
      vertex 40.2635 20.4 29.1322
      vertex 34.7578 20.4 29.6305
    endloop
  endfacet
  facet normal 0.0891911 0.183357 0.978992
    outer loop
      vertex 39.3787 19.2 29.4343
      vertex 34.7578 20.4 29.6305
      vertex 33.8425 19.2 29.9386
    endloop
  endfacet
  facet normal 0.0754978 0.19359 0.978173
    outer loop
      vertex 33.8425 19.2 29.9386
      vertex 34.7578 20.4 29.6305
      vertex 29.2604 20.4 30.0548
    endloop
  endfacet
  facet normal 0.0759844 0.195489 0.977758
    outer loop
      vertex 33.8425 19.2 29.9386
      vertex 29.2604 20.4 30.0548
      vertex 28.3147 19.2 30.3682
    endloop
  endfacet
  facet normal 0.06161 0.20649 0.976507
    outer loop
      vertex 28.3147 19.2 30.3682
      vertex 29.2604 20.4 30.0548
      vertex 23.7724 20.4 30.4011
    endloop
  endfacet
  facet normal 0.062028 0.208082 0.976143
    outer loop
      vertex 28.3147 19.2 30.3682
      vertex 23.7724 20.4 30.4011
      vertex 22.7964 19.2 30.7189
    endloop
  endfacet
  facet normal 0.0469804 0.219859 0.9744
    outer loop
      vertex 22.7964 19.2 30.7189
      vertex 23.7724 20.4 30.4011
      vertex 18.2943 20.4 30.6652
    endloop
  endfacet
  facet normal 0.047324 0.221135 0.974094
    outer loop
      vertex 22.7964 19.2 30.7189
      vertex 18.2943 20.4 30.6652
      vertex 17.288 19.2 30.9865
    endloop
  endfacet
  facet normal 0.031628 0.233683 0.971798
    outer loop
      vertex 17.288 19.2 30.9865
      vertex 18.2943 20.4 30.6652
      vertex 12.8258 20.4 30.8432
    endloop
  endfacet
  facet normal 0.0318926 0.234638 0.971559
    outer loop
      vertex 17.288 19.2 30.9865
      vertex 12.8258 20.4 30.8432
      vertex 11.7893 19.2 31.167
    endloop
  endfacet
  facet normal 0.0155306 0.247983 0.96864
    outer loop
      vertex 11.7893 19.2 31.167
      vertex 12.8258 20.4 30.8432
      vertex 7.37123 20.4 30.9306
    endloop
  endfacet
  facet normal 0.0157101 0.248612 0.968476
    outer loop
      vertex 11.7893 19.2 31.167
      vertex 7.37123 20.4 30.9306
      vertex 6.30455 19.2 31.256
    endloop
  endfacet
  facet normal -0.00165405 0.263045 0.964782
    outer loop
      vertex 6.30455 19.2 31.256
      vertex 7.37123 20.4 30.9306
      vertex 1.93877 20.4 30.9213
    endloop
  endfacet
  facet normal -0.0015687 0.263334 0.964703
    outer loop
      vertex 6.30455 19.2 31.256
      vertex 1.93877 20.4 30.9213
      vertex 0.842074 19.2 31.2471
    endloop
  endfacet
  facet normal -0.020497 0.279348 0.959971
    outer loop
      vertex 0.842074 19.2 31.2471
      vertex 1.93877 20.4 30.9213
      vertex -3.46553 20.4 30.8059
    endloop
  endfacet
  facet normal -0.0205183 0.279279 0.959991
    outer loop
      vertex 0.842074 19.2 31.2471
      vertex -3.46553 20.4 30.8059
      vertex -4.59207 19.2 31.1309
    endloop
  endfacet
  facet normal -0.0409536 0.296853 0.954045
    outer loop
      vertex -4.59207 19.2 31.1309
      vertex -3.46553 20.4 30.8059
      vertex -8.84038 20.4 30.5752
    endloop
  endfacet
  facet normal -0.0410957 0.29641 0.954176
    outer loop
      vertex -4.59207 19.2 31.1309
      vertex -8.84038 20.4 30.5752
      vertex -9.99658 19.2 30.8982
    endloop
  endfacet
  facet normal -0.06289 0.31544 0.946859
    outer loop
      vertex -9.99658 19.2 30.8982
      vertex -8.84038 20.4 30.5752
      vertex -14.1859 20.4 30.2201
    endloop
  endfacet
  facet normal -0.0631677 0.314615 0.947115
    outer loop
      vertex -9.99658 19.2 30.8982
      vertex -14.1859 20.4 30.2201
      vertex -15.3716 19.2 30.5397
    endloop
  endfacet
  facet normal -0.0862258 0.335038 0.938251
    outer loop
      vertex -15.3716 19.2 30.5397
      vertex -14.1859 20.4 30.2201
      vertex -19.4994 20.4 29.7318
    endloop
  endfacet
  facet normal -0.0866549 0.333826 0.938643
    outer loop
      vertex -15.3716 19.2 30.5397
      vertex -19.4994 20.4 29.7318
      vertex -20.7144 19.2 30.0464
    endloop
  endfacet
  facet normal -0.111016 0.355698 0.927984
    outer loop
      vertex -20.7144 19.2 30.0464
      vertex -19.4994 20.4 29.7318
      vertex -24.776 20.4 29.1006
    endloop
  endfacet
  facet normal -0.111614 0.354099 0.928523
    outer loop
      vertex -20.7144 19.2 30.0464
      vertex -24.776 20.4 29.1006
      vertex -26.0201 19.2 29.4087
    endloop
  endfacet
  facet normal -0.13716 0.377334 0.915864
    outer loop
      vertex -26.0201 19.2 29.4087
      vertex -24.776 20.4 29.1006
      vertex -30.0074 20.4 28.3171
    endloop
  endfacet
  facet normal -0.137947 0.375353 0.916559
    outer loop
      vertex -26.0201 19.2 29.4087
      vertex -30.0074 20.4 28.3171
      vertex -31.2803 19.2 28.617
    endloop
  endfacet
  facet normal -0.165049 0.400313 0.901392
    outer loop
      vertex -33.9139 20.4 27.6018
      vertex -31.2803 19.2 28.617
      vertex -30.0074 20.4 28.3171
    endloop
  endfacet
  facet normal -0.165049 0.400314 0.901392
    outer loop
      vertex -31.2803 19.2 28.617
      vertex -33.9139 20.4 27.6018
      vertex -34.0612 20.0553 27.7279
    endloop
  endfacet
  facet normal -0.166048 0.397958 0.902251
    outer loop
      vertex -31.2803 19.2 28.617
      vertex -34.0612 20.0553 27.7279
      vertex -34.4239 19.2 28.0384
    endloop
  endfacet
  facet normal 0.196174 0.0821698 0.97712
    outer loop
      vertex 93.5931 20.4 20.9643
      vertex 90.2486 20.9264 21.5915
      vertex 89.9544 20.4 21.6949
    endloop
  endfacet
  facet normal 0.186954 0.0875855 0.978456
    outer loop
      vertex 85.732 21.6 22.3942
      vertex 89.9544 20.4 21.6949
      vertex 90.2486 20.9264 21.5915
    endloop
  endfacet
  facet normal 0.186953 0.0875816 0.978457
    outer loop
      vertex 89.9544 20.4 21.6949
      vertex 85.732 21.6 22.3942
      vertex 85.1187 21.6 22.5114
    endloop
  endfacet
  facet normal 0.1881 0.0926735 0.977768
    outer loop
      vertex 89.9544 20.4 21.6949
      vertex 85.1187 21.6 22.5114
      vertex 84.4141 20.4 22.7607
    endloop
  endfacet
  facet normal 0.177951 0.0988993 0.979057
    outer loop
      vertex 84.4141 20.4 22.7607
      vertex 85.1187 21.6 22.5114
      vertex 79.622 21.6 23.5105
    endloop
  endfacet
  facet normal 0.179046 0.103707 0.978359
    outer loop
      vertex 84.4141 20.4 22.7607
      vertex 79.622 21.6 23.5105
      vertex 78.8838 20.4 23.7728
    endloop
  endfacet
  facet normal 0.168059 0.110725 0.979539
    outer loop
      vertex 78.8838 20.4 23.7728
      vertex 79.622 21.6 23.5105
      vertex 74.1325 21.6 24.4523
    endloop
  endfacet
  facet normal 0.169098 0.115235 0.978839
    outer loop
      vertex 78.8838 20.4 23.7728
      vertex 74.1325 21.6 24.4523
      vertex 73.3606 20.4 24.7269
    endloop
  endfacet
  facet normal 0.15761 0.122852 0.97983
    outer loop
      vertex 73.3606 20.4 24.7269
      vertex 74.1325 21.6 24.4523
      vertex 68.6468 21.6 25.3347
    endloop
  endfacet
  facet normal 0.158592 0.127064 0.979134
    outer loop
      vertex 73.3606 20.4 24.7269
      vertex 68.6468 21.6 25.3347
      vertex 67.8413 20.4 25.6209
    endloop
  endfacet
  facet normal 0.146739 0.135201 0.979892
    outer loop
      vertex 67.8413 20.4 25.6209
      vertex 68.6468 21.6 25.3347
      vertex 63.1622 21.6 26.156
    endloop
  endfacet
  facet normal 0.147663 0.13911 0.979206
    outer loop
      vertex 67.8413 20.4 25.6209
      vertex 63.1622 21.6 26.156
      vertex 62.323 20.4 26.4531
    endloop
  endfacet
  facet normal 0.135528 0.147719 0.9797
    outer loop
      vertex 62.323 20.4 26.4531
      vertex 63.1622 21.6 26.156
      vertex 57.6786 21.6 26.9146
    endloop
  endfacet
  facet normal 0.136392 0.15132 0.97903
    outer loop
      vertex 62.323 20.4 26.4531
      vertex 57.6786 21.6 26.9146
      vertex 56.8058 20.4 27.2217
    endloop
  endfacet
  facet normal 0.124034 0.160361 0.979234
    outer loop
      vertex 56.8058 20.4 27.2217
      vertex 57.6786 21.6 26.9146
      vertex 52.1957 21.6 27.6091
    endloop
  endfacet
  facet normal 0.124837 0.163653 0.978588
    outer loop
      vertex 56.8058 20.4 27.2217
      vertex 52.1957 21.6 27.6091
      vertex 51.2893 20.4 27.9254
    endloop
  endfacet
  facet normal 0.112323 0.173077 0.978482
    outer loop
      vertex 51.2893 20.4 27.9254
      vertex 52.1957 21.6 27.6091
      vertex 46.715 21.6 28.2382
    endloop
  endfacet
  facet normal 0.113063 0.176062 0.977864
    outer loop
      vertex 51.2893 20.4 27.9254
      vertex 46.715 21.6 28.2382
      vertex 45.7749 20.4 28.563
    endloop
  endfacet
  facet normal 0.100217 0.186006 0.977424
    outer loop
      vertex 45.7749 20.4 28.563
      vertex 46.715 21.6 28.2382
      vertex 41.2371 21.6 28.7999
    endloop
  endfacet
  facet normal 0.100893 0.188675 0.976843
    outer loop
      vertex 45.7749 20.4 28.563
      vertex 41.2371 21.6 28.7999
      vertex 40.2635 20.4 29.1322
    endloop
  endfacet
  facet normal 0.0876741 0.199176 0.976034
    outer loop
      vertex 40.2635 20.4 29.1322
      vertex 41.2371 21.6 28.7999
      vertex 35.7649 21.6 29.2915
    endloop
  endfacet
  facet normal 0.0882826 0.201528 0.975496
    outer loop
      vertex 40.2635 20.4 29.1322
      vertex 35.7649 21.6 29.2915
      vertex 34.7578 20.4 29.6305
    endloop
  endfacet
  facet normal 0.0746219 0.212648 0.974275
    outer loop
      vertex 34.7578 20.4 29.6305
      vertex 35.7649 21.6 29.2915
      vertex 30.3009 21.6 29.7099
    endloop
  endfacet
  facet normal 0.0751594 0.214676 0.973789
    outer loop
      vertex 34.7578 20.4 29.6305
      vertex 30.3009 21.6 29.7099
      vertex 29.2604 20.4 30.0548
    endloop
  endfacet
  facet normal 0.0608425 0.226601 0.972085
    outer loop
      vertex 29.2604 20.4 30.0548
      vertex 30.3009 21.6 29.7099
      vertex 24.8464 21.6 30.0513
    endloop
  endfacet
  facet normal 0.0613042 0.228298 0.971659
    outer loop
      vertex 29.2604 20.4 30.0548
      vertex 24.8464 21.6 30.0513
      vertex 23.7724 20.4 30.4011
    endloop
  endfacet
  facet normal 0.0463424 0.241033 0.96941
    outer loop
      vertex 23.7724 20.4 30.4011
      vertex 24.8464 21.6 30.0513
      vertex 19.4016 21.6 30.3116
    endloop
  endfacet
  facet normal 0.0467227 0.242391 0.969053
    outer loop
      vertex 23.7724 20.4 30.4011
      vertex 19.4016 21.6 30.3116
      vertex 18.2943 20.4 30.6652
    endloop
  endfacet
  facet normal 0.031144 0.255924 0.966195
    outer loop
      vertex 18.2943 20.4 30.6652
      vertex 19.4016 21.6 30.3116
      vertex 13.9664 21.6 30.4868
    endloop
  endfacet
  facet normal 0.0314366 0.256938 0.965916
    outer loop
      vertex 18.2943 20.4 30.6652
      vertex 13.9664 21.6 30.4868
      vertex 12.8258 20.4 30.8432
    endloop
  endfacet
  facet normal 0.0152287 0.271292 0.962377
    outer loop
      vertex 12.8258 20.4 30.8432
      vertex 13.9664 21.6 30.4868
      vertex 8.54494 21.6 30.5726
    endloop
  endfacet
  facet normal 0.0154271 0.271957 0.962186
    outer loop
      vertex 12.8258 20.4 30.8432
      vertex 8.54494 21.6 30.5726
      vertex 7.37123 20.4 30.9306
    endloop
  endfacet
  facet normal -0.00173603 0.287435 0.957799
    outer loop
      vertex 7.37123 20.4 30.9306
      vertex 8.54494 21.6 30.5726
      vertex 3.14549 21.6 30.5628
    endloop
  endfacet
  facet normal -0.00164192 0.287738 0.957708
    outer loop
      vertex 7.37123 20.4 30.9306
      vertex 3.14549 21.6 30.5628
      vertex 1.93877 20.4 30.9213
    endloop
  endfacet
  facet normal -0.0203072 0.304857 0.952181
    outer loop
      vertex 1.93877 20.4 30.9213
      vertex 3.14549 21.6 30.5628
      vertex -2.22596 21.6 30.4483
    endloop
  endfacet
  facet normal -0.0203312 0.304783 0.952205
    outer loop
      vertex 1.93877 20.4 30.9213
      vertex -2.22596 21.6 30.4483
      vertex -3.46553 20.4 30.8059
    endloop
  endfacet
  facet normal -0.0404306 0.323506 0.945362
    outer loop
      vertex -3.46553 20.4 30.8059
      vertex -2.22596 21.6 30.4483
      vertex -7.56817 21.6 30.2198
    endloop
  endfacet
  facet normal -0.0405874 0.323044 0.945513
    outer loop
      vertex -3.46553 20.4 30.8059
      vertex -7.56817 21.6 30.2198
      vertex -8.84038 20.4 30.5752
    endloop
  endfacet
  facet normal -0.0619615 0.343243 0.937201
    outer loop
      vertex -8.84038 20.4 30.5752
      vertex -7.56817 21.6 30.2198
      vertex -12.8812 21.6 29.8685
    endloop
  endfacet
  facet normal -0.062268 0.342384 0.937495
    outer loop
      vertex -8.84038 20.4 30.5752
      vertex -12.8812 21.6 29.8685
      vertex -14.1859 20.4 30.2201
    endloop
  endfacet
  facet normal -0.0848095 0.363975 0.92754
    outer loop
      vertex -14.1859 20.4 30.2201
      vertex -12.8812 21.6 29.8685
      vertex -18.1625 21.6 29.3856
    endloop
  endfacet
  facet normal -0.0852827 0.362719 0.927988
    outer loop
      vertex -14.1859 20.4 30.2201
      vertex -18.1625 21.6 29.3856
      vertex -19.4994 20.4 29.7318
    endloop
  endfacet
  facet normal -0.109014 0.385741 0.916144
    outer loop
      vertex -19.4994 20.4 29.7318
      vertex -18.1625 21.6 29.3856
      vertex -23.4071 21.6 28.7616
    endloop
  endfacet
  facet normal -0.109674 0.38409 0.916759
    outer loop
      vertex -19.4994 20.4 29.7318
      vertex -23.4071 21.6 28.7616
      vertex -24.776 20.4 29.1006
    endloop
  endfacet
  facet normal -0.13446 0.408432 0.902831
    outer loop
      vertex -24.776 20.4 29.1006
      vertex -23.4071 21.6 28.7616
      vertex -28.6068 21.6 27.9872
    endloop
  endfacet
  facet normal -0.135327 0.406397 0.903619
    outer loop
      vertex -24.776 20.4 29.1006
      vertex -28.6068 21.6 27.9872
      vertex -30.0074 20.4 28.3171
    endloop
  endfacet
  facet normal -0.16151 0.432415 0.887092
    outer loop
      vertex -33.3543 21.6 27.1228
      vertex -30.0074 20.4 28.3171
      vertex -28.6068 21.6 27.9872
    endloop
  endfacet
  facet normal -0.161511 0.432414 0.887092
    outer loop
      vertex -30.0074 20.4 28.3171
      vertex -33.3543 21.6 27.1228
      vertex -33.4061 21.4897 27.1671
    endloop
  endfacet
  facet normal -0.162608 0.430011 0.888059
    outer loop
      vertex -30.0074 20.4 28.3171
      vertex -33.4061 21.4897 27.1671
      vertex -33.9139 20.4 27.6018
    endloop
  endfacet
  facet normal 0.186698 0.101876 0.977121
    outer loop
      vertex 85.732 21.6 22.3942
      vertex 85.1716 21.6826 22.4927
      vertex 85.1187 21.6 22.5114
    endloop
  endfacet
  facet normal 0.17646 0.108701 0.978287
    outer loop
      vertex 85.1187 21.6 22.5114
      vertex 85.1716 21.6826 22.4927
      vertex 84.352 21.7961 22.6279
    endloop
  endfacet
  facet normal 0.177665 0.113889 0.977479
    outer loop
      vertex 79.622 21.6 23.5105
      vertex 84.352 21.7961 22.6279
      vertex 80.146 22.3805 23.3243
    endloop
  endfacet
  facet normal 0.177665 0.11389 0.977479
    outer loop
      vertex 84.352 21.7961 22.6279
      vertex 79.622 21.6 23.5105
      vertex 85.1187 21.6 22.5114
    endloop
  endfacet
  facet normal 0.1666 0.121562 0.978503
    outer loop
      vertex 76.9043 22.8 23.8241
      vertex 79.622 21.6 23.5105
      vertex 80.146 22.3805 23.3243
    endloop
  endfacet
  facet normal 0.1666 0.121562 0.978502
    outer loop
      vertex 79.622 21.6 23.5105
      vertex 76.9043 22.8 23.8241
      vertex 74.9749 22.8 24.1526
    endloop
  endfacet
  facet normal 0.167742 0.126419 0.977692
    outer loop
      vertex 79.622 21.6 23.5105
      vertex 74.9749 22.8 24.1526
      vertex 74.1325 21.6 24.4523
    endloop
  endfacet
  facet normal 0.156186 0.134732 0.978495
    outer loop
      vertex 74.1325 21.6 24.4523
      vertex 74.9749 22.8 24.1526
      vertex 69.5259 22.8 25.0224
    endloop
  endfacet
  facet normal 0.157265 0.139259 0.977688
    outer loop
      vertex 74.1325 21.6 24.4523
      vertex 69.5259 22.8 25.0224
      vertex 68.6468 21.6 25.3347
    endloop
  endfacet
  facet normal 0.145357 0.148123 0.978229
    outer loop
      vertex 68.6468 21.6 25.3347
      vertex 69.5259 22.8 25.0224
      vertex 64.078 22.8 25.8319
    endloop
  endfacet
  facet normal 0.146371 0.152314 0.977433
    outer loop
      vertex 68.6468 21.6 25.3347
      vertex 64.078 22.8 25.8319
      vertex 63.1622 21.6 26.156
    endloop
  endfacet
  facet normal 0.134192 0.161674 0.977678
    outer loop
      vertex 63.1622 21.6 26.156
      vertex 64.078 22.8 25.8319
      vertex 58.6311 22.8 26.5795
    endloop
  endfacet
  facet normal 0.135141 0.165528 0.976902
    outer loop
      vertex 63.1622 21.6 26.156
      vertex 58.6311 22.8 26.5795
      vertex 57.6786 21.6 26.9146
    endloop
  endfacet
  facet normal 0.122753 0.175339 0.976825
    outer loop
      vertex 57.6786 21.6 26.9146
      vertex 58.6311 22.8 26.5795
      vertex 53.1848 22.8 27.2639
    endloop
  endfacet
  facet normal 0.123634 0.178857 0.976076
    outer loop
      vertex 57.6786 21.6 26.9146
      vertex 53.1848 22.8 27.2639
      vertex 52.1957 21.6 27.6091
    endloop
  endfacet
  facet normal 0.111104 0.189066 0.975659
    outer loop
      vertex 52.1957 21.6 27.6091
      vertex 53.1848 22.8 27.2639
      vertex 47.7408 22.8 27.8839
    endloop
  endfacet
  facet normal 0.111916 0.192246 0.974944
    outer loop
      vertex 52.1957 21.6 27.6091
      vertex 47.7408 22.8 27.8839
      vertex 46.715 21.6 28.2382
    endloop
  endfacet
  facet normal 0.099071 0.202994 0.974155
    outer loop
      vertex 46.715 21.6 28.2382
      vertex 47.7408 22.8 27.8839
      vertex 42.2995 22.8 28.4372
    endloop
  endfacet
  facet normal 0.0998131 0.205836 0.973483
    outer loop
      vertex 46.715 21.6 28.2382
      vertex 42.2995 22.8 28.4372
      vertex 41.2371 21.6 28.7999
    endloop
  endfacet
  facet normal 0.0866141 0.21716 0.972286
    outer loop
      vertex 41.2371 21.6 28.7999
      vertex 42.2995 22.8 28.4372
      vertex 36.8639 22.8 28.9215
    endloop
  endfacet
  facet normal 0.0872817 0.219656 0.971665
    outer loop
      vertex 41.2371 21.6 28.7999
      vertex 36.8639 22.8 28.9215
      vertex 35.7649 21.6 29.2915
    endloop
  endfacet
  facet normal 0.0736623 0.231619 0.970014
    outer loop
      vertex 35.7649 21.6 29.2915
      vertex 36.8639 22.8 28.9215
      vertex 31.4364 22.8 29.3336
    endloop
  endfacet
  facet normal 0.0742526 0.233768 0.969453
    outer loop
      vertex 35.7649 21.6 29.2915
      vertex 31.4364 22.8 29.3336
      vertex 30.3009 21.6 29.7099
    endloop
  endfacet
  facet normal 0.0600035 0.246566 0.967267
    outer loop
      vertex 30.3009 21.6 29.7099
      vertex 31.4364 22.8 29.3336
      vertex 26.0183 22.8 29.6697
    endloop
  endfacet
  facet normal 0.0605102 0.248358 0.966776
    outer loop
      vertex 30.3009 21.6 29.7099
      vertex 26.0183 22.8 29.6697
      vertex 24.8464 21.6 30.0513
    endloop
  endfacet
  facet normal 0.0456466 0.261989 0.963991
    outer loop
      vertex 24.8464 21.6 30.0513
      vertex 26.0183 22.8 29.6697
      vertex 20.6099 22.8 29.9258
    endloop
  endfacet
  facet normal 0.0460637 0.263418 0.963581
    outer loop
      vertex 24.8464 21.6 30.0513
      vertex 20.6099 22.8 29.9258
      vertex 19.4016 21.6 30.3116
    endloop
  endfacet
  facet normal 0.0306174 0.277863 0.960133
    outer loop
      vertex 19.4016 21.6 30.3116
      vertex 20.6099 22.8 29.9258
      vertex 15.211 22.8 30.098
    endloop
  endfacet
  facet normal 0.0309384 0.278927 0.959814
    outer loop
      vertex 19.4016 21.6 30.3116
      vertex 15.211 22.8 30.098
      vertex 13.9664 21.6 30.4868
    endloop
  endfacet
  facet normal 0.0149009 0.294204 0.955626
    outer loop
      vertex 13.9664 21.6 30.4868
      vertex 15.211 22.8 30.098
      vertex 9.82576 22.8 30.182
    endloop
  endfacet
  facet normal 0.0151184 0.294899 0.955409
    outer loop
      vertex 13.9664 21.6 30.4868
      vertex 9.82576 22.8 30.182
      vertex 8.54494 21.6 30.5726
    endloop
  endfacet
  facet normal -0.0018256 0.311322 0.950303
    outer loop
      vertex 8.54494 21.6 30.5726
      vertex 9.82576 22.8 30.182
      vertex 4.46235 22.8 30.1717
    endloop
  endfacet
  facet normal -0.00172226 0.311639 0.950199
    outer loop
      vertex 8.54494 21.6 30.5726
      vertex 4.46235 22.8 30.1717
      vertex 3.14549 21.6 30.5628
    endloop
  endfacet
  facet normal -0.0201046 0.329744 0.943856
    outer loop
      vertex 3.14549 21.6 30.5628
      vertex 4.46235 22.8 30.1717
      vertex -0.87327 22.8 30.058
    endloop
  endfacet
  facet normal -0.0201302 0.329669 0.943882
    outer loop
      vertex 3.14549 21.6 30.5628
      vertex -0.87327 22.8 30.058
      vertex -2.22596 21.6 30.4483
    endloop
  endfacet
  facet normal -0.0398703 0.349399 0.936126
    outer loop
      vertex -2.22596 21.6 30.4483
      vertex -0.87327 22.8 30.058
      vertex -6.17985 22.8 29.832
    endloop
  endfacet
  facet normal -0.0400429 0.348918 0.936297
    outer loop
      vertex -2.22596 21.6 30.4483
      vertex -6.17985 22.8 29.832
      vertex -7.56817 21.6 30.2198
    endloop
  endfacet
  facet normal -0.0609721 0.370121 0.926981
    outer loop
      vertex -7.56817 21.6 30.2198
      vertex -6.17985 22.8 29.832
      vertex -11.4575 22.8 29.4849
    endloop
  endfacet
  facet normal -0.0613077 0.369236 0.927311
    outer loop
      vertex -7.56817 21.6 30.2198
      vertex -11.4575 22.8 29.4849
      vertex -12.8812 21.6 29.8685
    endloop
  endfacet
  facet normal -0.0833072 0.391806 0.916268
    outer loop
      vertex -12.8812 21.6 29.8685
      vertex -11.4575 22.8 29.4849
      vertex -16.7036 22.8 29.0079
    endloop
  endfacet
  facet normal -0.0838249 0.390518 0.916771
    outer loop
      vertex -12.8812 21.6 29.8685
      vertex -16.7036 22.8 29.0079
      vertex -18.1625 21.6 29.3856
    endloop
  endfacet
  facet normal -0.106902 0.414478 0.903759
    outer loop
      vertex -18.1625 21.6 29.3856
      vertex -16.7036 22.8 29.0079
      vertex -21.9132 22.8 28.3916
    endloop
  endfacet
  facet normal -0.107622 0.412794 0.904444
    outer loop
      vertex -18.1625 21.6 29.3856
      vertex -21.9132 22.8 28.3916
      vertex -23.4071 21.6 28.7616
    endloop
  endfacet
  facet normal -0.131628 0.438005 0.889284
    outer loop
      vertex -23.4071 21.6 28.7616
      vertex -21.9132 22.8 28.3916
      vertex -27.0783 22.8 27.6271
    endloop
  endfacet
  facet normal -0.132573 0.435941 0.890157
    outer loop
      vertex -23.4071 21.6 28.7616
      vertex -27.0783 22.8 27.6271
      vertex -28.6068 21.6 27.9872
    endloop
  endfacet
  facet normal -0.157821 0.462751 0.872327
    outer loop
      vertex -28.6068 21.6 27.9872
      vertex -27.0783 22.8 27.6271
      vertex -32.1875 22.8 26.7028
    endloop
  endfacet
  facet normal -0.159019 0.460328 0.873391
    outer loop
      vertex -33.3543 21.6 27.1228
      vertex -32.1875 22.8 26.7028
      vertex -33.1014 22.0982 26.9063
    endloop
  endfacet
  facet normal -0.159016 0.460326 0.873392
    outer loop
      vertex -32.1875 22.8 26.7028
      vertex -33.3543 21.6 27.1228
      vertex -28.6068 21.6 27.9872
    endloop
  endfacet
  facet normal -0.18542 0.488663 0.852542
    outer loop
      vertex -32.1875 22.8 26.7028
      vertex -32.7267 22.8 26.5855
      vertex -33.1014 22.0982 26.9063
    endloop
  endfacet
  facet normal 0.166246 0.137693 0.976424
    outer loop
      vertex 76.9043 22.8 23.8241
      vertex 75.1457 23.0247 24.0919
      vertex 74.9749 22.8 24.1526
    endloop
  endfacet
  facet normal 0.154626 0.146688 0.977023
    outer loop
      vertex 74.9749 22.8 24.1526
      vertex 75.1457 23.0247 24.0919
      vertex 73.3303 23.2388 24.347
    endloop
  endfacet
  facet normal 0.155803 0.151508 0.9761
    outer loop
      vertex 69.5259 22.8 25.0224
      vertex 73.3303 23.2388 24.347
      vertex 70.171 23.6133 24.7932
    endloop
  endfacet
  facet normal 0.155803 0.151508 0.9761
    outer loop
      vertex 73.3303 23.2388 24.347
      vertex 69.5259 22.8 25.0224
      vertex 74.9749 22.8 24.1526
    endloop
  endfacet
  facet normal 0.143843 0.161082 0.976403
    outer loop
      vertex 66.6098 24 25.254
      vertex 69.5259 22.8 25.0224
      vertex 70.171 23.6133 24.7932
    endloop
  endfacet
  facet normal 0.143842 0.161081 0.976403
    outer loop
      vertex 69.5259 22.8 25.0224
      vertex 66.6098 24 25.254
      vertex 65.0696 24 25.4809
    endloop
  endfacet
  facet normal 0.14495 0.165543 0.975492
    outer loop
      vertex 69.5259 22.8 25.0224
      vertex 65.0696 24 25.4809
      vertex 64.078 22.8 25.8319
    endloop
  endfacet
  facet normal 0.132732 0.175632 0.975467
    outer loop
      vertex 64.078 22.8 25.8319
      vertex 65.0696 24 25.4809
      vertex 59.6625 24 26.2166
    endloop
  endfacet
  facet normal 0.133767 0.179725 0.97458
    outer loop
      vertex 64.078 22.8 25.8319
      vertex 59.6625 24 26.2166
      vertex 58.6311 22.8 26.5795
    endloop
  endfacet
  facet normal 0.121355 0.190279 0.974201
    outer loop
      vertex 58.6311 22.8 26.5795
      vertex 59.6625 24 26.2166
      vertex 54.2559 24 26.8901
    endloop
  endfacet
  facet normal 0.122316 0.194004 0.973345
    outer loop
      vertex 58.6311 22.8 26.5795
      vertex 54.2559 24 26.8901
      vertex 53.1848 22.8 27.2639
    endloop
  endfacet
  facet normal 0.109775 0.204964 0.972594
    outer loop
      vertex 53.1848 22.8 27.2639
      vertex 54.2559 24 26.8901
      vertex 48.8516 24 27.5001
    endloop
  endfacet
  facet normal 0.110662 0.208327 0.971779
    outer loop
      vertex 53.1848 22.8 27.2639
      vertex 48.8516 24 27.5001
      vertex 47.7408 22.8 27.8839
    endloop
  endfacet
  facet normal 0.0978246 0.21984 0.970619
    outer loop
      vertex 47.7408 22.8 27.8839
      vertex 48.8516 24 27.5001
      vertex 43.45 24 28.0445
    endloop
  endfacet
  facet normal 0.0986335 0.222834 0.969854
    outer loop
      vertex 47.7408 22.8 27.8839
      vertex 43.45 24 28.0445
      vertex 42.2995 22.8 28.4372
    endloop
  endfacet
  facet normal 0.0854627 0.234936 0.968247
    outer loop
      vertex 42.2995 22.8 28.4372
      vertex 43.45 24 28.0445
      vertex 38.054 24 28.5208
    endloop
  endfacet
  facet normal 0.0861914 0.237563 0.967541
    outer loop
      vertex 42.2995 22.8 28.4372
      vertex 38.054 24 28.5208
      vertex 36.8639 22.8 28.9215
    endloop
  endfacet
  facet normal 0.072623 0.250317 0.965436
    outer loop
      vertex 36.8639 22.8 28.9215
      vertex 38.054 24 28.5208
      vertex 32.6661 24 28.9261
    endloop
  endfacet
  facet normal 0.0732664 0.25257 0.964801
    outer loop
      vertex 36.8639 22.8 28.9215
      vertex 32.6661 24 28.9261
      vertex 31.4364 22.8 29.3336
    endloop
  endfacet
  facet normal 0.0590967 0.266176 0.962111
    outer loop
      vertex 31.4364 22.8 29.3336
      vertex 32.6661 24 28.9261
      vertex 27.2874 24 29.2565
    endloop
  endfacet
  facet normal 0.0596493 0.268051 0.961556
    outer loop
      vertex 31.4364 22.8 29.3336
      vertex 27.2874 24 29.2565
      vertex 26.0183 22.8 29.6697
    endloop
  endfacet
  facet normal 0.0448965 0.282502 0.958215
    outer loop
      vertex 26.0183 22.8 29.6697
      vertex 27.2874 24 29.2565
      vertex 21.9184 24 29.508
    endloop
  endfacet
  facet normal 0.0453513 0.283994 0.957753
    outer loop
      vertex 26.0183 22.8 29.6697
      vertex 21.9184 24 29.508
      vertex 20.6099 22.8 29.9258
    endloop
  endfacet
  facet normal 0.0300504 0.299265 0.953697
    outer loop
      vertex 20.6099 22.8 29.9258
      vertex 21.9184 24 29.508
      vertex 16.5588 24 29.6769
    endloop
  endfacet
  facet normal 0.0304007 0.300373 0.953337
    outer loop
      vertex 20.6099 22.8 29.9258
      vertex 16.5588 24 29.6769
      vertex 15.211 22.8 30.098
    endloop
  endfacet
  facet normal 0.0145492 0.316476 0.948489
    outer loop
      vertex 15.211 22.8 30.098
      vertex 16.5588 24 29.6769
      vertex 11.2127 24 29.7589
    endloop
  endfacet
  facet normal 0.0147858 0.317195 0.948245
    outer loop
      vertex 15.211 22.8 30.098
      vertex 11.2127 24 29.7589
      vertex 9.82576 22.8 30.182
    endloop
  endfacet
  facet normal -0.0019233 0.334451 0.942411
    outer loop
      vertex 9.82576 22.8 30.182
      vertex 11.2127 24 29.7589
      vertex 5.88834 24 29.7481
    endloop
  endfacet
  facet normal -0.00181022 0.33478 0.942294
    outer loop
      vertex 9.82576 22.8 30.182
      vertex 5.88834 24 29.7481
      vertex 4.46235 22.8 30.1717
    endloop
  endfacet
  facet normal -0.0198909 0.353738 0.935133
    outer loop
      vertex 4.46235 22.8 30.1717
      vertex 5.88834 24 29.7481
      vertex 0.591524 24 29.6354
    endloop
  endfacet
  facet normal -0.0199194 0.353659 0.935162
    outer loop
      vertex 4.46235 22.8 30.1717
      vertex 0.591524 24 29.6354
      vertex -0.87327 22.8 30.058
    endloop
  endfacet
  facet normal -0.0392817 0.374243 0.926498
    outer loop
      vertex -0.87327 22.8 30.058
      vertex 0.591524 24 29.6354
      vertex -4.67647 24 29.412
    endloop
  endfacet
  facet normal -0.0394684 0.373753 0.926688
    outer loop
      vertex -0.87327 22.8 30.058
      vertex -4.67647 24 29.412
      vertex -6.17985 22.8 29.832
    endloop
  endfacet
  facet normal -0.0599341 0.395787 0.916385
    outer loop
      vertex -6.17985 22.8 29.832
      vertex -4.67647 24 29.412
      vertex -9.91577 24 29.0694
    endloop
  endfacet
  facet normal -0.0602993 0.394883 0.916751
    outer loop
      vertex -6.17985 22.8 29.832
      vertex -9.91577 24 29.0694
      vertex -11.4575 22.8 29.4849
    endloop
  endfacet
  facet normal -0.0817399 0.41824 0.904651
    outer loop
      vertex -11.4575 22.8 29.4849
      vertex -9.91577 24 29.0694
      vertex -15.1237 24 28.5988
    endloop
  endfacet
  facet normal -0.0823012 0.416933 0.905204
    outer loop
      vertex -11.4575 22.8 29.4849
      vertex -15.1237 24 28.5988
      vertex -16.7036 22.8 29.0079
    endloop
  endfacet
  facet normal -0.104709 0.441616 0.891073
    outer loop
      vertex -16.7036 22.8 29.0079
      vertex -15.1237 24 28.5988
      vertex -20.2956 24 27.9911
    endloop
  endfacet
  facet normal -0.10549 0.439914 0.891823
    outer loop
      vertex -16.7036 22.8 29.0079
      vertex -20.2956 24 27.9911
      vertex -21.9132 22.8 28.3916
    endloop
  endfacet
  facet normal -0.128707 0.465763 0.875499
    outer loop
      vertex -21.9132 22.8 28.3916
      vertex -20.2956 24 27.9911
      vertex -25.4232 24 27.2373
    endloop
  endfacet
  facet normal -0.129728 0.463691 0.876448
    outer loop
      vertex -21.9132 22.8 28.3916
      vertex -25.4232 24 27.2373
      vertex -27.0783 22.8 27.6271
    endloop
  endfacet
  facet normal -0.154042 0.49104 0.857409
    outer loop
      vertex -27.0783 22.8 27.6271
      vertex -25.4232 24 27.2373
      vertex -30.4953 24 26.326
    endloop
  endfacet
  facet normal -0.15533 0.488618 0.85856
    outer loop
      vertex -27.0783 22.8 27.6271
      vertex -30.4953 24 26.326
      vertex -32.1875 22.8 26.7028
    endloop
  endfacet
  facet normal -0.180635 0.517369 0.836481
    outer loop
      vertex -32.0351 24 25.9935
      vertex -32.1875 22.8 26.7028
      vertex -30.4953 24 26.326
    endloop
  endfacet
  facet normal -0.180637 0.517369 0.83648
    outer loop
      vertex -32.1875 22.8 26.7028
      vertex -32.0351 24 25.9935
      vertex -32.6341 22.9618 26.5063
    endloop
  endfacet
  facet normal -0.182219 0.514633 0.837824
    outer loop
      vertex -32.1875 22.8 26.7028
      vertex -32.6341 22.9618 26.5063
      vertex -32.7267 22.8 26.5855
    endloop
  endfacet
  facet normal 0.1434 0.178685 0.9734
    outer loop
      vertex 66.6098 24 25.254
      vertex 65.2035 24.1507 25.4335
      vertex 65.0696 24 25.4809
    endloop
  endfacet
  facet normal 0.13115 0.18947 0.973088
    outer loop
      vertex 65.0696 24 25.4809
      vertex 65.2035 24.1507 25.4335
      vertex 64.1701 24.2511 25.5532
    endloop
  endfacet
  facet normal 0.132272 0.193783 0.972087
    outer loop
      vertex 59.6625 24 26.2166
      vertex 64.1701 24.2511 25.5532
      vertex 60.249 24.6347 26.0103
    endloop
  endfacet
  facet normal 0.132272 0.19378 0.972087
    outer loop
      vertex 64.1701 24.2511 25.5532
      vertex 59.6625 24 26.2166
      vertex 65.0696 24 25.4809
    endloop
  endfacet
  facet normal 0.119841 0.205043 0.971389
    outer loop
      vertex 59.6625 24 26.2166
      vertex 60.249 24.6347 26.0103
      vertex 56.126 24.9974 26.4424
    endloop
  endfacet
  facet normal 0.120885 0.208959 0.970424
    outer loop
      vertex 54.2559 24 26.8901
      vertex 56.126 24.9974 26.4424
      vertex 55.2845 25.0719 26.5312
    endloop
  endfacet
  facet normal 0.120884 0.208961 0.970424
    outer loop
      vertex 56.126 24.9974 26.4424
      vertex 54.2559 24 26.8901
      vertex 59.6625 24 26.2166
    endloop
  endfacet
  facet normal 0.10834 0.220628 0.969322
    outer loop
      vertex 53.6576 25.2 26.6839
      vertex 54.2559 24 26.8901
      vertex 55.2845 25.0719 26.5312
    endloop
  endfacet
  facet normal 0.108341 0.220629 0.969322
    outer loop
      vertex 54.2559 24 26.8901
      vertex 53.6576 25.2 26.6839
      vertex 50.0457 25.2 27.0876
    endloop
  endfacet
  facet normal 0.109302 0.224154 0.968405
    outer loop
      vertex 54.2559 24 26.8901
      vertex 50.0457 25.2 27.0876
      vertex 48.8516 24 27.5001
    endloop
  endfacet
  facet normal 0.0964811 0.236381 0.966859
    outer loop
      vertex 48.8516 24 27.5001
      vertex 50.0457 25.2 27.0876
      vertex 44.6868 25.2 27.6223
    endloop
  endfacet
  facet normal 0.097359 0.239515 0.965999
    outer loop
      vertex 48.8516 24 27.5001
      vertex 44.6868 25.2 27.6223
      vertex 43.45 24 28.0445
    endloop
  endfacet
  facet normal 0.0842248 0.252337 0.963967
    outer loop
      vertex 43.45 24 28.0445
      vertex 44.6868 25.2 27.6223
      vertex 39.3334 25.2 28.0901
    endloop
  endfacet
  facet normal 0.0850151 0.255079 0.963176
    outer loop
      vertex 43.45 24 28.0445
      vertex 39.3334 25.2 28.0901
      vertex 38.054 24 28.5208
    endloop
  endfacet
  facet normal 0.0715082 0.268557 0.960606
    outer loop
      vertex 38.054 24 28.5208
      vertex 39.3334 25.2 28.0901
      vertex 33.988 25.2 28.488
    endloop
  endfacet
  facet normal 0.0722062 0.270902 0.959895
    outer loop
      vertex 38.054 24 28.5208
      vertex 33.988 25.2 28.488
      vertex 32.6661 24 28.9261
    endloop
  endfacet
  facet normal 0.0581268 0.285242 0.956691
    outer loop
      vertex 32.6661 24 28.9261
      vertex 33.988 25.2 28.488
      vertex 28.6518 25.2 28.8122
    endloop
  endfacet
  facet normal 0.0587258 0.287187 0.956073
    outer loop
      vertex 32.6661 24 28.9261
      vertex 28.6518 25.2 28.8122
      vertex 27.2874 24 29.2565
    endloop
  endfacet
  facet normal 0.044096 0.302375 0.952168
    outer loop
      vertex 27.2874 24 29.2565
      vertex 28.6518 25.2 28.8122
      vertex 23.3251 25.2 29.0589
    endloop
  endfacet
  facet normal 0.0445891 0.303919 0.951654
    outer loop
      vertex 27.2874 24 29.2565
      vertex 23.3251 25.2 29.0589
      vertex 21.9184 24 29.508
    endloop
  endfacet
  facet normal 0.0294476 0.319921 0.946987
    outer loop
      vertex 21.9184 24 29.508
      vertex 23.3251 25.2 29.0589
      vertex 18.0077 25.2 29.2242
    endloop
  endfacet
  facet normal 0.0298264 0.321061 0.946589
    outer loop
      vertex 21.9184 24 29.508
      vertex 18.0077 25.2 29.2242
      vertex 16.5588 24 29.6769
    endloop
  endfacet
  facet normal 0.0141746 0.337882 0.941082
    outer loop
      vertex 16.5588 24 29.6769
      vertex 18.0077 25.2 29.2242
      vertex 12.7038 25.2 29.3041
    endloop
  endfacet
  facet normal 0.0144314 0.338623 0.940811
    outer loop
      vertex 16.5588 24 29.6769
      vertex 12.7038 25.2 29.3041
      vertex 11.2127 24 29.7589
    endloop
  endfacet
  facet normal -0.00202806 0.356591 0.934258
    outer loop
      vertex 11.2127 24 29.7589
      vertex 12.7038 25.2 29.3041
      vertex 7.42135 25.2 29.2927
    endloop
  endfacet
  facet normal -0.0019064 0.356926 0.934131
    outer loop
      vertex 11.2127 24 29.7589
      vertex 7.42135 25.2 29.2927
      vertex 5.88834 24 29.7481
    endloop
  endfacet
  facet normal -0.0196707 0.376598 0.926168
    outer loop
      vertex 5.88834 24 29.7481
      vertex 7.42135 25.2 29.2927
      vertex 2.16624 25.2 29.1811
    endloop
  endfacet
  facet normal -0.0197009 0.37652 0.926199
    outer loop
      vertex 5.88834 24 29.7481
      vertex 2.16624 25.2 29.1811
      vertex 0.591524 24 29.6354
    endloop
  endfacet
  facet normal -0.0386707 0.3978 0.916657
    outer loop
      vertex 0.591524 24 29.6354
      vertex 2.16624 25.2 29.1811
      vertex -3.06028 25.2 28.9606
    endloop
  endfacet
  facet normal -0.0388732 0.397301 0.916865
    outer loop
      vertex 0.591524 24 29.6354
      vertex -3.06028 25.2 28.9606
      vertex -4.67647 24 29.412
    endloop
  endfacet
  facet normal -0.0588629 0.419992 0.905617
    outer loop
      vertex -4.67647 24 29.412
      vertex -3.06028 25.2 28.9606
      vertex -8.25835 25.2 28.6227
    endloop
  endfacet
  facet normal -0.0592558 0.41908 0.906014
    outer loop
      vertex -4.67647 24 29.412
      vertex -8.25835 25.2 28.6227
      vertex -9.91577 24 29.0694
    endloop
  endfacet
  facet normal -0.0801284 0.443034 0.892917
    outer loop
      vertex -9.91577 24 29.0694
      vertex -8.25835 25.2 28.6227
      vertex -13.4254 25.2 28.159
    endloop
  endfacet
  facet normal -0.0807336 0.441717 0.893514
    outer loop
      vertex -9.91577 24 29.0694
      vertex -13.4254 25.2 28.159
      vertex -15.1237 24 28.5988
    endloop
  endfacet
  facet normal -0.102469 0.46692 0.878343
    outer loop
      vertex -15.1237 24 28.5988
      vertex -13.4254 25.2 28.159
      vertex -18.5565 25.2 27.5604
    endloop
  endfacet
  facet normal -0.103308 0.465217 0.879148
    outer loop
      vertex -15.1237 24 28.5988
      vertex -18.5565 25.2 27.5604
      vertex -20.2956 24 27.9911
    endloop
  endfacet
  facet normal -0.125742 0.491488 0.861759
    outer loop
      vertex -20.2956 24 27.9911
      vertex -18.5565 25.2 27.5604
      vertex -23.6438 25.2 26.8181
    endloop
  endfacet
  facet normal -0.126837 0.489424 0.862773
    outer loop
      vertex -20.2956 24 27.9911
      vertex -23.6438 25.2 26.8181
      vertex -25.4232 24 27.2373
    endloop
  endfacet
  facet normal -0.150231 0.517083 0.842648
    outer loop
      vertex -24.3967 25.2 26.6839
      vertex -25.4232 24 27.2373
      vertex -23.6438 25.2 26.8181
    endloop
  endfacet
  facet normal -0.150231 0.517083 0.842648
    outer loop
      vertex -25.4232 24 27.2373
      vertex -24.3967 25.2 26.6839
      vertex -27.7724 24.8666 26.2866
    endloop
  endfacet
  facet normal -0.15161 0.514689 0.843866
    outer loop
      vertex -30.4953 24 26.326
      vertex -27.7724 24.8666 26.2866
      vertex -29.4325 24.7011 26.0894
    endloop
  endfacet
  facet normal -0.151609 0.514686 0.843868
    outer loop
      vertex -27.7724 24.8666 26.2866
      vertex -30.4953 24 26.326
      vertex -25.4232 24 27.2373
    endloop
  endfacet
  facet normal -0.175847 0.543615 0.820707
    outer loop
      vertex -30.4953 24 26.326
      vertex -29.4325 24.7011 26.0894
      vertex -31.659 24.4437 25.7827
    endloop
  endfacet
  facet normal -0.177526 0.540917 0.822127
    outer loop
      vertex -32.0351 24 25.9935
      vertex -31.659 24.4437 25.7827
      vertex -31.7707 24.4307 25.7672
    endloop
  endfacet
  facet normal -0.177535 0.540922 0.822122
    outer loop
      vertex -31.659 24.4437 25.7827
      vertex -32.0351 24 25.9935
      vertex -30.4953 24 26.326
    endloop
  endfacet
  facet normal 0.107843 0.239582 0.964868
    outer loop
      vertex 53.6576 25.2 26.6839
      vertex 50.3209 25.459 26.9925
      vertex 50.0457 25.2 27.0876
    endloop
  endfacet
  facet normal 0.0950457 0.252466 0.962926
    outer loop
      vertex 50.0457 25.2 27.0876
      vertex 50.3209 25.459 26.9925
      vertex 48.8344 25.5599 27.1128
    endloop
  endfacet
  facet normal 0.095994 0.255719 0.961973
    outer loop
      vertex 44.6868 25.2 27.6223
      vertex 48.8344 25.5599 27.1128
      vertex 45.3457 25.7988 27.3974
    endloop
  endfacet
  facet normal 0.0959935 0.255723 0.961972
    outer loop
      vertex 48.8344 25.5599 27.1128
      vertex 44.6868 25.2 27.6223
      vertex 50.0457 25.2 27.0876
    endloop
  endfacet
  facet normal 0.082906 0.269196 0.95951
    outer loop
      vertex 44.6868 25.2 27.6223
      vertex 45.3457 25.7988 27.3974
      vertex 42.0553 25.9919 27.6275
    endloop
  endfacet
  facet normal 0.0837594 0.272035 0.958635
    outer loop
      vertex 39.3334 25.2 28.0901
      vertex 42.0553 25.9919 27.6275
      vertex 40.3498 26.0929 27.7479
    endloop
  endfacet
  facet normal 0.0837589 0.272036 0.958635
    outer loop
      vertex 42.0553 25.9919 27.6275
      vertex 39.3334 25.2 28.0901
      vertex 44.6868 25.2 27.6223
    endloop
  endfacet
  facet normal 0.0703239 0.286164 0.955596
    outer loop
      vertex 39.3334 25.2 28.0901
      vertex 40.3498 26.0929 27.7479
      vertex 35.6447 26.3252 28.0246
    endloop
  endfacet
  facet normal 0.0710775 0.288586 0.954812
    outer loop
      vertex 33.988 25.2 28.488
      vertex 35.6447 26.3252 28.0246
      vertex 35.3298 26.3409 28.0433
    endloop
  endfacet
  facet normal 0.0710769 0.288587 0.954812
    outer loop
      vertex 35.6447 26.3252 28.0246
      vertex 33.988 25.2 28.488
      vertex 39.3334 25.2 28.0901
    endloop
  endfacet
  facet normal 0.0570986 0.303578 0.951094
    outer loop
      vertex 33.8414 26.4 28.1138
      vertex 33.988 25.2 28.488
      vertex 35.3298 26.3409 28.0433
    endloop
  endfacet
  facet normal 0.0570995 0.303578 0.951094
    outer loop
      vertex 33.988 25.2 28.488
      vertex 33.8414 26.4 28.1138
      vertex 30.1084 26.4 28.3379
    endloop
  endfacet
  facet normal 0.0577454 0.305581 0.950413
    outer loop
      vertex 33.988 25.2 28.488
      vertex 30.1084 26.4 28.3379
      vertex 28.6518 25.2 28.8122
    endloop
  endfacet
  facet normal 0.0432504 0.321413 0.945951
    outer loop
      vertex 28.6518 25.2 28.8122
      vertex 30.1084 26.4 28.3379
      vertex 24.827 26.4 28.5794
    endloop
  endfacet
  facet normal 0.0437819 0.322998 0.945387
    outer loop
      vertex 28.6518 25.2 28.8122
      vertex 24.827 26.4 28.5794
      vertex 23.3251 25.2 29.0589
    endloop
  endfacet
  facet normal 0.0288122 0.339628 0.940118
    outer loop
      vertex 23.3251 25.2 29.0589
      vertex 24.827 26.4 28.5794
      vertex 19.5547 26.4 28.7409
    endloop
  endfacet
  facet normal 0.0292205 0.340796 0.939683
    outer loop
      vertex 23.3251 25.2 29.0589
      vertex 19.5547 26.4 28.7409
      vertex 18.0077 25.2 29.2242
    endloop
  endfacet
  facet normal 0.0137799 0.358225 0.933534
    outer loop
      vertex 18.0077 25.2 29.2242
      vertex 19.5547 26.4 28.7409
      vertex 14.2958 26.4 28.8186
    endloop
  endfacet
  facet normal 0.0140564 0.35898 0.933239
    outer loop
      vertex 18.0077 25.2 29.2242
      vertex 14.2958 26.4 28.8186
      vertex 12.7038 25.2 29.3041
    endloop
  endfacet
  facet normal -0.00214095 0.377536 0.925992
    outer loop
      vertex 12.7038 25.2 29.3041
      vertex 14.2958 26.4 28.8186
      vertex 9.05812 26.4 28.8065
    endloop
  endfacet
  facet normal -0.00200982 0.377877 0.925854
    outer loop
      vertex 12.7038 25.2 29.3041
      vertex 9.05812 26.4 28.8065
      vertex 7.42135 25.2 29.2927
    endloop
  endfacet
  facet normal -0.0194465 0.398124 0.917125
    outer loop
      vertex 7.42135 25.2 29.2927
      vertex 9.05812 26.4 28.8065
      vertex 3.84756 26.4 28.696
    endloop
  endfacet
  facet normal -0.0194794 0.398043 0.91716
    outer loop
      vertex 7.42135 25.2 29.2927
      vertex 3.84756 26.4 28.696
      vertex 2.16624 25.2 29.1811
    endloop
  endfacet
  facet normal -0.0380469 0.419865 0.906789
    outer loop
      vertex 2.16624 25.2 29.1811
      vertex 3.84756 26.4 28.696
      vertex -1.33468 26.4 28.4785
    endloop
  endfacet
  facet normal -0.0382638 0.419363 0.907012
    outer loop
      vertex 2.16624 25.2 29.1811
      vertex -1.33468 26.4 28.4785
      vertex -3.06028 25.2 28.9606
    endloop
  endfacet
  facet normal -0.0577713 0.442544 0.894884
    outer loop
      vertex -3.06028 25.2 28.9606
      vertex -1.33468 26.4 28.4785
      vertex -6.48873 26.4 28.1458
    endloop
  endfacet
  facet normal -0.058193 0.441627 0.895309
    outer loop
      vertex -3.06028 25.2 28.9606
      vertex -6.48873 26.4 28.1458
      vertex -8.25835 25.2 28.6227
    endloop
  endfacet
  facet normal -0.0784967 0.466 0.881296
    outer loop
      vertex -6.8484 26.4 28.1138
      vertex -8.25835 25.2 28.6227
      vertex -6.48873 26.4 28.1458
    endloop
  endfacet
  facet normal -0.0784953 0.465999 0.881297
    outer loop
      vertex -8.25835 25.2 28.6227
      vertex -6.8484 26.4 28.1138
      vertex -11.0099 26.1845 27.857
    endloop
  endfacet
  facet normal -0.0791431 0.464685 0.881932
    outer loop
      vertex -13.4254 25.2 28.159
      vertex -11.0099 26.1845 27.857
      vertex -12.0171 26.132 27.7944
    endloop
  endfacet
  facet normal -0.0791427 0.464684 0.881933
    outer loop
      vertex -11.0099 26.1845 27.857
      vertex -13.4254 25.2 28.159
      vertex -8.25835 25.2 28.6227
    endloop
  endfacet
  facet normal -0.100212 0.490218 0.86582
    outer loop
      vertex -13.4254 25.2 28.159
      vertex -12.0171 26.132 27.7944
      vertex -15.3665 25.9114 27.5316
    endloop
  endfacet
  facet normal -0.101108 0.488527 0.866671
    outer loop
      vertex -18.5565 25.2 27.5604
      vertex -15.3665 25.9114 27.5316
      vertex -17.6953 25.7566 27.3471
    endloop
  endfacet
  facet normal -0.101107 0.488526 0.866672
    outer loop
      vertex -15.3665 25.9114 27.5316
      vertex -18.5565 25.2 27.5604
      vertex -13.4254 25.2 28.159
    endloop
  endfacet
  facet normal -0.122772 0.515024 0.848338
    outer loop
      vertex -18.5565 25.2 27.5604
      vertex -17.6953 25.7566 27.3471
      vertex -19.6231 25.6015 27.1623
    endloop
  endfacet
  facet normal -0.123939 0.512979 0.849407
    outer loop
      vertex -23.6438 25.2 26.8181
      vertex -19.6231 25.6015 27.1623
      vertex -23.508 25.2858 26.7861
    endloop
  endfacet
  facet normal -0.123939 0.512983 0.849404
    outer loop
      vertex -19.6231 25.6015 27.1623
      vertex -23.6438 25.2 26.8181
      vertex -18.5565 25.2 27.5604
    endloop
  endfacet
  facet normal -0.146443 0.540751 0.828337
    outer loop
      vertex -23.6438 25.2 26.8181
      vertex -23.508 25.2858 26.7861
      vertex -23.7941 25.2584 26.7534
    endloop
  endfacet
  facet normal -0.147907 0.538394 0.829611
    outer loop
      vertex -23.6438 25.2 26.8181
      vertex -23.7941 25.2584 26.7534
      vertex -24.3967 25.2 26.6839
    endloop
  endfacet
  facet normal 0.0567143 0.323061 0.944677
    outer loop
      vertex 33.8414 26.4 28.1138
      vertex 30.2876 26.5391 28.2795
      vertex 30.1084 26.4 28.3379
    endloop
  endfacet
  facet normal 0.0423642 0.339441 0.939673
    outer loop
      vertex 30.1084 26.4 28.3379
      vertex 30.2876 26.5391 28.2795
      vertex 29.6214 26.5585 28.3026
    endloop
  endfacet
  facet normal 0.0429355 0.341057 0.939061
    outer loop
      vertex 24.827 26.4 28.5794
      vertex 29.6214 26.5585 28.3026
      vertex 25.2096 26.6882 28.4572
    endloop
  endfacet
  facet normal 0.0429353 0.34106 0.939061
    outer loop
      vertex 29.6214 26.5585 28.3026
      vertex 24.827 26.4 28.5794
      vertex 30.1084 26.4 28.3379
    endloop
  endfacet
  facet normal 0.0281483 0.358211 0.933216
    outer loop
      vertex 24.827 26.4 28.5794
      vertex 25.2096 26.6882 28.4572
      vertex 23.8777 26.7137 28.4876
    endloop
  endfacet
  facet normal 0.0285858 0.359403 0.932744
    outer loop
      vertex 19.5547 26.4 28.7409
      vertex 23.8777 26.7137 28.4876
      vertex 20.0845 26.7874 28.5754
    endloop
  endfacet
  facet normal 0.0285862 0.359399 0.932746
    outer loop
      vertex 23.8777 26.7137 28.4876
      vertex 19.5547 26.4 28.7409
      vertex 24.827 26.4 28.5794
    endloop
  endfacet
  facet normal 0.0133689 0.377324 0.925985
    outer loop
      vertex 19.5547 26.4 28.7409
      vertex 20.0845 26.7874 28.5754
      vertex 18.3556 26.803 28.594
    endloop
  endfacet
  facet normal 0.0136641 0.378085 0.92567
    outer loop
      vertex 14.2958 26.4 28.8186
      vertex 18.3556 26.803 28.594
      vertex 14.9077 26.8348 28.6319
    endloop
  endfacet
  facet normal 0.0136638 0.378086 0.925669
    outer loop
      vertex 18.3556 26.803 28.594
      vertex 14.2958 26.4 28.8186
      vertex 19.5547 26.4 28.7409
    endloop
  endfacet
  facet normal -0.00226209 0.397106 0.91777
    outer loop
      vertex 14.2958 26.4 28.8186
      vertex 14.9077 26.8348 28.6319
      vertex 13.0352 26.832 28.6285
    endloop
  endfacet
  facet normal -0.00212197 0.397453 0.91762
    outer loop
      vertex 9.05812 26.4 28.8065
      vertex 13.0352 26.832 28.6285
      vertex 9.67624 26.8272 28.6228
    endloop
  endfacet
  facet normal -0.00212159 0.39745 0.917621
    outer loop
      vertex 13.0352 26.832 28.6285
      vertex 9.05812 26.4 28.8065
      vertex 14.2958 26.4 28.8186
    endloop
  endfacet
  facet normal -0.0192224 0.418137 0.90818
    outer loop
      vertex 9.05812 26.4 28.8065
      vertex 9.67624 26.8272 28.6228
      vertex 7.90288 26.8045 28.5958
    endloop
  endfacet
  facet normal -0.0192577 0.418057 0.908217
    outer loop
      vertex 3.84756 26.4 28.696
      vertex 7.90288 26.8045 28.5958
      vertex 4.38156 26.7593 28.5419
    endloop
  endfacet
  facet normal -0.0192576 0.418056 0.908217
    outer loop
      vertex 7.90288 26.8045 28.5958
      vertex 3.84756 26.4 28.696
      vertex 9.05812 26.4 28.8065
    endloop
  endfacet
  facet normal -0.0374175 0.440273 0.897084
    outer loop
      vertex 3.84756 26.4 28.696
      vertex 4.38156 26.7593 28.5419
      vertex 2.94354 26.7236 28.4994
    endloop
  endfacet
  facet normal -0.0376496 0.439767 0.897322
    outer loop
      vertex -1.33468 26.4 28.4785
      vertex 2.94354 26.7236 28.4994
      vertex -0.990732 26.6255 28.3825
    endloop
  endfacet
  facet normal -0.0376497 0.439768 0.897322
    outer loop
      vertex 2.94354 26.7236 28.4994
      vertex -1.33468 26.4 28.4785
      vertex 3.84756 26.4 28.696
    endloop
  endfacet
  facet normal -0.056674 0.463279 0.884399
    outer loop
      vertex -1.33468 26.4 28.4785
      vertex -0.990732 26.6255 28.3825
      vertex -1.86161 26.593 28.3437
    endloop
  endfacet
  facet normal -0.0571231 0.462351 0.884855
    outer loop
      vertex -6.48873 26.4 28.1458
      vertex -1.86161 26.593 28.3437
      vertex -6.45766 26.4199 28.1374
    endloop
  endfacet
  facet normal -0.0571234 0.462365 0.884848
    outer loop
      vertex -1.86161 26.593 28.3437
      vertex -6.48873 26.4 28.1458
      vertex -1.33468 26.4 28.4785
    endloop
  endfacet
  facet normal -0.076869 0.486985 0.870021
    outer loop
      vertex -6.48873 26.4 28.1458
      vertex -6.45766 26.4199 28.1374
      vertex -6.53172 26.4161 28.133
    endloop
  endfacet
  facet normal -0.0775515 0.485692 0.870683
    outer loop
      vertex -6.48873 26.4 28.1458
      vertex -6.53172 26.4161 28.133
      vertex -6.8484 26.4 28.1138
    endloop
  endfacet
  facet normal 5.12441e-007 0.765996 -0.642845
    outer loop
      vertex 45.3457 25.7988 27.3974
      vertex 44.7582 21.491 22.2644
      vertex 44.5262 21.5045 22.2805
    endloop
  endfacet
  facet normal 4.60948e-008 0.765993 -0.642849
    outer loop
      vertex 85.1716 21.6826 22.4927
      vertex 45.4252 21.4466 22.2115
      vertex 44.7582 21.491 22.2644
    endloop
  endfacet
  facet normal -4.95928e-009 0.765996 -0.642845
    outer loop
      vertex 85.1716 21.6826 22.4927
      vertex 49.4357 21.1814 21.8954
      vertex 45.4252 21.4466 22.2115
    endloop
  endfacet
  facet normal 7.9721e-009 0.765996 -0.642845
    outer loop
      vertex 85.1716 21.6826 22.4927
      vertex 52.1102 20.9824 21.6583
      vertex 49.4357 21.1814 21.8954
    endloop
  endfacet
  facet normal 8.90352e-008 0.765996 -0.642845
    outer loop
      vertex 81.6226 18 18.1046
      vertex 85.732 21.6 22.3942
      vertex 90.2486 20.9264 21.5915
    endloop
  endfacet
  facet normal -1.83062e-007 0.766 -0.642841
    outer loop
      vertex 85.1716 21.6826 22.4927
      vertex 54.1037 20.8351 21.4828
      vertex 52.1102 20.9824 21.6583
    endloop
  endfacet
  facet normal 7.96446e-008 0.765996 -0.642846
    outer loop
      vertex 85.1716 21.6826 22.4927
      vertex 57.9354 20.52 21.1073
      vertex 54.1037 20.8351 21.4828
    endloop
  endfacet
  facet normal 4.20287e-007 0.765992 -0.64285
    outer loop
      vertex 85.1716 21.6826 22.4927
      vertex 58.768 20.4507 21.0248
      vertex 57.9354 20.52 21.1073
    endloop
  endfacet
  facet normal -1.80039e-007 0.765998 -0.642843
    outer loop
      vertex 85.1716 21.6826 22.4927
      vertex 59.2683 20.4049 20.9702
      vertex 58.768 20.4507 21.0248
    endloop
  endfacet
  facet normal 1.04117e-007 0.765996 -0.642845
    outer loop
      vertex 81.6226 18 18.1046
      vertex 90.2486 20.9264 21.5915
      vertex 93.5931 20.4 20.9643
    endloop
  endfacet
  facet normal -8.10395e-008 0.765997 -0.642845
    outer loop
      vertex 81.6226 18 18.1046
      vertex 93.5931 20.4 20.9643
      vertex 95.3696 20.1175 20.6277
    endloop
  endfacet
  facet normal -6.78043e-009 0.765996 -0.642845
    outer loop
      vertex 85.1716 21.6826 22.4927
      vertex 63.4467 20.0243 20.5166
      vertex 59.2683 20.4049 20.9702
    endloop
  endfacet
  facet normal 2.86368e-008 0.765996 -0.642845
    outer loop
      vertex 85.1716 21.6826 22.4927
      vertex 67.2222 19.6491 20.0696
      vertex 63.4467 20.0243 20.5166
    endloop
  endfacet
  facet normal -3.94952e-007 0.765998 -0.642843
    outer loop
      vertex 85.1716 21.6826 22.4927
      vertex 68.1256 19.5598 19.9631
      vertex 67.2222 19.6491 20.0696
    endloop
  endfacet
  facet normal -1.29932e-007 0.765997 -0.642844
    outer loop
      vertex 85.1716 21.6826 22.4927
      vertex 69.2444 19.44 19.8204
      vertex 68.1256 19.5598 19.9631
    endloop
  endfacet
  facet normal -3.85481e-008 0.765996 -0.642845
    outer loop
      vertex 81.6226 18 18.1046
      vertex 95.3696 20.1175 20.6277
      vertex 99.6905 19.3987 19.7713
    endloop
  endfacet
  facet normal 4.20482e-007 0.765994 -0.642848
    outer loop
      vertex 81.6226 18 18.1046
      vertex 99.6905 19.3987 19.7713
      vertex 100.547 19.2565 19.6018
    endloop
  endfacet
  facet normal -1.67947e-006 0.766007 -0.642832
    outer loop
      vertex 81.6226 18 18.1046
      vertex 100.547 19.2565 19.6018
      vertex 100.875 19.2 19.5344
    endloop
  endfacet
  facet normal 1.89457e-007 0.765996 -0.642846
    outer loop
      vertex 85.1716 21.6826 22.4927
      vertex 72.8294 19.0521 19.3582
      vertex 69.2444 19.44 19.8204
    endloop
  endfacet
  facet normal -1.02738e-007 0.765996 -0.642845
    outer loop
      vertex 85.1716 21.6826 22.4927
      vertex 76.2796 18.6516 18.8809
      vertex 72.8294 19.0521 19.3582
    endloop
  endfacet
  facet normal -3.564e-007 0.765997 -0.642845
    outer loop
      vertex 85.1716 21.6826 22.4927
      vertex 77.5519 18.5044 18.7056
      vertex 76.2796 18.6516 18.8809
    endloop
  endfacet
  facet normal 1.90671e-008 0.765996 -0.642845
    outer loop
      vertex 85.1716 21.6826 22.4927
      vertex 78.725 18.36 18.5335
      vertex 77.5519 18.5044 18.7056
    endloop
  endfacet
  facet normal 3.75185e-008 0.765996 -0.642846
    outer loop
      vertex 81.6226 18 18.1046
      vertex 100.875 19.2 19.5344
      vertex 105.799 18.3439 18.5144
    endloop
  endfacet
  facet normal 0 0.765997 -0.642844
    outer loop
      vertex 81.6226 18 18.1046
      vertex 105.799 18.3439 18.5144
      vertex 107.722 18 18.1046
    endloop
  endfacet
  facet normal 4.1229e-008 0.765996 -0.642845
    outer loop
      vertex 85.1716 21.6826 22.4927
      vertex 81.6226 18 18.1046
      vertex 78.725 18.36 18.5335
    endloop
  endfacet
  facet normal 3.36748e-007 0.765996 -0.642845
    outer loop
      vertex -0.375227 20.8468 21.4967
      vertex 9.67624 26.8272 28.6228
      vertex 13.0352 26.832 28.6285
    endloop
  endfacet
  facet normal -2.90987e-007 0.765997 -0.642845
    outer loop
      vertex -0.375227 20.8468 21.4967
      vertex 13.0352 26.832 28.6285
      vertex 14.9077 26.8348 28.6319
    endloop
  endfacet
  facet normal -5.1955e-008 0.765996 -0.642845
    outer loop
      vertex -0.375227 20.8468 21.4967
      vertex 14.9077 26.8348 28.6319
      vertex 18.3556 26.803 28.594
    endloop
  endfacet
  facet normal -1.19353e-007 0.765996 -0.642845
    outer loop
      vertex -0.375227 20.8468 21.4967
      vertex 18.3556 26.803 28.594
      vertex 20.0845 26.7874 28.5754
    endloop
  endfacet
  facet normal -8.46856e-007 0.765997 -0.642844
    outer loop
      vertex 9.67624 26.8272 28.6228
      vertex -0.375227 20.8468 21.4967
      vertex 7.90288 26.8045 28.5958
    endloop
  endfacet
  facet normal 4.08639e-008 0.765996 -0.642845
    outer loop
      vertex 7.90288 26.8045 28.5958
      vertex -0.375227 20.8468 21.4967
      vertex 4.38156 26.7593 28.5419
    endloop
  endfacet
  facet normal 1.37896e-007 0.765996 -0.642845
    outer loop
      vertex -0.375227 20.8468 21.4967
      vertex 20.0845 26.7874 28.5754
      vertex 23.8777 26.7137 28.4876
    endloop
  endfacet
  facet normal 3.1989e-007 0.765997 -0.642844
    outer loop
      vertex 44.5262 21.5045 22.2805
      vertex 23.8777 26.7137 28.4876
      vertex 25.2096 26.6882 28.4572
    endloop
  endfacet
  facet normal 1.11201e-007 0.765996 -0.642845
    outer loop
      vertex 4.38156 26.7593 28.5419
      vertex -0.375227 20.8468 21.4967
      vertex 2.94354 26.7236 28.4994
    endloop
  endfacet
  facet normal 2.90095e-007 0.765996 -0.642845
    outer loop
      vertex 2.94354 26.7236 28.4994
      vertex -0.375227 20.8468 21.4967
      vertex -0.990732 26.6255 28.3825
    endloop
  endfacet
  facet normal -1.72442e-008 0.765996 -0.642845
    outer loop
      vertex 44.5262 21.5045 22.2805
      vertex 25.2096 26.6882 28.4572
      vertex 29.6214 26.5585 28.3026
    endloop
  endfacet
  facet normal -5.32831e-007 0.765996 -0.642846
    outer loop
      vertex 44.5262 21.5045 22.2805
      vertex 29.6214 26.5585 28.3026
      vertex 30.2876 26.5391 28.2795
    endloop
  endfacet
  facet normal -9.05019e-007 0.765996 -0.642845
    outer loop
      vertex -0.990732 26.6255 28.3825
      vertex -0.375227 20.8468 21.4967
      vertex -1.86161 26.593 28.3437
    endloop
  endfacet
  facet normal 6.27511e-008 0.765996 -0.642845
    outer loop
      vertex -1.86161 26.593 28.3437
      vertex -0.375227 20.8468 21.4967
      vertex -6.45766 26.4199 28.1374
    endloop
  endfacet
  facet normal -2.04843e-007 0.765996 -0.642845
    outer loop
      vertex 44.5262 21.5045 22.2805
      vertex 30.2876 26.5391 28.2795
      vertex 33.8414 26.4 28.1138
    endloop
  endfacet
  facet normal -4.55095e-006 0.765994 -0.642847
    outer loop
      vertex -6.45766 26.4199 28.1374
      vertex -0.375227 20.8468 21.4967
      vertex -6.53172 26.4161 28.133
    endloop
  endfacet
  facet normal 5.85702e-007 0.765997 -0.642844
    outer loop
      vertex 44.5262 21.5045 22.2805
      vertex 33.8414 26.4 28.1138
      vertex 35.3298 26.3409 28.0433
    endloop
  endfacet
  facet normal 1.10514e-006 0.765997 -0.642844
    outer loop
      vertex 44.5262 21.5045 22.2805
      vertex 35.3298 26.3409 28.0433
      vertex 35.6447 26.3252 28.0246
    endloop
  endfacet
  facet normal 2.34246e-006 0.765997 -0.642844
    outer loop
      vertex -6.53172 26.4161 28.133
      vertex -0.375227 20.8468 21.4967
      vertex -6.8484 26.4 28.1138
    endloop
  endfacet
  facet normal 3.84047e-009 0.765996 -0.642845
    outer loop
      vertex -6.8484 26.4 28.1138
      vertex -0.375227 20.8468 21.4967
      vertex -11.0099 26.1845 27.857
    endloop
  endfacet
  facet normal -1.38873e-007 0.765996 -0.642845
    outer loop
      vertex 44.5262 21.5045 22.2805
      vertex 35.6447 26.3252 28.0246
      vertex 40.3498 26.0929 27.7479
    endloop
  endfacet
  facet normal -2.23201e-007 0.765996 -0.642845
    outer loop
      vertex 44.5262 21.5045 22.2805
      vertex 40.3498 26.0929 27.7479
      vertex 42.0553 25.9919 27.6275
    endloop
  endfacet
  facet normal -5.42906e-008 0.765996 -0.642845
    outer loop
      vertex -21.4365 18.1514 18.285
      vertex -11.0099 26.1845 27.857
      vertex -0.375227 20.8468 21.4967
    endloop
  endfacet
  facet normal 1.69321e-007 0.765996 -0.642845
    outer loop
      vertex 44.5262 21.5045 22.2805
      vertex 42.0553 25.9919 27.6275
      vertex 45.3457 25.7988 27.3974
    endloop
  endfacet
  facet normal 5.31118e-007 0.765996 -0.642845
    outer loop
      vertex -11.0099 26.1845 27.857
      vertex -21.4365 18.1514 18.285
      vertex -12.0171 26.132 27.7944
    endloop
  endfacet
  facet normal 7.02819e-008 0.765996 -0.642845
    outer loop
      vertex -12.0171 26.132 27.7944
      vertex -21.4365 18.1514 18.285
      vertex -15.3665 25.9114 27.5316
    endloop
  endfacet
  facet normal 4.30259e-008 0.765996 -0.642845
    outer loop
      vertex 44.7582 21.491 22.2644
      vertex 45.3457 25.7988 27.3974
      vertex 48.8344 25.5599 27.1128
    endloop
  endfacet
  facet normal 3.69778e-008 0.765996 -0.642845
    outer loop
      vertex 44.7582 21.491 22.2644
      vertex 48.8344 25.5599 27.1128
      vertex 50.3209 25.459 26.9925
    endloop
  endfacet
  facet normal -4.72775e-007 0.765996 -0.642845
    outer loop
      vertex -15.3665 25.9114 27.5316
      vertex -21.4365 18.1514 18.285
      vertex -17.6953 25.7566 27.3471
    endloop
  endfacet
  facet normal -6.9556e-009 0.765996 -0.642845
    outer loop
      vertex -17.6953 25.7566 27.3471
      vertex -21.4365 18.1514 18.285
      vertex -19.6231 25.6015 27.1623
    endloop
  endfacet
  facet normal -3.35413e-007 0.765996 -0.642845
    outer loop
      vertex 44.7582 21.491 22.2644
      vertex 50.3209 25.459 26.9925
      vertex 53.6576 25.2 26.6839
    endloop
  endfacet
  facet normal -2.41015e-007 0.765996 -0.642845
    outer loop
      vertex -19.6231 25.6015 27.1623
      vertex -21.4365 18.1514 18.285
      vertex -23.508 25.2858 26.7861
    endloop
  endfacet
  facet normal 8.93799e-007 0.765995 -0.642846
    outer loop
      vertex 44.7582 21.491 22.2644
      vertex 53.6576 25.2 26.6839
      vertex 55.2845 25.0719 26.5312
    endloop
  endfacet
  facet normal -9.17072e-007 0.765997 -0.642844
    outer loop
      vertex 44.7582 21.491 22.2644
      vertex 55.2845 25.0719 26.5312
      vertex 56.126 24.9974 26.4424
    endloop
  endfacet
  facet normal 8.08503e-007 0.765996 -0.642845
    outer loop
      vertex -22.8194 18 18.1046
      vertex -23.508 25.2858 26.7861
      vertex -21.4365 18.1514 18.285
    endloop
  endfacet
  facet normal 8.04893e-007 0.765996 -0.642845
    outer loop
      vertex -23.508 25.2858 26.7861
      vertex -22.8194 18 18.1046
      vertex -23.7941 25.2584 26.7534
    endloop
  endfacet
  facet normal 9.59534e-008 0.765996 -0.642845
    outer loop
      vertex 44.7582 21.491 22.2644
      vertex 56.126 24.9974 26.4424
      vertex 60.249 24.6347 26.0103
    endloop
  endfacet
  facet normal 2.63675e-006 0.765996 -0.642845
    outer loop
      vertex -23.7941 25.2584 26.7534
      vertex -22.8194 18 18.1046
      vertex -24.3967 25.2 26.6839
    endloop
  endfacet
  facet normal -2.38496e-007 0.765996 -0.642845
    outer loop
      vertex -24.3967 25.2 26.6839
      vertex -22.8194 18 18.1046
      vertex -27.7724 24.8666 26.2866
    endloop
  endfacet
  facet normal 1.46296e-007 0.765996 -0.642845
    outer loop
      vertex 44.7582 21.491 22.2644
      vertex 60.249 24.6347 26.0103
      vertex 64.1701 24.2511 25.5532
    endloop
  endfacet
  facet normal -9.04453e-007 0.765999 -0.642842
    outer loop
      vertex 44.7582 21.491 22.2644
      vertex 64.1701 24.2511 25.5532
      vertex 65.2035 24.1507 25.4335
    endloop
  endfacet
  facet normal 2.18952e-007 0.765995 -0.642846
    outer loop
      vertex 44.7582 21.491 22.2644
      vertex 65.2035 24.1507 25.4335
      vertex 66.6098 24 25.254
    endloop
  endfacet
  facet normal 1.36051e-007 0.765996 -0.642846
    outer loop
      vertex 44.7582 21.491 22.2644
      vertex 66.6098 24 25.254
      vertex 70.171 23.6133 24.7932
    endloop
  endfacet
  facet normal 1.15206e-008 0.765996 -0.642845
    outer loop
      vertex 44.7582 21.491 22.2644
      vertex 70.171 23.6133 24.7932
      vertex 73.3303 23.2388 24.347
    endloop
  endfacet
  facet normal -2.86917e-007 0.765998 -0.642842
    outer loop
      vertex 44.7582 21.491 22.2644
      vertex 73.3303 23.2388 24.347
      vertex 75.1457 23.0247 24.0919
    endloop
  endfacet
  facet normal 9.14485e-008 0.765995 -0.642846
    outer loop
      vertex 44.7582 21.491 22.2644
      vertex 75.1457 23.0247 24.0919
      vertex 76.9043 22.8 23.8241
    endloop
  endfacet
  facet normal 3.26153e-008 0.765996 -0.642845
    outer loop
      vertex 44.7582 21.491 22.2644
      vertex 76.9043 22.8 23.8241
      vertex 80.146 22.3805 23.3243
    endloop
  endfacet
  facet normal 1.48705e-008 0.765996 -0.642845
    outer loop
      vertex 44.7582 21.491 22.2644
      vertex 80.146 22.3805 23.3243
      vertex 84.352 21.7961 22.6279
    endloop
  endfacet
  facet normal -7.44657e-009 0.765997 -0.642844
    outer loop
      vertex 44.7582 21.491 22.2644
      vertex 84.352 21.7961 22.6279
      vertex 85.1716 21.6826 22.4927
    endloop
  endfacet
  facet normal -9.88971e-007 0.765997 -0.642845
    outer loop
      vertex 81.6226 18 18.1046
      vertex 85.1716 21.6826 22.4927
      vertex 85.732 21.6 22.3942
    endloop
  endfacet
  facet normal 2.95447e-009 0.765996 -0.642845
    outer loop
      vertex 23.8777 26.7137 28.4876
      vertex 44.5262 21.5045 22.2805
      vertex -0.375227 20.8468 21.4967
    endloop
  endfacet
  facet normal -2.53326e-008 0.765996 -0.642845
    outer loop
      vertex -27.7724 24.8666 26.2866
      vertex -22.8194 18 18.1046
      vertex -29.4325 24.7011 26.0894
    endloop
  endfacet
  facet normal -2.04764e-008 0.765996 -0.642845
    outer loop
      vertex -29.4325 24.7011 26.0894
      vertex -22.8194 18 18.1046
      vertex -31.659 24.4437 25.7827
    endloop
  endfacet
  facet normal 0 0.765999 -0.642841
    outer loop
      vertex -22.8194 18 18.1046
      vertex -21.4365 18.1514 18.285
      vertex -21.7033 18 18.1046
    endloop
  endfacet
  facet normal 2.48892e-006 0.765998 -0.642843
    outer loop
      vertex -31.659 24.4437 25.7827
      vertex -22.8194 18 18.1046
      vertex -31.7707 24.4307 25.7672
    endloop
  endfacet
  facet normal 0 0 -1
    outer loop
      vertex -22.816 7.2 18.1046
      vertex -22.8194 7.2 18.1046
      vertex -22.816 17.5 18.1046
    endloop
  endfacet
  facet normal 0 0 -1
    outer loop
      vertex -22.8194 18 18.1046
      vertex -22.5944 17.5 18.1046
      vertex -22.816 17.5 18.1046
    endloop
  endfacet
  facet normal 0 0 -1
    outer loop
      vertex -22.5944 17.5 18.1046
      vertex -22.8194 18 18.1046
      vertex -21.7033 18 18.1046
    endloop
  endfacet
  facet normal 0 0 -1
    outer loop
      vertex -22.8194 18 18.1046
      vertex -22.816 17.5 18.1046
      vertex -22.8194 7.2 18.1046
    endloop
  endfacet
  facet normal 0 1 0
    outer loop
      vertex -22.816 7.2 18.1046
      vertex -32.9956 7.2 17.9269
      vertex -22.8194 7.2 18.1046
    endloop
  endfacet
  facet normal 0 1 0
    outer loop
      vertex -28.2511 7.2 22.7542
      vertex -22.8194 7.2 18.1046
      vertex -32.9956 7.2 17.9269
    endloop
  endfacet
endsolid OpenSCAD_Model
