solid OpenSCAD_Model
  facet normal 0.959435 0.0894444 -0.267367
    outer loop
      vertex 205.449 5.12462 263
      vertex 204.07 4.96515 258
      vertex 205.446 5.15654 263
    endloop
  endfacet
  facet normal 0.96418 4.27894e-006 -0.265248
    outer loop
      vertex 204.07 4.96515 258
      vertex 202.97 5.14319 254
      vertex 205.446 5.15654 263
    endloop
  endfacet
  facet normal 0.96418 0 -0.265248
    outer loop
      vertex 202.97 5.14319 254
      vertex 204.07 4.96515 258
      vertex 202.97 4.83774 254
    endloop
  endfacet
  facet normal 0.963748 0.0294446 -0.265183
    outer loop
      vertex 205.446 5.15654 263
      vertex 205.054 11.1179 262.239
      vertex 205.263 11.1428 263
    endloop
  endfacet
  facet normal 0.963751 0.0294459 -0.265174
    outer loop
      vertex 202.97 5.14319 254
      vertex 205.054 11.1179 262.239
      vertex 205.446 5.15654 263
    endloop
  endfacet
  facet normal 0.963751 0.0294446 -0.265173
    outer loop
      vertex 205.054 11.1179 262.239
      vertex 202.97 5.14319 254
      vertex 202.795 10.8542 254
    endloop
  endfacet
  facet normal 0.959738 0.0893636 -0.266301
    outer loop
      vertex 205.536 5.13474 263.318
      vertex 206.27 5.24725 266
      vertex 206.272 5.2189 266
    endloop
  endfacet
  facet normal 0.959734 0.0894117 -0.266302
    outer loop
      vertex 206.27 5.24725 266
      vertex 205.536 5.13474 263.318
      vertex 205.446 5.15654 263
    endloop
  endfacet
  facet normal 0.95973 0.0894719 -0.266297
    outer loop
      vertex 205.446 5.15654 263
      vertex 205.536 5.13474 263.318
      vertex 205.449 5.12462 263
    endloop
  endfacet
  facet normal 0.956151 0.1219 -0.2663
    outer loop
      vertex 206.27 5.24725 266
      vertex 205.446 5.15654 263
      vertex 206.27 5.24773 266
    endloop
  endfacet
  facet normal 0.963648 0.0294434 -0.265547
    outer loop
      vertex 206.27 5.24773 266
      vertex 205.35 11.1531 263.318
      vertex 206.087 11.2176 266
    endloop
  endfacet
  facet normal 0.963648 0.0294424 -0.265549
    outer loop
      vertex 205.446 5.15654 263
      vertex 205.35 11.1531 263.318
      vertex 206.27 5.24773 266
    endloop
  endfacet
  facet normal 0.963652 0.0294416 -0.265533
    outer loop
      vertex 205.35 11.1531 263.318
      vertex 205.446 5.15654 263
      vertex 205.263 11.1428 263
    endloop
  endfacet
  facet normal 0 0 1
    outer loop
      vertex 202.954 10.8321 254
      vertex 202.97 5.14319 254
      vertex 206.103 10.4908 254
    endloop
  endfacet
  facet normal 0 0 1
    outer loop
      vertex 202.97 5.14319 254
      vertex 202.954 10.8321 254
      vertex 202.795 10.8542 254
    endloop
  endfacet
  facet normal 0 0 1
    outer loop
      vertex 243.751 8.13048 254
      vertex 244.843 8.18769 254
      vertex 244.912 8.1942 254
    endloop
  endfacet
  facet normal -0 0 1
    outer loop
      vertex 243.751 8.13048 254
      vertex 243.673 8.04007 254
      vertex 244.843 8.18769 254
    endloop
  endfacet
  facet normal -0 0 1
    outer loop
      vertex 243.683 8.12883 254
      vertex 243.673 8.04007 254
      vertex 243.751 8.13048 254
    endloop
  endfacet
  facet normal 0 0 1
    outer loop
      vertex 243.683 8.12883 254
      vertex 243.539 8.02948 254
      vertex 243.673 8.04007 254
    endloop
  endfacet
  facet normal -0 0 1
    outer loop
      vertex 241.468 8.07386 254
      vertex 243.539 8.02948 254
      vertex 243.683 8.12883 254
    endloop
  endfacet
  facet normal 0 0 1
    outer loop
      vertex 241.239 7.77735 254
      vertex 241.468 8.07386 254
      vertex 241.339 8.0746 254
    endloop
  endfacet
  facet normal 0 0 1
    outer loop
      vertex 241.468 8.07386 254
      vertex 241.239 7.77735 254
      vertex 243.539 8.02948 254
    endloop
  endfacet
  facet normal 0 0 1
    outer loop
      vertex 241.339 8.0746 254
      vertex 241.076 7.76748 254
      vertex 241.239 7.77735 254
    endloop
  endfacet
  facet normal 0 0 1
    outer loop
      vertex 238.665 8.09121 254
      vertex 241.076 7.76748 254
      vertex 241.339 8.0746 254
    endloop
  endfacet
  facet normal 0 0 1
    outer loop
      vertex 238.27 7.51207 254
      vertex 238.665 8.09121 254
      vertex 238.509 8.09693 254
    endloop
  endfacet
  facet normal 0 0 1
    outer loop
      vertex 238.665 8.09121 254
      vertex 238.27 7.51207 254
      vertex 241.076 7.76748 254
    endloop
  endfacet
  facet normal 0 0 1
    outer loop
      vertex 238.509 8.09693 254
      vertex 238.091 7.50269 254
      vertex 238.27 7.51207 254
    endloop
  endfacet
  facet normal 0 0 1
    outer loop
      vertex 235.593 8.17339 254
      vertex 238.091 7.50269 254
      vertex 238.509 8.09693 254
    endloop
  endfacet
  facet normal 0 0 1
    outer loop
      vertex 235.024 7.24774 254
      vertex 235.593 8.17339 254
      vertex 235.424 8.18303 254
    endloop
  endfacet
  facet normal 0 0 1
    outer loop
      vertex 235.593 8.17339 254
      vertex 235.024 7.24774 254
      vertex 238.091 7.50269 254
    endloop
  endfacet
  facet normal 0 0 1
    outer loop
      vertex 235.424 8.18303 254
      vertex 234.84 7.23863 254
      vertex 235.024 7.24774 254
    endloop
  endfacet
  facet normal 0 0 1
    outer loop
      vertex 232.417 8.30564 254
      vertex 234.84 7.23863 254
      vertex 235.424 8.18303 254
    endloop
  endfacet
  facet normal 0 0 1
    outer loop
      vertex 231.701 6.98616 254
      vertex 232.417 8.30564 254
      vertex 232.242 8.31813 254
    endloop
  endfacet
  facet normal 0 0 1
    outer loop
      vertex 232.417 8.30564 254
      vertex 231.701 6.98616 254
      vertex 234.84 7.23863 254
    endloop
  endfacet
  facet normal 0 0 1
    outer loop
      vertex 232.242 8.31813 254
      vertex 230.588 6.93304 254
      vertex 231.701 6.98616 254
    endloop
  endfacet
  facet normal 0 0 1
    outer loop
      vertex 229.188 8.47748 254
      vertex 230.588 6.93304 254
      vertex 232.242 8.31813 254
    endloop
  endfacet
  facet normal 0 0 1
    outer loop
      vertex 229.011 8.49218 254
      vertex 230.588 6.93304 254
      vertex 229.188 8.47748 254
    endloop
  endfacet
  facet normal 0 0 1
    outer loop
      vertex 225.937 8.68223 254
      vertex 230.588 6.93304 254
      vertex 229.011 8.49218 254
    endloop
  endfacet
  facet normal 0 0 1
    outer loop
      vertex 225.759 8.69875 254
      vertex 230.588 6.93304 254
      vertex 225.937 8.68223 254
    endloop
  endfacet
  facet normal 0 0 1
    outer loop
      vertex 222.68 8.9159 254
      vertex 230.588 6.93304 254
      vertex 225.759 8.69875 254
    endloop
  endfacet
  facet normal 0 0 1
    outer loop
      vertex 211.508 5.43732 254
      vertex 222.68 8.9159 254
      vertex 222.501 8.93401 254
    endloop
  endfacet
  facet normal 0 0 1
    outer loop
      vertex 211.508 5.43732 254
      vertex 222.501 8.93401 254
      vertex 219.42 9.17706 254
    endloop
  endfacet
  facet normal 0 0 1
    outer loop
      vertex 211.508 5.43732 254
      vertex 219.42 9.17706 254
      vertex 219.241 9.19668 254
    endloop
  endfacet
  facet normal 0 0 1
    outer loop
      vertex 211.508 5.43732 254
      vertex 219.241 9.19668 254
      vertex 216.156 9.46496 254
    endloop
  endfacet
  facet normal 0 0 1
    outer loop
      vertex 211.508 5.43732 254
      vertex 216.156 9.46496 254
      vertex 215.976 9.48606 254
    endloop
  endfacet
  facet normal 0 0 1
    outer loop
      vertex 211.508 5.43732 254
      vertex 215.976 9.48606 254
      vertex 212.882 9.77769 254
    endloop
  endfacet
  facet normal 0 0 1
    outer loop
      vertex 211.508 5.43732 254
      vertex 212.882 9.77769 254
      vertex 212.702 9.80016 254
    endloop
  endfacet
  facet normal 0 0 1
    outer loop
      vertex 222.68 8.9159 254
      vertex 211.508 5.43732 254
      vertex 230.588 6.93304 254
    endloop
  endfacet
  facet normal 0 0 1
    outer loop
      vertex 209.593 10.1129 254
      vertex 211.508 5.43732 254
      vertex 212.702 9.80016 254
    endloop
  endfacet
  facet normal 0 0 1
    outer loop
      vertex 209.093 5.32084 254
      vertex 209.593 10.1129 254
      vertex 209.413 10.1366 254
    endloop
  endfacet
  facet normal 0 0 1
    outer loop
      vertex 209.593 10.1129 254
      vertex 209.093 5.32084 254
      vertex 211.508 5.43732 254
    endloop
  endfacet
  facet normal 0 0 1
    outer loop
      vertex 206.284 10.4661 254
      vertex 209.093 5.32084 254
      vertex 209.413 10.1366 254
    endloop
  endfacet
  facet normal 0 0 1
    outer loop
      vertex 202.97 5.14319 254
      vertex 206.284 10.4661 254
      vertex 206.103 10.4908 254
    endloop
  endfacet
  facet normal 0 0 1
    outer loop
      vertex 206.284 10.4661 254
      vertex 202.97 5.14319 254
      vertex 209.093 5.32084 254
    endloop
  endfacet
  facet normal 0 0 1
    outer loop
      vertex 209.093 5.32084 254
      vertex 202.97 5.14319 254
      vertex 202.97 4.83774 254
    endloop
  endfacet
  facet normal 0.00756393 -0.999612 0.0267999
    outer loop
      vertex 122.124 -0.86899 257.285
      vertex 124.302 -0.690775 263.318
      vertex 122.007 -0.869882 257.285
    endloop
  endfacet
  facet normal 0.00756423 -0.999612 0.0267999
    outer loop
      vertex 49.2437 -6.5489 66
      vertex 120.684 -0.986843 253.296
      vertex 120.683 -0.973235 253.804
    endloop
  endfacet
  facet normal 0.0075651 -0.999612 0.0267995
    outer loop
      vertex 120.684 -0.986843 253.296
      vertex 49.2437 -6.5489 66
      vertex 53.0828 -6.51985 66
    endloop
  endfacet
  facet normal 0.0380976 -0.999159 0.0151717
    outer loop
      vertex 121.04 -0.815125 263.318
      vertex 122.007 -0.869882 257.285
      vertex 124.302 -0.690775 263.318
    endloop
  endfacet
  facet normal 0.0380975 -0.999159 0.0151717
    outer loop
      vertex 121.04 -0.815125 263.318
      vertex 120.681 -0.920463 257.285
      vertex 122.007 -0.869882 257.285
    endloop
  endfacet
  facet normal 0.0380979 -0.999159 0.0151717
    outer loop
      vertex 49.1475 -6.55257 66
      vertex 120.681 -0.920463 257.285
      vertex 121.04 -0.815125 263.318
    endloop
  endfacet
  facet normal 0.0380975 -0.999159 0.0151719
    outer loop
      vertex 49.1475 -6.55257 66
      vertex 120.683 -0.973235 253.804
      vertex 120.681 -0.920463 257.285
    endloop
  endfacet
  facet normal 0.0381002 -0.999159 0.0151708
    outer loop
      vertex 120.683 -0.973235 253.804
      vertex 49.1475 -6.55257 66
      vertex 49.2437 -6.5489 66
    endloop
  endfacet
  facet normal 0.013746 -0.999591 0.0250593
    outer loop
      vertex 125.414 -0.726769 257.287
      vertex 127.57 -0.545912 263.318
      vertex 125.296 -0.72839 257.287
    endloop
  endfacet
  facet normal 0.0137432 -0.999591 0.0250603
    outer loop
      vertex 57.0276 -6.46266 66
      vertex 122.506 -0.952282 249.886
      vertex 53.1793 -6.51557 66
    endloop
  endfacet
  facet normal 0.013744 -0.999591 0.02506
    outer loop
      vertex 122.506 -0.952282 249.886
      vertex 57.0276 -6.46266 66
      vertex 122.768 -0.948673 249.886
    endloop
  endfacet
  facet normal 0.0442726 -0.998928 0.0135303
    outer loop
      vertex 124.302 -0.690775 263.318
      vertex 125.296 -0.72839 257.287
      vertex 127.57 -0.545912 263.318
    endloop
  endfacet
  facet normal 0.0442726 -0.998928 0.0135303
    outer loop
      vertex 125.296 -0.72839 257.287
      vertex 124.302 -0.690775 263.318
      vertex 122.124 -0.86899 257.285
    endloop
  endfacet
  facet normal 0.0442726 -0.998928 0.0135303
    outer loop
      vertex 120.684 -0.986843 253.296
      vertex 53.0828 -6.51985 66
      vertex 120.685 -1.03301 249.886
    endloop
  endfacet
  facet normal 0.0442722 -0.998928 0.0135305
    outer loop
      vertex 53.1793 -6.51557 66
      vertex 120.685 -1.03301 249.886
      vertex 53.0828 -6.51985 66
    endloop
  endfacet
  facet normal 0.0442726 -0.998928 0.0135303
    outer loop
      vertex 120.685 -1.03301 249.886
      vertex 53.1793 -6.51557 66
      vertex 122.506 -0.952282 249.886
    endloop
  endfacet
  facet normal 0.0192225 -0.999537 0.0235923
    outer loop
      vertex 128.711 -0.566144 257.288
      vertex 130.846 -0.382743 263.318
      vertex 128.593 -0.568414 257.288
    endloop
  endfacet
  facet normal 0.0192201 -0.999537 0.0235931
    outer loop
      vertex 60.9818 -6.38367 66
      vertex 125.828 -0.796257 249.887
      vertex 57.1243 -6.45785 66
    endloop
  endfacet
  facet normal 0.01922 -0.999537 0.0235932
    outer loop
      vertex 125.828 -0.796257 249.887
      vertex 60.9818 -6.38367 66
      vertex 126.091 -0.791202 249.888
    endloop
  endfacet
  facet normal 0.0497457 -0.998688 0.0121621
    outer loop
      vertex 127.57 -0.545912 263.318
      vertex 128.593 -0.568414 257.288
      vertex 130.846 -0.382743 263.318
    endloop
  endfacet
  facet normal 0.0497457 -0.998688 0.0121621
    outer loop
      vertex 128.593 -0.568414 257.288
      vertex 127.57 -0.545912 263.318
      vertex 125.414 -0.726769 257.287
    endloop
  endfacet
  facet normal 0.0497452 -0.998688 0.0121622
    outer loop
      vertex 57.1243 -6.45785 66
      vertex 122.768 -0.948673 249.886
      vertex 57.0276 -6.46266 66
    endloop
  endfacet
  facet normal 0.0497459 -0.998688 0.012162
    outer loop
      vertex 122.768 -0.948673 249.886
      vertex 57.1243 -6.45785 66
      vertex 125.828 -0.796257 249.887
    endloop
  endfacet
  facet normal 0.024037 -0.999461 0.0223791
    outer loop
      vertex 132.016 -0.389166 257.288
      vertex 134.13 -0.203307 263.318
      vertex 131.897 -0.392011 257.288
    endloop
  endfacet
  facet normal 0.0240362 -0.999461 0.0223794
    outer loop
      vertex 64.9463 -6.28536 66
      vertex 129.158 -0.623601 249.888
      vertex 61.0787 -6.37838 66
    endloop
  endfacet
  facet normal 0.0240356 -0.999461 0.0223796
    outer loop
      vertex 129.158 -0.623601 249.888
      vertex 64.9463 -6.28536 66
      vertex 129.421 -0.617265 249.888
    endloop
  endfacet
  facet normal 0.0545575 -0.99845 0.0110482
    outer loop
      vertex 130.846 -0.382743 263.318
      vertex 131.897 -0.392011 257.288
      vertex 134.13 -0.203307 263.318
    endloop
  endfacet
  facet normal 0.0545572 -0.99845 0.0110482
    outer loop
      vertex 131.897 -0.392011 257.288
      vertex 130.846 -0.382743 263.318
      vertex 128.711 -0.566144 257.288
    endloop
  endfacet
  facet normal 0.0545573 -0.99845 0.0110483
    outer loop
      vertex 61.0787 -6.37838 66
      vertex 126.091 -0.791202 249.888
      vertex 60.9818 -6.38367 66
    endloop
  endfacet
  facet normal 0.0545573 -0.99845 0.0110483
    outer loop
      vertex 126.091 -0.791202 249.888
      vertex 61.0787 -6.37838 66
      vertex 129.158 -0.623601 249.888
    endloop
  endfacet
  facet normal 0.0282149 -0.999373 0.0214068
    outer loop
      vertex 135.329 -0.197857 257.289
      vertex 137.422 -0.00961304 263.318
      vertex 135.21 -0.201205 257.289
    endloop
  endfacet
  facet normal 0.028214 -0.999373 0.0214071
    outer loop
      vertex 129.415 -0.703279 241.488
      vertex 131.622 -0.531241 246.611
      vertex 131.621 -0.512174 247.503
    endloop
  endfacet
  facet normal 0.0282135 -0.999373 0.0214073
    outer loop
      vertex 131.622 -0.531241 246.611
      vertex 129.415 -0.703279 241.488
      vertex 129.844 -0.691158 241.489
    endloop
  endfacet
  facet normal 0.028214 -0.999373 0.0214071
    outer loop
      vertex 68.9213 -6.17017 66
      vertex 128.314 -0.798609 238.488
      vertex 65.0435 -6.27965 66
    endloop
  endfacet
  facet normal 0.0282149 -0.999373 0.0214068
    outer loop
      vertex 128.314 -0.798609 238.488
      vertex 68.9213 -6.17017 66
      vertex 128.802 -0.784823 238.489
    endloop
  endfacet
  facet normal 0.0587304 -0.998222 0.0101768
    outer loop
      vertex 134.13 -0.203307 263.318
      vertex 135.21 -0.201205 257.289
      vertex 137.422 -0.00961304 263.318
    endloop
  endfacet
  facet normal 0.0587304 -0.998222 0.0101768
    outer loop
      vertex 135.21 -0.201205 257.289
      vertex 134.13 -0.203307 263.318
      vertex 132.016 -0.389166 257.288
    endloop
  endfacet
  facet normal 0.0587304 -0.998222 0.0101768
    outer loop
      vertex 129.421 -0.617265 249.888
      vertex 131.621 -0.512174 247.503
      vertex 131.619 -0.487943 249.889
    endloop
  endfacet
  facet normal 0.0587304 -0.998222 0.0101768
    outer loop
      vertex 126.833 -0.855182 241.488
      vertex 131.621 -0.512174 247.503
      vertex 129.421 -0.617265 249.888
    endloop
  endfacet
  facet normal 0.0587304 -0.998222 0.0101768
    outer loop
      vertex 131.621 -0.512174 247.503
      vertex 126.833 -0.855182 241.488
      vertex 129.415 -0.703279 241.488
    endloop
  endfacet
  facet normal 0.0587303 -0.998222 0.0101768
    outer loop
      vertex 126.833 -0.855182 241.488
      vertex 64.9463 -6.28536 66
      vertex 126.835 -0.885648 238.488
    endloop
  endfacet
  facet normal 0.0587308 -0.998222 0.0101767
    outer loop
      vertex 64.9463 -6.28536 66
      vertex 126.833 -0.855182 241.488
      vertex 129.421 -0.617265 249.888
    endloop
  endfacet
  facet normal 0.058729 -0.998222 0.0101773
    outer loop
      vertex 65.0435 -6.27965 66
      vertex 126.835 -0.885648 238.488
      vertex 64.9463 -6.28536 66
    endloop
  endfacet
  facet normal 0.0587302 -0.998222 0.0101769
    outer loop
      vertex 126.835 -0.885648 238.488
      vertex 65.0435 -6.27965 66
      vertex 128.314 -0.798609 238.488
    endloop
  endfacet
  facet normal 0.03181 -0.999281 0.0206523
    outer loop
      vertex 138.65 0.00586161 257.289
      vertex 140.722 0.196427 263.318
      vertex 138.531 0.00207894 257.289
    endloop
  endfacet
  facet normal 0.031806 -0.999281 0.0206537
    outer loop
      vertex 69.0187 -6.16409 66
      vertex 127.644 -1.00624 225.268
      vertex 127.642 -0.963856 227.323
    endloop
  endfacet
  facet normal 0.0318059 -0.999281 0.0206538
    outer loop
      vertex 127.644 -1.00624 225.268
      vertex 69.0187 -6.16409 66
      vertex 72.9059 -6.04036 66
    endloop
  endfacet
  facet normal 0.0318067 -0.999281 0.0206534
    outer loop
      vertex 129.155 -0.829584 231.489
      vertex 131.629 -0.639797 236.862
      vertex 131.627 -0.610324 238.291
    endloop
  endfacet
  facet normal 0.0318062 -0.999281 0.0206537
    outer loop
      vertex 131.629 -0.639797 236.862
      vertex 129.155 -0.829584 231.489
      vertex 129.783 -0.809615 231.489
    endloop
  endfacet
  facet normal 0.0623177 -0.998011 0.00952521
    outer loop
      vertex 137.422 -0.00961304 263.318
      vertex 138.531 0.00207894 257.289
      vertex 140.722 0.196427 263.318
    endloop
  endfacet
  facet normal 0.0623178 -0.998011 0.00952522
    outer loop
      vertex 138.531 0.00207894 257.289
      vertex 137.422 -0.00961304 263.318
      vertex 135.329 -0.197857 257.289
    endloop
  endfacet
  facet normal 0.0623181 -0.998011 0.00952514
    outer loop
      vertex 131.625 -0.579926 241.489
      vertex 131.622 -0.531241 246.611
      vertex 129.844 -0.691158 241.489
    endloop
  endfacet
  facet normal 0.0623177 -0.998011 0.00952511
    outer loop
      vertex 128.802 -0.784823 238.489
      vertex 131.627 -0.610324 238.291
      vertex 131.627 -0.608441 238.489
    endloop
  endfacet
  facet normal 0.0623177 -0.998011 0.00952519
    outer loop
      vertex 128.802 -0.784823 238.489
      vertex 129.155 -0.829584 231.489
      vertex 131.627 -0.610324 238.291
    endloop
  endfacet
  facet normal 0.0623177 -0.998011 0.0095252
    outer loop
      vertex 128.802 -0.784823 238.489
      vertex 127.639 -0.924263 231.489
      vertex 129.155 -0.829584 231.489
    endloop
  endfacet
  facet normal 0.0623178 -0.998011 0.00952518
    outer loop
      vertex 68.9213 -6.17017 66
      vertex 127.639 -0.924263 231.489
      vertex 128.802 -0.784823 238.489
    endloop
  endfacet
  facet normal 0.0623179 -0.998011 0.00952515
    outer loop
      vertex 68.9213 -6.17017 66
      vertex 127.642 -0.963856 227.323
      vertex 127.639 -0.924263 231.489
    endloop
  endfacet
  facet normal 0.0623122 -0.998011 0.00952725
    outer loop
      vertex 127.642 -0.963856 227.323
      vertex 68.9213 -6.17017 66
      vertex 69.0187 -6.16409 66
    endloop
  endfacet
  facet normal 0.0348175 -0.999191 0.0201133
    outer loop
      vertex 141.976 0.220005 257.289
      vertex 144.027 0.412839 263.318
      vertex 141.857 0.215856 257.289
    endloop
  endfacet
  facet normal 0.0348164 -0.999191 0.0201137
    outer loop
      vertex 76.898 -5.89827 66
      vertex 129.331 -0.92113 222.489
      vertex 73.0035 -6.03398 66
    endloop
  endfacet
  facet normal 0.0348169 -0.999191 0.0201136
    outer loop
      vertex 129.331 -0.92113 222.489
      vertex 76.898 -5.89827 66
      vertex 130.137 -0.893036 222.49
    endloop
  endfacet
  facet normal 0.0653244 -0.997823 0.00908767
    outer loop
      vertex 141.857 0.215856 257.289
      vertex 140.722 0.196427 263.318
      vertex 138.65 0.00586161 257.289
    endloop
  endfacet
  facet normal 0.0653247 -0.997823 0.00908773
    outer loop
      vertex 140.722 0.196427 263.318
      vertex 141.857 0.215856 257.289
      vertex 144.027 0.412839 263.318
    endloop
  endfacet
  facet normal 0.0653247 -0.997823 0.0090877
    outer loop
      vertex 72.9059 -6.04036 66
      vertex 127.646 -1.03145 222.489
      vertex 127.644 -1.00624 225.268
    endloop
  endfacet
  facet normal 0.0653246 -0.997823 0.00908774
    outer loop
      vertex 73.0035 -6.03398 66
      vertex 127.646 -1.03145 222.489
      vertex 72.9059 -6.04036 66
    endloop
  endfacet
  facet normal 0.0653243 -0.997823 0.00908782
    outer loop
      vertex 127.646 -1.03145 222.489
      vertex 73.0035 -6.03398 66
      vertex 129.331 -0.92113 222.489
    endloop
  endfacet
  facet normal 0.0653247 -0.997823 0.00908771
    outer loop
      vertex 131.632 -0.68852 231.489
      vertex 131.629 -0.639797 236.862
      vertex 129.783 -0.809615 231.489
    endloop
  endfacet
  facet normal 0.0373829 -0.999106 0.019736
    outer loop
      vertex 145.307 0.442989 257.289
      vertex 147.337 0.638046 263.318
      vertex 145.188 0.438529 257.289
    endloop
  endfacet
  facet normal 0.0373846 -0.999106 0.0197354
    outer loop
      vertex 80.8951 -5.74572 66
      vertex 132.782 -0.713056 222.49
      vertex 76.9957 -5.89163 66
    endloop
  endfacet
  facet normal 0.0373844 -0.999106 0.0197355
    outer loop
      vertex 132.782 -0.713056 222.49
      vertex 80.8951 -5.74572 66
      vertex 133.589 -0.682853 222.49
    endloop
  endfacet
  facet normal 0.0678889 -0.997654 0.00881302
    outer loop
      vertex 145.188 0.438529 257.289
      vertex 144.027 0.412839 263.318
      vertex 141.976 0.220005 257.289
    endloop
  endfacet
  facet normal 0.0678889 -0.997654 0.00881301
    outer loop
      vertex 144.027 0.412839 263.318
      vertex 145.188 0.438529 257.289
      vertex 147.337 0.638046 263.318
    endloop
  endfacet
  facet normal 0.0678917 -0.997654 0.00881209
    outer loop
      vertex 76.9957 -5.89163 66
      vertex 130.137 -0.893036 222.49
      vertex 76.898 -5.89827 66
    endloop
  endfacet
  facet normal 0.067889 -0.997654 0.00881301
    outer loop
      vertex 130.137 -0.893036 222.49
      vertex 76.9957 -5.89163 66
      vertex 132.782 -0.713056 222.49
    endloop
  endfacet
  facet normal 0.0396828 -0.999023 0.0194574
    outer loop
      vertex 148.64 0.67385 257.289
      vertex 150.649 0.871088 263.318
      vertex 148.521 0.669112 257.289
    endloop
  endfacet
  facet normal 0.039677 -0.999023 0.0194595
    outer loop
      vertex 84.896 -5.58383 66
      vertex 136.236 -0.496615 222.49
      vertex 80.9929 -5.73884 66
    endloop
  endfacet
  facet normal 0.0396769 -0.999023 0.0194595
    outer loop
      vertex 136.236 -0.496615 222.49
      vertex 84.896 -5.58383 66
      vertex 137.044 -0.464528 222.49
    endloop
  endfacet
  facet normal 0.0701779 -0.997497 0.00864111
    outer loop
      vertex 148.521 0.669112 257.289
      vertex 147.337 0.638046 263.318
      vertex 145.307 0.442989 257.289
    endloop
  endfacet
  facet normal 0.0701778 -0.997497 0.00864107
    outer loop
      vertex 147.337 0.638046 263.318
      vertex 148.521 0.669112 257.289
      vertex 150.649 0.871088 263.318
    endloop
  endfacet
  facet normal 0.0701724 -0.997497 0.00864295
    outer loop
      vertex 80.9929 -5.73884 66
      vertex 133.589 -0.682853 222.49
      vertex 80.8951 -5.74572 66
    endloop
  endfacet
  facet normal 0.0701776 -0.997497 0.00864121
    outer loop
      vertex 133.589 -0.682853 222.49
      vertex 80.9929 -5.73884 66
      vertex 136.236 -0.496615 222.49
    endloop
  endfacet
  facet normal 0.0416882 -0.998945 0.019286
    outer loop
      vertex 149.821 0.695494 250.75
      vertex 153.965 1.11109 263.318
      vertex 149.819 0.709037 251.456
    endloop
  endfacet
  facet normal 0.041688 -0.998945 0.0192861
    outer loop
      vertex 88.9014 -5.41367 66
      vertex 139.694 -0.272732 222.49
      vertex 84.9939 -5.57674 66
    endloop
  endfacet
  facet normal 0.0416878 -0.998945 0.0192861
    outer loop
      vertex 139.694 -0.272732 222.49
      vertex 88.9014 -5.41367 66
      vertex 140.503 -0.238978 222.49
    endloop
  endfacet
  facet normal 0.072185 -0.997354 0.00857195
    outer loop
      vertex 149.863 0.762336 257.289
      vertex 150.649 0.871088 263.318
      vertex 148.64 0.67385 257.289
    endloop
  endfacet
  facet normal 0.0721855 -0.997354 0.00857188
    outer loop
      vertex 150.649 0.871088 263.318
      vertex 149.863 0.762336 257.289
      vertex 153.965 1.11109 263.318
    endloop
  endfacet
  facet normal 0.0721853 -0.997354 0.008572
    outer loop
      vertex 153.965 1.11109 263.318
      vertex 149.863 0.762336 257.289
      vertex 149.819 0.709037 251.456
    endloop
  endfacet
  facet normal 0.0721859 -0.997354 0.00857182
    outer loop
      vertex 84.9939 -5.57674 66
      vertex 137.044 -0.464528 222.49
      vertex 84.896 -5.58383 66
    endloop
  endfacet
  facet normal 0.0721858 -0.997354 0.00857185
    outer loop
      vertex 137.044 -0.464528 222.49
      vertex 84.9939 -5.57674 66
      vertex 139.694 -0.272732 222.49
    endloop
  endfacet
  facet normal 0.043359 -0.998874 0.0192328
    outer loop
      vertex 151.731 0.787982 246.289
      vertex 157.286 1.35704 263.318
      vertex 151.393 0.773316 246.289
    endloop
  endfacet
  facet normal 0.0433595 -0.998874 0.0192327
    outer loop
      vertex 92.913 -5.23653 66
      vertex 143.157 -0.0424332 222.49
      vertex 88.9994 -5.40641 66
    endloop
  endfacet
  facet normal 0.0433593 -0.998874 0.0192327
    outer loop
      vertex 143.157 -0.0424332 222.49
      vertex 92.913 -5.23653 66
      vertex 143.966 -0.00727113 222.49
    endloop
  endfacet
  facet normal 0.0738551 -0.997232 0.00862284
    outer loop
      vertex 149.582 0.670329 249.889
      vertex 149.584 0.639351 246.289
      vertex 149.815 0.687573 249.889
    endloop
  endfacet
  facet normal 0.0738544 -0.997232 0.00862283
    outer loop
      vertex 149.821 0.695494 250.75
      vertex 157.286 1.35704 263.318
      vertex 153.965 1.11109 263.318
    endloop
  endfacet
  facet normal 0.0738549 -0.997232 0.00862292
    outer loop
      vertex 151.393 0.773316 246.289
      vertex 149.821 0.695494 250.75
      vertex 149.815 0.687573 249.889
    endloop
  endfacet
  facet normal 0.0738548 -0.997232 0.00862286
    outer loop
      vertex 151.393 0.773316 246.289
      vertex 149.815 0.687573 249.889
      vertex 149.584 0.639351 246.289
    endloop
  endfacet
  facet normal 0.0738545 -0.997232 0.00862279
    outer loop
      vertex 149.821 0.695494 250.75
      vertex 151.393 0.773316 246.289
      vertex 157.286 1.35704 263.318
    endloop
  endfacet
  facet normal 0.0738559 -0.997232 0.00862237
    outer loop
      vertex 88.9994 -5.40641 66
      vertex 140.503 -0.238978 222.49
      vertex 88.9014 -5.41367 66
    endloop
  endfacet
  facet normal 0.0738544 -0.997232 0.00862286
    outer loop
      vertex 140.503 -0.238978 222.49
      vertex 88.9994 -5.40641 66
      vertex 143.157 -0.0424332 222.49
    endloop
  endfacet
  facet normal 0.0446453 -0.998816 0.019312
    outer loop
      vertex 155.116 1.03268 246.288
      vertex 160.612 1.60762 263.318
      vertex 154.777 1.01756 246.288
    endloop
  endfacet
  facet normal 0.0446445 -0.998816 0.0193123
    outer loop
      vertex 96.9302 -5.05397 66
      vertex 146.624 0.192974 222.49
      vertex 93.0112 -5.22914 66
    endloop
  endfacet
  facet normal 0.0446447 -0.998816 0.0193123
    outer loop
      vertex 146.624 0.192974 222.49
      vertex 96.9302 -5.05397 66
      vertex 147.435 0.229229 222.49
    endloop
  endfacet
  facet normal 0.0751367 -0.997134 0.00880751
    outer loop
      vertex 154.777 1.01756 246.288
      vertex 157.286 1.35704 263.318
      vertex 151.731 0.787982 246.289
    endloop
  endfacet
  facet normal 0.0751369 -0.997134 0.00880748
    outer loop
      vertex 157.286 1.35704 263.318
      vertex 154.777 1.01756 246.288
      vertex 160.612 1.60762 263.318
    endloop
  endfacet
  facet normal 0.075131 -0.997135 0.00880939
    outer loop
      vertex 93.0112 -5.22914 66
      vertex 143.966 -0.00727113 222.49
      vertex 92.913 -5.23653 66
    endloop
  endfacet
  facet normal 0.0751368 -0.997134 0.00880751
    outer loop
      vertex 143.966 -0.00727113 222.49
      vertex 93.0112 -5.22914 66
      vertex 146.624 0.192974 222.49
    endloop
  endfacet
  facet normal 0.0456225 -0.998768 0.0194963
    outer loop
      vertex 156.971 1.11723 241.488
      vertex 163.94 1.86168 263.318
      vertex 156.537 1.0974 241.488
    endloop
  endfacet
  facet normal 0.0456228 -0.998768 0.0194962
    outer loop
      vertex 100.951 -4.8673 66
      vertex 150.095 0.432256 222.489
      vertex 97.0284 -5.04647 66
    endloop
  endfacet
  facet normal 0.0456225 -0.998768 0.0194963
    outer loop
      vertex 150.095 0.432256 222.489
      vertex 100.951 -4.8673 66
      vertex 150.906 0.469339 222.49
    endloop
  endfacet
  facet normal 0.0456219 -0.998769 0.0194958
    outer loop
      vertex 155.374 0.977332 238.058
      vertex 156.013 1.01493 238.488
      vertex 155.52 0.99238 238.488
    endloop
  endfacet
  facet normal 0.0456215 -0.998769 0.0194964
    outer loop
      vertex 156.013 1.01493 238.488
      vertex 155.374 0.977332 238.058
      vertex 155.376 0.946842 236.492
    endloop
  endfacet
  facet normal 0.0761158 -0.997057 0.00909603
    outer loop
      vertex 155.369 1.05204 246.288
      vertex 160.612 1.60762 263.318
      vertex 155.116 1.03268 246.288
    endloop
  endfacet
  facet normal 0.0761138 -0.997058 0.00909666
    outer loop
      vertex 160.612 1.60762 263.318
      vertex 155.369 1.05204 246.288
      vertex 163.94 1.86168 263.318
    endloop
  endfacet
  facet normal 0.0761143 -0.997058 0.00909689
    outer loop
      vertex 156.537 1.0974 241.488
      vertex 155.369 1.05204 246.288
      vertex 155.372 1.00847 241.488
    endloop
  endfacet
  facet normal 0.0761136 -0.997058 0.00909674
    outer loop
      vertex 155.369 1.05204 246.288
      vertex 156.537 1.0974 241.488
      vertex 163.94 1.86168 263.318
    endloop
  endfacet
  facet normal 0.0761125 -0.997058 0.00909713
    outer loop
      vertex 97.0284 -5.04647 66
      vertex 147.435 0.229229 222.49
      vertex 96.9302 -5.05397 66
    endloop
  endfacet
  facet normal 0.0761139 -0.997058 0.00909669
    outer loop
      vertex 147.435 0.229229 222.49
      vertex 97.0284 -5.04647 66
      vertex 150.095 0.432256 222.489
    endloop
  endfacet
  facet normal 0.0761184 -0.997057 0.00909463
    outer loop
      vertex 155.374 0.977332 238.058
      vertex 155.52 0.99238 238.488
      vertex 155.374 0.981234 238.488
    endloop
  endfacet
  facet normal 0.0464925 -0.998724 0.0197184
    outer loop
      vertex 167.269 2.11871 263.318
      vertex 159.942 1.34664 241.488
      vertex 160.16 1.35676 241.488
    endloop
  endfacet
  facet normal 0.046491 -0.998724 0.0197189
    outer loop
      vertex 167.269 2.11871 263.318
      vertex 160.16 1.35676 241.488
      vertex 160.16 1.34329 240.804
    endloop
  endfacet
  facet normal 0.0464914 -0.998724 0.0197188
    outer loop
      vertex 104.972 -4.67708 66
      vertex 153.566 0.674736 222.489
      vertex 101.049 -4.85972 66
    endloop
  endfacet
  facet normal 0.0464916 -0.998724 0.0197188
    outer loop
      vertex 153.566 0.674736 222.489
      vertex 104.972 -4.67708 66
      vertex 154.378 0.712536 222.489
    endloop
  endfacet
  facet normal 0.0464909 -0.998724 0.019719
    outer loop
      vertex 155.381 0.866 227.897
      vertex 159.429 1.26354 238.488
      vertex 158.936 1.24055 238.488
    endloop
  endfacet
  facet normal 0.0464921 -0.998724 0.0197185
    outer loop
      vertex 159.429 1.26354 238.488
      vertex 155.381 0.866 227.897
      vertex 155.384 0.822269 225.676
    endloop
  endfacet
  facet normal 0.0769807 -0.996988 0.00942525
    outer loop
      vertex 159.942 1.34664 241.488
      vertex 163.94 1.86168 263.318
      vertex 156.971 1.11723 241.488
    endloop
  endfacet
  facet normal 0.0769809 -0.996988 0.00942521
    outer loop
      vertex 163.94 1.86168 263.318
      vertex 159.942 1.34664 241.488
      vertex 167.269 2.11871 263.318
    endloop
  endfacet
  facet normal 0.0769799 -0.996988 0.00942552
    outer loop
      vertex 101.049 -4.85972 66
      vertex 150.906 0.469339 222.49
      vertex 100.951 -4.8673 66
    endloop
  endfacet
  facet normal 0.0769807 -0.996988 0.00942526
    outer loop
      vertex 150.906 0.469339 222.49
      vertex 101.049 -4.85972 66
      vertex 153.566 0.674736 222.489
    endloop
  endfacet
  facet normal 0.0769808 -0.996988 0.00942479
    outer loop
      vertex 155.376 0.946842 236.492
      vertex 158.936 1.24055 238.488
      vertex 156.013 1.01493 238.488
    endloop
  endfacet
  facet normal 0.0769805 -0.996988 0.00942537
    outer loop
      vertex 158.936 1.24055 238.488
      vertex 155.376 0.946842 236.492
      vertex 155.381 0.866 227.897
    endloop
  endfacet
  facet normal 0.0472451 -0.998683 0.0199811
    outer loop
      vertex 108.996 -4.48374 66
      vertex 170.599 2.37838 263.318
      vertex 105.071 -4.66942 66
    endloop
  endfacet
  facet normal 0.0777325 -0.996926 0.00979361
    outer loop
      vertex 105.071 -4.66942 66
      vertex 154.378 0.712536 222.489
      vertex 104.972 -4.67708 66
    endloop
  endfacet
  facet normal 0.0777344 -0.996926 0.00979292
    outer loop
      vertex 159.429 1.26354 238.488
      vertex 155.384 0.822269 225.676
      vertex 160.162 1.32066 238.488
    endloop
  endfacet
  facet normal 0.077733 -0.996926 0.00979346
    outer loop
      vertex 160.16 1.34329 240.804
      vertex 170.599 2.37838 263.318
      vertex 167.269 2.11871 263.318
    endloop
  endfacet
  facet normal 0.0777334 -0.996926 0.00979326
    outer loop
      vertex 160.162 1.32066 238.488
      vertex 170.599 2.37838 263.318
      vertex 160.16 1.34329 240.804
    endloop
  endfacet
  facet normal 0.0777329 -0.996926 0.00979349
    outer loop
      vertex 155.386 0.791126 222.489
      vertex 160.162 1.32066 238.488
      vertex 155.384 0.822269 225.676
    endloop
  endfacet
  facet normal 0.0777327 -0.996926 0.00979355
    outer loop
      vertex 160.162 1.32066 238.488
      vertex 155.386 0.791126 222.489
      vertex 170.599 2.37838 263.318
    endloop
  endfacet
  facet normal 0.0777329 -0.996926 0.00979348
    outer loop
      vertex 154.378 0.712536 222.489
      vertex 105.071 -4.66942 66
      vertex 155.386 0.791126 222.489
    endloop
  endfacet
  facet normal 0.0777329 -0.996926 0.00979347
    outer loop
      vertex 155.386 0.791126 222.489
      vertex 105.071 -4.66942 66
      vertex 170.599 2.37838 263.318
    endloop
  endfacet
  facet normal 0.0481535 -0.998496 0.0262265
    outer loop
      vertex 161.42 -1.91627 66
      vertex 209.093 5.32084 254
      vertex 110.276 -4.38271 66
    endloop
  endfacet
  facet normal 0.0481537 -0.998496 0.0262264
    outer loop
      vertex 209.093 5.32084 254
      vertex 161.42 -1.91627 66
      vertex 211.508 5.43732 254
    endloop
  endfacet
  facet normal 0.0786466 -0.996851 0.0101124
    outer loop
      vertex 170.599 2.37838 263.318
      vertex 205.449 5.12462 263
      vertex 205.536 5.13474 263.318
    endloop
  endfacet
  facet normal 0.0786466 -0.996851 0.0101138
    outer loop
      vertex 170.599 2.37838 263.318
      vertex 204.07 4.96515 258
      vertex 205.449 5.12462 263
    endloop
  endfacet
  facet normal 0.0786466 -0.996851 0.0101136
    outer loop
      vertex 170.599 2.37838 263.318
      vertex 202.97 4.83774 254
      vertex 204.07 4.96515 258
    endloop
  endfacet
  facet normal 0.0786463 -0.996851 0.0101138
    outer loop
      vertex 110.276 -4.38271 66
      vertex 170.599 2.37838 263.318
      vertex 108.996 -4.48374 66
    endloop
  endfacet
  facet normal 0.0786466 -0.996851 0.0101137
    outer loop
      vertex 170.599 2.37838 263.318
      vertex 110.276 -4.38271 66
      vertex 202.97 4.83774 254
    endloop
  endfacet
  facet normal 0.0786464 -0.996851 0.0101138
    outer loop
      vertex 202.97 4.83774 254
      vertex 110.276 -4.38271 66
      vertex 209.093 5.32084 254
    endloop
  endfacet
  facet normal 0.0476518 -0.998432 0.029369
    outer loop
      vertex 185.725 -0.720523 66.6
      vertex 230.588 6.93304 254
      vertex 183.62 -0.820949 66.6
    endloop
  endfacet
  facet normal 0.0476518 -0.998432 0.029369
    outer loop
      vertex 162.01 -1.87001 66
      vertex 183.62 -0.820949 66.6
      vertex 230.588 6.93304 254
    endloop
  endfacet
  facet normal 0.0476518 -0.998432 0.0293683
    outer loop
      vertex 183.62 -0.820949 66.6
      vertex 162.01 -1.87001 66
      vertex 183.627 -0.838269 66
    endloop
  endfacet
  facet normal 0.0476521 -0.998432 0.0293689
    outer loop
      vertex 230.588 6.93304 254
      vertex 185.725 -0.720523 66.6
      vertex 231.701 6.98616 254
    endloop
  endfacet
  facet normal 0.0781394 -0.996777 0.0181701
    outer loop
      vertex 162.01 -1.87001 66
      vertex 211.508 5.43732 254
      vertex 161.42 -1.91627 66
    endloop
  endfacet
  facet normal 0.078141 -0.996777 0.0181697
    outer loop
      vertex 211.508 5.43732 254
      vertex 162.01 -1.87001 66
      vertex 230.588 6.93304 254
    endloop
  endfacet
  facet normal 0.0496584 -0.998334 0.0293683
    outer loop
      vertex 189.698 -0.519611 66.6
      vertex 234.84 7.23863 254
      vertex 185.831 -0.711934 66.6
    endloop
  endfacet
  facet normal 0.0496573 -0.998334 0.0293685
    outer loop
      vertex 234.84 7.23863 254
      vertex 189.698 -0.519611 66.6
      vertex 235.024 7.24774 254
    endloop
  endfacet
  facet normal 0.0801485 -0.996555 0.0213191
    outer loop
      vertex 185.831 -0.711934 66.6
      vertex 231.701 6.98616 254
      vertex 185.725 -0.720523 66.6
    endloop
  endfacet
  facet normal 0.0801395 -0.996556 0.0213214
    outer loop
      vertex 231.701 6.98616 254
      vertex 185.831 -0.711934 66.6
      vertex 234.84 7.23863 254
    endloop
  endfacet
  facet normal 0.0523381 -0.998202 0.029199
    outer loop
      vertex 193.58 -0.312856 66.6
      vertex 238.091 7.50269 254
      vertex 189.802 -0.510937 66.6
    endloop
  endfacet
  facet normal 0.0523364 -0.998203 0.0291994
    outer loop
      vertex 238.091 7.50269 254
      vertex 193.58 -0.312856 66.6
      vertex 238.27 7.51207 254
    endloop
  endfacet
  facet normal 0.0828116 -0.996338 0.0212669
    outer loop
      vertex 189.802 -0.510937 66.6
      vertex 235.024 7.24774 254
      vertex 189.698 -0.519611 66.6
    endloop
  endfacet
  facet normal 0.0828139 -0.996338 0.0212664
    outer loop
      vertex 235.024 7.24774 254
      vertex 189.802 -0.510937 66.6
      vertex 238.091 7.50269 254
    endloop
  endfacet
  facet normal 0.0601747 -0.997802 0.0277568
    outer loop
      vertex 197.132 -0.0957063 66.6
      vertex 241.076 7.76748 254
      vertex 193.676 -0.304166 66.6
    endloop
  endfacet
  facet normal 0.0601717 -0.997802 0.0277575
    outer loop
      vertex 241.076 7.76748 254
      vertex 197.132 -0.0957063 66.6
      vertex 241.239 7.77735 254
    endloop
  endfacet
  facet normal 0.090632 -0.995684 0.0199618
    outer loop
      vertex 193.676 -0.304166 66.6
      vertex 238.27 7.51207 254
      vertex 193.58 -0.312856 66.6
    endloop
  endfacet
  facet normal 0.0906351 -0.995684 0.019961
    outer loop
      vertex 238.27 7.51207 254
      vertex 193.676 -0.304166 66.6
      vertex 241.076 7.76748 254
    endloop
  endfacet
  facet normal 0.0785699 -0.996626 0.0237418
    outer loop
      vertex 200.045 0.136316 66.6
      vertex 243.539 8.02948 254
      vertex 197.21 -0.0871287 66.6
    endloop
  endfacet
  facet normal 0.0785729 -0.996626 0.0237411
    outer loop
      vertex 243.539 8.02948 254
      vertex 200.045 0.136316 66.6
      vertex 243.673 8.04007 254
    endloop
  endfacet
  facet normal 0.108998 -0.993912 0.0161021
    outer loop
      vertex 197.21 -0.0871287 66.6
      vertex 241.239 7.77735 254
      vertex 197.132 -0.0957063 66.6
    endloop
  endfacet
  facet normal 0.108986 -0.993913 0.0161051
    outer loop
      vertex 241.239 7.77735 254
      vertex 197.21 -0.0871287 66.6
      vertex 243.539 8.02948 254
    endloop
  endfacet
  facet normal 0.0947687 -0.995296 0.0201002
    outer loop
      vertex 201.528 0.278772 66.6
      vertex 244.843 8.18769 254
      vertex 200.085 0.141339 66.6
    endloop
  endfacet
  facet normal 0.0947598 -0.995297 0.0201023
    outer loop
      vertex 244.843 8.18769 254
      vertex 201.528 0.278772 66.6
      vertex 244.912 8.1942 254
    endloop
  endfacet
  facet normal 0.125107 -0.992062 0.0127151
    outer loop
      vertex 200.085 0.141339 66.6
      vertex 243.673 8.04007 254
      vertex 200.045 0.136316 66.6
    endloop
  endfacet
  facet normal 0.125133 -0.992059 0.0127088
    outer loop
      vertex 243.673 8.04007 254
      vertex 200.085 0.141339 66.6
      vertex 244.843 8.18769 254
    endloop
  endfacet
  facet normal -0.0242721 0.999043 -0.0363957
    outer loop
      vertex 201.488 0.276604 66.6
      vertex 243.683 8.12883 254
      vertex 243.751 8.13048 254
    endloop
  endfacet
  facet normal -0.024268 0.999043 -0.0363967
    outer loop
      vertex 243.683 8.12883 254
      vertex 201.488 0.276604 66.6
      vertex 200.06 0.241895 66.6
    endloop
  endfacet
  facet normal -0.0547775 0.998063 -0.0294752
    outer loop
      vertex 201.528 0.278772 66.6
      vertex 243.751 8.13048 254
      vertex 244.912 8.1942 254
    endloop
  endfacet
  facet normal -0.0547744 0.998064 -0.0294759
    outer loop
      vertex 243.751 8.13048 254
      vertex 201.528 0.278772 66.6
      vertex 201.488 0.276604 66.6
    endloop
  endfacet
  facet normal 0.00573084 0.999057 -0.0430319
    outer loop
      vertex 199.984 0.240025 66.6
      vertex 241.339 8.0746 254
      vertex 241.468 8.07386 254
    endloop
  endfacet
  facet normal 0.00572949 0.999057 -0.0430316
    outer loop
      vertex 241.339 8.0746 254
      vertex 199.984 0.240025 66.6
      vertex 197.261 0.255645 66.6
    endloop
  endfacet
  facet normal -0.0247897 0.999034 -0.0362749
    outer loop
      vertex 200.06 0.241895 66.6
      vertex 241.468 8.07386 254
      vertex 243.683 8.12883 254
    endloop
  endfacet
  facet normal -0.0247905 0.999034 -0.0362747
    outer loop
      vertex 241.468 8.07386 254
      vertex 200.06 0.241895 66.6
      vertex 199.984 0.240025 66.6
    endloop
  endfacet
  facet normal 0.0366964 0.998082 -0.0498543
    outer loop
      vertex 197.17 0.256209 66.6
      vertex 238.509 8.09693 254
      vertex 238.665 8.09121 254
    endloop
  endfacet
  facet normal 0.0366984 0.998082 -0.0498547
    outer loop
      vertex 238.509 8.09693 254
      vertex 197.17 0.256209 66.6
      vertex 193.885 0.376974 66.6
    endloop
  endfacet
  facet normal 0.00620383 0.99905 -0.0431429
    outer loop
      vertex 197.261 0.255645 66.6
      vertex 238.665 8.09121 254
      vertex 241.339 8.0746 254
    endloop
  endfacet
  facet normal 0.00620471 0.99905 -0.0431431
    outer loop
      vertex 238.665 8.09121 254
      vertex 197.261 0.255645 66.6
      vertex 197.17 0.256209 66.6
    endloop
  endfacet
  facet normal 0.0566548 0.996927 -0.0541006
    outer loop
      vertex 193.786 0.379575 66.6
      vertex 235.424 8.18303 254
      vertex 235.593 8.17339 254
    endloop
  endfacet
  facet normal 0.0566497 0.996927 -0.0540995
    outer loop
      vertex 235.424 8.18303 254
      vertex 193.786 0.379575 66.6
      vertex 190.207 0.582957 66.6
    endloop
  endfacet
  facet normal 0.0261879 0.998534 -0.0473705
    outer loop
      vertex 193.885 0.376974 66.6
      vertex 235.593 8.17339 254
      vertex 238.509 8.09693 254
    endloop
  endfacet
  facet normal 0.0261908 0.998534 -0.0473712
    outer loop
      vertex 235.593 8.17339 254
      vertex 193.885 0.376974 66.6
      vertex 193.786 0.379575 66.6
    endloop
  endfacet
  facet normal 0.0711178 0.995834 -0.0570731
    outer loop
      vertex 190.105 0.587128 66.6
      vertex 232.242 8.31813 254
      vertex 232.417 8.30564 254
    endloop
  endfacet
  facet normal 0.071119 0.995834 -0.0570734
    outer loop
      vertex 232.242 8.31813 254
      vertex 190.105 0.587128 66.6
      vertex 186.415 0.850641 66.6
    endloop
  endfacet
  facet normal 0.0406891 0.997906 -0.0502881
    outer loop
      vertex 190.207 0.582957 66.6
      vertex 232.417 8.30564 254
      vertex 235.424 8.18303 254
    endloop
  endfacet
  facet normal 0.0406931 0.997905 -0.050289
    outer loop
      vertex 232.417 8.30564 254
      vertex 190.207 0.582957 66.6
      vertex 190.105 0.587128 66.6
    endloop
  endfacet
  facet normal 0.0824319 0.99483 -0.0593195
    outer loop
      vertex 186.311 0.856062 66.6
      vertex 229.011 8.49218 254
      vertex 229.188 8.47748 254
    endloop
  endfacet
  facet normal 0.0824401 0.994829 -0.0593214
    outer loop
      vertex 183.501 1.08892 66.6
      vertex 229.011 8.49218 254
      vertex 186.311 0.856062 66.6
    endloop
  endfacet
  facet normal 0.0824396 0.994829 -0.0593212
    outer loop
      vertex 183.501 1.08892 66.6
      vertex 182.417 1.14299 66
      vertex 229.011 8.49218 254
    endloop
  endfacet
  facet normal 0.0824392 0.994829 -0.0593206
    outer loop
      vertex 183.492 1.06739 66.227
      vertex 182.417 1.14299 66
      vertex 183.501 1.08892 66.6
    endloop
  endfacet
  facet normal 0.0824393 0.994829 -0.0593206
    outer loop
      vertex 182.417 1.14299 66
      vertex 183.492 1.06739 66.227
      vertex 183.491 1.054 66
    endloop
  endfacet
  facet normal 0.0520412 0.997266 -0.0524651
    outer loop
      vertex 186.415 0.850641 66.6
      vertex 229.188 8.47748 254
      vertex 232.242 8.31813 254
    endloop
  endfacet
  facet normal 0.0520361 0.997266 -0.052464
    outer loop
      vertex 229.188 8.47748 254
      vertex 186.415 0.850641 66.6
      vertex 186.311 0.856062 66.6
    endloop
  endfacet
  facet normal 0.0919948 0.993879 -0.0611684
    outer loop
      vertex 182.322 1.14887 66
      vertex 225.759 8.69875 254
      vertex 225.937 8.68223 254
    endloop
  endfacet
  facet normal 0.0919958 0.993879 -0.0611687
    outer loop
      vertex 225.759 8.69875 254
      vertex 182.322 1.14887 66
      vertex 178.541 1.49878 66
    endloop
  endfacet
  facet normal 0.0616263 0.996625 -0.054233
    outer loop
      vertex 182.417 1.14299 66
      vertex 225.937 8.68223 254
      vertex 229.011 8.49218 254
    endloop
  endfacet
  facet normal 0.0616328 0.996624 -0.0542345
    outer loop
      vertex 225.937 8.68223 254
      vertex 182.417 1.14299 66
      vertex 182.322 1.14887 66
    endloop
  endfacet
  facet normal 0.100577 0.992945 -0.0628032
    outer loop
      vertex 178.446 1.5055 66
      vertex 222.501 8.93401 254
      vertex 222.68 8.9159 254
    endloop
  endfacet
  facet normal 0.100575 0.992945 -0.0628027
    outer loop
      vertex 222.501 8.93401 254
      vertex 178.446 1.5055 66
      vertex 174.66 1.88901 66
    endloop
  endfacet
  facet normal 0.0702349 0.99597 -0.0557833
    outer loop
      vertex 178.541 1.49878 66
      vertex 222.68 8.9159 254
      vertex 225.759 8.69875 254
    endloop
  endfacet
  facet normal 0.0702373 0.995969 -0.0557839
    outer loop
      vertex 222.68 8.9159 254
      vertex 178.541 1.49878 66
      vertex 178.446 1.5055 66
    endloop
  endfacet
  facet normal 0.108813 0.991975 -0.0643773
    outer loop
      vertex 174.565 1.89653 66
      vertex 219.241 9.19668 254
      vertex 219.42 9.17706 254
    endloop
  endfacet
  facet normal 0.108816 0.991975 -0.064378
    outer loop
      vertex 219.241 9.19668 254
      vertex 174.565 1.89653 66
      vertex 170.777 2.31204 66
    endloop
  endfacet
  facet normal 0.0785061 0.995267 -0.0572737
    outer loop
      vertex 174.66 1.88901 66
      vertex 219.42 9.17706 254
      vertex 222.501 8.93401 254
    endloop
  endfacet
  facet normal 0.078511 0.995267 -0.0572749
    outer loop
      vertex 219.42 9.17706 254
      vertex 174.66 1.88901 66
      vertex 174.565 1.89653 66
    endloop
  endfacet
  facet normal 0.116757 0.990972 -0.0659019
    outer loop
      vertex 170.681 2.32033 66
      vertex 215.976 9.48606 254
      vertex 216.156 9.46496 254
    endloop
  endfacet
  facet normal 0.116761 0.990971 -0.0659029
    outer loop
      vertex 215.976 9.48606 254
      vertex 170.681 2.32033 66
      vertex 166.89 2.76709 66
    endloop
  endfacet
  facet normal 0.0864833 0.994522 -0.0587141
    outer loop
      vertex 170.777 2.31204 66
      vertex 216.156 9.46496 254
      vertex 219.241 9.19668 254
    endloop
  endfacet
  facet normal 0.0864868 0.994521 -0.0587149
    outer loop
      vertex 216.156 9.46496 254
      vertex 170.777 2.31204 66
      vertex 170.681 2.32033 66
    endloop
  endfacet
  facet normal 0.123914 0.990012 -0.067248
    outer loop
      vertex 166.794 2.77611 66
      vertex 212.702 9.80016 254
      vertex 212.882 9.77769 254
    endloop
  endfacet
  facet normal 0.123907 0.990013 -0.0672463
    outer loop
      vertex 212.702 9.80016 254
      vertex 166.794 2.77611 66
      vertex 162.992 3.25198 66
    endloop
  endfacet
  facet normal 0.0936592 0.993796 -0.0599719
    outer loop
      vertex 166.89 2.76709 66
      vertex 212.882 9.77769 254
      vertex 215.976 9.48606 254
    endloop
  endfacet
  facet normal 0.0936611 0.993796 -0.0599724
    outer loop
      vertex 212.882 9.77769 254
      vertex 166.89 2.76709 66
      vertex 166.794 2.77611 66
    endloop
  endfacet
  facet normal 0.130091 0.989143 -0.0683603
    outer loop
      vertex 162.896 3.26165 66
      vertex 209.413 10.1366 254
      vertex 209.593 10.1129 254
    endloop
  endfacet
  facet normal 0.130096 0.989142 -0.0683617
    outer loop
      vertex 209.413 10.1366 254
      vertex 162.896 3.26165 66
      vertex 159.076 3.76403 66
    endloop
  endfacet
  facet normal 0.0998765 0.993128 -0.0610006
    outer loop
      vertex 162.992 3.25198 66
      vertex 209.593 10.1129 254
      vertex 212.702 9.80016 254
    endloop
  endfacet
  facet normal 0.0998772 0.993128 -0.0610008
    outer loop
      vertex 209.593 10.1129 254
      vertex 162.992 3.25198 66
      vertex 162.896 3.26165 66
    endloop
  endfacet
  facet normal 0.134748 0.988468 -0.0690902
    outer loop
      vertex 158.979 3.77422 66
      vertex 206.103 10.4908 254
      vertex 206.284 10.4661 254
    endloop
  endfacet
  facet normal 0.134743 0.988469 -0.0690891
    outer loop
      vertex 206.103 10.4908 254
      vertex 158.979 3.77422 66
      vertex 155.136 4.29807 66
    endloop
  endfacet
  facet normal 0.104545 0.992608 -0.0616378
    outer loop
      vertex 159.076 3.76403 66
      vertex 206.284 10.4661 254
      vertex 209.413 10.1366 254
    endloop
  endfacet
  facet normal 0.104536 0.992609 -0.0616357
    outer loop
      vertex 206.284 10.4661 254
      vertex 159.076 3.76403 66
      vertex 158.979 3.77422 66
    endloop
  endfacet
  facet normal 0.137721 0.988038 -0.0693848
    outer loop
      vertex 202.954 10.8321 254
      vertex 155.039 4.30863 66
      vertex 202.795 10.8542 254
    endloop
  endfacet
  facet normal 0.137692 0.988042 -0.0693769
    outer loop
      vertex 202.795 10.8542 254
      vertex 205.329 11.1554 263.318
      vertex 205.054 11.1179 262.239
    endloop
  endfacet
  facet normal 0.137676 0.988045 -0.0693727
    outer loop
      vertex 202.795 10.8542 254
      vertex 151.172 4.84766 66
      vertex 205.329 11.1554 263.318
    endloop
  endfacet
  facet normal 0.137724 0.988037 -0.0693856
    outer loop
      vertex 151.172 4.84766 66
      vertex 202.795 10.8542 254
      vertex 155.039 4.30863 66
    endloop
  endfacet
  facet normal 0.10754 0.992276 -0.0618398
    outer loop
      vertex 155.136 4.29807 66
      vertex 202.954 10.8321 254
      vertex 206.103 10.4908 254
    endloop
  endfacet
  facet normal 0.107551 0.992274 -0.0618424
    outer loop
      vertex 202.954 10.8321 254
      vertex 155.136 4.29807 66
      vertex 155.039 4.30863 66
    endloop
  endfacet
  facet normal 0.107503 0.99228 -0.0618269
    outer loop
      vertex 205.263 11.1428 263
      vertex 205.329 11.1554 263.318
      vertex 205.35 11.1531 263.318
    endloop
  endfacet
  facet normal 0.107437 0.992288 -0.0618134
    outer loop
      vertex 205.329 11.1554 263.318
      vertex 205.263 11.1428 263
      vertex 205.054 11.1179 262.239
    endloop
  endfacet
  facet normal 0.13946 0.987796 -0.0693545
    outer loop
      vertex 202.013 11.5207 263.318
      vertex 151.074 4.85844 66
      vertex 147.188 5.40714 66
    endloop
  endfacet
  facet normal 0.109285 0.992093 -0.0617096
    outer loop
      vertex 151.172 4.84766 66
      vertex 202.013 11.5207 263.318
      vertex 205.329 11.1554 263.318
    endloop
  endfacet
  facet normal 0.109288 0.992093 -0.0617106
    outer loop
      vertex 202.013 11.5207 263.318
      vertex 151.172 4.84766 66
      vertex 151.074 4.85844 66
    endloop
  endfacet
  facet normal 0.140116 0.98776 -0.0685345
    outer loop
      vertex 195.373 12.2565 263.318
      vertex 146.992 5.42885 66
      vertex 139.211 6.53254 66
    endloop
  endfacet
  facet normal 0.109937 0.992047 -0.0612832
    outer loop
      vertex 147.188 5.40714 66
      vertex 195.373 12.2565 263.318
      vertex 202.013 11.5207 263.318
    endloop
  endfacet
  facet normal 0.109932 0.992048 -0.061282
    outer loop
      vertex 195.373 12.2565 263.318
      vertex 147.188 5.40714 66
      vertex 146.992 5.42885 66
    endloop
  endfacet
  facet normal 0.138506 0.988053 -0.067587
    outer loop
      vertex 192.071 12.617 263.318
      vertex 139.114 6.54318 66
      vertex 135.244 7.08558 66
    endloop
  endfacet
  facet normal 0.108322 0.992327 -0.0596178
    outer loop
      vertex 139.211 6.53254 66
      vertex 192.071 12.617 263.318
      vertex 195.373 12.2565 263.318
    endloop
  endfacet
  facet normal 0.108317 0.992327 -0.0596164
    outer loop
      vertex 192.071 12.617 263.318
      vertex 139.211 6.53254 66
      vertex 139.114 6.54318 66
    endloop
  endfacet
  facet normal 0.135875 0.988502 -0.0663462
    outer loop
      vertex 188.783 12.967 263.318
      vertex 135.147 7.09591 66
      vertex 131.294 7.62561 66
    endloop
  endfacet
  facet normal 0.105677 0.992692 -0.0582626
    outer loop
      vertex 135.244 7.08558 66
      vertex 188.783 12.967 263.318
      vertex 192.071 12.617 263.318
    endloop
  endfacet
  facet normal 0.10568 0.992692 -0.0582634
    outer loop
      vertex 188.783 12.967 263.318
      vertex 135.244 7.08558 66
      vertex 135.147 7.09591 66
    endloop
  endfacet
  facet normal 0.132416 0.98907 -0.0648599
    outer loop
      vertex 185.504 13.3044 263.318
      vertex 131.197 7.63557 66
      vertex 127.354 8.15006 66
    endloop
  endfacet
  facet normal 0.102201 0.993149 -0.056661
    outer loop
      vertex 131.294 7.62561 66
      vertex 185.504 13.3044 263.318
      vertex 188.783 12.967 263.318
    endloop
  endfacet
  facet normal 0.102202 0.993149 -0.0566613
    outer loop
      vertex 185.504 13.3044 263.318
      vertex 131.294 7.62561 66
      vertex 131.197 7.63557 66
    endloop
  endfacet
  facet normal 0.128223 0.989733 -0.0631488
    outer loop
      vertex 182.232 13.627 263.318
      vertex 127.257 8.15958 66
      vertex 123.422 8.65647 66
    endloop
  endfacet
  facet normal 0.0979865 0.993676 -0.0548337
    outer loop
      vertex 127.354 8.15006 66
      vertex 182.232 13.627 263.318
      vertex 185.504 13.3044 263.318
    endloop
  endfacet
  facet normal 0.097976 0.993677 -0.0548309
    outer loop
      vertex 182.232 13.627 263.318
      vertex 127.354 8.15006 66
      vertex 127.257 8.15958 66
    endloop
  endfacet
  facet normal 0.123372 0.99047 -0.0612297
    outer loop
      vertex 178.967 13.9328 263.318
      vertex 123.326 8.66549 66
      vertex 119.497 9.14233 66
    endloop
  endfacet
  facet normal 0.0931113 0.994255 -0.0527976
    outer loop
      vertex 123.422 8.65647 66
      vertex 178.967 13.9328 263.318
      vertex 182.232 13.627 263.318
    endloop
  endfacet
  facet normal 0.0931081 0.994255 -0.0527967
    outer loop
      vertex 178.967 13.9328 263.318
      vertex 123.422 8.65647 66
      vertex 123.326 8.66549 66
    endloop
  endfacet
  facet normal 0.117932 0.99126 -0.0591189
    outer loop
      vertex 175.708 14.2199 263.318
      vertex 119.401 9.1508 66
      vertex 115.579 9.60551 66
    endloop
  endfacet
  facet normal 0.0876468 0.994867 -0.0505693
    outer loop
      vertex 119.497 9.14233 66
      vertex 175.708 14.2199 263.318
      vertex 178.967 13.9328 263.318
    endloop
  endfacet
  facet normal 0.0876437 0.994868 -0.0505684
    outer loop
      vertex 175.708 14.2199 263.318
      vertex 119.497 9.14233 66
      vertex 119.401 9.1508 66
    endloop
  endfacet
  facet normal 0.111974 0.992085 -0.0568329
    outer loop
      vertex 172.453 14.487 263.318
      vertex 115.483 9.61339 66
      vertex 111.665 10.0443 66
    endloop
  endfacet
  facet normal 0.0816627 0.995495 -0.0481655
    outer loop
      vertex 115.579 9.60551 66
      vertex 172.453 14.487 263.318
      vertex 175.708 14.2199 263.318
    endloop
  endfacet
  facet normal 0.0816633 0.995495 -0.0481657
    outer loop
      vertex 172.453 14.487 263.318
      vertex 115.579 9.60551 66
      vertex 115.483 9.61339 66
    endloop
  endfacet
  facet normal 0.105694 0.992908 -0.0544273
    outer loop
      vertex 169.2 14.733 263.318
      vertex 111.569 10.0515 66
      vertex 107.754 10.4577 66
    endloop
  endfacet
  facet normal 0.0753557 0.996112 -0.0456425
    outer loop
      vertex 111.665 10.0443 66
      vertex 169.2 14.733 263.318
      vertex 172.453 14.487 263.318
    endloop
  endfacet
  facet normal 0.0753556 0.996112 -0.0456425
    outer loop
      vertex 169.2 14.733 263.318
      vertex 111.665 10.0443 66
      vertex 111.569 10.0515 66
    endloop
  endfacet
  facet normal 0.0991769 0.993714 -0.0519264
    outer loop
      vertex 165.948 14.9576 263.318
      vertex 107.658 10.4644 66
      vertex 103.842 10.8452 66
    endloop
  endfacet
  facet normal 0.0688132 0.996701 -0.0430246
    outer loop
      vertex 107.754 10.4577 66
      vertex 165.948 14.9576 263.318
      vertex 169.2 14.733 263.318
    endloop
  endfacet
  facet normal 0.0688159 0.996701 -0.0430254
    outer loop
      vertex 165.948 14.9576 263.318
      vertex 107.754 10.4577 66
      vertex 107.658 10.4644 66
    endloop
  endfacet
  facet normal 0.0924577 0.994493 -0.0493391
    outer loop
      vertex 162.697 15.1599 263.318
      vertex 103.746 10.8512 66
      vertex 99.9302 11.2059 66
    endloop
  endfacet
  facet normal 0.0620697 0.997257 -0.0403207
    outer loop
      vertex 103.842 10.8452 66
      vertex 162.697 15.1599 263.318
      vertex 165.948 14.9576 263.318
    endloop
  endfacet
  facet normal 0.0620758 0.997257 -0.0403225
    outer loop
      vertex 162.697 15.1599 263.318
      vertex 103.842 10.8452 66
      vertex 103.746 10.8512 66
    endloop
  endfacet
  facet normal 0.085578 0.995237 -0.046677
    outer loop
      vertex 159.446 15.3397 263.318
      vertex 99.8342 11.2112 66
      vertex 96.0181 11.5394 66
    endloop
  endfacet
  facet normal 0.0551661 0.997771 -0.0375424
    outer loop
      vertex 99.9302 11.2059 66
      vertex 159.446 15.3397 263.318
      vertex 162.697 15.1599 263.318
    endloop
  endfacet
  facet normal 0.055165 0.997771 -0.0375421
    outer loop
      vertex 159.446 15.3397 263.318
      vertex 99.9302 11.2059 66
      vertex 99.8342 11.2112 66
    endloop
  endfacet
  facet normal 0.0785667 0.99594 -0.0439486
    outer loop
      vertex 156.196 15.4964 263.318
      vertex 95.9222 11.544 66
      vertex 92.1068 11.845 66
    endloop
  endfacet
  facet normal 0.0481327 0.998238 -0.0346981
    outer loop
      vertex 96.0181 11.5394 66
      vertex 156.196 15.4964 263.318
      vertex 159.446 15.3397 263.318
    endloop
  endfacet
  facet normal 0.0481251 0.998239 -0.0346958
    outer loop
      vertex 156.196 15.4964 263.318
      vertex 96.0181 11.5394 66
      vertex 95.9222 11.544 66
    endloop
  endfacet
  facet normal 0.0713145 0.996606 -0.0411176
    outer loop
      vertex 152.948 15.6293 263.318
      vertex 92.0109 11.8489 66
      vertex 88.1967 12.1218 66
    endloop
  endfacet
  facet normal 0.0408603 0.99866 -0.0317519
    outer loop
      vertex 92.1068 11.845 66
      vertex 152.948 15.6293 263.318
      vertex 156.196 15.4964 263.318
    endloop
  endfacet
  facet normal 0.040859 0.99866 -0.0317515
    outer loop
      vertex 152.948 15.6293 263.318
      vertex 92.1068 11.845 66
      vertex 92.0109 11.8489 66
    endloop
  endfacet
  facet normal 0.0637919 0.997233 -0.0381728
    outer loop
      vertex 149.703 15.7375 263.318
      vertex 88.101 12.125 66
      vertex 84.2899 12.3688 66
    endloop
  endfacet
  facet normal 0.0333186 0.999033 -0.0286921
    outer loop
      vertex 88.1967 12.1218 66
      vertex 149.703 15.7375 263.318
      vertex 152.948 15.6293 263.318
    endloop
  endfacet
  facet normal 0.0333217 0.999033 -0.0286931
    outer loop
      vertex 149.703 15.7375 263.318
      vertex 88.1967 12.1218 66
      vertex 88.101 12.125 66
    endloop
  endfacet
  facet normal 0.0559406 0.997817 -0.0350936
    outer loop
      vertex 146.464 15.82 263.318
      vertex 84.1943 12.3712 66
      vertex 80.388 12.5846 66
    endloop
  endfacet
  facet normal 0.0254502 0.999351 -0.0254983
    outer loop
      vertex 84.2899 12.3688 66
      vertex 146.464 15.82 263.318
      vertex 149.703 15.7375 263.318
    endloop
  endfacet
  facet normal 0.0254503 0.999351 -0.0254983
    outer loop
      vertex 146.464 15.82 263.318
      vertex 84.2899 12.3688 66
      vertex 84.1943 12.3712 66
    endloop
  endfacet
  facet normal 0.0476244 0.998358 -0.031832
    outer loop
      vertex 143.23 15.8754 263.318
      vertex 80.2926 12.5863 66
      vertex 76.4919 12.7676 66
    endloop
  endfacet
  facet normal 0.0171181 0.999609 -0.0221225
    outer loop
      vertex 80.388 12.5846 66
      vertex 143.23 15.8754 263.318
      vertex 146.464 15.82 263.318
    endloop
  endfacet
  facet normal 0.017111 0.999609 -0.0221202
    outer loop
      vertex 143.23 15.8754 263.318
      vertex 80.388 12.5846 66
      vertex 80.2926 12.5863 66
    endloop
  endfacet
  facet normal 0.0388416 0.998842 -0.0283844
    outer loop
      vertex 140.001 15.9022 263.318
      vertex 76.3967 12.7684 66
      vertex 72.6019 12.9159 66
    endloop
  endfacet
  facet normal 0.00832222 0.999793 -0.0185617
    outer loop
      vertex 76.4919 12.7676 66
      vertex 140.001 15.9022 263.318
      vertex 143.23 15.8754 263.318
    endloop
  endfacet
  facet normal 0.00831693 0.999793 -0.01856
    outer loop
      vertex 140.001 15.9022 263.318
      vertex 76.4919 12.7676 66
      vertex 76.3967 12.7684 66
    endloop
  endfacet
  facet normal 0.0295739 0.999256 -0.0247412
    outer loop
      vertex 136.779 15.8992 263.318
      vertex 72.5068 12.9158 66
      vertex 68.7176 13.028 66
    endloop
  endfacet
  facet normal -0.000955779 0.99989 -0.0148064
    outer loop
      vertex 72.6019 12.9159 66
      vertex 136.779 15.8992 263.318
      vertex 140.001 15.9022 263.318
    endloop
  endfacet
  facet normal -0.000952563 0.99989 -0.0148074
    outer loop
      vertex 136.779 15.8992 263.318
      vertex 72.6019 12.9159 66
      vertex 72.5068 12.9158 66
    endloop
  endfacet
  facet normal 0.0198074 0.999585 -0.0208945
    outer loop
      vertex 133.564 15.8647 263.318
      vertex 68.6227 13.027 66
      vertex 64.8421 13.1019 66
    endloop
  endfacet
  facet normal -0.0107293 0.999884 -0.0108484
    outer loop
      vertex 68.7176 13.028 66
      vertex 133.564 15.8647 263.318
      vertex 136.779 15.8992 263.318
    endloop
  endfacet
  facet normal -0.0107263 0.999884 -0.0108494
    outer loop
      vertex 133.564 15.8647 263.318
      vertex 68.7176 13.028 66
      vertex 68.6227 13.027 66
    endloop
  endfacet
  facet normal 0.00931229 0.999816 -0.0167615
    outer loop
      vertex 130.363 15.7967 263.318
      vertex 64.7476 13.0999 66
      vertex 60.9812 13.135 66
    endloop
  endfacet
  facet normal -0.0212273 0.999753 -0.00660514
    outer loop
      vertex 64.8421 13.1019 66
      vertex 130.363 15.7967 263.318
      vertex 133.564 15.8647 263.318
    endloop
  endfacet
  facet normal -0.0212252 0.999753 -0.00660584
    outer loop
      vertex 130.363 15.7967 263.318
      vertex 64.8421 13.1019 66
      vertex 64.7476 13.0999 66
    endloop
  endfacet
  facet normal -0.00230727 0.999923 -0.0121987
    outer loop
      vertex 127.179 15.692 263.318
      vertex 60.8872 13.1319 66
      vertex 57.1389 13.1232 66
    endloop
  endfacet
  facet normal -0.0328447 0.999459 -0.00193327
    outer loop
      vertex 60.9812 13.135 66
      vertex 127.179 15.692 263.318
      vertex 130.363 15.7967 263.318
    endloop
  endfacet
  facet normal -0.0328406 0.999459 -0.00193462
    outer loop
      vertex 127.179 15.692 263.318
      vertex 60.9812 13.135 66
      vertex 60.8872 13.1319 66
    endloop
  endfacet
  facet normal -0.0150518 0.999861 -0.0071979
    outer loop
      vertex 124.011 15.5475 263.318
      vertex 57.0455 13.119 66
      vertex 53.3163 13.0628 66
    endloop
  endfacet
  facet normal -0.0455801 0.998956 0.00317394
    outer loop
      vertex 57.1389 13.1232 66
      vertex 124.011 15.5475 263.318
      vertex 127.179 15.692 263.318
    endloop
  endfacet
  facet normal -0.0455711 0.998956 0.00317088
    outer loop
      vertex 124.011 15.5475 263.318
      vertex 57.1389 13.1232 66
      vertex 57.0455 13.119 66
    endloop
  endfacet
  facet normal -0.0289232 0.99958 -0.0017506
    outer loop
      vertex 120.862 15.36 263.318
      vertex 53.2233 13.0573 66
      vertex 49.5129 12.9499 66
    endloop
  endfacet
  facet normal -0.0594331 0.998194 0.008724
    outer loop
      vertex 53.3163 13.0628 66
      vertex 120.862 15.36 263.318
      vertex 124.011 15.5475 263.318
    endloop
  endfacet
  facet normal -0.0594378 0.998194 0.0087256
    outer loop
      vertex 120.862 15.36 263.318
      vertex 53.3163 13.0628 66
      vertex 53.2233 13.0573 66
    endloop
  endfacet
  facet normal -0.0439275 0.999026 0.00415319
    outer loop
      vertex 117.731 15.1263 263.318
      vertex 49.4206 12.943 66
      vertex 45.7307 12.7808 66
    endloop
  endfacet
  facet normal -0.0744084 0.997119 0.0147265
    outer loop
      vertex 49.5129 12.9499 66
      vertex 117.731 15.1263 263.318
      vertex 120.862 15.36 263.318
    endloop
  endfacet
  facet normal -0.0744103 0.997119 0.0147272
    outer loop
      vertex 117.731 15.1263 263.318
      vertex 49.5129 12.9499 66
      vertex 49.4206 12.943 66
    endloop
  endfacet
  facet normal -0.0602091 0.99813 0.0105738
    outer loop
      vertex 114.621 14.8433 263.318
      vertex 45.639 12.7724 66
      vertex 41.9731 12.5513 66
    endloop
  endfacet
  facet normal -0.0906471 0.995657 0.0212408
    outer loop
      vertex 45.7307 12.7808 66
      vertex 114.621 14.8433 263.318
      vertex 117.731 15.1263 263.318
    endloop
  endfacet
  facet normal -0.0906469 0.995657 0.0212408
    outer loop
      vertex 114.621 14.8433 263.318
      vertex 45.7307 12.7808 66
      vertex 45.639 12.7724 66
    endloop
  endfacet
  facet normal -0.0778208 0.996813 0.017539
    outer loop
      vertex 111.539 14.5076 263.318
      vertex 41.8821 12.5414 66
      vertex 38.2457 12.2575 66
    endloop
  endfacet
  facet normal -0.108199 0.993727 0.0282937
    outer loop
      vertex 41.9731 12.5513 66
      vertex 111.539 14.5076 263.318
      vertex 114.621 14.8433 263.318
    endloop
  endfacet
  facet normal -0.108193 0.993727 0.0282916
    outer loop
      vertex 111.539 14.5076 263.318
      vertex 41.9731 12.5513 66
      vertex 41.8821 12.5414 66
    endloop
  endfacet
  facet normal -0.097191 0.994946 0.0252168
    outer loop
      vertex 108.49 14.1155 263.318
      vertex 38.1557 12.2459 66
      vertex 34.5565 11.8943 66
    endloop
  endfacet
  facet normal -0.127488 0.991185 0.0360518
    outer loop
      vertex 38.2457 12.2575 66
      vertex 108.49 14.1155 263.318
      vertex 111.539 14.5076 263.318
    endloop
  endfacet
  facet normal -0.127491 0.991184 0.0360529
    outer loop
      vertex 108.49 14.1155 263.318
      vertex 38.2457 12.2575 66
      vertex 38.1557 12.2459 66
    endloop
  endfacet
  facet normal -0.118555 0.992375 0.0337074
    outer loop
      vertex 105.481 13.6625 263.318
      vertex 34.4678 11.881 66
      vertex 30.9138 11.4564 66
    endloop
  endfacet
  facet normal -0.148742 0.987869 0.0446122
    outer loop
      vertex 34.5565 11.8943 66
      vertex 105.481 13.6625 263.318
      vertex 108.49 14.1155 263.318
    endloop
  endfacet
  facet normal -0.148753 0.987867 0.0446162
    outer loop
      vertex 105.481 13.6625 263.318
      vertex 34.5565 11.8943 66
      vertex 34.4678 11.881 66
    endloop
  endfacet
  facet normal -0.142437 0.98886 0.0432225
    outer loop
      vertex 102.523 13.1437 263.318
      vertex 30.8265 11.4411 66
      vertex 27.3299 10.9374 66
    endloop
  endfacet
  facet normal -0.172476 0.983522 0.0541835
    outer loop
      vertex 30.9138 11.4564 66
      vertex 102.523 13.1437 263.318
      vertex 105.481 13.6625 263.318
    endloop
  endfacet
  facet normal -0.172481 0.983521 0.054185
    outer loop
      vertex 102.523 13.1437 263.318
      vertex 30.9138 11.4564 66
      vertex 30.8265 11.4411 66
    endloop
  endfacet
  facet normal -0.169204 0.984105 0.0539185
    outer loop
      vertex 99.6323 12.5553 263.318
      vertex 27.2445 10.9201 66
      vertex 23.8243 10.332 66
    endloop
  endfacet
  facet normal -0.199048 0.977837 0.0649189
    outer loop
      vertex 27.3299 10.9374 66
      vertex 99.6323 12.5553 263.318
      vertex 102.523 13.1437 263.318
    endloop
  endfacet
  facet normal -0.199056 0.977835 0.0649219
    outer loop
      vertex 99.6323 12.5553 263.318
      vertex 27.3299 10.9374 66
      vertex 27.2445 10.9201 66
    endloop
  endfacet
  facet normal -0.199952 0.977564 0.0662365
    outer loop
      vertex 96.8321 11.8928 263.318
      vertex 23.7417 10.3124 66
      vertex 20.4253 9.63411 66
    endloop
  endfacet
  facet normal -0.22953 0.970231 0.0772515
    outer loop
      vertex 23.8243 10.332 66
      vertex 96.8321 11.8928 263.318
      vertex 99.6323 12.5553 263.318
    endloop
  endfacet
  facet normal -0.22954 0.970228 0.0772554
    outer loop
      vertex 96.8321 11.8928 263.318
      vertex 23.8243 10.332 66
      vertex 23.7417 10.3124 66
    endloop
  endfacet
  facet normal -0.235908 0.968421 0.0806798
    outer loop
      vertex 94.1555 11.1535 263.318
      vertex 20.3464 9.61229 66
      vertex 17.1728 8.8392 66
    endloop
  endfacet
  facet normal -0.265119 0.959848 0.0916735
    outer loop
      vertex 20.4253 9.63411 66
      vertex 94.1555 11.1535 263.318
      vertex 96.8321 11.8928 263.318
    endloop
  endfacet
  facet normal -0.265123 0.959847 0.091675
    outer loop
      vertex 94.1555 11.1535 263.318
      vertex 20.4253 9.63411 66
      vertex 20.3464 9.61229 66
    endloop
  endfacet
  facet normal -0.27891 0.955303 0.0980016
    outer loop
      vertex 91.6709 10.345 263.318
      vertex 17.0994 8.81534 66
      vertex 14.1489 7.95392 66
    endloop
  endfacet
  facet normal -0.307602 0.94526 0.108923
    outer loop
      vertex 17.1728 8.8392 66
      vertex 91.6709 10.345 263.318
      vertex 94.1555 11.1535 263.318
    endloop
  endfacet
  facet normal -0.307603 0.94526 0.108923
    outer loop
      vertex 91.6709 10.345 263.318
      vertex 17.1728 8.8392 66
      vertex 17.0994 8.81534 66
    endloop
  endfacet
  facet normal -0.329553 0.936674 0.11848
    outer loop
      vertex 89.4411 9.48307 263.318
      vertex 14.0831 7.92848 66
      vertex 11.4304 6.99515 66
    endloop
  endfacet
  facet normal -0.357519 0.924918 0.129254
    outer loop
      vertex 14.1489 7.95392 66
      vertex 89.4411 9.48307 263.318
      vertex 91.6709 10.345 263.318
    endloop
  endfacet
  facet normal -0.35752 0.924918 0.129254
    outer loop
      vertex 89.4411 9.48307 263.318
      vertex 14.1489 7.95392 66
      vertex 14.0831 7.92848 66
    endloop
  endfacet
  facet normal -0.387505 0.91086 0.142035
    outer loop
      vertex 87.5037 8.58801 263.318
      vertex 11.3732 6.96873 66
      vertex 9.06301 5.98592 66
    endloop
  endfacet
  facet normal -0.414483 0.897179 0.152556
    outer loop
      vertex 11.4304 6.99515 66
      vertex 87.5037 8.58801 263.318
      vertex 89.4411 9.48307 263.318
    endloop
  endfacet
  facet normal -0.414484 0.897179 0.152556
    outer loop
      vertex 87.5037 8.58801 263.318
      vertex 11.4304 6.99515 66
      vertex 11.3732 6.96873 66
    endloop
  endfacet
  facet normal -0.450515 0.87686 0.167789
    outer loop
      vertex 85.9846 7.74791 263.318
      vertex 9.01818 5.96113 66
      vertex 7.20182 5.02791 66
    endloop
  endfacet
  facet normal -0.47622 0.861131 0.177957
    outer loop
      vertex 9.06301 5.98592 66
      vertex 85.9846 7.74791 263.318
      vertex 87.5037 8.58801 263.318
    endloop
  endfacet
  facet normal -0.476224 0.861128 0.177959
    outer loop
      vertex 85.9846 7.74791 263.318
      vertex 9.06301 5.98592 66
      vertex 9.01818 5.96113 66
    endloop
  endfacet
  facet normal -0.518044 0.832699 0.195557
    outer loop
      vertex 84.8689 7.00566 263.318
      vertex 7.1689 5.00601 66
      vertex 5.83047 4.17334 66
    endloop
  endfacet
  facet normal -0.542135 0.814845 0.205224
    outer loop
      vertex 7.20182 5.02791 66
      vertex 84.8689 7.00566 263.318
      vertex 85.9846 7.74791 263.318
    endloop
  endfacet
  facet normal -0.542136 0.814844 0.205225
    outer loop
      vertex 84.8689 7.00566 263.318
      vertex 7.20182 5.02791 66
      vertex 7.1689 5.00601 66
    endloop
  endfacet
  facet normal -0.587116 0.777844 0.224171
    outer loop
      vertex 84.0237 6.32619 263.318
      vertex 5.80553 4.15329 66
      vertex 4.7873 3.38473 66
    endloop
  endfacet
  facet normal -0.609271 0.757904 0.233173
    outer loop
      vertex 5.83047 4.17334 66
      vertex 84.0237 6.32619 263.318
      vertex 84.8689 7.00566 263.318
    endloop
  endfacet
  facet normal -0.609274 0.757902 0.233174
    outer loop
      vertex 84.0237 6.32619 263.318
      vertex 5.83047 4.17334 66
      vertex 5.80553 4.15329 66
    endloop
  endfacet
  facet normal -0.645655 0.722016 0.24864
    outer loop
      vertex 83.3804 5.71456 263.318
      vertex 4.76832 3.36668 66
      vertex 3.98995 2.67064 66
    endloop
  endfacet
  facet normal -0.665906 0.700384 0.256965
    outer loop
      vertex 4.7873 3.38473 66
      vertex 83.3804 5.71456 263.318
      vertex 84.0237 6.32619 263.318
    endloop
  endfacet
  facet normal -0.665905 0.700386 0.256964
    outer loop
      vertex 83.3804 5.71456 263.318
      vertex 4.7873 3.38473 66
      vertex 4.76832 3.36668 66
    endloop
  endfacet
  facet normal -0.690494 0.672037 0.267552
    outer loop
      vertex 82.9096 5.20025 263.318
      vertex 3.97606 2.65546 66
      vertex 3.40396 2.06765 66
    endloop
  endfacet
  facet normal -0.709085 0.649167 0.275284
    outer loop
      vertex 3.98995 2.67064 66
      vertex 82.9096 5.20025 263.318
      vertex 83.3804 5.71456 263.318
    endloop
  endfacet
  facet normal -0.709089 0.649162 0.275286
    outer loop
      vertex 82.9096 5.20025 263.318
      vertex 3.98995 2.67064 66
      vertex 3.97606 2.65546 66
    endloop
  endfacet
  facet normal -0.744019 0.601792 0.290313
    outer loop
      vertex 82.5781 4.76385 263.318
      vertex 3.39418 2.05477 66
      vertex 2.98878 1.55356 66
    endloop
  endfacet
  facet normal -0.760368 0.577502 0.297207
    outer loop
      vertex 3.40396 2.06765 66
      vertex 82.5781 4.76385 263.318
      vertex 82.9096 5.20025 263.318
    endloop
  endfacet
  facet normal -0.760364 0.577508 0.297206
    outer loop
      vertex 82.5781 4.76385 263.318
      vertex 3.40396 2.06765 66
      vertex 3.39418 2.05477 66
    endloop
  endfacet
  facet normal -0.816234 0.480007 0.321488
    outer loop
      vertex 82.3592 4.36407 263.318
      vertex 2.98232 1.54177 66
      vertex 2.71051 1.07956 66
    endloop
  endfacet
  facet normal -0.828872 0.45396 0.326944
    outer loop
      vertex 2.98878 1.55356 66
      vertex 82.3592 4.36407 263.318
      vertex 82.5781 4.76385 263.318
    endloop
  endfacet
  facet normal -0.828874 0.453955 0.326945
    outer loop
      vertex 82.3592 4.36407 263.318
      vertex 2.98878 1.55356 66
      vertex 2.98232 1.54177 66
    endloop
  endfacet
  facet normal -0.879468 0.322886 0.349685
    outer loop
      vertex 82.2298 3.9755 263.318
      vertex 2.70669 1.0681 66
      vertex 2.54066 0.615861 66
    endloop
  endfacet
  facet normal -0.887603 0.29545 0.353368
    outer loop
      vertex 2.71051 1.07956 66
      vertex 82.2298 3.9755 263.318
      vertex 82.3592 4.36407 263.318
    endloop
  endfacet
  facet normal -0.887609 0.29543 0.353371
    outer loop
      vertex 82.2298 3.9755 263.318
      vertex 2.71051 1.07956 66
      vertex 2.70669 1.0681 66
    endloop
  endfacet
  facet normal -0.918095 0.146374 0.368344
    outer loop
      vertex 82.1812 3.59681 263.318
      vertex 2.53923 0.604686 66
      vertex 2.46852 0.161171 66
    endloop
  endfacet
  facet normal -0.921436 0.11818 0.37012
    outer loop
      vertex 2.54066 0.615861 66
      vertex 82.1812 3.59681 263.318
      vertex 82.2298 3.9755 263.318
    endloop
  endfacet
  facet normal -0.921437 0.118168 0.370121
    outer loop
      vertex 82.1812 3.59681 263.318
      vertex 2.54066 0.615861 66
      vertex 2.53923 0.604686 66
    endloop
  endfacet
  facet normal -0.924451 -0.0704473 0.374736
    outer loop
      vertex 2.50112 -0.262488 66
      vertex 82.2187 3.24644 263.318
      vertex 2.46962 0.150831 66
    endloop
  endfacet
  facet normal -0.922075 -0.0986837 0.374219
    outer loop
      vertex 2.46852 0.161171 66
      vertex 82.2187 3.24644 263.318
      vertex 82.1812 3.59681 263.318
    endloop
  endfacet
  facet normal -0.922076 -0.0986752 0.374219
    outer loop
      vertex 82.2187 3.24644 263.318
      vertex 2.46852 0.161171 66
      vertex 2.46962 0.150831 66
    endloop
  endfacet
  facet normal -0.861834 -0.362553 0.354681
    outer loop
      vertex 2.6604 -0.640316 66
      vertex 82.3601 2.93718 263.318
      vertex 2.50529 -0.271614 66
    endloop
  endfacet
  facet normal -0.851632 -0.389272 0.350986
    outer loop
      vertex 2.50112 -0.262488 66
      vertex 82.3601 2.93718 263.318
      vertex 82.2187 3.24644 263.318
    endloop
  endfacet
  facet normal -0.851628 -0.38928 0.350985
    outer loop
      vertex 82.3601 2.93718 263.318
      vertex 2.50112 -0.262488 66
      vertex 2.50529 -0.271614 66
    endloop
  endfacet
  facet normal -0.709788 -0.638129 0.298318
    outer loop
      vertex 2.96669 -0.980495 66
      vertex 82.6224 2.66277 263.318
      vertex 2.66814 -0.648414 66
    endloop
  endfacet
  facet normal -0.691534 -0.661 0.291305
    outer loop
      vertex 2.6604 -0.640316 66
      vertex 82.6224 2.66277 263.318
      vertex 82.3601 2.93718 263.318
    endloop
  endfacet
  facet normal -0.691535 -0.661 0.291305
    outer loop
      vertex 82.6224 2.66277 263.318
      vertex 2.6604 -0.640316 66
      vertex 2.66814 -0.648414 66
    endloop
  endfacet
  facet normal -0.558177 -0.794233 0.240066
    outer loop
      vertex 3.4407 -1.31309 66
      vertex 83.0235 2.39878 263.318
      vertex 2.97853 -0.988285 66
    endloop
  endfacet
  facet normal -0.534879 -0.812758 0.230933
    outer loop
      vertex 2.97853 -0.988285 66
      vertex 82.6224 2.66277 263.318
      vertex 2.96669 -0.980495 66
    endloop
  endfacet
  facet normal -0.534877 -0.812759 0.230932
    outer loop
      vertex 82.6224 2.66277 263.318
      vertex 2.97853 -0.988285 66
      vertex 83.0235 2.39878 263.318
    endloop
  endfacet
  facet normal -0.472157 -0.856952 0.206645
    outer loop
      vertex 4.11074 -1.68162 66
      vertex 83.5881 2.10986 263.318
      vertex 3.45736 -1.32162 66
    endloop
  endfacet
  facet normal -0.446712 -0.872813 0.196588
    outer loop
      vertex 3.45736 -1.32162 66
      vertex 83.0235 2.39878 263.318
      vertex 3.4407 -1.31309 66
    endloop
  endfacet
  facet normal -0.446711 -0.872813 0.196587
    outer loop
      vertex 83.0235 2.39878 263.318
      vertex 3.45736 -1.32162 66
      vertex 83.5881 2.10986 263.318
    endloop
  endfacet
  facet normal -0.423303 -0.886341 0.187655
    outer loop
      vertex 5.01378 -2.11206 66
      vertex 84.3472 1.77536 263.318
      vertex 4.13314 -1.69149 66
    endloop
  endfacet
  facet normal -0.396824 -0.90064 0.177141
    outer loop
      vertex 4.13314 -1.69149 66
      vertex 83.5881 2.10986 263.318
      vertex 4.11074 -1.68162 66
    endloop
  endfacet
  facet normal -0.396823 -0.90064 0.177141
    outer loop
      vertex 83.5881 2.10986 263.318
      vertex 4.13314 -1.69149 66
      vertex 84.3472 1.77536 263.318
    endloop
  endfacet
  facet normal -0.365923 -0.915844 0.165319
    outer loop
      vertex 6.16864 -2.57248 66
      vertex 85.3159 1.42224 263.318
      vertex 5.04236 -2.12248 66
    endloop
  endfacet
  facet normal -0.338396 -0.92826 0.154343
    outer loop
      vertex 5.04236 -2.12248 66
      vertex 84.3472 1.77536 263.318
      vertex 5.01378 -2.11206 66
    endloop
  endfacet
  facet normal -0.338392 -0.928261 0.154342
    outer loop
      vertex 84.3472 1.77536 263.318
      vertex 5.04236 -2.12248 66
      vertex 85.3159 1.42224 263.318
    endloop
  endfacet
  facet normal -0.310815 -0.939517 0.143884
    outer loop
      vertex 7.6374 -3.05717 66
      vertex 86.5454 1.05675 263.318
      vertex 6.20492 -2.58327 66
    endloop
  endfacet
  facet normal -0.282433 -0.950089 0.132523
    outer loop
      vertex 6.20492 -2.58327 66
      vertex 85.3159 1.42224 263.318
      vertex 6.16864 -2.57248 66
    endloop
  endfacet
  facet normal -0.282432 -0.95009 0.132522
    outer loop
      vertex 85.3159 1.42224 263.318
      vertex 6.20492 -2.58327 66
      vertex 86.5454 1.05675 263.318
    endloop
  endfacet
  facet normal -0.260718 -0.957355 0.124485
    outer loop
      vertex 9.69285 -3.61528 66
      vertex 88.263 0.644901 263.318
      vertex 7.68809 -3.06932 66
    endloop
  endfacet
  facet normal -0.231684 -0.96623 0.112796
    outer loop
      vertex 7.68809 -3.06932 66
      vertex 86.5454 1.05675 263.318
      vertex 7.6374 -3.05717 66
    endloop
  endfacet
  facet normal -0.231686 -0.966229 0.112797
    outer loop
      vertex 86.5454 1.05675 263.318
      vertex 7.68809 -3.06932 66
      vertex 88.263 0.644901 263.318
    endloop
  endfacet
  facet normal -0.216111 -0.970448 0.107362
    outer loop
      vertex 12.5031 -4.2389 66
      vertex 90.6078 0.197404 263.318
      vertex 9.76205 -3.62849 66
    endloop
  endfacet
  facet normal -0.1866 -0.977792 0.0954134
    outer loop
      vertex 9.76205 -3.62849 66
      vertex 88.263 0.644901 263.318
      vertex 9.69285 -3.61528 66
    endloop
  endfacet
  facet normal -0.186602 -0.977791 0.095414
    outer loop
      vertex 88.263 0.644901 263.318
      vertex 9.76205 -3.62849 66
      vertex 90.6078 0.197404 263.318
    endloop
  endfacet
  facet normal -0.175437 -0.980194 0.091876
    outer loop
      vertex 15.6361 -4.79724 66
      vertex 93.2187 -0.188013 263.318
      vertex 12.5801 -4.25027 66
    endloop
  endfacet
  facet normal -0.145569 -0.986125 0.0797919
    outer loop
      vertex 12.5801 -4.25027 66
      vertex 90.6078 0.197404 263.318
      vertex 12.5031 -4.2389 66
    endloop
  endfacet
  facet normal -0.145573 -0.986124 0.0797936
    outer loop
      vertex 90.6078 0.197404 263.318
      vertex 12.5801 -4.25027 66
      vertex 93.2187 -0.188013 263.318
    endloop
  endfacet
  facet normal -0.140451 -0.986955 0.0786988
    outer loop
      vertex 18.9941 -5.27254 66
      vertex 96.014 -0.499043 263.318
      vertex 15.7186 -4.80642 66
    endloop
  endfacet
  facet normal -0.110343 -0.991663 0.06655
    outer loop
      vertex 15.7186 -4.80642 66
      vertex 93.2187 -0.188013 263.318
      vertex 15.6361 -4.79724 66
    endloop
  endfacet
  facet normal -0.110342 -0.991663 0.0665496
    outer loop
      vertex 93.2187 -0.188013 263.318
      vertex 15.7186 -4.80642 66
      vertex 96.014 -0.499043 263.318
    endloop
  endfacet
  facet normal -0.109482 -0.991717 0.0671689
    outer loop
      vertex 22.5375 -5.66103 66
      vertex 98.9607 -0.733531 263.318
      vertex 19.0811 -5.27946 66
    endloop
  endfacet
  facet normal -0.0791991 -0.995341 0.0549932
    outer loop
      vertex 19.0811 -5.27946 66
      vertex 96.014 -0.499043 263.318
      vertex 18.9941 -5.27254 66
    endloop
  endfacet
  facet normal -0.0792044 -0.99534 0.0549953
    outer loop
      vertex 96.014 -0.499043 263.318
      vertex 19.0811 -5.27946 66
      vertex 98.9607 -0.733531 263.318
    endloop
  endfacet
  facet normal -0.0831521 -0.994876 0.0575032
    outer loop
      vertex 26.169 -5.96182 66
      vertex 101.978 -0.893144 263.318
      vertex 22.6265 -5.66574 66
    endloop
  endfacet
  facet normal -0.0527632 -0.997577 0.0453476
    outer loop
      vertex 22.6265 -5.66574 66
      vertex 98.9607 -0.733531 263.318
      vertex 22.5375 -5.66103 66
    endloop
  endfacet
  facet normal -0.0527641 -0.997577 0.0453479
    outer loop
      vertex 98.9607 -0.733531 263.318
      vertex 22.6265 -5.66574 66
      vertex 101.978 -0.893144 263.318
    endloop
  endfacet
  facet normal -0.0615894 -0.996862 0.0497321
    outer loop
      vertex 29.8777 -6.18818 66
      vertex 105.058 -0.989146 263.318
      vertex 26.2599 -5.96466 66
    endloop
  endfacet
  facet normal -0.0311322 -0.998807 0.0376182
    outer loop
      vertex 26.2599 -5.96466 66
      vertex 101.978 -0.893144 263.318
      vertex 26.169 -5.96182 66
    endloop
  endfacet
  facet normal -0.0311344 -0.998807 0.037619
    outer loop
      vertex 101.978 -0.893144 263.318
      vertex 26.2599 -5.96466 66
      vertex 105.058 -0.989146 263.318
    endloop
  endfacet
  facet normal -0.0443182 -0.998063 0.0436541
    outer loop
      vertex 33.6587 -6.35324 66
      vertex 108.196 -1.03256 263.318
      vertex 29.9703 -6.18946 66
    endloop
  endfacet
  facet normal -0.0138212 -0.999405 0.0315988
    outer loop
      vertex 29.9703 -6.18946 66
      vertex 105.058 -0.989146 263.318
      vertex 29.8777 -6.18818 66
    endloop
  endfacet
  facet normal -0.0138243 -0.999405 0.0316
    outer loop
      vertex 105.058 -0.989146 263.318
      vertex 29.9703 -6.18946 66
      vertex 108.196 -1.03256 263.318
    endloop
  endfacet
  facet normal -0.0300196 -0.998798 0.0387489
    outer loop
      vertex 37.4841 -6.46535 66
      vertex 111.37 -1.03098 263.318
      vertex 33.7524 -6.35319 66
    endloop
  endfacet
  facet normal 0.000498762 -0.999642 0.0267669
    outer loop
      vertex 33.7524 -6.35319 66
      vertex 108.196 -1.03256 263.318
      vertex 33.6587 -6.35324 66
    endloop
  endfacet
  facet normal 0.000496233 -0.999642 0.0267679
    outer loop
      vertex 108.196 -1.03256 263.318
      vertex 33.7524 -6.35319 66
      vertex 111.37 -1.03098 263.318
    endloop
  endfacet
  facet normal -0.0178111 -0.99924 0.0346697
    outer loop
      vertex 41.3403 -6.53121 66
      vertex 114.568 -0.990297 263.318
      vertex 37.5785 -6.46415 66
    endloop
  endfacet
  facet normal 0.012718 -0.99966 0.0227695
    outer loop
      vertex 37.5785 -6.46415 66
      vertex 111.37 -1.03098 263.318
      vertex 37.4841 -6.46535 66
    endloop
  endfacet
  facet normal 0.0127169 -0.99966 0.0227699
    outer loop
      vertex 111.37 -1.03098 263.318
      vertex 37.5785 -6.46415 66
      vertex 114.568 -0.990297 263.318
    endloop
  endfacet
  facet normal -0.0076227 -0.999478 0.0313796
    outer loop
      vertex 45.2295 -6.55796 66
      vertex 117.793 -0.916389 263.318
      vertex 41.4354 -6.52902 66
    endloop
  endfacet
  facet normal 0.02291 -0.999546 0.019566
    outer loop
      vertex 41.4354 -6.52902 66
      vertex 114.568 -0.990297 263.318
      vertex 41.3403 -6.53121 66
    endloop
  endfacet
  facet normal 0.0229105 -0.999546 0.0195659
    outer loop
      vertex 114.568 -0.990297 263.318
      vertex 41.4354 -6.52902 66
      vertex 117.793 -0.916389 263.318
    endloop
  endfacet
  facet normal 0.000627383 -0.999584 0.0288365
    outer loop
      vertex 49.1475 -6.55257 66
      vertex 121.04 -0.815125 263.318
      vertex 45.3253 -6.55497 66
    endloop
  endfacet
  facet normal 0.0311606 -0.999368 0.0171139
    outer loop
      vertex 45.3253 -6.55497 66
      vertex 117.793 -0.916389 263.318
      vertex 45.2295 -6.55796 66
    endloop
  endfacet
  facet normal 0.0311611 -0.999368 0.0171137
    outer loop
      vertex 117.793 -0.916389 263.318
      vertex 45.3253 -6.55497 66
      vertex 121.04 -0.815125 263.318
    endloop
  endfacet
  facet normal 0.0380987 -0.999188 0.0131195
    outer loop
      vertex 124.302 -0.690775 263.318
      vertex 122.05 -0.741412 266
      vertex 121.04 -0.815125 263.318
    endloop
  endfacet
  facet normal 0.0380987 -0.999188 0.0131195
    outer loop
      vertex 122.05 -0.741412 266
      vertex 124.302 -0.690775 263.318
      vertex 125.268 -0.618701 266
    endloop
  endfacet
  facet normal 0.068602 -0.997643 0.00159224
    outer loop
      vertex 122.05 -0.741412 266
      vertex 122.016 -0.743738 266
      vertex 121.04 -0.815125 263.318
    endloop
  endfacet
  facet normal 0.0442739 -0.998956 0.0112745
    outer loop
      vertex 127.57 -0.545912 263.318
      vertex 125.302 -0.616159 266
      vertex 124.302 -0.690775 263.318
    endloop
  endfacet
  facet normal 0.0442738 -0.998956 0.0112744
    outer loop
      vertex 125.302 -0.616159 266
      vertex 127.57 -0.545912 263.318
      vertex 128.528 -0.473207 266
    endloop
  endfacet
  facet normal 0.0747666 -0.997201 -0.000151617
    outer loop
      vertex 125.302 -0.616159 266
      vertex 125.268 -0.618701 266
      vertex 124.302 -0.690775 263.318
    endloop
  endfacet
  facet normal 0.049747 -0.998715 0.00970194
    outer loop
      vertex 130.846 -0.382743 263.318
      vertex 128.562 -0.470472 266
      vertex 127.57 -0.545912 263.318
    endloop
  endfacet
  facet normal 0.0497471 -0.998715 0.00970201
    outer loop
      vertex 128.562 -0.470472 266
      vertex 130.846 -0.382743 263.318
      vertex 131.794 -0.309456 266
    endloop
  endfacet
  facet normal 0.0802474 -0.996774 -0.00162883
    outer loop
      vertex 128.562 -0.470472 266
      vertex 128.528 -0.473207 266
      vertex 127.57 -0.545912 263.318
    endloop
  endfacet
  facet normal 0.0545589 -0.998475 0.00838315
    outer loop
      vertex 134.13 -0.203307 263.318
      vertex 131.828 -0.30655 266
      vertex 130.846 -0.382743 263.318
    endloop
  endfacet
  facet normal 0.0545587 -0.998475 0.008383
    outer loop
      vertex 131.828 -0.30655 266
      vertex 134.13 -0.203307 263.318
      vertex 135.069 -0.129481 266
    endloop
  endfacet
  facet normal 0.0850192 -0.996375 -0.00283386
    outer loop
      vertex 131.828 -0.30655 266
      vertex 131.794 -0.309456 266
      vertex 130.846 -0.382743 263.318
    endloop
  endfacet
  facet normal 0.0587318 -0.998247 0.00730584
    outer loop
      vertex 137.422 -0.00961304 263.318
      vertex 135.103 -0.126424 266
      vertex 134.13 -0.203307 263.318
    endloop
  endfacet
  facet normal 0.0587319 -0.998247 0.00730587
    outer loop
      vertex 135.103 -0.126424 266
      vertex 137.422 -0.00961304 263.318
      vertex 138.352 0.0647153 266
    endloop
  endfacet
  facet normal 0.0891967 -0.996007 -0.00381325
    outer loop
      vertex 135.103 -0.126424 266
      vertex 135.069 -0.129481 266
      vertex 134.13 -0.203307 263.318
    endloop
  endfacet
  facet normal 0.0623192 -0.998035 0.00644758
    outer loop
      vertex 140.722 0.196427 263.318
      vertex 138.386 0.0679027 266
      vertex 137.422 -0.00961304 263.318
    endloop
  endfacet
  facet normal 0.0623194 -0.998035 0.00644773
    outer loop
      vertex 138.386 0.0679027 266
      vertex 140.722 0.196427 263.318
      vertex 141.642 0.271225 266
    endloop
  endfacet
  facet normal 0.0927705 -0.995677 -0.00456587
    outer loop
      vertex 138.386 0.0679027 266
      vertex 138.352 0.0647153 266
      vertex 137.422 -0.00961304 263.318
    endloop
  endfacet
  facet normal 0.0653263 -0.997847 0.00580248
    outer loop
      vertex 144.027 0.412839 263.318
      vertex 141.676 0.274522 266
      vertex 140.722 0.196427 263.318
    endloop
  endfacet
  facet normal 0.0653261 -0.997847 0.00580234
    outer loop
      vertex 141.676 0.274522 266
      vertex 144.027 0.412839 263.318
      vertex 144.938 0.48808 266
    endloop
  endfacet
  facet normal 0.0957624 -0.995391 -0.00510374
    outer loop
      vertex 141.676 0.274522 266
      vertex 141.642 0.271225 266
      vertex 140.722 0.196427 263.318
    endloop
  endfacet
  facet normal 0.0678906 -0.997679 0.00531904
    outer loop
      vertex 147.337 0.638046 263.318
      vertex 144.973 0.491469 266
      vertex 144.027 0.412839 263.318
    endloop
  endfacet
  facet normal 0.0678906 -0.997679 0.00531907
    outer loop
      vertex 144.973 0.491469 266
      vertex 147.337 0.638046 263.318
      vertex 148.239 0.713706 266
    endloop
  endfacet
  facet normal 0.0983391 -0.995138 -0.00548909
    outer loop
      vertex 144.973 0.491469 266
      vertex 144.938 0.48808 266
      vertex 144.027 0.412839 263.318
    endloop
  endfacet
  facet normal 0.0701795 -0.997522 0.00493764
    outer loop
      vertex 150.649 0.871088 263.318
      vertex 148.273 0.717178 266
      vertex 147.337 0.638046 263.318
    endloop
  endfacet
  facet normal 0.0701797 -0.997522 0.00493782
    outer loop
      vertex 148.273 0.717178 266
      vertex 150.649 0.871088 263.318
      vertex 151.542 0.947146 266
    endloop
  endfacet
  facet normal 0.100569 -0.994913 -0.00574681
    outer loop
      vertex 148.273 0.717178 266
      vertex 148.239 0.713706 266
      vertex 147.337 0.638046 263.318
    endloop
  endfacet
  facet normal 0.0721874 -0.99738 0.00465934
    outer loop
      vertex 153.965 1.11109 263.318
      vertex 151.576 0.950691 266
      vertex 150.649 0.871088 263.318
    endloop
  endfacet
  facet normal 0.0721872 -0.99738 0.00465919
    outer loop
      vertex 151.576 0.950691 266
      vertex 153.965 1.11109 263.318
      vertex 154.848 1.18753 266
    endloop
  endfacet
  facet normal 0.102629 -0.994702 -0.0059397
    outer loop
      vertex 151.576 0.950691 266
      vertex 151.542 0.947146 266
      vertex 150.649 0.871088 263.318
    endloop
  endfacet
  facet normal 0.0738564 -0.997259 0.00450049
    outer loop
      vertex 157.286 1.35704 263.318
      vertex 154.883 1.19114 266
      vertex 153.965 1.11109 263.318
    endloop
  endfacet
  facet normal 0.0738562 -0.997259 0.00450025
    outer loop
      vertex 154.883 1.19114 266
      vertex 157.286 1.35704 263.318
      vertex 158.16 1.43384 266
    endloop
  endfacet
  facet normal 0.104307 -0.994527 -0.00599798
    outer loop
      vertex 154.883 1.19114 266
      vertex 154.848 1.18753 266
      vertex 153.965 1.11109 263.318
    endloop
  endfacet
  facet normal 0.075139 -0.997163 0.00447451
    outer loop
      vertex 160.612 1.60762 263.318
      vertex 158.194 1.4375 266
      vertex 157.286 1.35704 263.318
    endloop
  endfacet
  facet normal 0.0751388 -0.997163 0.00447432
    outer loop
      vertex 158.194 1.4375 266
      vertex 160.612 1.60762 263.318
      vertex 161.476 1.68477 266
    endloop
  endfacet
  facet normal 0.105583 -0.994393 -0.005917
    outer loop
      vertex 158.194 1.4375 266
      vertex 158.16 1.43384 266
      vertex 157.286 1.35704 263.318
    endloop
  endfacet
  facet normal 0.0761162 -0.997089 0.00455234
    outer loop
      vertex 163.94 1.86168 263.318
      vertex 161.51 1.68847 266
      vertex 160.612 1.60762 263.318
    endloop
  endfacet
  facet normal 0.0761162 -0.997089 0.00455237
    outer loop
      vertex 161.51 1.68847 266
      vertex 163.94 1.86168 263.318
      vertex 164.795 1.93918 266
    endloop
  endfacet
  facet normal 0.106544 -0.994291 -0.00572873
    outer loop
      vertex 161.51 1.68847 266
      vertex 161.476 1.68477 266
      vertex 160.612 1.60762 263.318
    endloop
  endfacet
  facet normal 0.0769835 -0.997021 0.004669
    outer loop
      vertex 167.269 2.11871 263.318
      vertex 164.829 1.9429 266
      vertex 163.94 1.86168 263.318
    endloop
  endfacet
  facet normal 0.0769832 -0.997021 0.00466878
    outer loop
      vertex 164.829 1.9429 266
      vertex 167.269 2.11871 263.318
      vertex 168.114 2.19654 266
    endloop
  endfacet
  facet normal 0.107384 -0.994202 -0.00549741
    outer loop
      vertex 164.829 1.9429 266
      vertex 164.795 1.93918 266
      vertex 163.94 1.86168 263.318
    endloop
  endfacet
  facet normal 0.0777358 -0.996962 0.00482548
    outer loop
      vertex 170.599 2.37838 263.318
      vertex 168.148 2.2003 266
      vertex 167.269 2.11871 263.318
    endloop
  endfacet
  facet normal 0.0777359 -0.996962 0.00482554
    outer loop
      vertex 168.148 2.2003 266
      vertex 170.599 2.37838 263.318
      vertex 171.435 2.45654 266
    endloop
  endfacet
  facet normal 0.108182 -0.994117 -0.00525054
    outer loop
      vertex 168.148 2.2003 266
      vertex 168.114 2.19654 266
      vertex 167.269 2.11871 263.318
    endloop
  endfacet
  facet normal 0.0786469 -0.996855 0.0096893
    outer loop
      vertex 205.536 5.13474 263.318
      vertex 171.884 2.50588 266
      vertex 170.599 2.37838 263.318
    endloop
  endfacet
  facet normal 0.0786469 -0.996855 0.00968905
    outer loop
      vertex 171.884 2.50588 266
      vertex 205.536 5.13474 263.318
      vertex 206.272 5.2189 266
    endloop
  endfacet
  facet normal 0.109058 -0.994023 -0.00502378
    outer loop
      vertex 171.884 2.50588 266
      vertex 171.435 2.45654 266
      vertex 170.599 2.37838 263.318
    endloop
  endfacet
  facet normal 0.10762 0.992755 -0.0534381
    outer loop
      vertex 205.35 11.1531 263.318
      vertex 206.065 11.22 266
      vertex 206.087 11.2176 266
    endloop
  endfacet
  facet normal 0.107555 0.992763 -0.0534211
    outer loop
      vertex 206.065 11.22 266
      vertex 205.35 11.1531 263.318
      vertex 205.329 11.1554 263.318
    endloop
  endfacet
  facet normal 0.109336 0.992563 -0.0535105
    outer loop
      vertex 205.329 11.1554 263.318
      vertex 202.758 11.5832 266
      vertex 206.03 11.2227 266
    endloop
  endfacet
  facet normal 0.109336 0.992563 -0.0535105
    outer loop
      vertex 202.758 11.5832 266
      vertex 205.329 11.1554 263.318
      vertex 202.013 11.5207 263.318
    endloop
  endfacet
  facet normal 0.0789939 0.995829 -0.0456579
    outer loop
      vertex 206.03 11.2227 266
      vertex 206.065 11.22 266
      vertex 205.329 11.1554 263.318
    endloop
  endfacet
  facet normal 0.10999 0.992524 -0.0529019
    outer loop
      vertex 202.013 11.5207 263.318
      vertex 196.136 12.3149 266
      vertex 202.688 11.5888 266
    endloop
  endfacet
  facet normal 0.10999 0.992524 -0.0529016
    outer loop
      vertex 196.136 12.3149 266
      vertex 202.013 11.5207 263.318
      vertex 195.373 12.2565 263.318
    endloop
  endfacet
  facet normal 0.0796659 0.99579 -0.0453429
    outer loop
      vertex 202.688 11.5888 266
      vertex 202.758 11.5832 266
      vertex 202.013 11.5207 263.318
    endloop
  endfacet
  facet normal 0.108368 0.992747 -0.0520523
    outer loop
      vertex 195.373 12.2565 263.318
      vertex 192.844 12.6732 266
      vertex 196.102 12.3176 266
    endloop
  endfacet
  facet normal 0.108368 0.992747 -0.0520519
    outer loop
      vertex 192.844 12.6732 266
      vertex 195.373 12.2565 263.318
      vertex 192.071 12.617 263.318
    endloop
  endfacet
  facet normal 0.078039 0.995984 -0.0438816
    outer loop
      vertex 196.102 12.3176 266
      vertex 196.136 12.3149 266
      vertex 195.373 12.2565 263.318
    endloop
  endfacet
  facet normal 0.10572 0.993092 -0.0509055
    outer loop
      vertex 192.071 12.617 263.318
      vertex 189.565 13.0213 266
      vertex 192.809 12.6758 266
    endloop
  endfacet
  facet normal 0.10572 0.993092 -0.0509056
    outer loop
      vertex 189.565 13.0213 266
      vertex 192.071 12.617 263.318
      vertex 188.783 12.967 263.318
    endloop
  endfacet
  facet normal 0.0753781 0.996244 -0.0426218
    outer loop
      vertex 192.809 12.6758 266
      vertex 192.844 12.6732 266
      vertex 192.071 12.617 263.318
    endloop
  endfacet
  facet normal 0.10224 0.993527 -0.0495105
    outer loop
      vertex 188.783 12.967 263.318
      vertex 186.295 13.3567 266
      vertex 189.53 13.0237 266
    endloop
  endfacet
  facet normal 0.10224 0.993527 -0.0495105
    outer loop
      vertex 186.295 13.3567 266
      vertex 188.783 12.967 263.318
      vertex 185.504 13.3044 263.318
    endloop
  endfacet
  facet normal 0.0718827 0.996565 -0.0411134
    outer loop
      vertex 189.53 13.0237 266
      vertex 189.565 13.0213 266
      vertex 188.783 12.967 263.318
    endloop
  endfacet
  facet normal 0.0980215 0.994031 -0.0478879
    outer loop
      vertex 185.504 13.3044 263.318
      vertex 183.032 13.6774 266
      vertex 186.261 13.359 266
    endloop
  endfacet
  facet normal 0.0980215 0.994031 -0.0478879
    outer loop
      vertex 183.032 13.6774 266
      vertex 185.504 13.3044 263.318
      vertex 182.232 13.627 263.318
    endloop
  endfacet
  facet normal 0.0676355 0.996933 -0.0393738
    outer loop
      vertex 186.261 13.359 266
      vertex 186.295 13.3567 266
      vertex 185.504 13.3044 263.318
    endloop
  endfacet
  facet normal 0.0931427 0.994587 -0.0460557
    outer loop
      vertex 182.232 13.627 263.318
      vertex 179.776 13.9812 266
      vertex 182.998 13.6795 266
    endloop
  endfacet
  facet normal 0.0931425 0.994587 -0.046056
    outer loop
      vertex 179.776 13.9812 266
      vertex 182.232 13.627 263.318
      vertex 178.967 13.9328 263.318
    endloop
  endfacet
  facet normal 0.0627524 0.997327 -0.0374314
    outer loop
      vertex 182.998 13.6795 266
      vertex 183.032 13.6774 266
      vertex 182.232 13.627 263.318
    endloop
  endfacet
  facet normal 0.0876739 0.995176 -0.04403
    outer loop
      vertex 178.967 13.9328 263.318
      vertex 176.526 14.2665 266
      vertex 179.742 13.9832 266
    endloop
  endfacet
  facet normal 0.087674 0.995176 -0.0440299
    outer loop
      vertex 176.526 14.2665 266
      vertex 178.967 13.9328 263.318
      vertex 175.708 14.2199 263.318
    endloop
  endfacet
  facet normal 0.0572298 0.997737 -0.0352812
    outer loop
      vertex 179.742 13.9832 266
      vertex 179.776 13.9812 266
      vertex 178.967 13.9328 263.318
    endloop
  endfacet
  facet normal 0.0816861 0.99578 -0.0418282
    outer loop
      vertex 175.708 14.2199 263.318
      vertex 173.28 14.5318 266
      vertex 176.492 14.2683 266
    endloop
  endfacet
  facet normal 0.081686 0.99578 -0.0418283
    outer loop
      vertex 173.28 14.5318 266
      vertex 175.708 14.2199 263.318
      vertex 172.453 14.487 263.318
    endloop
  endfacet
  facet normal 0.0512609 0.998141 -0.0329762
    outer loop
      vertex 176.492 14.2683 266
      vertex 176.526 14.2665 266
      vertex 175.708 14.2199 263.318
    endloop
  endfacet
  facet normal 0.0753753 0.996372 -0.0395064
    outer loop
      vertex 172.453 14.487 263.318
      vertex 170.036 14.7761 266
      vertex 173.246 14.5333 266
    endloop
  endfacet
  facet normal 0.0753754 0.996372 -0.0395063
    outer loop
      vertex 170.036 14.7761 266
      vertex 172.453 14.487 263.318
      vertex 169.2 14.733 263.318
    endloop
  endfacet
  facet normal 0.0449223 0.998524 -0.030538
    outer loop
      vertex 173.246 14.5333 266
      vertex 173.28 14.5318 266
      vertex 172.453 14.487 263.318
    endloop
  endfacet
  facet normal 0.0688293 0.996939 -0.0370898
    outer loop
      vertex 169.2 14.733 263.318
      vertex 166.793 14.999 266
      vertex 170.002 14.7774 266
    endloop
  endfacet
  facet normal 0.0688296 0.996939 -0.0370896
    outer loop
      vertex 166.793 14.999 266
      vertex 169.2 14.733 263.318
      vertex 165.948 14.9576 263.318
    endloop
  endfacet
  facet normal 0.0383921 0.99887 -0.0280179
    outer loop
      vertex 170.002 14.7774 266
      vertex 170.036 14.7761 266
      vertex 169.2 14.733 263.318
    endloop
  endfacet
  facet normal 0.0620829 0.997472 -0.0345868
    outer loop
      vertex 165.948 14.9576 263.318
      vertex 163.551 15.1998 266
      vertex 166.759 15.0001 266
    endloop
  endfacet
  facet normal 0.062083 0.997472 -0.0345867
    outer loop
      vertex 163.551 15.1998 266
      vertex 165.948 14.9576 263.318
      vertex 162.697 15.1599 263.318
    endloop
  endfacet
  facet normal 0.0316046 0.999178 -0.0253947
    outer loop
      vertex 166.759 15.0001 266
      vertex 166.793 14.999 266
      vertex 165.948 14.9576 263.318
    endloop
  endfacet
  facet normal 0.0551767 0.997963 -0.0320094
    outer loop
      vertex 162.697 15.1599 263.318
      vertex 160.309 15.378 266
      vertex 163.517 15.2006 266
    endloop
  endfacet
  facet normal 0.0551768 0.997963 -0.0320093
    outer loop
      vertex 160.309 15.378 266
      vertex 162.697 15.1599 263.318
      vertex 159.446 15.3397 263.318
    endloop
  endfacet
  facet normal 0.0246816 0.999437 -0.0227046
    outer loop
      vertex 163.517 15.2006 266
      vertex 163.551 15.1998 266
      vertex 162.697 15.1599 263.318
    endloop
  endfacet
  facet normal 0.0481409 0.998409 -0.0293665
    outer loop
      vertex 159.446 15.3397 263.318
      vertex 157.068 15.5332 266
      vertex 160.275 15.3786 266
    endloop
  endfacet
  facet normal 0.0481409 0.998409 -0.0293665
    outer loop
      vertex 157.068 15.5332 266
      vertex 159.446 15.3397 263.318
      vertex 156.196 15.4964 263.318
    endloop
  endfacet
  facet normal 0.0176494 0.999645 -0.0199554
    outer loop
      vertex 160.275 15.3786 266
      vertex 160.309 15.378 266
      vertex 159.446 15.3397 263.318
    endloop
  endfacet
  facet normal 0.0408665 0.99881 -0.0266217
    outer loop
      vertex 156.196 15.4964 263.318
      vertex 153.829 15.6647 266
      vertex 157.034 15.5336 266
    endloop
  endfacet
  facet normal 0.0408664 0.99881 -0.0266218
    outer loop
      vertex 153.829 15.6647 266
      vertex 156.196 15.4964 263.318
      vertex 152.948 15.6293 263.318
    endloop
  endfacet
  facet normal 0.0103581 0.9998 -0.0170977
    outer loop
      vertex 157.034 15.5336 266
      vertex 157.068 15.5332 266
      vertex 156.196 15.4964 263.318
    endloop
  endfacet
  facet normal 0.0333227 0.999162 -0.0237635
    outer loop
      vertex 152.948 15.6293 263.318
      vertex 150.594 15.7716 266
      vertex 153.795 15.6648 266
    endloop
  endfacet
  facet normal 0.0333229 0.999162 -0.0237633
    outer loop
      vertex 150.594 15.7716 266
      vertex 152.948 15.6293 263.318
      vertex 149.703 15.7375 263.318
    endloop
  endfacet
  facet normal 0.00279822 0.999896 -0.0141268
    outer loop
      vertex 153.795 15.6648 266
      vertex 153.829 15.6647 266
      vertex 152.948 15.6293 263.318
    endloop
  endfacet
  facet normal 0.0254531 0.99946 -0.0207713
    outer loop
      vertex 149.703 15.7375 263.318
      vertex 147.363 15.8528 266
      vertex 150.56 15.7714 266
    endloop
  endfacet
  facet normal 0.025453 0.99946 -0.0207714
    outer loop
      vertex 147.363 15.8528 266
      vertex 149.703 15.7375 263.318
      vertex 146.464 15.82 263.318
    endloop
  endfacet
  facet normal -0.00506872 0.999926 -0.0110279
    outer loop
      vertex 150.56 15.7714 266
      vertex 150.594 15.7716 266
      vertex 149.703 15.7375 263.318
    endloop
  endfacet
  facet normal 0.0171196 0.999699 -0.0175965
    outer loop
      vertex 146.464 15.82 263.318
      vertex 144.138 15.907 266
      vertex 147.329 15.8524 266
    endloop
  endfacet
  facet normal 0.0171196 0.999699 -0.0175965
    outer loop
      vertex 144.138 15.907 266
      vertex 146.464 15.82 263.318
      vertex 143.23 15.8754 263.318
    endloop
  endfacet
  facet normal -0.013446 0.99988 -0.00773145
    outer loop
      vertex 147.329 15.8524 266
      vertex 147.363 15.8528 266
      vertex 146.464 15.82 263.318
    endloop
  endfacet
  facet normal 0.00832276 0.999864 -0.0142369
    outer loop
      vertex 143.23 15.8754 263.318
      vertex 140.919 15.9328 266
      vertex 144.104 15.9063 266
    endloop
  endfacet
  facet normal 0.00832281 0.999864 -0.0142369
    outer loop
      vertex 140.919 15.9328 266
      vertex 143.23 15.8754 263.318
      vertex 140.001 15.9022 263.318
    endloop
  endfacet
  facet normal -0.022202 0.999744 -0.00427776
    outer loop
      vertex 144.104 15.9063 266
      vertex 144.138 15.907 266
      vertex 143.23 15.8754 263.318
    endloop
  endfacet
  facet normal -0.000955707 0.999942 -0.0106822
    outer loop
      vertex 140.001 15.9022 263.318
      vertex 137.705 15.9287 266
      vertex 140.885 15.9317 266
    endloop
  endfacet
  facet normal -0.000955829 0.999942 -0.0106823
    outer loop
      vertex 137.705 15.9287 266
      vertex 140.001 15.9022 263.318
      vertex 136.779 15.8992 263.318
    endloop
  endfacet
  facet normal -0.0314907 0.999504 -0.000612354
    outer loop
      vertex 140.885 15.9317 266
      vertex 140.919 15.9328 266
      vertex 140.001 15.9022 263.318
    endloop
  endfacet
  facet normal -0.0107294 0.999918 -0.00692491
    outer loop
      vertex 136.779 15.8992 263.318
      vertex 134.5 15.8933 266
      vertex 137.672 15.9273 266
    endloop
  endfacet
  facet normal -0.0107297 0.999918 -0.00692514
    outer loop
      vertex 134.5 15.8933 266
      vertex 136.779 15.8992 263.318
      vertex 133.564 15.8647 263.318
    endloop
  endfacet
  facet normal -0.0412883 0.999142 0.00326007
    outer loop
      vertex 137.672 15.9273 266
      vertex 137.705 15.9287 266
      vertex 136.779 15.8992 263.318
    endloop
  endfacet
  facet normal -0.0212277 0.999771 -0.00288247
    outer loop
      vertex 133.564 15.8647 263.318
      vertex 131.308 15.8245 266
      vertex 134.467 15.8916 266
    endloop
  endfacet
  facet normal -0.0212277 0.999771 -0.00288247
    outer loop
      vertex 131.308 15.8245 266
      vertex 133.564 15.8647 263.318
      vertex 130.363 15.7967 263.318
    endloop
  endfacet
  facet normal -0.0517542 0.998632 0.0073994
    outer loop
      vertex 134.467 15.8916 266
      vertex 134.5 15.8933 266
      vertex 133.564 15.8647 263.318
    endloop
  endfacet
  facet normal -0.0328445 0.999459 0.00158921
    outer loop
      vertex 130.363 15.7967 263.318
      vertex 128.132 15.7191 266
      vertex 131.275 15.8224 266
    endloop
  endfacet
  facet normal -0.0328447 0.999459 0.00158909
    outer loop
      vertex 128.132 15.7191 266
      vertex 130.363 15.7967 263.318
      vertex 127.179 15.692 263.318
    endloop
  endfacet
  facet normal -0.063349 0.99792 0.0119713
    outer loop
      vertex 131.275 15.8224 266
      vertex 131.308 15.8245 266
      vertex 130.363 15.7967 263.318
    endloop
  endfacet
  facet normal -0.0455795 0.99894 0.00649711
    outer loop
      vertex 127.179 15.692 263.318
      vertex 124.974 15.574 266
      vertex 128.099 15.7166 266
    endloop
  endfacet
  facet normal -0.0455794 0.99894 0.00649724
    outer loop
      vertex 124.974 15.574 266
      vertex 127.179 15.692 263.318
      vertex 124.011 15.5475 263.318
    endloop
  endfacet
  facet normal -0.0760569 0.996959 0.0169774
    outer loop
      vertex 128.099 15.7166 266
      vertex 128.132 15.7191 266
      vertex 127.179 15.692 263.318
    endloop
  endfacet
  facet normal -0.0594312 0.998162 0.011849
    outer loop
      vertex 124.011 15.5475 263.318
      vertex 121.833 15.386 266
      vertex 124.941 15.571 266
    endloop
  endfacet
  facet normal -0.0594312 0.998162 0.0118491
    outer loop
      vertex 121.833 15.386 266
      vertex 124.011 15.5475 263.318
      vertex 120.862 15.36 263.318
    endloop
  endfacet
  facet normal -0.0898655 0.995701 0.0224214
    outer loop
      vertex 124.941 15.571 266
      vertex 124.974 15.574 266
      vertex 124.011 15.5475 263.318
    endloop
  endfacet
  facet normal -0.0744052 0.997072 0.017654
    outer loop
      vertex 120.862 15.36 263.318
      vertex 118.711 15.152 266
      vertex 121.8 15.3826 266
    endloop
  endfacet
  facet normal -0.0744049 0.997072 0.0176542
    outer loop
      vertex 118.711 15.152 266
      vertex 120.862 15.36 263.318
      vertex 117.731 15.1263 263.318
    endloop
  endfacet
  facet normal -0.104774 0.994093 0.02831
    outer loop
      vertex 121.8 15.3826 266
      vertex 121.833 15.386 266
      vertex 120.862 15.36 263.318
    endloop
  endfacet
  facet normal -0.0906414 0.995595 0.0239715
    outer loop
      vertex 117.731 15.1263 263.318
      vertex 115.61 14.8687 266
      vertex 118.678 15.1481 266
    endloop
  endfacet
  facet normal -0.0906415 0.995595 0.0239715
    outer loop
      vertex 115.61 14.8687 266
      vertex 117.731 15.1263 263.318
      vertex 114.621 14.8433 263.318
    endloop
  endfacet
  facet normal -0.120952 0.992051 0.0347137
    outer loop
      vertex 118.678 15.1481 266
      vertex 118.711 15.152 266
      vertex 117.731 15.1263 263.318
    endloop
  endfacet
  facet normal -0.108191 0.993652 0.0308279
    outer loop
      vertex 114.621 14.8433 263.318
      vertex 112.537 14.5331 266
      vertex 115.578 14.8643 266
    endloop
  endfacet
  facet normal -0.108191 0.993652 0.030828
    outer loop
      vertex 112.537 14.5331 266
      vertex 114.621 14.8433 263.318
      vertex 111.539 14.5076 263.318
    endloop
  endfacet
  facet normal -0.138413 0.989499 0.041645
    outer loop
      vertex 115.578 14.8643 266
      vertex 115.61 14.8687 266
      vertex 114.621 14.8433 263.318
    endloop
  endfacet
  facet normal -0.127477 0.991098 0.0383903
    outer loop
      vertex 111.539 14.5076 263.318
      vertex 109.496 14.141 266
      vertex 112.505 14.528 266
    endloop
  endfacet
  facet normal -0.127477 0.991098 0.0383902
    outer loop
      vertex 109.496 14.141 266
      vertex 111.539 14.5076 263.318
      vertex 108.49 14.1155 263.318
    endloop
  endfacet
  facet normal -0.157601 0.986273 0.0492792
    outer loop
      vertex 112.505 14.528 266
      vertex 112.537 14.5331 266
      vertex 111.539 14.5076 263.318
    endloop
  endfacet
  facet normal -0.148727 0.987772 0.0467557
    outer loop
      vertex 108.49 14.1155 263.318
      vertex 106.496 13.6883 266
      vertex 109.465 14.1354 266
    endloop
  endfacet
  facet normal -0.148727 0.987772 0.0467558
    outer loop
      vertex 106.496 13.6883 266
      vertex 108.49 14.1155 263.318
      vertex 105.481 13.6625 263.318
    endloop
  endfacet
  facet normal -0.178715 0.982208 0.0577017
    outer loop
      vertex 109.465 14.1354 266
      vertex 109.496 14.141 266
      vertex 108.49 14.1155 263.318
    endloop
  endfacet
  facet normal -0.172458 0.983416 0.0561331
    outer loop
      vertex 105.481 13.6625 263.318
      vertex 103.547 13.1701 266
      vertex 106.466 13.682 266
    endloop
  endfacet
  facet normal -0.172458 0.983416 0.0561336
    outer loop
      vertex 103.547 13.1701 266
      vertex 105.481 13.6625 263.318
      vertex 102.523 13.1437 263.318
    endloop
  endfacet
  facet normal -0.202248 0.977032 0.0671137
    outer loop
      vertex 106.466 13.682 266
      vertex 106.496 13.6883 266
      vertex 105.481 13.6625 263.318
    endloop
  endfacet
  facet normal -0.199025 0.977724 0.0666759
    outer loop
      vertex 102.523 13.1437 263.318
      vertex 100.664 12.5824 266
      vertex 103.517 13.1631 266
    endloop
  endfacet
  facet normal -0.199025 0.977724 0.0666755
    outer loop
      vertex 100.664 12.5824 266
      vertex 102.523 13.1437 263.318
      vertex 99.6323 12.5553 263.318
    endloop
  endfacet
  facet normal -0.228615 0.970412 0.077691
    outer loop
      vertex 103.517 13.1631 266
      vertex 103.547 13.1701 266
      vertex 102.523 13.1437 263.318
    endloop
  endfacet
  facet normal -0.229501 0.970112 0.078816
    outer loop
      vertex 99.6323 12.5553 263.318
      vertex 97.8718 11.9209 266
      vertex 100.635 12.5746 266
    endloop
  endfacet
  facet normal -0.229502 0.970112 0.0788158
    outer loop
      vertex 97.8718 11.9209 266
      vertex 99.6323 12.5553 263.318
      vertex 96.8321 11.8928 263.318
    endloop
  endfacet
  facet normal -0.258795 0.961746 0.0898297
    outer loop
      vertex 100.635 12.5746 266
      vertex 100.664 12.5824 266
      vertex 99.6323 12.5553 263.318
    endloop
  endfacet
  facet normal -0.265084 0.959725 0.0930471
    outer loop
      vertex 96.8321 11.8928 263.318
      vertex 95.203 11.1828 266
      vertex 97.8442 11.9124 266
    endloop
  endfacet
  facet normal -0.265085 0.959725 0.0930469
    outer loop
      vertex 95.203 11.1828 266
      vertex 96.8321 11.8928 263.318
      vertex 94.1555 11.1535 263.318
    endloop
  endfacet
  facet normal -0.293975 0.950136 0.104021
    outer loop
      vertex 97.8442 11.9124 266
      vertex 97.8718 11.9209 266
      vertex 96.8321 11.8928 263.318
    endloop
  endfacet
  facet normal -0.307562 0.945136 0.110105
    outer loop
      vertex 94.1555 11.1535 263.318
      vertex 92.7256 10.3758 266
      vertex 95.1774 11.1736 266
    endloop
  endfacet
  facet normal -0.307561 0.945136 0.110105
    outer loop
      vertex 92.7256 10.3758 266
      vertex 94.1555 11.1535 263.318
      vertex 91.6709 10.345 263.318
    endloop
  endfacet
  facet normal -0.335888 0.9341 0.120981
    outer loop
      vertex 95.1774 11.1736 266
      vertex 95.203 11.1828 266
      vertex 94.1555 11.1535 263.318
    endloop
  endfacet
  facet normal -0.357471 0.924797 0.130247
    outer loop
      vertex 91.6709 10.345 263.318
      vertex 90.5023 9.51556 266
      vertex 92.7027 10.3661 266
    endloop
  endfacet
  facet normal -0.357473 0.924797 0.130246
    outer loop
      vertex 90.5023 9.51556 266
      vertex 91.6709 10.345 263.318
      vertex 89.4411 9.48307 263.318
    endloop
  endfacet
  facet normal -0.384982 0.9121 0.140931
    outer loop
      vertex 92.7027 10.3661 266
      vertex 92.7256 10.3758 266
      vertex 91.6709 10.345 263.318
    endloop
  endfacet
  facet normal -0.414431 0.897064 0.153371
    outer loop
      vertex 89.4411 9.48307 263.318
      vertex 88.5706 8.6224 266
      vertex 90.4825 9.50565 266
    endloop
  endfacet
  facet normal -0.41443 0.897065 0.153371
    outer loop
      vertex 88.5706 8.6224 266
      vertex 89.4411 9.48307 263.318
      vertex 87.5037 8.58801 263.318
    endloop
  endfacet
  facet normal -0.44097 0.882449 0.163799
    outer loop
      vertex 90.4825 9.50565 266
      vertex 90.5023 9.51556 266
      vertex 89.4411 9.48307 263.318
    endloop
  endfacet
  facet normal -0.476165 0.861029 0.178594
    outer loop
      vertex 87.5037 8.58801 263.318
      vertex 87.056 7.78417 266
      vertex 88.5551 8.61319 266
    endloop
  endfacet
  facet normal -0.476164 0.86103 0.178595
    outer loop
      vertex 87.056 7.78417 266
      vertex 87.5037 8.58801 263.318
      vertex 85.9846 7.74791 263.318
    endloop
  endfacet
  facet normal -0.50117 0.844557 0.188552
    outer loop
      vertex 88.5551 8.61319 266
      vertex 88.5706 8.6224 266
      vertex 87.5037 8.58801 263.318
    endloop
  endfacet
  facet normal -0.542079 0.81476 0.20571
    outer loop
      vertex 85.9846 7.74791 263.318
      vertex 85.9437 7.04364 266
      vertex 87.0446 7.77611 266
    endloop
  endfacet
  facet normal -0.542079 0.81476 0.20571
    outer loop
      vertex 85.9437 7.04364 266
      vertex 85.9846 7.74791 263.318
      vertex 84.8689 7.00566 263.318
    endloop
  endfacet
  facet normal -0.565545 0.79615 0.215182
    outer loop
      vertex 87.0446 7.77611 266
      vertex 87.056 7.78417 266
      vertex 85.9846 7.74791 263.318
    endloop
  endfacet
  facet normal -0.609218 0.757832 0.233548
    outer loop
      vertex 84.8689 7.00566 263.318
      vertex 85.1011 6.36581 266
      vertex 85.9352 7.03632 266
    endloop
  endfacet
  facet normal -0.609215 0.757834 0.233548
    outer loop
      vertex 85.1011 6.36581 266
      vertex 84.8689 7.00566 263.318
      vertex 84.0237 6.32619 263.318
    endloop
  endfacet
  facet normal -0.630527 0.737393 0.242254
    outer loop
      vertex 85.9352 7.03632 266
      vertex 85.9437 7.04364 266
      vertex 84.8689 7.00566 263.318
    endloop
  endfacet
  facet normal -0.665853 0.70033 0.257252
    outer loop
      vertex 84.0237 6.32619 263.318
      vertex 84.4598 5.75569 266
      vertex 85.0946 6.35925 266
    endloop
  endfacet
  facet normal -0.665854 0.700329 0.257252
    outer loop
      vertex 84.4598 5.75569 266
      vertex 84.0237 6.32619 263.318
      vertex 83.3804 5.71456 263.318
    endloop
  endfacet
  facet normal -0.685161 0.678385 0.265233
    outer loop
      vertex 85.0946 6.35925 266
      vertex 85.1011 6.36581 266
      vertex 84.0237 6.32619 263.318
    endloop
  endfacet
  facet normal -0.709044 0.64912 0.2755
    outer loop
      vertex 83.3804 5.71456 263.318
      vertex 83.9904 5.24268 266
      vertex 84.4551 5.7502 266
    endloop
  endfacet
  facet normal -0.709039 0.649125 0.275499
    outer loop
      vertex 83.9904 5.24268 266
      vertex 83.3804 5.71456 263.318
      vertex 82.9096 5.20025 263.318
    endloop
  endfacet
  facet normal -0.726734 0.625962 0.282896
    outer loop
      vertex 84.4551 5.7502 266
      vertex 84.4598 5.75569 266
      vertex 83.3804 5.71456 263.318
    endloop
  endfacet
  facet normal -0.760323 0.577481 0.297364
    outer loop
      vertex 82.9096 5.20025 263.318
      vertex 83.66 4.8074 266
      vertex 83.9871 5.23804 266
    endloop
  endfacet
  facet normal -0.760329 0.577472 0.297365
    outer loop
      vertex 83.66 4.8074 266
      vertex 82.9096 5.20025 263.318
      vertex 82.5781 4.76385 263.318
    endloop
  endfacet
  facet normal -0.77597 0.55268 0.304
    outer loop
      vertex 83.9871 5.23804 266
      vertex 83.9904 5.24268 266
      vertex 82.9096 5.20025 263.318
    endloop
  endfacet
  facet normal -0.82884 0.453935 0.327059
    outer loop
      vertex 82.5781 4.76385 263.318
      vertex 83.4418 4.40866 266
      vertex 83.6579 4.80318 266
    endloop
  endfacet
  facet normal -0.828837 0.453941 0.327059
    outer loop
      vertex 83.4418 4.40866 266
      vertex 82.5781 4.76385 263.318
      vertex 82.3592 4.36407 263.318
    endloop
  endfacet
  facet normal -0.840413 0.428275 0.332095
    outer loop
      vertex 83.6579 4.80318 266
      vertex 83.66 4.8074 266
      vertex 82.5781 4.76385 263.318
    endloop
  endfacet
  facet normal -0.887575 0.295434 0.353453
    outer loop
      vertex 82.3592 4.36407 263.318
      vertex 83.313 4.02114 266
      vertex 83.4406 4.40459 266
    endloop
  endfacet
  facet normal -0.887573 0.29544 0.353453
    outer loop
      vertex 83.313 4.02114 266
      vertex 82.3592 4.36407 263.318
      vertex 82.2298 3.9755 263.318
    endloop
  endfacet
  facet normal -0.894924 0.267922 0.356832
    outer loop
      vertex 83.4406 4.40459 266
      vertex 83.4418 4.40866 266
      vertex 82.3592 4.36407 263.318
    endloop
  endfacet
  facet normal -0.921412 0.118176 0.37018
    outer loop
      vertex 82.2298 3.9755 263.318
      vertex 83.2647 3.6435 266
      vertex 83.3126 4.01719 266
    endloop
  endfacet
  facet normal -0.921412 0.118177 0.37018
    outer loop
      vertex 83.2647 3.6435 266
      vertex 82.2298 3.9755 263.318
      vertex 82.1812 3.59681 263.318
    endloop
  endfacet
  facet normal -0.924053 0.089259 0.371696
    outer loop
      vertex 83.3126 4.01719 266
      vertex 83.313 4.02114 266
      vertex 82.2298 3.9755 263.318
    endloop
  endfacet
  facet normal -0.922062 -0.0986584 0.374257
    outer loop
      vertex 82.1812 3.59681 263.318
      vertex 83.3022 3.29412 266
      vertex 83.2652 3.63987 266
    endloop
  endfacet
  facet normal -0.922061 -0.0986821 0.374254
    outer loop
      vertex 83.3022 3.29412 266
      vertex 82.1812 3.59681 263.318
      vertex 82.2187 3.24644 263.318
    endloop
  endfacet
  facet normal -0.918851 -0.127546 0.373424
    outer loop
      vertex 83.2652 3.63987 266
      vertex 83.2647 3.6435 266
      vertex 82.1812 3.59681 263.318
    endloop
  endfacet
  facet normal -0.851616 -0.389294 0.350999
    outer loop
      vertex 82.2187 3.24644 263.318
      vertex 83.4432 2.98578 266
      vertex 83.3037 3.29095 266
    endloop
  endfacet
  facet normal -0.851625 -0.389269 0.351006
    outer loop
      vertex 83.4432 2.98578 266
      vertex 82.2187 3.24644 263.318
      vertex 82.3601 2.93718 263.318
    endloop
  endfacet
  facet normal -0.84091 -0.415202 0.347098
    outer loop
      vertex 83.3037 3.29095 266
      vertex 83.3022 3.29412 266
      vertex 82.2187 3.24644 263.318
    endloop
  endfacet
  facet normal -0.691528 -0.661004 0.291312
    outer loop
      vertex 82.3601 2.93718 263.318
      vertex 83.7049 2.71221 266
      vertex 83.446 2.98301 266
    endloop
  endfacet
  facet normal -0.691532 -0.660998 0.291315
    outer loop
      vertex 83.7049 2.71221 266
      vertex 82.3601 2.93718 263.318
      vertex 82.6224 2.66277 263.318
    endloop
  endfacet
  facet normal -0.673033 -0.682832 0.284196
    outer loop
      vertex 83.446 2.98301 266
      vertex 83.4432 2.98578 266
      vertex 82.3601 2.93718 263.318
    endloop
  endfacet
  facet normal -0.534877 -0.812758 0.230936
    outer loop
      vertex 83.0235 2.39878 263.318
      vertex 83.7091 2.7096 266
      vertex 82.6224 2.66277 263.318
    endloop
  endfacet
  facet normal -0.53488 -0.812756 0.230937
    outer loop
      vertex 83.7091 2.7096 266
      vertex 83.0235 2.39878 263.318
      vertex 84.105 2.44909 266
    endloop
  endfacet
  facet normal -0.511048 -0.830499 0.22159
    outer loop
      vertex 83.7091 2.7096 266
      vertex 83.7049 2.71221 266
      vertex 82.6224 2.66277 263.318
    endloop
  endfacet
  facet normal -0.446711 -0.872814 0.196584
    outer loop
      vertex 83.5881 2.10986 263.318
      vertex 84.1109 2.44627 266
      vertex 83.0235 2.39878 263.318
    endloop
  endfacet
  facet normal -0.446711 -0.872814 0.196584
    outer loop
      vertex 84.1109 2.44627 266
      vertex 83.5881 2.10986 263.318
      vertex 84.668 2.16116 266
    endloop
  endfacet
  facet normal -0.42053 -0.887959 0.186236
    outer loop
      vertex 84.1109 2.44627 266
      vertex 84.105 2.44909 266
      vertex 83.0235 2.39878 263.318
    endloop
  endfacet
  facet normal -0.396825 -0.900643 0.177124
    outer loop
      vertex 84.3472 1.77536 263.318
      vertex 84.676 2.15792 266
      vertex 83.5881 2.10986 263.318
    endloop
  endfacet
  facet normal -0.396826 -0.900642 0.177124
    outer loop
      vertex 84.676 2.15792 266
      vertex 84.3472 1.77536 263.318
      vertex 85.4252 1.82784 266
    endloop
  endfacet
  facet normal -0.369704 -0.914134 0.166364
    outer loop
      vertex 84.676 2.15792 266
      vertex 84.668 2.16116 266
      vertex 83.5881 2.10986 263.318
    endloop
  endfacet
  facet normal -0.338395 -0.928268 0.154299
    outer loop
      vertex 85.3159 1.42224 263.318
      vertex 85.4353 1.82448 266
      vertex 84.3472 1.77536 263.318
    endloop
  endfacet
  facet normal -0.338395 -0.928267 0.154299
    outer loop
      vertex 85.4353 1.82448 266
      vertex 85.3159 1.42224 263.318
      vertex 86.3912 1.47601 266
    endloop
  endfacet
  facet normal -0.310525 -0.939717 0.143201
    outer loop
      vertex 85.4353 1.82448 266
      vertex 85.4252 1.82784 266
      vertex 84.3472 1.77536 263.318
    endloop
  endfacet
  facet normal -0.282434 -0.950099 0.13245
    outer loop
      vertex 86.5454 1.05675 263.318
      vertex 86.4041 1.47261 266
      vertex 85.3159 1.42224 263.318
    endloop
  endfacet
  facet normal -0.282435 -0.950099 0.13245
    outer loop
      vertex 86.4041 1.47261 266
      vertex 86.5454 1.05675 263.318
      vertex 87.6174 1.11195 266
    endloop
  endfacet
  facet normal -0.253538 -0.95974 0.120905
    outer loop
      vertex 86.4041 1.47261 266
      vertex 86.3912 1.47601 266
      vertex 85.3159 1.42224 263.318
    endloop
  endfacet
  facet normal -0.231688 -0.966239 0.112705
    outer loop
      vertex 88.263 0.644901 263.318
      vertex 87.6353 1.10821 266
      vertex 86.5454 1.05675 263.318
    endloop
  endfacet
  facet normal -0.231689 -0.966239 0.112705
    outer loop
      vertex 87.6353 1.10821 266
      vertex 88.263 0.644901 263.318
      vertex 89.3303 0.701794 266
    endloop
  endfacet
  facet normal -0.202304 -0.97411 0.100914
    outer loop
      vertex 87.6353 1.10821 266
      vertex 87.6174 1.11195 266
      vertex 86.5454 1.05675 263.318
    endloop
  endfacet
  facet normal -0.186604 -0.977803 0.0952886
    outer loop
      vertex 90.6078 0.197404 263.318
      vertex 89.3548 0.697889 266
      vertex 88.263 0.644901 263.318
    endloop
  endfacet
  facet normal -0.186604 -0.977803 0.0952886
    outer loop
      vertex 89.3548 0.697889 266
      vertex 90.6078 0.197404 263.318
      vertex 91.6687 0.256295 266
    endloop
  endfacet
  facet normal -0.156836 -0.984106 0.0832942
    outer loop
      vertex 89.3548 0.697889 266
      vertex 89.3303 0.701794 266
      vertex 88.263 0.644901 263.318
    endloop
  endfacet
  facet normal -0.145576 -0.986143 0.0795534
    outer loop
      vertex 93.2187 -0.188013 263.318
      vertex 91.696 0.25312 266
      vertex 90.6078 0.197404 263.318
    endloop
  endfacet
  facet normal -0.145576 -0.986143 0.0795534
    outer loop
      vertex 91.696 0.25312 266
      vertex 93.2187 -0.188013 263.318
      vertex 94.2724 -0.127213 266
    endloop
  endfacet
  facet normal -0.115489 -0.991016 0.0674469
    outer loop
      vertex 91.696 0.25312 266
      vertex 91.6687 0.256295 266
      vertex 90.6078 0.197404 263.318
    endloop
  endfacet
  facet normal -0.110345 -0.991688 0.0661691
    outer loop
      vertex 96.014 -0.499043 263.318
      vertex 94.3015 -0.129557 266
      vertex 93.2187 -0.188013 263.318
    endloop
  endfacet
  facet normal -0.110345 -0.991688 0.066169
    outer loop
      vertex 94.3015 -0.129557 266
      vertex 96.014 -0.499043 263.318
      vertex 97.0599 -0.436484 266
    endloop
  endfacet
  facet normal -0.0800621 -0.995325 0.0540212
    outer loop
      vertex 94.3015 -0.129557 266
      vertex 94.2724 -0.127213 266
      vertex 93.2187 -0.188013 263.318
    endloop
  endfacet
  facet normal -0.0792067 -0.995369 0.0544598
    outer loop
      vertex 98.9607 -0.733531 263.318
      vertex 97.0906 -0.437985 266
      vertex 96.014 -0.499043 263.318
    endloop
  endfacet
  facet normal -0.0792068 -0.995369 0.0544597
    outer loop
      vertex 97.0906 -0.437985 266
      vertex 98.9607 -0.733531 263.318
      vertex 99.9985 -0.66938 266
    endloop
  endfacet
  facet normal -0.0487989 -0.997912 0.0423103
    outer loop
      vertex 97.0906 -0.437985 266
      vertex 97.0599 -0.436484 266
      vertex 96.014 -0.499043 263.318
    endloop
  endfacet
  facet normal -0.0527658 -0.997609 0.044639
    outer loop
      vertex 101.978 -0.893144 263.318
      vertex 100.03 -0.67008 266
      vertex 98.9607 -0.733531 263.318
    endloop
  endfacet
  facet normal -0.0527659 -0.997609 0.044639
    outer loop
      vertex 100.03 -0.67008 266
      vertex 101.978 -0.893144 263.318
      vertex 103.008 -0.827588 266
    endloop
  endfacet
  facet normal -0.0222832 -0.999222 0.0325247
    outer loop
      vertex 100.03 -0.67008 266
      vertex 99.9985 -0.66938 266
      vertex 98.9607 -0.733531 263.318
    endloop
  endfacet
  facet normal -0.0311354 -0.99884 0.0367311
    outer loop
      vertex 105.058 -0.989146 263.318
      vertex 103.04 -0.827607 266
      vertex 101.978 -0.893144 263.318
    endloop
  endfacet
  facet normal -0.0311354 -0.99884 0.0367312
    outer loop
      vertex 103.04 -0.827607 266
      vertex 105.058 -0.989146 263.318
      vertex 106.079 -0.922344 266
    endloop
  endfacet
  facet normal -0.000617813 -0.999695 0.0246742
    outer loop
      vertex 103.04 -0.827607 266
      vertex 103.008 -0.827588 266
      vertex 101.978 -0.893144 263.318
    endloop
  endfacet
  facet normal -0.0138247 -0.999438 0.0305286
    outer loop
      vertex 108.196 -1.03256 263.318
      vertex 106.112 -0.921799 266
      vertex 105.058 -0.989146 263.318
    endloop
  endfacet
  facet normal -0.0138248 -0.999438 0.0305286
    outer loop
      vertex 106.112 -0.921799 266
      vertex 108.196 -1.03256 263.318
      vertex 109.208 -0.964636 266
    endloop
  endfacet
  facet normal 0.0167071 -0.999688 0.0185425
    outer loop
      vertex 106.112 -0.921799 266
      vertex 106.079 -0.922344 266
      vertex 105.058 -0.989146 263.318
    endloop
  endfacet
  facet normal 0.000496249 -0.999675 0.0255061
    outer loop
      vertex 111.37 -1.03098 263.318
      vertex 109.241 -0.963613 266
      vertex 108.196 -1.03256 263.318
    endloop
  endfacet
  facet normal 0.000496243 -0.999675 0.0255061
    outer loop
      vertex 109.241 -0.963613 266
      vertex 111.37 -1.03098 263.318
      vertex 112.373 -0.962058 266
    endloop
  endfacet
  facet normal 0.0310333 -0.999426 0.0136013
    outer loop
      vertex 109.241 -0.963613 266
      vertex 109.208 -0.964636 266
      vertex 108.196 -1.03256 263.318
    endloop
  endfacet
  facet normal 0.0127173 -0.999692 0.0213139
    outer loop
      vertex 114.568 -0.990297 263.318
      vertex 112.407 -0.96062 266
      vertex 111.37 -1.03098 263.318
    endloop
  endfacet
  facet normal 0.0127173 -0.999692 0.0213139
    outer loop
      vertex 112.407 -0.96062 266
      vertex 114.568 -0.990297 263.318
      vertex 115.562 -0.920473 266
    endloop
  endfacet
  facet normal 0.0432449 -0.999019 0.00950009
    outer loop
      vertex 112.407 -0.96062 266
      vertex 112.373 -0.962058 266
      vertex 111.37 -1.03098 263.318
    endloop
  endfacet
  facet normal 0.0229112 -0.999577 0.0179138
    outer loop
      vertex 117.793 -0.916389 263.318
      vertex 115.596 -0.918682 266
      vertex 114.568 -0.990297 263.318
    endloop
  endfacet
  facet normal 0.0229113 -0.999577 0.0179139
    outer loop
      vertex 115.596 -0.918682 266
      vertex 117.793 -0.916389 263.318
      vertex 118.778 -0.845748 266
    endloop
  endfacet
  facet normal 0.0534364 -0.998552 0.00619038
    outer loop
      vertex 115.596 -0.918682 266
      vertex 115.562 -0.920473 266
      vertex 114.568 -0.990297 263.318
    endloop
  endfacet
  facet normal 0.0311621 -0.999398 0.0152631
    outer loop
      vertex 121.04 -0.815125 263.318
      vertex 118.812 -0.843666 266
      vertex 117.793 -0.916389 263.318
    endloop
  endfacet
  facet normal 0.0311621 -0.999398 0.0152631
    outer loop
      vertex 118.812 -0.843666 266
      vertex 121.04 -0.815125 263.318
      vertex 122.016 -0.743738 266
    endloop
  endfacet
  facet normal 0.0616797 -0.998089 0.00363493
    outer loop
      vertex 118.812 -0.843666 266
      vertex 118.778 -0.845748 266
      vertex 117.793 -0.916389 263.318
    endloop
  endfacet
  facet normal 0.925626 0.0541156 -0.37455
    outer loop
      vertex 117.118 10.5198 198.139
      vertex 117.118 7.06231 197.64
      vertex 112.529 7.75396 186.4
    endloop
  endfacet
  facet normal 0.925626 0.0541167 -0.37455
    outer loop
      vertex 112.529 7.75396 186.4
      vertex 112.3 11.2459 186.339
      vertex 117.118 10.5198 198.139
    endloop
  endfacet
  facet normal 0.925626 0.0541167 -0.37455
    outer loop
      vertex 112.529 7.75396 186.4
      vertex 63.9143 5.96952 66
      vertex 112.3 11.2459 186.339
    endloop
  endfacet
  facet normal 0.925626 0.0541158 -0.37455
    outer loop
      vertex 63.9143 5.96952 66
      vertex 112.529 7.75396 186.4
      vertex 64.1186 2.47487 66
    endloop
  endfacet
  facet normal 0.925626 0.0541156 -0.374549
    outer loop
      vertex 126.986 9.0322 222.313
      vertex 117.218 7.04724 197.885
      vertex 117.218 10.5047 198.384
    endloop
  endfacet
  facet normal 0.925626 0.0541167 -0.37455
    outer loop
      vertex 117.218 7.04724 197.885
      vertex 126.986 9.0322 222.313
      vertex 127.215 5.54023 222.374
    endloop
  endfacet
  facet normal -0.00114599 0.0174155 0.999848
    outer loop
      vertex 154.596 12.8458 222.278
      vertex 154.378 0.712536 222.489
      vertex 155.386 0.791126 222.489
    endloop
  endfacet
  facet normal -0.00114907 0.0174156 0.999848
    outer loop
      vertex 154.596 12.8458 222.278
      vertex 153.566 0.674736 222.489
      vertex 154.378 0.712536 222.489
    endloop
  endfacet
  facet normal -0.00113815 0.0174147 0.999848
    outer loop
      vertex 154.596 12.8458 222.278
      vertex 150.906 0.469339 222.49
      vertex 153.566 0.674736 222.489
    endloop
  endfacet
  facet normal -0.00114131 0.0174156 0.999848
    outer loop
      vertex 144.414 6.66748 222.374
      vertex 150.906 0.469339 222.49
      vertex 154.596 12.8458 222.278
    endloop
  endfacet
  facet normal -0.00115224 0.0174042 0.999848
    outer loop
      vertex 150.906 0.469339 222.49
      vertex 144.414 6.66748 222.374
      vertex 150.095 0.432256 222.489
    endloop
  endfacet
  facet normal -0.00114012 0.0174152 0.999848
    outer loop
      vertex 150.095 0.432256 222.489
      vertex 144.414 6.66748 222.374
      vertex 147.435 0.229229 222.49
    endloop
  endfacet
  facet normal -0.00113605 0.0174171 0.999848
    outer loop
      vertex 147.435 0.229229 222.49
      vertex 144.414 6.66748 222.374
      vertex 146.624 0.192974 222.49
    endloop
  endfacet
  facet normal -0.00114057 0.0174144 0.999848
    outer loop
      vertex 154.596 12.8458 222.278
      vertex 144.185 10.1595 222.313
      vertex 144.414 6.66748 222.374
    endloop
  endfacet
  facet normal -0.00114168 0.0174187 0.999848
    outer loop
      vertex 154.596 12.8458 222.278
      vertex 137.963 9.75164 222.313
      vertex 144.185 10.1595 222.313
    endloop
  endfacet
  facet normal -0.00114168 0.0174187 0.999848
    outer loop
      vertex 126.856 11.0276 222.278
      vertex 137.963 9.75164 222.313
      vertex 154.596 12.8458 222.278
    endloop
  endfacet
  facet normal -0.00114168 0.0174187 0.999848
    outer loop
      vertex 137.963 9.75164 222.313
      vertex 126.856 11.0276 222.278
      vertex 126.986 9.0322 222.313
    endloop
  endfacet
  facet normal -0.00114007 0.0174157 0.999848
    outer loop
      vertex 144.414 6.66748 222.374
      vertex 143.966 -0.00727113 222.49
      vertex 146.624 0.192974 222.49
    endloop
  endfacet
  facet normal -0.00115174 0.0174165 0.999848
    outer loop
      vertex 144.414 6.66748 222.374
      vertex 143.157 -0.0424332 222.49
      vertex 143.966 -0.00727113 222.49
    endloop
  endfacet
  facet normal -0.00114021 0.0174144 0.999848
    outer loop
      vertex 144.414 6.66748 222.374
      vertex 140.503 -0.238978 222.49
      vertex 143.157 -0.0424332 222.49
    endloop
  endfacet
  facet normal -0.00114198 0.0174154 0.999848
    outer loop
      vertex 144.414 6.66748 222.374
      vertex 139.694 -0.272732 222.49
      vertex 140.503 -0.238978 222.49
    endloop
  endfacet
  facet normal -0.00114144 0.017415 0.999848
    outer loop
      vertex 133.437 5.94804 222.374
      vertex 139.694 -0.272732 222.49
      vertex 144.414 6.66748 222.374
    endloop
  endfacet
  facet normal -0.00113966 0.0174168 0.999848
    outer loop
      vertex 139.694 -0.272732 222.49
      vertex 133.437 5.94804 222.374
      vertex 137.044 -0.464528 222.49
    endloop
  endfacet
  facet normal -0.00114506 0.0174137 0.999848
    outer loop
      vertex 137.044 -0.464528 222.49
      vertex 133.437 5.94804 222.374
      vertex 136.236 -0.496615 222.49
    endloop
  endfacet
  facet normal -0.00114444 0.017414 0.999848
    outer loop
      vertex 136.236 -0.496615 222.49
      vertex 133.437 5.94804 222.374
      vertex 133.589 -0.682853 222.49
    endloop
  endfacet
  facet normal -0.0011433 0.017414 0.999848
    outer loop
      vertex 133.437 5.94804 222.374
      vertex 132.782 -0.713056 222.49
      vertex 133.589 -0.682853 222.49
    endloop
  endfacet
  facet normal -0.00113882 0.0174136 0.999848
    outer loop
      vertex 133.437 5.94804 222.374
      vertex 130.137 -0.893036 222.49
      vertex 132.782 -0.713056 222.49
    endloop
  endfacet
  facet normal -0.00114143 0.0174149 0.999848
    outer loop
      vertex 127.215 5.54023 222.374
      vertex 130.137 -0.893036 222.49
      vertex 133.437 5.94804 222.374
    endloop
  endfacet
  facet normal -0.00113708 0.0174168 0.999848
    outer loop
      vertex 130.137 -0.893036 222.49
      vertex 127.215 5.54023 222.374
      vertex 129.331 -0.92113 222.489
    endloop
  endfacet
  facet normal -0.00114016 0.0174158 0.999848
    outer loop
      vertex 129.331 -0.92113 222.489
      vertex 127.215 5.54023 222.374
      vertex 127.646 -1.03145 222.489
    endloop
  endfacet
  facet normal -0.925626 -0.0541187 0.37455
    outer loop
      vertex 123.506 8.47339 186.4
      vertex 123.277 11.9654 186.339
      vertex 117.218 11.3046 171.27
    endloop
  endfacet
  facet normal -0.925626 -0.0541191 0.37455
    outer loop
      vertex 123.277 11.9654 186.339
      vertex 133.621 9.27817 211.515
      vertex 137.963 9.75164 222.313
    endloop
  endfacet
  facet normal -0.925626 -0.0541187 0.37455
    outer loop
      vertex 123.277 11.9654 186.339
      vertex 123.506 8.47339 186.4
      vertex 133.621 9.27817 211.515
    endloop
  endfacet
  facet normal -0.925626 -0.0541173 0.37455
    outer loop
      vertex 123.506 8.47339 186.4
      vertex 117.218 11.3046 171.27
      vertex 117.218 7.7877 170.761
    endloop
  endfacet
  facet normal -0.925626 -0.0541156 0.37455
    outer loop
      vertex 133.621 9.27817 211.515
      vertex 123.506 8.47339 186.4
      vertex 133.775 6.92538 211.556
    endloop
  endfacet
  facet normal -0.925626 -0.0541172 0.37455
    outer loop
      vertex 74.8907 6.68895 66
      vertex 117.118 7.7768 170.513
      vertex 117.118 11.2937 171.021
    endloop
  endfacet
  facet normal -0.925626 -0.0541168 0.37455
    outer loop
      vertex 117.118 7.7768 170.513
      vertex 74.8907 6.68895 66
      vertex 75.095 3.1943 66
    endloop
  endfacet
  facet normal 0.0651507 -0.994008 -0.0877648
    outer loop
      vertex 117.218 10.5047 198.384
      vertex 137.963 9.75164 222.313
      vertex 126.986 9.0322 222.313
    endloop
  endfacet
  facet normal 0.0651508 -0.994008 -0.0877649
    outer loop
      vertex 123.277 11.9654 186.339
      vertex 117.218 10.5047 198.384
      vertex 117.218 11.5682 186.339
    endloop
  endfacet
  facet normal 0.0651508 -0.994008 -0.0877649
    outer loop
      vertex 117.218 10.5047 198.384
      vertex 123.277 11.9654 186.339
      vertex 137.963 9.75164 222.313
    endloop
  endfacet
  facet normal 0.0651507 -0.994008 -0.0877648
    outer loop
      vertex 117.118 11.5617 186.339
      vertex 117.118 10.5198 198.139
      vertex 112.3 11.2459 186.339
    endloop
  endfacet
  facet normal -0.0651506 0.994008 0.0877647
    outer loop
      vertex 117.118 7.06231 197.64
      vertex 117.118 8.0547 186.4
      vertex 112.529 7.75396 186.4
    endloop
  endfacet
  facet normal -0.0651507 0.994008 0.0877649
    outer loop
      vertex 133.775 6.92538 211.556
      vertex 117.218 7.04724 197.885
      vertex 127.153 6.49133 211.556
    endloop
  endfacet
  facet normal -0.0651507 0.994008 0.0877648
    outer loop
      vertex 123.506 8.47339 186.4
      vertex 117.218 7.04724 197.885
      vertex 133.775 6.92538 211.556
    endloop
  endfacet
  facet normal -0.0651507 0.994008 0.0877648
    outer loop
      vertex 117.218 7.04724 197.885
      vertex 123.506 8.47339 186.4
      vertex 117.218 8.06126 186.4
    endloop
  endfacet
  facet normal -0.0651507 0.994008 0.0877648
    outer loop
      vertex 127.153 6.49133 211.556
      vertex 127.215 5.54023 222.374
      vertex 133.437 5.94804 222.374
    endloop
  endfacet
  facet normal -0.0651507 0.994008 0.0877648
    outer loop
      vertex 127.215 5.54023 222.374
      vertex 127.153 6.49133 211.556
      vertex 117.218 7.04724 197.885
    endloop
  endfacet
  facet normal 0.0653932 -0.997707 0.0174524
    outer loop
      vertex 123.277 11.9654 186.339
      vertex 117.218 11.5682 186.339
      vertex 117.218 11.3046 171.27
    endloop
  endfacet
  facet normal 0.0653931 -0.997707 0.0174524
    outer loop
      vertex 112.3 11.2459 186.339
      vertex 117.118 11.2937 171.021
      vertex 117.118 11.5617 186.339
    endloop
  endfacet
  facet normal 0.0653932 -0.997707 0.0174524
    outer loop
      vertex 63.9143 5.96952 66
      vertex 117.118 11.2937 171.021
      vertex 112.3 11.2459 186.339
    endloop
  endfacet
  facet normal 0.0653932 -0.997707 0.0174524
    outer loop
      vertex 117.118 11.2937 171.021
      vertex 63.9143 5.96952 66
      vertex 74.8907 6.68895 66
    endloop
  endfacet
  facet normal -0.065393 0.997707 -0.0174524
    outer loop
      vertex 117.118 7.7768 170.513
      vertex 112.529 7.75396 186.4
      vertex 117.118 8.0547 186.4
    endloop
  endfacet
  facet normal -0.0653932 0.997707 -0.0174524
    outer loop
      vertex 64.1186 2.47487 66
      vertex 117.118 7.7768 170.513
      vertex 75.095 3.1943 66
    endloop
  endfacet
  facet normal -0.0653932 0.997707 -0.0174524
    outer loop
      vertex 117.118 7.7768 170.513
      vertex 64.1186 2.47487 66
      vertex 112.529 7.75396 186.4
    endloop
  endfacet
  facet normal -0.0653931 0.997707 -0.0174524
    outer loop
      vertex 117.218 8.06126 186.4
      vertex 123.506 8.47339 186.4
      vertex 117.218 7.7877 170.761
    endloop
  endfacet
  facet normal 0.997859 0.0654032 2.94428e-006
    outer loop
      vertex 131.04 8.35093 249.734
      vertex 130.815 11.7803 250.474
      vertex 131.039 8.36486 250.534
    endloop
  endfacet
  facet normal 0.997859 0.0654039 -3.61776e-007
    outer loop
      vertex 130.815 11.7803 250.474
      vertex 131.04 8.35093 249.734
      vertex 130.825 11.6201 241.275
    endloop
  endfacet
  facet normal 0.997859 0.0654031 -5.47624e-007
    outer loop
      vertex 131.621 -0.512174 247.503
      vertex 131.04 8.35093 249.734
      vertex 131.619 -0.487943 249.889
    endloop
  endfacet
  facet normal 0.997859 0.0654025 1.75269e-006
    outer loop
      vertex 131.622 -0.531241 246.611
      vertex 131.04 8.35093 249.734
      vertex 131.621 -0.512174 247.503
    endloop
  endfacet
  facet normal 0.997859 0.0654033 -3.74198e-007
    outer loop
      vertex 131.625 -0.579926 241.489
      vertex 131.04 8.35093 249.734
      vertex 131.622 -0.531241 246.611
    endloop
  endfacet
  facet normal 0.997859 0.0654034 -5.40083e-007
    outer loop
      vertex 131.04 8.35093 249.734
      vertex 131.625 -0.579926 241.489
      vertex 130.825 11.6201 241.275
    endloop
  endfacet
  facet normal 0.997859 0.0654032 -6.6845e-006
    outer loop
      vertex 131.627 -0.610324 238.291
      vertex 130.829 11.5679 238.276
      vertex 131.627 -0.608441 238.489
    endloop
  endfacet
  facet normal 0.997859 0.0654032 -6.39033e-006
    outer loop
      vertex 131.629 -0.639797 236.862
      vertex 130.829 11.5679 238.276
      vertex 131.627 -0.610324 238.291
    endloop
  endfacet
  facet normal 0.997859 0.0654027 -1.38207e-006
    outer loop
      vertex 130.829 11.5679 238.276
      vertex 131.629 -0.639797 236.862
      vertex 130.837 11.446 231.277
    endloop
  endfacet
  facet normal 0.997859 0.0654029 -8.11347e-007
    outer loop
      vertex 130.837 11.446 231.277
      vertex 131.629 -0.639797 236.862
      vertex 131.632 -0.68852 231.489
    endloop
  endfacet
  facet normal 0.00113938 -0.0174157 -0.999848
    outer loop
      vertex 154.569 13.2603 246.075
      vertex 155.116 1.03268 246.288
      vertex 154.777 1.01756 246.288
    endloop
  endfacet
  facet normal 0.00114904 -0.0174153 -0.999848
    outer loop
      vertex 155.116 1.03268 246.288
      vertex 154.569 13.2603 246.075
      vertex 155.369 1.05204 246.288
    endloop
  endfacet
  facet normal 0.00114203 -0.0174157 -0.999848
    outer loop
      vertex 151.731 0.787982 246.289
      vertex 154.569 13.2603 246.075
      vertex 154.777 1.01756 246.288
    endloop
  endfacet
  facet normal 0.00111764 -0.0174213 -0.999848
    outer loop
      vertex 148.781 12.881 246.075
      vertex 151.731 0.787982 246.289
      vertex 151.393 0.773316 246.289
    endloop
  endfacet
  facet normal 0.00114636 -0.0174151 -0.999848
    outer loop
      vertex 148.781 12.881 246.075
      vertex 151.393 0.773316 246.289
      vertex 149.584 0.639351 246.289
    endloop
  endfacet
  facet normal 0.00114147 -0.0174155 -0.999848
    outer loop
      vertex 151.731 0.787982 246.289
      vertex 148.781 12.881 246.075
      vertex 154.569 13.2603 246.075
    endloop
  endfacet
  facet normal -0.997859 -0.0654031 2.0041e-007
    outer loop
      vertex 154.574 13.1767 241.275
      vertex 155.369 1.05204 246.288
      vertex 154.569 13.2603 246.075
    endloop
  endfacet
  facet normal -0.997859 -0.0654042 -2.61271e-006
    outer loop
      vertex 155.369 1.05204 246.288
      vertex 154.574 13.1767 241.275
      vertex 155.372 1.00847 241.488
    endloop
  endfacet
  facet normal -0.997859 -0.0654034 -1.00537e-007
    outer loop
      vertex 155.381 0.866 227.897
      vertex 154.578 13.1245 238.276
      vertex 154.596 12.8458 222.278
    endloop
  endfacet
  facet normal -0.997859 -0.065403 2.6972e-005
    outer loop
      vertex 154.578 13.1245 238.276
      vertex 155.374 0.977332 238.058
      vertex 155.374 0.981234 238.488
    endloop
  endfacet
  facet normal -0.997859 -0.0654025 -3.04149e-007
    outer loop
      vertex 154.578 13.1245 238.276
      vertex 155.376 0.946842 236.492
      vertex 155.374 0.977332 238.058
    endloop
  endfacet
  facet normal -0.997859 -0.0654024 -1.32986e-006
    outer loop
      vertex 154.578 13.1245 238.276
      vertex 155.381 0.866 227.897
      vertex 155.376 0.946842 236.492
    endloop
  endfacet
  facet normal -0.997859 -0.0654007 5.74285e-006
    outer loop
      vertex 154.596 12.8458 222.278
      vertex 155.384 0.822269 225.676
      vertex 155.381 0.866 227.897
    endloop
  endfacet
  facet normal -0.997859 -0.0654026 -1.10486e-006
    outer loop
      vertex 155.384 0.822269 225.676
      vertex 154.596 12.8458 222.278
      vertex 155.386 0.791126 222.489
    endloop
  endfacet
  facet normal 0.0653931 -0.997707 0.0174524
    outer loop
      vertex 126.845 11.1844 231.277
      vertex 126.856 11.0276 222.278
      vertex 130.837 11.446 231.277
    endloop
  endfacet
  facet normal 0.0653932 -0.997707 0.0174523
    outer loop
      vertex 130.837 11.446 231.277
      vertex 154.578 13.1245 238.276
      vertex 130.829 11.5679 238.276
    endloop
  endfacet
  facet normal 0.0653932 -0.997707 0.0174524
    outer loop
      vertex 154.596 12.8458 222.278
      vertex 130.837 11.446 231.277
      vertex 126.856 11.0276 222.278
    endloop
  endfacet
  facet normal 0.0653932 -0.997707 0.0174524
    outer loop
      vertex 130.837 11.446 231.277
      vertex 154.596 12.8458 222.278
      vertex 154.578 13.1245 238.276
    endloop
  endfacet
  facet normal 0.0653933 -0.997707 0.0174526
    outer loop
      vertex 130.829 11.5679 238.276
      vertex 130.825 11.6201 241.275
      vertex 126.036 11.3062 241.275
    endloop
  endfacet
  facet normal 0.0653932 -0.997707 0.0174526
    outer loop
      vertex 130.825 11.6201 241.275
      vertex 130.829 11.5679 238.276
      vertex 154.574 13.1767 241.275
    endloop
  endfacet
  facet normal 0.0653932 -0.997707 0.0174524
    outer loop
      vertex 130.829 11.5679 238.276
      vertex 126.036 11.3062 241.275
      vertex 126.039 11.2539 238.276
    endloop
  endfacet
  facet normal 0.0653932 -0.997707 0.0174526
    outer loop
      vertex 154.578 13.1245 238.276
      vertex 154.574 13.1767 241.275
      vertex 130.829 11.5679 238.276
    endloop
  endfacet
  facet normal 0.0653929 -0.997707 0.0174526
    outer loop
      vertex 154.574 13.1767 241.275
      vertex 154.578 13.1245 238.276
      vertex 159.364 13.4906 241.275
    endloop
  endfacet
  facet normal 0.0653931 -0.997707 0.0174523
    outer loop
      vertex 159.364 13.4906 241.275
      vertex 154.578 13.1245 238.276
      vertex 159.368 13.4384 238.276
    endloop
  endfacet
  facet normal 0.0653932 -0.997707 0.0174523
    outer loop
      vertex 130.815 11.7803 250.474
      vertex 148.781 12.881 246.075
      vertex 148.776 12.9576 250.474
    endloop
  endfacet
  facet normal 0.0653932 -0.997707 0.0174524
    outer loop
      vertex 130.825 11.6201 241.275
      vertex 148.781 12.881 246.075
      vertex 130.815 11.7803 250.474
    endloop
  endfacet
  facet normal 0.0653932 -0.997707 0.0174525
    outer loop
      vertex 154.574 13.1767 241.275
      vertex 148.781 12.881 246.075
      vertex 130.825 11.6201 241.275
    endloop
  endfacet
  facet normal 0.065393 -0.997707 0.0174523
    outer loop
      vertex 148.781 12.881 246.075
      vertex 154.574 13.1767 241.275
      vertex 154.569 13.2603 246.075
    endloop
  endfacet
  facet normal 0.997859 0.0654015 4.51437e-007
    outer loop
      vertex 126.845 11.1844 231.277
      vertex 126.986 9.0322 222.313
      vertex 126.856 11.0276 222.278
    endloop
  endfacet
  facet normal 0.997859 0.0654026 1.82267e-007
    outer loop
      vertex 126.845 11.1844 231.277
      vertex 127.215 5.54023 222.374
      vertex 126.986 9.0322 222.313
    endloop
  endfacet
  facet normal 0.997859 0.0654031 -2.47695e-007
    outer loop
      vertex 127.642 -0.963856 227.323
      vertex 126.845 11.1844 231.277
      vertex 127.639 -0.924263 231.489
    endloop
  endfacet
  facet normal 0.997859 0.065403 -9.10585e-008
    outer loop
      vertex 126.845 11.1844 231.277
      vertex 127.642 -0.963856 227.323
      vertex 127.215 5.54023 222.374
    endloop
  endfacet
  facet normal 0.997859 0.0654054 3.08471e-006
    outer loop
      vertex 127.644 -1.00624 225.268
      vertex 127.215 5.54023 222.374
      vertex 127.642 -0.963856 227.323
    endloop
  endfacet
  facet normal 0.997859 0.0654035 -1.39888e-006
    outer loop
      vertex 127.215 5.54023 222.374
      vertex 127.644 -1.00624 225.268
      vertex 127.646 -1.03145 222.489
    endloop
  endfacet
  facet normal 0.00114013 -0.0174153 -0.999848
    outer loop
      vertex 129.783 -0.809615 231.489
      vertex 130.837 11.446 231.277
      vertex 131.632 -0.68852 231.489
    endloop
  endfacet
  facet normal 0.00113834 -0.0174152 -0.999848
    outer loop
      vertex 129.155 -0.829584 231.489
      vertex 130.837 11.446 231.277
      vertex 129.783 -0.809615 231.489
    endloop
  endfacet
  facet normal 0.00113782 -0.0174163 -0.999848
    outer loop
      vertex 126.845 11.1844 231.277
      vertex 129.155 -0.829584 231.489
      vertex 127.639 -0.924263 231.489
    endloop
  endfacet
  facet normal 0.00114148 -0.0174156 -0.999848
    outer loop
      vertex 129.155 -0.829584 231.489
      vertex 126.845 11.1844 231.277
      vertex 130.837 11.446 231.277
    endloop
  endfacet
  facet normal 0.864742 0.0479292 -0.499924
    outer loop
      vertex 133.437 5.94804 222.374
      vertex 127.228 5.35215 211.576
      vertex 127.153 6.49133 211.556
    endloop
  endfacet
  facet normal -0.864742 -0.0479312 0.499925
    outer loop
      vertex 137.975 9.56355 211.515
      vertex 144.414 6.66748 222.374
      vertex 144.185 10.1595 222.313
    endloop
  endfacet
  facet normal -0.864742 -0.047935 0.499924
    outer loop
      vertex 144.414 6.66748 222.374
      vertex 137.975 9.56355 211.515
      vertex 138.204 6.07158 211.576
    endloop
  endfacet
  facet normal -0.00114135 0.0174137 0.999848
    outer loop
      vertex 137.975 9.56355 211.515
      vertex 133.621 9.27817 211.515
      vertex 133.775 6.92538 211.556
    endloop
  endfacet
  facet normal -0.00114176 0.0174143 0.999848
    outer loop
      vertex 133.775 6.92538 211.556
      vertex 138.204 6.07158 211.576
      vertex 137.975 9.56355 211.515
    endloop
  endfacet
  facet normal -0.00114149 0.0174157 0.999848
    outer loop
      vertex 133.775 6.92538 211.556
      vertex 127.228 5.35215 211.576
      vertex 138.204 6.07158 211.576
    endloop
  endfacet
  facet normal -0.00114149 0.0174157 0.999848
    outer loop
      vertex 127.228 5.35215 211.576
      vertex 133.775 6.92538 211.556
      vertex 127.153 6.49133 211.556
    endloop
  endfacet
  facet normal -0.0653932 0.997707 -0.0174524
    outer loop
      vertex 138.204 6.07158 211.576
      vertex 133.437 5.94804 222.374
      vertex 144.414 6.66748 222.374
    endloop
  endfacet
  facet normal -0.0653932 0.997707 -0.0174524
    outer loop
      vertex 133.437 5.94804 222.374
      vertex 138.204 6.07158 211.576
      vertex 127.228 5.35215 211.576
    endloop
  endfacet
  facet normal 0.0653933 -0.997707 0.0174523
    outer loop
      vertex 137.975 9.56355 211.515
      vertex 137.963 9.75164 222.313
      vertex 133.621 9.27817 211.515
    endloop
  endfacet
  facet normal 0.0653933 -0.997707 0.0174523
    outer loop
      vertex 137.963 9.75164 222.313
      vertex 137.975 9.56355 211.515
      vertex 144.185 10.1595 222.313
    endloop
  endfacet
  facet normal 0.997859 0.065403 4.24752e-007
    outer loop
      vertex 126.833 -0.855182 241.488
      vertex 126.039 11.2539 238.276
      vertex 126.036 11.3062 241.275
    endloop
  endfacet
  facet normal 0.997859 0.0654031 6.72964e-007
    outer loop
      vertex 126.039 11.2539 238.276
      vertex 126.833 -0.855182 241.488
      vertex 126.835 -0.885648 238.488
    endloop
  endfacet
  facet normal 0.00114737 -0.0174146 -0.999848
    outer loop
      vertex 129.844 -0.691158 241.489
      vertex 130.825 11.6201 241.275
      vertex 131.625 -0.579926 241.489
    endloop
  endfacet
  facet normal 0.00113179 -0.0174134 -0.999848
    outer loop
      vertex 129.415 -0.703279 241.488
      vertex 130.825 11.6201 241.275
      vertex 129.844 -0.691158 241.489
    endloop
  endfacet
  facet normal 0.00114277 -0.0174141 -0.999848
    outer loop
      vertex 126.036 11.3062 241.275
      vertex 129.415 -0.703279 241.488
      vertex 126.833 -0.855182 241.488
    endloop
  endfacet
  facet normal 0.00114141 -0.0174145 -0.999848
    outer loop
      vertex 129.415 -0.703279 241.488
      vertex 126.036 11.3062 241.275
      vertex 130.825 11.6201 241.275
    endloop
  endfacet
  facet normal 0.00116195 -0.0174135 -0.999848
    outer loop
      vertex 159.942 1.34664 241.488
      vertex 159.364 13.4906 241.275
      vertex 160.16 1.35676 241.488
    endloop
  endfacet
  facet normal 0.00113921 -0.0174146 -0.999848
    outer loop
      vertex 156.971 1.11723 241.488
      vertex 159.364 13.4906 241.275
      vertex 159.942 1.34664 241.488
    endloop
  endfacet
  facet normal 0.0011471 -0.0174139 -0.999848
    outer loop
      vertex 154.574 13.1767 241.275
      vertex 156.971 1.11723 241.488
      vertex 156.537 1.0974 241.488
    endloop
  endfacet
  facet normal 0.001146 -0.0174141 -0.999848
    outer loop
      vertex 154.574 13.1767 241.275
      vertex 156.537 1.0974 241.488
      vertex 155.372 1.00847 241.488
    endloop
  endfacet
  facet normal 0.00114143 -0.017415 -0.999848
    outer loop
      vertex 156.971 1.11723 241.488
      vertex 154.574 13.1767 241.275
      vertex 159.364 13.4906 241.275
    endloop
  endfacet
  facet normal -0.997859 -0.0654027 2.10737e-006
    outer loop
      vertex 160.16 1.34329 240.804
      vertex 159.364 13.4906 241.275
      vertex 159.368 13.4384 238.276
    endloop
  endfacet
  facet normal -0.997859 -0.0654025 -3.51612e-006
    outer loop
      vertex 159.364 13.4906 241.275
      vertex 160.16 1.34329 240.804
      vertex 160.16 1.35676 241.488
    endloop
  endfacet
  facet normal -0.997859 -0.0654028 1.43604e-006
    outer loop
      vertex 160.16 1.34329 240.804
      vertex 159.368 13.4384 238.276
      vertex 160.162 1.32066 238.488
    endloop
  endfacet
  facet normal -0.00114139 0.017414 0.999848
    outer loop
      vertex 130.829 11.5679 238.276
      vertex 128.802 -0.784823 238.489
      vertex 131.627 -0.608441 238.489
    endloop
  endfacet
  facet normal -0.00114138 0.017414 0.999848
    outer loop
      vertex 126.039 11.2539 238.276
      vertex 128.802 -0.784823 238.489
      vertex 130.829 11.5679 238.276
    endloop
  endfacet
  facet normal -0.00111719 0.0174196 0.999848
    outer loop
      vertex 128.802 -0.784823 238.489
      vertex 126.039 11.2539 238.276
      vertex 128.314 -0.798609 238.488
    endloop
  endfacet
  facet normal -0.00114831 0.0174137 0.999848
    outer loop
      vertex 128.314 -0.798609 238.488
      vertex 126.039 11.2539 238.276
      vertex 126.835 -0.885648 238.488
    endloop
  endfacet
  facet normal -0.00112879 0.017415 0.999848
    outer loop
      vertex 159.368 13.4384 238.276
      vertex 159.429 1.26354 238.488
      vertex 160.162 1.32066 238.488
    endloop
  endfacet
  facet normal -0.00115067 0.0174149 0.999848
    outer loop
      vertex 159.368 13.4384 238.276
      vertex 158.936 1.24055 238.488
      vertex 159.429 1.26354 238.488
    endloop
  endfacet
  facet normal -0.00114141 0.0174146 0.999848
    outer loop
      vertex 154.578 13.1245 238.276
      vertex 158.936 1.24055 238.488
      vertex 159.368 13.4384 238.276
    endloop
  endfacet
  facet normal -0.001141 0.0174148 0.999848
    outer loop
      vertex 158.936 1.24055 238.488
      vertex 154.578 13.1245 238.276
      vertex 156.013 1.01493 238.488
    endloop
  endfacet
  facet normal -0.00113559 0.0174154 0.999848
    outer loop
      vertex 156.013 1.01493 238.488
      vertex 154.578 13.1245 238.276
      vertex 155.52 0.99238 238.488
    endloop
  endfacet
  facet normal -0.0012245 0.0174085 0.999848
    outer loop
      vertex 155.52 0.99238 238.488
      vertex 154.578 13.1245 238.276
      vertex 155.374 0.981234 238.488
    endloop
  endfacet
  facet normal 0.00114183 -0.0174146 -0.999848
    outer loop
      vertex 140.675 9.44862 250.526
      vertex 148.776 12.9576 250.474
      vertex 149.564 0.94045 250.684
    endloop
  endfacet
  facet normal 0.00113918 -0.0174085 -0.999848
    outer loop
      vertex 140.441 9.65857 250.522
      vertex 148.776 12.9576 250.474
      vertex 140.675 9.44862 250.526
    endloop
  endfacet
  facet normal 0.00114452 -0.017422 -0.999848
    outer loop
      vertex 140.195 9.85343 250.518
      vertex 148.776 12.9576 250.474
      vertex 140.441 9.65857 250.522
    endloop
  endfacet
  facet normal 0.00112871 -0.0173783 -0.999848
    outer loop
      vertex 139.937 10.0324 250.515
      vertex 148.776 12.9576 250.474
      vertex 140.195 9.85343 250.518
    endloop
  endfacet
  facet normal 0.00115026 -0.0174434 -0.999847
    outer loop
      vertex 139.668 10.1949 250.512
      vertex 148.776 12.9576 250.474
      vertex 139.937 10.0324 250.515
    endloop
  endfacet
  facet normal 0.00114872 -0.0174383 -0.999847
    outer loop
      vertex 139.39 10.3401 250.509
      vertex 148.776 12.9576 250.474
      vertex 139.668 10.1949 250.512
    endloop
  endfacet
  facet normal 0.00114204 -0.0174144 -0.999848
    outer loop
      vertex 139.103 10.4676 250.506
      vertex 148.776 12.9576 250.474
      vertex 139.39 10.3401 250.509
    endloop
  endfacet
  facet normal 0.00112715 -0.0173565 -0.999849
    outer loop
      vertex 138.808 10.5768 250.504
      vertex 148.776 12.9576 250.474
      vertex 139.103 10.4676 250.506
    endloop
  endfacet
  facet normal 0.00114534 -0.0174326 -0.999847
    outer loop
      vertex 138.507 10.6673 250.502
      vertex 148.776 12.9576 250.474
      vertex 138.808 10.5768 250.504
    endloop
  endfacet
  facet normal 0.00115478 -0.017475 -0.999847
    outer loop
      vertex 138.201 10.7388 250.501
      vertex 148.776 12.9576 250.474
      vertex 138.507 10.6673 250.502
    endloop
  endfacet
  facet normal 0.00112429 -0.0173297 -0.999849
    outer loop
      vertex 137.892 10.7909 250.499
      vertex 148.776 12.9576 250.474
      vertex 138.201 10.7388 250.501
    endloop
  endfacet
  facet normal 0.0011566 -0.017492 -0.999846
    outer loop
      vertex 137.579 10.8234 250.498
      vertex 148.776 12.9576 250.474
      vertex 137.892 10.7909 250.499
    endloop
  endfacet
  facet normal 0.00113402 -0.0173735 -0.999848
    outer loop
      vertex 137.265 10.8363 250.498
      vertex 148.776 12.9576 250.474
      vertex 137.579 10.8234 250.498
    endloop
  endfacet
  facet normal 0.00115568 -0.017315 -0.999849
    outer loop
      vertex 130.815 11.7803 250.474
      vertex 137.265 10.8363 250.498
      vertex 136.951 10.8295 250.498
    endloop
  endfacet
  facet normal 0.00113739 -0.017433 -0.999847
    outer loop
      vertex 130.815 11.7803 250.474
      vertex 136.951 10.8295 250.498
      vertex 136.638 10.8029 250.498
    endloop
  endfacet
  facet normal 0.00112673 -0.0174965 -0.999846
    outer loop
      vertex 130.815 11.7803 250.474
      vertex 136.638 10.8029 250.498
      vertex 136.328 10.7568 250.498
    endloop
  endfacet
  facet normal 0.00114132 -0.0174131 -0.999848
    outer loop
      vertex 137.265 10.8363 250.498
      vertex 130.815 11.7803 250.474
      vertex 148.776 12.9576 250.474
    endloop
  endfacet
  facet normal 0.00113842 -0.0174335 -0.999847
    outer loop
      vertex 136.02 10.6912 250.499
      vertex 130.815 11.7803 250.474
      vertex 136.328 10.7568 250.498
    endloop
  endfacet
  facet normal 0.00114334 -0.0174101 -0.999848
    outer loop
      vertex 135.718 10.6065 250.5
      vertex 130.815 11.7803 250.474
      vertex 136.02 10.6912 250.499
    endloop
  endfacet
  facet normal 0.00114232 -0.0174143 -0.999848
    outer loop
      vertex 135.421 10.5029 250.502
      vertex 130.815 11.7803 250.474
      vertex 135.718 10.6065 250.5
    endloop
  endfacet
  facet normal 0.00115035 -0.0173853 -0.999848
    outer loop
      vertex 135.006 10.321 250.504
      vertex 130.815 11.7803 250.474
      vertex 135.421 10.5029 250.502
    endloop
  endfacet
  facet normal 0.00114071 -0.017413 -0.999848
    outer loop
      vertex 130.815 11.7803 250.474
      vertex 135.006 10.321 250.504
      vertex 131.039 8.36486 250.534
    endloop
  endfacet
  facet normal -0.997859 -0.0654032 4.96113e-007
    outer loop
      vertex 149.565 0.926518 249.884
      vertex 148.776 12.9576 250.474
      vertex 148.781 12.881 246.075
    endloop
  endfacet
  facet normal -0.997859 -0.0654031 -2.96119e-006
    outer loop
      vertex 148.776 12.9576 250.474
      vertex 149.565 0.926518 249.884
      vertex 149.564 0.94045 250.684
    endloop
  endfacet
  facet normal -0.997859 -0.065404 -1.9891e-006
    outer loop
      vertex 149.584 0.639351 246.289
      vertex 149.565 0.926518 249.884
      vertex 148.781 12.881 246.075
    endloop
  endfacet
  facet normal -0.997857 -0.0654358 5.58059e-007
    outer loop
      vertex 149.565 0.926518 249.884
      vertex 149.584 0.639351 246.289
      vertex 149.582 0.670329 249.889
    endloop
  endfacet
  facet normal -0.347741 -0.937455 0.0159311
    outer loop
      vertex 138.801 10.6918 257.103
      vertex 139.103 10.4676 250.506
      vertex 139.095 10.5826 257.105
    endloop
  endfacet
  facet normal -0.347744 -0.937454 0.015931
    outer loop
      vertex 139.103 10.4676 250.506
      vertex 138.801 10.6918 257.103
      vertex 138.808 10.5768 250.504
    endloop
  endfacet
  facet normal 0.627259 -0.77868 0.0142788
    outer loop
      vertex 122.302 3.86731 249.802
      vertex 122.538 4.19318 257.198
      vertex 122.293 3.99618 257.201
    endloop
  endfacet
  facet normal 0.627258 -0.77868 0.0142789
    outer loop
      vertex 122.538 4.19318 257.198
      vertex 122.302 3.86731 249.802
      vertex 122.546 4.06431 249.799
    endloop
  endfacet
  facet normal 0.984653 0.174511 -0.0019156
    outer loop
      vertex 120.657 -0.82337 257.283
      vertex 120.611 -0.643003 249.879
      vertex 120.602 -0.514131 257.278
    endloop
  endfacet
  facet normal 0.984653 0.174511 -0.0019156
    outer loop
      vertex 120.611 -0.643003 249.879
      vertex 120.657 -0.82337 257.283
      vertex 120.665 -0.952241 249.884
    endloop
  endfacet
  facet normal -0.10365 -0.994465 0.0172028
    outer loop
      vertex 137.572 10.9384 257.097
      vertex 137.892 10.7909 250.499
      vertex 137.884 10.9058 257.098
    endloop
  endfacet
  facet normal -0.103647 -0.994465 0.017203
    outer loop
      vertex 137.892 10.7909 250.499
      vertex 137.572 10.9384 257.097
      vertex 137.579 10.8234 250.498
    endloop
  endfacet
  facet normal 0.40113 -0.915874 0.0164106
    outer loop
      vertex 135.006 10.321 250.504
      vertex 135.414 10.6179 257.101
      vertex 134.998 10.4359 257.103
    endloop
  endfacet
  facet normal 0.401141 -0.915869 0.0164097
    outer loop
      vertex 135.414 10.6179 257.101
      vertex 135.006 10.321 250.504
      vertex 135.421 10.5029 250.502
    endloop
  endfacet
  facet normal 0.442279 -0.896732 0.016124
    outer loop
      vertex 123.339 4.68693 257.19
      vertex 131.039 8.36486 250.534
      vertex 134.998 10.4359 257.103
    endloop
  endfacet
  facet normal 0.442279 -0.896732 0.0161239
    outer loop
      vertex 123.347 4.55806 249.791
      vertex 131.039 8.36486 250.534
      vertex 123.339 4.68693 257.19
    endloop
  endfacet
  facet normal 0.442279 -0.896732 0.0161257
    outer loop
      vertex 131.039 8.36486 250.534
      vertex 123.347 4.55806 249.791
      vertex 131.04 8.35093 249.734
    endloop
  endfacet
  facet normal 0.442279 -0.896733 0.0161242
    outer loop
      vertex 134.998 10.4359 257.103
      vertex 131.039 8.36486 250.534
      vertex 135.006 10.321 250.504
    endloop
  endfacet
  facet normal 0.990382 -0.138312 0.00353959
    outer loop
      vertex 120.579 0.738804 257.256
      vertex 120.631 0.920968 249.851
      vertex 120.623 1.04984 257.25
    endloop
  endfacet
  facet normal 0.990382 -0.138312 0.00353959
    outer loop
      vertex 120.631 0.920968 249.851
      vertex 120.579 0.738804 257.256
      vertex 120.588 0.609932 249.857
    endloop
  endfacet
  facet normal 0.899145 -0.437565 0.00864774
    outer loop
      vertex 120.988 2.24855 257.23
      vertex 121.134 2.40207 249.826
      vertex 121.126 2.53094 257.225
    endloop
  endfacet
  facet normal 0.899145 -0.437565 0.00864774
    outer loop
      vertex 121.134 2.40207 249.826
      vertex 120.988 2.24855 257.23
      vertex 120.997 2.11968 249.831
    endloop
  endfacet
  facet normal 0.0218256 -0.99961 0.0174357
    outer loop
      vertex 136.944 10.9444 257.097
      vertex 137.265 10.8363 250.498
      vertex 137.258 10.9513 257.097
    endloop
  endfacet
  facet normal 0.0218286 -0.99961 0.0174359
    outer loop
      vertex 137.265 10.8363 250.498
      vertex 136.944 10.9444 257.097
      vertex 136.951 10.8295 250.498
    endloop
  endfacet
  facet normal -0.462551 -0.886467 0.0149119
    outer loop
      vertex 139.382 10.4551 257.108
      vertex 139.668 10.1949 250.512
      vertex 139.661 10.3098 257.111
    endloop
  endfacet
  facet normal -0.462534 -0.886476 0.014913
    outer loop
      vertex 139.668 10.1949 250.512
      vertex 139.382 10.4551 257.108
      vertex 139.39 10.3401 250.509
    endloop
  endfacet
  facet normal -0.517256 -0.855711 0.0143148
    outer loop
      vertex 139.661 10.3098 257.111
      vertex 139.937 10.0324 250.515
      vertex 139.929 10.1474 257.114
    endloop
  endfacet
  facet normal -0.517275 -0.8557 0.0143135
    outer loop
      vertex 139.937 10.0324 250.515
      vertex 139.661 10.3098 257.111
      vertex 139.668 10.1949 250.512
    endloop
  endfacet
  facet normal -0.570019 -0.821518 0.0136579
    outer loop
      vertex 139.929 10.1474 257.114
      vertex 140.195 9.85343 250.518
      vertex 140.187 9.96837 257.117
    endloop
  endfacet
  facet normal -0.569998 -0.821532 0.0136593
    outer loop
      vertex 140.195 9.85343 250.518
      vertex 139.929 10.1474 257.114
      vertex 139.937 10.0324 250.515
    endloop
  endfacet
  facet normal 0.0845097 -0.99627 0.0174491
    outer loop
      vertex 136.638 10.8029 250.498
      vertex 136.944 10.9444 257.097
      vertex 136.631 10.9179 257.097
    endloop
  endfacet
  facet normal 0.0845058 -0.99627 0.0174493
    outer loop
      vertex 136.944 10.9444 257.097
      vertex 136.638 10.8029 250.498
      vertex 136.951 10.8295 250.498
    endloop
  endfacet
  facet normal 0.208754 -0.977816 0.0172692
    outer loop
      vertex 136.02 10.6912 250.499
      vertex 136.32 10.8717 257.097
      vertex 136.013 10.8061 257.098
    endloop
  endfacet
  facet normal 0.208741 -0.977818 0.0172699
    outer loop
      vertex 136.32 10.8717 257.097
      vertex 136.02 10.6912 250.499
      vertex 136.328 10.7568 250.498
    endloop
  endfacet
  facet normal 0.14698 -0.988986 0.0173938
    outer loop
      vertex 136.328 10.7568 250.498
      vertex 136.631 10.9179 257.097
      vertex 136.32 10.8717 257.097
    endloop
  endfacet
  facet normal 0.146985 -0.988986 0.0173936
    outer loop
      vertex 136.631 10.9179 257.097
      vertex 136.328 10.7568 250.498
      vertex 136.638 10.8029 250.498
    endloop
  endfacet
  facet normal 0.329719 -0.943929 0.016817
    outer loop
      vertex 135.421 10.5029 250.502
      vertex 135.71 10.7214 257.099
      vertex 135.414 10.6179 257.101
    endloop
  endfacet
  facet normal 0.329707 -0.943934 0.0168177
    outer loop
      vertex 135.71 10.7214 257.099
      vertex 135.421 10.5029 250.502
      vertex 135.718 10.6065 250.5
    endloop
  endfacet
  facet normal 0.470203 -0.882415 0.0159069
    outer loop
      vertex 123.07 4.41038 249.793
      vertex 123.339 4.68693 257.19
      vertex 123.062 4.53925 257.192
    endloop
  endfacet
  facet normal 0.470214 -0.882409 0.0159063
    outer loop
      vertex 123.339 4.68693 257.19
      vertex 123.07 4.41038 249.793
      vertex 123.347 4.55806 249.791
    endloop
  endfacet
  facet normal 0.577141 -0.816509 0.0148805
    outer loop
      vertex 122.546 4.06431 249.799
      vertex 122.794 4.37444 257.195
      vertex 122.538 4.19318 257.198
    endloop
  endfacet
  facet normal 0.577142 -0.816508 0.0148804
    outer loop
      vertex 122.794 4.37444 257.195
      vertex 122.546 4.06431 249.799
      vertex 122.803 4.24557 249.796
    endloop
  endfacet
  facet normal 0.00095432 -0.0175829 -0.999845
    outer loop
      vertex 140.667 9.56356 257.125
      vertex 148.64 0.67385 257.289
      vertex 148.521 0.669112 257.289
    endloop
  endfacet
  facet normal 0.00116357 -0.017407 -0.999848
    outer loop
      vertex 140.667 9.56356 257.125
      vertex 145.307 0.442989 257.289
      vertex 145.188 0.438529 257.289
    endloop
  endfacet
  facet normal 0.00114004 -0.0174189 -0.999848
    outer loop
      vertex 145.307 0.442989 257.289
      vertex 140.667 9.56356 257.125
      vertex 148.521 0.669112 257.289
    endloop
  endfacet
  facet normal 0.00114706 -0.0174151 -0.999848
    outer loop
      vertex 140.667 9.56356 257.125
      vertex 145.188 0.438529 257.289
      vertex 141.976 0.220005 257.289
    endloop
  endfacet
  facet normal 0.0011199 -0.0174189 -0.999848
    outer loop
      vertex 140.667 9.56356 257.125
      vertex 141.976 0.220005 257.289
      vertex 141.857 0.215856 257.289
    endloop
  endfacet
  facet normal 0.00115943 -0.017399 -0.999848
    outer loop
      vertex 148.64 0.67385 257.289
      vertex 140.667 9.56356 257.125
      vertex 149.863 0.762336 257.289
    endloop
  endfacet
  facet normal 0.00114019 -0.0174164 -0.999848
    outer loop
      vertex 138.65 0.00586161 257.289
      vertex 140.667 9.56356 257.125
      vertex 141.857 0.215856 257.289
    endloop
  endfacet
  facet normal 0.00106784 -0.0174011 -0.999848
    outer loop
      vertex 138.531 0.00207894 257.289
      vertex 140.667 9.56356 257.125
      vertex 138.65 0.00586161 257.289
    endloop
  endfacet
  facet normal 0.00107829 -0.0174034 -0.999848
    outer loop
      vertex 140.667 9.56356 257.125
      vertex 138.531 0.00207894 257.289
      vertex 140.434 9.77351 257.121
    endloop
  endfacet
  facet normal 0.00120206 -0.0174275 -0.999847
    outer loop
      vertex 140.434 9.77351 257.121
      vertex 138.531 0.00207894 257.289
      vertex 140.187 9.96837 257.117
    endloop
  endfacet
  facet normal 0.00105276 -0.0174027 -0.999848
    outer loop
      vertex 140.187 9.96837 257.117
      vertex 138.531 0.00207894 257.289
      vertex 139.929 10.1474 257.114
    endloop
  endfacet
  facet normal 0.00116534 -0.0174182 -0.999848
    outer loop
      vertex 139.929 10.1474 257.114
      vertex 138.531 0.00207894 257.289
      vertex 139.661 10.3098 257.111
    endloop
  endfacet
  facet normal 0.00110783 -0.0174119 -0.999848
    outer loop
      vertex 139.661 10.3098 257.111
      vertex 138.531 0.00207894 257.289
      vertex 139.382 10.4551 257.108
    endloop
  endfacet
  facet normal 0.00119307 -0.0174189 -0.999848
    outer loop
      vertex 139.382 10.4551 257.108
      vertex 138.531 0.00207894 257.289
      vertex 139.095 10.5826 257.105
    endloop
  endfacet
  facet normal 0.00110581 -0.0174142 -0.999848
    outer loop
      vertex 139.095 10.5826 257.105
      vertex 138.531 0.00207894 257.289
      vertex 138.801 10.6918 257.103
    endloop
  endfacet
  facet normal 0.00115055 -0.0174153 -0.999848
    outer loop
      vertex 138.531 0.00207894 257.289
      vertex 138.5 10.7823 257.101
      vertex 138.801 10.6918 257.103
    endloop
  endfacet
  facet normal 0.00111887 -0.0174154 -0.999848
    outer loop
      vertex 138.531 0.00207894 257.289
      vertex 138.194 10.8537 257.1
      vertex 138.5 10.7823 257.101
    endloop
  endfacet
  facet normal 0.00120878 -0.0174126 -0.999848
    outer loop
      vertex 138.531 0.00207894 257.289
      vertex 137.884 10.9058 257.098
      vertex 138.194 10.8537 257.1
    endloop
  endfacet
  facet normal 0.0011154 -0.0174182 -0.999848
    outer loop
      vertex 138.531 0.00207894 257.289
      vertex 137.572 10.9384 257.097
      vertex 137.884 10.9058 257.098
    endloop
  endfacet
  facet normal 0.0011323 -0.0174167 -0.999848
    outer loop
      vertex 138.531 0.00207894 257.289
      vertex 137.258 10.9513 257.097
      vertex 137.572 10.9384 257.097
    endloop
  endfacet
  facet normal 0.00115778 -0.0174137 -0.999848
    outer loop
      vertex 138.531 0.00207894 257.289
      vertex 136.944 10.9444 257.097
      vertex 137.258 10.9513 257.097
    endloop
  endfacet
  facet normal 0.00108792 -0.0174239 -0.999848
    outer loop
      vertex 138.531 0.00207894 257.289
      vertex 136.631 10.9179 257.097
      vertex 136.944 10.9444 257.097
    endloop
  endfacet
  facet normal 0.00121091 -0.0174025 -0.999848
    outer loop
      vertex 138.531 0.00207894 257.289
      vertex 136.32 10.8717 257.097
      vertex 136.631 10.9179 257.097
    endloop
  endfacet
  facet normal 0.00113518 -0.0174179 -0.999848
    outer loop
      vertex 138.531 0.00207894 257.289
      vertex 136.013 10.8061 257.098
      vertex 136.32 10.8717 257.097
    endloop
  endfacet
  facet normal 0.00114483 -0.0174156 -0.999848
    outer loop
      vertex 138.531 0.00207894 257.289
      vertex 135.71 10.7214 257.099
      vertex 136.013 10.8061 257.098
    endloop
  endfacet
  facet normal 0.00114296 -0.0174161 -0.999848
    outer loop
      vertex 138.531 0.00207894 257.289
      vertex 135.414 10.6179 257.101
      vertex 135.71 10.7214 257.099
    endloop
  endfacet
  facet normal 0.00114452 -0.0174135 -0.999848
    outer loop
      vertex 134.998 10.4359 257.103
      vertex 138.531 0.00207894 257.289
      vertex 135.329 -0.197857 257.289
    endloop
  endfacet
  facet normal 0.0010068 -0.0174178 -0.999848
    outer loop
      vertex 134.998 10.4359 257.103
      vertex 135.329 -0.197857 257.289
      vertex 135.21 -0.201205 257.289
    endloop
  endfacet
  facet normal 0.00109634 -0.0174298 -0.999847
    outer loop
      vertex 138.531 0.00207894 257.289
      vertex 134.998 10.4359 257.103
      vertex 135.414 10.6179 257.101
    endloop
  endfacet
  facet normal 0.0011488 -0.0174149 -0.999848
    outer loop
      vertex 132.016 -0.389166 257.288
      vertex 134.998 10.4359 257.103
      vertex 135.21 -0.201205 257.289
    endloop
  endfacet
  facet normal 0.0011938 -0.0174273 -0.999847
    outer loop
      vertex 131.897 -0.392011 257.288
      vertex 134.998 10.4359 257.103
      vertex 132.016 -0.389166 257.288
    endloop
  endfacet
  facet normal 0.00113328 -0.01741 -0.999848
    outer loop
      vertex 128.711 -0.566144 257.288
      vertex 134.998 10.4359 257.103
      vertex 131.897 -0.392011 257.288
    endloop
  endfacet
  facet normal 0.00111208 -0.0174445 -0.999847
    outer loop
      vertex 123.339 4.68693 257.19
      vertex 128.711 -0.566144 257.288
      vertex 128.593 -0.568414 257.288
    endloop
  endfacet
  facet normal 0.00114567 -0.0174109 -0.999848
    outer loop
      vertex 123.339 4.68693 257.19
      vertex 128.593 -0.568414 257.288
      vertex 125.414 -0.726769 257.287
    endloop
  endfacet
  facet normal 0.00101833 -0.0174597 -0.999847
    outer loop
      vertex 123.339 4.68693 257.19
      vertex 125.414 -0.726769 257.287
      vertex 125.296 -0.72839 257.287
    endloop
  endfacet
  facet normal 0.0011413 -0.0174146 -0.999848
    outer loop
      vertex 128.711 -0.566144 257.288
      vertex 123.339 4.68693 257.19
      vertex 134.998 10.4359 257.103
    endloop
  endfacet
  facet normal 0.00122632 -0.0173845 -0.999848
    outer loop
      vertex 125.296 -0.72839 257.287
      vertex 123.062 4.53925 257.192
      vertex 123.339 4.68693 257.19
    endloop
  endfacet
  facet normal 0.00105891 -0.0174555 -0.999847
    outer loop
      vertex 125.296 -0.72839 257.287
      vertex 122.794 4.37444 257.195
      vertex 123.062 4.53925 257.192
    endloop
  endfacet
  facet normal 0.00121734 -0.0173779 -0.999848
    outer loop
      vertex 125.296 -0.72839 257.287
      vertex 122.538 4.19318 257.198
      vertex 122.794 4.37444 257.195
    endloop
  endfacet
  facet normal 0.00108301 -0.0174531 -0.999847
    outer loop
      vertex 125.296 -0.72839 257.287
      vertex 122.293 3.99618 257.201
      vertex 122.538 4.19318 257.198
    endloop
  endfacet
  facet normal 0.00114703 -0.0174139 -0.999848
    outer loop
      vertex 121.28 2.80415 257.221
      vertex 125.296 -0.72839 257.287
      vertex 122.124 -0.86899 257.285
    endloop
  endfacet
  facet normal 0.00116812 -0.017399 -0.999848
    outer loop
      vertex 125.296 -0.72839 257.287
      vertex 122.062 3.7842 257.204
      vertex 122.293 3.99618 257.201
    endloop
  endfacet
  facet normal 0.00117139 -0.017378 -0.999848
    outer loop
      vertex 120.579 0.738804 257.256
      vertex 122.124 -0.86899 257.285
      vertex 122.007 -0.869882 257.285
    endloop
  endfacet
  facet normal 0.0011347 -0.017423 -0.999848
    outer loop
      vertex 125.296 -0.72839 257.287
      vertex 121.844 3.5581 257.208
      vertex 122.062 3.7842 257.204
    endloop
  endfacet
  facet normal 0.00114283 -0.0174164 -0.999848
    outer loop
      vertex 125.296 -0.72839 257.287
      vertex 121.64 3.31875 257.212
      vertex 121.844 3.5581 257.208
    endloop
  endfacet
  facet normal 0.00118666 -0.0173769 -0.999848
    outer loop
      vertex 125.296 -0.72839 257.287
      vertex 121.452 3.0671 257.216
      vertex 121.64 3.31875 257.212
    endloop
  endfacet
  facet normal 0.00112184 -0.0174425 -0.999847
    outer loop
      vertex 125.296 -0.72839 257.287
      vertex 121.28 2.80415 257.221
      vertex 121.452 3.0671 257.216
    endloop
  endfacet
  facet normal 0.00116125 -0.0174106 -0.999848
    outer loop
      vertex 122.124 -0.86899 257.285
      vertex 121.126 2.53094 257.225
      vertex 121.28 2.80415 257.221
    endloop
  endfacet
  facet normal 0.0011468 -0.0174148 -0.999848
    outer loop
      vertex 122.124 -0.86899 257.285
      vertex 120.988 2.24855 257.23
      vertex 121.126 2.53094 257.225
    endloop
  endfacet
  facet normal 0.00105195 -0.0174494 -0.999847
    outer loop
      vertex 122.124 -0.86899 257.285
      vertex 120.869 1.95807 257.235
      vertex 120.988 2.24855 257.23
    endloop
  endfacet
  facet normal 0.00112839 -0.0174155 -0.999848
    outer loop
      vertex 122.124 -0.86899 257.285
      vertex 120.768 1.66069 257.24
      vertex 120.869 1.95807 257.235
    endloop
  endfacet
  facet normal 0.00112677 -0.0174163 -0.999848
    outer loop
      vertex 122.124 -0.86899 257.285
      vertex 120.686 1.35754 257.245
      vertex 120.768 1.66069 257.24
    endloop
  endfacet
  facet normal 0.00114371 -0.0173213 -0.999849
    outer loop
      vertex 120.657 -0.82337 257.283
      vertex 122.007 -0.869882 257.285
      vertex 120.681 -0.920463 257.285
    endloop
  endfacet
  facet normal 0.00114234 -0.017361 -0.999849
    outer loop
      vertex 122.007 -0.869882 257.285
      vertex 120.657 -0.82337 257.283
      vertex 120.602 -0.514131 257.278
    endloop
  endfacet
  facet normal 0.00116289 -0.017393 -0.999848
    outer loop
      vertex 122.124 -0.86899 257.285
      vertex 120.623 1.04984 257.25
      vertex 120.686 1.35754 257.245
    endloop
  endfacet
  facet normal 0.00111373 -0.0174739 -0.999847
    outer loop
      vertex 120.567 -0.202064 257.272
      vertex 122.007 -0.869882 257.285
      vertex 120.602 -0.514131 257.278
    endloop
  endfacet
  facet normal 0.00112463 -0.0174229 -0.999848
    outer loop
      vertex 122.124 -0.86899 257.285
      vertex 120.579 0.738804 257.256
      vertex 120.623 1.04984 257.25
    endloop
  endfacet
  facet normal 0.00116921 -0.0173543 -0.999849
    outer loop
      vertex 120.551 0.111608 257.267
      vertex 122.007 -0.869882 257.285
      vertex 120.567 -0.202064 257.272
    endloop
  endfacet
  facet normal 0.00111484 -0.0174282 -0.999847
    outer loop
      vertex 122.007 -0.869882 257.285
      vertex 120.555 0.425641 257.261
      vertex 120.579 0.738804 257.256
    endloop
  endfacet
  facet normal 0.00113344 -0.0174074 -0.999848
    outer loop
      vertex 122.007 -0.869882 257.285
      vertex 120.551 0.111608 257.267
      vertex 120.555 0.425641 257.261
    endloop
  endfacet
  facet normal 0.92489 -0.380158 0.00767724
    outer loop
      vertex 120.869 1.95807 257.235
      vertex 120.997 2.11968 249.831
      vertex 120.988 2.24855 257.23
    endloop
  endfacet
  facet normal 0.924889 -0.380159 0.00767723
    outer loop
      vertex 120.997 2.11968 249.831
      vertex 120.869 1.95807 257.235
      vertex 120.877 1.8292 249.836
    endloop
  endfacet
  facet normal 0.719934 -0.693923 0.0129083
    outer loop
      vertex 121.844 3.5581 257.208
      vertex 122.07 3.65533 249.805
      vertex 122.062 3.7842 257.204
    endloop
  endfacet
  facet normal 0.719933 -0.693923 0.0129083
    outer loop
      vertex 122.07 3.65533 249.805
      vertex 121.844 3.5581 257.208
      vertex 121.852 3.42923 249.809
    endloop
  endfacet
  facet normal -0.165899 -0.985997 0.0169845
    outer loop
      vertex 137.884 10.9058 257.098
      vertex 138.201 10.7388 250.501
      vertex 138.194 10.8537 257.1
    endloop
  endfacet
  facet normal -0.165905 -0.985995 0.0169842
    outer loop
      vertex 138.201 10.7388 250.501
      vertex 137.884 10.9058 257.098
      vertex 137.892 10.7909 250.499
    endloop
  endfacet
  facet normal -0.227549 -0.973623 0.0166983
    outer loop
      vertex 138.194 10.8537 257.1
      vertex 138.507 10.6673 250.502
      vertex 138.5 10.7823 257.101
    endloop
  endfacet
  facet normal -0.227539 -0.973626 0.0166988
    outer loop
      vertex 138.507 10.6673 250.502
      vertex 138.194 10.8537 257.1
      vertex 138.201 10.7388 250.501
    endloop
  endfacet
  facet normal -0.405936 -0.913771 0.0154529
    outer loop
      vertex 139.095 10.5826 257.105
      vertex 139.39 10.3401 250.509
      vertex 139.382 10.4551 257.108
    endloop
  endfacet
  facet normal -0.40595 -0.913764 0.015452
    outer loop
      vertex 139.39 10.3401 250.509
      vertex 139.095 10.5826 257.105
      vertex 139.103 10.4676 250.506
    endloop
  endfacet
  facet normal 0.269697 -0.962794 0.0170777
    outer loop
      vertex 135.718 10.6065 250.5
      vertex 136.013 10.8061 257.098
      vertex 135.71 10.7214 257.099
    endloop
  endfacet
  facet normal 0.26971 -0.96279 0.017077
    outer loop
      vertex 136.013 10.8061 257.098
      vertex 135.718 10.6065 250.5
      vertex 136.02 10.6912 250.499
    endloop
  endfacet
  facet normal 0.524749 -0.851118 0.0154234
    outer loop
      vertex 122.803 4.24557 249.796
      vertex 123.062 4.53925 257.192
      vertex 122.794 4.37444 257.195
    endloop
  endfacet
  facet normal 0.524736 -0.851125 0.0154242
    outer loop
      vertex 123.062 4.53925 257.192
      vertex 122.803 4.24557 249.796
      vertex 123.07 4.41038 249.793
    endloop
  endfacet
  facet normal 0.99712 -0.0757977 0.00245842
    outer loop
      vertex 120.555 0.425641 257.261
      vertex 120.588 0.609932 249.857
      vertex 120.579 0.738804 257.256
    endloop
  endfacet
  facet normal 0.99712 -0.0757977 0.00245842
    outer loop
      vertex 120.588 0.609932 249.857
      vertex 120.555 0.425641 257.261
      vertex 120.564 0.29677 249.862
    endloop
  endfacet
  facet normal -0.00113563 0.017414 0.999848
    outer loop
      vertex 131.04 8.35093 249.734
      vertex 129.421 -0.617265 249.888
      vertex 131.619 -0.487943 249.889
    endloop
  endfacet
  facet normal -0.00117248 0.0174207 0.999848
    outer loop
      vertex 131.04 8.35093 249.734
      vertex 129.158 -0.623601 249.888
      vertex 129.421 -0.617265 249.888
    endloop
  endfacet
  facet normal -0.00114098 0.0174141 0.999848
    outer loop
      vertex 123.347 4.55806 249.791
      vertex 129.158 -0.623601 249.888
      vertex 131.04 8.35093 249.734
    endloop
  endfacet
  facet normal -0.00114062 0.0174145 0.999848
    outer loop
      vertex 129.158 -0.623601 249.888
      vertex 123.347 4.55806 249.791
      vertex 126.091 -0.791202 249.888
    endloop
  endfacet
  facet normal -0.00114836 0.0174105 0.999848
    outer loop
      vertex 126.091 -0.791202 249.888
      vertex 123.347 4.55806 249.791
      vertex 125.828 -0.796257 249.887
    endloop
  endfacet
  facet normal -0.00117789 0.0173969 0.999848
    outer loop
      vertex 123.07 4.41038 249.793
      vertex 125.828 -0.796257 249.887
      vertex 123.347 4.55806 249.791
    endloop
  endfacet
  facet normal -0.0011039 0.017436 0.999847
    outer loop
      vertex 122.803 4.24557 249.796
      vertex 125.828 -0.796257 249.887
      vertex 123.07 4.41038 249.793
    endloop
  endfacet
  facet normal -0.00117069 0.017396 0.999848
    outer loop
      vertex 122.546 4.06431 249.799
      vertex 125.828 -0.796257 249.887
      vertex 122.803 4.24557 249.796
    endloop
  endfacet
  facet normal -0.00112446 0.0174272 0.999848
    outer loop
      vertex 122.302 3.86731 249.802
      vertex 125.828 -0.796257 249.887
      vertex 122.546 4.06431 249.799
    endloop
  endfacet
  facet normal -0.00114173 0.0174141 0.999848
    outer loop
      vertex 125.828 -0.796257 249.887
      vertex 122.302 3.86731 249.802
      vertex 122.768 -0.948673 249.886
    endloop
  endfacet
  facet normal -0.00117866 0.0174105 0.999848
    outer loop
      vertex 122.07 3.65533 249.805
      vertex 122.768 -0.948673 249.886
      vertex 122.302 3.86731 249.802
    endloop
  endfacet
  facet normal -0.00112949 0.017418 0.999848
    outer loop
      vertex 121.852 3.42923 249.809
      vertex 122.768 -0.948673 249.886
      vertex 122.07 3.65533 249.805
    endloop
  endfacet
  facet normal -0.00114167 0.0174154 0.999848
    outer loop
      vertex 121.649 3.18988 249.813
      vertex 122.768 -0.948673 249.886
      vertex 121.852 3.42923 249.809
    endloop
  endfacet
  facet normal -0.00115304 0.0174124 0.999848
    outer loop
      vertex 121.461 2.93823 249.817
      vertex 122.768 -0.948673 249.886
      vertex 121.649 3.18988 249.813
    endloop
  endfacet
  facet normal -0.00110201 0.0174295 0.999847
    outer loop
      vertex 121.289 2.67528 249.822
      vertex 122.768 -0.948673 249.886
      vertex 121.461 2.93823 249.817
    endloop
  endfacet
  facet normal -0.00115587 0.0174076 0.999848
    outer loop
      vertex 121.134 2.40207 249.826
      vertex 122.768 -0.948673 249.886
      vertex 121.289 2.67528 249.822
    endloop
  endfacet
  facet normal -0.00114386 0.0174134 0.999848
    outer loop
      vertex 120.997 2.11968 249.831
      vertex 122.768 -0.948673 249.886
      vertex 121.134 2.40207 249.826
    endloop
  endfacet
  facet normal -0.00112236 0.0174258 0.999848
    outer loop
      vertex 120.877 1.8292 249.836
      vertex 122.768 -0.948673 249.886
      vertex 120.997 2.11968 249.831
    endloop
  endfacet
  facet normal -0.00113453 0.0174175 0.999848
    outer loop
      vertex 120.776 1.53182 249.841
      vertex 122.768 -0.948673 249.886
      vertex 120.877 1.8292 249.836
    endloop
  endfacet
  facet normal -0.00111338 0.0174345 0.999847
    outer loop
      vertex 122.768 -0.948673 249.886
      vertex 120.776 1.53182 249.841
      vertex 122.506 -0.952282 249.886
    endloop
  endfacet
  facet normal -0.00113594 0.0174188 0.999848
    outer loop
      vertex 120.694 1.22867 249.846
      vertex 122.506 -0.952282 249.886
      vertex 120.776 1.53182 249.841
    endloop
  endfacet
  facet normal -0.0011662 0.0173937 0.999848
    outer loop
      vertex 120.631 0.920968 249.851
      vertex 122.506 -0.952282 249.886
      vertex 120.694 1.22867 249.846
    endloop
  endfacet
  facet normal -0.00113545 0.0174244 0.999848
    outer loop
      vertex 120.588 0.609932 249.857
      vertex 122.506 -0.952282 249.886
      vertex 120.631 0.920968 249.851
    endloop
  endfacet
  facet normal -0.00114333 0.0174101 0.999848
    outer loop
      vertex 120.665 -0.952241 249.884
      vertex 122.506 -0.952282 249.886
      vertex 120.611 -0.643003 249.879
    endloop
  endfacet
  facet normal -0.00114333 0.0174786 0.999847
    outer loop
      vertex 122.506 -0.952282 249.886
      vertex 120.665 -0.952241 249.884
      vertex 120.685 -1.03301 249.886
    endloop
  endfacet
  facet normal -0.00113139 0.0174294 0.999847
    outer loop
      vertex 120.564 0.29677 249.862
      vertex 122.506 -0.952282 249.886
      vertex 120.588 0.609932 249.857
    endloop
  endfacet
  facet normal -0.00114141 0.0174219 0.999848
    outer loop
      vertex 122.506 -0.952282 249.886
      vertex 120.575 -0.330935 249.873
      vertex 120.611 -0.643003 249.879
    endloop
  endfacet
  facet normal -0.00114549 0.0174075 0.999848
    outer loop
      vertex 120.56 -0.0172629 249.868
      vertex 122.506 -0.952282 249.886
      vertex 120.564 0.29677 249.862
    endloop
  endfacet
  facet normal -0.00114717 0.017404 0.999848
    outer loop
      vertex 122.506 -0.952282 249.886
      vertex 120.56 -0.0172629 249.868
      vertex 120.575 -0.330935 249.873
    endloop
  endfacet
  facet normal -0.00115996 0.0174321 0.999847
    outer loop
      vertex 149.582 0.670329 249.889
      vertex 149.815 0.687573 249.889
      vertex 149.565 0.926518 249.884
    endloop
  endfacet
  facet normal 0.993672 0.112317 -0.000822044
    outer loop
      vertex 120.602 -0.514131 257.278
      vertex 120.575 -0.330935 249.873
      vertex 120.567 -0.202064 257.272
    endloop
  endfacet
  facet normal 0.993672 0.112317 -0.000822044
    outer loop
      vertex 120.575 -0.330935 249.873
      vertex 120.602 -0.514131 257.278
      vertex 120.611 -0.643003 249.879
    endloop
  endfacet
  facet normal 0.971772 0.235901 -0.00299947
    outer loop
      vertex 120.683 -0.973235 253.804
      vertex 120.657 -0.82337 257.283
      vertex 120.681 -0.920463 257.285
    endloop
  endfacet
  facet normal 0.971771 0.235906 -0.00299967
    outer loop
      vertex 120.657 -0.82337 257.283
      vertex 120.683 -0.973235 253.804
      vertex 120.665 -0.952241 249.884
    endloop
  endfacet
  facet normal 0.971712 0.236152 -0.00299809
    outer loop
      vertex 120.684 -0.986843 253.296
      vertex 120.665 -0.952241 249.884
      vertex 120.683 -0.973235 253.804
    endloop
  endfacet
  facet normal 0.97176 0.235952 -0.00300038
    outer loop
      vertex 120.665 -0.952241 249.884
      vertex 120.684 -0.986843 253.296
      vertex 120.685 -1.03301 249.886
    endloop
  endfacet
  facet normal 0.869924 -0.493093 0.00958155
    outer loop
      vertex 121.126 2.53094 257.225
      vertex 121.289 2.67528 249.822
      vertex 121.28 2.80415 257.221
    endloop
  endfacet
  facet normal 0.869924 -0.493093 0.00958155
    outer loop
      vertex 121.289 2.67528 249.822
      vertex 121.126 2.53094 257.225
      vertex 121.134 2.40207 249.826
    endloop
  endfacet
  facet normal 0.946918 -0.321406 0.00667905
    outer loop
      vertex 120.768 1.66069 257.24
      vertex 120.877 1.8292 249.836
      vertex 120.869 1.95807 257.235
    endloop
  endfacet
  facet normal 0.946918 -0.321406 0.00667905
    outer loop
      vertex 120.877 1.8292 249.836
      vertex 120.768 1.66069 257.24
      vertex 120.776 1.53182 249.841
    endloop
  endfacet
  facet normal 0.837262 -0.546701 0.010478
    outer loop
      vertex 121.28 2.80415 257.221
      vertex 121.461 2.93823 249.817
      vertex 121.452 3.0671 257.216
    endloop
  endfacet
  facet normal 0.837262 -0.546701 0.010478
    outer loop
      vertex 121.461 2.93823 249.817
      vertex 121.28 2.80415 257.221
      vertex 121.289 2.67528 249.822
    endloop
  endfacet
  facet normal 0.674936 -0.73775 0.0136203
    outer loop
      vertex 122.07 3.65533 249.805
      vertex 122.293 3.99618 257.201
      vertex 122.062 3.7842 257.204
    endloop
  endfacet
  facet normal 0.674937 -0.73775 0.0136203
    outer loop
      vertex 122.293 3.99618 257.201
      vertex 122.07 3.65533 249.805
      vertex 122.302 3.86731 249.802
    endloop
  endfacet
  facet normal -0.0410411 -0.999007 0.0173536
    outer loop
      vertex 137.258 10.9513 257.097
      vertex 137.579 10.8234 250.498
      vertex 137.572 10.9384 257.097
    endloop
  endfacet
  facet normal -0.0410441 -0.999007 0.0173534
    outer loop
      vertex 137.579 10.8234 250.498
      vertex 137.258 10.9513 257.097
      vertex 137.265 10.8363 250.498
    endloop
  endfacet
  facet normal -0.288208 -0.957428 0.0163469
    outer loop
      vertex 138.5 10.7823 257.101
      vertex 138.808 10.5768 250.504
      vertex 138.801 10.6918 257.103
    endloop
  endfacet
  facet normal -0.288208 -0.957428 0.0163469
    outer loop
      vertex 138.808 10.5768 250.504
      vertex 138.5 10.7823 257.101
      vertex 138.507 10.6673 250.502
    endloop
  endfacet
  facet normal -0.668489 -0.743622 0.0121901
    outer loop
      vertex 140.434 9.77351 257.121
      vertex 140.675 9.44862 250.526
      vertex 140.667 9.56356 257.125
    endloop
  endfacet
  facet normal -0.668512 -0.743601 0.0121882
    outer loop
      vertex 140.675 9.44862 250.526
      vertex 140.434 9.77351 257.121
      vertex 140.441 9.65857 250.522
    endloop
  endfacet
  facet normal -0.69152 -0.722261 0.0117902
    outer loop
      vertex 140.667 9.56356 257.125
      vertex 149.819 0.709037 251.456
      vertex 149.863 0.762336 257.289
    endloop
  endfacet
  facet normal -0.691519 -0.722262 0.0117918
    outer loop
      vertex 140.675 9.44862 250.526
      vertex 149.819 0.709037 251.456
      vertex 140.667 9.56356 257.125
    endloop
  endfacet
  facet normal -0.691509 -0.722272 0.0117921
    outer loop
      vertex 149.819 0.709037 251.456
      vertex 149.564 0.94045 250.684
      vertex 149.821 0.695494 250.75
    endloop
  endfacet
  facet normal -0.691519 -0.722261 0.0117987
    outer loop
      vertex 149.819 0.709037 251.456
      vertex 140.675 9.44862 250.526
      vertex 149.564 0.94045 250.684
    endloop
  endfacet
  facet normal -0.691509 -0.722272 0.0117899
    outer loop
      vertex 149.564 0.94045 250.684
      vertex 149.815 0.687573 249.889
      vertex 149.821 0.695494 250.75
    endloop
  endfacet
  facet normal -0.69151 -0.72227 0.0117888
    outer loop
      vertex 149.815 0.687573 249.889
      vertex 149.564 0.94045 250.684
      vertex 149.565 0.926518 249.884
    endloop
  endfacet
  facet normal -0.620465 -0.784127 0.012949
    outer loop
      vertex 140.187 9.96837 257.117
      vertex 140.441 9.65857 250.522
      vertex 140.434 9.77351 257.121
    endloop
  endfacet
  facet normal -0.620464 -0.784128 0.012949
    outer loop
      vertex 140.441 9.65857 250.522
      vertex 140.187 9.96837 257.117
      vertex 140.195 9.85343 250.518
    endloop
  endfacet
  facet normal 0.998764 0.0497077 0.000274285
    outer loop
      vertex 120.567 -0.202064 257.272
      vertex 120.56 -0.0172629 249.868
      vertex 120.551 0.111608 257.267
    endloop
  endfacet
  facet normal 0.998764 0.0497077 0.000274285
    outer loop
      vertex 120.56 -0.0172629 249.868
      vertex 120.567 -0.202064 257.272
      vertex 120.575 -0.330935 249.873
    endloop
  endfacet
  facet normal 0.999914 -0.01307 0.00136904
    outer loop
      vertex 120.551 0.111608 257.267
      vertex 120.564 0.29677 249.862
      vertex 120.555 0.425641 257.261
    endloop
  endfacet
  facet normal 0.999914 -0.01307 0.00136904
    outer loop
      vertex 120.564 0.29677 249.862
      vertex 120.551 0.111608 257.267
      vertex 120.56 -0.0172629 249.868
    endloop
  endfacet
  facet normal 0.979747 -0.200188 0.00460518
    outer loop
      vertex 120.623 1.04984 257.25
      vertex 120.694 1.22867 249.846
      vertex 120.686 1.35754 257.245
    endloop
  endfacet
  facet normal 0.979747 -0.200188 0.00460518
    outer loop
      vertex 120.694 1.22867 249.846
      vertex 120.623 1.04984 257.25
      vertex 120.631 0.920968 249.851
    endloop
  endfacet
  facet normal 0.965249 -0.26127 0.00565253
    outer loop
      vertex 120.686 1.35754 257.245
      vertex 120.776 1.53182 249.841
      vertex 120.768 1.66069 257.24
    endloop
  endfacet
  facet normal 0.965249 -0.26127 0.00565253
    outer loop
      vertex 120.776 1.53182 249.841
      vertex 120.686 1.35754 257.245
      vertex 120.694 1.22867 249.846
    endloop
  endfacet
  facet normal 0.801234 -0.598244 0.0113346
    outer loop
      vertex 121.452 3.0671 257.216
      vertex 121.649 3.18988 249.813
      vertex 121.64 3.31875 257.212
    endloop
  endfacet
  facet normal 0.801234 -0.598244 0.0113346
    outer loop
      vertex 121.649 3.18988 249.813
      vertex 121.452 3.0671 257.216
      vertex 121.461 2.93823 249.817
    endloop
  endfacet
  facet normal 0.762102 -0.647343 0.0121451
    outer loop
      vertex 121.64 3.31875 257.212
      vertex 121.852 3.42923 249.809
      vertex 121.844 3.5581 257.208
    endloop
  endfacet
  facet normal 0.762102 -0.647343 0.0121451
    outer loop
      vertex 121.852 3.42923 249.809
      vertex 121.64 3.31875 257.212
      vertex 121.649 3.18988 249.813
    endloop
  endfacet
  facet normal -0.962031 -0.0654049 0.264987
    outer loop
      vertex 32.4181 0 122.348
      vertex 16.8867 0.156631 66
      vertex 16.8974 0 66
    endloop
  endfacet
  facet normal -0.962032 -0.0653855 0.264988
    outer loop
      vertex 16.8867 0.156631 66
      vertex 32.4181 0 122.348
      vertex 32.4082 0.156631 122.35
    endloop
  endfacet
  facet normal -0.265561 0 -0.964094
    outer loop
      vertex 32.179 -0.730514 122.413
      vertex 32.33 0.45922 122.372
      vertex 32.33 -0.45922 122.372
    endloop
  endfacet
  facet normal -0.265561 0 -0.964094
    outer loop
      vertex 32.33 0.45922 122.372
      vertex 32.179 -0.730514 122.413
      vertex 32.179 0.730514 122.413
    endloop
  endfacet
  facet normal -0.0630559 -0.997859 0.0173685
    outer loop
      vertex 15.8151 1.18973 66
      vertex 31.2611 1.2 122.666
      vertex 15.6527 1.2 66
    endloop
  endfacet
  facet normal -0.0630552 -0.997859 0.0173683
    outer loop
      vertex 31.2611 1.2 122.666
      vertex 15.8151 1.18973 66
      vertex 31.4122 1.18973 122.625
    endloop
  endfacet
  facet normal -0.265558 8.99426e-005 -0.964095
    outer loop
      vertex 31.5606 -1.15911 122.584
      vertex 31.2611 -1.2 122.666
      vertex 30.9617 -1.15911 122.749
    endloop
  endfacet
  facet normal -0.912936 -0.321423 0.251465
    outer loop
      vertex 32.3786 0.310582 122.358
      vertex 16.8026 0.45922 66
      vertex 16.8314 0.377427 66
    endloop
  endfacet
  facet normal -0.912937 -0.321421 0.251465
    outer loop
      vertex 16.8026 0.45922 66
      vertex 32.3786 0.310582 122.358
      vertex 32.33 0.45922 122.372
    endloop
  endfacet
  facet normal 0.309894 -0.946932 -0.085359
    outer loop
      vertex 15.3305 1.15911 66
      vertex 30.8184 1.10865 122.788
      vertex 15.1764 1.10865 66
    endloop
  endfacet
  facet normal 0.309897 -0.946931 -0.0853599
    outer loop
      vertex 30.8184 1.10865 122.788
      vertex 15.3305 1.15911 66
      vertex 30.9617 1.15911 122.749
    endloop
  endfacet
  facet normal 0.801619 0.555566 -0.220803
    outer loop
      vertex 30.2592 -0.599999 122.942
      vertex 14.6158 -0.659285 66
      vertex 14.5747 -0.599999 66
    endloop
  endfacet
  facet normal 0.801619 -0.555566 -0.220803
    outer loop
      vertex 14.6158 0.659285 66
      vertex 30.2592 0.599999 122.942
      vertex 14.5747 0.599999 66
    endloop
  endfacet
  facet normal 0.72485 -0.659341 -0.199657
    outer loop
      vertex 14.6652 0.730514 66
      vertex 30.4431 0.848528 122.892
      vertex 30.3433 0.730514 122.919
    endloop
  endfacet
  facet normal 0.724848 -0.659342 -0.199657
    outer loop
      vertex 30.4431 0.848528 122.892
      vertex 14.6652 0.730514 66
      vertex 14.7238 0.794946 66
    endloop
  endfacet
  facet normal -0.265858 -0.000176423 -0.964012
    outer loop
      vertex 30.3433 -0.730514 122.919
      vertex 30.2592 -0.599999 122.942
      vertex 30.1923 -0.45922 122.961
    endloop
  endfacet
  facet normal 0.535626 -0.831467 -0.147536
    outer loop
      vertex 14.9689 0.99968 66
      vertex 30.5569 0.952024 122.86
      vertex 14.895 0.952024 66
    endloop
  endfacet
  facet normal 0.535623 -0.83147 -0.147535
    outer loop
      vertex 30.5569 0.952024 122.86
      vertex 14.9689 0.99968 66
      vertex 30.6827 1.03923 122.826
    endloop
  endfacet
  facet normal 0.535624 0.831469 -0.147535
    outer loop
      vertex 30.6827 -1.03923 122.826
      vertex 15.0303 -1.03923 66
      vertex 14.9689 -0.99968 66
    endloop
  endfacet
  facet normal -0.265556 0 -0.964095
    outer loop
      vertex 30.1923 -0.45922 122.961
      vertex 32.179 0.730514 122.413
      vertex 32.179 -0.730514 122.413
    endloop
  endfacet
  facet normal -0.265556 0 -0.964095
    outer loop
      vertex 32.179 0.730514 122.413
      vertex 30.1923 -0.45922 122.961
      vertex 30.1923 0.45922 122.961
    endloop
  endfacet
  facet normal -0.265554 5.96938e-006 -0.964096
    outer loop
      vertex 31.7039 -1.10865 122.544
      vertex 30.6827 -1.03923 122.826
      vertex 30.3433 -0.730514 122.919
    endloop
  endfacet
  facet normal -0.265416 3.74505e-005 -0.964134
    outer loop
      vertex 30.1923 -0.45922 122.961
      vertex 30.1437 -0.310582 122.974
      vertex 30.1042 0 122.985
    endloop
  endfacet
  facet normal 0.91293 0.321442 -0.251463
    outer loop
      vertex 30.1923 -0.45922 122.961
      vertex 14.4504 -0.310582 66
      vertex 30.1437 -0.310582 122.974
    endloop
  endfacet
  facet normal 0.912934 0.321429 -0.251464
    outer loop
      vertex 14.4504 -0.310582 66
      vertex 30.1923 -0.45922 122.961
      vertex 14.4789 -0.39166 66
    endloop
  endfacet
  facet normal -0.724841 0.659351 0.199654
    outer loop
      vertex 16.5328 -0.848528 66
      vertex 32.179 -0.730514 122.413
      vertex 16.5918 -0.783645 66
    endloop
  endfacet
  facet normal -0.724838 0.659355 0.199654
    outer loop
      vertex 32.179 -0.730514 122.413
      vertex 16.5328 -0.848528 66
      vertex 32.0792 -0.848528 122.441
    endloop
  endfacet
  facet normal -0.26528 0.000168068 -0.964171
    outer loop
      vertex 32.2631 0.599999 122.39
      vertex 32.33 0.45922 122.372
      vertex 32.179 0.730514 122.413
    endloop
  endfacet
  facet normal 0.912931 0.32144 -0.251463
    outer loop
      vertex 30.1923 -0.45922 122.961
      vertex 14.5027 -0.45922 66
      vertex 14.4789 -0.39166 66
    endloop
  endfacet
  facet normal 0.94557 -0.195095 -0.260453
    outer loop
      vertex 14.4331 0.22662 66
      vertex 30.1141 0.156631 122.982
      vertex 14.4186 0.156631 66
    endloop
  endfacet
  facet normal -0.265597 -0 -0.964084
    outer loop
      vertex 30.1923 0.45922 122.961
      vertex 30.1923 -0.45922 122.961
      vertex 30.1042 0 122.985
    endloop
  endfacet
  facet normal 0.535624 -0.831469 -0.147535
    outer loop
      vertex 15.0303 1.03923 66
      vertex 30.6827 1.03923 122.826
      vertex 14.9689 0.99968 66
    endloop
  endfacet
  facet normal -0.864666 -0.4423 0.238169
    outer loop
      vertex 16.8026 0.45922 66
      vertex 32.33 0.45922 122.372
      vertex 16.7702 0.522549 66
    endloop
  endfacet
  facet normal -0.265858 0.000176423 -0.964012
    outer loop
      vertex 30.2592 0.599999 122.942
      vertex 30.3433 0.730514 122.919
      vertex 30.1923 0.45922 122.961
    endloop
  endfacet
  facet normal -0.265556 2.27144e-007 -0.964095
    outer loop
      vertex 31.7039 1.10865 122.544
      vertex 32.179 0.730514 122.413
      vertex 30.1923 0.45922 122.961
    endloop
  endfacet
  facet normal -0.864666 0.4423 0.238169
    outer loop
      vertex 32.33 -0.45922 122.372
      vertex 16.8026 -0.45922 66
      vertex 16.7702 -0.522549 66
    endloop
  endfacet
  facet normal -0.30989 0.946933 0.0853579
    outer loop
      vertex 16.129 -1.10865 66
      vertex 31.5606 -1.15911 122.584
      vertex 31.7039 -1.10865 122.544
    endloop
  endfacet
  facet normal -0.309896 0.946931 0.0853594
    outer loop
      vertex 31.5606 -1.15911 122.584
      vertex 16.129 -1.10865 66
      vertex 15.9748 -1.15911 66
    endloop
  endfacet
  facet normal -0.265512 1.01927e-005 -0.964107
    outer loop
      vertex 32.3786 0.310582 122.358
      vertex 32.4082 0.156631 122.35
      vertex 32.33 0.45922 122.372
    endloop
  endfacet
  facet normal -0.724856 -0.659334 0.199659
    outer loop
      vertex 16.6402 0.730514 66
      vertex 32.179 0.730514 122.413
      vertex 16.5918 0.783645 66
    endloop
  endfacet
  facet normal -0.535623 0.83147 0.147535
    outer loop
      vertex 16.3494 -0.991328 66
      vertex 31.8396 -1.03923 122.507
      vertex 31.9654 -0.952024 122.472
    endloop
  endfacet
  facet normal -0.535627 0.831466 0.147536
    outer loop
      vertex 31.8396 -1.03923 122.507
      vertex 16.3494 -0.991328 66
      vertex 16.275 -1.03923 66
    endloop
  endfacet
  facet normal -0.265558 3.8469e-005 -0.964095
    outer loop
      vertex 31.5606 1.15911 122.584
      vertex 31.7039 1.10865 122.544
      vertex 30.9617 1.15911 122.749
    endloop
  endfacet
  facet normal -0.265358 4.52856e-005 -0.96415
    outer loop
      vertex 30.1437 -0.310582 122.974
      vertex 30.1141 -0.156631 122.982
      vertex 30.1042 0 122.985
    endloop
  endfacet
  facet normal -0.265554 5.97237e-006 -0.964096
    outer loop
      vertex 31.7039 -1.10865 122.544
      vertex 30.3433 -0.730514 122.919
      vertex 30.1923 -0.45922 122.961
    endloop
  endfacet
  facet normal -0.265475 0.000109892 -0.964118
    outer loop
      vertex 32.0792 0.848528 122.441
      vertex 32.179 0.730514 122.413
      vertex 31.7039 1.10865 122.544
    endloop
  endfacet
  facet normal -0.945571 -0.195087 0.260454
    outer loop
      vertex 32.4082 0.156631 122.35
      vertex 16.8692 0.241359 66
      vertex 16.8867 0.156631 66
    endloop
  endfacet
  facet normal -0.945568 -0.195106 0.260453
    outer loop
      vertex 16.8692 0.241359 66
      vertex 32.4082 0.156631 122.35
      vertex 32.3786 0.310582 122.358
    endloop
  endfacet
  facet normal 0.864676 -0.442277 -0.238172
    outer loop
      vertex 14.5027 0.45922 66
      vertex 30.2592 0.599999 122.942
      vertex 30.1923 0.45922 122.961
    endloop
  endfacet
  facet normal 0.864669 -0.442292 -0.23817
    outer loop
      vertex 30.2592 0.599999 122.942
      vertex 14.5027 0.45922 66
      vertex 14.542 0.53603 66
    endloop
  endfacet
  facet normal 0.962031 -0.06541 -0.264987
    outer loop
      vertex 14.408 0 66
      vertex 30.1141 0.156631 122.982
      vertex 30.1042 0 122.985
    endloop
  endfacet
  facet normal 0.962031 -0.0653991 -0.264988
    outer loop
      vertex 30.1141 0.156631 122.982
      vertex 14.408 0 66
      vertex 14.4186 0.156631 66
    endloop
  endfacet
  facet normal 0.94557 0.195094 -0.260453
    outer loop
      vertex 30.1437 -0.310582 122.974
      vertex 14.4331 -0.22662 66
      vertex 30.1141 -0.156631 122.982
    endloop
  endfacet
  facet normal 0.94557 0.195094 -0.260453
    outer loop
      vertex 14.4331 -0.22662 66
      vertex 30.1437 -0.310582 122.974
      vertex 14.4504 -0.310582 66
    endloop
  endfacet
  facet normal -0.265472 -0.000164673 -0.964119
    outer loop
      vertex 30.8184 1.10865 122.788
      vertex 30.9617 1.15911 122.749
      vertex 30.6827 1.03923 122.826
    endloop
  endfacet
  facet normal 0.0630555 -0.997859 -0.0173684
    outer loop
      vertex 15.6527 1.2 66
      vertex 31.1101 1.18973 122.708
      vertex 15.4902 1.18973 66
    endloop
  endfacet
  facet normal 0.063056 -0.997859 -0.0173685
    outer loop
      vertex 31.1101 1.18973 122.708
      vertex 15.6527 1.2 66
      vertex 31.2611 1.2 122.666
    endloop
  endfacet
  facet normal 0.912931 -0.32144 -0.251463
    outer loop
      vertex 14.5027 0.45922 66
      vertex 30.1923 0.45922 122.961
      vertex 14.4789 0.39166 66
    endloop
  endfacet
  facet normal 0.864669 -0.442292 -0.23817
    outer loop
      vertex 14.5747 0.599999 66
      vertex 30.2592 0.599999 122.942
      vertex 14.542 0.53603 66
    endloop
  endfacet
  facet normal -0.945571 0.195087 0.260454
    outer loop
      vertex 16.8692 -0.241359 66
      vertex 32.4082 -0.156631 122.35
      vertex 16.8867 -0.156631 66
    endloop
  endfacet
  facet normal -0.945568 0.195106 0.260453
    outer loop
      vertex 32.4082 -0.156631 122.35
      vertex 16.8692 -0.241359 66
      vertex 32.3786 -0.310582 122.358
    endloop
  endfacet
  facet normal -0.265512 -1.01927e-005 -0.964107
    outer loop
      vertex 32.4082 -0.156631 122.35
      vertex 32.3786 -0.310582 122.358
      vertex 32.33 -0.45922 122.372
    endloop
  endfacet
  facet normal -0.265556 -2.27144e-007 -0.964095
    outer loop
      vertex 32.179 -0.730514 122.413
      vertex 31.7039 -1.10865 122.544
      vertex 30.1923 -0.45922 122.961
    endloop
  endfacet
  facet normal -0.265743 0.000272594 -0.964044
    outer loop
      vertex 32.0792 -0.848528 122.441
      vertex 31.9654 -0.952024 122.472
      vertex 31.8396 -1.03923 122.507
    endloop
  endfacet
  facet normal -0.864668 0.442295 0.238169
    outer loop
      vertex 16.7306 -0.599999 66
      vertex 32.33 -0.45922 122.372
      vertex 16.7702 -0.522549 66
    endloop
  endfacet
  facet normal -0.864667 0.442297 0.238169
    outer loop
      vertex 32.33 -0.45922 122.372
      vertex 16.7306 -0.599999 66
      vertex 32.2631 -0.599999 122.39
    endloop
  endfacet
  facet normal -0.265472 0.000164673 -0.964119
    outer loop
      vertex 30.9617 -1.15911 122.749
      vertex 30.8184 -1.10865 122.788
      vertex 30.6827 -1.03923 122.826
    endloop
  endfacet
  facet normal 0.18809 0.980784 -0.0518086
    outer loop
      vertex 30.9617 -1.15911 122.749
      vertex 15.4028 -1.17297 66
      vertex 15.3305 -1.15911 66
    endloop
  endfacet
  facet normal 0.063056 0.997859 -0.0173685
    outer loop
      vertex 15.6527 -1.2 66
      vertex 31.1101 -1.18973 122.708
      vertex 31.2611 -1.2 122.666
    endloop
  endfacet
  facet normal 0.0630555 0.997859 -0.0173684
    outer loop
      vertex 31.1101 -1.18973 122.708
      vertex 15.6527 -1.2 66
      vertex 15.4902 -1.18973 66
    endloop
  endfacet
  facet normal 0.635667 0.751845 -0.175092
    outer loop
      vertex 30.4431 -0.848528 122.892
      vertex 14.8281 -0.895495 66
      vertex 14.7725 -0.848528 66
    endloop
  endfacet
  facet normal -0.0630552 0.997859 0.0173683
    outer loop
      vertex 15.8151 -1.18973 66
      vertex 31.2611 -1.2 122.666
      vertex 31.4122 -1.18973 122.625
    endloop
  endfacet
  facet normal -0.0630559 0.997859 0.0173685
    outer loop
      vertex 31.2611 -1.2 122.666
      vertex 15.8151 -1.18973 66
      vertex 15.6527 -1.2 66
    endloop
  endfacet
  facet normal -0.265557 4.84216e-005 -0.964095
    outer loop
      vertex 30.9617 1.15911 122.749
      vertex 31.7039 1.10865 122.544
      vertex 30.6827 1.03923 122.826
    endloop
  endfacet
  facet normal -0.265558 -8.99426e-005 -0.964095
    outer loop
      vertex 31.2611 1.2 122.666
      vertex 31.5606 1.15911 122.584
      vertex 30.9617 1.15911 122.749
    endloop
  endfacet
  facet normal -0.188089 -0.980785 0.0518082
    outer loop
      vertex 15.8873 1.1759 66
      vertex 31.4122 1.18973 122.625
      vertex 15.8151 1.18973 66
    endloop
  endfacet
  facet normal -0.265554 -5.97237e-006 -0.964096
    outer loop
      vertex 30.3433 0.730514 122.919
      vertex 31.7039 1.10865 122.544
      vertex 30.1923 0.45922 122.961
    endloop
  endfacet
  facet normal 0.801616 -0.555571 -0.220802
    outer loop
      vertex 30.3433 0.730514 122.919
      vertex 14.6158 0.659285 66
      vertex 14.6652 0.730514 66
    endloop
  endfacet
  facet normal 0.801612 -0.555577 -0.220801
    outer loop
      vertex 14.6158 0.659285 66
      vertex 30.3433 0.730514 122.919
      vertex 30.2592 0.599999 122.942
    endloop
  endfacet
  facet normal 0.63567 0.751842 -0.175093
    outer loop
      vertex 14.895 -0.952024 66
      vertex 30.4431 -0.848528 122.892
      vertex 30.5569 -0.952024 122.86
    endloop
  endfacet
  facet normal 0.635673 0.751839 -0.175094
    outer loop
      vertex 30.4431 -0.848528 122.892
      vertex 14.895 -0.952024 66
      vertex 14.8281 -0.895495 66
    endloop
  endfacet
  facet normal -0.265475 -0.000109892 -0.964118
    outer loop
      vertex 32.179 -0.730514 122.413
      vertex 32.0792 -0.848528 122.441
      vertex 31.7039 -1.10865 122.544
    endloop
  endfacet
  facet normal -0.912928 -0.321448 0.251462
    outer loop
      vertex 16.855 0.310582 66
      vertex 32.3786 0.310582 122.358
      vertex 16.8314 0.377427 66
    endloop
  endfacet
  facet normal -0.94557 -0.195092 0.260453
    outer loop
      vertex 16.8692 0.241359 66
      vertex 32.3786 0.310582 122.358
      vertex 16.855 0.310582 66
    endloop
  endfacet
  facet normal -0.265549 0 -0.964097
    outer loop
      vertex 32.33 -0.45922 122.372
      vertex 32.4082 0.156631 122.35
      vertex 32.4082 -0.156631 122.35
    endloop
  endfacet
  facet normal -0.265549 0 -0.964097
    outer loop
      vertex 32.4082 0.156631 122.35
      vertex 32.33 -0.45922 122.372
      vertex 32.33 0.45922 122.372
    endloop
  endfacet
  facet normal 0.94557 -0.195094 -0.260453
    outer loop
      vertex 30.1437 0.310582 122.974
      vertex 14.4331 0.22662 66
      vertex 14.4504 0.310582 66
    endloop
  endfacet
  facet normal 0.94557 -0.195094 -0.260453
    outer loop
      vertex 14.4331 0.22662 66
      vertex 30.1437 0.310582 122.974
      vertex 30.1141 0.156631 122.982
    endloop
  endfacet
  facet normal -0.265358 -4.52856e-005 -0.96415
    outer loop
      vertex 30.1141 0.156631 122.982
      vertex 30.1437 0.310582 122.974
      vertex 30.1042 0 122.985
    endloop
  endfacet
  facet normal 0.18809 -0.980784 -0.0518086
    outer loop
      vertex 15.4028 1.17297 66
      vertex 30.9617 1.15911 122.749
      vertex 15.3305 1.15911 66
    endloop
  endfacet
  facet normal -0.265551 -2.59007e-005 -0.964097
    outer loop
      vertex 30.5569 0.952024 122.86
      vertex 30.6827 1.03923 122.826
      vertex 30.4431 0.848528 122.892
    endloop
  endfacet
  facet normal 0.635673 -0.751839 -0.175094
    outer loop
      vertex 14.895 0.952024 66
      vertex 30.4431 0.848528 122.892
      vertex 14.8281 0.895495 66
    endloop
  endfacet
  facet normal 0.63567 -0.751842 -0.175093
    outer loop
      vertex 30.4431 0.848528 122.892
      vertex 14.895 0.952024 66
      vertex 30.5569 0.952024 122.86
    endloop
  endfacet
  facet normal 0.864669 0.442292 -0.23817
    outer loop
      vertex 30.2592 -0.599999 122.942
      vertex 14.5747 -0.599999 66
      vertex 14.542 -0.53603 66
    endloop
  endfacet
  facet normal 0.864676 0.442277 -0.238172
    outer loop
      vertex 30.2592 -0.599999 122.942
      vertex 14.5027 -0.45922 66
      vertex 30.1923 -0.45922 122.961
    endloop
  endfacet
  facet normal 0.864669 0.442292 -0.23817
    outer loop
      vertex 14.5027 -0.45922 66
      vertex 30.2592 -0.599999 122.942
      vertex 14.542 -0.53603 66
    endloop
  endfacet
  facet normal -0.94557 0.195092 0.260453
    outer loop
      vertex 32.3786 -0.310582 122.358
      vertex 16.8692 -0.241359 66
      vertex 16.855 -0.310582 66
    endloop
  endfacet
  facet normal -0.912928 0.321448 0.251462
    outer loop
      vertex 32.3786 -0.310582 122.358
      vertex 16.855 -0.310582 66
      vertex 16.8314 -0.377427 66
    endloop
  endfacet
  facet normal -0.535622 0.83147 0.147535
    outer loop
      vertex 31.9654 -0.952024 122.472
      vertex 16.4104 -0.952024 66
      vertex 16.3494 -0.991328 66
    endloop
  endfacet
  facet normal -0.635671 0.751841 0.175093
    outer loop
      vertex 31.9654 -0.952024 122.472
      vertex 16.4655 -0.905402 66
      vertex 16.4104 -0.952024 66
    endloop
  endfacet
  facet normal -0.801618 0.555567 0.220802
    outer loop
      vertex 32.179 -0.730514 122.413
      vertex 16.6809 -0.671779 66
      vertex 16.6402 -0.730514 66
    endloop
  endfacet
  facet normal -0.724856 0.659334 0.199659
    outer loop
      vertex 32.179 -0.730514 122.413
      vertex 16.6402 -0.730514 66
      vertex 16.5918 -0.783645 66
    endloop
  endfacet
  facet normal -0.26528 -0.000168068 -0.964171
    outer loop
      vertex 32.33 -0.45922 122.372
      vertex 32.2631 -0.599999 122.39
      vertex 32.179 -0.730514 122.413
    endloop
  endfacet
  facet normal -0.801616 0.55557 0.220802
    outer loop
      vertex 16.6809 -0.671779 66
      vertex 32.2631 -0.599999 122.39
      vertex 16.7306 -0.599999 66
    endloop
  endfacet
  facet normal -0.801618 0.555568 0.220802
    outer loop
      vertex 32.2631 -0.599999 122.39
      vertex 16.6809 -0.671779 66
      vertex 32.179 -0.730514 122.413
    endloop
  endfacet
  facet normal 0.188088 0.980785 -0.051808
    outer loop
      vertex 15.4902 -1.18973 66
      vertex 30.9617 -1.15911 122.749
      vertex 31.1101 -1.18973 122.708
    endloop
  endfacet
  facet normal 0.18809 0.980784 -0.0518086
    outer loop
      vertex 30.9617 -1.15911 122.749
      vertex 15.4902 -1.18973 66
      vertex 15.4028 -1.17297 66
    endloop
  endfacet
  facet normal -0.265558 8.64459e-005 -0.964095
    outer loop
      vertex 31.2611 -1.2 122.666
      vertex 31.1101 -1.18973 122.708
      vertex 30.9617 -1.15911 122.749
    endloop
  endfacet
  facet normal 0.426408 0.896873 -0.117452
    outer loop
      vertex 15.1764 -1.10865 66
      vertex 30.6827 -1.03923 122.826
      vertex 30.8184 -1.10865 122.788
    endloop
  endfacet
  facet normal 0.426407 0.896874 -0.117452
    outer loop
      vertex 30.6827 -1.03923 122.826
      vertex 15.1764 -1.10865 66
      vertex 15.0303 -1.03923 66
    endloop
  endfacet
  facet normal -0.188089 0.980785 0.0518082
    outer loop
      vertex 31.4122 -1.18973 122.625
      vertex 15.8873 -1.1759 66
      vertex 15.8151 -1.18973 66
    endloop
  endfacet
  facet normal -0.188092 0.980784 0.0518093
    outer loop
      vertex 15.9748 -1.15911 66
      vertex 31.4122 -1.18973 122.625
      vertex 31.5606 -1.15911 122.584
    endloop
  endfacet
  facet normal -0.188089 0.980785 0.0518084
    outer loop
      vertex 31.4122 -1.18973 122.625
      vertex 15.9748 -1.15911 66
      vertex 15.8873 -1.1759 66
    endloop
  endfacet
  facet normal -0.265575 0.000222866 -0.96409
    outer loop
      vertex 31.5606 -1.15911 122.584
      vertex 31.4122 -1.18973 122.625
      vertex 31.2611 -1.2 122.666
    endloop
  endfacet
  facet normal -0.801618 -0.555567 0.220802
    outer loop
      vertex 16.6809 0.671779 66
      vertex 32.179 0.730514 122.413
      vertex 16.6402 0.730514 66
    endloop
  endfacet
  facet normal -0.63567 -0.751842 0.175093
    outer loop
      vertex 16.5328 0.848528 66
      vertex 31.9654 0.952024 122.472
      vertex 16.4655 0.905402 66
    endloop
  endfacet
  facet normal -0.635676 -0.751837 0.175094
    outer loop
      vertex 31.9654 0.952024 122.472
      vertex 16.5328 0.848528 66
      vertex 32.0792 0.848528 122.441
    endloop
  endfacet
  facet normal -0.309896 -0.946931 0.0853594
    outer loop
      vertex 16.129 1.10865 66
      vertex 31.5606 1.15911 122.584
      vertex 15.9748 1.15911 66
    endloop
  endfacet
  facet normal -0.30989 -0.946933 0.0853579
    outer loop
      vertex 31.5606 1.15911 122.584
      vertex 16.129 1.10865 66
      vertex 31.7039 1.10865 122.544
    endloop
  endfacet
  facet normal -0.426407 -0.896874 0.117452
    outer loop
      vertex 16.275 1.03923 66
      vertex 31.7039 1.10865 122.544
      vertex 16.129 1.10865 66
    endloop
  endfacet
  facet normal -0.426412 -0.896871 0.117454
    outer loop
      vertex 31.7039 1.10865 122.544
      vertex 16.275 1.03923 66
      vertex 31.8396 1.03923 122.507
    endloop
  endfacet
  facet normal -0.265576 -4.71779e-005 -0.96409
    outer loop
      vertex 31.8396 1.03923 122.507
      vertex 32.0792 0.848528 122.441
      vertex 31.7039 1.10865 122.544
    endloop
  endfacet
  facet normal 0.18809 -0.980784 -0.0518086
    outer loop
      vertex 15.4902 1.18973 66
      vertex 30.9617 1.15911 122.749
      vertex 15.4028 1.17297 66
    endloop
  endfacet
  facet normal 0.188088 -0.980785 -0.051808
    outer loop
      vertex 30.9617 1.15911 122.749
      vertex 15.4902 1.18973 66
      vertex 31.1101 1.18973 122.708
    endloop
  endfacet
  facet normal -0.265558 -8.64459e-005 -0.964095
    outer loop
      vertex 31.1101 1.18973 122.708
      vertex 31.2611 1.2 122.666
      vertex 30.9617 1.15911 122.749
    endloop
  endfacet
  facet normal -0.188089 -0.980785 0.0518084
    outer loop
      vertex 15.9748 1.15911 66
      vertex 31.4122 1.18973 122.625
      vertex 15.8873 1.1759 66
    endloop
  endfacet
  facet normal -0.188092 -0.980784 0.0518093
    outer loop
      vertex 31.4122 1.18973 122.625
      vertex 15.9748 1.15911 66
      vertex 31.5606 1.15911 122.584
    endloop
  endfacet
  facet normal -0.265575 -0.000222866 -0.96409
    outer loop
      vertex 31.4122 1.18973 122.625
      vertex 31.5606 1.15911 122.584
      vertex 31.2611 1.2 122.666
    endloop
  endfacet
  facet normal 0.91293 -0.321442 -0.251463
    outer loop
      vertex 14.4504 0.310582 66
      vertex 30.1923 0.45922 122.961
      vertex 30.1437 0.310582 122.974
    endloop
  endfacet
  facet normal 0.912934 -0.321429 -0.251464
    outer loop
      vertex 30.1923 0.45922 122.961
      vertex 14.4504 0.310582 66
      vertex 14.4789 0.39166 66
    endloop
  endfacet
  facet normal -0.265416 -3.74505e-005 -0.964134
    outer loop
      vertex 30.1437 0.310582 122.974
      vertex 30.1923 0.45922 122.961
      vertex 30.1042 0 122.985
    endloop
  endfacet
  facet normal 0.535623 0.83147 -0.147535
    outer loop
      vertex 14.9689 -0.99968 66
      vertex 30.5569 -0.952024 122.86
      vertex 30.6827 -1.03923 122.826
    endloop
  endfacet
  facet normal 0.535626 0.831467 -0.147536
    outer loop
      vertex 30.5569 -0.952024 122.86
      vertex 14.9689 -0.99968 66
      vertex 14.895 -0.952024 66
    endloop
  endfacet
  facet normal -0.265648 -0.000105148 -0.96407
    outer loop
      vertex 30.6827 -1.03923 122.826
      vertex 30.4431 -0.848528 122.892
      vertex 30.3433 -0.730514 122.919
    endloop
  endfacet
  facet normal 0.801612 0.555577 -0.220801
    outer loop
      vertex 30.3433 -0.730514 122.919
      vertex 14.6158 -0.659285 66
      vertex 30.2592 -0.599999 122.942
    endloop
  endfacet
  facet normal 0.801616 0.555571 -0.220802
    outer loop
      vertex 14.6158 -0.659285 66
      vertex 30.3433 -0.730514 122.919
      vertex 14.6652 -0.730514 66
    endloop
  endfacet
  facet normal -0.265551 2.59007e-005 -0.964097
    outer loop
      vertex 30.6827 -1.03923 122.826
      vertex 30.5569 -0.952024 122.86
      vertex 30.4431 -0.848528 122.892
    endloop
  endfacet
  facet normal -0.724841 -0.659351 0.199654
    outer loop
      vertex 32.179 0.730514 122.413
      vertex 16.5328 0.848528 66
      vertex 16.5918 0.783645 66
    endloop
  endfacet
  facet normal -0.724838 -0.659355 0.199654
    outer loop
      vertex 16.5328 0.848528 66
      vertex 32.179 0.730514 122.413
      vertex 32.0792 0.848528 122.441
    endloop
  endfacet
  facet normal -0.912936 0.321423 0.251465
    outer loop
      vertex 16.8026 -0.45922 66
      vertex 32.3786 -0.310582 122.358
      vertex 16.8314 -0.377427 66
    endloop
  endfacet
  facet normal -0.912937 0.321421 0.251465
    outer loop
      vertex 32.3786 -0.310582 122.358
      vertex 16.8026 -0.45922 66
      vertex 32.33 -0.45922 122.372
    endloop
  endfacet
  facet normal 0.426407 -0.896874 -0.117452
    outer loop
      vertex 15.1764 1.10865 66
      vertex 30.6827 1.03923 122.826
      vertex 15.0303 1.03923 66
    endloop
  endfacet
  facet normal 0.426408 -0.896873 -0.117452
    outer loop
      vertex 30.6827 1.03923 122.826
      vertex 15.1764 1.10865 66
      vertex 30.8184 1.10865 122.788
    endloop
  endfacet
  facet normal 0.94557 0.195095 -0.260453
    outer loop
      vertex 30.1141 -0.156631 122.982
      vertex 14.4331 -0.22662 66
      vertex 14.4186 -0.156631 66
    endloop
  endfacet
  facet normal 0.962031 0.06541 -0.264987
    outer loop
      vertex 30.1141 -0.156631 122.982
      vertex 14.408 0 66
      vertex 30.1042 0 122.985
    endloop
  endfacet
  facet normal 0.962031 0.0653991 -0.264988
    outer loop
      vertex 14.408 0 66
      vertex 30.1141 -0.156631 122.982
      vertex 14.4186 -0.156631 66
    endloop
  endfacet
  facet normal -0.426412 0.896871 0.117454
    outer loop
      vertex 16.275 -1.03923 66
      vertex 31.7039 -1.10865 122.544
      vertex 31.8396 -1.03923 122.507
    endloop
  endfacet
  facet normal -0.426407 0.896874 0.117452
    outer loop
      vertex 31.7039 -1.10865 122.544
      vertex 16.275 -1.03923 66
      vertex 16.129 -1.10865 66
    endloop
  endfacet
  facet normal -0.635676 0.751837 0.175094
    outer loop
      vertex 16.5328 -0.848528 66
      vertex 31.9654 -0.952024 122.472
      vertex 32.0792 -0.848528 122.441
    endloop
  endfacet
  facet normal -0.63567 0.751842 0.175093
    outer loop
      vertex 31.9654 -0.952024 122.472
      vertex 16.5328 -0.848528 66
      vertex 16.4655 -0.905402 66
    endloop
  endfacet
  facet normal 0.309897 0.946931 -0.0853599
    outer loop
      vertex 15.3305 -1.15911 66
      vertex 30.8184 -1.10865 122.788
      vertex 30.9617 -1.15911 122.749
    endloop
  endfacet
  facet normal 0.309894 0.946932 -0.085359
    outer loop
      vertex 30.8184 -1.10865 122.788
      vertex 15.3305 -1.15911 66
      vertex 15.1764 -1.10865 66
    endloop
  endfacet
  facet normal -0.535622 -0.83147 0.147535
    outer loop
      vertex 16.4104 0.952024 66
      vertex 31.9654 0.952024 122.472
      vertex 16.3494 0.991328 66
    endloop
  endfacet
  facet normal -0.635671 -0.751841 0.175093
    outer loop
      vertex 16.4655 0.905402 66
      vertex 31.9654 0.952024 122.472
      vertex 16.4104 0.952024 66
    endloop
  endfacet
  facet normal -0.265554 -5.96938e-006 -0.964096
    outer loop
      vertex 30.6827 1.03923 122.826
      vertex 31.7039 1.10865 122.544
      vertex 30.3433 0.730514 122.919
    endloop
  endfacet
  facet normal -0.265648 0.000105148 -0.96407
    outer loop
      vertex 30.4431 0.848528 122.892
      vertex 30.6827 1.03923 122.826
      vertex 30.3433 0.730514 122.919
    endloop
  endfacet
  facet normal 0.72485 0.659341 -0.199657
    outer loop
      vertex 30.4431 -0.848528 122.892
      vertex 14.6652 -0.730514 66
      vertex 30.3433 -0.730514 122.919
    endloop
  endfacet
  facet normal 0.724848 0.659342 -0.199657
    outer loop
      vertex 14.6652 -0.730514 66
      vertex 30.4431 -0.848528 122.892
      vertex 14.7238 -0.794946 66
    endloop
  endfacet
  facet normal 0.724846 0.659344 -0.199656
    outer loop
      vertex 30.4431 -0.848528 122.892
      vertex 14.7725 -0.848528 66
      vertex 14.7238 -0.794946 66
    endloop
  endfacet
  facet normal -0.801616 -0.55557 0.220802
    outer loop
      vertex 32.2631 0.599999 122.39
      vertex 16.6809 0.671779 66
      vertex 16.7306 0.599999 66
    endloop
  endfacet
  facet normal -0.801618 -0.555568 0.220802
    outer loop
      vertex 16.6809 0.671779 66
      vertex 32.2631 0.599999 122.39
      vertex 32.179 0.730514 122.413
    endloop
  endfacet
  facet normal -0.864668 -0.442295 0.238169
    outer loop
      vertex 32.33 0.45922 122.372
      vertex 16.7306 0.599999 66
      vertex 16.7702 0.522549 66
    endloop
  endfacet
  facet normal -0.864667 -0.442297 0.238169
    outer loop
      vertex 16.7306 0.599999 66
      vertex 32.33 0.45922 122.372
      vertex 32.2631 0.599999 122.39
    endloop
  endfacet
  facet normal -0.962031 0.0654049 0.264987
    outer loop
      vertex 16.8867 -0.156631 66
      vertex 32.4181 0 122.348
      vertex 16.8974 0 66
    endloop
  endfacet
  facet normal -0.962032 0.0653855 0.264988
    outer loop
      vertex 32.4181 0 122.348
      vertex 16.8867 -0.156631 66
      vertex 32.4082 -0.156631 122.35
    endloop
  endfacet
  facet normal -0.265381 -0 -0.964144
    outer loop
      vertex 32.4082 0.156631 122.35
      vertex 32.4181 0 122.348
      vertex 32.4082 -0.156631 122.35
    endloop
  endfacet
  facet normal -0.265557 -4.84216e-005 -0.964095
    outer loop
      vertex 31.7039 -1.10865 122.544
      vertex 30.9617 -1.15911 122.749
      vertex 30.6827 -1.03923 122.826
    endloop
  endfacet
  facet normal -0.265558 -3.8469e-005 -0.964095
    outer loop
      vertex 31.7039 -1.10865 122.544
      vertex 31.5606 -1.15911 122.584
      vertex 30.9617 -1.15911 122.749
    endloop
  endfacet
  facet normal -0.535627 -0.831466 0.147536
    outer loop
      vertex 16.3494 0.991328 66
      vertex 31.8396 1.03923 122.507
      vertex 16.275 1.03923 66
    endloop
  endfacet
  facet normal -0.535623 -0.83147 0.147535
    outer loop
      vertex 31.8396 1.03923 122.507
      vertex 16.3494 0.991328 66
      vertex 31.9654 0.952024 122.472
    endloop
  endfacet
  facet normal -0.265743 -0.000272594 -0.964044
    outer loop
      vertex 31.9654 0.952024 122.472
      vertex 32.0792 0.848528 122.441
      vertex 31.8396 1.03923 122.507
    endloop
  endfacet
  facet normal 0.724846 -0.659344 -0.199656
    outer loop
      vertex 14.7725 0.848528 66
      vertex 30.4431 0.848528 122.892
      vertex 14.7238 0.794946 66
    endloop
  endfacet
  facet normal 0.635667 -0.751845 -0.175092
    outer loop
      vertex 14.8281 0.895495 66
      vertex 30.4431 0.848528 122.892
      vertex 14.7725 0.848528 66
    endloop
  endfacet
  facet normal -0.265576 4.71779e-005 -0.96409
    outer loop
      vertex 32.0792 -0.848528 122.441
      vertex 31.8396 -1.03923 122.507
      vertex 31.7039 -1.10865 122.544
    endloop
  endfacet
  facet normal -0.00756446 0.99963 -0.0261102
    outer loop
      vertex 116.176 -0.678797 240.877
      vertex 116.076 -0.656489 241.76
      vertex 116.176 -0.648863 242.023
    endloop
  endfacet
  facet normal -0.00756298 0.99963 -0.0261101
    outer loop
      vertex 116.076 -0.656489 241.76
      vertex 116.176 -0.678797 240.877
      vertex 116.076 -0.686792 240.6
    endloop
  endfacet
  facet normal -0.00756459 0.99963 -0.0261102
    outer loop
      vertex 117.218 -0.595515 243.764
      vertex 117.118 -0.577057 244.5
      vertex 117.218 -0.569432 244.763
    endloop
  endfacet
  facet normal -0.00756565 0.99963 -0.0261103
    outer loop
      vertex 117.118 -0.577057 244.5
      vertex 117.218 -0.595515 243.764
      vertex 117.118 -0.60351 243.487
    endloop
  endfacet
  facet normal -0.0380981 0.999169 -0.0144863
    outer loop
      vertex 116.176 -0.648863 242.023
      vertex 116.076 -0.540664 249.749
      vertex 116.176 -0.532871 250.024
    endloop
  endfacet
  facet normal -0.0380973 0.999169 -0.0144863
    outer loop
      vertex 116.076 -0.540664 249.749
      vertex 116.176 -0.648863 242.023
      vertex 116.076 -0.656489 241.76
    endloop
  endfacet
  facet normal -0.0380959 0.999169 -0.0144862
    outer loop
      vertex 117.218 -0.569432 244.763
      vertex 117.118 -0.459487 252.609
      vertex 117.218 -0.451694 252.883
    endloop
  endfacet
  facet normal -0.0380973 0.999169 -0.0144863
    outer loop
      vertex 117.118 -0.459487 252.609
      vertex 117.218 -0.569432 244.763
      vertex 117.118 -0.577057 244.5
    endloop
  endfacet
  facet normal -0.0137474 0.999608 -0.02437
    outer loop
      vertex 116.176 -0.817999 231.524
      vertex 116.076 -0.785761 232.903
      vertex 116.176 -0.777917 233.168
    endloop
  endfacet
  facet normal -0.0137475 0.999608 -0.02437
    outer loop
      vertex 116.076 -0.785761 232.903
      vertex 116.176 -0.817999 231.524
      vertex 116.076 -0.826195 231.244
    endloop
  endfacet
  facet normal -0.0137468 0.999608 -0.0243702
    outer loop
      vertex 117.218 -0.732624 234.438
      vertex 117.118 -0.70406 235.666
      vertex 117.218 -0.696217 235.932
    endloop
  endfacet
  facet normal -0.013744 0.999609 -0.02437
    outer loop
      vertex 117.118 -0.70406 235.666
      vertex 117.218 -0.732624 234.438
      vertex 117.118 -0.74082 234.158
    endloop
  endfacet
  facet normal -0.0442741 0.998937 -0.0128434
    outer loop
      vertex 116.176 -0.777917 233.168
      vertex 116.076 -0.686792 240.6
      vertex 116.176 -0.678797 240.877
    endloop
  endfacet
  facet normal -0.0442758 0.998937 -0.0128434
    outer loop
      vertex 116.076 -0.686792 240.6
      vertex 116.176 -0.777917 233.168
      vertex 116.076 -0.785761 232.903
    endloop
  endfacet
  facet normal -0.0442755 0.998937 -0.0128434
    outer loop
      vertex 117.218 -0.696217 235.932
      vertex 117.118 -0.60351 243.487
      vertex 117.218 -0.595515 243.764
    endloop
  endfacet
  facet normal -0.0442758 0.998937 -0.0128434
    outer loop
      vertex 117.118 -0.60351 243.487
      vertex 117.218 -0.696217 235.932
      vertex 117.118 -0.70406 235.666
    endloop
  endfacet
  facet normal -0.019221 0.999553 -0.0229031
    outer loop
      vertex 117.218 -0.864928 224.919
      vertex 117.118 -0.827007 226.658
      vertex 117.218 -0.818949 226.926
    endloop
  endfacet
  facet normal -0.0192219 0.999553 -0.0229032
    outer loop
      vertex 117.118 -0.827007 226.658
      vertex 117.218 -0.864928 224.919
      vertex 117.118 -0.873324 224.637
    endloop
  endfacet
  facet normal -0.0497472 0.998696 -0.0114759
    outer loop
      vertex 116.176 -0.841255 229.5
      vertex 116.076 -0.826195 231.244
      vertex 116.176 -0.817999 231.524
    endloop
  endfacet
  facet normal -0.0497462 0.998696 -0.0114758
    outer loop
      vertex 116.076 -0.826195 231.244
      vertex 116.176 -0.841255 229.5
      vertex 116.076 -0.846236 229.5
    endloop
  endfacet
  facet normal -0.0497455 0.998696 -0.0114759
    outer loop
      vertex 117.218 -0.818949 226.926
      vertex 117.118 -0.74082 234.158
      vertex 117.218 -0.732624 234.438
    endloop
  endfacet
  facet normal -0.0497466 0.998696 -0.0114759
    outer loop
      vertex 117.118 -0.74082 234.158
      vertex 117.218 -0.818949 226.926
      vertex 117.118 -0.827007 226.658
    endloop
  endfacet
  facet normal -0.0240348 0.999476 -0.02169
    outer loop
      vertex 117.218 -0.994904 215.176
      vertex 117.118 -0.94786 217.454
      vertex 117.218 -0.939593 217.725
    endloop
  endfacet
  facet normal -0.0240377 0.999476 -0.0216902
    outer loop
      vertex 117.118 -0.94786 217.454
      vertex 117.218 -0.994904 215.176
      vertex 117.118 -1.0035 214.891
    endloop
  endfacet
  facet normal -0.0545573 0.998457 -0.010362
    outer loop
      vertex 117.218 -0.939593 217.725
      vertex 117.118 -0.873324 224.637
      vertex 117.218 -0.864928 224.919
    endloop
  endfacet
  facet normal -0.0545562 0.998457 -0.010362
    outer loop
      vertex 117.118 -0.873324 224.637
      vertex 117.218 -0.939593 217.725
      vertex 117.118 -0.94786 217.454
    endloop
  endfacet
  facet normal -0.0282128 0.999387 -0.0207176
    outer loop
      vertex 117.218 -1.12451 205.217
      vertex 117.118 -1.06848 208.056
      vertex 117.218 -1.06 208.329
    endloop
  endfacet
  facet normal -0.0282143 0.999387 -0.0207176
    outer loop
      vertex 117.118 -1.06848 208.056
      vertex 117.218 -1.12451 205.217
      vertex 117.118 -1.1333 204.929
    endloop
  endfacet
  facet normal -0.0587319 0.998229 -0.00949059
    outer loop
      vertex 117.218 -1.06 208.329
      vertex 117.118 -1.0035 214.891
      vertex 117.218 -0.994904 215.176
    endloop
  endfacet
  facet normal -0.05873 0.998229 -0.00949056
    outer loop
      vertex 117.118 -1.0035 214.891
      vertex 117.218 -1.06 208.329
      vertex 117.118 -1.06848 208.056
    endloop
  endfacet
  facet normal -0.0318071 0.999295 -0.0199638
    outer loop
      vertex 117.218 -1.25576 195.041
      vertex 117.118 -1.19057 198.463
      vertex 117.218 -1.18189 198.738
    endloop
  endfacet
  facet normal -0.0318047 0.999295 -0.0199638
    outer loop
      vertex 117.118 -1.19057 198.463
      vertex 117.218 -1.25576 195.041
      vertex 117.118 -1.26475 194.75
    endloop
  endfacet
  facet normal -0.0623189 0.998017 -0.00883886
    outer loop
      vertex 117.218 -1.18189 198.738
      vertex 117.118 -1.1333 204.929
      vertex 117.218 -1.12451 205.217
    endloop
  endfacet
  facet normal -0.0623185 0.998017 -0.00883885
    outer loop
      vertex 117.118 -1.1333 204.929
      vertex 117.218 -1.18189 198.738
      vertex 117.118 -1.19057 198.463
    endloop
  endfacet
  facet normal -0.0348159 0.999205 -0.019424
    outer loop
      vertex 117.218 -1.39103 184.624
      vertex 117.118 -1.31601 188.662
      vertex 117.218 -1.30712 188.94
    endloop
  endfacet
  facet normal -0.0348186 0.999205 -0.0194241
    outer loop
      vertex 117.118 -1.31601 188.662
      vertex 117.218 -1.39103 184.624
      vertex 117.118 -1.40023 184.33
    endloop
  endfacet
  facet normal -0.0653243 0.997829 -0.00840111
    outer loop
      vertex 117.218 -1.30712 188.94
      vertex 117.118 -1.26475 194.75
      vertex 117.218 -1.25576 195.041
    endloop
  endfacet
  facet normal -0.0653242 0.997829 -0.00840111
    outer loop
      vertex 117.118 -1.26475 194.75
      vertex 117.218 -1.30712 188.94
      vertex 117.118 -1.31601 188.662
    endloop
  endfacet
  facet normal -0.037384 0.999119 -0.0190458
    outer loop
      vertex 117.218 -1.53174 173.984
      vertex 117.118 -1.44646 178.654
      vertex 117.218 -1.43737 178.935
    endloop
  endfacet
  facet normal -0.0373843 0.999119 -0.0190458
    outer loop
      vertex 117.118 -1.44646 178.654
      vertex 117.218 -1.53174 173.984
      vertex 117.118 -1.54115 173.687
    endloop
  endfacet
  facet normal -0.0678903 0.99766 -0.00812666
    outer loop
      vertex 117.218 -1.43737 178.935
      vertex 117.118 -1.40023 184.33
      vertex 117.218 -1.39103 184.624
    endloop
  endfacet
  facet normal -0.0678886 0.99766 -0.00812663
    outer loop
      vertex 117.118 -1.40023 184.33
      vertex 117.218 -1.43737 178.935
      vertex 117.118 -1.44646 178.654
    endloop
  endfacet
  facet normal -0.0396777 0.999036 -0.0187697
    outer loop
      vertex 117.218 -1.67909 163.115
      vertex 117.118 -1.58296 168.443
      vertex 117.218 -1.57367 168.727
    endloop
  endfacet
  facet normal -0.039678 0.999036 -0.0187697
    outer loop
      vertex 117.118 -1.58296 168.443
      vertex 117.218 -1.67909 163.115
      vertex 117.118 -1.6887 162.815
    endloop
  endfacet
  facet normal -0.0701779 0.997503 -0.00795474
    outer loop
      vertex 117.218 -1.57367 168.727
      vertex 117.118 -1.54115 173.687
      vertex 117.218 -1.53174 173.984
    endloop
  endfacet
  facet normal -0.0701786 0.997503 -0.00795475
    outer loop
      vertex 117.118 -1.54115 173.687
      vertex 117.218 -1.57367 168.727
      vertex 117.118 -1.58296 168.443
    endloop
  endfacet
  facet normal -0.0416903 0.998958 -0.0185964
    outer loop
      vertex 117.218 -1.83457 151.995
      vertex 117.118 -1.72664 158.017
      vertex 117.218 -1.71714 158.303
    endloop
  endfacet
  facet normal -0.0416887 0.998958 -0.0185964
    outer loop
      vertex 117.118 -1.72664 158.017
      vertex 117.218 -1.83457 151.995
      vertex 117.118 -1.84439 151.691
    endloop
  endfacet
  facet normal -0.0721858 0.99736 -0.00788529
    outer loop
      vertex 117.218 -1.71714 158.303
      vertex 117.118 -1.6887 162.815
      vertex 117.218 -1.67909 163.115
    endloop
  endfacet
  facet normal -0.0721869 0.99736 -0.00788532
    outer loop
      vertex 117.118 -1.6887 162.815
      vertex 117.218 -1.71714 158.303
      vertex 117.118 -1.72664 158.017
    endloop
  endfacet
  facet normal -0.0433636 0.998887 -0.0185419
    outer loop
      vertex 117.218 -1.99959 140.625
      vertex 117.118 -1.87882 147.365
      vertex 117.218 -1.86911 147.654
    endloop
  endfacet
  facet normal -0.0433627 0.998887 -0.0185419
    outer loop
      vertex 117.118 -1.87882 147.365
      vertex 117.218 -1.99959 140.625
      vertex 117.118 -2.00962 140.319
    endloop
  endfacet
  facet normal -0.0738578 0.997237 -0.0079355
    outer loop
      vertex 117.218 -1.86911 147.654
      vertex 117.118 -1.84439 151.691
      vertex 117.218 -1.83457 151.995
    endloop
  endfacet
  facet normal -0.0738582 0.997237 -0.00793552
    outer loop
      vertex 117.118 -1.84439 151.691
      vertex 117.218 -1.86911 147.654
      vertex 117.118 -1.87882 147.365
    endloop
  endfacet
  facet normal -0.0446403 0.99883 -0.0186239
    outer loop
      vertex 117.218 -2.17618 128.986
      vertex 117.118 -2.04086 136.483
      vertex 117.218 -2.03095 136.775
    endloop
  endfacet
  facet normal -0.0446413 0.998829 -0.0186239
    outer loop
      vertex 117.118 -2.04086 136.483
      vertex 117.218 -2.17618 128.986
      vertex 117.118 -2.18643 128.676
    endloop
  endfacet
  facet normal -0.0751331 0.99714 -0.00812205
    outer loop
      vertex 117.218 -2.03095 136.775
      vertex 117.118 -2.00962 140.319
      vertex 117.218 -1.99959 140.625
    endloop
  endfacet
  facet normal -0.075133 0.99714 -0.00812204
    outer loop
      vertex 117.118 -2.00962 140.319
      vertex 117.218 -2.03095 136.775
      vertex 117.118 -2.04086 136.483
    endloop
  endfacet
  facet normal -0.0456248 0.998782 -0.0188059
    outer loop
      vertex 117.218 -2.36565 117.086
      vertex 117.118 -2.21439 125.362
      vertex 117.218 -2.20427 125.657
    endloop
  endfacet
  facet normal -0.0456264 0.998782 -0.0188059
    outer loop
      vertex 117.118 -2.21439 125.362
      vertex 117.218 -2.36565 117.086
      vertex 117.118 -2.37611 116.772
    endloop
  endfacet
  facet normal -0.0761153 0.997064 -0.00840964
    outer loop
      vertex 117.218 -2.20427 125.657
      vertex 117.118 -2.18643 128.676
      vertex 117.218 -2.17618 128.986
    endloop
  endfacet
  facet normal -0.0761154 0.997064 -0.00840964
    outer loop
      vertex 117.118 -2.18643 128.676
      vertex 117.218 -2.20427 125.657
      vertex 117.118 -2.21439 125.362
    endloop
  endfacet
  facet normal -0.0464901 0.998737 -0.0190291
    outer loop
      vertex 117.218 -2.56891 104.913
      vertex 117.118 -2.40039 114.002
      vertex 117.218 -2.39006 114.3
    endloop
  endfacet
  facet normal -0.0464927 0.998737 -0.0190291
    outer loop
      vertex 117.118 -2.40039 114.002
      vertex 117.218 -2.56891 104.913
      vertex 117.118 -2.5796 104.597
    endloop
  endfacet
  facet normal -0.0769824 0.996994 -0.00873859
    outer loop
      vertex 117.218 -2.39006 114.3
      vertex 117.118 -2.37611 116.772
      vertex 117.218 -2.36565 117.086
    endloop
  endfacet
  facet normal -0.0769799 0.996994 -0.00873849
    outer loop
      vertex 117.118 -2.37611 116.772
      vertex 117.218 -2.39006 114.3
      vertex 117.118 -2.40039 114.002
    endloop
  endfacet
  facet normal -0.0472461 0.998697 -0.0192912
    outer loop
      vertex 117.218 -2.7868 92.4657
      vertex 117.118 -2.59969 102.397
      vertex 117.218 -2.58914 102.698
    endloop
  endfacet
  facet normal -0.047247 0.998697 -0.0192912
    outer loop
      vertex 117.118 -2.59969 102.397
      vertex 117.218 -2.7868 92.4657
      vertex 117.118 -2.79772 92.1453
    endloop
  endfacet
  facet normal -0.0777342 0.996933 -0.00910683
    outer loop
      vertex 117.218 -2.58914 102.698
      vertex 117.118 -2.5796 104.597
      vertex 117.218 -2.56891 104.913
    endloop
  endfacet
  facet normal -0.0777335 0.996933 -0.0091068
    outer loop
      vertex 117.118 -2.5796 104.597
      vertex 117.218 -2.58914 102.698
      vertex 117.118 -2.59969 102.397
    endloop
  endfacet
  facet normal -0.0481558 0.998513 -0.0255372
    outer loop
      vertex 117.218 -3.23582 66.6
      vertex 117.118 -2.92117 79.0916
      vertex 117.218 -2.91148 79.2819
    endloop
  endfacet
  facet normal -0.048154 0.998513 -0.0255371
    outer loop
      vertex 117.118 -2.92117 79.0916
      vertex 117.218 -3.23582 66.6
      vertex 117.118 -3.24064 66.6
    endloop
  endfacet
  facet normal -0.0786401 0.996859 -0.00942713
    outer loop
      vertex 185.259 3.87721 229.5
      vertex 185.159 4.18913 263.318
      vertex 185.259 4.19702 263.318
    endloop
  endfacet
  facet normal -0.0786401 0.996859 -0.00942713
    outer loop
      vertex 185.159 4.18913 263.318
      vertex 185.259 3.87721 229.5
      vertex 185.159 3.86932 229.5
    endloop
  endfacet
  facet normal -0.0786478 0.996858 -0.00942711
    outer loop
      vertex 117.218 -2.91148 79.2819
      vertex 117.118 -2.79772 92.1453
      vertex 117.218 -2.7868 92.4657
    endloop
  endfacet
  facet normal -0.0786484 0.996858 -0.00942712
    outer loop
      vertex 117.118 -2.79772 92.1453
      vertex 117.218 -2.91148 79.2819
      vertex 117.118 -2.92117 79.0916
    endloop
  endfacet
  facet normal -0.138489 -0.988008 0.0682726
    outer loop
      vertex 185.159 11.2796 239.581
      vertex 185.259 11.1715 238.221
      vertex 185.259 11.2895 239.928
    endloop
  endfacet
  facet normal -0.138485 -0.988009 0.0682731
    outer loop
      vertex 185.259 11.1715 238.221
      vertex 185.159 11.2796 239.581
      vertex 185.159 11.1598 237.848
    endloop
  endfacet
  facet normal -0.108309 -0.992287 0.0603008
    outer loop
      vertex 185.259 10.6416 229.5
      vertex 185.159 11.1598 237.848
      vertex 185.159 10.6525 229.5
    endloop
  endfacet
  facet normal -0.108304 -0.992287 0.0603009
    outer loop
      vertex 185.159 11.1598 237.848
      vertex 185.259 10.6416 229.5
      vertex 185.259 11.1715 238.221
    endloop
  endfacet
  facet normal -0.135849 -0.988459 0.0670336
    outer loop
      vertex 185.159 11.972 251.119
      vertex 185.259 11.9239 250.612
      vertex 185.259 11.9816 251.462
    endloop
  endfacet
  facet normal -0.135861 -0.988458 0.0670311
    outer loop
      vertex 185.259 11.9239 250.612
      vertex 185.159 11.972 251.119
      vertex 185.159 11.9127 250.244
    endloop
  endfacet
  facet normal -0.105671 -0.992652 0.0589457
    outer loop
      vertex 185.159 11.9127 250.244
      vertex 185.259 11.2895 239.928
      vertex 185.259 11.9239 250.612
    endloop
  endfacet
  facet normal -0.105666 -0.992653 0.0589458
    outer loop
      vertex 185.259 11.2895 239.928
      vertex 185.159 11.9127 250.244
      vertex 185.159 11.2796 239.581
    endloop
  endfacet
  facet normal -0.132341 -0.989036 0.0655271
    outer loop
      vertex 185.159 12.6224 262.372
      vertex 185.259 12.6286 262.668
      vertex 185.259 12.6315 262.711
    endloop
  endfacet
  facet normal -0.132411 -0.989025 0.0655505
    outer loop
      vertex 185.259 12.6286 262.668
      vertex 185.159 12.6224 262.372
      vertex 185.159 12.618 262.305
    endloop
  endfacet
  facet normal -0.102185 -0.993111 0.0573448
    outer loop
      vertex 185.159 12.618 262.305
      vertex 185.259 11.9816 251.462
      vertex 185.259 12.6286 262.668
    endloop
  endfacet
  facet normal -0.102177 -0.993112 0.0573449
    outer loop
      vertex 185.259 11.9816 251.462
      vertex 185.159 12.618 262.305
      vertex 185.159 11.972 251.119
    endloop
  endfacet
  facet normal -0.0979673 -0.99364 0.0555171
    outer loop
      vertex 185.159 12.6753 263.318
      vertex 185.259 12.6315 262.711
      vertex 185.259 12.6654 263.318
    endloop
  endfacet
  facet normal -0.0979754 -0.993639 0.0555157
    outer loop
      vertex 185.259 12.6315 262.711
      vertex 185.159 12.6753 263.318
      vertex 185.159 12.6224 262.372
    endloop
  endfacet
  facet normal -0.117928 -0.99122 0.059806
    outer loop
      vertex 117.218 8.6453 66.6
      vertex 117.118 8.94364 71.3474
      vertex 117.118 8.6572 66.6
    endloop
  endfacet
  facet normal -0.11793 -0.991219 0.0598059
    outer loop
      vertex 117.118 8.94364 71.3474
      vertex 117.218 8.6453 66.6
      vertex 117.218 8.95153 71.6753
    endloop
  endfacet
  facet normal -0.111971 -0.992045 0.0575203
    outer loop
      vertex 117.118 9.66986 83.969
      vertex 117.218 8.98323 72.3214
      vertex 117.218 9.67739 84.2934
    endloop
  endfacet
  facet normal -0.111968 -0.992046 0.0575204
    outer loop
      vertex 117.218 8.98323 72.3214
      vertex 117.118 9.66986 83.969
      vertex 117.118 8.97445 71.9753
    endloop
  endfacet
  facet normal -0.0816569 -0.995463 0.0488494
    outer loop
      vertex 117.118 8.97445 71.9753
      vertex 117.218 8.95153 71.6753
      vertex 117.218 8.98323 72.3214
    endloop
  endfacet
  facet normal -0.0816589 -0.995463 0.0488487
    outer loop
      vertex 117.218 8.95153 71.6753
      vertex 117.118 8.97445 71.9753
      vertex 117.118 8.94364 71.3474
    endloop
  endfacet
  facet normal -0.10569 -0.992871 0.0551147
    outer loop
      vertex 117.118 10.3431 96.309
      vertex 117.218 9.73912 85.6208
      vertex 117.218 10.3502 96.6299
    endloop
  endfacet
  facet normal -0.105691 -0.99287 0.0551147
    outer loop
      vertex 117.218 9.73912 85.6208
      vertex 117.118 10.3431 96.309
      vertex 117.118 9.73077 85.2786
    endloop
  endfacet
  facet normal -0.0753541 -0.99608 0.0463263
    outer loop
      vertex 117.118 9.73077 85.2786
      vertex 117.218 9.67739 84.2934
      vertex 117.218 9.73912 85.6208
    endloop
  endfacet
  facet normal -0.0753518 -0.99608 0.0463265
    outer loop
      vertex 117.218 9.67739 84.2934
      vertex 117.118 9.73077 85.2786
      vertex 117.118 9.66986 83.969
    endloop
  endfacet
  facet normal -0.0991729 -0.993678 0.0526134
    outer loop
      vertex 117.118 10.9653 108.398
      vertex 117.218 10.4371 98.6102
      vertex 117.218 10.9721 108.715
    endloop
  endfacet
  facet normal -0.0991653 -0.993679 0.0526135
    outer loop
      vertex 117.218 10.4371 98.6102
      vertex 117.118 10.9653 108.398
      vertex 117.118 10.4292 98.2719
    endloop
  endfacet
  facet normal -0.0688039 -0.996672 0.043709
    outer loop
      vertex 117.118 10.4292 98.2719
      vertex 117.218 10.3502 96.6299
      vertex 117.218 10.4371 98.6102
    endloop
  endfacet
  facet normal -0.0688106 -0.996672 0.0437086
    outer loop
      vertex 117.218 10.3502 96.6299
      vertex 117.118 10.4292 98.2719
      vertex 117.118 10.3431 96.309
    endloop
  endfacet
  facet normal -0.0924527 -0.99446 0.0500267
    outer loop
      vertex 117.118 11.5367 120.228
      vertex 117.218 11.0791 111.318
      vertex 117.218 11.5432 120.542
    endloop
  endfacet
  facet normal -0.0924482 -0.99446 0.0500268
    outer loop
      vertex 117.218 11.0791 111.318
      vertex 117.118 11.5367 120.228
      vertex 117.118 11.0716 110.983
    endloop
  endfacet
  facet normal -0.0620628 -0.99723 0.0410055
    outer loop
      vertex 117.118 11.0716 110.983
      vertex 117.218 10.9721 108.715
      vertex 117.218 11.0791 111.318
    endloop
  endfacet
  facet normal -0.0620689 -0.997229 0.0410053
    outer loop
      vertex 117.218 10.9721 108.715
      vertex 117.118 11.0716 110.983
      vertex 117.118 10.9653 108.398
    endloop
  endfacet
  facet normal -0.0855784 -0.995205 0.0473649
    outer loop
      vertex 117.118 12.0584 131.811
      vertex 117.218 11.6657 123.74
      vertex 117.218 12.0646 132.122
    endloop
  endfacet
  facet normal -0.0855791 -0.995205 0.0473649
    outer loop
      vertex 117.218 11.6657 123.74
      vertex 117.118 12.0584 131.811
      vertex 117.118 11.6586 123.409
    endloop
  endfacet
  facet normal -0.0551691 -0.997745 0.0382271
    outer loop
      vertex 117.118 11.6586 123.409
      vertex 117.218 11.5432 120.542
      vertex 117.218 11.6657 123.74
    endloop
  endfacet
  facet normal -0.0551635 -0.997745 0.0382273
    outer loop
      vertex 117.218 11.5432 120.542
      vertex 117.118 11.6586 123.409
      vertex 117.118 11.5367 120.228
    endloop
  endfacet
  facet normal -0.0785595 -0.99591 0.044637
    outer loop
      vertex 117.118 12.5314 143.148
      vertex 117.218 12.1981 135.887
      vertex 117.218 12.5373 143.455
    endloop
  endfacet
  facet normal -0.078565 -0.995909 0.0446369
    outer loop
      vertex 117.218 12.1981 135.887
      vertex 117.118 12.5314 143.148
      vertex 117.118 12.1913 135.56
    endloop
  endfacet
  facet normal -0.048133 -0.998214 0.035383
    outer loop
      vertex 117.118 12.1913 135.56
      vertex 117.218 12.0646 132.122
      vertex 117.218 12.1981 135.887
    endloop
  endfacet
  facet normal -0.0481341 -0.998214 0.0353829
    outer loop
      vertex 117.218 12.0646 132.122
      vertex 117.118 12.1913 135.56
      vertex 117.118 12.0584 131.811
    endloop
  endfacet
  facet normal -0.0713017 -0.996578 0.0418073
    outer loop
      vertex 117.118 12.9566 154.253
      vertex 117.218 12.6772 147.764
      vertex 117.218 12.9623 154.558
    endloop
  endfacet
  facet normal -0.0713168 -0.996577 0.041807
    outer loop
      vertex 117.218 12.6772 147.764
      vertex 117.118 12.9566 154.253
      vertex 117.118 12.6708 147.44
    endloop
  endfacet
  facet normal -0.0408639 -0.998638 0.0324381
    outer loop
      vertex 117.118 12.6708 147.44
      vertex 117.218 12.5373 143.455
      vertex 117.218 12.6772 147.764
    endloop
  endfacet
  facet normal -0.0408591 -0.998638 0.0324382
    outer loop
      vertex 117.218 12.5373 143.455
      vertex 117.118 12.6708 147.44
      vertex 117.118 12.5314 143.148
    endloop
  endfacet
  facet normal -0.0637852 -0.997207 0.0388619
    outer loop
      vertex 117.118 13.3343 165.123
      vertex 117.218 13.1041 159.381
      vertex 117.218 13.3396 165.424
    endloop
  endfacet
  facet normal -0.0637826 -0.997207 0.038862
    outer loop
      vertex 117.218 13.1041 159.381
      vertex 117.118 13.3343 165.123
      vertex 117.118 13.098 159.061
    endloop
  endfacet
  facet normal -0.0333105 -0.999013 0.0293777
    outer loop
      vertex 117.118 13.098 159.061
      vertex 117.218 12.9623 154.558
      vertex 117.218 13.1041 159.381
    endloop
  endfacet
  facet normal -0.0333065 -0.999013 0.0293778
    outer loop
      vertex 117.218 12.9623 154.558
      vertex 117.118 13.098 159.061
      vertex 117.118 12.9566 154.253
    endloop
  endfacet
  facet normal -0.0559265 -0.997794 0.0357819
    outer loop
      vertex 117.118 13.6647 175.764
      vertex 117.218 13.4788 170.738
      vertex 117.218 13.6698 176.063
    endloop
  endfacet
  facet normal -0.0559324 -0.997793 0.0357817
    outer loop
      vertex 117.218 13.4788 170.738
      vertex 117.118 13.6647 175.764
      vertex 117.118 13.4731 170.421
    endloop
  endfacet
  facet normal -0.0254419 -0.999333 0.0261831
    outer loop
      vertex 117.118 13.4731 170.421
      vertex 117.218 13.3396 165.424
      vertex 117.218 13.4788 170.738
    endloop
  endfacet
  facet normal -0.0254424 -0.999333 0.0261831
    outer loop
      vertex 117.218 13.3396 165.424
      vertex 117.118 13.4731 170.421
      vertex 117.118 13.3343 165.123
    endloop
  endfacet
  facet normal -0.0476244 -0.998336 0.0325222
    outer loop
      vertex 117.118 13.9474 186.169
      vertex 117.218 13.8015 181.836
      vertex 117.218 13.9523 186.464
    endloop
  endfacet
  facet normal -0.0476268 -0.998336 0.0325221
    outer loop
      vertex 117.218 13.8015 181.836
      vertex 117.118 13.9474 186.169
      vertex 117.118 13.7961 181.522
    endloop
  endfacet
  facet normal -0.0171213 -0.999593 0.0228085
    outer loop
      vertex 117.118 13.7961 181.522
      vertex 117.218 13.6698 176.063
      vertex 117.218 13.8015 181.836
    endloop
  endfacet
  facet normal -0.0171102 -0.999593 0.0228087
    outer loop
      vertex 117.218 13.6698 176.063
      vertex 117.118 13.7961 181.522
      vertex 117.118 13.6647 175.764
    endloop
  endfacet
  facet normal -0.0388378 -0.998822 0.0290737
    outer loop
      vertex 117.118 14.1828 196.354
      vertex 117.218 14.0719 192.678
      vertex 117.218 14.1874 196.646
    endloop
  endfacet
  facet normal -0.0388365 -0.998823 0.0290737
    outer loop
      vertex 117.218 14.0719 192.678
      vertex 117.118 14.1828 196.354
      vertex 117.118 14.0668 192.368
    endloop
  endfacet
  facet normal -0.00831773 -0.99978 0.0192473
    outer loop
      vertex 117.118 14.0668 192.368
      vertex 117.218 13.9523 186.464
      vertex 117.218 14.0719 192.678
    endloop
  endfacet
  facet normal -0.00832185 -0.99978 0.0192472
    outer loop
      vertex 117.218 13.9523 186.464
      vertex 117.118 14.0668 192.368
      vertex 117.118 13.9474 186.169
    endloop
  endfacet
  facet normal -0.0295706 -0.999239 0.0254309
    outer loop
      vertex 117.118 14.3707 206.324
      vertex 117.218 14.2902 203.279
      vertex 117.218 14.3751 206.614
    endloop
  endfacet
  facet normal -0.0295693 -0.999239 0.0254309
    outer loop
      vertex 117.218 14.2902 203.279
      vertex 117.118 14.3707 206.324
      vertex 117.118 14.2853 202.973
    endloop
  endfacet
  facet normal 0.000960263 -0.99988 0.015492
    outer loop
      vertex 117.118 14.2853 202.973
      vertex 117.218 14.1874 196.646
      vertex 117.218 14.2902 203.279
    endloop
  endfacet
  facet normal 0.000958406 -0.99988 0.0154919
    outer loop
      vertex 117.218 14.1874 196.646
      vertex 117.118 14.2853 202.973
      vertex 117.118 14.1828 196.354
    endloop
  endfacet
  facet normal -0.019802 -0.999571 0.0215858
    outer loop
      vertex 117.118 14.5108 216.08
      vertex 117.218 14.4561 213.64
      vertex 117.218 14.515 216.367
    endloop
  endfacet
  facet normal -0.0198076 -0.999571 0.0215856
    outer loop
      vertex 117.218 14.4561 213.64
      vertex 117.118 14.5108 216.08
      vertex 117.118 14.4516 213.336
    endloop
  endfacet
  facet normal 0.0107282 -0.999876 0.0115356
    outer loop
      vertex 117.118 14.4516 213.336
      vertex 117.218 14.3751 206.614
      vertex 117.218 14.4561 213.64
    endloop
  endfacet
  facet normal 0.010728 -0.999876 0.0115356
    outer loop
      vertex 117.218 14.3751 206.614
      vertex 117.118 14.4516 213.336
      vertex 117.118 14.3707 206.324
    endloop
  endfacet
  facet normal -0.00931244 -0.999804 0.017451
    outer loop
      vertex 117.118 14.6022 225.609
      vertex 117.218 14.5689 223.751
      vertex 117.218 14.6063 225.893
    endloop
  endfacet
  facet normal -0.00931 -0.999804 0.0174512
    outer loop
      vertex 117.218 14.5689 223.751
      vertex 117.118 14.6022 225.609
      vertex 117.118 14.5645 223.45
    endloop
  endfacet
  facet normal 0.02123 -0.999748 0.00729024
    outer loop
      vertex 117.118 14.5645 223.45
      vertex 117.218 14.515 216.367
      vertex 117.218 14.5689 223.751
    endloop
  endfacet
  facet normal 0.0212366 -0.999748 0.00729033
    outer loop
      vertex 117.218 14.515 216.367
      vertex 117.118 14.5645 223.45
      vertex 117.118 14.5108 216.08
    endloop
  endfacet
  facet normal 0.00230757 -0.999914 0.0128897
    outer loop
      vertex 116.076 14.6028 231.975
      vertex 116.176 14.5841 230.506
      vertex 116.176 14.6067 232.257
    endloop
  endfacet
  facet normal 0.00230987 -0.999914 0.0128899
    outer loop
      vertex 116.176 14.5841 230.506
      vertex 116.076 14.6028 231.975
      vertex 116.076 14.58 230.208
    endloop
  endfacet
  facet normal 0.00230624 -0.999914 0.0128902
    outer loop
      vertex 117.118 14.643 234.909
      vertex 117.218 14.6265 233.605
      vertex 117.218 14.6469 235.191
    endloop
  endfacet
  facet normal 0.00230228 -0.999914 0.0128899
    outer loop
      vertex 117.218 14.6265 233.605
      vertex 117.118 14.643 234.909
      vertex 117.118 14.6224 233.307
    endloop
  endfacet
  facet normal 0.0328388 -0.999457 0.00261994
    outer loop
      vertex 117.118 14.6224 233.307
      vertex 117.218 14.6063 225.893
      vertex 117.218 14.6265 233.605
    endloop
  endfacet
  facet normal 0.0328414 -0.999457 0.00261997
    outer loop
      vertex 117.218 14.6063 225.893
      vertex 117.118 14.6224 233.307
      vertex 117.118 14.6022 225.609
    endloop
  endfacet
  facet normal 0.0328463 -0.999457 0.00262025
    outer loop
      vertex 116.176 14.5815 229.5
      vertex 116.076 14.58 230.208
      vertex 116.076 14.5782 229.5
    endloop
  endfacet
  facet normal 0.0328468 -0.999457 0.00262032
    outer loop
      vertex 116.076 14.58 230.208
      vertex 116.176 14.5815 229.5
      vertex 116.176 14.5841 230.506
    endloop
  endfacet
  facet normal 0.0150542 -0.999856 0.00788783
    outer loop
      vertex 116.076 14.593 241.078
      vertex 116.176 14.5871 240.138
      vertex 116.176 14.5967 241.357
    endloop
  endfacet
  facet normal 0.0150533 -0.999856 0.00788774
    outer loop
      vertex 116.176 14.5871 240.138
      vertex 116.076 14.593 241.078
      vertex 116.076 14.5832 239.843
    endloop
  endfacet
  facet normal 0.0150538 -0.999856 0.00788755
    outer loop
      vertex 117.118 14.6316 243.985
      vertex 117.218 14.6269 243.206
      vertex 117.218 14.6353 244.264
    endloop
  endfacet
  facet normal 0.015053 -0.999856 0.00788745
    outer loop
      vertex 117.218 14.6269 243.206
      vertex 117.118 14.6316 243.985
      vertex 117.118 14.6231 242.911
    endloop
  endfacet
  facet normal 0.0455815 -0.998958 -0.00248899
    outer loop
      vertex 116.076 14.5832 239.843
      vertex 116.176 14.6067 232.257
      vertex 116.176 14.5871 240.138
    endloop
  endfacet
  facet normal 0.0455847 -0.998957 -0.00248894
    outer loop
      vertex 116.176 14.6067 232.257
      vertex 116.076 14.5832 239.843
      vertex 116.076 14.6028 231.975
    endloop
  endfacet
  facet normal 0.0455816 -0.998958 -0.0024889
    outer loop
      vertex 117.118 14.6231 242.911
      vertex 117.218 14.6469 235.191
      vertex 117.218 14.6269 243.206
    endloop
  endfacet
  facet normal 0.0455845 -0.998957 -0.00248886
    outer loop
      vertex 117.218 14.6469 235.191
      vertex 117.118 14.6231 242.911
      vertex 117.118 14.643 234.909
    endloop
  endfacet
  facet normal 0.0289183 -0.999579 0.00244263
    outer loop
      vertex 116.076 14.5291 249.965
      vertex 116.176 14.5309 249.526
      vertex 116.176 14.5326 250.241
    endloop
  endfacet
  facet normal 0.0289197 -0.999579 0.00244296
    outer loop
      vertex 116.176 14.5309 249.526
      vertex 116.076 14.5291 249.965
      vertex 116.076 14.5273 249.235
    endloop
  endfacet
  facet normal 0.0289158 -0.999579 0.00244341
    outer loop
      vertex 117.118 14.5662 252.845
      vertex 117.218 14.5685 252.564
      vertex 117.218 14.5698 253.121
    endloop
  endfacet
  facet normal 0.0289124 -0.999579 0.00244221
    outer loop
      vertex 117.218 14.5685 252.564
      vertex 117.118 14.5662 252.845
      vertex 117.118 14.5648 252.272
    endloop
  endfacet
  facet normal 0.0594322 -0.9982 -0.00803735
    outer loop
      vertex 116.076 14.5273 249.235
      vertex 116.176 14.5967 241.357
      vertex 116.176 14.5309 249.526
    endloop
  endfacet
  facet normal 0.0594308 -0.9982 -0.00803737
    outer loop
      vertex 116.176 14.5967 241.357
      vertex 116.076 14.5273 249.235
      vertex 116.076 14.593 241.078
    endloop
  endfacet
  facet normal 0.0594229 -0.998201 -0.00803743
    outer loop
      vertex 117.118 14.5648 252.272
      vertex 117.218 14.6353 244.264
      vertex 117.218 14.5685 252.564
    endloop
  endfacet
  facet normal 0.0594318 -0.9982 -0.00803731
    outer loop
      vertex 117.218 14.6353 244.264
      vertex 117.118 14.5648 252.272
      vertex 117.118 14.6316 243.985
    endloop
  endfacet
  facet normal 0.0439367 -0.999028 -0.00346483
    outer loop
      vertex 116.076 14.4097 258.634
      vertex 116.176 14.4139 258.671
      vertex 116.176 14.4131 258.908
    endloop
  endfacet
  facet normal 0.0439361 -0.999028 -0.00346297
    outer loop
      vertex 116.176 14.4139 258.671
      vertex 116.076 14.4097 258.634
      vertex 116.076 14.4105 258.382
    endloop
  endfacet
  facet normal 0.0744149 -0.997129 -0.0140415
    outer loop
      vertex 116.076 14.4105 258.382
      vertex 116.176 14.5326 250.241
      vertex 116.176 14.4139 258.671
    endloop
  endfacet
  facet normal 0.0744085 -0.997129 -0.0140415
    outer loop
      vertex 116.176 14.5326 250.241
      vertex 116.076 14.4105 258.382
      vertex 116.076 14.5291 249.965
    endloop
  endfacet
  facet normal 0.0744024 -0.997129 -0.0140417
    outer loop
      vertex 117.118 14.5148 256.5
      vertex 117.218 14.5698 253.121
      vertex 117.218 14.5222 256.5
    endloop
  endfacet
  facet normal 0.0744105 -0.997129 -0.0140415
    outer loop
      vertex 117.218 14.5698 253.121
      vertex 117.118 14.5148 256.5
      vertex 117.118 14.5662 252.845
    endloop
  endfacet
  facet normal 0.0602433 -0.998135 -0.0098915
    outer loop
      vertex 42.2673 11.7653 66.6483
      vertex 42.2495 11.7647 66.6
      vertex 42.2673 11.7658 66.6
    endloop
  endfacet
  facet normal 0.090645 -0.995671 -0.0205545
    outer loop
      vertex 116.076 14.313 263.318
      vertex 116.176 14.4131 258.908
      vertex 116.176 14.3221 263.318
    endloop
  endfacet
  facet normal 0.0906499 -0.995671 -0.0205543
    outer loop
      vertex 116.176 14.4131 258.908
      vertex 116.076 14.313 263.318
      vertex 116.076 14.4097 258.634
    endloop
  endfacet
  facet normal 0.0778187 -0.996825 -0.0168485
    outer loop
      vertex 42.1673 11.5901 76.3689
      vertex 42.2673 11.7574 66.9327
      vertex 42.2673 11.5934 76.6381
    endloop
  endfacet
  facet normal 0.0778198 -0.996825 -0.0168485
    outer loop
      vertex 42.2673 11.7574 66.9327
      vertex 42.1673 11.5901 76.3689
      vertex 42.1673 11.7544 66.6495
    endloop
  endfacet
  facet normal 0.108202 -0.993745 -0.02761
    outer loop
      vertex 42.1673 11.7544 66.6495
      vertex 42.2673 11.7653 66.6483
      vertex 42.2673 11.7574 66.9327
    endloop
  endfacet
  facet normal 0.108205 -0.993745 -0.0276019
    outer loop
      vertex 42.2495 11.7647 66.6
      vertex 42.1673 11.7544 66.6495
      vertex 42.1673 11.7558 66.6
    endloop
  endfacet
  facet normal 0.108202 -0.993746 -0.027608
    outer loop
      vertex 42.1673 11.7544 66.6495
      vertex 42.2495 11.7647 66.6
      vertex 42.2673 11.7653 66.6483
    endloop
  endfacet
  facet normal 0.0971955 -0.994963 -0.0245275
    outer loop
      vertex 42.1673 11.3432 86.0784
      vertex 42.2673 11.5685 77.3345
      vertex 42.2673 11.3464 86.3452
    endloop
  endfacet
  facet normal 0.0971976 -0.994963 -0.0245274
    outer loop
      vertex 42.2673 11.5685 77.3345
      vertex 42.1673 11.3432 86.0784
      vertex 42.1673 11.5657 77.0541
    endloop
  endfacet
  facet normal 0.127494 -0.991209 -0.0353683
    outer loop
      vertex 42.1673 11.5657 77.0541
      vertex 42.2673 11.5934 76.6381
      vertex 42.2673 11.5685 77.3345
    endloop
  endfacet
  facet normal 0.12749 -0.991209 -0.0353692
    outer loop
      vertex 42.2673 11.5934 76.6381
      vertex 42.1673 11.5657 77.0541
      vertex 42.1673 11.5901 76.3689
    endloop
  endfacet
  facet normal 0.118551 -0.992399 -0.0330225
    outer loop
      vertex 42.1673 11.284 87.5
      vertex 42.2673 11.2985 87.4231
      vertex 42.2673 11.2959 87.5
    endloop
  endfacet
  facet normal 0.118556 -0.992398 -0.0330159
    outer loop
      vertex 42.2673 11.2985 87.4231
      vertex 42.1673 11.284 87.5
      vertex 42.1673 11.2958 87.1453
    endloop
  endfacet
  facet normal 0.148743 -0.9879 -0.0439265
    outer loop
      vertex 42.1673 11.2958 87.1453
      vertex 42.2673 11.3464 86.3452
      vertex 42.2673 11.2985 87.4231
    endloop
  endfacet
  facet normal 0.14874 -0.9879 -0.0439269
    outer loop
      vertex 42.2673 11.3464 86.3452
      vertex 42.1673 11.2958 87.1453
      vertex 42.1673 11.3432 86.0784
    endloop
  endfacet
  facet normal 0.0300188 0.998824 -0.038059
    outer loop
      vertex 42.2673 -4.99365 87.5
      vertex 42.1673 -4.99719 87.3281
      vertex 42.2349 -4.99267 87.5
    endloop
  endfacet
  facet normal 0.0300201 0.998824 -0.0380598
    outer loop
      vertex 42.2673 -5.32793 78.7273
      vertex 42.1673 -4.99719 87.3281
      vertex 42.2673 -4.99365 87.5
    endloop
  endfacet
  facet normal 0.030016 0.998825 -0.0380598
    outer loop
      vertex 42.1673 -4.99719 87.3281
      vertex 42.2673 -5.32793 78.7273
      vertex 42.1673 -5.3351 78.4601
    endloop
  endfacet
  facet normal -0.000500648 0.99966 -0.0260811
    outer loop
      vertex 42.2349 -4.99267 87.5
      vertex 42.1673 -4.99719 87.3281
      vertex 42.1673 -4.99271 87.5
    endloop
  endfacet
  facet normal 0.0178152 0.999264 -0.0339808
    outer loop
      vertex 42.2673 -5.66764 68.4737
      vertex 42.1673 -5.35151 77.7175
      vertex 42.2673 -5.34457 77.9739
    endloop
  endfacet
  facet normal 0.0178149 0.999264 -0.0339808
    outer loop
      vertex 42.1673 -5.35151 77.7175
      vertex 42.2673 -5.66764 68.4737
      vertex 42.1673 -5.67502 68.2041
    endloop
  endfacet
  facet normal -0.0127182 0.999675 -0.0220857
    outer loop
      vertex 42.2673 -5.34457 77.9739
      vertex 42.1673 -5.3351 78.4601
      vertex 42.2673 -5.32793 78.7273
    endloop
  endfacet
  facet normal -0.0127142 0.999675 -0.0220849
    outer loop
      vertex 42.1673 -5.3351 78.4601
      vertex 42.2673 -5.34457 77.9739
      vertex 42.1673 -5.35151 77.7175
    endloop
  endfacet
  facet normal 0.00762608 0.9995 -0.0306897
    outer loop
      vertex 42.2673 -5.72107 66.6
      vertex 42.1673 -5.68136 67.8685
      vertex 42.2673 -5.67419 68.127
    endloop
  endfacet
  facet normal 0.00762093 0.9995 -0.0306901
    outer loop
      vertex 42.1673 -5.68136 67.8685
      vertex 42.2673 -5.72107 66.6
      vertex 42.1673 -5.72031 66.6
    endloop
  endfacet
  facet normal 0.00761946 0.9995 -0.0306873
    outer loop
      vertex 116.176 -0.377944 258.971
      vertex 116.076 -0.378497 258.928
      vertex 116.176 -0.371322 259.186
    endloop
  endfacet
  facet normal 0.00761978 0.9995 -0.030688
    outer loop
      vertex 116.076 -0.378497 258.928
      vertex 116.176 -0.377944 258.971
      vertex 116.076 -0.385533 258.699
    endloop
  endfacet
  facet normal -0.0229109 0.999559 -0.0188801
    outer loop
      vertex 116.176 -0.371322 259.186
      vertex 116.076 -0.295573 263.318
      vertex 116.176 -0.293281 263.318
    endloop
  endfacet
  facet normal -0.0229087 0.999559 -0.01888
    outer loop
      vertex 116.076 -0.295573 263.318
      vertex 116.176 -0.371322 259.186
      vertex 116.076 -0.378497 258.928
    endloop
  endfacet
  facet normal -0.0229096 0.999559 -0.0188798
    outer loop
      vertex 42.2673 -5.67419 68.127
      vertex 42.1673 -5.67502 68.2041
      vertex 42.2673 -5.66764 68.4737
    endloop
  endfacet
  facet normal -0.0229093 0.999559 -0.0188793
    outer loop
      vertex 42.1673 -5.67502 68.2041
      vertex 42.2673 -5.67419 68.127
      vertex 42.1673 -5.68136 67.8685
    endloop
  endfacet
  facet normal -0.000627754 0.999604 -0.0281469
    outer loop
      vertex 116.176 -0.532871 250.024
      vertex 116.076 -0.521391 250.434
      vertex 116.176 -0.513988 250.694
    endloop
  endfacet
  facet normal -0.000629154 0.999604 -0.0281472
    outer loop
      vertex 116.076 -0.521391 250.434
      vertex 116.176 -0.532871 250.024
      vertex 116.076 -0.540664 249.749
    endloop
  endfacet
  facet normal -0.000627365 0.999604 -0.0281471
    outer loop
      vertex 117.218 -0.451694 252.883
      vertex 117.118 -0.444275 253.149
      vertex 117.218 -0.436872 253.41
    endloop
  endfacet
  facet normal -0.000626392 0.999604 -0.0281467
    outer loop
      vertex 117.118 -0.444275 253.149
      vertex 117.218 -0.451694 252.883
      vertex 117.118 -0.459487 252.609
    endloop
  endfacet
  facet normal -0.0311613 0.999379 -0.0164273
    outer loop
      vertex 116.176 -0.513988 250.694
      vertex 116.076 -0.385533 258.699
      vertex 116.176 -0.377944 258.971
    endloop
  endfacet
  facet normal -0.0311623 0.999379 -0.0164273
    outer loop
      vertex 116.076 -0.385533 258.699
      vertex 116.176 -0.513988 250.694
      vertex 116.076 -0.521391 250.434
    endloop
  endfacet
  facet normal -0.0311624 0.999379 -0.0164273
    outer loop
      vertex 117.218 -0.436872 253.41
      vertex 117.118 -0.389195 256.5
      vertex 117.218 -0.386077 256.5
    endloop
  endfacet
  facet normal -0.0311624 0.999379 -0.0164273
    outer loop
      vertex 117.118 -0.389195 256.5
      vertex 117.218 -0.436872 253.41
      vertex 117.118 -0.444275 253.149
    endloop
  endfacet
  facet normal -0.0786404 0.996862 -0.00899939
    outer loop
      vertex 185.259 4.19702 263.318
      vertex 185.159 4.20792 265.4
      vertex 185.259 4.21581 265.4
    endloop
  endfacet
  facet normal -0.0786404 0.996862 -0.00899939
    outer loop
      vertex 185.159 4.20792 265.4
      vertex 185.259 4.19702 263.318
      vertex 185.159 4.18913 263.318
    endloop
  endfacet
  facet normal -0.0980122 -0.993999 0.0485756
    outer loop
      vertex 185.159 12.6753 263.318
      vertex 185.259 12.7671 265.4
      vertex 185.159 12.777 265.4
    endloop
  endfacet
  facet normal -0.0980028 -0.994 0.0485752
    outer loop
      vertex 185.259 12.7671 265.4
      vertex 185.159 12.6753 263.318
      vertex 185.259 12.6654 263.318
    endloop
  endfacet
  facet normal 0.0906396 -0.995612 -0.0232805
    outer loop
      vertex 116.076 14.313 263.318
      vertex 116.176 14.2734 265.4
      vertex 116.076 14.2643 265.4
    endloop
  endfacet
  facet normal 0.0906396 -0.995612 -0.0232805
    outer loop
      vertex 116.176 14.2734 265.4
      vertex 116.076 14.313 263.318
      vertex 116.176 14.3221 263.318
    endloop
  endfacet
  facet normal -0.0229116 0.999589 -0.0172241
    outer loop
      vertex 116.176 -0.293281 263.318
      vertex 116.076 -0.2597 265.4
      vertex 116.176 -0.257408 265.4
    endloop
  endfacet
  facet normal -0.0229116 0.999589 -0.0172241
    outer loop
      vertex 116.076 -0.2597 265.4
      vertex 116.176 -0.293281 263.318
      vertex 116.076 -0.295573 263.318
    endloop
  endfacet
  facet normal -0 0 1
    outer loop
      vertex 117.168 0.455667 66.6
      vertex 117.218 -3.23582 66.6
      vertex 117.218 0.458944 66.6
    endloop
  endfacet
  facet normal 0 0 1
    outer loop
      vertex 117.118 -3.24064 66.6
      vertex 117.168 0.455667 66.6
      vertex 117.118 0.458944 66.6
    endloop
  endfacet
  facet normal 0 0 1
    outer loop
      vertex 117.168 0.455667 66.6
      vertex 117.118 -3.24064 66.6
      vertex 117.218 -3.23582 66.6
    endloop
  endfacet
  facet normal 0 0 1
    outer loop
      vertex 117.218 8.6453 66.6
      vertex 117.168 5.98567 66.6
      vertex 117.218 5.98239 66.6
    endloop
  endfacet
  facet normal 0 0 1
    outer loop
      vertex 117.118 5.98239 66.6
      vertex 117.218 8.6453 66.6
      vertex 117.118 8.6572 66.6
    endloop
  endfacet
  facet normal 0 0 1
    outer loop
      vertex 117.218 8.6453 66.6
      vertex 117.118 5.98239 66.6
      vertex 117.168 5.98567 66.6
    endloop
  endfacet
  facet normal 1 0 0
    outer loop
      vertex 117.118 4.79336 256.5
      vertex 117.118 0.458944 252.5
      vertex 117.118 4.79336 252.5
    endloop
  endfacet
  facet normal 1 -0 0
    outer loop
      vertex 117.118 -0.389195 256.5
      vertex 117.118 0.458944 252.5
      vertex 117.118 4.79336 256.5
    endloop
  endfacet
  facet normal 1 -0 0
    outer loop
      vertex 117.118 -0.444275 253.149
      vertex 117.118 0.458944 252.5
      vertex 117.118 -0.389195 256.5
    endloop
  endfacet
  facet normal 1 -0 0
    outer loop
      vertex 117.118 -0.459487 252.609
      vertex 117.118 0.458944 252.5
      vertex 117.118 -0.444275 253.149
    endloop
  endfacet
  facet normal 1 0 0
    outer loop
      vertex 117.118 0.458944 252.5
      vertex 117.118 -0.459487 252.609
      vertex 117.118 -0.577057 244.5
    endloop
  endfacet
  facet normal 1 0 0
    outer loop
      vertex 117.118 -0.60351 243.487
      vertex 117.118 0.458944 252.5
      vertex 117.118 -0.577057 244.5
    endloop
  endfacet
  facet normal 1 0 0
    outer loop
      vertex 117.118 0.458944 252.5
      vertex 117.118 -0.60351 243.487
      vertex 117.118 -0.70406 235.666
    endloop
  endfacet
  facet normal 1 0 0
    outer loop
      vertex 117.118 -0.827007 226.658
      vertex 117.118 0.458944 252.5
      vertex 117.118 -0.70406 235.666
    endloop
  endfacet
  facet normal 1 0 0
    outer loop
      vertex 117.118 -0.827007 226.658
      vertex 117.118 -0.70406 235.666
      vertex 117.118 -0.74082 234.158
    endloop
  endfacet
  facet normal 1 0 0
    outer loop
      vertex 117.118 -0.94786 217.454
      vertex 117.118 0.458944 252.5
      vertex 117.118 -0.827007 226.658
    endloop
  endfacet
  facet normal 1 0 0
    outer loop
      vertex 117.118 -0.94786 217.454
      vertex 117.118 -0.827007 226.658
      vertex 117.118 -0.873324 224.637
    endloop
  endfacet
  facet normal 1 0 0
    outer loop
      vertex 117.118 -1.06848 208.056
      vertex 117.118 0.458944 252.5
      vertex 117.118 -0.94786 217.454
    endloop
  endfacet
  facet normal 1 0 0
    outer loop
      vertex 117.118 -1.06848 208.056
      vertex 117.118 -0.94786 217.454
      vertex 117.118 -1.0035 214.891
    endloop
  endfacet
  facet normal 1 0 0
    outer loop
      vertex 117.118 0.458944 252.5
      vertex 117.118 -1.06848 208.056
      vertex 117.118 0.458944 66.6
    endloop
  endfacet
  facet normal 1 0 0
    outer loop
      vertex 117.118 -1.19057 198.463
      vertex 117.118 -1.06848 208.056
      vertex 117.118 -1.1333 204.929
    endloop
  endfacet
  facet normal 1 0 0
    outer loop
      vertex 117.118 -1.06848 208.056
      vertex 117.118 -1.19057 198.463
      vertex 117.118 0.458944 66.6
    endloop
  endfacet
  facet normal 1 -0 0
    outer loop
      vertex 117.118 -1.26475 194.75
      vertex 117.118 0.458944 66.6
      vertex 117.118 -1.19057 198.463
    endloop
  endfacet
  facet normal 1 -0 0
    outer loop
      vertex 117.118 -1.31601 188.662
      vertex 117.118 0.458944 66.6
      vertex 117.118 -1.26475 194.75
    endloop
  endfacet
  facet normal 1 -0 0
    outer loop
      vertex 117.118 -1.40023 184.33
      vertex 117.118 0.458944 66.6
      vertex 117.118 -1.31601 188.662
    endloop
  endfacet
  facet normal 1 -0 0
    outer loop
      vertex 117.118 -1.44646 178.654
      vertex 117.118 0.458944 66.6
      vertex 117.118 -1.40023 184.33
    endloop
  endfacet
  facet normal 1 -0 0
    outer loop
      vertex 117.118 -1.54115 173.687
      vertex 117.118 0.458944 66.6
      vertex 117.118 -1.44646 178.654
    endloop
  endfacet
  facet normal 1 -0 0
    outer loop
      vertex 117.118 -1.58296 168.443
      vertex 117.118 0.458944 66.6
      vertex 117.118 -1.54115 173.687
    endloop
  endfacet
  facet normal 1 -0 0
    outer loop
      vertex 117.118 -1.6887 162.815
      vertex 117.118 0.458944 66.6
      vertex 117.118 -1.58296 168.443
    endloop
  endfacet
  facet normal 1 -0 0
    outer loop
      vertex 117.118 -1.72664 158.017
      vertex 117.118 0.458944 66.6
      vertex 117.118 -1.6887 162.815
    endloop
  endfacet
  facet normal 1 -0 0
    outer loop
      vertex 117.118 -1.84439 151.691
      vertex 117.118 0.458944 66.6
      vertex 117.118 -1.72664 158.017
    endloop
  endfacet
  facet normal 1 -0 0
    outer loop
      vertex 117.118 -1.87882 147.365
      vertex 117.118 0.458944 66.6
      vertex 117.118 -1.84439 151.691
    endloop
  endfacet
  facet normal 1 -0 0
    outer loop
      vertex 117.118 -2.00962 140.319
      vertex 117.118 0.458944 66.6
      vertex 117.118 -1.87882 147.365
    endloop
  endfacet
  facet normal 1 -0 0
    outer loop
      vertex 117.118 -2.04086 136.483
      vertex 117.118 0.458944 66.6
      vertex 117.118 -2.00962 140.319
    endloop
  endfacet
  facet normal 1 -0 0
    outer loop
      vertex 117.118 -2.18643 128.676
      vertex 117.118 0.458944 66.6
      vertex 117.118 -2.04086 136.483
    endloop
  endfacet
  facet normal 1 -0 0
    outer loop
      vertex 117.118 -2.21439 125.362
      vertex 117.118 0.458944 66.6
      vertex 117.118 -2.18643 128.676
    endloop
  endfacet
  facet normal 1 -0 0
    outer loop
      vertex 117.118 -2.37611 116.772
      vertex 117.118 0.458944 66.6
      vertex 117.118 -2.21439 125.362
    endloop
  endfacet
  facet normal 1 -0 0
    outer loop
      vertex 117.118 -2.40039 114.002
      vertex 117.118 0.458944 66.6
      vertex 117.118 -2.37611 116.772
    endloop
  endfacet
  facet normal 1 -0 0
    outer loop
      vertex 117.118 -2.5796 104.597
      vertex 117.118 0.458944 66.6
      vertex 117.118 -2.40039 114.002
    endloop
  endfacet
  facet normal 1 -0 0
    outer loop
      vertex 117.118 -2.59969 102.397
      vertex 117.118 0.458944 66.6
      vertex 117.118 -2.5796 104.597
    endloop
  endfacet
  facet normal 1 -0 0
    outer loop
      vertex 117.118 -2.79772 92.1453
      vertex 117.118 0.458944 66.6
      vertex 117.118 -2.59969 102.397
    endloop
  endfacet
  facet normal 1 -0 0
    outer loop
      vertex 117.118 -2.92117 79.0916
      vertex 117.118 0.458944 66.6
      vertex 117.118 -2.79772 92.1453
    endloop
  endfacet
  facet normal 1 0 0
    outer loop
      vertex 117.118 0.458944 66.6
      vertex 117.118 -2.92117 79.0916
      vertex 117.118 -3.24064 66.6
    endloop
  endfacet
  facet normal 1 0 0
    outer loop
      vertex 117.118 8.0547 186.4
      vertex 117.118 7.06231 197.64
      vertex 117.118 7.7768 170.513
    endloop
  endfacet
  facet normal 1 -0 0
    outer loop
      vertex 117.118 7.30117 256.5
      vertex 117.118 14.5662 252.845
      vertex 117.118 14.5148 256.5
    endloop
  endfacet
  facet normal 1 0 0
    outer loop
      vertex 117.118 14.5662 252.845
      vertex 117.118 7.30117 256.5
      vertex 117.118 14.5648 252.272
    endloop
  endfacet
  facet normal 1 0 0
    outer loop
      vertex 117.118 14.5648 252.272
      vertex 117.118 7.30117 231
      vertex 117.118 14.5645 223.45
    endloop
  endfacet
  facet normal 1 -0 0
    outer loop
      vertex 117.118 5.98239 231
      vertex 117.118 14.5645 223.45
      vertex 117.118 7.30117 231
    endloop
  endfacet
  facet normal 1 0 0
    outer loop
      vertex 117.118 14.5645 223.45
      vertex 117.118 5.98239 231
      vertex 117.118 14.5108 216.08
    endloop
  endfacet
  facet normal 1 0 0
    outer loop
      vertex 117.118 14.5108 216.08
      vertex 117.118 5.98239 231
      vertex 117.118 14.4516 213.336
    endloop
  endfacet
  facet normal 1 0 -0
    outer loop
      vertex 117.118 7.06231 197.64
      vertex 117.118 14.4516 213.336
      vertex 117.118 5.98239 231
    endloop
  endfacet
  facet normal 1 0 0
    outer loop
      vertex 117.118 14.4516 213.336
      vertex 117.118 7.06231 197.64
      vertex 117.118 14.3707 206.324
    endloop
  endfacet
  facet normal 1 0 0
    outer loop
      vertex 117.118 14.2853 202.973
      vertex 117.118 10.5198 198.139
      vertex 117.118 14.1828 196.354
    endloop
  endfacet
  facet normal 1 0 -0
    outer loop
      vertex 117.118 11.5617 186.339
      vertex 117.118 14.0668 192.368
      vertex 117.118 10.5198 198.139
    endloop
  endfacet
  facet normal 1 0 0
    outer loop
      vertex 117.118 14.0668 192.368
      vertex 117.118 11.5617 186.339
      vertex 117.118 13.9474 186.169
    endloop
  endfacet
  facet normal 1 0 0
    outer loop
      vertex 117.118 13.9474 186.169
      vertex 117.118 11.5617 186.339
      vertex 117.118 13.7961 181.522
    endloop
  endfacet
  facet normal 1 0 0
    outer loop
      vertex 117.118 11.2937 171.021
      vertex 117.118 13.6647 175.764
      vertex 117.118 11.5617 186.339
    endloop
  endfacet
  facet normal 1 0 0
    outer loop
      vertex 117.118 13.6647 175.764
      vertex 117.118 11.2937 171.021
      vertex 117.118 13.4731 170.421
    endloop
  endfacet
  facet normal 1 0 0
    outer loop
      vertex 117.118 13.4731 170.421
      vertex 117.118 11.2937 171.021
      vertex 117.118 13.3343 165.123
    endloop
  endfacet
  facet normal 1 -0 0
    outer loop
      vertex 117.118 7.7768 170.513
      vertex 117.118 13.3343 165.123
      vertex 117.118 11.2937 171.021
    endloop
  endfacet
  facet normal 1 0 0
    outer loop
      vertex 117.118 13.3343 165.123
      vertex 117.118 7.7768 170.513
      vertex 117.118 13.098 159.061
    endloop
  endfacet
  facet normal 1 0 0
    outer loop
      vertex 117.118 13.098 159.061
      vertex 117.118 7.7768 170.513
      vertex 117.118 12.9566 154.253
    endloop
  endfacet
  facet normal 1 0 0
    outer loop
      vertex 117.118 12.9566 154.253
      vertex 117.118 7.7768 170.513
      vertex 117.118 12.6708 147.44
    endloop
  endfacet
  facet normal 1 0 0
    outer loop
      vertex 117.118 12.6708 147.44
      vertex 117.118 7.7768 170.513
      vertex 117.118 12.5314 143.148
    endloop
  endfacet
  facet normal 1 0 0
    outer loop
      vertex 117.118 12.5314 143.148
      vertex 117.118 7.7768 170.513
      vertex 117.118 12.1913 135.56
    endloop
  endfacet
  facet normal 1 0 0
    outer loop
      vertex 117.118 13.7961 181.522
      vertex 117.118 11.5617 186.339
      vertex 117.118 13.6647 175.764
    endloop
  endfacet
  facet normal 1 0 0
    outer loop
      vertex 117.118 14.5648 252.272
      vertex 117.118 7.30117 256.5
      vertex 117.118 7.30117 231
    endloop
  endfacet
  facet normal 1 0 0
    outer loop
      vertex 117.118 14.1828 196.354
      vertex 117.118 10.5198 198.139
      vertex 117.118 14.0668 192.368
    endloop
  endfacet
  facet normal 1 0 0
    outer loop
      vertex 117.118 14.3707 206.324
      vertex 117.118 7.06231 197.64
      vertex 117.118 14.2853 202.973
    endloop
  endfacet
  facet normal 1 0 0
    outer loop
      vertex 117.118 14.2853 202.973
      vertex 117.118 7.06231 197.64
      vertex 117.118 10.5198 198.139
    endloop
  endfacet
  facet normal 1 0 0
    outer loop
      vertex 117.118 14.5645 223.45
      vertex 117.118 14.6224 233.307
      vertex 117.118 14.6231 242.911
    endloop
  endfacet
  facet normal 1 0 0
    outer loop
      vertex 117.118 14.5648 252.272
      vertex 117.118 14.6231 242.911
      vertex 117.118 14.6316 243.985
    endloop
  endfacet
  facet normal 1 0 0
    outer loop
      vertex 117.118 14.5645 223.45
      vertex 117.118 14.6231 242.911
      vertex 117.118 14.5648 252.272
    endloop
  endfacet
  facet normal 1 0 0
    outer loop
      vertex 117.118 14.6224 233.307
      vertex 117.118 14.5645 223.45
      vertex 117.118 14.6022 225.609
    endloop
  endfacet
  facet normal 1 0 0
    outer loop
      vertex 117.118 14.643 234.909
      vertex 117.118 14.6231 242.911
      vertex 117.118 14.6224 233.307
    endloop
  endfacet
  facet normal 1 0 0
    outer loop
      vertex 117.118 12.1913 135.56
      vertex 117.118 7.7768 170.513
      vertex 117.118 12.0584 131.811
    endloop
  endfacet
  facet normal 1 0 0
    outer loop
      vertex 117.118 12.0584 131.811
      vertex 117.118 7.7768 170.513
      vertex 117.118 11.6586 123.409
    endloop
  endfacet
  facet normal 1 0 0
    outer loop
      vertex 117.118 11.6586 123.409
      vertex 117.118 7.7768 170.513
      vertex 117.118 11.5367 120.228
    endloop
  endfacet
  facet normal 1 0 0
    outer loop
      vertex 117.118 11.5367 120.228
      vertex 117.118 7.7768 170.513
      vertex 117.118 11.0716 110.983
    endloop
  endfacet
  facet normal 1 0 0
    outer loop
      vertex 117.118 11.0716 110.983
      vertex 117.118 7.7768 170.513
      vertex 117.118 10.9653 108.398
    endloop
  endfacet
  facet normal 1 0 0
    outer loop
      vertex 117.118 5.98239 66.6
      vertex 117.118 10.9653 108.398
      vertex 117.118 7.7768 170.513
    endloop
  endfacet
  facet normal 1 0 0
    outer loop
      vertex 117.118 10.9653 108.398
      vertex 117.118 5.98239 66.6
      vertex 117.118 10.4292 98.2719
    endloop
  endfacet
  facet normal 1 0 0
    outer loop
      vertex 117.118 10.4292 98.2719
      vertex 117.118 5.98239 66.6
      vertex 117.118 10.3431 96.309
    endloop
  endfacet
  facet normal 1 0 0
    outer loop
      vertex 117.118 10.3431 96.309
      vertex 117.118 5.98239 66.6
      vertex 117.118 9.73077 85.2786
    endloop
  endfacet
  facet normal 1 0 0
    outer loop
      vertex 117.118 9.73077 85.2786
      vertex 117.118 5.98239 66.6
      vertex 117.118 9.66986 83.969
    endloop
  endfacet
  facet normal 1 0 0
    outer loop
      vertex 117.118 9.66986 83.969
      vertex 117.118 5.98239 66.6
      vertex 117.118 8.97445 71.9753
    endloop
  endfacet
  facet normal 1 0 0
    outer loop
      vertex 117.118 8.97445 71.9753
      vertex 117.118 5.98239 66.6
      vertex 117.118 8.94364 71.3474
    endloop
  endfacet
  facet normal 1 0 0
    outer loop
      vertex 117.118 5.98239 66.6
      vertex 117.118 7.7768 170.513
      vertex 117.118 7.06231 197.64
    endloop
  endfacet
  facet normal 1 0 0
    outer loop
      vertex 117.118 5.98239 66.6
      vertex 117.118 7.06231 197.64
      vertex 117.118 5.98239 231
    endloop
  endfacet
  facet normal 1 0 0
    outer loop
      vertex 117.118 8.94364 71.3474
      vertex 117.118 5.98239 66.6
      vertex 117.118 8.6572 66.6
    endloop
  endfacet
  facet normal 0 0 -1
    outer loop
      vertex 117.118 7.30117 256.5
      vertex 117.218 14.5222 256.5
      vertex 117.218 7.21347 256.5
    endloop
  endfacet
  facet normal 0 0 -1
    outer loop
      vertex 117.218 14.5222 256.5
      vertex 117.118 7.30117 256.5
      vertex 117.118 14.5148 256.5
    endloop
  endfacet
  facet normal 0 0 -1
    outer loop
      vertex 117.118 4.79336 256.5
      vertex 117.218 -0.386077 256.5
      vertex 117.118 -0.389195 256.5
    endloop
  endfacet
  facet normal 0 0 -1
    outer loop
      vertex 117.218 -0.386077 256.5
      vertex 117.118 4.79336 256.5
      vertex 117.218 4.88106 256.5
    endloop
  endfacet
  facet normal -1 0 0
    outer loop
      vertex 117.218 7.21347 231
      vertex 117.218 14.6469 235.191
      vertex 117.218 14.6265 233.605
    endloop
  endfacet
  facet normal -1 0 0
    outer loop
      vertex 117.218 7.21347 231
      vertex 117.218 14.6265 233.605
      vertex 117.218 14.6063 225.893
    endloop
  endfacet
  facet normal -1 0 0
    outer loop
      vertex 117.218 7.21347 231
      vertex 117.218 14.6063 225.893
      vertex 117.218 14.5689 223.751
    endloop
  endfacet
  facet normal -1 0 0
    outer loop
      vertex 117.218 7.21347 256.5
      vertex 117.218 14.6353 244.264
      vertex 117.218 14.6269 243.206
    endloop
  endfacet
  facet normal -1 -0 0
    outer loop
      vertex 117.218 14.6469 235.191
      vertex 117.218 7.21347 231
      vertex 117.218 14.6269 243.206
    endloop
  endfacet
  facet normal -1 0 0
    outer loop
      vertex 117.218 7.21347 256.5
      vertex 117.218 14.6269 243.206
      vertex 117.218 7.21347 231
    endloop
  endfacet
  facet normal -1 0 0
    outer loop
      vertex 117.218 5.98239 231
      vertex 117.218 14.5689 223.751
      vertex 117.218 14.515 216.367
    endloop
  endfacet
  facet normal -1 0 0
    outer loop
      vertex 117.218 5.98239 231
      vertex 117.218 14.515 216.367
      vertex 117.218 14.4561 213.64
    endloop
  endfacet
  facet normal -1 0 0
    outer loop
      vertex 117.218 7.04724 197.885
      vertex 117.218 14.4561 213.64
      vertex 117.218 14.3751 206.614
    endloop
  endfacet
  facet normal -1 0 0
    outer loop
      vertex 117.218 7.04724 197.885
      vertex 117.218 14.3751 206.614
      vertex 117.218 14.2902 203.279
    endloop
  endfacet
  facet normal -1 0 0
    outer loop
      vertex 117.218 10.5047 198.384
      vertex 117.218 14.2902 203.279
      vertex 117.218 14.1874 196.646
    endloop
  endfacet
  facet normal -1 0 0
    outer loop
      vertex 117.218 10.5047 198.384
      vertex 117.218 14.1874 196.646
      vertex 117.218 14.0719 192.678
    endloop
  endfacet
  facet normal -1 0 0
    outer loop
      vertex 117.218 11.5682 186.339
      vertex 117.218 14.0719 192.678
      vertex 117.218 13.9523 186.464
    endloop
  endfacet
  facet normal -1 0 0
    outer loop
      vertex 117.218 11.5682 186.339
      vertex 117.218 13.9523 186.464
      vertex 117.218 13.8015 181.836
    endloop
  endfacet
  facet normal -1 0 0
    outer loop
      vertex 117.218 11.5682 186.339
      vertex 117.218 13.8015 181.836
      vertex 117.218 13.6698 176.063
    endloop
  endfacet
  facet normal -1 0 0
    outer loop
      vertex 117.218 11.3046 171.27
      vertex 117.218 13.6698 176.063
      vertex 117.218 13.4788 170.738
    endloop
  endfacet
  facet normal -1 0 0
    outer loop
      vertex 117.218 11.3046 171.27
      vertex 117.218 13.4788 170.738
      vertex 117.218 13.3396 165.424
    endloop
  endfacet
  facet normal -1 0 0
    outer loop
      vertex 117.218 7.7877 170.761
      vertex 117.218 13.3396 165.424
      vertex 117.218 13.1041 159.381
    endloop
  endfacet
  facet normal -1 0 0
    outer loop
      vertex 117.218 7.7877 170.761
      vertex 117.218 13.1041 159.381
      vertex 117.218 12.9623 154.558
    endloop
  endfacet
  facet normal -1 0 0
    outer loop
      vertex 117.218 7.7877 170.761
      vertex 117.218 12.9623 154.558
      vertex 117.218 12.6772 147.764
    endloop
  endfacet
  facet normal -1 0 0
    outer loop
      vertex 117.218 7.7877 170.761
      vertex 117.218 12.6772 147.764
      vertex 117.218 12.5373 143.455
    endloop
  endfacet
  facet normal -1 0 0
    outer loop
      vertex 117.218 7.7877 170.761
      vertex 117.218 12.5373 143.455
      vertex 117.218 12.1981 135.887
    endloop
  endfacet
  facet normal -1 0 0
    outer loop
      vertex 117.218 7.7877 170.761
      vertex 117.218 12.1981 135.887
      vertex 117.218 12.0646 132.122
    endloop
  endfacet
  facet normal -1 0 0
    outer loop
      vertex 117.218 7.7877 170.761
      vertex 117.218 12.0646 132.122
      vertex 117.218 11.6657 123.74
    endloop
  endfacet
  facet normal -1 -0 0
    outer loop
      vertex 117.218 14.0719 192.678
      vertex 117.218 11.5682 186.339
      vertex 117.218 10.5047 198.384
    endloop
  endfacet
  facet normal -1 0 0
    outer loop
      vertex 117.218 7.04724 197.885
      vertex 117.218 14.2902 203.279
      vertex 117.218 10.5047 198.384
    endloop
  endfacet
  facet normal -1 0 0
    outer loop
      vertex 117.218 14.6353 244.264
      vertex 117.218 7.21347 256.5
      vertex 117.218 14.5685 252.564
    endloop
  endfacet
  facet normal -1 0 0
    outer loop
      vertex 117.218 14.5685 252.564
      vertex 117.218 7.21347 256.5
      vertex 117.218 14.5222 256.5
    endloop
  endfacet
  facet normal -1 -0 0
    outer loop
      vertex 117.218 14.4561 213.64
      vertex 117.218 7.04724 197.885
      vertex 117.218 5.98239 231
    endloop
  endfacet
  facet normal -1 0 0
    outer loop
      vertex 117.218 5.98239 231
      vertex 117.218 7.04724 197.885
      vertex 117.218 5.98239 66.6
    endloop
  endfacet
  facet normal -1 0 0
    outer loop
      vertex 117.218 14.5689 223.751
      vertex 117.218 5.98239 231
      vertex 117.218 7.21347 231
    endloop
  endfacet
  facet normal -1 0 0
    outer loop
      vertex 117.218 7.7877 170.761
      vertex 117.218 11.6657 123.74
      vertex 117.218 11.5432 120.542
    endloop
  endfacet
  facet normal -1 -0 0
    outer loop
      vertex 117.218 13.6698 176.063
      vertex 117.218 11.3046 171.27
      vertex 117.218 11.5682 186.339
    endloop
  endfacet
  facet normal -1 0 0
    outer loop
      vertex 117.218 7.7877 170.761
      vertex 117.218 11.5432 120.542
      vertex 117.218 11.0791 111.318
    endloop
  endfacet
  facet normal -1 0 0
    outer loop
      vertex 117.218 7.7877 170.761
      vertex 117.218 11.0791 111.318
      vertex 117.218 10.9721 108.715
    endloop
  endfacet
  facet normal -1 0 0
    outer loop
      vertex 117.218 5.98239 66.6
      vertex 117.218 10.9721 108.715
      vertex 117.218 10.4371 98.6102
    endloop
  endfacet
  facet normal -1 0 0
    outer loop
      vertex 117.218 5.98239 66.6
      vertex 117.218 10.4371 98.6102
      vertex 117.218 10.3502 96.6299
    endloop
  endfacet
  facet normal -1 0 0
    outer loop
      vertex 117.218 5.98239 66.6
      vertex 117.218 10.3502 96.6299
      vertex 117.218 9.73912 85.6208
    endloop
  endfacet
  facet normal -1 0 0
    outer loop
      vertex 117.218 5.98239 66.6
      vertex 117.218 9.73912 85.6208
      vertex 117.218 9.67739 84.2934
    endloop
  endfacet
  facet normal -1 0 0
    outer loop
      vertex 117.218 5.98239 66.6
      vertex 117.218 9.67739 84.2934
      vertex 117.218 8.98323 72.3214
    endloop
  endfacet
  facet normal -1 0 0
    outer loop
      vertex 117.218 5.98239 66.6
      vertex 117.218 8.98323 72.3214
      vertex 117.218 8.95153 71.6753
    endloop
  endfacet
  facet normal -1 0 0
    outer loop
      vertex 117.218 5.98239 66.6
      vertex 117.218 8.95153 71.6753
      vertex 117.218 8.6453 66.6
    endloop
  endfacet
  facet normal -1 0 0
    outer loop
      vertex 117.218 13.3396 165.424
      vertex 117.218 7.7877 170.761
      vertex 117.218 11.3046 171.27
    endloop
  endfacet
  facet normal -1 -0 0
    outer loop
      vertex 117.218 10.9721 108.715
      vertex 117.218 5.98239 66.6
      vertex 117.218 7.7877 170.761
    endloop
  endfacet
  facet normal -1 -0 0
    outer loop
      vertex 117.218 7.7877 170.761
      vertex 117.218 5.98239 66.6
      vertex 117.218 7.04724 197.885
    endloop
  endfacet
  facet normal -1 -0 0
    outer loop
      vertex 117.218 14.5698 253.121
      vertex 117.218 14.5685 252.564
      vertex 117.218 14.5222 256.5
    endloop
  endfacet
  facet normal -1 -0 0
    outer loop
      vertex 117.218 8.06126 186.4
      vertex 117.218 7.7877 170.761
      vertex 117.218 7.04724 197.885
    endloop
  endfacet
  facet normal -1 0 0
    outer loop
      vertex 117.218 -1.06 208.329
      vertex 117.218 0.458944 252.5
      vertex 117.218 0.458944 66.6
    endloop
  endfacet
  facet normal -1 0 0
    outer loop
      vertex 117.218 0.458944 252.5
      vertex 117.218 -0.436872 253.41
      vertex 117.218 -0.386077 256.5
    endloop
  endfacet
  facet normal -1 0 -0
    outer loop
      vertex 117.218 -0.451694 252.883
      vertex 117.218 0.458944 252.5
      vertex 117.218 -0.569432 244.763
    endloop
  endfacet
  facet normal -1 0 0
    outer loop
      vertex 117.218 0.458944 252.5
      vertex 117.218 -0.451694 252.883
      vertex 117.218 -0.436872 253.41
    endloop
  endfacet
  facet normal -1 0 -0
    outer loop
      vertex 117.218 -0.595515 243.764
      vertex 117.218 0.458944 252.5
      vertex 117.218 -0.696217 235.932
    endloop
  endfacet
  facet normal -1 0 0
    outer loop
      vertex 117.218 0.458944 252.5
      vertex 117.218 -0.595515 243.764
      vertex 117.218 -0.569432 244.763
    endloop
  endfacet
  facet normal -1 0 0
    outer loop
      vertex 117.218 0.458944 252.5
      vertex 117.218 -0.818949 226.926
      vertex 117.218 -0.696217 235.932
    endloop
  endfacet
  facet normal -1 0 0
    outer loop
      vertex 117.218 -0.696217 235.932
      vertex 117.218 -0.818949 226.926
      vertex 117.218 -0.732624 234.438
    endloop
  endfacet
  facet normal -1 0 0
    outer loop
      vertex 117.218 0.458944 252.5
      vertex 117.218 -0.939593 217.725
      vertex 117.218 -0.818949 226.926
    endloop
  endfacet
  facet normal -1 0 0
    outer loop
      vertex 117.218 -0.818949 226.926
      vertex 117.218 -0.939593 217.725
      vertex 117.218 -0.864928 224.919
    endloop
  endfacet
  facet normal -1 0 0
    outer loop
      vertex 117.218 0.458944 252.5
      vertex 117.218 -1.06 208.329
      vertex 117.218 -0.939593 217.725
    endloop
  endfacet
  facet normal -1 0 0
    outer loop
      vertex 117.218 -0.939593 217.725
      vertex 117.218 -1.06 208.329
      vertex 117.218 -0.994904 215.176
    endloop
  endfacet
  facet normal -1 0 0
    outer loop
      vertex 117.218 -1.18189 198.738
      vertex 117.218 -1.06 208.329
      vertex 117.218 0.458944 66.6
    endloop
  endfacet
  facet normal -1 0 0
    outer loop
      vertex 117.218 -1.06 208.329
      vertex 117.218 -1.18189 198.738
      vertex 117.218 -1.12451 205.217
    endloop
  endfacet
  facet normal -1 0 0
    outer loop
      vertex 117.218 0.458944 66.6
      vertex 117.218 -1.25576 195.041
      vertex 117.218 -1.18189 198.738
    endloop
  endfacet
  facet normal -1 0 0
    outer loop
      vertex 117.218 0.458944 66.6
      vertex 117.218 -1.30712 188.94
      vertex 117.218 -1.25576 195.041
    endloop
  endfacet
  facet normal -1 0 0
    outer loop
      vertex 117.218 0.458944 66.6
      vertex 117.218 -1.39103 184.624
      vertex 117.218 -1.30712 188.94
    endloop
  endfacet
  facet normal -1 0 0
    outer loop
      vertex 117.218 0.458944 66.6
      vertex 117.218 -1.43737 178.935
      vertex 117.218 -1.39103 184.624
    endloop
  endfacet
  facet normal -1 0 0
    outer loop
      vertex 117.218 0.458944 66.6
      vertex 117.218 -1.53174 173.984
      vertex 117.218 -1.43737 178.935
    endloop
  endfacet
  facet normal -1 0 0
    outer loop
      vertex 117.218 0.458944 66.6
      vertex 117.218 -1.57367 168.727
      vertex 117.218 -1.53174 173.984
    endloop
  endfacet
  facet normal -1 0 0
    outer loop
      vertex 117.218 0.458944 66.6
      vertex 117.218 -1.67909 163.115
      vertex 117.218 -1.57367 168.727
    endloop
  endfacet
  facet normal -1 0 0
    outer loop
      vertex 117.218 0.458944 66.6
      vertex 117.218 -1.71714 158.303
      vertex 117.218 -1.67909 163.115
    endloop
  endfacet
  facet normal -1 0 0
    outer loop
      vertex 117.218 0.458944 66.6
      vertex 117.218 -1.83457 151.995
      vertex 117.218 -1.71714 158.303
    endloop
  endfacet
  facet normal -1 0 0
    outer loop
      vertex 117.218 0.458944 66.6
      vertex 117.218 -1.86911 147.654
      vertex 117.218 -1.83457 151.995
    endloop
  endfacet
  facet normal -1 0 0
    outer loop
      vertex 117.218 0.458944 66.6
      vertex 117.218 -1.99959 140.625
      vertex 117.218 -1.86911 147.654
    endloop
  endfacet
  facet normal -1 0 0
    outer loop
      vertex 117.218 0.458944 66.6
      vertex 117.218 -2.03095 136.775
      vertex 117.218 -1.99959 140.625
    endloop
  endfacet
  facet normal -1 0 0
    outer loop
      vertex 117.218 0.458944 66.6
      vertex 117.218 -2.17618 128.986
      vertex 117.218 -2.03095 136.775
    endloop
  endfacet
  facet normal -1 0 0
    outer loop
      vertex 117.218 0.458944 66.6
      vertex 117.218 -2.20427 125.657
      vertex 117.218 -2.17618 128.986
    endloop
  endfacet
  facet normal -1 0 0
    outer loop
      vertex 117.218 0.458944 66.6
      vertex 117.218 -2.36565 117.086
      vertex 117.218 -2.20427 125.657
    endloop
  endfacet
  facet normal -1 0 0
    outer loop
      vertex 117.218 0.458944 66.6
      vertex 117.218 -2.39006 114.3
      vertex 117.218 -2.36565 117.086
    endloop
  endfacet
  facet normal -1 0 0
    outer loop
      vertex 117.218 0.458944 66.6
      vertex 117.218 -2.56891 104.913
      vertex 117.218 -2.39006 114.3
    endloop
  endfacet
  facet normal -1 0 0
    outer loop
      vertex 117.218 0.458944 66.6
      vertex 117.218 -2.58914 102.698
      vertex 117.218 -2.56891 104.913
    endloop
  endfacet
  facet normal -1 0 0
    outer loop
      vertex 117.218 0.458944 66.6
      vertex 117.218 -2.7868 92.4657
      vertex 117.218 -2.58914 102.698
    endloop
  endfacet
  facet normal -1 0 0
    outer loop
      vertex 117.218 0.458944 66.6
      vertex 117.218 -2.91148 79.2819
      vertex 117.218 -2.7868 92.4657
    endloop
  endfacet
  facet normal -1 0 -0
    outer loop
      vertex 117.218 -2.91148 79.2819
      vertex 117.218 0.458944 66.6
      vertex 117.218 -3.23582 66.6
    endloop
  endfacet
  facet normal -1 0 0
    outer loop
      vertex 117.218 0.458944 252.5
      vertex 117.218 4.88106 256.5
      vertex 117.218 4.88106 252.5
    endloop
  endfacet
  facet normal -1 -0 0
    outer loop
      vertex 117.218 4.88106 256.5
      vertex 117.218 0.458944 252.5
      vertex 117.218 -0.386077 256.5
    endloop
  endfacet
  facet normal -0.946931 -0.321437 0
    outer loop
      vertex 119.838 3.9363 66
      vertex 119.722 4.27879 252.5
      vertex 119.722 4.27879 66
    endloop
  endfacet
  facet normal -0.946931 -0.321437 0
    outer loop
      vertex 119.722 4.27879 252.5
      vertex 119.838 3.9363 66
      vertex 119.838 3.9363 252.5
    endloop
  endfacet
  facet normal -0.99786 -0.0653926 0
    outer loop
      vertex 119.933 3.22067 66
      vertex 119.909 3.58157 252.5
      vertex 119.909 3.58157 66
    endloop
  endfacet
  facet normal -0.99786 -0.0653926 0
    outer loop
      vertex 119.909 3.58157 252.5
      vertex 119.933 3.22067 66
      vertex 119.933 3.22067 252.5
    endloop
  endfacet
  facet normal 0.997858 -0.0654136 0
    outer loop
      vertex 114.403 3.22067 252.5
      vertex 114.426 3.58157 66
      vertex 114.426 3.58157 252.5
    endloop
  endfacet
  facet normal 0.997858 -0.0654136 0
    outer loop
      vertex 114.426 3.58157 66
      vertex 114.403 3.22067 252.5
      vertex 114.403 3.22067 66
    endloop
  endfacet
  facet normal -0.0654017 -0.997859 -0
    outer loop
      vertex 117.168 5.98567 66.6
      vertex 117.168 5.98567 66
      vertex 117.218 5.98239 66.6
    endloop
  endfacet
  facet normal -0.0654025 -0.997859 0
    outer loop
      vertex 117.218 5.98239 66.6
      vertex 117.529 5.96201 231
      vertex 117.218 5.98239 231
    endloop
  endfacet
  facet normal -0.0654025 -0.997859 0
    outer loop
      vertex 117.218 5.98239 66.6
      vertex 117.529 5.96201 66
      vertex 117.529 5.96201 231
    endloop
  endfacet
  facet normal -0.0654024 -0.997859 5.97978e-008
    outer loop
      vertex 117.529 5.96201 66
      vertex 117.218 5.98239 66.6
      vertex 117.168 5.98567 66
    endloop
  endfacet
  facet normal -0.659343 -0.751842 0
    outer loop
      vertex 118.851 5.41429 66
      vertex 119.123 5.17582 252.5
      vertex 118.851 5.41429 252.5
    endloop
  endfacet
  facet normal -0.659343 -0.751842 -0
    outer loop
      vertex 119.123 5.17582 252.5
      vertex 118.851 5.41429 66
      vertex 119.123 5.17582 66
    endloop
  endfacet
  facet normal 0.659343 -0.751842 0
    outer loop
      vertex 115.212 5.17582 66
      vertex 115.484 5.41429 231
      vertex 115.212 5.17582 231
    endloop
  endfacet
  facet normal 0.659343 -0.751842 0
    outer loop
      vertex 115.484 5.41429 231
      vertex 115.212 5.17582 66
      vertex 115.484 5.41429 66
    endloop
  endfacet
  facet normal 0.321438 -0.946931 0
    outer loop
      vertex 116.109 5.77519 229.5
      vertex 116.109 5.77519 66
      vertex 116.176 5.79776 229.5
    endloop
  endfacet
  facet normal 0.32144 -0.94693 0
    outer loop
      vertex 116.176 5.79776 229.5
      vertex 116.452 5.89145 231
      vertex 116.176 5.79776 231
    endloop
  endfacet
  facet normal 0.32144 -0.94693 -7.74544e-010
    outer loop
      vertex 116.452 5.89145 66
      vertex 116.176 5.79776 229.5
      vertex 116.109 5.77519 66
    endloop
  endfacet
  facet normal 0.32144 -0.94693 0
    outer loop
      vertex 116.176 5.79776 229.5
      vertex 116.452 5.89145 66
      vertex 116.452 5.89145 231
    endloop
  endfacet
  facet normal 0.831473 0.555565 0
    outer loop
      vertex 114.974 1.53744 252.5
      vertex 114.773 1.83817 66
      vertex 114.773 1.83817 252.5
    endloop
  endfacet
  facet normal 0.831473 0.555565 0
    outer loop
      vertex 114.773 1.83817 66
      vertex 114.974 1.53744 252.5
      vertex 114.974 1.53744 66
    endloop
  endfacet
  facet normal -0.896874 -0.442286 0
    outer loop
      vertex 119.722 4.27879 66
      vertex 119.562 4.60317 252.5
      vertex 119.562 4.60317 66
    endloop
  endfacet
  facet normal -0.896874 -0.442286 0
    outer loop
      vertex 119.562 4.60317 252.5
      vertex 119.722 4.27879 66
      vertex 119.722 4.27879 252.5
    endloop
  endfacet
  facet normal -0.831473 -0.555565 0
    outer loop
      vertex 119.562 4.60317 66
      vertex 119.361 4.90389 252.5
      vertex 119.361 4.90389 66
    endloop
  endfacet
  facet normal -0.831473 -0.555565 0
    outer loop
      vertex 119.361 4.90389 252.5
      vertex 119.562 4.60317 66
      vertex 119.562 4.60317 252.5
    endloop
  endfacet
  facet normal -0.44229 -0.896872 0
    outer loop
      vertex 118.226 5.77519 66
      vertex 118.55 5.61523 252.5
      vertex 118.226 5.77519 252.5
    endloop
  endfacet
  facet normal -0.44229 -0.896872 -0
    outer loop
      vertex 118.55 5.61523 252.5
      vertex 118.226 5.77519 66
      vertex 118.55 5.61523 66
    endloop
  endfacet
  facet normal -0.195094 -0.980785 -0
    outer loop
      vertex 117.529 5.96201 231
      vertex 117.529 5.96201 66
      vertex 117.718 5.92434 231
    endloop
  endfacet
  facet normal -0.19509 -0.980785 0
    outer loop
      vertex 117.718 5.92434 231
      vertex 117.883 5.89145 252.5
      vertex 117.718 5.92434 252.5
    endloop
  endfacet
  facet normal -0.195092 -0.980785 -2.20905e-009
    outer loop
      vertex 117.883 5.89145 66
      vertex 117.718 5.92434 231
      vertex 117.529 5.96201 66
    endloop
  endfacet
  facet normal -0.19509 -0.980785 0
    outer loop
      vertex 117.718 5.92434 231
      vertex 117.883 5.89145 66
      vertex 117.883 5.89145 252.5
    endloop
  endfacet
  facet normal -0.555567 -0.831472 0
    outer loop
      vertex 118.55 5.61523 66
      vertex 118.851 5.41429 252.5
      vertex 118.55 5.61523 252.5
    endloop
  endfacet
  facet normal -0.555567 -0.831472 -0
    outer loop
      vertex 118.851 5.41429 252.5
      vertex 118.55 5.61523 66
      vertex 118.851 5.41429 66
    endloop
  endfacet
  facet normal 0.896874 -0.442286 0
    outer loop
      vertex 114.613 4.27879 252.5
      vertex 114.773 4.60317 66
      vertex 114.773 4.60317 252.5
    endloop
  endfacet
  facet normal 0.896874 -0.442286 0
    outer loop
      vertex 114.773 4.60317 66
      vertex 114.613 4.27879 252.5
      vertex 114.613 4.27879 66
    endloop
  endfacet
  facet normal 0.831473 -0.555565 0
    outer loop
      vertex 114.773 4.60317 252.5
      vertex 114.974 4.90389 66
      vertex 114.974 4.90389 252.5
    endloop
  endfacet
  facet normal 0.831473 -0.555565 0
    outer loop
      vertex 114.974 4.90389 66
      vertex 114.773 4.60317 252.5
      vertex 114.773 4.60317 66
    endloop
  endfacet
  facet normal 0.980787 -0.195081 0
    outer loop
      vertex 114.426 3.58157 252.5
      vertex 114.497 3.9363 66
      vertex 114.497 3.9363 252.5
    endloop
  endfacet
  facet normal 0.980787 -0.195081 0
    outer loop
      vertex 114.497 3.9363 66
      vertex 114.426 3.58157 252.5
      vertex 114.426 3.58157 66
    endloop
  endfacet
  facet normal 0.442279 -0.896877 0
    outer loop
      vertex 115.785 5.61523 231
      vertex 116.076 5.75866 229.5
      vertex 116.076 5.75866 231
    endloop
  endfacet
  facet normal 0.442279 -0.896877 0
    outer loop
      vertex 115.785 5.61523 66
      vertex 116.076 5.75866 229.5
      vertex 115.785 5.61523 231
    endloop
  endfacet
  facet normal 0.442299 -0.896868 -4.37383e-008
    outer loop
      vertex 115.785 5.61523 66
      vertex 116.109 5.77519 229.5
      vertex 116.076 5.75866 229.5
    endloop
  endfacet
  facet normal 0.442281 -0.896876 0
    outer loop
      vertex 116.109 5.77519 229.5
      vertex 115.785 5.61523 66
      vertex 116.109 5.77519 66
    endloop
  endfacet
  facet normal 0.0654025 -0.997859 0
    outer loop
      vertex 116.807 5.96201 231
      vertex 117.118 5.98239 66.6
      vertex 117.118 5.98239 231
    endloop
  endfacet
  facet normal 0.0654025 -0.997859 0
    outer loop
      vertex 116.807 5.96201 66
      vertex 117.118 5.98239 66.6
      vertex 116.807 5.96201 231
    endloop
  endfacet
  facet normal 0.0654038 -0.997859 -6.56633e-007
    outer loop
      vertex 117.168 5.98567 66
      vertex 117.118 5.98239 66.6
      vertex 116.807 5.96201 66
    endloop
  endfacet
  facet normal 0.0654116 -0.997858 0
    outer loop
      vertex 117.118 5.98239 66.6
      vertex 117.168 5.98567 66
      vertex 117.168 5.98567 66.6
    endloop
  endfacet
  facet normal -0.896874 0.442285 0
    outer loop
      vertex 119.562 1.83817 66
      vertex 119.722 2.16255 252.5
      vertex 119.722 2.16255 66
    endloop
  endfacet
  facet normal -0.896874 0.442285 0
    outer loop
      vertex 119.722 2.16255 252.5
      vertex 119.562 1.83817 66
      vertex 119.562 1.83817 252.5
    endloop
  endfacet
  facet normal -0.32144 0.94693 0
    outer loop
      vertex 118.226 0.66614 66
      vertex 117.883 0.549883 252.5
      vertex 118.226 0.66614 252.5
    endloop
  endfacet
  facet normal -0.32144 0.94693 0
    outer loop
      vertex 117.883 0.549883 252.5
      vertex 118.226 0.66614 66
      vertex 117.883 0.549883 66
    endloop
  endfacet
  facet normal -0.75184 0.659346 0
    outer loop
      vertex 119.123 1.26552 66
      vertex 119.361 1.53744 252.5
      vertex 119.361 1.53744 66
    endloop
  endfacet
  facet normal -0.75184 0.659346 0
    outer loop
      vertex 119.361 1.53744 252.5
      vertex 119.123 1.26552 66
      vertex 119.123 1.26552 252.5
    endloop
  endfacet
  facet normal -0.555567 0.831472 0
    outer loop
      vertex 118.851 1.02705 66
      vertex 118.55 0.826107 252.5
      vertex 118.851 1.02705 252.5
    endloop
  endfacet
  facet normal -0.555567 0.831472 0
    outer loop
      vertex 118.55 0.826107 252.5
      vertex 118.851 1.02705 66
      vertex 118.55 0.826107 66
    endloop
  endfacet
  facet normal -0.831473 0.555565 0
    outer loop
      vertex 119.361 1.53744 66
      vertex 119.562 1.83817 252.5
      vertex 119.562 1.83817 66
    endloop
  endfacet
  facet normal -0.831473 0.555565 0
    outer loop
      vertex 119.562 1.83817 252.5
      vertex 119.361 1.53744 66
      vertex 119.361 1.53744 252.5
    endloop
  endfacet
  facet normal -0.980783 0.195101 0
    outer loop
      vertex 119.838 2.50503 66
      vertex 119.909 2.85976 252.5
      vertex 119.909 2.85976 66
    endloop
  endfacet
  facet normal -0.980783 0.195101 0
    outer loop
      vertex 119.909 2.85976 252.5
      vertex 119.838 2.50503 66
      vertex 119.838 2.50503 252.5
    endloop
  endfacet
  facet normal 0.321441 0.94693 0
    outer loop
      vertex 116.452 0.549883 252.5
      vertex 116.176 0.643578 229.5
      vertex 116.176 0.643578 252.5
    endloop
  endfacet
  facet normal 0.321441 0.94693 -0
    outer loop
      vertex 116.452 0.549883 66
      vertex 116.176 0.643578 229.5
      vertex 116.452 0.549883 252.5
    endloop
  endfacet
  facet normal 0.321437 0.946931 -7.54845e-009
    outer loop
      vertex 116.452 0.549883 66
      vertex 116.109 0.66614 229.5
      vertex 116.176 0.643578 229.5
    endloop
  endfacet
  facet normal 0.32144 0.94693 0
    outer loop
      vertex 116.109 0.66614 229.5
      vertex 116.452 0.549883 66
      vertex 116.109 0.66614 66
    endloop
  endfacet
  facet normal 0.442293 0.896871 0
    outer loop
      vertex 116.109 0.66614 229.5
      vertex 116.109 0.66614 66
      vertex 116.076 0.682676 229.5
    endloop
  endfacet
  facet normal 0.44228 0.896877 -0
    outer loop
      vertex 116.076 0.682676 229.5
      vertex 115.785 0.826107 252.5
      vertex 116.076 0.682676 252.5
    endloop
  endfacet
  facet normal 0.442281 0.896876 -2.88638e-009
    outer loop
      vertex 115.785 0.826107 66
      vertex 116.076 0.682676 229.5
      vertex 116.109 0.66614 66
    endloop
  endfacet
  facet normal 0.44228 0.896877 0
    outer loop
      vertex 116.076 0.682676 229.5
      vertex 115.785 0.826107 66
      vertex 115.785 0.826107 252.5
    endloop
  endfacet
  facet normal 0.997858 0.0654136 0
    outer loop
      vertex 114.426 2.85976 252.5
      vertex 114.403 3.22067 66
      vertex 114.403 3.22067 252.5
    endloop
  endfacet
  facet normal 0.997858 0.0654136 0
    outer loop
      vertex 114.403 3.22067 66
      vertex 114.426 2.85976 252.5
      vertex 114.426 2.85976 66
    endloop
  endfacet
  facet normal 0.896874 0.442285 0
    outer loop
      vertex 114.773 1.83817 252.5
      vertex 114.613 2.16255 66
      vertex 114.613 2.16255 252.5
    endloop
  endfacet
  facet normal 0.896874 0.442285 0
    outer loop
      vertex 114.613 2.16255 66
      vertex 114.773 1.83817 252.5
      vertex 114.773 1.83817 66
    endloop
  endfacet
  facet normal -0.980783 -0.195101 0
    outer loop
      vertex 119.909 3.58157 66
      vertex 119.838 3.9363 252.5
      vertex 119.838 3.9363 66
    endloop
  endfacet
  facet normal -0.980783 -0.195101 0
    outer loop
      vertex 119.838 3.9363 252.5
      vertex 119.909 3.58157 66
      vertex 119.909 3.58157 252.5
    endloop
  endfacet
  facet normal -0.75184 -0.659346 0
    outer loop
      vertex 119.361 4.90389 66
      vertex 119.123 5.17582 252.5
      vertex 119.123 5.17582 66
    endloop
  endfacet
  facet normal -0.75184 -0.659346 0
    outer loop
      vertex 119.123 5.17582 252.5
      vertex 119.361 4.90389 66
      vertex 119.361 4.90389 252.5
    endloop
  endfacet
  facet normal -0.32144 -0.94693 0
    outer loop
      vertex 117.883 5.89145 66
      vertex 118.226 5.77519 252.5
      vertex 117.883 5.89145 252.5
    endloop
  endfacet
  facet normal -0.32144 -0.94693 -0
    outer loop
      vertex 118.226 5.77519 252.5
      vertex 117.883 5.89145 66
      vertex 118.226 5.77519 66
    endloop
  endfacet
  facet normal 0 0 -1
    outer loop
      vertex 117.218 4.88106 252.5
      vertex 119.933 3.22067 252.5
      vertex 119.909 2.85976 252.5
    endloop
  endfacet
  facet normal 0 0 -1
    outer loop
      vertex 117.218 4.88106 252.5
      vertex 119.909 2.85976 252.5
      vertex 119.838 2.50503 252.5
    endloop
  endfacet
  facet normal 0 0 -1
    outer loop
      vertex 119.933 3.22067 252.5
      vertex 117.218 4.88106 252.5
      vertex 119.909 3.58157 252.5
    endloop
  endfacet
  facet normal 0 0 -1
    outer loop
      vertex 117.218 4.88106 252.5
      vertex 119.838 2.50503 252.5
      vertex 119.722 2.16255 252.5
    endloop
  endfacet
  facet normal 0 0 -1
    outer loop
      vertex 119.909 3.58157 252.5
      vertex 117.218 4.88106 252.5
      vertex 119.838 3.9363 252.5
    endloop
  endfacet
  facet normal 0 0 -1
    outer loop
      vertex 117.218 4.88106 252.5
      vertex 119.722 2.16255 252.5
      vertex 119.562 1.83817 252.5
    endloop
  endfacet
  facet normal 0 0 -1
    outer loop
      vertex 119.838 3.9363 252.5
      vertex 117.218 4.88106 252.5
      vertex 119.722 4.27879 252.5
    endloop
  endfacet
  facet normal 0 0 -1
    outer loop
      vertex 117.218 4.88106 252.5
      vertex 119.562 1.83817 252.5
      vertex 119.361 1.53744 252.5
    endloop
  endfacet
  facet normal 0 -0 -1
    outer loop
      vertex 117.257 4.91589 252.5
      vertex 119.722 4.27879 252.5
      vertex 117.218 4.88106 252.5
    endloop
  endfacet
  facet normal 0 0 -1
    outer loop
      vertex 117.218 4.88106 252.5
      vertex 119.361 1.53744 252.5
      vertex 119.123 1.26552 252.5
    endloop
  endfacet
  facet normal 0 0 -1
    outer loop
      vertex 119.722 4.27879 252.5
      vertex 117.257 4.91589 252.5
      vertex 119.562 4.60317 252.5
    endloop
  endfacet
  facet normal 0 0 -1
    outer loop
      vertex 117.218 4.88106 252.5
      vertex 119.123 1.26552 252.5
      vertex 118.851 1.02705 252.5
    endloop
  endfacet
  facet normal 0 0 -1
    outer loop
      vertex 119.562 4.60317 252.5
      vertex 117.257 4.91589 252.5
      vertex 119.361 4.90389 252.5
    endloop
  endfacet
  facet normal 0 0 -1
    outer loop
      vertex 117.218 4.88106 252.5
      vertex 118.851 1.02705 252.5
      vertex 118.55 0.826107 252.5
    endloop
  endfacet
  facet normal 0 -0 -1
    outer loop
      vertex 117.395 5.07325 252.5
      vertex 119.361 4.90389 252.5
      vertex 117.257 4.91589 252.5
    endloop
  endfacet
  facet normal 0 0 -1
    outer loop
      vertex 117.218 4.88106 252.5
      vertex 118.55 0.826107 252.5
      vertex 118.226 0.66614 252.5
    endloop
  endfacet
  facet normal -0 0 -1
    outer loop
      vertex 119.123 5.17582 252.5
      vertex 117.395 5.07325 252.5
      vertex 118.851 5.41429 252.5
    endloop
  endfacet
  facet normal 0 0 -1
    outer loop
      vertex 117.218 4.88106 252.5
      vertex 118.226 0.66614 252.5
      vertex 117.883 0.549883 252.5
    endloop
  endfacet
  facet normal -0 0 -1
    outer loop
      vertex 118.851 5.41429 252.5
      vertex 117.512 5.24727 252.5
      vertex 118.55 5.61523 252.5
    endloop
  endfacet
  facet normal -0 0 -1
    outer loop
      vertex 118.55 5.61523 252.5
      vertex 117.604 5.43497 252.5
      vertex 118.226 5.77519 252.5
    endloop
  endfacet
  facet normal -0 0 -1
    outer loop
      vertex 117.883 5.89145 252.5
      vertex 117.712 5.83842 252.5
      vertex 117.718 5.92434 252.5
    endloop
  endfacet
  facet normal 0 0 -1
    outer loop
      vertex 117.883 5.89145 252.5
      vertex 117.671 5.63315 252.5
      vertex 117.712 5.83842 252.5
    endloop
  endfacet
  facet normal -0 0 -1
    outer loop
      vertex 118.226 5.77519 252.5
      vertex 117.671 5.63315 252.5
      vertex 117.883 5.89145 252.5
    endloop
  endfacet
  facet normal 0 0 -1
    outer loop
      vertex 117.218 4.88106 252.5
      vertex 117.883 0.549883 252.5
      vertex 117.529 0.479322 252.5
    endloop
  endfacet
  facet normal 0 -0 -1
    outer loop
      vertex 117.671 5.63315 252.5
      vertex 118.226 5.77519 252.5
      vertex 117.604 5.43497 252.5
    endloop
  endfacet
  facet normal 0 -0 -1
    outer loop
      vertex 117.604 5.43497 252.5
      vertex 118.55 5.61523 252.5
      vertex 117.512 5.24727 252.5
    endloop
  endfacet
  facet normal 0 -0 -1
    outer loop
      vertex 117.512 5.24727 252.5
      vertex 118.851 5.41429 252.5
      vertex 117.395 5.07325 252.5
    endloop
  endfacet
  facet normal 0 0 -1
    outer loop
      vertex 117.218 4.88106 252.5
      vertex 117.529 0.479322 252.5
      vertex 117.218 0.458944 252.5
    endloop
  endfacet
  facet normal 0 0 -1
    outer loop
      vertex 119.361 4.90389 252.5
      vertex 117.395 5.07325 252.5
      vertex 119.123 5.17582 252.5
    endloop
  endfacet
  facet normal 0 0 -1
    outer loop
      vertex 115.785 0.826107 252.5
      vertex 116.076 4.45054 252.5
      vertex 116.076 0.682676 252.5
    endloop
  endfacet
  facet normal 0 0 -1
    outer loop
      vertex 115.484 1.02705 252.5
      vertex 116.076 4.45054 252.5
      vertex 115.785 0.826107 252.5
    endloop
  endfacet
  facet normal 0 0 -1
    outer loop
      vertex 115.212 1.26552 252.5
      vertex 116.076 4.45054 252.5
      vertex 115.484 1.02705 252.5
    endloop
  endfacet
  facet normal 0 0 -1
    outer loop
      vertex 114.974 1.53744 252.5
      vertex 116.076 4.45054 252.5
      vertex 115.212 1.26552 252.5
    endloop
  endfacet
  facet normal 0 0 -1
    outer loop
      vertex 114.773 1.83817 252.5
      vertex 116.076 4.45054 252.5
      vertex 114.974 1.53744 252.5
    endloop
  endfacet
  facet normal 0 0 -1
    outer loop
      vertex 114.613 2.16255 252.5
      vertex 116.076 4.45054 252.5
      vertex 114.773 1.83817 252.5
    endloop
  endfacet
  facet normal 0 0 -1
    outer loop
      vertex 114.497 2.50503 252.5
      vertex 116.076 4.45054 252.5
      vertex 114.613 2.16255 252.5
    endloop
  endfacet
  facet normal -0 0 -1
    outer loop
      vertex 116.076 4.45054 252.5
      vertex 114.497 2.50503 252.5
      vertex 115.917 4.46095 252.5
    endloop
  endfacet
  facet normal 0 0 -1
    outer loop
      vertex 114.426 2.85976 252.5
      vertex 115.917 4.46095 252.5
      vertex 114.497 2.50503 252.5
    endloop
  endfacet
  facet normal 0 0 -1
    outer loop
      vertex 114.403 3.22067 252.5
      vertex 115.917 4.46095 252.5
      vertex 114.426 2.85976 252.5
    endloop
  endfacet
  facet normal -0 0 -1
    outer loop
      vertex 115.917 4.46095 252.5
      vertex 114.403 3.22067 252.5
      vertex 115.712 4.50178 252.5
    endloop
  endfacet
  facet normal 0 -0 -1
    outer loop
      vertex 114.426 3.58157 252.5
      vertex 115.712 4.50178 252.5
      vertex 114.403 3.22067 252.5
    endloop
  endfacet
  facet normal 0 0 -1
    outer loop
      vertex 115.152 4.7779 252.5
      vertex 114.974 4.90389 252.5
      vertex 114.995 4.91589 252.5
    endloop
  endfacet
  facet normal -0 0 -1
    outer loop
      vertex 114.995 4.91589 252.5
      vertex 114.974 4.90389 252.5
      vertex 114.99 4.92164 252.5
    endloop
  endfacet
  facet normal -0 0 -1
    outer loop
      vertex 115.326 4.66162 252.5
      vertex 114.773 4.60317 252.5
      vertex 115.152 4.7779 252.5
    endloop
  endfacet
  facet normal 0 -0 -1
    outer loop
      vertex 114.974 4.90389 252.5
      vertex 115.152 4.7779 252.5
      vertex 114.773 4.60317 252.5
    endloop
  endfacet
  facet normal 0 -0 -1
    outer loop
      vertex 114.497 3.9363 252.5
      vertex 115.712 4.50178 252.5
      vertex 114.426 3.58157 252.5
    endloop
  endfacet
  facet normal 0 -0 -1
    outer loop
      vertex 114.773 4.60317 252.5
      vertex 115.326 4.66162 252.5
      vertex 114.613 4.27879 252.5
    endloop
  endfacet
  facet normal -0 0 -1
    outer loop
      vertex 115.712 4.50178 252.5
      vertex 114.497 3.9363 252.5
      vertex 115.514 4.56906 252.5
    endloop
  endfacet
  facet normal -0 0 -1
    outer loop
      vertex 115.514 4.56906 252.5
      vertex 114.613 4.27879 252.5
      vertex 115.326 4.66162 252.5
    endloop
  endfacet
  facet normal 0 -0 -1
    outer loop
      vertex 114.613 4.27879 252.5
      vertex 115.514 4.56906 252.5
      vertex 114.497 3.9363 252.5
    endloop
  endfacet
  facet normal 0 0 -1
    outer loop
      vertex 117.118 0.458944 252.5
      vertex 117.1 4.7779 252.5
      vertex 117.118 4.79336 252.5
    endloop
  endfacet
  facet normal 0 0 -1
    outer loop
      vertex 117.118 0.458944 252.5
      vertex 116.926 4.66162 252.5
      vertex 117.1 4.7779 252.5
    endloop
  endfacet
  facet normal 0 0 -1
    outer loop
      vertex 116.54 4.50178 252.5
      vertex 117.118 0.458944 252.5
      vertex 116.807 0.479322 252.5
    endloop
  endfacet
  facet normal 0 0 -1
    outer loop
      vertex 117.118 0.458944 252.5
      vertex 116.738 4.56906 252.5
      vertex 116.926 4.66162 252.5
    endloop
  endfacet
  facet normal 0 0 -1
    outer loop
      vertex 117.118 0.458944 252.5
      vertex 116.54 4.50178 252.5
      vertex 116.738 4.56906 252.5
    endloop
  endfacet
  facet normal 0 0 -1
    outer loop
      vertex 116.452 0.549883 252.5
      vertex 116.54 4.50178 252.5
      vertex 116.807 0.479322 252.5
    endloop
  endfacet
  facet normal 0 0 -1
    outer loop
      vertex 116.176 0.643578 252.5
      vertex 116.54 4.50178 252.5
      vertex 116.452 0.549883 252.5
    endloop
  endfacet
  facet normal 0 0 -1
    outer loop
      vertex 116.54 4.50178 252.5
      vertex 116.176 0.643578 252.5
      vertex 116.335 4.46095 252.5
    endloop
  endfacet
  facet normal 0 0 -1
    outer loop
      vertex 116.335 4.46095 252.5
      vertex 116.176 0.643578 252.5
      vertex 116.176 4.45054 252.5
    endloop
  endfacet
  facet normal 0.555577 -0.831465 0
    outer loop
      vertex 115.484 5.41429 66
      vertex 115.785 5.61523 231
      vertex 115.484 5.41429 231
    endloop
  endfacet
  facet normal 0.555577 -0.831465 0
    outer loop
      vertex 115.785 5.61523 231
      vertex 115.484 5.41429 66
      vertex 115.785 5.61523 66
    endloop
  endfacet
  facet normal 0.195092 -0.980785 0
    outer loop
      vertex 116.452 5.89145 66
      vertex 116.807 5.96201 231
      vertex 116.452 5.89145 231
    endloop
  endfacet
  facet normal 0.195092 -0.980785 0
    outer loop
      vertex 116.807 5.96201 231
      vertex 116.452 5.89145 66
      vertex 116.807 5.96201 66
    endloop
  endfacet
  facet normal -0.0654031 0.997859 0
    outer loop
      vertex 117.529 0.479322 252.5
      vertex 117.218 0.458944 66.6
      vertex 117.218 0.458944 252.5
    endloop
  endfacet
  facet normal -0.0654031 0.997859 0
    outer loop
      vertex 117.529 0.479322 66
      vertex 117.218 0.458944 66.6
      vertex 117.529 0.479322 252.5
    endloop
  endfacet
  facet normal -0.0654024 0.997859 3.57184e-007
    outer loop
      vertex 117.168 0.455667 66
      vertex 117.218 0.458944 66.6
      vertex 117.529 0.479322 66
    endloop
  endfacet
  facet normal -0.0653982 0.997859 0
    outer loop
      vertex 117.218 0.458944 66.6
      vertex 117.168 0.455667 66
      vertex 117.168 0.455667 66.6
    endloop
  endfacet
  facet normal -0.195092 0.980785 0
    outer loop
      vertex 117.883 0.549883 66
      vertex 117.529 0.479322 252.5
      vertex 117.883 0.549883 252.5
    endloop
  endfacet
  facet normal -0.195092 0.980785 0
    outer loop
      vertex 117.529 0.479322 252.5
      vertex 117.883 0.549883 66
      vertex 117.529 0.479322 66
    endloop
  endfacet
  facet normal -0.659343 0.751842 0
    outer loop
      vertex 119.123 1.26552 66
      vertex 118.851 1.02705 252.5
      vertex 119.123 1.26552 252.5
    endloop
  endfacet
  facet normal -0.659343 0.751842 0
    outer loop
      vertex 118.851 1.02705 252.5
      vertex 119.123 1.26552 66
      vertex 118.851 1.02705 66
    endloop
  endfacet
  facet normal -0.99786 0.0653926 0
    outer loop
      vertex 119.909 2.85976 66
      vertex 119.933 3.22067 252.5
      vertex 119.933 3.22067 66
    endloop
  endfacet
  facet normal -0.99786 0.0653926 0
    outer loop
      vertex 119.933 3.22067 252.5
      vertex 119.909 2.85976 66
      vertex 119.909 2.85976 252.5
    endloop
  endfacet
  facet normal 0.659343 0.751842 -0
    outer loop
      vertex 115.484 1.02705 66
      vertex 115.212 1.26552 252.5
      vertex 115.484 1.02705 252.5
    endloop
  endfacet
  facet normal 0.659343 0.751842 0
    outer loop
      vertex 115.212 1.26552 252.5
      vertex 115.484 1.02705 66
      vertex 115.212 1.26552 66
    endloop
  endfacet
  facet normal 0.0654081 0.997859 0
    outer loop
      vertex 117.168 0.455667 66.6
      vertex 117.168 0.455667 66
      vertex 117.118 0.458944 66.6
    endloop
  endfacet
  facet normal 0.0654031 0.997859 -0
    outer loop
      vertex 117.118 0.458944 66.6
      vertex 116.807 0.479322 252.5
      vertex 117.118 0.458944 252.5
    endloop
  endfacet
  facet normal 0.0654031 0.997859 0
    outer loop
      vertex 117.118 0.458944 66.6
      vertex 116.807 0.479322 66
      vertex 116.807 0.479322 252.5
    endloop
  endfacet
  facet normal 0.0654038 0.997859 -3.59247e-007
    outer loop
      vertex 116.807 0.479322 66
      vertex 117.118 0.458944 66.6
      vertex 117.168 0.455667 66
    endloop
  endfacet
  facet normal 0.555577 0.831465 -0
    outer loop
      vertex 115.785 0.826107 66
      vertex 115.484 1.02705 252.5
      vertex 115.785 0.826107 252.5
    endloop
  endfacet
  facet normal 0.555577 0.831465 0
    outer loop
      vertex 115.484 1.02705 252.5
      vertex 115.785 0.826107 66
      vertex 115.484 1.02705 66
    endloop
  endfacet
  facet normal 0.75184 0.659346 0
    outer loop
      vertex 115.212 1.26552 252.5
      vertex 114.974 1.53744 66
      vertex 114.974 1.53744 252.5
    endloop
  endfacet
  facet normal 0.75184 0.659346 0
    outer loop
      vertex 114.974 1.53744 66
      vertex 115.212 1.26552 252.5
      vertex 115.212 1.26552 66
    endloop
  endfacet
  facet normal 0.980787 0.195081 0
    outer loop
      vertex 114.497 2.50503 252.5
      vertex 114.426 2.85976 66
      vertex 114.426 2.85976 252.5
    endloop
  endfacet
  facet normal 0.980787 0.195081 0
    outer loop
      vertex 114.426 2.85976 66
      vertex 114.497 2.50503 252.5
      vertex 114.497 2.50503 66
    endloop
  endfacet
  facet normal 0.751815 -0.659374 0
    outer loop
      vertex 114.99 4.92164 252.5
      vertex 114.974 4.90389 252.5
      vertex 114.99 4.92164 231
    endloop
  endfacet
  facet normal 0.751841 -0.659344 0
    outer loop
      vertex 114.99 4.92164 231
      vertex 115.212 5.17582 66
      vertex 115.212 5.17582 231
    endloop
  endfacet
  facet normal 0.75184 -0.659346 -5.25533e-009
    outer loop
      vertex 114.99 4.92164 231
      vertex 114.974 4.90389 66
      vertex 115.212 5.17582 66
    endloop
  endfacet
  facet normal 0.751815 -0.659374 0
    outer loop
      vertex 114.974 4.90389 66
      vertex 114.99 4.92164 231
      vertex 114.974 4.90389 252.5
    endloop
  endfacet
  facet normal 0.946925 -0.321456 0
    outer loop
      vertex 114.497 3.9363 252.5
      vertex 114.613 4.27879 66
      vertex 114.613 4.27879 252.5
    endloop
  endfacet
  facet normal 0.946925 -0.321456 0
    outer loop
      vertex 114.613 4.27879 66
      vertex 114.497 3.9363 252.5
      vertex 114.497 3.9363 66
    endloop
  endfacet
  facet normal -0.44229 0.896872 0
    outer loop
      vertex 118.55 0.826107 66
      vertex 118.226 0.66614 252.5
      vertex 118.55 0.826107 252.5
    endloop
  endfacet
  facet normal -0.44229 0.896872 0
    outer loop
      vertex 118.226 0.66614 252.5
      vertex 118.55 0.826107 66
      vertex 118.226 0.66614 66
    endloop
  endfacet
  facet normal -0.946931 0.321437 0
    outer loop
      vertex 119.722 2.16255 66
      vertex 119.838 2.50503 252.5
      vertex 119.838 2.50503 66
    endloop
  endfacet
  facet normal -0.946931 0.321437 0
    outer loop
      vertex 119.838 2.50503 252.5
      vertex 119.722 2.16255 66
      vertex 119.722 2.16255 252.5
    endloop
  endfacet
  facet normal 0.195092 0.980785 -0
    outer loop
      vertex 116.807 0.479322 66
      vertex 116.452 0.549883 252.5
      vertex 116.807 0.479322 252.5
    endloop
  endfacet
  facet normal 0.195092 0.980785 0
    outer loop
      vertex 116.452 0.549883 252.5
      vertex 116.807 0.479322 66
      vertex 116.452 0.549883 66
    endloop
  endfacet
  facet normal 0.946925 0.321456 0
    outer loop
      vertex 114.613 2.16255 252.5
      vertex 114.497 2.50503 66
      vertex 114.497 2.50503 252.5
    endloop
  endfacet
  facet normal 0.946925 0.321456 0
    outer loop
      vertex 114.497 2.50503 66
      vertex 114.613 2.16255 252.5
      vertex 114.613 2.16255 66
    endloop
  endfacet
  facet normal 1 -0 0
    outer loop
      vertex 42.1673 -4.99271 87.5
      vertex 42.1673 3.16989 86
      vertex 42.1673 11.284 87.5
    endloop
  endfacet
  facet normal 1 0 0
    outer loop
      vertex 42.1673 3.16989 86
      vertex 42.1673 -4.99271 87.5
      vertex 42.1673 -0.023552 86
    endloop
  endfacet
  facet normal 1 -0 0
    outer loop
      vertex 42.1673 -4.99719 87.3281
      vertex 42.1673 -0.023552 86
      vertex 42.1673 -4.99271 87.5
    endloop
  endfacet
  facet normal 1 0 0
    outer loop
      vertex 42.1673 -5.3351 78.4601
      vertex 42.1673 -0.023552 86
      vertex 42.1673 -4.99719 87.3281
    endloop
  endfacet
  facet normal 1 0 0
    outer loop
      vertex 42.1673 -5.35151 77.7175
      vertex 42.1673 -0.023552 86
      vertex 42.1673 -5.3351 78.4601
    endloop
  endfacet
  facet normal 1 0 0
    outer loop
      vertex 42.1673 -0.023552 86
      vertex 42.1673 -5.35151 77.7175
      vertex 42.1673 -0.023552 66.6
    endloop
  endfacet
  facet normal 1 -0 0
    outer loop
      vertex 42.1673 -5.67502 68.2041
      vertex 42.1673 -0.023552 66.6
      vertex 42.1673 -5.35151 77.7175
    endloop
  endfacet
  facet normal 1 -0 0
    outer loop
      vertex 42.1673 -5.68136 67.8685
      vertex 42.1673 -0.023552 66.6
      vertex 42.1673 -5.67502 68.2041
    endloop
  endfacet
  facet normal 1 0 0
    outer loop
      vertex 42.1673 -0.023552 66.6
      vertex 42.1673 -5.68136 67.8685
      vertex 42.1673 -5.72031 66.6
    endloop
  endfacet
  facet normal 1 0 0
    outer loop
      vertex 42.1673 3.16989 66.6
      vertex 42.1673 11.5901 76.3689
      vertex 42.1673 11.5657 77.0541
    endloop
  endfacet
  facet normal 1 -0 0
    outer loop
      vertex 42.1673 3.16989 86
      vertex 42.1673 11.5657 77.0541
      vertex 42.1673 11.3432 86.0784
    endloop
  endfacet
  facet normal 1 0 0
    outer loop
      vertex 42.1673 3.16989 86
      vertex 42.1673 11.3432 86.0784
      vertex 42.1673 11.2958 87.1453
    endloop
  endfacet
  facet normal 1 0 0
    outer loop
      vertex 42.1673 3.16989 86
      vertex 42.1673 11.2958 87.1453
      vertex 42.1673 11.284 87.5
    endloop
  endfacet
  facet normal 1 0 0
    outer loop
      vertex 42.1673 3.16989 66.6
      vertex 42.1673 11.5657 77.0541
      vertex 42.1673 3.16989 86
    endloop
  endfacet
  facet normal 1 0 0
    outer loop
      vertex 42.1673 11.5901 76.3689
      vertex 42.1673 3.16989 66.6
      vertex 42.1673 11.7544 66.6495
    endloop
  endfacet
  facet normal 1 0 0
    outer loop
      vertex 42.1673 11.7544 66.6495
      vertex 42.1673 3.16989 66.6
      vertex 42.1673 11.7558 66.6
    endloop
  endfacet
  facet normal 0 0 -1
    outer loop
      vertex 42.1673 11.284 87.5
      vertex 42.2673 -4.99365 87.5
      vertex 42.2349 -4.99267 87.5
    endloop
  endfacet
  facet normal 0 0 -1
    outer loop
      vertex 42.1673 11.284 87.5
      vertex 42.2349 -4.99267 87.5
      vertex 42.1673 -4.99271 87.5
    endloop
  endfacet
  facet normal 0 0 -1
    outer loop
      vertex 42.2673 -4.99365 87.5
      vertex 42.1673 11.284 87.5
      vertex 42.2673 11.2959 87.5
    endloop
  endfacet
  facet normal -1 0 0
    outer loop
      vertex 42.2673 -5.34457 77.9739
      vertex 42.2673 -0.023552 86
      vertex 42.2673 -0.023552 66.6
    endloop
  endfacet
  facet normal -1 -0 0
    outer loop
      vertex 42.2673 -0.023552 86
      vertex 42.2673 -5.32793 78.7273
      vertex 42.2673 -4.99365 87.5
    endloop
  endfacet
  facet normal -1 0 0
    outer loop
      vertex 42.2673 -0.023552 86
      vertex 42.2673 -5.34457 77.9739
      vertex 42.2673 -5.32793 78.7273
    endloop
  endfacet
  facet normal -1 0 0
    outer loop
      vertex 42.2673 -0.023552 66.6
      vertex 42.2673 -5.66764 68.4737
      vertex 42.2673 -5.34457 77.9739
    endloop
  endfacet
  facet normal -1 0 0
    outer loop
      vertex 42.2673 -0.023552 66.6
      vertex 42.2673 -5.67419 68.127
      vertex 42.2673 -5.66764 68.4737
    endloop
  endfacet
  facet normal -1 0 -0
    outer loop
      vertex 42.2673 -5.67419 68.127
      vertex 42.2673 -0.023552 66.6
      vertex 42.2673 -5.72107 66.6
    endloop
  endfacet
  facet normal -1 0 0
    outer loop
      vertex 42.2673 3.16989 66.6
      vertex 42.2673 11.7653 66.6483
      vertex 42.2673 11.7658 66.6
    endloop
  endfacet
  facet normal -1 0 0
    outer loop
      vertex 42.2673 3.16989 66.6
      vertex 42.2673 11.5934 76.6381
      vertex 42.2673 11.7574 66.9327
    endloop
  endfacet
  facet normal -1 0 0
    outer loop
      vertex 42.2673 3.16989 86
      vertex 42.2673 11.5934 76.6381
      vertex 42.2673 3.16989 66.6
    endloop
  endfacet
  facet normal -1 0 0
    outer loop
      vertex 42.2673 11.5685 77.3345
      vertex 42.2673 3.16989 86
      vertex 42.2673 11.3464 86.3452
    endloop
  endfacet
  facet normal -1 -0 0
    outer loop
      vertex 42.2673 11.3464 86.3452
      vertex 42.2673 3.16989 86
      vertex 42.2673 11.2985 87.4231
    endloop
  endfacet
  facet normal -1 -0 0
    outer loop
      vertex 42.2673 11.7653 66.6483
      vertex 42.2673 3.16989 66.6
      vertex 42.2673 11.7574 66.9327
    endloop
  endfacet
  facet normal -1 0 0
    outer loop
      vertex 42.2673 11.5934 76.6381
      vertex 42.2673 3.16989 86
      vertex 42.2673 11.5685 77.3345
    endloop
  endfacet
  facet normal -1 -0 0
    outer loop
      vertex 42.2673 11.2985 87.4231
      vertex 42.2673 3.16989 86
      vertex 42.2673 11.2959 87.5
    endloop
  endfacet
  facet normal -1 0 0
    outer loop
      vertex 42.2673 -4.99365 87.5
      vertex 42.2673 3.16989 86
      vertex 42.2673 -0.023552 86
    endloop
  endfacet
  facet normal -1 0 0
    outer loop
      vertex 42.2673 3.16989 86
      vertex 42.2673 -4.99365 87.5
      vertex 42.2673 11.2959 87.5
    endloop
  endfacet
  facet normal -0 0 1
    outer loop
      vertex 42.2173 -0.0268291 66.6
      vertex 42.2673 -5.72107 66.6
      vertex 42.2673 -0.023552 66.6
    endloop
  endfacet
  facet normal 0 0 1
    outer loop
      vertex 42.1673 -5.72031 66.6
      vertex 42.2173 -0.0268291 66.6
      vertex 42.1673 -0.023552 66.6
    endloop
  endfacet
  facet normal 0 0 1
    outer loop
      vertex 42.2173 -0.0268291 66.6
      vertex 42.1673 -5.72031 66.6
      vertex 42.2673 -5.72107 66.6
    endloop
  endfacet
  facet normal 0 0 1
    outer loop
      vertex 42.1673 11.7558 66.6
      vertex 42.2673 11.7658 66.6
      vertex 42.2495 11.7647 66.6
    endloop
  endfacet
  facet normal 0 0 1
    outer loop
      vertex 42.2673 11.7658 66.6
      vertex 42.1673 11.7558 66.6
      vertex 42.2673 3.16989 66.6
    endloop
  endfacet
  facet normal 0 0 1
    outer loop
      vertex 42.2673 3.16989 66.6
      vertex 42.1673 11.7558 66.6
      vertex 42.2173 3.17317 66.6
    endloop
  endfacet
  facet normal 0 0 1
    outer loop
      vertex 42.2173 3.17317 66.6
      vertex 42.1673 11.7558 66.6
      vertex 42.1673 3.16989 66.6
    endloop
  endfacet
  facet normal -0.997859 -0.0653981 0
    outer loop
      vertex 43.8173 1.57317 66
      vertex 43.8036 1.78201 86
      vertex 43.8036 1.78201 66
    endloop
  endfacet
  facet normal -0.997859 -0.0653981 0
    outer loop
      vertex 43.8036 1.78201 86
      vertex 43.8173 1.57317 66
      vertex 43.8173 1.57317 86
    endloop
  endfacet
  facet normal 0.997858 -0.0654163 0
    outer loop
      vertex 40.6173 1.57317 86
      vertex 40.631 1.78201 66
      vertex 40.631 1.78201 86
    endloop
  endfacet
  facet normal 0.997858 -0.0654163 0
    outer loop
      vertex 40.631 1.78201 66
      vertex 40.6173 1.57317 86
      vertex 40.6173 1.57317 66
    endloop
  endfacet
  facet normal 0.0654006 -0.997859 0
    outer loop
      vertex 42.0084 3.15948 86
      vertex 42.1673 3.16989 66.6
      vertex 42.1673 3.16989 86
    endloop
  endfacet
  facet normal 0.0654006 -0.997859 0
    outer loop
      vertex 42.0084 3.15948 66
      vertex 42.1673 3.16989 66.6
      vertex 42.0084 3.15948 86
    endloop
  endfacet
  facet normal 0.0654021 -0.997859 -3.85151e-007
    outer loop
      vertex 42.2173 3.17317 66
      vertex 42.1673 3.16989 66.6
      vertex 42.0084 3.15948 66
    endloop
  endfacet
  facet normal 0.0654067 -0.997859 0
    outer loop
      vertex 42.1673 3.16989 66.6
      vertex 42.2173 3.17317 66
      vertex 42.2173 3.17317 66.6
    endloop
  endfacet
  facet normal -0.659347 -0.751839 0
    outer loop
      vertex 43.1913 2.84254 66
      vertex 43.3486 2.70454 86
      vertex 43.1913 2.84254 86
    endloop
  endfacet
  facet normal -0.659347 -0.751839 -0
    outer loop
      vertex 43.3486 2.70454 86
      vertex 43.1913 2.84254 66
      vertex 43.3486 2.70454 66
    endloop
  endfacet
  facet normal 0.751834 -0.659352 0
    outer loop
      vertex 40.9479 2.54719 86
      vertex 41.0859 2.70454 66
      vertex 41.0859 2.70454 86
    endloop
  endfacet
  facet normal 0.751834 -0.659352 0
    outer loop
      vertex 41.0859 2.70454 66
      vertex 40.9479 2.54719 86
      vertex 40.9479 2.54719 66
    endloop
  endfacet
  facet normal 0.442289 -0.896872 0
    outer loop
      vertex 41.4173 2.95881 66
      vertex 41.605 3.05138 86
      vertex 41.4173 2.95881 86
    endloop
  endfacet
  facet normal 0.442289 -0.896872 0
    outer loop
      vertex 41.605 3.05138 86
      vertex 41.4173 2.95881 66
      vertex 41.605 3.05138 66
    endloop
  endfacet
  facet normal -0.896871 -0.442293 0
    outer loop
      vertex 43.6955 2.18546 66
      vertex 43.6029 2.37317 86
      vertex 43.6029 2.37317 66
    endloop
  endfacet
  facet normal -0.896871 -0.442293 0
    outer loop
      vertex 43.6029 2.37317 86
      vertex 43.6955 2.18546 66
      vertex 43.6955 2.18546 86
    endloop
  endfacet
  facet normal -0.831469 -0.555571 0
    outer loop
      vertex 43.6029 2.37317 66
      vertex 43.4866 2.54719 86
      vertex 43.4866 2.54719 66
    endloop
  endfacet
  facet normal -0.831469 -0.555571 0
    outer loop
      vertex 43.4866 2.54719 86
      vertex 43.6029 2.37317 66
      vertex 43.6029 2.37317 86
    endloop
  endfacet
  facet normal -0.321437 -0.946931 0
    outer loop
      vertex 42.6314 3.11865 66
      vertex 42.8296 3.05138 86
      vertex 42.6314 3.11865 86
    endloop
  endfacet
  facet normal -0.321437 -0.946931 -0
    outer loop
      vertex 42.8296 3.05138 86
      vertex 42.6314 3.11865 66
      vertex 42.8296 3.05138 66
    endloop
  endfacet
  facet normal -0.195091 -0.980785 0
    outer loop
      vertex 42.4261 3.15948 66
      vertex 42.6314 3.11865 86
      vertex 42.4261 3.15948 86
    endloop
  endfacet
  facet normal -0.195091 -0.980785 -0
    outer loop
      vertex 42.6314 3.11865 86
      vertex 42.4261 3.15948 66
      vertex 42.6314 3.11865 66
    endloop
  endfacet
  facet normal -0.555567 -0.831471 0
    outer loop
      vertex 43.0173 2.95881 66
      vertex 43.1913 2.84254 86
      vertex 43.0173 2.95881 86
    endloop
  endfacet
  facet normal -0.555567 -0.831471 -0
    outer loop
      vertex 43.1913 2.84254 86
      vertex 43.0173 2.95881 66
      vertex 43.1913 2.84254 66
    endloop
  endfacet
  facet normal 0.946927 -0.321448 0
    outer loop
      vertex 40.6718 1.98728 86
      vertex 40.7391 2.18546 66
      vertex 40.7391 2.18546 86
    endloop
  endfacet
  facet normal 0.946927 -0.321448 0
    outer loop
      vertex 40.7391 2.18546 66
      vertex 40.6718 1.98728 86
      vertex 40.6718 1.98728 66
    endloop
  endfacet
  facet normal 0.896878 -0.442278 0
    outer loop
      vertex 40.7391 2.18546 86
      vertex 40.8316 2.37317 66
      vertex 40.8316 2.37317 86
    endloop
  endfacet
  facet normal 0.896878 -0.442278 0
    outer loop
      vertex 40.8316 2.37317 66
      vertex 40.7391 2.18546 86
      vertex 40.7391 2.18546 66
    endloop
  endfacet
  facet normal 0.980787 -0.195082 0
    outer loop
      vertex 40.631 1.78201 86
      vertex 40.6718 1.98728 66
      vertex 40.6718 1.98728 86
    endloop
  endfacet
  facet normal 0.980787 -0.195082 0
    outer loop
      vertex 40.6718 1.98728 66
      vertex 40.631 1.78201 86
      vertex 40.631 1.78201 66
    endloop
  endfacet
  facet normal 0 0 -1
    outer loop
      vertex 43.8036 1.36433 86
      vertex 43.8036 1.78201 86
      vertex 43.8173 1.57317 86
    endloop
  endfacet
  facet normal 0 0 -1
    outer loop
      vertex 43.7627 1.15906 86
      vertex 43.8036 1.78201 86
      vertex 43.8036 1.36433 86
    endloop
  endfacet
  facet normal 0 0 -1
    outer loop
      vertex 43.7627 1.15906 86
      vertex 43.7627 1.98728 86
      vertex 43.8036 1.78201 86
    endloop
  endfacet
  facet normal 0 0 -1
    outer loop
      vertex 43.6955 0.960877 86
      vertex 43.7627 1.98728 86
      vertex 43.7627 1.15906 86
    endloop
  endfacet
  facet normal 0 0 -1
    outer loop
      vertex 43.6955 0.960877 86
      vertex 43.6955 2.18546 86
      vertex 43.7627 1.98728 86
    endloop
  endfacet
  facet normal 0 0 -1
    outer loop
      vertex 43.6029 0.773171 86
      vertex 43.6955 2.18546 86
      vertex 43.6955 0.960877 86
    endloop
  endfacet
  facet normal 0 0 -1
    outer loop
      vertex 43.6029 0.773171 86
      vertex 43.6029 2.37317 86
      vertex 43.6955 2.18546 86
    endloop
  endfacet
  facet normal 0 0 -1
    outer loop
      vertex 43.4866 0.599152 86
      vertex 43.6029 2.37317 86
      vertex 43.6029 0.773171 86
    endloop
  endfacet
  facet normal 0 0 -1
    outer loop
      vertex 43.4866 0.599152 86
      vertex 43.4866 2.54719 86
      vertex 43.6029 2.37317 86
    endloop
  endfacet
  facet normal 0 0 -1
    outer loop
      vertex 43.3486 0.4418 86
      vertex 43.4866 2.54719 86
      vertex 43.4866 0.599152 86
    endloop
  endfacet
  facet normal 0 0 -1
    outer loop
      vertex 43.3486 0.4418 86
      vertex 43.3486 2.70454 86
      vertex 43.4866 2.54719 86
    endloop
  endfacet
  facet normal 0 0 -1
    outer loop
      vertex 43.1913 0.303805 86
      vertex 43.3486 2.70454 86
      vertex 43.3486 0.4418 86
    endloop
  endfacet
  facet normal 0 0 -1
    outer loop
      vertex 43.1913 0.303805 86
      vertex 43.1913 2.84254 86
      vertex 43.3486 2.70454 86
    endloop
  endfacet
  facet normal 0 0 -1
    outer loop
      vertex 43.0173 0.18753 86
      vertex 43.1913 2.84254 86
      vertex 43.1913 0.303805 86
    endloop
  endfacet
  facet normal 0 0 -1
    outer loop
      vertex 43.0173 0.18753 86
      vertex 43.0173 2.95881 86
      vertex 43.1913 2.84254 86
    endloop
  endfacet
  facet normal 0 0 -1
    outer loop
      vertex 42.8296 0.0949637 86
      vertex 43.0173 2.95881 86
      vertex 43.0173 0.18753 86
    endloop
  endfacet
  facet normal 0 0 -1
    outer loop
      vertex 42.8296 0.0949637 86
      vertex 42.8296 3.05138 86
      vertex 43.0173 2.95881 86
    endloop
  endfacet
  facet normal 0 0 -1
    outer loop
      vertex 42.6314 0.0276896 86
      vertex 42.8296 3.05138 86
      vertex 42.8296 0.0949637 86
    endloop
  endfacet
  facet normal 0 0 -1
    outer loop
      vertex 42.6314 0.0276896 86
      vertex 42.6314 3.11865 86
      vertex 42.8296 3.05138 86
    endloop
  endfacet
  facet normal 0 0 -1
    outer loop
      vertex 42.2673 -0.023552 86
      vertex 42.6314 0.0276896 86
      vertex 42.4261 -0.013141 86
    endloop
  endfacet
  facet normal -0 0 -1
    outer loop
      vertex 42.6314 0.0276896 86
      vertex 42.2673 -0.023552 86
      vertex 42.6314 3.11865 86
    endloop
  endfacet
  facet normal 0 0 -1
    outer loop
      vertex 42.2673 3.16989 86
      vertex 42.6314 3.11865 86
      vertex 42.2673 -0.023552 86
    endloop
  endfacet
  facet normal 0 0 -1
    outer loop
      vertex 42.6314 3.11865 86
      vertex 42.2673 3.16989 86
      vertex 42.4261 3.15948 86
    endloop
  endfacet
  facet normal 0 0 -1
    outer loop
      vertex 41.8032 0.0276896 86
      vertex 42.1673 -0.023552 86
      vertex 42.0084 -0.013141 86
    endloop
  endfacet
  facet normal 0 0 -1
    outer loop
      vertex 42.1673 -0.023552 86
      vertex 41.8032 0.0276896 86
      vertex 42.1673 3.16989 86
    endloop
  endfacet
  facet normal 0 0 -1
    outer loop
      vertex 41.8032 3.11865 86
      vertex 42.1673 3.16989 86
      vertex 41.8032 0.0276896 86
    endloop
  endfacet
  facet normal 0 0 -1
    outer loop
      vertex 42.1673 3.16989 86
      vertex 41.8032 3.11865 86
      vertex 42.0084 3.15948 86
    endloop
  endfacet
  facet normal 0 0 -1
    outer loop
      vertex 41.605 0.0949637 86
      vertex 41.8032 3.11865 86
      vertex 41.8032 0.0276896 86
    endloop
  endfacet
  facet normal 0 0 -1
    outer loop
      vertex 41.605 0.0949637 86
      vertex 41.605 3.05138 86
      vertex 41.8032 3.11865 86
    endloop
  endfacet
  facet normal 0 0 -1
    outer loop
      vertex 41.4173 0.18753 86
      vertex 41.605 3.05138 86
      vertex 41.605 0.0949637 86
    endloop
  endfacet
  facet normal 0 0 -1
    outer loop
      vertex 41.4173 0.18753 86
      vertex 41.4173 2.95881 86
      vertex 41.605 3.05138 86
    endloop
  endfacet
  facet normal 0 0 -1
    outer loop
      vertex 41.2432 0.303805 86
      vertex 41.4173 2.95881 86
      vertex 41.4173 0.18753 86
    endloop
  endfacet
  facet normal 0 0 -1
    outer loop
      vertex 41.2432 0.303805 86
      vertex 41.2432 2.84254 86
      vertex 41.4173 2.95881 86
    endloop
  endfacet
  facet normal 0 0 -1
    outer loop
      vertex 41.0859 0.4418 86
      vertex 41.2432 2.84254 86
      vertex 41.2432 0.303805 86
    endloop
  endfacet
  facet normal 0 0 -1
    outer loop
      vertex 41.0859 0.4418 86
      vertex 41.0859 2.70454 86
      vertex 41.2432 2.84254 86
    endloop
  endfacet
  facet normal 0 0 -1
    outer loop
      vertex 40.9479 0.599152 86
      vertex 41.0859 2.70454 86
      vertex 41.0859 0.4418 86
    endloop
  endfacet
  facet normal 0 0 -1
    outer loop
      vertex 40.9479 0.599152 86
      vertex 40.9479 2.54719 86
      vertex 41.0859 2.70454 86
    endloop
  endfacet
  facet normal 0 0 -1
    outer loop
      vertex 40.8316 0.773171 86
      vertex 40.9479 2.54719 86
      vertex 40.9479 0.599152 86
    endloop
  endfacet
  facet normal 0 0 -1
    outer loop
      vertex 40.8316 0.773171 86
      vertex 40.8316 2.37317 86
      vertex 40.9479 2.54719 86
    endloop
  endfacet
  facet normal 0 0 -1
    outer loop
      vertex 40.7391 0.960877 86
      vertex 40.8316 2.37317 86
      vertex 40.8316 0.773171 86
    endloop
  endfacet
  facet normal 0 0 -1
    outer loop
      vertex 40.7391 0.960877 86
      vertex 40.7391 2.18546 86
      vertex 40.8316 2.37317 86
    endloop
  endfacet
  facet normal 0 0 -1
    outer loop
      vertex 40.6718 1.15906 86
      vertex 40.7391 2.18546 86
      vertex 40.7391 0.960877 86
    endloop
  endfacet
  facet normal 0 0 -1
    outer loop
      vertex 40.6718 1.15906 86
      vertex 40.6718 1.98728 86
      vertex 40.7391 2.18546 86
    endloop
  endfacet
  facet normal 0 0 -1
    outer loop
      vertex 40.631 1.36433 86
      vertex 40.6718 1.98728 86
      vertex 40.6718 1.15906 86
    endloop
  endfacet
  facet normal 0 0 -1
    outer loop
      vertex 40.631 1.36433 86
      vertex 40.631 1.78201 86
      vertex 40.6718 1.98728 86
    endloop
  endfacet
  facet normal 0 -0 -1
    outer loop
      vertex 40.631 1.78201 86
      vertex 40.631 1.36433 86
      vertex 40.6173 1.57317 86
    endloop
  endfacet
  facet normal 0.555567 -0.831471 0
    outer loop
      vertex 41.2432 2.84254 66
      vertex 41.4173 2.95881 86
      vertex 41.2432 2.84254 86
    endloop
  endfacet
  facet normal 0.555567 -0.831471 0
    outer loop
      vertex 41.4173 2.95881 86
      vertex 41.2432 2.84254 66
      vertex 41.4173 2.95881 66
    endloop
  endfacet
  facet normal 0.195091 -0.980785 0
    outer loop
      vertex 41.8032 3.11865 66
      vertex 42.0084 3.15948 86
      vertex 41.8032 3.11865 86
    endloop
  endfacet
  facet normal 0.195091 -0.980785 0
    outer loop
      vertex 42.0084 3.15948 86
      vertex 41.8032 3.11865 66
      vertex 42.0084 3.15948 66
    endloop
  endfacet
  facet normal -0.831469 0.555571 0
    outer loop
      vertex 43.4866 0.599152 66
      vertex 43.6029 0.773171 86
      vertex 43.6029 0.773171 66
    endloop
  endfacet
  facet normal -0.831469 0.555571 0
    outer loop
      vertex 43.6029 0.773171 86
      vertex 43.4866 0.599152 66
      vertex 43.4866 0.599152 86
    endloop
  endfacet
  facet normal 0.195091 0.980785 -0
    outer loop
      vertex 42.0084 -0.013141 66
      vertex 41.8032 0.0276896 86
      vertex 42.0084 -0.013141 86
    endloop
  endfacet
  facet normal 0.195091 0.980785 0
    outer loop
      vertex 41.8032 0.0276896 86
      vertex 42.0084 -0.013141 66
      vertex 41.8032 0.0276896 66
    endloop
  endfacet
  facet normal -0.195091 0.980785 0
    outer loop
      vertex 42.6314 0.0276896 66
      vertex 42.4261 -0.013141 86
      vertex 42.6314 0.0276896 86
    endloop
  endfacet
  facet normal -0.195091 0.980785 0
    outer loop
      vertex 42.4261 -0.013141 86
      vertex 42.6314 0.0276896 66
      vertex 42.4261 -0.013141 66
    endloop
  endfacet
  facet normal -0.946933 -0.321431 0
    outer loop
      vertex 43.7627 1.98728 66
      vertex 43.6955 2.18546 86
      vertex 43.6955 2.18546 66
    endloop
  endfacet
  facet normal -0.946933 -0.321431 0
    outer loop
      vertex 43.6955 2.18546 86
      vertex 43.7627 1.98728 66
      vertex 43.7627 1.98728 86
    endloop
  endfacet
  facet normal -0.980783 -0.1951 0
    outer loop
      vertex 43.8036 1.78201 66
      vertex 43.7627 1.98728 86
      vertex 43.7627 1.98728 66
    endloop
  endfacet
  facet normal -0.980783 -0.1951 0
    outer loop
      vertex 43.7627 1.98728 86
      vertex 43.8036 1.78201 66
      vertex 43.8036 1.78201 86
    endloop
  endfacet
  facet normal -0.751843 -0.659342 0
    outer loop
      vertex 43.4866 2.54719 66
      vertex 43.3486 2.70454 86
      vertex 43.3486 2.70454 66
    endloop
  endfacet
  facet normal -0.751843 -0.659342 0
    outer loop
      vertex 43.3486 2.70454 86
      vertex 43.4866 2.54719 66
      vertex 43.4866 2.54719 86
    endloop
  endfacet
  facet normal -0.0654067 -0.997859 -0
    outer loop
      vertex 42.2173 3.17317 66.6
      vertex 42.2173 3.17317 66
      vertex 42.2673 3.16989 66.6
    endloop
  endfacet
  facet normal -0.0654022 -0.997859 0
    outer loop
      vertex 42.2673 3.16989 66.6
      vertex 42.4261 3.15948 86
      vertex 42.2673 3.16989 86
    endloop
  endfacet
  facet normal -0.0654022 -0.997859 0
    outer loop
      vertex 42.2673 3.16989 66.6
      vertex 42.4261 3.15948 66
      vertex 42.4261 3.15948 86
    endloop
  endfacet
  facet normal -0.0654033 -0.997859 -2.85598e-007
    outer loop
      vertex 42.4261 3.15948 66
      vertex 42.2673 3.16989 66.6
      vertex 42.2173 3.17317 66
    endloop
  endfacet
  facet normal -0.442289 -0.896872 0
    outer loop
      vertex 42.8296 3.05138 66
      vertex 43.0173 2.95881 86
      vertex 42.8296 3.05138 86
    endloop
  endfacet
  facet normal -0.442289 -0.896872 -0
    outer loop
      vertex 43.0173 2.95881 86
      vertex 42.8296 3.05138 66
      vertex 43.0173 2.95881 66
    endloop
  endfacet
  facet normal 0.831469 -0.555571 0
    outer loop
      vertex 40.8316 2.37317 86
      vertex 40.9479 2.54719 66
      vertex 40.9479 2.54719 86
    endloop
  endfacet
  facet normal 0.831469 -0.555571 0
    outer loop
      vertex 40.9479 2.54719 66
      vertex 40.8316 2.37317 86
      vertex 40.8316 2.37317 66
    endloop
  endfacet
  facet normal 0.321442 -0.946929 0
    outer loop
      vertex 41.605 3.05138 66
      vertex 41.8032 3.11865 86
      vertex 41.605 3.05138 86
    endloop
  endfacet
  facet normal 0.321442 -0.946929 0
    outer loop
      vertex 41.8032 3.11865 86
      vertex 41.605 3.05138 66
      vertex 41.8032 3.11865 66
    endloop
  endfacet
  facet normal -0.555567 0.831471 0
    outer loop
      vertex 43.1913 0.303805 66
      vertex 43.0173 0.18753 86
      vertex 43.1913 0.303805 86
    endloop
  endfacet
  facet normal -0.555567 0.831471 0
    outer loop
      vertex 43.0173 0.18753 86
      vertex 43.1913 0.303805 66
      vertex 43.0173 0.18753 66
    endloop
  endfacet
  facet normal -0.946933 0.321431 0
    outer loop
      vertex 43.6955 0.960877 66
      vertex 43.7627 1.15906 86
      vertex 43.7627 1.15906 66
    endloop
  endfacet
  facet normal -0.946933 0.321431 0
    outer loop
      vertex 43.7627 1.15906 86
      vertex 43.6955 0.960877 66
      vertex 43.6955 0.960877 86
    endloop
  endfacet
  facet normal -0.896871 0.442293 0
    outer loop
      vertex 43.6029 0.773171 66
      vertex 43.6955 0.960877 86
      vertex 43.6955 0.960877 66
    endloop
  endfacet
  facet normal -0.896871 0.442293 0
    outer loop
      vertex 43.6955 0.960877 86
      vertex 43.6029 0.773171 66
      vertex 43.6029 0.773171 86
    endloop
  endfacet
  facet normal -0.980783 0.1951 0
    outer loop
      vertex 43.7627 1.15906 66
      vertex 43.8036 1.36433 86
      vertex 43.8036 1.36433 66
    endloop
  endfacet
  facet normal -0.980783 0.1951 0
    outer loop
      vertex 43.8036 1.36433 86
      vertex 43.7627 1.15906 66
      vertex 43.7627 1.15906 86
    endloop
  endfacet
  facet normal 0.0654027 0.997859 0
    outer loop
      vertex 42.2173 -0.0268291 66.6
      vertex 42.2173 -0.0268291 66
      vertex 42.1673 -0.023552 66.6
    endloop
  endfacet
  facet normal 0.0654019 0.997859 -0
    outer loop
      vertex 42.1673 -0.023552 66.6
      vertex 42.0084 -0.013141 86
      vertex 42.1673 -0.023552 86
    endloop
  endfacet
  facet normal 0.0654019 0.997859 0
    outer loop
      vertex 42.1673 -0.023552 66.6
      vertex 42.0084 -0.013141 66
      vertex 42.0084 -0.013141 86
    endloop
  endfacet
  facet normal 0.0654021 0.997859 -5.05916e-008
    outer loop
      vertex 42.0084 -0.013141 66
      vertex 42.1673 -0.023552 66.6
      vertex 42.2173 -0.0268291 66
    endloop
  endfacet
  facet normal 0.997858 0.0654163 0
    outer loop
      vertex 40.631 1.36433 86
      vertex 40.6173 1.57317 66
      vertex 40.6173 1.57317 86
    endloop
  endfacet
  facet normal 0.997858 0.0654163 0
    outer loop
      vertex 40.6173 1.57317 66
      vertex 40.631 1.36433 86
      vertex 40.631 1.36433 66
    endloop
  endfacet
  facet normal 0.946927 0.321448 0
    outer loop
      vertex 40.7391 0.960877 86
      vertex 40.6718 1.15906 66
      vertex 40.6718 1.15906 86
    endloop
  endfacet
  facet normal 0.946927 0.321448 0
    outer loop
      vertex 40.6718 1.15906 66
      vertex 40.7391 0.960877 86
      vertex 40.7391 0.960877 66
    endloop
  endfacet
  facet normal -0.442289 0.896872 0
    outer loop
      vertex 43.0173 0.18753 66
      vertex 42.8296 0.0949637 86
      vertex 43.0173 0.18753 86
    endloop
  endfacet
  facet normal -0.442289 0.896872 0
    outer loop
      vertex 42.8296 0.0949637 86
      vertex 43.0173 0.18753 66
      vertex 42.8296 0.0949637 66
    endloop
  endfacet
  facet normal -0.321437 0.946931 0
    outer loop
      vertex 42.8296 0.0949637 66
      vertex 42.6314 0.0276896 86
      vertex 42.8296 0.0949637 86
    endloop
  endfacet
  facet normal -0.321437 0.946931 0
    outer loop
      vertex 42.6314 0.0276896 86
      vertex 42.8296 0.0949637 66
      vertex 42.6314 0.0276896 66
    endloop
  endfacet
  facet normal 0.659347 -0.751839 0
    outer loop
      vertex 41.0859 2.70454 66
      vertex 41.2432 2.84254 86
      vertex 41.0859 2.70454 86
    endloop
  endfacet
  facet normal 0.659347 -0.751839 0
    outer loop
      vertex 41.2432 2.84254 86
      vertex 41.0859 2.70454 66
      vertex 41.2432 2.84254 66
    endloop
  endfacet
  facet normal -0.997859 0.0653981 0
    outer loop
      vertex 43.8036 1.36433 66
      vertex 43.8173 1.57317 86
      vertex 43.8173 1.57317 66
    endloop
  endfacet
  facet normal -0.997859 0.0653981 0
    outer loop
      vertex 43.8173 1.57317 86
      vertex 43.8036 1.36433 66
      vertex 43.8036 1.36433 86
    endloop
  endfacet
  facet normal 0.321442 0.946929 -0
    outer loop
      vertex 41.8032 0.0276896 66
      vertex 41.605 0.0949637 86
      vertex 41.8032 0.0276896 86
    endloop
  endfacet
  facet normal 0.321442 0.946929 0
    outer loop
      vertex 41.605 0.0949637 86
      vertex 41.8032 0.0276896 66
      vertex 41.605 0.0949637 66
    endloop
  endfacet
  facet normal 0.751834 0.659352 0
    outer loop
      vertex 41.0859 0.4418 86
      vertex 40.9479 0.599152 66
      vertex 40.9479 0.599152 86
    endloop
  endfacet
  facet normal 0.751834 0.659352 0
    outer loop
      vertex 40.9479 0.599152 66
      vertex 41.0859 0.4418 86
      vertex 41.0859 0.4418 66
    endloop
  endfacet
  facet normal 0.980787 0.195082 0
    outer loop
      vertex 40.6718 1.15906 86
      vertex 40.631 1.36433 66
      vertex 40.631 1.36433 86
    endloop
  endfacet
  facet normal 0.980787 0.195082 0
    outer loop
      vertex 40.631 1.36433 66
      vertex 40.6718 1.15906 86
      vertex 40.6718 1.15906 66
    endloop
  endfacet
  facet normal -0.659347 0.751839 0
    outer loop
      vertex 43.3486 0.4418 66
      vertex 43.1913 0.303805 86
      vertex 43.3486 0.4418 86
    endloop
  endfacet
  facet normal -0.659347 0.751839 0
    outer loop
      vertex 43.1913 0.303805 86
      vertex 43.3486 0.4418 66
      vertex 43.1913 0.303805 66
    endloop
  endfacet
  facet normal -0.751843 0.659342 0
    outer loop
      vertex 43.3486 0.4418 66
      vertex 43.4866 0.599152 86
      vertex 43.4866 0.599152 66
    endloop
  endfacet
  facet normal -0.751843 0.659342 0
    outer loop
      vertex 43.4866 0.599152 86
      vertex 43.3486 0.4418 66
      vertex 43.3486 0.4418 86
    endloop
  endfacet
  facet normal -0.0654035 0.997859 0
    outer loop
      vertex 42.4261 -0.013141 86
      vertex 42.2673 -0.023552 66.6
      vertex 42.2673 -0.023552 86
    endloop
  endfacet
  facet normal -0.0654035 0.997859 0
    outer loop
      vertex 42.4261 -0.013141 66
      vertex 42.2673 -0.023552 66.6
      vertex 42.4261 -0.013141 86
    endloop
  endfacet
  facet normal -0.0654033 0.997859 4.89609e-008
    outer loop
      vertex 42.2173 -0.0268291 66
      vertex 42.2673 -0.023552 66.6
      vertex 42.4261 -0.013141 66
    endloop
  endfacet
  facet normal -0.0654027 0.997859 0
    outer loop
      vertex 42.2673 -0.023552 66.6
      vertex 42.2173 -0.0268291 66
      vertex 42.2173 -0.0268291 66.6
    endloop
  endfacet
  facet normal 0.555567 0.831471 -0
    outer loop
      vertex 41.4173 0.18753 66
      vertex 41.2432 0.303805 86
      vertex 41.4173 0.18753 86
    endloop
  endfacet
  facet normal 0.555567 0.831471 0
    outer loop
      vertex 41.2432 0.303805 86
      vertex 41.4173 0.18753 66
      vertex 41.2432 0.303805 66
    endloop
  endfacet
  facet normal 0.659347 0.751839 -0
    outer loop
      vertex 41.2432 0.303805 66
      vertex 41.0859 0.4418 86
      vertex 41.2432 0.303805 86
    endloop
  endfacet
  facet normal 0.659347 0.751839 0
    outer loop
      vertex 41.0859 0.4418 86
      vertex 41.2432 0.303805 66
      vertex 41.0859 0.4418 66
    endloop
  endfacet
  facet normal 0.831469 0.555571 0
    outer loop
      vertex 40.9479 0.599152 86
      vertex 40.8316 0.773171 66
      vertex 40.8316 0.773171 86
    endloop
  endfacet
  facet normal 0.831469 0.555571 0
    outer loop
      vertex 40.8316 0.773171 66
      vertex 40.9479 0.599152 86
      vertex 40.9479 0.599152 66
    endloop
  endfacet
  facet normal 0.896878 0.442278 0
    outer loop
      vertex 40.8316 0.773171 86
      vertex 40.7391 0.960877 66
      vertex 40.7391 0.960877 86
    endloop
  endfacet
  facet normal 0.896878 0.442278 0
    outer loop
      vertex 40.7391 0.960877 66
      vertex 40.8316 0.773171 86
      vertex 40.8316 0.773171 66
    endloop
  endfacet
  facet normal 0.442289 0.896872 -0
    outer loop
      vertex 41.605 0.0949637 66
      vertex 41.4173 0.18753 86
      vertex 41.605 0.0949637 86
    endloop
  endfacet
  facet normal 0.442289 0.896872 0
    outer loop
      vertex 41.4173 0.18753 86
      vertex 41.605 0.0949637 66
      vertex 41.4173 0.18753 66
    endloop
  endfacet
  facet normal 1 0 0
    outer loop
      vertex 185.159 4.18913 263.318
      vertex 185.159 6.59041 265.4
      vertex 185.159 4.20792 265.4
    endloop
  endfacet
  facet normal 1 -0 0
    outer loop
      vertex 185.159 9.78385 265.4
      vertex 185.159 12.6753 263.318
      vertex 185.159 12.777 265.4
    endloop
  endfacet
  facet normal 1 0 0
    outer loop
      vertex 185.159 12.6753 263.318
      vertex 185.159 9.78385 265.4
      vertex 185.159 12.6224 262.372
    endloop
  endfacet
  facet normal 1 0 0
    outer loop
      vertex 185.159 12.6224 262.372
      vertex 185.159 9.78385 265.4
      vertex 185.159 12.618 262.305
    endloop
  endfacet
  facet normal 1 0 0
    outer loop
      vertex 185.159 12.618 262.305
      vertex 185.159 9.78385 265.4
      vertex 185.159 11.972 251.119
    endloop
  endfacet
  facet normal 1 0 0
    outer loop
      vertex 185.159 11.972 251.119
      vertex 185.159 9.78385 265.4
      vertex 185.159 11.9127 250.244
    endloop
  endfacet
  facet normal 1 0 0
    outer loop
      vertex 185.159 11.9127 250.244
      vertex 185.159 9.78385 265.4
      vertex 185.159 11.2796 239.581
    endloop
  endfacet
  facet normal 1 0 0
    outer loop
      vertex 185.159 9.78385 231
      vertex 185.159 11.2796 239.581
      vertex 185.159 9.78385 265.4
    endloop
  endfacet
  facet normal 1 0 0
    outer loop
      vertex 185.159 11.2796 239.581
      vertex 185.159 9.78385 231
      vertex 185.159 11.1598 237.848
    endloop
  endfacet
  facet normal 1 0 0
    outer loop
      vertex 185.159 11.1598 237.848
      vertex 185.159 9.78385 231
      vertex 185.159 10.6525 229.5
    endloop
  endfacet
  facet normal 1 -0 0
    outer loop
      vertex 185.159 6.59041 231
      vertex 185.159 10.6525 229.5
      vertex 185.159 9.78385 231
    endloop
  endfacet
  facet normal 1 0 0
    outer loop
      vertex 185.159 6.59041 265.4
      vertex 185.159 4.18913 263.318
      vertex 185.159 6.59041 231
    endloop
  endfacet
  facet normal 1 0 0
    outer loop
      vertex 185.159 6.59041 231
      vertex 185.159 3.86932 229.5
      vertex 185.159 10.6525 229.5
    endloop
  endfacet
  facet normal 1 0 0
    outer loop
      vertex 185.159 3.86932 229.5
      vertex 185.159 6.59041 231
      vertex 185.159 4.18913 263.318
    endloop
  endfacet
  facet normal -1 0 0
    outer loop
      vertex 185.259 10.6416 229.5
      vertex 185.259 6.59041 231
      vertex 185.259 9.78385 231
    endloop
  endfacet
  facet normal -1 0 0
    outer loop
      vertex 185.259 4.19702 263.318
      vertex 185.259 6.59041 265.4
      vertex 185.259 6.59041 231
    endloop
  endfacet
  facet normal -1 -0 0
    outer loop
      vertex 185.259 6.59041 265.4
      vertex 185.259 4.19702 263.318
      vertex 185.259 4.21581 265.4
    endloop
  endfacet
  facet normal -1 -0 0
    outer loop
      vertex 185.259 6.59041 231
      vertex 185.259 3.87721 229.5
      vertex 185.259 4.19702 263.318
    endloop
  endfacet
  facet normal -1 0 0
    outer loop
      vertex 185.259 3.87721 229.5
      vertex 185.259 6.59041 231
      vertex 185.259 10.6416 229.5
    endloop
  endfacet
  facet normal -1 0 0
    outer loop
      vertex 185.259 9.78385 265.4
      vertex 185.259 12.6654 263.318
      vertex 185.259 12.6315 262.711
    endloop
  endfacet
  facet normal -1 0 0
    outer loop
      vertex 185.259 9.78385 265.4
      vertex 185.259 12.6315 262.711
      vertex 185.259 12.6286 262.668
    endloop
  endfacet
  facet normal -1 0 0
    outer loop
      vertex 185.259 9.78385 265.4
      vertex 185.259 12.6286 262.668
      vertex 185.259 11.9816 251.462
    endloop
  endfacet
  facet normal -1 0 0
    outer loop
      vertex 185.259 9.78385 265.4
      vertex 185.259 11.9816 251.462
      vertex 185.259 11.9239 250.612
    endloop
  endfacet
  facet normal -1 0 0
    outer loop
      vertex 185.259 9.78385 265.4
      vertex 185.259 11.9239 250.612
      vertex 185.259 11.2895 239.928
    endloop
  endfacet
  facet normal -1 0 0
    outer loop
      vertex 185.259 9.78385 231
      vertex 185.259 11.2895 239.928
      vertex 185.259 11.1715 238.221
    endloop
  endfacet
  facet normal -1 0 0
    outer loop
      vertex 185.259 9.78385 231
      vertex 185.259 11.1715 238.221
      vertex 185.259 10.6416 229.5
    endloop
  endfacet
  facet normal -1 -0 0
    outer loop
      vertex 185.259 11.2895 239.928
      vertex 185.259 9.78385 231
      vertex 185.259 9.78385 265.4
    endloop
  endfacet
  facet normal -1 0 0
    outer loop
      vertex 185.259 12.6654 263.318
      vertex 185.259 9.78385 265.4
      vertex 185.259 12.7671 265.4
    endloop
  endfacet
  facet normal 0 0 1
    outer loop
      vertex 185.159 3.86932 229.5
      vertex 185.259 10.6416 229.5
      vertex 185.159 10.6525 229.5
    endloop
  endfacet
  facet normal 0 0 1
    outer loop
      vertex 185.259 10.6416 229.5
      vertex 185.159 3.86932 229.5
      vertex 185.259 3.87721 229.5
    endloop
  endfacet
  facet normal 0 0 -1
    outer loop
      vertex 185.259 4.21581 265.4
      vertex 185.209 6.58713 265.4
      vertex 185.259 6.59041 265.4
    endloop
  endfacet
  facet normal 0 0 -1
    outer loop
      vertex 185.159 4.20792 265.4
      vertex 185.209 6.58713 265.4
      vertex 185.259 4.21581 265.4
    endloop
  endfacet
  facet normal -0 0 -1
    outer loop
      vertex 185.209 6.58713 265.4
      vertex 185.159 4.20792 265.4
      vertex 185.159 6.59041 265.4
    endloop
  endfacet
  facet normal 0 0 -1
    outer loop
      vertex 185.209 9.78713 265.4
      vertex 185.259 12.7671 265.4
      vertex 185.259 9.78385 265.4
    endloop
  endfacet
  facet normal 0 0 -1
    outer loop
      vertex 185.159 9.78385 265.4
      vertex 185.259 12.7671 265.4
      vertex 185.209 9.78713 265.4
    endloop
  endfacet
  facet normal -0 0 -1
    outer loop
      vertex 185.259 12.7671 265.4
      vertex 185.159 9.78385 265.4
      vertex 185.159 12.777 265.4
    endloop
  endfacet
  facet normal -0.997859 -0.0653981 0
    outer loop
      vertex 186.809 8.18713 231
      vertex 186.795 8.39597 266
      vertex 186.795 8.39597 231
    endloop
  endfacet
  facet normal -0.997859 -0.0653981 0
    outer loop
      vertex 186.795 8.39597 266
      vertex 186.809 8.18713 231
      vertex 186.809 8.18713 266
    endloop
  endfacet
  facet normal 0.997859 -0.0653981 0
    outer loop
      vertex 183.609 8.18713 266
      vertex 183.622 8.39597 231
      vertex 183.622 8.39597 266
    endloop
  endfacet
  facet normal 0.997859 -0.0653981 0
    outer loop
      vertex 183.622 8.39597 231
      vertex 183.609 8.18713 266
      vertex 183.609 8.18713 231
    endloop
  endfacet
  facet normal 0.0654056 -0.997859 4.63666e-007
    outer loop
      vertex 185 9.77344 266
      vertex 185.159 9.78385 265.4
      vertex 185.209 9.78713 266
    endloop
  endfacet
  facet normal 0.0654039 -0.997859 0
    outer loop
      vertex 185 9.77344 231
      vertex 185.159 9.78385 265.4
      vertex 185 9.77344 266
    endloop
  endfacet
  facet normal 0.0654039 -0.997859 0
    outer loop
      vertex 185.159 9.78385 265.4
      vertex 185 9.77344 231
      vertex 185.159 9.78385 231
    endloop
  endfacet
  facet normal 0.0654112 -0.997858 0
    outer loop
      vertex 185.209 9.78713 266
      vertex 185.159 9.78385 265.4
      vertex 185.209 9.78713 265.4
    endloop
  endfacet
  facet normal -0.65932 -0.751863 0
    outer loop
      vertex 186.183 9.45649 231
      vertex 186.34 9.3185 266
      vertex 186.183 9.45649 266
    endloop
  endfacet
  facet normal -0.65932 -0.751863 -0
    outer loop
      vertex 186.34 9.3185 266
      vertex 186.183 9.45649 231
      vertex 186.34 9.3185 231
    endloop
  endfacet
  facet normal 0.751825 -0.659362 0
    outer loop
      vertex 183.939 9.16115 266
      vertex 184.077 9.3185 231
      vertex 184.077 9.3185 266
    endloop
  endfacet
  facet normal 0.751825 -0.659362 0
    outer loop
      vertex 184.077 9.3185 231
      vertex 183.939 9.16115 266
      vertex 183.939 9.16115 231
    endloop
  endfacet
  facet normal 0.442275 -0.89688 0
    outer loop
      vertex 184.409 9.57277 231
      vertex 184.596 9.66534 266
      vertex 184.409 9.57277 266
    endloop
  endfacet
  facet normal 0.442275 -0.89688 0
    outer loop
      vertex 184.596 9.66534 266
      vertex 184.409 9.57277 231
      vertex 184.596 9.66534 231
    endloop
  endfacet
  facet normal -0.896885 -0.442264 0
    outer loop
      vertex 186.687 8.79942 231
      vertex 186.594 8.98713 266
      vertex 186.594 8.98713 231
    endloop
  endfacet
  facet normal -0.896885 -0.442264 0
    outer loop
      vertex 186.594 8.98713 266
      vertex 186.687 8.79942 231
      vertex 186.687 8.79942 266
    endloop
  endfacet
  facet normal -0.831444 -0.555608 0
    outer loop
      vertex 186.594 8.98713 231
      vertex 186.478 9.16115 266
      vertex 186.478 9.16115 231
    endloop
  endfacet
  facet normal -0.831444 -0.555608 0
    outer loop
      vertex 186.478 9.16115 266
      vertex 186.594 8.98713 231
      vertex 186.594 8.98713 266
    endloop
  endfacet
  facet normal -0.321442 -0.946929 0
    outer loop
      vertex 185.623 9.73261 231
      vertex 185.821 9.66534 266
      vertex 185.623 9.73261 266
    endloop
  endfacet
  facet normal -0.321442 -0.946929 -0
    outer loop
      vertex 185.821 9.66534 266
      vertex 185.623 9.73261 231
      vertex 185.821 9.66534 231
    endloop
  endfacet
  facet normal -0.195098 -0.980784 0
    outer loop
      vertex 185.418 9.77344 231
      vertex 185.623 9.73261 266
      vertex 185.418 9.77344 266
    endloop
  endfacet
  facet normal -0.195098 -0.980784 -0
    outer loop
      vertex 185.623 9.73261 266
      vertex 185.418 9.77344 231
      vertex 185.623 9.73261 231
    endloop
  endfacet
  facet normal -0.555584 -0.83146 0
    outer loop
      vertex 186.009 9.57277 231
      vertex 186.183 9.45649 266
      vertex 186.009 9.57277 266
    endloop
  endfacet
  facet normal -0.555584 -0.83146 -0
    outer loop
      vertex 186.183 9.45649 266
      vertex 186.009 9.57277 231
      vertex 186.183 9.45649 231
    endloop
  endfacet
  facet normal 0.94695 -0.321382 0
    outer loop
      vertex 183.663 8.60124 266
      vertex 183.73 8.79942 231
      vertex 183.73 8.79942 266
    endloop
  endfacet
  facet normal 0.94695 -0.321382 0
    outer loop
      vertex 183.73 8.79942 231
      vertex 183.663 8.60124 266
      vertex 183.663 8.60124 231
    endloop
  endfacet
  facet normal 0.896856 -0.442322 0
    outer loop
      vertex 183.73 8.79942 266
      vertex 183.823 8.98713 231
      vertex 183.823 8.98713 266
    endloop
  endfacet
  facet normal 0.896856 -0.442322 0
    outer loop
      vertex 183.823 8.98713 231
      vertex 183.73 8.79942 266
      vertex 183.73 8.79942 231
    endloop
  endfacet
  facet normal 0.980783 -0.1951 0
    outer loop
      vertex 183.622 8.39597 266
      vertex 183.663 8.60124 231
      vertex 183.663 8.60124 266
    endloop
  endfacet
  facet normal 0.980783 -0.1951 0
    outer loop
      vertex 183.663 8.60124 231
      vertex 183.622 8.39597 266
      vertex 183.622 8.39597 231
    endloop
  endfacet
  facet normal 0.555584 -0.83146 0
    outer loop
      vertex 184.235 9.45649 231
      vertex 184.409 9.57277 266
      vertex 184.235 9.45649 266
    endloop
  endfacet
  facet normal 0.555584 -0.83146 0
    outer loop
      vertex 184.409 9.57277 266
      vertex 184.235 9.45649 231
      vertex 184.409 9.57277 231
    endloop
  endfacet
  facet normal 0.195084 -0.980787 0
    outer loop
      vertex 184.795 9.73261 231
      vertex 185 9.77344 266
      vertex 184.795 9.73261 266
    endloop
  endfacet
  facet normal 0.195084 -0.980787 0
    outer loop
      vertex 185 9.77344 266
      vertex 184.795 9.73261 231
      vertex 185 9.77344 231
    endloop
  endfacet
  facet normal -0.831444 0.555608 0
    outer loop
      vertex 186.478 7.21311 231
      vertex 186.594 7.38713 266
      vertex 186.594 7.38713 231
    endloop
  endfacet
  facet normal -0.831444 0.555608 0
    outer loop
      vertex 186.594 7.38713 266
      vertex 186.478 7.21311 231
      vertex 186.478 7.21311 266
    endloop
  endfacet
  facet normal 0.195084 0.980787 -0
    outer loop
      vertex 185 6.60082 231
      vertex 184.795 6.64165 266
      vertex 185 6.60082 266
    endloop
  endfacet
  facet normal 0.195084 0.980787 0
    outer loop
      vertex 184.795 6.64165 266
      vertex 185 6.60082 231
      vertex 184.795 6.64165 231
    endloop
  endfacet
  facet normal -0.195098 0.980784 0
    outer loop
      vertex 185.623 6.64165 231
      vertex 185.418 6.60082 266
      vertex 185.623 6.64165 266
    endloop
  endfacet
  facet normal -0.195098 0.980784 0
    outer loop
      vertex 185.418 6.60082 266
      vertex 185.623 6.64165 231
      vertex 185.418 6.60082 231
    endloop
  endfacet
  facet normal -0.946927 -0.321448 0
    outer loop
      vertex 186.754 8.60124 231
      vertex 186.687 8.79942 266
      vertex 186.687 8.79942 231
    endloop
  endfacet
  facet normal -0.946927 -0.321448 0
    outer loop
      vertex 186.687 8.79942 266
      vertex 186.754 8.60124 231
      vertex 186.754 8.60124 266
    endloop
  endfacet
  facet normal -0.980783 -0.1951 0
    outer loop
      vertex 186.795 8.39597 231
      vertex 186.754 8.60124 266
      vertex 186.754 8.60124 231
    endloop
  endfacet
  facet normal -0.980783 -0.1951 0
    outer loop
      vertex 186.754 8.60124 266
      vertex 186.795 8.39597 231
      vertex 186.795 8.39597 266
    endloop
  endfacet
  facet normal -0.751862 -0.659321 0
    outer loop
      vertex 186.478 9.16115 231
      vertex 186.34 9.3185 266
      vertex 186.34 9.3185 231
    endloop
  endfacet
  facet normal -0.751862 -0.659321 0
    outer loop
      vertex 186.34 9.3185 266
      vertex 186.478 9.16115 231
      vertex 186.478 9.16115 266
    endloop
  endfacet
  facet normal -0.0654112 -0.997858 0
    outer loop
      vertex 185.259 9.78385 265.4
      vertex 185.209 9.78713 266
      vertex 185.209 9.78713 265.4
    endloop
  endfacet
  facet normal -0.0654009 -0.997859 8.61909e-007
    outer loop
      vertex 185.209 9.78713 266
      vertex 185.259 9.78385 265.4
      vertex 185.418 9.77344 266
    endloop
  endfacet
  facet normal -0.0653976 -0.997859 0
    outer loop
      vertex 185.418 9.77344 231
      vertex 185.259 9.78385 265.4
      vertex 185.259 9.78385 231
    endloop
  endfacet
  facet normal -0.0653976 -0.997859 0
    outer loop
      vertex 185.259 9.78385 265.4
      vertex 185.418 9.77344 231
      vertex 185.418 9.77344 266
    endloop
  endfacet
  facet normal -0.442275 -0.89688 0
    outer loop
      vertex 185.821 9.66534 231
      vertex 186.009 9.57277 266
      vertex 185.821 9.66534 266
    endloop
  endfacet
  facet normal -0.442275 -0.89688 -0
    outer loop
      vertex 186.009 9.57277 266
      vertex 185.821 9.66534 231
      vertex 186.009 9.57277 231
    endloop
  endfacet
  facet normal 0.831478 -0.555558 0
    outer loop
      vertex 183.823 8.98713 266
      vertex 183.939 9.16115 231
      vertex 183.939 9.16115 266
    endloop
  endfacet
  facet normal 0.831478 -0.555558 0
    outer loop
      vertex 183.939 9.16115 231
      vertex 183.823 8.98713 266
      vertex 183.823 8.98713 231
    endloop
  endfacet
  facet normal 0.659356 -0.751831 0
    outer loop
      vertex 184.077 9.3185 231
      vertex 184.235 9.45649 266
      vertex 184.077 9.3185 266
    endloop
  endfacet
  facet normal 0.659356 -0.751831 0
    outer loop
      vertex 184.235 9.45649 266
      vertex 184.077 9.3185 231
      vertex 184.235 9.45649 231
    endloop
  endfacet
  facet normal 0.321442 -0.946929 0
    outer loop
      vertex 184.596 9.66534 231
      vertex 184.795 9.73261 266
      vertex 184.596 9.66534 266
    endloop
  endfacet
  facet normal 0.321442 -0.946929 0
    outer loop
      vertex 184.795 9.73261 266
      vertex 184.596 9.66534 231
      vertex 184.795 9.73261 231
    endloop
  endfacet
  facet normal -0.555584 0.83146 0
    outer loop
      vertex 186.183 6.91776 231
      vertex 186.009 6.80149 266
      vertex 186.183 6.91776 266
    endloop
  endfacet
  facet normal -0.555584 0.83146 0
    outer loop
      vertex 186.009 6.80149 266
      vertex 186.183 6.91776 231
      vertex 186.009 6.80149 231
    endloop
  endfacet
  facet normal -0.946927 0.321448 0
    outer loop
      vertex 186.687 7.57484 231
      vertex 186.754 7.77302 266
      vertex 186.754 7.77302 231
    endloop
  endfacet
  facet normal -0.946927 0.321448 0
    outer loop
      vertex 186.754 7.77302 266
      vertex 186.687 7.57484 231
      vertex 186.687 7.57484 266
    endloop
  endfacet
  facet normal -0.896885 0.442264 0
    outer loop
      vertex 186.594 7.38713 231
      vertex 186.687 7.57484 266
      vertex 186.687 7.57484 231
    endloop
  endfacet
  facet normal -0.896885 0.442264 0
    outer loop
      vertex 186.687 7.57484 266
      vertex 186.594 7.38713 231
      vertex 186.594 7.38713 266
    endloop
  endfacet
  facet normal -0.980783 0.1951 0
    outer loop
      vertex 186.754 7.77302 231
      vertex 186.795 7.97829 266
      vertex 186.795 7.97829 231
    endloop
  endfacet
  facet normal -0.980783 0.1951 0
    outer loop
      vertex 186.795 7.97829 266
      vertex 186.754 7.77302 231
      vertex 186.754 7.77302 266
    endloop
  endfacet
  facet normal 0.0654017 0.997859 0
    outer loop
      vertex 185.159 6.59041 265.4
      vertex 185.209 6.58713 266
      vertex 185.209 6.58713 265.4
    endloop
  endfacet
  facet normal 0.0654056 0.997859 -3.29353e-007
    outer loop
      vertex 185.209 6.58713 266
      vertex 185.159 6.59041 265.4
      vertex 185 6.60082 266
    endloop
  endfacet
  facet normal 0.0654069 0.997859 0
    outer loop
      vertex 185 6.60082 231
      vertex 185.159 6.59041 265.4
      vertex 185.159 6.59041 231
    endloop
  endfacet
  facet normal 0.0654069 0.997859 0
    outer loop
      vertex 185.159 6.59041 265.4
      vertex 185 6.60082 231
      vertex 185 6.60082 266
    endloop
  endfacet
  facet normal 0.997859 0.065398 0
    outer loop
      vertex 183.622 7.97829 266
      vertex 183.609 8.18713 231
      vertex 183.609 8.18713 266
    endloop
  endfacet
  facet normal 0.997859 0.065398 0
    outer loop
      vertex 183.609 8.18713 231
      vertex 183.622 7.97829 266
      vertex 183.622 7.97829 231
    endloop
  endfacet
  facet normal 0.94695 0.321382 0
    outer loop
      vertex 183.73 7.57484 266
      vertex 183.663 7.77302 231
      vertex 183.663 7.77302 266
    endloop
  endfacet
  facet normal 0.94695 0.321382 0
    outer loop
      vertex 183.663 7.77302 231
      vertex 183.73 7.57484 266
      vertex 183.73 7.57484 231
    endloop
  endfacet
  facet normal -0.442275 0.89688 0
    outer loop
      vertex 186.009 6.80149 231
      vertex 185.821 6.70892 266
      vertex 186.009 6.80149 266
    endloop
  endfacet
  facet normal -0.442275 0.89688 0
    outer loop
      vertex 185.821 6.70892 266
      vertex 186.009 6.80149 231
      vertex 185.821 6.70892 231
    endloop
  endfacet
  facet normal -0.321442 0.946929 0
    outer loop
      vertex 185.821 6.70892 231
      vertex 185.623 6.64165 266
      vertex 185.821 6.70892 266
    endloop
  endfacet
  facet normal -0.321442 0.946929 0
    outer loop
      vertex 185.623 6.64165 266
      vertex 185.821 6.70892 231
      vertex 185.623 6.64165 231
    endloop
  endfacet
  facet normal -0.997859 0.065398 0
    outer loop
      vertex 186.795 7.97829 231
      vertex 186.809 8.18713 266
      vertex 186.809 8.18713 231
    endloop
  endfacet
  facet normal -0.997859 0.065398 0
    outer loop
      vertex 186.809 8.18713 266
      vertex 186.795 7.97829 231
      vertex 186.795 7.97829 266
    endloop
  endfacet
  facet normal 0.321442 0.946929 -0
    outer loop
      vertex 184.795 6.64165 231
      vertex 184.596 6.70892 266
      vertex 184.795 6.64165 266
    endloop
  endfacet
  facet normal 0.321442 0.946929 0
    outer loop
      vertex 184.596 6.70892 266
      vertex 184.795 6.64165 231
      vertex 184.596 6.70892 231
    endloop
  endfacet
  facet normal 0.751825 0.659362 0
    outer loop
      vertex 184.077 7.05576 266
      vertex 183.939 7.21311 231
      vertex 183.939 7.21311 266
    endloop
  endfacet
  facet normal 0.751825 0.659362 0
    outer loop
      vertex 183.939 7.21311 231
      vertex 184.077 7.05576 266
      vertex 184.077 7.05576 231
    endloop
  endfacet
  facet normal 0.980783 0.1951 0
    outer loop
      vertex 183.663 7.77302 266
      vertex 183.622 7.97829 231
      vertex 183.622 7.97829 266
    endloop
  endfacet
  facet normal 0.980783 0.1951 0
    outer loop
      vertex 183.622 7.97829 231
      vertex 183.663 7.77302 266
      vertex 183.663 7.77302 231
    endloop
  endfacet
  facet normal 0 0 1
    outer loop
      vertex 186.795 8.39597 231
      vertex 186.795 7.97829 231
      vertex 186.809 8.18713 231
    endloop
  endfacet
  facet normal 0 0 1
    outer loop
      vertex 186.754 8.60124 231
      vertex 186.795 7.97829 231
      vertex 186.795 8.39597 231
    endloop
  endfacet
  facet normal 0 0 1
    outer loop
      vertex 186.754 8.60124 231
      vertex 186.754 7.77302 231
      vertex 186.795 7.97829 231
    endloop
  endfacet
  facet normal 0 0 1
    outer loop
      vertex 186.687 8.79942 231
      vertex 186.754 7.77302 231
      vertex 186.754 8.60124 231
    endloop
  endfacet
  facet normal 0 0 1
    outer loop
      vertex 186.687 8.79942 231
      vertex 186.687 7.57484 231
      vertex 186.754 7.77302 231
    endloop
  endfacet
  facet normal 0 0 1
    outer loop
      vertex 186.594 8.98713 231
      vertex 186.687 7.57484 231
      vertex 186.687 8.79942 231
    endloop
  endfacet
  facet normal 0 0 1
    outer loop
      vertex 186.594 8.98713 231
      vertex 186.594 7.38713 231
      vertex 186.687 7.57484 231
    endloop
  endfacet
  facet normal 0 0 1
    outer loop
      vertex 186.478 9.16115 231
      vertex 186.594 7.38713 231
      vertex 186.594 8.98713 231
    endloop
  endfacet
  facet normal 0 0 1
    outer loop
      vertex 186.478 9.16115 231
      vertex 186.478 7.21311 231
      vertex 186.594 7.38713 231
    endloop
  endfacet
  facet normal 0 0 1
    outer loop
      vertex 186.34 9.3185 231
      vertex 186.478 7.21311 231
      vertex 186.478 9.16115 231
    endloop
  endfacet
  facet normal 0 0 1
    outer loop
      vertex 186.34 9.3185 231
      vertex 186.34 7.05576 231
      vertex 186.478 7.21311 231
    endloop
  endfacet
  facet normal 0 0 1
    outer loop
      vertex 186.183 9.45649 231
      vertex 186.34 7.05576 231
      vertex 186.34 9.3185 231
    endloop
  endfacet
  facet normal 0 0 1
    outer loop
      vertex 186.183 9.45649 231
      vertex 186.183 6.91776 231
      vertex 186.34 7.05576 231
    endloop
  endfacet
  facet normal 0 0 1
    outer loop
      vertex 186.009 9.57277 231
      vertex 186.183 6.91776 231
      vertex 186.183 9.45649 231
    endloop
  endfacet
  facet normal 0 0 1
    outer loop
      vertex 186.009 9.57277 231
      vertex 186.009 6.80149 231
      vertex 186.183 6.91776 231
    endloop
  endfacet
  facet normal 0 0 1
    outer loop
      vertex 185.821 9.66534 231
      vertex 186.009 6.80149 231
      vertex 186.009 9.57277 231
    endloop
  endfacet
  facet normal 0 0 1
    outer loop
      vertex 185.821 9.66534 231
      vertex 185.821 6.70892 231
      vertex 186.009 6.80149 231
    endloop
  endfacet
  facet normal 0 0 1
    outer loop
      vertex 185.623 9.73261 231
      vertex 185.821 6.70892 231
      vertex 185.821 9.66534 231
    endloop
  endfacet
  facet normal 0 0 1
    outer loop
      vertex 185.623 9.73261 231
      vertex 185.623 6.64165 231
      vertex 185.821 6.70892 231
    endloop
  endfacet
  facet normal 0 0 1
    outer loop
      vertex 185.259 9.78385 231
      vertex 185.623 9.73261 231
      vertex 185.418 9.77344 231
    endloop
  endfacet
  facet normal 0 0 1
    outer loop
      vertex 185.623 9.73261 231
      vertex 185.259 9.78385 231
      vertex 185.623 6.64165 231
    endloop
  endfacet
  facet normal 0 0 1
    outer loop
      vertex 185.259 6.59041 231
      vertex 185.623 6.64165 231
      vertex 185.259 9.78385 231
    endloop
  endfacet
  facet normal 0 0 1
    outer loop
      vertex 185.623 6.64165 231
      vertex 185.259 6.59041 231
      vertex 185.418 6.60082 231
    endloop
  endfacet
  facet normal 0 0 1
    outer loop
      vertex 184.795 9.73261 231
      vertex 185.159 9.78385 231
      vertex 185 9.77344 231
    endloop
  endfacet
  facet normal 0 0 1
    outer loop
      vertex 185.159 9.78385 231
      vertex 184.795 9.73261 231
      vertex 185.159 6.59041 231
    endloop
  endfacet
  facet normal -0 0 1
    outer loop
      vertex 184.795 6.64165 231
      vertex 185.159 6.59041 231
      vertex 184.795 9.73261 231
    endloop
  endfacet
  facet normal 0 0 1
    outer loop
      vertex 185.159 6.59041 231
      vertex 184.795 6.64165 231
      vertex 185 6.60082 231
    endloop
  endfacet
  facet normal -0 0 1
    outer loop
      vertex 184.596 9.66534 231
      vertex 184.795 6.64165 231
      vertex 184.795 9.73261 231
    endloop
  endfacet
  facet normal 0 0 1
    outer loop
      vertex 184.596 9.66534 231
      vertex 184.596 6.70892 231
      vertex 184.795 6.64165 231
    endloop
  endfacet
  facet normal -0 0 1
    outer loop
      vertex 184.409 9.57277 231
      vertex 184.596 6.70892 231
      vertex 184.596 9.66534 231
    endloop
  endfacet
  facet normal 0 0 1
    outer loop
      vertex 184.409 9.57277 231
      vertex 184.409 6.80149 231
      vertex 184.596 6.70892 231
    endloop
  endfacet
  facet normal -0 0 1
    outer loop
      vertex 184.235 9.45649 231
      vertex 184.409 6.80149 231
      vertex 184.409 9.57277 231
    endloop
  endfacet
  facet normal 0 0 1
    outer loop
      vertex 184.235 9.45649 231
      vertex 184.235 6.91776 231
      vertex 184.409 6.80149 231
    endloop
  endfacet
  facet normal -0 0 1
    outer loop
      vertex 184.077 9.3185 231
      vertex 184.235 6.91776 231
      vertex 184.235 9.45649 231
    endloop
  endfacet
  facet normal 0 0 1
    outer loop
      vertex 184.077 9.3185 231
      vertex 184.077 7.05576 231
      vertex 184.235 6.91776 231
    endloop
  endfacet
  facet normal -0 0 1
    outer loop
      vertex 183.939 9.16115 231
      vertex 184.077 7.05576 231
      vertex 184.077 9.3185 231
    endloop
  endfacet
  facet normal 0 0 1
    outer loop
      vertex 183.939 9.16115 231
      vertex 183.939 7.21311 231
      vertex 184.077 7.05576 231
    endloop
  endfacet
  facet normal -0 0 1
    outer loop
      vertex 183.823 8.98713 231
      vertex 183.939 7.21311 231
      vertex 183.939 9.16115 231
    endloop
  endfacet
  facet normal 0 0 1
    outer loop
      vertex 183.823 8.98713 231
      vertex 183.823 7.38713 231
      vertex 183.939 7.21311 231
    endloop
  endfacet
  facet normal -0 0 1
    outer loop
      vertex 183.73 8.79942 231
      vertex 183.823 7.38713 231
      vertex 183.823 8.98713 231
    endloop
  endfacet
  facet normal 0 0 1
    outer loop
      vertex 183.73 8.79942 231
      vertex 183.73 7.57484 231
      vertex 183.823 7.38713 231
    endloop
  endfacet
  facet normal -0 0 1
    outer loop
      vertex 183.663 8.60124 231
      vertex 183.73 7.57484 231
      vertex 183.73 8.79942 231
    endloop
  endfacet
  facet normal 0 0 1
    outer loop
      vertex 183.663 8.60124 231
      vertex 183.663 7.77302 231
      vertex 183.73 7.57484 231
    endloop
  endfacet
  facet normal -0 0 1
    outer loop
      vertex 183.622 8.39597 231
      vertex 183.663 7.77302 231
      vertex 183.663 8.60124 231
    endloop
  endfacet
  facet normal 0 0 1
    outer loop
      vertex 183.622 8.39597 231
      vertex 183.622 7.97829 231
      vertex 183.663 7.77302 231
    endloop
  endfacet
  facet normal 0 -0 1
    outer loop
      vertex 183.622 7.97829 231
      vertex 183.622 8.39597 231
      vertex 183.609 8.18713 231
    endloop
  endfacet
  facet normal -0.65932 0.751863 0
    outer loop
      vertex 186.34 7.05576 231
      vertex 186.183 6.91776 266
      vertex 186.34 7.05576 266
    endloop
  endfacet
  facet normal -0.65932 0.751863 0
    outer loop
      vertex 186.183 6.91776 266
      vertex 186.34 7.05576 231
      vertex 186.183 6.91776 231
    endloop
  endfacet
  facet normal -0.0654009 0.997859 6.88902e-008
    outer loop
      vertex 185.418 6.60082 266
      vertex 185.259 6.59041 265.4
      vertex 185.209 6.58713 266
    endloop
  endfacet
  facet normal -0.0654006 0.997859 0
    outer loop
      vertex 185.418 6.60082 231
      vertex 185.259 6.59041 265.4
      vertex 185.418 6.60082 266
    endloop
  endfacet
  facet normal -0.0654006 0.997859 0
    outer loop
      vertex 185.259 6.59041 265.4
      vertex 185.418 6.60082 231
      vertex 185.259 6.59041 231
    endloop
  endfacet
  facet normal -0.0654017 0.997859 0
    outer loop
      vertex 185.209 6.58713 266
      vertex 185.259 6.59041 265.4
      vertex 185.209 6.58713 265.4
    endloop
  endfacet
  facet normal 0.555584 0.83146 -0
    outer loop
      vertex 184.409 6.80149 231
      vertex 184.235 6.91776 266
      vertex 184.409 6.80149 266
    endloop
  endfacet
  facet normal 0.555584 0.83146 0
    outer loop
      vertex 184.235 6.91776 266
      vertex 184.409 6.80149 231
      vertex 184.235 6.91776 231
    endloop
  endfacet
  facet normal 0.659356 0.751831 -0
    outer loop
      vertex 184.235 6.91776 231
      vertex 184.077 7.05576 266
      vertex 184.235 6.91776 266
    endloop
  endfacet
  facet normal 0.659356 0.751831 0
    outer loop
      vertex 184.077 7.05576 266
      vertex 184.235 6.91776 231
      vertex 184.077 7.05576 231
    endloop
  endfacet
  facet normal 0.831478 0.555558 0
    outer loop
      vertex 183.939 7.21311 266
      vertex 183.823 7.38713 231
      vertex 183.823 7.38713 266
    endloop
  endfacet
  facet normal 0.831478 0.555558 0
    outer loop
      vertex 183.823 7.38713 231
      vertex 183.939 7.21311 266
      vertex 183.939 7.21311 231
    endloop
  endfacet
  facet normal 0.896856 0.442322 0
    outer loop
      vertex 183.823 7.38713 266
      vertex 183.73 7.57484 231
      vertex 183.73 7.57484 266
    endloop
  endfacet
  facet normal 0.896856 0.442322 0
    outer loop
      vertex 183.73 7.57484 231
      vertex 183.823 7.38713 266
      vertex 183.823 7.38713 231
    endloop
  endfacet
  facet normal -0.751862 0.659321 0
    outer loop
      vertex 186.34 7.05576 231
      vertex 186.478 7.21311 266
      vertex 186.478 7.21311 231
    endloop
  endfacet
  facet normal -0.751862 0.659321 0
    outer loop
      vertex 186.478 7.21311 266
      vertex 186.34 7.05576 231
      vertex 186.34 7.05576 266
    endloop
  endfacet
  facet normal 0.442275 0.89688 -0
    outer loop
      vertex 184.596 6.70892 231
      vertex 184.409 6.80149 266
      vertex 184.596 6.70892 266
    endloop
  endfacet
  facet normal 0.442275 0.89688 0
    outer loop
      vertex 184.409 6.80149 266
      vertex 184.596 6.70892 231
      vertex 184.409 6.80149 231
    endloop
  endfacet
  facet normal 1 -0 0
    outer loop
      vertex 116.076 -0.378497 258.928
      vertex 116.076 4.45054 252.5
      vertex 116.076 4.45054 265.4
    endloop
  endfacet
  facet normal 1 0 0
    outer loop
      vertex 116.076 -0.295573 263.318
      vertex 116.076 4.45054 265.4
      vertex 116.076 -0.2597 265.4
    endloop
  endfacet
  facet normal 1 0 0
    outer loop
      vertex 116.076 -0.378497 258.928
      vertex 116.076 4.45054 265.4
      vertex 116.076 -0.295573 263.318
    endloop
  endfacet
  facet normal 1 0 0
    outer loop
      vertex 116.076 4.45054 252.5
      vertex 116.076 -0.378497 258.928
      vertex 116.076 -0.385533 258.699
    endloop
  endfacet
  facet normal 1 0 0
    outer loop
      vertex 116.076 4.45054 252.5
      vertex 116.076 -0.385533 258.699
      vertex 116.076 0.682676 252.5
    endloop
  endfacet
  facet normal 1 0 0
    outer loop
      vertex 116.076 -0.521391 250.434
      vertex 116.076 0.682676 252.5
      vertex 116.076 -0.385533 258.699
    endloop
  endfacet
  facet normal 1 0 0
    outer loop
      vertex 116.076 -0.540664 249.749
      vertex 116.076 0.682676 252.5
      vertex 116.076 -0.521391 250.434
    endloop
  endfacet
  facet normal 1 0 0
    outer loop
      vertex 116.076 -0.656489 241.76
      vertex 116.076 0.682676 252.5
      vertex 116.076 -0.540664 249.749
    endloop
  endfacet
  facet normal 1 0 0
    outer loop
      vertex 116.076 0.682676 252.5
      vertex 116.076 -0.656489 241.76
      vertex 116.076 0.682676 229.5
    endloop
  endfacet
  facet normal 1 -0 0
    outer loop
      vertex 116.076 -0.686792 240.6
      vertex 116.076 0.682676 229.5
      vertex 116.076 -0.656489 241.76
    endloop
  endfacet
  facet normal 1 -0 0
    outer loop
      vertex 116.076 -0.785761 232.903
      vertex 116.076 0.682676 229.5
      vertex 116.076 -0.686792 240.6
    endloop
  endfacet
  facet normal 1 -0 0
    outer loop
      vertex 116.076 -0.826195 231.244
      vertex 116.076 0.682676 229.5
      vertex 116.076 -0.785761 232.903
    endloop
  endfacet
  facet normal 1 0 0
    outer loop
      vertex 116.076 0.682676 229.5
      vertex 116.076 -0.826195 231.244
      vertex 116.076 -0.846236 229.5
    endloop
  endfacet
  facet normal 1 0 0
    outer loop
      vertex 116.076 7.64399 265.4
      vertex 116.076 14.5291 249.965
      vertex 116.076 14.4105 258.382
    endloop
  endfacet
  facet normal 1 0 0
    outer loop
      vertex 116.076 14.6028 231.975
      vertex 116.076 7.64399 231
      vertex 116.076 14.58 230.208
    endloop
  endfacet
  facet normal 1 0 0
    outer loop
      vertex 116.076 7.64399 231
      vertex 116.076 14.593 241.078
      vertex 116.076 14.5273 249.235
    endloop
  endfacet
  facet normal 1 0 0
    outer loop
      vertex 116.076 14.593 241.078
      vertex 116.076 7.64399 231
      vertex 116.076 14.5832 239.843
    endloop
  endfacet
  facet normal 1 0 0
    outer loop
      vertex 116.076 14.5291 249.965
      vertex 116.076 7.64399 265.4
      vertex 116.076 14.5273 249.235
    endloop
  endfacet
  facet normal 1 0 0
    outer loop
      vertex 116.076 7.64399 265.4
      vertex 116.076 14.4097 258.634
      vertex 116.076 14.313 263.318
    endloop
  endfacet
  facet normal 1 0 0
    outer loop
      vertex 116.076 14.4097 258.634
      vertex 116.076 7.64399 265.4
      vertex 116.076 14.4105 258.382
    endloop
  endfacet
  facet normal 1 -0 0
    outer loop
      vertex 116.076 7.64399 265.4
      vertex 116.076 14.313 263.318
      vertex 116.076 14.2643 265.4
    endloop
  endfacet
  facet normal 1 0 0
    outer loop
      vertex 116.076 14.5273 249.235
      vertex 116.076 7.64399 265.4
      vertex 116.076 7.64399 231
    endloop
  endfacet
  facet normal 1 0 0
    outer loop
      vertex 116.076 14.58 230.208
      vertex 116.076 7.64399 231
      vertex 116.076 14.5782 229.5
    endloop
  endfacet
  facet normal 1 0 0
    outer loop
      vertex 116.076 5.75866 229.5
      vertex 116.076 7.64399 231
      vertex 116.076 5.75866 231
    endloop
  endfacet
  facet normal 1 0 0
    outer loop
      vertex 116.076 7.64399 231
      vertex 116.076 5.75866 229.5
      vertex 116.076 14.5782 229.5
    endloop
  endfacet
  facet normal 1 0 0
    outer loop
      vertex 116.076 7.64399 231
      vertex 116.076 14.6028 231.975
      vertex 116.076 14.5832 239.843
    endloop
  endfacet
  facet normal -1 0 0
    outer loop
      vertex 116.176 7.64399 231
      vertex 116.176 14.6067 232.257
      vertex 116.176 14.5841 230.506
    endloop
  endfacet
  facet normal -1 0 0
    outer loop
      vertex 116.176 7.64399 231
      vertex 116.176 14.5841 230.506
      vertex 116.176 14.5815 229.5
    endloop
  endfacet
  facet normal -1 0 0
    outer loop
      vertex 116.176 7.64399 231
      vertex 116.176 14.5967 241.357
      vertex 116.176 14.5871 240.138
    endloop
  endfacet
  facet normal -1 -0 0
    outer loop
      vertex 116.176 14.6067 232.257
      vertex 116.176 7.64399 231
      vertex 116.176 14.5871 240.138
    endloop
  endfacet
  facet normal -1 -0 0
    outer loop
      vertex 116.176 14.5967 241.357
      vertex 116.176 7.64399 231
      vertex 116.176 14.5309 249.526
    endloop
  endfacet
  facet normal -1 0 0
    outer loop
      vertex 116.176 7.64399 265.4
      vertex 116.176 14.4131 258.908
      vertex 116.176 14.4139 258.671
    endloop
  endfacet
  facet normal -1 0 0
    outer loop
      vertex 116.176 7.64399 265.4
      vertex 116.176 14.5309 249.526
      vertex 116.176 7.64399 231
    endloop
  endfacet
  facet normal -1 0 0
    outer loop
      vertex 116.176 14.5309 249.526
      vertex 116.176 7.64399 265.4
      vertex 116.176 14.4139 258.671
    endloop
  endfacet
  facet normal -1 0 0
    outer loop
      vertex 116.176 14.4131 258.908
      vertex 116.176 7.64399 265.4
      vertex 116.176 14.3221 263.318
    endloop
  endfacet
  facet normal -1 0 0
    outer loop
      vertex 116.176 5.79776 229.5
      vertex 116.176 7.64399 231
      vertex 116.176 14.5815 229.5
    endloop
  endfacet
  facet normal -1 -0 0
    outer loop
      vertex 116.176 7.64399 231
      vertex 116.176 5.79776 229.5
      vertex 116.176 5.79776 231
    endloop
  endfacet
  facet normal -1 -0 0
    outer loop
      vertex 116.176 14.5326 250.241
      vertex 116.176 14.5309 249.526
      vertex 116.176 14.4139 258.671
    endloop
  endfacet
  facet normal -1 0 0
    outer loop
      vertex 116.176 14.3221 263.318
      vertex 116.176 7.64399 265.4
      vertex 116.176 14.2734 265.4
    endloop
  endfacet
  facet normal -1 0 0
    outer loop
      vertex 116.176 -0.648863 242.023
      vertex 116.176 0.643578 252.5
      vertex 116.176 0.643578 229.5
    endloop
  endfacet
  facet normal -1 0 0
    outer loop
      vertex 116.176 0.643578 252.5
      vertex 116.176 -0.293281 263.318
      vertex 116.176 -0.257408 265.4
    endloop
  endfacet
  facet normal -1 0 0
    outer loop
      vertex 116.176 0.643578 252.5
      vertex 116.176 -0.371322 259.186
      vertex 116.176 -0.293281 263.318
    endloop
  endfacet
  facet normal -1 0 0
    outer loop
      vertex 116.176 0.643578 252.5
      vertex 116.176 -0.377944 258.971
      vertex 116.176 -0.371322 259.186
    endloop
  endfacet
  facet normal -1 -0 0
    outer loop
      vertex 116.176 0.643578 252.5
      vertex 116.176 -0.513988 250.694
      vertex 116.176 -0.377944 258.971
    endloop
  endfacet
  facet normal -1 0 0
    outer loop
      vertex 116.176 0.643578 252.5
      vertex 116.176 -0.532871 250.024
      vertex 116.176 -0.513988 250.694
    endloop
  endfacet
  facet normal -1 0 0
    outer loop
      vertex 116.176 0.643578 252.5
      vertex 116.176 -0.648863 242.023
      vertex 116.176 -0.532871 250.024
    endloop
  endfacet
  facet normal -1 0 0
    outer loop
      vertex 116.176 0.643578 229.5
      vertex 116.176 -0.678797 240.877
      vertex 116.176 -0.648863 242.023
    endloop
  endfacet
  facet normal -1 0 0
    outer loop
      vertex 116.176 0.643578 229.5
      vertex 116.176 -0.777917 233.168
      vertex 116.176 -0.678797 240.877
    endloop
  endfacet
  facet normal -1 0 0
    outer loop
      vertex 116.176 0.643578 229.5
      vertex 116.176 -0.817999 231.524
      vertex 116.176 -0.777917 233.168
    endloop
  endfacet
  facet normal -1 0 -0
    outer loop
      vertex 116.176 -0.817999 231.524
      vertex 116.176 0.643578 229.5
      vertex 116.176 -0.841255 229.5
    endloop
  endfacet
  facet normal -1 0 0
    outer loop
      vertex 116.176 0.643578 252.5
      vertex 116.176 4.45054 265.4
      vertex 116.176 4.45054 252.5
    endloop
  endfacet
  facet normal -1 -0 0
    outer loop
      vertex 116.176 4.45054 265.4
      vertex 116.176 0.643578 252.5
      vertex 116.176 -0.257408 265.4
    endloop
  endfacet
  facet normal -0 0 1
    outer loop
      vertex 116.076 14.5782 229.5
      vertex 116.176 5.79776 229.5
      vertex 116.176 14.5815 229.5
    endloop
  endfacet
  facet normal 0 0 1
    outer loop
      vertex 116.176 5.79776 229.5
      vertex 116.076 14.5782 229.5
      vertex 116.109 5.77519 229.5
    endloop
  endfacet
  facet normal 0 0 1
    outer loop
      vertex 116.109 5.77519 229.5
      vertex 116.076 14.5782 229.5
      vertex 116.076 5.75866 229.5
    endloop
  endfacet
  facet normal 0 0 1
    outer loop
      vertex 116.076 -0.846236 229.5
      vertex 116.176 0.643578 229.5
      vertex 116.109 0.66614 229.5
    endloop
  endfacet
  facet normal 0 0 1
    outer loop
      vertex 116.076 -0.846236 229.5
      vertex 116.109 0.66614 229.5
      vertex 116.076 0.682676 229.5
    endloop
  endfacet
  facet normal 0 0 1
    outer loop
      vertex 116.176 0.643578 229.5
      vertex 116.076 -0.846236 229.5
      vertex 116.176 -0.841255 229.5
    endloop
  endfacet
  facet normal 0 0 -1
    outer loop
      vertex 116.176 -0.257408 265.4
      vertex 116.126 4.44727 265.4
      vertex 116.176 4.45054 265.4
    endloop
  endfacet
  facet normal 0 0 -1
    outer loop
      vertex 116.076 -0.2597 265.4
      vertex 116.126 4.44727 265.4
      vertex 116.176 -0.257408 265.4
    endloop
  endfacet
  facet normal -0 0 -1
    outer loop
      vertex 116.126 4.44727 265.4
      vertex 116.076 -0.2597 265.4
      vertex 116.076 4.45054 265.4
    endloop
  endfacet
  facet normal 0 0 -1
    outer loop
      vertex 116.076 14.2643 265.4
      vertex 116.176 7.64399 265.4
      vertex 116.126 7.64726 265.4
    endloop
  endfacet
  facet normal 0 0 -1
    outer loop
      vertex 116.076 14.2643 265.4
      vertex 116.126 7.64726 265.4
      vertex 116.076 7.64399 265.4
    endloop
  endfacet
  facet normal 0 0 -1
    outer loop
      vertex 116.176 7.64399 265.4
      vertex 116.076 14.2643 265.4
      vertex 116.176 14.2734 265.4
    endloop
  endfacet
  facet normal -0.997859 -0.0653981 0
    outer loop
      vertex 117.726 6.04727 231
      vertex 117.712 6.25611 266
      vertex 117.712 6.25611 231
    endloop
  endfacet
  facet normal -0.997859 -0.0653981 0
    outer loop
      vertex 117.712 6.25611 266
      vertex 117.726 6.04727 231
      vertex 117.726 6.04727 266
    endloop
  endfacet
  facet normal 0.997859 -0.0653981 0
    outer loop
      vertex 114.526 6.04727 266
      vertex 114.54 6.25611 231
      vertex 114.54 6.25611 266
    endloop
  endfacet
  facet normal 0.997859 -0.0653981 0
    outer loop
      vertex 114.54 6.25611 231
      vertex 114.526 6.04727 266
      vertex 114.526 6.04727 231
    endloop
  endfacet
  facet normal 0.0654033 -0.997859 7.01413e-007
    outer loop
      vertex 115.917 7.63358 266
      vertex 116.076 7.64399 265.4
      vertex 116.126 7.64726 266
    endloop
  endfacet
  facet normal 0.0654006 -0.997859 0
    outer loop
      vertex 115.917 7.63358 231
      vertex 116.076 7.64399 265.4
      vertex 115.917 7.63358 266
    endloop
  endfacet
  facet normal 0.0654006 -0.997859 0
    outer loop
      vertex 116.076 7.64399 265.4
      vertex 115.917 7.63358 231
      vertex 116.076 7.64399 231
    endloop
  endfacet
  facet normal 0.0654116 -0.997858 0
    outer loop
      vertex 116.126 7.64726 266
      vertex 116.076 7.64399 265.4
      vertex 116.126 7.64726 265.4
    endloop
  endfacet
  facet normal -0.659356 -0.751831 1.52624e-007
    outer loop
      vertex 117.1 7.31663 266
      vertex 117.118 7.30117 256.5
      vertex 117.257 7.17864 266
    endloop
  endfacet
  facet normal -0.659402 -0.75179 0
    outer loop
      vertex 117.1 7.31663 231
      vertex 117.118 7.30117 256.5
      vertex 117.1 7.31663 266
    endloop
  endfacet
  facet normal -0.659402 -0.75179 -0
    outer loop
      vertex 117.118 7.30117 256.5
      vertex 117.1 7.31663 231
      vertex 117.118 7.30117 231
    endloop
  endfacet
  facet normal -0.659347 -0.751839 -8.17081e-008
    outer loop
      vertex 117.218 7.21347 256.5
      vertex 117.257 7.17864 266
      vertex 117.118 7.30117 256.5
    endloop
  endfacet
  facet normal -0.659358 -0.751829 0
    outer loop
      vertex 117.257 7.17864 231
      vertex 117.218 7.21347 256.5
      vertex 117.218 7.21347 231
    endloop
  endfacet
  facet normal -0.659358 -0.751829 0
    outer loop
      vertex 117.218 7.21347 256.5
      vertex 117.257 7.17864 231
      vertex 117.257 7.17864 266
    endloop
  endfacet
  facet normal 0.751843 -0.659342 0
    outer loop
      vertex 114.857 7.02128 266
      vertex 114.995 7.17864 231
      vertex 114.995 7.17864 266
    endloop
  endfacet
  facet normal 0.751843 -0.659342 0
    outer loop
      vertex 114.995 7.17864 231
      vertex 114.857 7.02128 266
      vertex 114.857 7.02128 231
    endloop
  endfacet
  facet normal 0.442289 -0.896872 0
    outer loop
      vertex 115.326 7.43291 231
      vertex 115.514 7.52547 266
      vertex 115.326 7.43291 266
    endloop
  endfacet
  facet normal 0.442289 -0.896872 0
    outer loop
      vertex 115.514 7.52547 266
      vertex 115.326 7.43291 231
      vertex 115.514 7.52547 231
    endloop
  endfacet
  facet normal -0.896871 -0.442293 0
    outer loop
      vertex 117.604 6.65956 231
      vertex 117.512 6.84726 266
      vertex 117.512 6.84726 231
    endloop
  endfacet
  facet normal -0.896871 -0.442293 0
    outer loop
      vertex 117.512 6.84726 266
      vertex 117.604 6.65956 231
      vertex 117.604 6.65956 266
    endloop
  endfacet
  facet normal -0.831461 -0.555583 0
    outer loop
      vertex 117.512 6.84726 231
      vertex 117.395 7.02128 266
      vertex 117.395 7.02128 231
    endloop
  endfacet
  facet normal -0.831461 -0.555583 0
    outer loop
      vertex 117.395 7.02128 266
      vertex 117.512 6.84726 231
      vertex 117.512 6.84726 266
    endloop
  endfacet
  facet normal -0.321431 -0.946933 0
    outer loop
      vertex 116.54 7.59275 231
      vertex 116.738 7.52547 266
      vertex 116.54 7.59275 266
    endloop
  endfacet
  facet normal -0.321431 -0.946933 -0
    outer loop
      vertex 116.738 7.52547 266
      vertex 116.54 7.59275 231
      vertex 116.738 7.52547 231
    endloop
  endfacet
  facet normal -0.195091 -0.980785 0
    outer loop
      vertex 116.335 7.63358 231
      vertex 116.54 7.59275 266
      vertex 116.335 7.63358 266
    endloop
  endfacet
  facet normal -0.195091 -0.980785 -0
    outer loop
      vertex 116.54 7.59275 266
      vertex 116.335 7.63358 231
      vertex 116.54 7.59275 231
    endloop
  endfacet
  facet normal -0.555567 -0.831471 0
    outer loop
      vertex 116.926 7.43291 231
      vertex 117.1 7.31663 266
      vertex 116.926 7.43291 266
    endloop
  endfacet
  facet normal -0.555567 -0.831471 -0
    outer loop
      vertex 117.1 7.31663 266
      vertex 116.926 7.43291 231
      vertex 117.1 7.31663 231
    endloop
  endfacet
  facet normal 0.946927 -0.321448 0
    outer loop
      vertex 114.58 6.46138 266
      vertex 114.648 6.65956 231
      vertex 114.648 6.65956 266
    endloop
  endfacet
  facet normal 0.946927 -0.321448 0
    outer loop
      vertex 114.648 6.65956 231
      vertex 114.58 6.46138 266
      vertex 114.58 6.46138 231
    endloop
  endfacet
  facet normal 0.896885 -0.442264 0
    outer loop
      vertex 114.648 6.65956 266
      vertex 114.74 6.84726 231
      vertex 114.74 6.84726 266
    endloop
  endfacet
  facet normal 0.896885 -0.442264 0
    outer loop
      vertex 114.74 6.84726 231
      vertex 114.648 6.65956 266
      vertex 114.648 6.65956 231
    endloop
  endfacet
  facet normal 0.980783 -0.1951 0
    outer loop
      vertex 114.54 6.25611 266
      vertex 114.58 6.46138 231
      vertex 114.58 6.46138 266
    endloop
  endfacet
  facet normal 0.980783 -0.1951 0
    outer loop
      vertex 114.58 6.46138 231
      vertex 114.54 6.25611 266
      vertex 114.54 6.25611 231
    endloop
  endfacet
  facet normal 0.555567 -0.831471 0
    outer loop
      vertex 115.152 7.31663 231
      vertex 115.326 7.43291 266
      vertex 115.152 7.31663 266
    endloop
  endfacet
  facet normal 0.555567 -0.831471 0
    outer loop
      vertex 115.326 7.43291 266
      vertex 115.152 7.31663 231
      vertex 115.326 7.43291 231
    endloop
  endfacet
  facet normal 0.195091 -0.980785 0
    outer loop
      vertex 115.712 7.59275 231
      vertex 115.917 7.63358 266
      vertex 115.712 7.59275 266
    endloop
  endfacet
  facet normal 0.195091 -0.980785 0
    outer loop
      vertex 115.917 7.63358 266
      vertex 115.712 7.59275 231
      vertex 115.917 7.63358 231
    endloop
  endfacet
  facet normal -0.831461 0.555583 0
    outer loop
      vertex 117.395 5.07325 252.5
      vertex 117.512 5.24727 266
      vertex 117.512 5.24727 252.5
    endloop
  endfacet
  facet normal -0.831461 0.555583 0
    outer loop
      vertex 117.512 5.24727 266
      vertex 117.395 5.07325 252.5
      vertex 117.395 5.07325 266
    endloop
  endfacet
  facet normal 0.195091 0.980785 -0
    outer loop
      vertex 115.917 4.46095 252.5
      vertex 115.712 4.50178 266
      vertex 115.917 4.46095 266
    endloop
  endfacet
  facet normal 0.195091 0.980785 0
    outer loop
      vertex 115.712 4.50178 266
      vertex 115.917 4.46095 252.5
      vertex 115.712 4.50178 252.5
    endloop
  endfacet
  facet normal -0.195091 0.980785 0
    outer loop
      vertex 116.54 4.50178 252.5
      vertex 116.335 4.46095 266
      vertex 116.54 4.50178 266
    endloop
  endfacet
  facet normal -0.195091 0.980785 0
    outer loop
      vertex 116.335 4.46095 266
      vertex 116.54 4.50178 252.5
      vertex 116.335 4.46095 252.5
    endloop
  endfacet
  facet normal -0.946938 -0.321415 0
    outer loop
      vertex 117.671 6.46138 231
      vertex 117.604 6.65956 266
      vertex 117.604 6.65956 231
    endloop
  endfacet
  facet normal -0.946938 -0.321415 0
    outer loop
      vertex 117.604 6.65956 266
      vertex 117.671 6.46138 231
      vertex 117.671 6.46138 266
    endloop
  endfacet
  facet normal -0.980783 -0.1951 0
    outer loop
      vertex 117.712 6.25611 231
      vertex 117.671 6.46138 266
      vertex 117.671 6.46138 231
    endloop
  endfacet
  facet normal -0.980783 -0.1951 0
    outer loop
      vertex 117.671 6.46138 266
      vertex 117.712 6.25611 231
      vertex 117.712 6.25611 266
    endloop
  endfacet
  facet normal -0.751843 -0.659342 0
    outer loop
      vertex 117.395 7.02128 231
      vertex 117.257 7.17864 266
      vertex 117.257 7.17864 231
    endloop
  endfacet
  facet normal -0.751843 -0.659342 0
    outer loop
      vertex 117.257 7.17864 266
      vertex 117.395 7.02128 231
      vertex 117.395 7.02128 266
    endloop
  endfacet
  facet normal -0.0654017 -0.997859 0
    outer loop
      vertex 116.176 7.64399 265.4
      vertex 116.126 7.64726 266
      vertex 116.126 7.64726 265.4
    endloop
  endfacet
  facet normal -0.0654033 -0.997859 -1.30224e-007
    outer loop
      vertex 116.126 7.64726 266
      vertex 116.176 7.64399 265.4
      vertex 116.335 7.63358 266
    endloop
  endfacet
  facet normal -0.0654038 -0.997859 0
    outer loop
      vertex 116.335 7.63358 231
      vertex 116.176 7.64399 265.4
      vertex 116.176 7.64399 231
    endloop
  endfacet
  facet normal -0.0654038 -0.997859 0
    outer loop
      vertex 116.176 7.64399 265.4
      vertex 116.335 7.63358 231
      vertex 116.335 7.63358 266
    endloop
  endfacet
  facet normal -0.442289 -0.896872 0
    outer loop
      vertex 116.738 7.52547 231
      vertex 116.926 7.43291 266
      vertex 116.738 7.52547 266
    endloop
  endfacet
  facet normal -0.442289 -0.896872 -0
    outer loop
      vertex 116.926 7.43291 266
      vertex 116.738 7.52547 231
      vertex 116.926 7.43291 231
    endloop
  endfacet
  facet normal 0.831461 -0.555583 0
    outer loop
      vertex 114.74 6.84726 266
      vertex 114.857 7.02128 231
      vertex 114.857 7.02128 266
    endloop
  endfacet
  facet normal 0.831461 -0.555583 0
    outer loop
      vertex 114.857 7.02128 231
      vertex 114.74 6.84726 266
      vertex 114.74 6.84726 231
    endloop
  endfacet
  facet normal 0.659338 -0.751847 0
    outer loop
      vertex 114.995 7.17864 231
      vertex 115.152 7.31663 266
      vertex 114.995 7.17864 266
    endloop
  endfacet
  facet normal 0.659338 -0.751847 0
    outer loop
      vertex 115.152 7.31663 266
      vertex 114.995 7.17864 231
      vertex 115.152 7.31663 231
    endloop
  endfacet
  facet normal 0.321442 -0.946929 0
    outer loop
      vertex 115.514 7.52547 231
      vertex 115.712 7.59275 266
      vertex 115.514 7.52547 266
    endloop
  endfacet
  facet normal 0.321442 -0.946929 0
    outer loop
      vertex 115.712 7.59275 266
      vertex 115.514 7.52547 231
      vertex 115.712 7.59275 231
    endloop
  endfacet
  facet normal -0.555567 0.831471 0
    outer loop
      vertex 117.1 4.7779 252.5
      vertex 116.926 4.66162 266
      vertex 117.1 4.7779 266
    endloop
  endfacet
  facet normal -0.555567 0.831471 0
    outer loop
      vertex 116.926 4.66162 266
      vertex 117.1 4.7779 252.5
      vertex 116.926 4.66162 252.5
    endloop
  endfacet
  facet normal -0.946938 0.321415 0
    outer loop
      vertex 117.604 5.43497 252.5
      vertex 117.671 5.63315 266
      vertex 117.671 5.63315 252.5
    endloop
  endfacet
  facet normal -0.946938 0.321415 0
    outer loop
      vertex 117.671 5.63315 266
      vertex 117.604 5.43497 252.5
      vertex 117.604 5.43497 266
    endloop
  endfacet
  facet normal -0.896871 0.442293 0
    outer loop
      vertex 117.512 5.24727 252.5
      vertex 117.604 5.43497 266
      vertex 117.604 5.43497 252.5
    endloop
  endfacet
  facet normal -0.896871 0.442293 0
    outer loop
      vertex 117.604 5.43497 266
      vertex 117.512 5.24727 252.5
      vertex 117.512 5.24727 266
    endloop
  endfacet
  facet normal -0.980783 0.1951 0
    outer loop
      vertex 117.671 5.63315 252.5
      vertex 117.712 5.83842 266
      vertex 117.712 5.83842 252.5
    endloop
  endfacet
  facet normal -0.980783 0.1951 0
    outer loop
      vertex 117.712 5.83842 266
      vertex 117.671 5.63315 252.5
      vertex 117.671 5.63315 266
    endloop
  endfacet
  facet normal 0.0654022 0.997859 0
    outer loop
      vertex 116.076 4.45054 265.4
      vertex 116.126 4.44727 266
      vertex 116.126 4.44727 265.4
    endloop
  endfacet
  facet normal 0.0654033 0.997859 -9.16058e-008
    outer loop
      vertex 116.126 4.44727 266
      vertex 116.076 4.45054 265.4
      vertex 115.917 4.46095 266
    endloop
  endfacet
  facet normal 0.0654036 0.997859 0
    outer loop
      vertex 115.917 4.46095 252.5
      vertex 116.076 4.45054 265.4
      vertex 116.076 4.45054 252.5
    endloop
  endfacet
  facet normal 0.0654036 0.997859 0
    outer loop
      vertex 116.076 4.45054 265.4
      vertex 115.917 4.46095 252.5
      vertex 115.917 4.46095 266
    endloop
  endfacet
  facet normal 0.997859 0.0653981 0
    outer loop
      vertex 114.54 5.83842 266
      vertex 114.526 6.04727 231
      vertex 114.526 6.04727 266
    endloop
  endfacet
  facet normal 0.997859 0.0653981 0
    outer loop
      vertex 114.526 6.04727 231
      vertex 114.54 5.83842 266
      vertex 114.54 5.83842 231
    endloop
  endfacet
  facet normal 0.946927 0.321448 0
    outer loop
      vertex 114.648 5.43497 266
      vertex 114.58 5.63315 231
      vertex 114.58 5.63315 266
    endloop
  endfacet
  facet normal 0.946927 0.321448 0
    outer loop
      vertex 114.58 5.63315 231
      vertex 114.648 5.43497 266
      vertex 114.648 5.43497 231
    endloop
  endfacet
  facet normal -0.442289 0.896872 0
    outer loop
      vertex 116.926 4.66162 252.5
      vertex 116.738 4.56906 266
      vertex 116.926 4.66162 266
    endloop
  endfacet
  facet normal -0.442289 0.896872 0
    outer loop
      vertex 116.738 4.56906 266
      vertex 116.926 4.66162 252.5
      vertex 116.738 4.56906 252.5
    endloop
  endfacet
  facet normal -0.321431 0.946933 0
    outer loop
      vertex 116.738 4.56906 252.5
      vertex 116.54 4.50178 266
      vertex 116.738 4.56906 266
    endloop
  endfacet
  facet normal -0.321431 0.946933 0
    outer loop
      vertex 116.54 4.50178 266
      vertex 116.738 4.56906 252.5
      vertex 116.54 4.50178 252.5
    endloop
  endfacet
  facet normal -0.997859 0.0654006 0
    outer loop
      vertex 117.718 5.92434 252.5
      vertex 117.726 6.04727 231
      vertex 117.718 5.92434 231
    endloop
  endfacet
  facet normal -0.997859 0.0654006 0
    outer loop
      vertex 117.726 6.04727 231
      vertex 117.718 5.92434 252.5
      vertex 117.726 6.04727 266
    endloop
  endfacet
  facet normal -0.997859 0.0653946 5.56798e-008
    outer loop
      vertex 117.712 5.83842 252.5
      vertex 117.726 6.04727 266
      vertex 117.718 5.92434 252.5
    endloop
  endfacet
  facet normal -0.997859 0.0653981 0
    outer loop
      vertex 117.726 6.04727 266
      vertex 117.712 5.83842 252.5
      vertex 117.712 5.83842 266
    endloop
  endfacet
  facet normal 0.321442 0.946929 -0
    outer loop
      vertex 115.712 4.50178 252.5
      vertex 115.514 4.56906 266
      vertex 115.712 4.50178 266
    endloop
  endfacet
  facet normal 0.321442 0.946929 0
    outer loop
      vertex 115.514 4.56906 266
      vertex 115.712 4.50178 252.5
      vertex 115.514 4.56906 252.5
    endloop
  endfacet
  facet normal 0.751841 0.659345 0
    outer loop
      vertex 114.857 5.07325 266
      vertex 114.99 4.92164 252.5
      vertex 114.857 5.07325 231
    endloop
  endfacet
  facet normal 0.751843 0.659342 5.8081e-008
    outer loop
      vertex 114.995 4.91589 266
      vertex 114.99 4.92164 252.5
      vertex 114.857 5.07325 266
    endloop
  endfacet
  facet normal 0.751911 0.659264 0
    outer loop
      vertex 114.99 4.92164 252.5
      vertex 114.995 4.91589 266
      vertex 114.995 4.91589 252.5
    endloop
  endfacet
  facet normal 0.751841 0.659345 0
    outer loop
      vertex 114.857 5.07325 231
      vertex 114.99 4.92164 252.5
      vertex 114.99 4.92164 231
    endloop
  endfacet
  facet normal 0.980783 0.1951 0
    outer loop
      vertex 114.58 5.63315 266
      vertex 114.54 5.83842 231
      vertex 114.54 5.83842 266
    endloop
  endfacet
  facet normal 0.980783 0.1951 0
    outer loop
      vertex 114.54 5.83842 231
      vertex 114.58 5.63315 266
      vertex 114.58 5.63315 231
    endloop
  endfacet
  facet normal 0 0 1
    outer loop
      vertex 117.529 5.96201 231
      vertex 117.726 6.04727 231
      vertex 117.712 6.25611 231
    endloop
  endfacet
  facet normal 0 0 1
    outer loop
      vertex 117.218 5.98239 231
      vertex 117.712 6.25611 231
      vertex 117.671 6.46138 231
    endloop
  endfacet
  facet normal 0 0 1
    outer loop
      vertex 117.218 5.98239 231
      vertex 117.671 6.46138 231
      vertex 117.604 6.65956 231
    endloop
  endfacet
  facet normal 0 0 1
    outer loop
      vertex 117.726 6.04727 231
      vertex 117.529 5.96201 231
      vertex 117.718 5.92434 231
    endloop
  endfacet
  facet normal 0 0 1
    outer loop
      vertex 117.218 5.98239 231
      vertex 117.604 6.65956 231
      vertex 117.512 6.84726 231
    endloop
  endfacet
  facet normal 0 0 1
    outer loop
      vertex 117.218 5.98239 231
      vertex 117.512 6.84726 231
      vertex 117.395 7.02128 231
    endloop
  endfacet
  facet normal 0 0 1
    outer loop
      vertex 117.218 5.98239 231
      vertex 117.395 7.02128 231
      vertex 117.257 7.17864 231
    endloop
  endfacet
  facet normal 0 0 1
    outer loop
      vertex 117.218 5.98239 231
      vertex 117.257 7.17864 231
      vertex 117.218 7.21347 231
    endloop
  endfacet
  facet normal 0 0 1
    outer loop
      vertex 117.712 6.25611 231
      vertex 117.218 5.98239 231
      vertex 117.529 5.96201 231
    endloop
  endfacet
  facet normal 0 0 1
    outer loop
      vertex 116.807 5.96201 231
      vertex 117.118 7.30117 231
      vertex 117.1 7.31663 231
    endloop
  endfacet
  facet normal 0 0 1
    outer loop
      vertex 116.807 5.96201 231
      vertex 117.1 7.31663 231
      vertex 116.926 7.43291 231
    endloop
  endfacet
  facet normal 0 0 1
    outer loop
      vertex 117.118 7.30117 231
      vertex 116.807 5.96201 231
      vertex 117.118 5.98239 231
    endloop
  endfacet
  facet normal 0 0 1
    outer loop
      vertex 116.738 7.52547 231
      vertex 116.807 5.96201 231
      vertex 116.926 7.43291 231
    endloop
  endfacet
  facet normal 0 0 1
    outer loop
      vertex 116.452 5.89145 231
      vertex 116.738 7.52547 231
      vertex 116.54 7.59275 231
    endloop
  endfacet
  facet normal 0 0 1
    outer loop
      vertex 116.738 7.52547 231
      vertex 116.452 5.89145 231
      vertex 116.807 5.96201 231
    endloop
  endfacet
  facet normal 0 0 1
    outer loop
      vertex 116.335 7.63358 231
      vertex 116.452 5.89145 231
      vertex 116.54 7.59275 231
    endloop
  endfacet
  facet normal 0 0 1
    outer loop
      vertex 116.176 7.64399 231
      vertex 116.452 5.89145 231
      vertex 116.335 7.63358 231
    endloop
  endfacet
  facet normal 0 0 1
    outer loop
      vertex 116.452 5.89145 231
      vertex 116.176 7.64399 231
      vertex 116.176 5.79776 231
    endloop
  endfacet
  facet normal -0 0 1
    outer loop
      vertex 115.917 7.63358 231
      vertex 116.076 5.75866 231
      vertex 116.076 7.64399 231
    endloop
  endfacet
  facet normal -0 0 1
    outer loop
      vertex 115.712 7.59275 231
      vertex 116.076 5.75866 231
      vertex 115.917 7.63358 231
    endloop
  endfacet
  facet normal -0 0 1
    outer loop
      vertex 115.514 7.52547 231
      vertex 116.076 5.75866 231
      vertex 115.712 7.59275 231
    endloop
  endfacet
  facet normal -0 0 1
    outer loop
      vertex 115.326 7.43291 231
      vertex 116.076 5.75866 231
      vertex 115.514 7.52547 231
    endloop
  endfacet
  facet normal -0 0 1
    outer loop
      vertex 115.152 7.31663 231
      vertex 116.076 5.75866 231
      vertex 115.326 7.43291 231
    endloop
  endfacet
  facet normal -0 0 1
    outer loop
      vertex 114.995 7.17864 231
      vertex 116.076 5.75866 231
      vertex 115.152 7.31663 231
    endloop
  endfacet
  facet normal -0 0 1
    outer loop
      vertex 114.857 7.02128 231
      vertex 116.076 5.75866 231
      vertex 114.995 7.17864 231
    endloop
  endfacet
  facet normal 0 0 1
    outer loop
      vertex 116.076 5.75866 231
      vertex 114.857 7.02128 231
      vertex 115.785 5.61523 231
    endloop
  endfacet
  facet normal -0 0 1
    outer loop
      vertex 114.74 6.84726 231
      vertex 115.785 5.61523 231
      vertex 114.857 7.02128 231
    endloop
  endfacet
  facet normal -0 0 1
    outer loop
      vertex 114.648 6.65956 231
      vertex 115.785 5.61523 231
      vertex 114.74 6.84726 231
    endloop
  endfacet
  facet normal -0 0 1
    outer loop
      vertex 114.58 6.46138 231
      vertex 115.785 5.61523 231
      vertex 114.648 6.65956 231
    endloop
  endfacet
  facet normal 0 0 1
    outer loop
      vertex 115.212 5.17582 231
      vertex 114.857 5.07325 231
      vertex 114.99 4.92164 231
    endloop
  endfacet
  facet normal -0 0 1
    outer loop
      vertex 114.54 6.25611 231
      vertex 115.785 5.61523 231
      vertex 114.58 6.46138 231
    endloop
  endfacet
  facet normal 0 0 1
    outer loop
      vertex 115.212 5.17582 231
      vertex 114.74 5.24727 231
      vertex 114.857 5.07325 231
    endloop
  endfacet
  facet normal -0 0 1
    outer loop
      vertex 114.526 6.04727 231
      vertex 115.785 5.61523 231
      vertex 114.54 6.25611 231
    endloop
  endfacet
  facet normal 0 0 1
    outer loop
      vertex 115.212 5.17582 231
      vertex 114.648 5.43497 231
      vertex 114.74 5.24727 231
    endloop
  endfacet
  facet normal 0 0 1
    outer loop
      vertex 115.785 5.61523 231
      vertex 114.526 6.04727 231
      vertex 115.484 5.41429 231
    endloop
  endfacet
  facet normal 0 0 1
    outer loop
      vertex 115.484 5.41429 231
      vertex 114.648 5.43497 231
      vertex 115.212 5.17582 231
    endloop
  endfacet
  facet normal -0 -0 1
    outer loop
      vertex 114.54 5.83842 231
      vertex 115.484 5.41429 231
      vertex 114.526 6.04727 231
    endloop
  endfacet
  facet normal -0 -0 1
    outer loop
      vertex 114.648 5.43497 231
      vertex 115.484 5.41429 231
      vertex 114.58 5.63315 231
    endloop
  endfacet
  facet normal -0 -0 1
    outer loop
      vertex 114.58 5.63315 231
      vertex 115.484 5.41429 231
      vertex 114.54 5.83842 231
    endloop
  endfacet
  facet normal -0.659356 0.751831 -5.28288e-008
    outer loop
      vertex 117.257 4.91589 266
      vertex 117.218 4.88106 256.5
      vertex 117.1 4.7779 266
    endloop
  endfacet
  facet normal -0.659363 0.751825 0
    outer loop
      vertex 117.257 4.91589 252.5
      vertex 117.218 4.88106 256.5
      vertex 117.257 4.91589 266
    endloop
  endfacet
  facet normal -0.659363 0.751825 0
    outer loop
      vertex 117.218 4.88106 256.5
      vertex 117.257 4.91589 252.5
      vertex 117.218 4.88106 252.5
    endloop
  endfacet
  facet normal -0.659347 0.751839 1.4446e-007
    outer loop
      vertex 117.118 4.79336 256.5
      vertex 117.1 4.7779 266
      vertex 117.218 4.88106 256.5
    endloop
  endfacet
  facet normal -0.659391 0.7518 0
    outer loop
      vertex 117.1 4.7779 252.5
      vertex 117.118 4.79336 256.5
      vertex 117.118 4.79336 252.5
    endloop
  endfacet
  facet normal -0.659391 0.7518 0
    outer loop
      vertex 117.118 4.79336 256.5
      vertex 117.1 4.7779 252.5
      vertex 117.1 4.7779 266
    endloop
  endfacet
  facet normal -0.0654033 0.997859 -9.23243e-007
    outer loop
      vertex 116.335 4.46095 266
      vertex 116.176 4.45054 265.4
      vertex 116.126 4.44727 266
    endloop
  endfacet
  facet normal -0.0654067 0.997859 0
    outer loop
      vertex 116.335 4.46095 252.5
      vertex 116.176 4.45054 265.4
      vertex 116.335 4.46095 266
    endloop
  endfacet
  facet normal -0.0654067 0.997859 0
    outer loop
      vertex 116.176 4.45054 265.4
      vertex 116.335 4.46095 252.5
      vertex 116.176 4.45054 252.5
    endloop
  endfacet
  facet normal -0.0653922 0.99786 0
    outer loop
      vertex 116.126 4.44727 266
      vertex 116.176 4.45054 265.4
      vertex 116.126 4.44727 265.4
    endloop
  endfacet
  facet normal 0.555567 0.831471 -0
    outer loop
      vertex 115.326 4.66162 252.5
      vertex 115.152 4.7779 266
      vertex 115.326 4.66162 266
    endloop
  endfacet
  facet normal 0.555567 0.831471 0
    outer loop
      vertex 115.152 4.7779 266
      vertex 115.326 4.66162 252.5
      vertex 115.152 4.7779 252.5
    endloop
  endfacet
  facet normal 0.659338 0.751847 -0
    outer loop
      vertex 115.152 4.7779 252.5
      vertex 114.995 4.91589 266
      vertex 115.152 4.7779 266
    endloop
  endfacet
  facet normal 0.659338 0.751847 0
    outer loop
      vertex 114.995 4.91589 266
      vertex 115.152 4.7779 252.5
      vertex 114.995 4.91589 252.5
    endloop
  endfacet
  facet normal 0.831461 0.555583 0
    outer loop
      vertex 114.857 5.07325 266
      vertex 114.74 5.24727 231
      vertex 114.74 5.24727 266
    endloop
  endfacet
  facet normal 0.831461 0.555583 0
    outer loop
      vertex 114.74 5.24727 231
      vertex 114.857 5.07325 266
      vertex 114.857 5.07325 231
    endloop
  endfacet
  facet normal 0.896885 0.442264 0
    outer loop
      vertex 114.74 5.24727 266
      vertex 114.648 5.43497 231
      vertex 114.648 5.43497 266
    endloop
  endfacet
  facet normal 0.896885 0.442264 0
    outer loop
      vertex 114.648 5.43497 231
      vertex 114.74 5.24727 266
      vertex 114.74 5.24727 231
    endloop
  endfacet
  facet normal -0.751843 0.659342 0
    outer loop
      vertex 117.257 4.91589 252.5
      vertex 117.395 5.07325 266
      vertex 117.395 5.07325 252.5
    endloop
  endfacet
  facet normal -0.751843 0.659342 0
    outer loop
      vertex 117.395 5.07325 266
      vertex 117.257 4.91589 252.5
      vertex 117.257 4.91589 266
    endloop
  endfacet
  facet normal 0.442289 0.896872 -0
    outer loop
      vertex 115.514 4.56906 252.5
      vertex 115.326 4.66162 266
      vertex 115.514 4.56906 266
    endloop
  endfacet
  facet normal 0.442289 0.896872 0
    outer loop
      vertex 115.326 4.66162 266
      vertex 115.514 4.56906 252.5
      vertex 115.326 4.66162 252.5
    endloop
  endfacet
  facet normal 0 0 1
    outer loop
      vertex 125.302 -0.616159 266
      vertex 117.712 6.25611 266
      vertex 117.726 6.04727 266
    endloop
  endfacet
  facet normal 0 0 1
    outer loop
      vertex 118.711 15.152 266
      vertex 117.671 6.46138 266
      vertex 117.712 6.25611 266
    endloop
  endfacet
  facet normal 0 0 1
    outer loop
      vertex 118.711 15.152 266
      vertex 117.604 6.65956 266
      vertex 117.671 6.46138 266
    endloop
  endfacet
  facet normal 0 0 1
    outer loop
      vertex 118.711 15.152 266
      vertex 117.512 6.84726 266
      vertex 117.604 6.65956 266
    endloop
  endfacet
  facet normal 0 0 1
    outer loop
      vertex 118.711 15.152 266
      vertex 117.395 7.02128 266
      vertex 117.512 6.84726 266
    endloop
  endfacet
  facet normal 0 0 1
    outer loop
      vertex 118.711 15.152 266
      vertex 117.257 7.17864 266
      vertex 117.395 7.02128 266
    endloop
  endfacet
  facet normal 0 0 1
    outer loop
      vertex 118.711 15.152 266
      vertex 117.1 7.31663 266
      vertex 117.257 7.17864 266
    endloop
  endfacet
  facet normal 0 0 1
    outer loop
      vertex 118.711 15.152 266
      vertex 116.926 7.43291 266
      vertex 117.1 7.31663 266
    endloop
  endfacet
  facet normal 0 0 1
    outer loop
      vertex 118.678 15.1481 266
      vertex 116.738 7.52547 266
      vertex 116.926 7.43291 266
    endloop
  endfacet
  facet normal 0 0 1
    outer loop
      vertex 118.678 15.1481 266
      vertex 116.54 7.59275 266
      vertex 116.738 7.52547 266
    endloop
  endfacet
  facet normal -0 0 1
    outer loop
      vertex 115.61 14.8687 266
      vertex 116.54 7.59275 266
      vertex 118.678 15.1481 266
    endloop
  endfacet
  facet normal 0 0 1
    outer loop
      vertex 116.54 7.59275 266
      vertex 115.61 14.8687 266
      vertex 116.335 7.63358 266
    endloop
  endfacet
  facet normal 0 0 1
    outer loop
      vertex 116.335 7.63358 266
      vertex 115.61 14.8687 266
      vertex 116.126 7.64726 266
    endloop
  endfacet
  facet normal -0 0 1
    outer loop
      vertex 115.578 14.8643 266
      vertex 116.126 7.64726 266
      vertex 115.61 14.8687 266
    endloop
  endfacet
  facet normal 0 0 1
    outer loop
      vertex 116.126 7.64726 266
      vertex 115.578 14.8643 266
      vertex 115.917 7.63358 266
    endloop
  endfacet
  facet normal 0 0 1
    outer loop
      vertex 115.917 7.63358 266
      vertex 115.578 14.8643 266
      vertex 115.712 7.59275 266
    endloop
  endfacet
  facet normal -0 0 1
    outer loop
      vertex 112.537 14.5331 266
      vertex 115.712 7.59275 266
      vertex 115.578 14.8643 266
    endloop
  endfacet
  facet normal 0 0 1
    outer loop
      vertex 115.712 7.59275 266
      vertex 112.537 14.5331 266
      vertex 115.514 7.52547 266
    endloop
  endfacet
  facet normal 0 0 1
    outer loop
      vertex 115.514 7.52547 266
      vertex 112.537 14.5331 266
      vertex 115.326 7.43291 266
    endloop
  endfacet
  facet normal -0 0 1
    outer loop
      vertex 112.505 14.528 266
      vertex 115.326 7.43291 266
      vertex 112.537 14.5331 266
    endloop
  endfacet
  facet normal 0 0 1
    outer loop
      vertex 115.326 7.43291 266
      vertex 112.505 14.528 266
      vertex 115.152 7.31663 266
    endloop
  endfacet
  facet normal 0 0 1
    outer loop
      vertex 115.152 7.31663 266
      vertex 112.505 14.528 266
      vertex 114.995 7.17864 266
    endloop
  endfacet
  facet normal 0 0 1
    outer loop
      vertex 114.995 7.17864 266
      vertex 112.505 14.528 266
      vertex 114.857 7.02128 266
    endloop
  endfacet
  facet normal -0 0 1
    outer loop
      vertex 109.496 14.141 266
      vertex 114.857 7.02128 266
      vertex 112.505 14.528 266
    endloop
  endfacet
  facet normal 0 0 1
    outer loop
      vertex 114.857 7.02128 266
      vertex 109.496 14.141 266
      vertex 114.74 6.84726 266
    endloop
  endfacet
  facet normal 0 0 1
    outer loop
      vertex 114.74 6.84726 266
      vertex 109.465 14.1354 266
      vertex 114.648 6.65956 266
    endloop
  endfacet
  facet normal -0 0 1
    outer loop
      vertex 109.465 14.1354 266
      vertex 114.74 6.84726 266
      vertex 109.496 14.141 266
    endloop
  endfacet
  facet normal 0 0 1
    outer loop
      vertex 192.809 12.6758 266
      vertex 186.795 8.39597 266
      vertex 186.809 8.18713 266
    endloop
  endfacet
  facet normal 0 0 1
    outer loop
      vertex 189.565 13.0213 266
      vertex 186.754 8.60124 266
      vertex 186.795 8.39597 266
    endloop
  endfacet
  facet normal 0 0 1
    outer loop
      vertex 189.565 13.0213 266
      vertex 186.687 8.79942 266
      vertex 186.754 8.60124 266
    endloop
  endfacet
  facet normal 0 0 1
    outer loop
      vertex 189.53 13.0237 266
      vertex 186.594 8.98713 266
      vertex 186.687 8.79942 266
    endloop
  endfacet
  facet normal 0 0 1
    outer loop
      vertex 189.53 13.0237 266
      vertex 186.478 9.16115 266
      vertex 186.594 8.98713 266
    endloop
  endfacet
  facet normal 0 0 1
    outer loop
      vertex 189.53 13.0237 266
      vertex 186.34 9.3185 266
      vertex 186.478 9.16115 266
    endloop
  endfacet
  facet normal 0 0 1
    outer loop
      vertex 186.183 9.45649 266
      vertex 189.53 13.0237 266
      vertex 186.295 13.3567 266
    endloop
  endfacet
  facet normal 0 0 1
    outer loop
      vertex 185.623 9.73261 266
      vertex 186.295 13.3567 266
      vertex 186.261 13.359 266
    endloop
  endfacet
  facet normal 0 0 1
    outer loop
      vertex 189.53 13.0237 266
      vertex 186.183 9.45649 266
      vertex 186.34 9.3185 266
    endloop
  endfacet
  facet normal 0 0 1
    outer loop
      vertex 186.295 13.3567 266
      vertex 186.009 9.57277 266
      vertex 186.183 9.45649 266
    endloop
  endfacet
  facet normal 0 0 1
    outer loop
      vertex 186.295 13.3567 266
      vertex 185.821 9.66534 266
      vertex 186.009 9.57277 266
    endloop
  endfacet
  facet normal 0 0 1
    outer loop
      vertex 186.295 13.3567 266
      vertex 185.623 9.73261 266
      vertex 185.821 9.66534 266
    endloop
  endfacet
  facet normal 0 0 1
    outer loop
      vertex 186.261 13.359 266
      vertex 185.418 9.77344 266
      vertex 185.623 9.73261 266
    endloop
  endfacet
  facet normal 0 0 1
    outer loop
      vertex 186.261 13.359 266
      vertex 185.209 9.78713 266
      vertex 185.418 9.77344 266
    endloop
  endfacet
  facet normal 0 0 1
    outer loop
      vertex 186.261 13.359 266
      vertex 185 9.77344 266
      vertex 185.209 9.78713 266
    endloop
  endfacet
  facet normal 0 0 1
    outer loop
      vertex 183.032 13.6774 266
      vertex 185 9.77344 266
      vertex 186.261 13.359 266
    endloop
  endfacet
  facet normal 0 0 1
    outer loop
      vertex 185 9.77344 266
      vertex 183.032 13.6774 266
      vertex 184.795 9.73261 266
    endloop
  endfacet
  facet normal 0 0 1
    outer loop
      vertex 184.795 9.73261 266
      vertex 183.032 13.6774 266
      vertex 184.596 9.66534 266
    endloop
  endfacet
  facet normal 0 0 1
    outer loop
      vertex 184.596 9.66534 266
      vertex 183.032 13.6774 266
      vertex 184.409 9.57277 266
    endloop
  endfacet
  facet normal 0 0 1
    outer loop
      vertex 184.409 9.57277 266
      vertex 183.032 13.6774 266
      vertex 184.235 9.45649 266
    endloop
  endfacet
  facet normal 0 0 1
    outer loop
      vertex 182.998 13.6795 266
      vertex 184.235 9.45649 266
      vertex 183.032 13.6774 266
    endloop
  endfacet
  facet normal 0 0 1
    outer loop
      vertex 184.235 9.45649 266
      vertex 182.998 13.6795 266
      vertex 184.077 9.3185 266
    endloop
  endfacet
  facet normal 0 0 1
    outer loop
      vertex 183.73 8.79942 266
      vertex 179.776 13.9812 266
      vertex 183.663 8.60124 266
    endloop
  endfacet
  facet normal 0 0 1
    outer loop
      vertex 183.823 8.98713 266
      vertex 179.776 13.9812 266
      vertex 183.73 8.79942 266
    endloop
  endfacet
  facet normal 0 0 1
    outer loop
      vertex 179.776 13.9812 266
      vertex 183.823 8.98713 266
      vertex 182.998 13.6795 266
    endloop
  endfacet
  facet normal 0 0 1
    outer loop
      vertex 183.939 9.16115 266
      vertex 182.998 13.6795 266
      vertex 183.823 8.98713 266
    endloop
  endfacet
  facet normal 0 0 1
    outer loop
      vertex 184.077 9.3185 266
      vertex 182.998 13.6795 266
      vertex 183.939 9.16115 266
    endloop
  endfacet
  facet normal 0 0 1
    outer loop
      vertex 206.27 5.24773 266
      vertex 206.272 5.2189 266
      vertex 206.27 5.24725 266
    endloop
  endfacet
  facet normal 0 0 1
    outer loop
      vertex 206.03 11.2227 266
      vertex 206.087 11.2176 266
      vertex 206.065 11.22 266
    endloop
  endfacet
  facet normal 0 0 1
    outer loop
      vertex 206.087 11.2176 266
      vertex 206.03 11.2227 266
      vertex 206.27 5.24773 266
    endloop
  endfacet
  facet normal 0 0 1
    outer loop
      vertex 202.758 11.5832 266
      vertex 206.27 5.24773 266
      vertex 206.03 11.2227 266
    endloop
  endfacet
  facet normal 0 0 1
    outer loop
      vertex 202.688 11.5888 266
      vertex 206.27 5.24773 266
      vertex 202.758 11.5832 266
    endloop
  endfacet
  facet normal 0 0 1
    outer loop
      vertex 196.136 12.3149 266
      vertex 206.27 5.24773 266
      vertex 202.688 11.5888 266
    endloop
  endfacet
  facet normal 0 0 1
    outer loop
      vertex 206.27 5.24773 266
      vertex 196.136 12.3149 266
      vertex 206.272 5.2189 266
    endloop
  endfacet
  facet normal 0 0 1
    outer loop
      vertex 186.594 7.38713 266
      vertex 196.136 12.3149 266
      vertex 196.102 12.3176 266
    endloop
  endfacet
  facet normal 0 0 1
    outer loop
      vertex 186.687 7.57484 266
      vertex 196.102 12.3176 266
      vertex 192.844 12.6732 266
    endloop
  endfacet
  facet normal 0 0 1
    outer loop
      vertex 186.795 7.97829 266
      vertex 192.844 12.6732 266
      vertex 192.809 12.6758 266
    endloop
  endfacet
  facet normal 0 0 1
    outer loop
      vertex 186.795 8.39597 266
      vertex 192.809 12.6758 266
      vertex 189.565 13.0213 266
    endloop
  endfacet
  facet normal 0 0 1
    outer loop
      vertex 186.687 8.79942 266
      vertex 189.565 13.0213 266
      vertex 189.53 13.0237 266
    endloop
  endfacet
  facet normal 0 0 1
    outer loop
      vertex 192.809 12.6758 266
      vertex 186.809 8.18713 266
      vertex 186.795 7.97829 266
    endloop
  endfacet
  facet normal 0 0 1
    outer loop
      vertex 192.844 12.6732 266
      vertex 186.795 7.97829 266
      vertex 186.754 7.77302 266
    endloop
  endfacet
  facet normal 0 0 1
    outer loop
      vertex 192.844 12.6732 266
      vertex 186.754 7.77302 266
      vertex 186.687 7.57484 266
    endloop
  endfacet
  facet normal 0 0 1
    outer loop
      vertex 196.102 12.3176 266
      vertex 186.687 7.57484 266
      vertex 186.594 7.38713 266
    endloop
  endfacet
  facet normal 0 0 1
    outer loop
      vertex 196.136 12.3149 266
      vertex 186.594 7.38713 266
      vertex 206.272 5.2189 266
    endloop
  endfacet
  facet normal -0 0 1
    outer loop
      vertex 186.478 7.21311 266
      vertex 206.272 5.2189 266
      vertex 186.594 7.38713 266
    endloop
  endfacet
  facet normal -0 0 1
    outer loop
      vertex 186.34 7.05576 266
      vertex 206.272 5.2189 266
      vertex 186.478 7.21311 266
    endloop
  endfacet
  facet normal -0 0 1
    outer loop
      vertex 186.183 6.91776 266
      vertex 206.272 5.2189 266
      vertex 186.34 7.05576 266
    endloop
  endfacet
  facet normal -0 0 1
    outer loop
      vertex 186.009 6.80149 266
      vertex 206.272 5.2189 266
      vertex 186.183 6.91776 266
    endloop
  endfacet
  facet normal -0 0 1
    outer loop
      vertex 185.821 6.70892 266
      vertex 206.272 5.2189 266
      vertex 186.009 6.80149 266
    endloop
  endfacet
  facet normal -0 0 1
    outer loop
      vertex 185.623 6.64165 266
      vertex 206.272 5.2189 266
      vertex 185.821 6.70892 266
    endloop
  endfacet
  facet normal -0 0 1
    outer loop
      vertex 185.418 6.60082 266
      vertex 206.272 5.2189 266
      vertex 185.623 6.64165 266
    endloop
  endfacet
  facet normal 0 0 1
    outer loop
      vertex 171.884 2.50588 266
      vertex 185.418 6.60082 266
      vertex 185.209 6.58713 266
    endloop
  endfacet
  facet normal 0 0 1
    outer loop
      vertex 179.742 13.9832 266
      vertex 183.663 8.60124 266
      vertex 179.776 13.9812 266
    endloop
  endfacet
  facet normal 0 0 1
    outer loop
      vertex 183.663 8.60124 266
      vertex 179.742 13.9832 266
      vertex 183.622 8.39597 266
    endloop
  endfacet
  facet normal 0 0 1
    outer loop
      vertex 183.622 8.39597 266
      vertex 179.742 13.9832 266
      vertex 183.609 8.18713 266
    endloop
  endfacet
  facet normal 0 0 1
    outer loop
      vertex 176.526 14.2665 266
      vertex 183.609 8.18713 266
      vertex 179.742 13.9832 266
    endloop
  endfacet
  facet normal 0 0 1
    outer loop
      vertex 183.609 8.18713 266
      vertex 176.526 14.2665 266
      vertex 183.622 7.97829 266
    endloop
  endfacet
  facet normal 0 0 1
    outer loop
      vertex 171.884 2.50588 266
      vertex 183.622 7.97829 266
      vertex 176.526 14.2665 266
    endloop
  endfacet
  facet normal 0 0 1
    outer loop
      vertex 183.622 7.97829 266
      vertex 171.884 2.50588 266
      vertex 183.663 7.77302 266
    endloop
  endfacet
  facet normal 0 0 1
    outer loop
      vertex 183.663 7.77302 266
      vertex 171.884 2.50588 266
      vertex 183.73 7.57484 266
    endloop
  endfacet
  facet normal 0 0 1
    outer loop
      vertex 183.73 7.57484 266
      vertex 171.884 2.50588 266
      vertex 183.823 7.38713 266
    endloop
  endfacet
  facet normal 0 0 1
    outer loop
      vertex 183.823 7.38713 266
      vertex 171.884 2.50588 266
      vertex 183.939 7.21311 266
    endloop
  endfacet
  facet normal 0 0 1
    outer loop
      vertex 171.884 2.50588 266
      vertex 176.526 14.2665 266
      vertex 176.492 14.2683 266
    endloop
  endfacet
  facet normal 0 0 1
    outer loop
      vertex 171.884 2.50588 266
      vertex 176.492 14.2683 266
      vertex 173.28 14.5318 266
    endloop
  endfacet
  facet normal 0 0 1
    outer loop
      vertex 183.939 7.21311 266
      vertex 171.884 2.50588 266
      vertex 184.077 7.05576 266
    endloop
  endfacet
  facet normal 0 0 1
    outer loop
      vertex 171.884 2.50588 266
      vertex 173.28 14.5318 266
      vertex 173.246 14.5333 266
    endloop
  endfacet
  facet normal 0 0 1
    outer loop
      vertex 185.418 6.60082 266
      vertex 171.884 2.50588 266
      vertex 206.272 5.2189 266
    endloop
  endfacet
  facet normal 0 0 1
    outer loop
      vertex 185 6.60082 266
      vertex 171.884 2.50588 266
      vertex 185.209 6.58713 266
    endloop
  endfacet
  facet normal 0 0 1
    outer loop
      vertex 184.795 6.64165 266
      vertex 171.884 2.50588 266
      vertex 185 6.60082 266
    endloop
  endfacet
  facet normal 0 0 1
    outer loop
      vertex 184.596 6.70892 266
      vertex 171.884 2.50588 266
      vertex 184.795 6.64165 266
    endloop
  endfacet
  facet normal 0 0 1
    outer loop
      vertex 184.409 6.80149 266
      vertex 171.884 2.50588 266
      vertex 184.596 6.70892 266
    endloop
  endfacet
  facet normal 0 0 1
    outer loop
      vertex 184.235 6.91776 266
      vertex 171.884 2.50588 266
      vertex 184.409 6.80149 266
    endloop
  endfacet
  facet normal 0 0 1
    outer loop
      vertex 184.077 7.05576 266
      vertex 171.884 2.50588 266
      vertex 184.235 6.91776 266
    endloop
  endfacet
  facet normal 0 0 1
    outer loop
      vertex 170.036 14.7761 266
      vertex 171.884 2.50588 266
      vertex 173.246 14.5333 266
    endloop
  endfacet
  facet normal 0 0 1
    outer loop
      vertex 171.884 2.50588 266
      vertex 170.036 14.7761 266
      vertex 171.435 2.45654 266
    endloop
  endfacet
  facet normal 0 0 1
    outer loop
      vertex 170.002 14.7774 266
      vertex 171.435 2.45654 266
      vertex 170.036 14.7761 266
    endloop
  endfacet
  facet normal 0 0 1
    outer loop
      vertex 170.002 14.7774 266
      vertex 168.148 2.2003 266
      vertex 171.435 2.45654 266
    endloop
  endfacet
  facet normal 0 0 1
    outer loop
      vertex 166.793 14.999 266
      vertex 168.148 2.2003 266
      vertex 170.002 14.7774 266
    endloop
  endfacet
  facet normal 0 0 1
    outer loop
      vertex 168.148 2.2003 266
      vertex 166.793 14.999 266
      vertex 168.114 2.19654 266
    endloop
  endfacet
  facet normal 0 0 1
    outer loop
      vertex 166.759 15.0001 266
      vertex 168.114 2.19654 266
      vertex 166.793 14.999 266
    endloop
  endfacet
  facet normal 0 0 1
    outer loop
      vertex 166.759 15.0001 266
      vertex 164.829 1.9429 266
      vertex 168.114 2.19654 266
    endloop
  endfacet
  facet normal 0 0 1
    outer loop
      vertex 163.551 15.1998 266
      vertex 164.829 1.9429 266
      vertex 166.759 15.0001 266
    endloop
  endfacet
  facet normal 0 0 1
    outer loop
      vertex 164.829 1.9429 266
      vertex 163.551 15.1998 266
      vertex 164.795 1.93918 266
    endloop
  endfacet
  facet normal 0 0 1
    outer loop
      vertex 163.517 15.2006 266
      vertex 164.795 1.93918 266
      vertex 163.551 15.1998 266
    endloop
  endfacet
  facet normal 0 0 1
    outer loop
      vertex 163.517 15.2006 266
      vertex 161.51 1.68847 266
      vertex 164.795 1.93918 266
    endloop
  endfacet
  facet normal 0 0 1
    outer loop
      vertex 160.309 15.378 266
      vertex 161.51 1.68847 266
      vertex 163.517 15.2006 266
    endloop
  endfacet
  facet normal 0 0 1
    outer loop
      vertex 161.51 1.68847 266
      vertex 160.309 15.378 266
      vertex 161.476 1.68477 266
    endloop
  endfacet
  facet normal 0 0 1
    outer loop
      vertex 160.275 15.3786 266
      vertex 161.476 1.68477 266
      vertex 160.309 15.378 266
    endloop
  endfacet
  facet normal 0 0 1
    outer loop
      vertex 160.275 15.3786 266
      vertex 158.194 1.4375 266
      vertex 161.476 1.68477 266
    endloop
  endfacet
  facet normal 0 0 1
    outer loop
      vertex 157.068 15.5332 266
      vertex 158.194 1.4375 266
      vertex 160.275 15.3786 266
    endloop
  endfacet
  facet normal 0 0 1
    outer loop
      vertex 158.194 1.4375 266
      vertex 157.068 15.5332 266
      vertex 158.16 1.43384 266
    endloop
  endfacet
  facet normal 0 0 1
    outer loop
      vertex 157.034 15.5336 266
      vertex 158.16 1.43384 266
      vertex 157.068 15.5332 266
    endloop
  endfacet
  facet normal 0 0 1
    outer loop
      vertex 157.034 15.5336 266
      vertex 154.883 1.19114 266
      vertex 158.16 1.43384 266
    endloop
  endfacet
  facet normal 0 0 1
    outer loop
      vertex 153.829 15.6647 266
      vertex 154.883 1.19114 266
      vertex 157.034 15.5336 266
    endloop
  endfacet
  facet normal 0 0 1
    outer loop
      vertex 154.883 1.19114 266
      vertex 153.829 15.6647 266
      vertex 154.848 1.18753 266
    endloop
  endfacet
  facet normal 0 0 1
    outer loop
      vertex 153.795 15.6648 266
      vertex 154.848 1.18753 266
      vertex 153.829 15.6647 266
    endloop
  endfacet
  facet normal 0 0 1
    outer loop
      vertex 153.795 15.6648 266
      vertex 151.576 0.950691 266
      vertex 154.848 1.18753 266
    endloop
  endfacet
  facet normal 0 0 1
    outer loop
      vertex 150.594 15.7716 266
      vertex 151.576 0.950691 266
      vertex 153.795 15.6648 266
    endloop
  endfacet
  facet normal 0 0 1
    outer loop
      vertex 151.576 0.950691 266
      vertex 150.594 15.7716 266
      vertex 151.542 0.947146 266
    endloop
  endfacet
  facet normal -0 0 1
    outer loop
      vertex 150.56 15.7714 266
      vertex 151.542 0.947146 266
      vertex 150.594 15.7716 266
    endloop
  endfacet
  facet normal 0 0 1
    outer loop
      vertex 150.56 15.7714 266
      vertex 148.273 0.717178 266
      vertex 151.542 0.947146 266
    endloop
  endfacet
  facet normal 0 0 1
    outer loop
      vertex 147.363 15.8528 266
      vertex 148.273 0.717178 266
      vertex 150.56 15.7714 266
    endloop
  endfacet
  facet normal 0 0 1
    outer loop
      vertex 148.273 0.717178 266
      vertex 147.363 15.8528 266
      vertex 148.239 0.713706 266
    endloop
  endfacet
  facet normal -0 0 1
    outer loop
      vertex 147.329 15.8524 266
      vertex 148.239 0.713706 266
      vertex 147.363 15.8528 266
    endloop
  endfacet
  facet normal 0 0 1
    outer loop
      vertex 147.329 15.8524 266
      vertex 144.973 0.491469 266
      vertex 148.239 0.713706 266
    endloop
  endfacet
  facet normal 0 0 1
    outer loop
      vertex 144.138 15.907 266
      vertex 144.973 0.491469 266
      vertex 147.329 15.8524 266
    endloop
  endfacet
  facet normal -0 0 1
    outer loop
      vertex 144.104 15.9063 266
      vertex 144.973 0.491469 266
      vertex 144.138 15.907 266
    endloop
  endfacet
  facet normal 0 0 1
    outer loop
      vertex 144.973 0.491469 266
      vertex 144.104 15.9063 266
      vertex 144.938 0.48808 266
    endloop
  endfacet
  facet normal 0 0 1
    outer loop
      vertex 144.104 15.9063 266
      vertex 141.676 0.274522 266
      vertex 144.938 0.48808 266
    endloop
  endfacet
  facet normal 0 0 1
    outer loop
      vertex 140.919 15.9328 266
      vertex 141.676 0.274522 266
      vertex 144.104 15.9063 266
    endloop
  endfacet
  facet normal -0 0 1
    outer loop
      vertex 140.885 15.9317 266
      vertex 141.676 0.274522 266
      vertex 140.919 15.9328 266
    endloop
  endfacet
  facet normal 0 0 1
    outer loop
      vertex 141.676 0.274522 266
      vertex 140.885 15.9317 266
      vertex 141.642 0.271225 266
    endloop
  endfacet
  facet normal 0 0 1
    outer loop
      vertex 140.885 15.9317 266
      vertex 138.386 0.0679027 266
      vertex 141.642 0.271225 266
    endloop
  endfacet
  facet normal -0 0 1
    outer loop
      vertex 137.705 15.9287 266
      vertex 138.386 0.0679027 266
      vertex 140.885 15.9317 266
    endloop
  endfacet
  facet normal -0 0 1
    outer loop
      vertex 137.672 15.9273 266
      vertex 138.386 0.0679027 266
      vertex 137.705 15.9287 266
    endloop
  endfacet
  facet normal 0 0 1
    outer loop
      vertex 138.386 0.0679027 266
      vertex 137.672 15.9273 266
      vertex 138.352 0.0647153 266
    endloop
  endfacet
  facet normal 0 0 1
    outer loop
      vertex 137.672 15.9273 266
      vertex 135.103 -0.126424 266
      vertex 138.352 0.0647153 266
    endloop
  endfacet
  facet normal -0 0 1
    outer loop
      vertex 134.5 15.8933 266
      vertex 135.103 -0.126424 266
      vertex 137.672 15.9273 266
    endloop
  endfacet
  facet normal -0 0 1
    outer loop
      vertex 134.467 15.8916 266
      vertex 135.103 -0.126424 266
      vertex 134.5 15.8933 266
    endloop
  endfacet
  facet normal 0 0 1
    outer loop
      vertex 135.103 -0.126424 266
      vertex 134.467 15.8916 266
      vertex 135.069 -0.129481 266
    endloop
  endfacet
  facet normal 0 0 1
    outer loop
      vertex 134.467 15.8916 266
      vertex 131.828 -0.30655 266
      vertex 135.069 -0.129481 266
    endloop
  endfacet
  facet normal -0 0 1
    outer loop
      vertex 131.308 15.8245 266
      vertex 131.828 -0.30655 266
      vertex 134.467 15.8916 266
    endloop
  endfacet
  facet normal -0 0 1
    outer loop
      vertex 131.275 15.8224 266
      vertex 131.828 -0.30655 266
      vertex 131.308 15.8245 266
    endloop
  endfacet
  facet normal 0 0 1
    outer loop
      vertex 131.828 -0.30655 266
      vertex 131.275 15.8224 266
      vertex 131.794 -0.309456 266
    endloop
  endfacet
  facet normal -0 0 1
    outer loop
      vertex 128.132 15.7191 266
      vertex 131.794 -0.309456 266
      vertex 131.275 15.8224 266
    endloop
  endfacet
  facet normal 0 0 1
    outer loop
      vertex 131.794 -0.309456 266
      vertex 128.132 15.7191 266
      vertex 128.562 -0.470472 266
    endloop
  endfacet
  facet normal -0 0 1
    outer loop
      vertex 128.099 15.7166 266
      vertex 128.562 -0.470472 266
      vertex 128.132 15.7191 266
    endloop
  endfacet
  facet normal 0 0 1
    outer loop
      vertex 128.562 -0.470472 266
      vertex 128.099 15.7166 266
      vertex 128.528 -0.473207 266
    endloop
  endfacet
  facet normal -0 0 1
    outer loop
      vertex 124.974 15.574 266
      vertex 128.528 -0.473207 266
      vertex 128.099 15.7166 266
    endloop
  endfacet
  facet normal 0 0 1
    outer loop
      vertex 128.528 -0.473207 266
      vertex 124.974 15.574 266
      vertex 125.302 -0.616159 266
    endloop
  endfacet
  facet normal -0 0 1
    outer loop
      vertex 124.941 15.571 266
      vertex 125.302 -0.616159 266
      vertex 124.974 15.574 266
    endloop
  endfacet
  facet normal -0 0 1
    outer loop
      vertex 117.712 6.25611 266
      vertex 125.302 -0.616159 266
      vertex 124.941 15.571 266
    endloop
  endfacet
  facet normal 0 0 1
    outer loop
      vertex 125.302 -0.616159 266
      vertex 117.726 6.04727 266
      vertex 125.268 -0.618701 266
    endloop
  endfacet
  facet normal -0 0 1
    outer loop
      vertex 117.712 5.83842 266
      vertex 125.268 -0.618701 266
      vertex 117.726 6.04727 266
    endloop
  endfacet
  facet normal 0 0 1
    outer loop
      vertex 117.712 6.25611 266
      vertex 124.941 15.571 266
      vertex 121.833 15.386 266
    endloop
  endfacet
  facet normal 0 0 1
    outer loop
      vertex 117.712 6.25611 266
      vertex 121.833 15.386 266
      vertex 121.8 15.3826 266
    endloop
  endfacet
  facet normal 0 0 1
    outer loop
      vertex 125.268 -0.618701 266
      vertex 117.712 5.83842 266
      vertex 122.05 -0.741412 266
    endloop
  endfacet
  facet normal -0 0 1
    outer loop
      vertex 117.671 5.63315 266
      vertex 122.05 -0.741412 266
      vertex 117.712 5.83842 266
    endloop
  endfacet
  facet normal 0 0 1
    outer loop
      vertex 117.712 6.25611 266
      vertex 121.8 15.3826 266
      vertex 118.711 15.152 266
    endloop
  endfacet
  facet normal 0 0 1
    outer loop
      vertex 116.926 7.43291 266
      vertex 118.711 15.152 266
      vertex 118.678 15.1481 266
    endloop
  endfacet
  facet normal -0 0 1
    outer loop
      vertex 117.604 5.43497 266
      vertex 122.05 -0.741412 266
      vertex 117.671 5.63315 266
    endloop
  endfacet
  facet normal 0 0 1
    outer loop
      vertex 122.05 -0.741412 266
      vertex 117.604 5.43497 266
      vertex 122.016 -0.743738 266
    endloop
  endfacet
  facet normal -0 0 1
    outer loop
      vertex 117.512 5.24727 266
      vertex 122.016 -0.743738 266
      vertex 117.604 5.43497 266
    endloop
  endfacet
  facet normal -0 0 1
    outer loop
      vertex 117.395 5.07325 266
      vertex 122.016 -0.743738 266
      vertex 117.512 5.24727 266
    endloop
  endfacet
  facet normal 0 0 1
    outer loop
      vertex 122.016 -0.743738 266
      vertex 117.395 5.07325 266
      vertex 118.812 -0.843666 266
    endloop
  endfacet
  facet normal -0 0 1
    outer loop
      vertex 117.257 4.91589 266
      vertex 118.812 -0.843666 266
      vertex 117.395 5.07325 266
    endloop
  endfacet
  facet normal -0 0 1
    outer loop
      vertex 117.1 4.7779 266
      vertex 118.812 -0.843666 266
      vertex 117.257 4.91589 266
    endloop
  endfacet
  facet normal -0 0 1
    outer loop
      vertex 116.926 4.66162 266
      vertex 118.812 -0.843666 266
      vertex 117.1 4.7779 266
    endloop
  endfacet
  facet normal 0 0 1
    outer loop
      vertex 118.812 -0.843666 266
      vertex 116.926 4.66162 266
      vertex 118.778 -0.845748 266
    endloop
  endfacet
  facet normal -0 0 1
    outer loop
      vertex 116.738 4.56906 266
      vertex 118.778 -0.845748 266
      vertex 116.926 4.66162 266
    endloop
  endfacet
  facet normal -0 0 1
    outer loop
      vertex 116.54 4.50178 266
      vertex 118.778 -0.845748 266
      vertex 116.738 4.56906 266
    endloop
  endfacet
  facet normal 0 0 1
    outer loop
      vertex 115.596 -0.918682 266
      vertex 116.54 4.50178 266
      vertex 116.335 4.46095 266
    endloop
  endfacet
  facet normal 0 0 1
    outer loop
      vertex 115.596 -0.918682 266
      vertex 116.335 4.46095 266
      vertex 116.126 4.44727 266
    endloop
  endfacet
  facet normal 0 0 1
    outer loop
      vertex 115.596 -0.918682 266
      vertex 116.126 4.44727 266
      vertex 115.917 4.46095 266
    endloop
  endfacet
  facet normal 0 0 1
    outer loop
      vertex 115.562 -0.920473 266
      vertex 115.917 4.46095 266
      vertex 115.712 4.50178 266
    endloop
  endfacet
  facet normal 0 0 1
    outer loop
      vertex 116.54 4.50178 266
      vertex 115.596 -0.918682 266
      vertex 118.778 -0.845748 266
    endloop
  endfacet
  facet normal 0 0 1
    outer loop
      vertex 115.917 4.46095 266
      vertex 115.562 -0.920473 266
      vertex 115.596 -0.918682 266
    endloop
  endfacet
  facet normal 0 0 1
    outer loop
      vertex 115.514 4.56906 266
      vertex 115.562 -0.920473 266
      vertex 115.712 4.50178 266
    endloop
  endfacet
  facet normal 0 0 1
    outer loop
      vertex 115.326 4.66162 266
      vertex 115.562 -0.920473 266
      vertex 115.514 4.56906 266
    endloop
  endfacet
  facet normal 0 0 1
    outer loop
      vertex 112.407 -0.96062 266
      vertex 115.326 4.66162 266
      vertex 115.152 4.7779 266
    endloop
  endfacet
  facet normal 0 0 1
    outer loop
      vertex 112.407 -0.96062 266
      vertex 115.152 4.7779 266
      vertex 114.995 4.91589 266
    endloop
  endfacet
  facet normal 0 0 1
    outer loop
      vertex 112.407 -0.96062 266
      vertex 114.995 4.91589 266
      vertex 114.857 5.07325 266
    endloop
  endfacet
  facet normal 0 0 1
    outer loop
      vertex 112.373 -0.962058 266
      vertex 114.857 5.07325 266
      vertex 114.74 5.24727 266
    endloop
  endfacet
  facet normal 0 0 1
    outer loop
      vertex 109.241 -0.963613 266
      vertex 114.74 5.24727 266
      vertex 114.648 5.43497 266
    endloop
  endfacet
  facet normal 0 0 1
    outer loop
      vertex 109.241 -0.963613 266
      vertex 114.648 5.43497 266
      vertex 114.58 5.63315 266
    endloop
  endfacet
  facet normal 0 0 1
    outer loop
      vertex 109.241 -0.963613 266
      vertex 114.58 5.63315 266
      vertex 114.54 5.83842 266
    endloop
  endfacet
  facet normal 0 0 1
    outer loop
      vertex 114.648 6.65956 266
      vertex 109.465 14.1354 266
      vertex 114.58 6.46138 266
    endloop
  endfacet
  facet normal -0 0 1
    outer loop
      vertex 106.496 13.6883 266
      vertex 114.58 6.46138 266
      vertex 109.465 14.1354 266
    endloop
  endfacet
  facet normal 0 0 1
    outer loop
      vertex 114.58 6.46138 266
      vertex 106.496 13.6883 266
      vertex 114.54 6.25611 266
    endloop
  endfacet
  facet normal 0 0 1
    outer loop
      vertex 115.326 4.66162 266
      vertex 112.407 -0.96062 266
      vertex 115.562 -0.920473 266
    endloop
  endfacet
  facet normal 0 0 1
    outer loop
      vertex 114.857 5.07325 266
      vertex 112.373 -0.962058 266
      vertex 112.407 -0.96062 266
    endloop
  endfacet
  facet normal -0 0 1
    outer loop
      vertex 106.466 13.682 266
      vertex 114.54 6.25611 266
      vertex 106.496 13.6883 266
    endloop
  endfacet
  facet normal 0 0 1
    outer loop
      vertex 114.54 6.25611 266
      vertex 106.466 13.682 266
      vertex 114.526 6.04727 266
    endloop
  endfacet
  facet normal 0 0 1
    outer loop
      vertex 114.74 5.24727 266
      vertex 109.241 -0.963613 266
      vertex 112.373 -0.962058 266
    endloop
  endfacet
  facet normal 0 0 1
    outer loop
      vertex 106.112 -0.921799 266
      vertex 114.526 6.04727 266
      vertex 106.466 13.682 266
    endloop
  endfacet
  facet normal 0 0 1
    outer loop
      vertex 114.54 5.83842 266
      vertex 109.208 -0.964636 266
      vertex 109.241 -0.963613 266
    endloop
  endfacet
  facet normal 0 -0 1
    outer loop
      vertex 109.208 -0.964636 266
      vertex 114.526 6.04727 266
      vertex 106.112 -0.921799 266
    endloop
  endfacet
  facet normal 0 0 1
    outer loop
      vertex 114.526 6.04727 266
      vertex 109.208 -0.964636 266
      vertex 114.54 5.83842 266
    endloop
  endfacet
  facet normal -0 0 1
    outer loop
      vertex 103.547 13.1701 266
      vertex 106.112 -0.921799 266
      vertex 106.466 13.682 266
    endloop
  endfacet
  facet normal 0 0 1
    outer loop
      vertex 106.112 -0.921799 266
      vertex 103.547 13.1701 266
      vertex 106.079 -0.922344 266
    endloop
  endfacet
  facet normal -0 0 1
    outer loop
      vertex 103.517 13.1631 266
      vertex 106.079 -0.922344 266
      vertex 103.547 13.1701 266
    endloop
  endfacet
  facet normal 0 0 1
    outer loop
      vertex 103.517 13.1631 266
      vertex 103.04 -0.827607 266
      vertex 106.079 -0.922344 266
    endloop
  endfacet
  facet normal -0 0 1
    outer loop
      vertex 100.664 12.5824 266
      vertex 103.04 -0.827607 266
      vertex 103.517 13.1631 266
    endloop
  endfacet
  facet normal 0 0 1
    outer loop
      vertex 103.04 -0.827607 266
      vertex 100.664 12.5824 266
      vertex 103.008 -0.827588 266
    endloop
  endfacet
  facet normal -0 0 1
    outer loop
      vertex 100.635 12.5746 266
      vertex 103.008 -0.827588 266
      vertex 100.664 12.5824 266
    endloop
  endfacet
  facet normal 0 0 1
    outer loop
      vertex 100.635 12.5746 266
      vertex 100.03 -0.67008 266
      vertex 103.008 -0.827588 266
    endloop
  endfacet
  facet normal -0 0 1
    outer loop
      vertex 97.8718 11.9209 266
      vertex 100.03 -0.67008 266
      vertex 100.635 12.5746 266
    endloop
  endfacet
  facet normal 0 0 1
    outer loop
      vertex 100.03 -0.67008 266
      vertex 97.8718 11.9209 266
      vertex 99.9985 -0.66938 266
    endloop
  endfacet
  facet normal -0 0 1
    outer loop
      vertex 97.8442 11.9124 266
      vertex 99.9985 -0.66938 266
      vertex 97.8718 11.9209 266
    endloop
  endfacet
  facet normal 0 0 1
    outer loop
      vertex 97.8442 11.9124 266
      vertex 97.0906 -0.437985 266
      vertex 99.9985 -0.66938 266
    endloop
  endfacet
  facet normal -0 0 1
    outer loop
      vertex 95.203 11.1828 266
      vertex 97.0906 -0.437985 266
      vertex 97.8442 11.9124 266
    endloop
  endfacet
  facet normal 0 0 1
    outer loop
      vertex 97.0906 -0.437985 266
      vertex 95.203 11.1828 266
      vertex 97.0599 -0.436484 266
    endloop
  endfacet
  facet normal -0 0 1
    outer loop
      vertex 95.1774 11.1736 266
      vertex 97.0599 -0.436484 266
      vertex 95.203 11.1828 266
    endloop
  endfacet
  facet normal 0 0 1
    outer loop
      vertex 95.1774 11.1736 266
      vertex 94.3015 -0.129557 266
      vertex 97.0599 -0.436484 266
    endloop
  endfacet
  facet normal -0 0 1
    outer loop
      vertex 92.7256 10.3758 266
      vertex 94.3015 -0.129557 266
      vertex 95.1774 11.1736 266
    endloop
  endfacet
  facet normal -0 0 1
    outer loop
      vertex 92.7027 10.3661 266
      vertex 94.3015 -0.129557 266
      vertex 92.7256 10.3758 266
    endloop
  endfacet
  facet normal 0 0 1
    outer loop
      vertex 94.3015 -0.129557 266
      vertex 92.7027 10.3661 266
      vertex 94.2724 -0.127213 266
    endloop
  endfacet
  facet normal 0 0 1
    outer loop
      vertex 92.7027 10.3661 266
      vertex 91.696 0.25312 266
      vertex 94.2724 -0.127213 266
    endloop
  endfacet
  facet normal -0 0 1
    outer loop
      vertex 90.5023 9.51556 266
      vertex 91.696 0.25312 266
      vertex 92.7027 10.3661 266
    endloop
  endfacet
  facet normal -0 0 1
    outer loop
      vertex 90.4825 9.50565 266
      vertex 91.696 0.25312 266
      vertex 90.5023 9.51556 266
    endloop
  endfacet
  facet normal 0 0 1
    outer loop
      vertex 91.696 0.25312 266
      vertex 90.4825 9.50565 266
      vertex 91.6687 0.256295 266
    endloop
  endfacet
  facet normal -0 0 1
    outer loop
      vertex 88.5706 8.6224 266
      vertex 91.6687 0.256295 266
      vertex 90.4825 9.50565 266
    endloop
  endfacet
  facet normal 0 0 1
    outer loop
      vertex 91.6687 0.256295 266
      vertex 88.5706 8.6224 266
      vertex 89.3548 0.697889 266
    endloop
  endfacet
  facet normal -0 0 1
    outer loop
      vertex 88.5551 8.61319 266
      vertex 89.3548 0.697889 266
      vertex 88.5706 8.6224 266
    endloop
  endfacet
  facet normal 0 0 1
    outer loop
      vertex 89.3548 0.697889 266
      vertex 88.5551 8.61319 266
      vertex 89.3303 0.701794 266
    endloop
  endfacet
  facet normal -0 0 1
    outer loop
      vertex 87.056 7.78417 266
      vertex 89.3303 0.701794 266
      vertex 88.5551 8.61319 266
    endloop
  endfacet
  facet normal 0 0 1
    outer loop
      vertex 89.3303 0.701794 266
      vertex 87.056 7.78417 266
      vertex 87.6353 1.10821 266
    endloop
  endfacet
  facet normal -0 0 1
    outer loop
      vertex 87.0446 7.77611 266
      vertex 87.6353 1.10821 266
      vertex 87.056 7.78417 266
    endloop
  endfacet
  facet normal -0 0 1
    outer loop
      vertex 85.9437 7.04364 266
      vertex 87.6353 1.10821 266
      vertex 87.0446 7.77611 266
    endloop
  endfacet
  facet normal 0 0 1
    outer loop
      vertex 87.6353 1.10821 266
      vertex 85.9437 7.04364 266
      vertex 87.6174 1.11195 266
    endloop
  endfacet
  facet normal -0 0 1
    outer loop
      vertex 85.9352 7.03632 266
      vertex 87.6174 1.11195 266
      vertex 85.9437 7.04364 266
    endloop
  endfacet
  facet normal 0 0 1
    outer loop
      vertex 87.6174 1.11195 266
      vertex 85.9352 7.03632 266
      vertex 86.4041 1.47261 266
    endloop
  endfacet
  facet normal -0 0 1
    outer loop
      vertex 85.1011 6.36581 266
      vertex 86.4041 1.47261 266
      vertex 85.9352 7.03632 266
    endloop
  endfacet
  facet normal -0 0 1
    outer loop
      vertex 85.0946 6.35925 266
      vertex 86.4041 1.47261 266
      vertex 85.1011 6.36581 266
    endloop
  endfacet
  facet normal 0 0 1
    outer loop
      vertex 86.4041 1.47261 266
      vertex 85.0946 6.35925 266
      vertex 86.3912 1.47601 266
    endloop
  endfacet
  facet normal 0 0 1
    outer loop
      vertex 86.3912 1.47601 266
      vertex 85.0946 6.35925 266
      vertex 85.4353 1.82448 266
    endloop
  endfacet
  facet normal -0 0 1
    outer loop
      vertex 84.4598 5.75569 266
      vertex 85.4353 1.82448 266
      vertex 85.0946 6.35925 266
    endloop
  endfacet
  facet normal -0 0 1
    outer loop
      vertex 84.4551 5.7502 266
      vertex 85.4353 1.82448 266
      vertex 84.4598 5.75569 266
    endloop
  endfacet
  facet normal 0 0 1
    outer loop
      vertex 85.4353 1.82448 266
      vertex 84.4551 5.7502 266
      vertex 85.4252 1.82784 266
    endloop
  endfacet
  facet normal 0 0 1
    outer loop
      vertex 85.4252 1.82784 266
      vertex 84.4551 5.7502 266
      vertex 84.676 2.15792 266
    endloop
  endfacet
  facet normal -0 0 1
    outer loop
      vertex 83.9904 5.24268 266
      vertex 84.676 2.15792 266
      vertex 84.4551 5.7502 266
    endloop
  endfacet
  facet normal -0 0 1
    outer loop
      vertex 83.9871 5.23804 266
      vertex 84.676 2.15792 266
      vertex 83.9904 5.24268 266
    endloop
  endfacet
  facet normal 0 0 1
    outer loop
      vertex 84.676 2.15792 266
      vertex 83.9871 5.23804 266
      vertex 84.668 2.16116 266
    endloop
  endfacet
  facet normal -0 0 1
    outer loop
      vertex 83.6579 4.80318 266
      vertex 84.668 2.16116 266
      vertex 83.9871 5.23804 266
    endloop
  endfacet
  facet normal 0 0 1
    outer loop
      vertex 84.668 2.16116 266
      vertex 83.6579 4.80318 266
      vertex 84.1109 2.44627 266
    endloop
  endfacet
  facet normal -0 0 1
    outer loop
      vertex 83.4406 4.40459 266
      vertex 84.1109 2.44627 266
      vertex 83.6579 4.80318 266
    endloop
  endfacet
  facet normal -0 0 1
    outer loop
      vertex 83.3126 4.01719 266
      vertex 84.1109 2.44627 266
      vertex 83.4406 4.40459 266
    endloop
  endfacet
  facet normal 0 0 1
    outer loop
      vertex 83.6579 4.80318 266
      vertex 83.9871 5.23804 266
      vertex 83.66 4.8074 266
    endloop
  endfacet
  facet normal 0 0 1
    outer loop
      vertex 84.1109 2.44627 266
      vertex 83.3126 4.01719 266
      vertex 84.105 2.44909 266
    endloop
  endfacet
  facet normal 0 0 1
    outer loop
      vertex 84.105 2.44909 266
      vertex 83.3126 4.01719 266
      vertex 83.7091 2.7096 266
    endloop
  endfacet
  facet normal -0 0 1
    outer loop
      vertex 83.2652 3.63987 266
      vertex 83.7091 2.7096 266
      vertex 83.3126 4.01719 266
    endloop
  endfacet
  facet normal 0 0 1
    outer loop
      vertex 83.4406 4.40459 266
      vertex 83.6579 4.80318 266
      vertex 83.4418 4.40866 266
    endloop
  endfacet
  facet normal -0 -0 1
    outer loop
      vertex 83.446 2.98301 266
      vertex 83.7091 2.7096 266
      vertex 83.2652 3.63987 266
    endloop
  endfacet
  facet normal 0 0 1
    outer loop
      vertex 83.3126 4.01719 266
      vertex 83.4406 4.40459 266
      vertex 83.313 4.02114 266
    endloop
  endfacet
  facet normal 0 0 1
    outer loop
      vertex 83.7091 2.7096 266
      vertex 83.446 2.98301 266
      vertex 83.7049 2.71221 266
    endloop
  endfacet
  facet normal -0 -0 1
    outer loop
      vertex 83.3037 3.29095 266
      vertex 83.446 2.98301 266
      vertex 83.2652 3.63987 266
    endloop
  endfacet
  facet normal 0 0 1
    outer loop
      vertex 83.446 2.98301 266
      vertex 83.3037 3.29095 266
      vertex 83.4432 2.98578 266
    endloop
  endfacet
  facet normal 0 0 1
    outer loop
      vertex 83.3037 3.29095 266
      vertex 83.2652 3.63987 266
      vertex 83.3022 3.29412 266
    endloop
  endfacet
  facet normal 0 -0 1
    outer loop
      vertex 83.2652 3.63987 266
      vertex 83.3126 4.01719 266
      vertex 83.2647 3.6435 266
    endloop
  endfacet
  facet normal 0 0 -1
    outer loop
      vertex 53.0828 -6.51985 66
      vertex 43.8036 1.36433 66
      vertex 43.8173 1.57317 66
    endloop
  endfacet
  facet normal 0 0 -1
    outer loop
      vertex 45.3253 -6.55497 66
      vertex 43.7627 1.15906 66
      vertex 43.8036 1.36433 66
    endloop
  endfacet
  facet normal 0 0 -1
    outer loop
      vertex 45.3253 -6.55497 66
      vertex 43.6955 0.960877 66
      vertex 43.7627 1.15906 66
    endloop
  endfacet
  facet normal 0 0 -1
    outer loop
      vertex 45.3253 -6.55497 66
      vertex 43.6029 0.773171 66
      vertex 43.6955 0.960877 66
    endloop
  endfacet
  facet normal 0 0 -1
    outer loop
      vertex 45.3253 -6.55497 66
      vertex 43.4866 0.599152 66
      vertex 43.6029 0.773171 66
    endloop
  endfacet
  facet normal 0 0 -1
    outer loop
      vertex 45.3253 -6.55497 66
      vertex 43.3486 0.4418 66
      vertex 43.4866 0.599152 66
    endloop
  endfacet
  facet normal 0 0 -1
    outer loop
      vertex 45.3253 -6.55497 66
      vertex 43.1913 0.303805 66
      vertex 43.3486 0.4418 66
    endloop
  endfacet
  facet normal 0 0 -1
    outer loop
      vertex 45.2295 -6.55796 66
      vertex 43.0173 0.18753 66
      vertex 43.1913 0.303805 66
    endloop
  endfacet
  facet normal 0 0 -1
    outer loop
      vertex 45.2295 -6.55796 66
      vertex 42.8296 0.0949637 66
      vertex 43.0173 0.18753 66
    endloop
  endfacet
  facet normal 0 0 -1
    outer loop
      vertex 45.2295 -6.55796 66
      vertex 42.6314 0.0276896 66
      vertex 42.8296 0.0949637 66
    endloop
  endfacet
  facet normal 0 0 -1
    outer loop
      vertex 41.4354 -6.52902 66
      vertex 42.6314 0.0276896 66
      vertex 45.2295 -6.55796 66
    endloop
  endfacet
  facet normal 0 0 -1
    outer loop
      vertex 42.6314 0.0276896 66
      vertex 41.4354 -6.52902 66
      vertex 42.4261 -0.013141 66
    endloop
  endfacet
  facet normal 0 0 -1
    outer loop
      vertex 42.4261 -0.013141 66
      vertex 41.4354 -6.52902 66
      vertex 42.2173 -0.0268291 66
    endloop
  endfacet
  facet normal -0 0 -1
    outer loop
      vertex 42.2173 -0.0268291 66
      vertex 41.4354 -6.52902 66
      vertex 42.0084 -0.013141 66
    endloop
  endfacet
  facet normal 0 0 -1
    outer loop
      vertex 41.3403 -6.53121 66
      vertex 42.0084 -0.013141 66
      vertex 41.4354 -6.52902 66
    endloop
  endfacet
  facet normal -0 0 -1
    outer loop
      vertex 42.0084 -0.013141 66
      vertex 41.3403 -6.53121 66
      vertex 41.8032 0.0276896 66
    endloop
  endfacet
  facet normal -0 0 -1
    outer loop
      vertex 41.8032 0.0276896 66
      vertex 41.3403 -6.53121 66
      vertex 41.605 0.0949637 66
    endloop
  endfacet
  facet normal -0 0 -1
    outer loop
      vertex 41.605 0.0949637 66
      vertex 41.3403 -6.53121 66
      vertex 41.4173 0.18753 66
    endloop
  endfacet
  facet normal 0 0 -1
    outer loop
      vertex 37.5785 -6.46415 66
      vertex 41.4173 0.18753 66
      vertex 41.3403 -6.53121 66
    endloop
  endfacet
  facet normal -0 0 -1
    outer loop
      vertex 41.4173 0.18753 66
      vertex 37.5785 -6.46415 66
      vertex 41.2432 0.303805 66
    endloop
  endfacet
  facet normal -0 0 -1
    outer loop
      vertex 41.2432 0.303805 66
      vertex 37.5785 -6.46415 66
      vertex 41.0859 0.4418 66
    endloop
  endfacet
  facet normal -0 0 -1
    outer loop
      vertex 41.0859 0.4418 66
      vertex 37.5785 -6.46415 66
      vertex 40.9479 0.599152 66
    endloop
  endfacet
  facet normal 0 0 -1
    outer loop
      vertex 37.4841 -6.46535 66
      vertex 40.9479 0.599152 66
      vertex 37.5785 -6.46415 66
    endloop
  endfacet
  facet normal -0 0 -1
    outer loop
      vertex 40.9479 0.599152 66
      vertex 37.4841 -6.46535 66
      vertex 40.8316 0.773171 66
    endloop
  endfacet
  facet normal -0 0 -1
    outer loop
      vertex 40.8316 0.773171 66
      vertex 37.4841 -6.46535 66
      vertex 40.7391 0.960877 66
    endloop
  endfacet
  facet normal 0 0 -1
    outer loop
      vertex 33.6587 -6.35324 66
      vertex 40.6173 1.57317 66
      vertex 40.631 1.36433 66
    endloop
  endfacet
  facet normal 0 0 -1
    outer loop
      vertex 33.7524 -6.35319 66
      vertex 40.7391 0.960877 66
      vertex 37.4841 -6.46535 66
    endloop
  endfacet
  facet normal -0 0 -1
    outer loop
      vertex 40.7391 0.960877 66
      vertex 33.7524 -6.35319 66
      vertex 40.6718 1.15906 66
    endloop
  endfacet
  facet normal 0 0 -1
    outer loop
      vertex 40.6173 1.57317 66
      vertex 38.1557 12.2459 66
      vertex 38.2457 12.2575 66
    endloop
  endfacet
  facet normal -0 0 -1
    outer loop
      vertex 40.6718 1.15906 66
      vertex 33.7524 -6.35319 66
      vertex 40.631 1.36433 66
    endloop
  endfacet
  facet normal 0 0 -1
    outer loop
      vertex 40.6173 1.57317 66
      vertex 34.5565 11.8943 66
      vertex 38.1557 12.2459 66
    endloop
  endfacet
  facet normal 0 0 -1
    outer loop
      vertex 40.6173 1.57317 66
      vertex 34.4678 11.881 66
      vertex 34.5565 11.8943 66
    endloop
  endfacet
  facet normal 0 0 -1
    outer loop
      vertex 33.6587 -6.35324 66
      vertex 40.631 1.36433 66
      vertex 33.7524 -6.35319 66
    endloop
  endfacet
  facet normal 0 0 -1
    outer loop
      vertex 40.6173 1.57317 66
      vertex 33.6587 -6.35324 66
      vertex 29.9703 -6.18946 66
    endloop
  endfacet
  facet normal 0 0 -1
    outer loop
      vertex 40.6173 1.57317 66
      vertex 30.9138 11.4564 66
      vertex 34.4678 11.881 66
    endloop
  endfacet
  facet normal 0 0 -1
    outer loop
      vertex 40.6173 1.57317 66
      vertex 30.8265 11.4411 66
      vertex 30.9138 11.4564 66
    endloop
  endfacet
  facet normal -0 0 -1
    outer loop
      vertex 40.6173 1.57317 66
      vertex 29.9703 -6.18946 66
      vertex 30.8265 11.4411 66
    endloop
  endfacet
  facet normal 0 0 -1
    outer loop
      vertex 27.3299 10.9374 66
      vertex 29.9703 -6.18946 66
      vertex 29.8777 -6.18818 66
    endloop
  endfacet
  facet normal 0 0 -1
    outer loop
      vertex 29.9703 -6.18946 66
      vertex 27.3299 10.9374 66
      vertex 30.8265 11.4411 66
    endloop
  endfacet
  facet normal 0 0 -1
    outer loop
      vertex 29.8777 -6.18818 66
      vertex 27.2445 10.9201 66
      vertex 27.3299 10.9374 66
    endloop
  endfacet
  facet normal 0 0 -1
    outer loop
      vertex 26.2599 -5.96466 66
      vertex 27.2445 10.9201 66
      vertex 29.8777 -6.18818 66
    endloop
  endfacet
  facet normal 0 0 -1
    outer loop
      vertex 23.8243 10.332 66
      vertex 26.2599 -5.96466 66
      vertex 26.169 -5.96182 66
    endloop
  endfacet
  facet normal 0 0 -1
    outer loop
      vertex 26.2599 -5.96466 66
      vertex 23.8243 10.332 66
      vertex 27.2445 10.9201 66
    endloop
  endfacet
  facet normal 0 0 -1
    outer loop
      vertex 26.169 -5.96182 66
      vertex 23.7417 10.3124 66
      vertex 23.8243 10.332 66
    endloop
  endfacet
  facet normal 0 0 -1
    outer loop
      vertex 22.6265 -5.66574 66
      vertex 23.7417 10.3124 66
      vertex 26.169 -5.96182 66
    endloop
  endfacet
  facet normal 0 0 -1
    outer loop
      vertex 16.8974 0 66
      vertex 22.6265 -5.66574 66
      vertex 22.5375 -5.66103 66
    endloop
  endfacet
  facet normal 0 0 -1
    outer loop
      vertex 22.6265 -5.66574 66
      vertex 16.855 0.310582 66
      vertex 23.7417 10.3124 66
    endloop
  endfacet
  facet normal 0 0 -1
    outer loop
      vertex 16.8314 0.377427 66
      vertex 23.7417 10.3124 66
      vertex 16.855 0.310582 66
    endloop
  endfacet
  facet normal 0 0 -1
    outer loop
      vertex 16.855 -0.310582 66
      vertex 22.5375 -5.66103 66
      vertex 19.0811 -5.27946 66
    endloop
  endfacet
  facet normal 0 0 -1
    outer loop
      vertex 16.7306 -0.599999 66
      vertex 19.0811 -5.27946 66
      vertex 18.9941 -5.27254 66
    endloop
  endfacet
  facet normal 0 0 -1
    outer loop
      vertex 22.6265 -5.66574 66
      vertex 16.8867 0.156631 66
      vertex 16.8692 0.241359 66
    endloop
  endfacet
  facet normal 0 0 -1
    outer loop
      vertex 22.6265 -5.66574 66
      vertex 16.8692 0.241359 66
      vertex 16.855 0.310582 66
    endloop
  endfacet
  facet normal 0 0 -1
    outer loop
      vertex 22.6265 -5.66574 66
      vertex 16.8974 0 66
      vertex 16.8867 0.156631 66
    endloop
  endfacet
  facet normal 0 0 -1
    outer loop
      vertex 22.5375 -5.66103 66
      vertex 16.8867 -0.156631 66
      vertex 16.8974 0 66
    endloop
  endfacet
  facet normal 0 0 -1
    outer loop
      vertex 22.5375 -5.66103 66
      vertex 16.8692 -0.241359 66
      vertex 16.8867 -0.156631 66
    endloop
  endfacet
  facet normal 0 0 -1
    outer loop
      vertex 22.5375 -5.66103 66
      vertex 16.855 -0.310582 66
      vertex 16.8692 -0.241359 66
    endloop
  endfacet
  facet normal 0 0 -1
    outer loop
      vertex 19.0811 -5.27946 66
      vertex 16.8314 -0.377427 66
      vertex 16.855 -0.310582 66
    endloop
  endfacet
  facet normal 0 0 -1
    outer loop
      vertex 19.0811 -5.27946 66
      vertex 16.8026 -0.45922 66
      vertex 16.8314 -0.377427 66
    endloop
  endfacet
  facet normal 0 0 -1
    outer loop
      vertex 19.0811 -5.27946 66
      vertex 16.7702 -0.522549 66
      vertex 16.8026 -0.45922 66
    endloop
  endfacet
  facet normal 0 0 -1
    outer loop
      vertex 19.0811 -5.27946 66
      vertex 16.7306 -0.599999 66
      vertex 16.7702 -0.522549 66
    endloop
  endfacet
  facet normal 0 0 -1
    outer loop
      vertex 18.9941 -5.27254 66
      vertex 16.6809 -0.671779 66
      vertex 16.7306 -0.599999 66
    endloop
  endfacet
  facet normal 0 0 -1
    outer loop
      vertex 18.9941 -5.27254 66
      vertex 16.6402 -0.730514 66
      vertex 16.6809 -0.671779 66
    endloop
  endfacet
  facet normal 0 0 -1
    outer loop
      vertex 18.9941 -5.27254 66
      vertex 16.5918 -0.783645 66
      vertex 16.6402 -0.730514 66
    endloop
  endfacet
  facet normal 0 0 -1
    outer loop
      vertex 18.9941 -5.27254 66
      vertex 16.5328 -0.848528 66
      vertex 16.5918 -0.783645 66
    endloop
  endfacet
  facet normal 0 0 -1
    outer loop
      vertex 18.9941 -5.27254 66
      vertex 16.4655 -0.905402 66
      vertex 16.5328 -0.848528 66
    endloop
  endfacet
  facet normal 0 0 -1
    outer loop
      vertex 18.9941 -5.27254 66
      vertex 16.4104 -0.952024 66
      vertex 16.4655 -0.905402 66
    endloop
  endfacet
  facet normal 0 0 -1
    outer loop
      vertex 18.9941 -5.27254 66
      vertex 16.3494 -0.991328 66
      vertex 16.4104 -0.952024 66
    endloop
  endfacet
  facet normal 0 0 -1
    outer loop
      vertex 18.9941 -5.27254 66
      vertex 16.275 -1.03923 66
      vertex 16.3494 -0.991328 66
    endloop
  endfacet
  facet normal 0 0 -1
    outer loop
      vertex 15.7186 -4.80642 66
      vertex 16.275 -1.03923 66
      vertex 18.9941 -5.27254 66
    endloop
  endfacet
  facet normal 0 0 -1
    outer loop
      vertex 16.275 -1.03923 66
      vertex 15.7186 -4.80642 66
      vertex 16.129 -1.10865 66
    endloop
  endfacet
  facet normal 0 0 -1
    outer loop
      vertex 16.129 -1.10865 66
      vertex 15.7186 -4.80642 66
      vertex 15.9748 -1.15911 66
    endloop
  endfacet
  facet normal 0 0 -1
    outer loop
      vertex 15.9748 -1.15911 66
      vertex 15.7186 -4.80642 66
      vertex 15.8873 -1.1759 66
    endloop
  endfacet
  facet normal 0 0 -1
    outer loop
      vertex 15.8873 -1.1759 66
      vertex 15.7186 -4.80642 66
      vertex 15.8151 -1.18973 66
    endloop
  endfacet
  facet normal 0 0 -1
    outer loop
      vertex 15.6361 -4.79724 66
      vertex 15.8151 -1.18973 66
      vertex 15.7186 -4.80642 66
    endloop
  endfacet
  facet normal 0 0 -1
    outer loop
      vertex 15.8151 -1.18973 66
      vertex 15.6361 -4.79724 66
      vertex 15.6527 -1.2 66
    endloop
  endfacet
  facet normal 0 0 -1
    outer loop
      vertex 15.6361 -4.79724 66
      vertex 15.4902 -1.18973 66
      vertex 15.6527 -1.2 66
    endloop
  endfacet
  facet normal 0 0 -1
    outer loop
      vertex 15.6361 -4.79724 66
      vertex 15.4028 -1.17297 66
      vertex 15.4902 -1.18973 66
    endloop
  endfacet
  facet normal 0 0 -1
    outer loop
      vertex 15.6361 -4.79724 66
      vertex 15.3305 -1.15911 66
      vertex 15.4028 -1.17297 66
    endloop
  endfacet
  facet normal 0 0 -1
    outer loop
      vertex 15.6361 -4.79724 66
      vertex 15.1764 -1.10865 66
      vertex 15.3305 -1.15911 66
    endloop
  endfacet
  facet normal 0 0 -1
    outer loop
      vertex 12.5801 -4.25027 66
      vertex 15.1764 -1.10865 66
      vertex 15.6361 -4.79724 66
    endloop
  endfacet
  facet normal -0 0 -1
    outer loop
      vertex 15.1764 -1.10865 66
      vertex 12.5801 -4.25027 66
      vertex 15.0303 -1.03923 66
    endloop
  endfacet
  facet normal -0 0 -1
    outer loop
      vertex 15.0303 -1.03923 66
      vertex 12.5801 -4.25027 66
      vertex 14.9689 -0.99968 66
    endloop
  endfacet
  facet normal -0 0 -1
    outer loop
      vertex 14.9689 -0.99968 66
      vertex 12.5801 -4.25027 66
      vertex 14.895 -0.952024 66
    endloop
  endfacet
  facet normal -0 0 -1
    outer loop
      vertex 14.895 -0.952024 66
      vertex 12.5801 -4.25027 66
      vertex 14.8281 -0.895495 66
    endloop
  endfacet
  facet normal -0 0 -1
    outer loop
      vertex 14.8281 -0.895495 66
      vertex 12.5801 -4.25027 66
      vertex 14.7725 -0.848528 66
    endloop
  endfacet
  facet normal -0 0 -1
    outer loop
      vertex 14.7725 -0.848528 66
      vertex 12.5801 -4.25027 66
      vertex 14.7238 -0.794946 66
    endloop
  endfacet
  facet normal -0 0 -1
    outer loop
      vertex 14.7238 -0.794946 66
      vertex 12.5801 -4.25027 66
      vertex 14.6652 -0.730514 66
    endloop
  endfacet
  facet normal 0 0 -1
    outer loop
      vertex 12.5031 -4.2389 66
      vertex 14.6652 -0.730514 66
      vertex 12.5801 -4.25027 66
    endloop
  endfacet
  facet normal -0 0 -1
    outer loop
      vertex 14.6652 -0.730514 66
      vertex 12.5031 -4.2389 66
      vertex 14.6158 -0.659285 66
    endloop
  endfacet
  facet normal -0 0 -1
    outer loop
      vertex 14.6158 -0.659285 66
      vertex 12.5031 -4.2389 66
      vertex 14.5747 -0.599999 66
    endloop
  endfacet
  facet normal -0 0 -1
    outer loop
      vertex 14.5747 -0.599999 66
      vertex 12.5031 -4.2389 66
      vertex 14.542 -0.53603 66
    endloop
  endfacet
  facet normal -0 0 -1
    outer loop
      vertex 14.542 -0.53603 66
      vertex 12.5031 -4.2389 66
      vertex 14.5027 -0.45922 66
    endloop
  endfacet
  facet normal 0 0 -1
    outer loop
      vertex 9.76205 -3.62849 66
      vertex 14.4331 -0.22662 66
      vertex 14.4504 -0.310582 66
    endloop
  endfacet
  facet normal 0 0 -1
    outer loop
      vertex 15.4902 1.18973 66
      vertex 14.0831 7.92848 66
      vertex 14.1489 7.95392 66
    endloop
  endfacet
  facet normal -0 0 -1
    outer loop
      vertex 14.5027 -0.45922 66
      vertex 12.5031 -4.2389 66
      vertex 14.4789 -0.39166 66
    endloop
  endfacet
  facet normal 0 0 -1
    outer loop
      vertex 9.76205 -3.62849 66
      vertex 14.4789 -0.39166 66
      vertex 12.5031 -4.2389 66
    endloop
  endfacet
  facet normal -0 0 -1
    outer loop
      vertex 14.4789 -0.39166 66
      vertex 9.76205 -3.62849 66
      vertex 14.4504 -0.310582 66
    endloop
  endfacet
  facet normal -0 0 -1
    outer loop
      vertex 14.4331 -0.22662 66
      vertex 9.76205 -3.62849 66
      vertex 14.4186 -0.156631 66
    endloop
  endfacet
  facet normal -0 0 -1
    outer loop
      vertex 14.4186 -0.156631 66
      vertex 9.76205 -3.62849 66
      vertex 14.408 0 66
    endloop
  endfacet
  facet normal 0 0 -1
    outer loop
      vertex 14.4186 0.156631 66
      vertex 11.4304 6.99515 66
      vertex 14.0831 7.92848 66
    endloop
  endfacet
  facet normal 0 0 -1
    outer loop
      vertex 14.4186 0.156631 66
      vertex 11.3732 6.96873 66
      vertex 11.4304 6.99515 66
    endloop
  endfacet
  facet normal 0 0 -1
    outer loop
      vertex 9.69285 -3.61528 66
      vertex 14.408 0 66
      vertex 9.76205 -3.62849 66
    endloop
  endfacet
  facet normal 0 0 -1
    outer loop
      vertex 14.4186 0.156631 66
      vertex 9.69285 -3.61528 66
      vertex 7.68809 -3.06932 66
    endloop
  endfacet
  facet normal 0 0 -1
    outer loop
      vertex 14.4186 0.156631 66
      vertex 9.06301 5.98592 66
      vertex 11.3732 6.96873 66
    endloop
  endfacet
  facet normal 0 0 -1
    outer loop
      vertex 14.4186 0.156631 66
      vertex 9.01818 5.96113 66
      vertex 9.06301 5.98592 66
    endloop
  endfacet
  facet normal -0 0 -1
    outer loop
      vertex 14.4186 0.156631 66
      vertex 7.68809 -3.06932 66
      vertex 7.20182 5.02791 66
    endloop
  endfacet
  facet normal 0 0 -1
    outer loop
      vertex 5.83047 4.17334 66
      vertex 7.68809 -3.06932 66
      vertex 7.6374 -3.05717 66
    endloop
  endfacet
  facet normal 0 0 -1
    outer loop
      vertex 14.4186 0.156631 66
      vertex 7.20182 5.02791 66
      vertex 9.01818 5.96113 66
    endloop
  endfacet
  facet normal 0 0 -1
    outer loop
      vertex 7.68809 -3.06932 66
      vertex 7.1689 5.00601 66
      vertex 7.20182 5.02791 66
    endloop
  endfacet
  facet normal 0 0 -1
    outer loop
      vertex 5.80553 4.15329 66
      vertex 7.6374 -3.05717 66
      vertex 6.20492 -2.58327 66
    endloop
  endfacet
  facet normal 0 0 -1
    outer loop
      vertex 4.7873 3.38473 66
      vertex 6.20492 -2.58327 66
      vertex 6.16864 -2.57248 66
    endloop
  endfacet
  facet normal 0 0 -1
    outer loop
      vertex 7.68809 -3.06932 66
      vertex 5.83047 4.17334 66
      vertex 7.1689 5.00601 66
    endloop
  endfacet
  facet normal 0 0 -1
    outer loop
      vertex 7.6374 -3.05717 66
      vertex 5.80553 4.15329 66
      vertex 5.83047 4.17334 66
    endloop
  endfacet
  facet normal 0 0 -1
    outer loop
      vertex 4.76832 3.36668 66
      vertex 6.16864 -2.57248 66
      vertex 5.04236 -2.12248 66
    endloop
  endfacet
  facet normal 0 0 -1
    outer loop
      vertex 3.97606 2.65546 66
      vertex 5.04236 -2.12248 66
      vertex 5.01378 -2.11206 66
    endloop
  endfacet
  facet normal 0 0 -1
    outer loop
      vertex 6.20492 -2.58327 66
      vertex 4.7873 3.38473 66
      vertex 5.80553 4.15329 66
    endloop
  endfacet
  facet normal 0 0 -1
    outer loop
      vertex 6.16864 -2.57248 66
      vertex 4.76832 3.36668 66
      vertex 4.7873 3.38473 66
    endloop
  endfacet
  facet normal 0 0 -1
    outer loop
      vertex 3.97606 2.65546 66
      vertex 5.01378 -2.11206 66
      vertex 4.13314 -1.69149 66
    endloop
  endfacet
  facet normal 0 0 -1
    outer loop
      vertex 3.39418 2.05477 66
      vertex 4.13314 -1.69149 66
      vertex 4.11074 -1.68162 66
    endloop
  endfacet
  facet normal 0 0 -1
    outer loop
      vertex 5.04236 -2.12248 66
      vertex 3.98995 2.67064 66
      vertex 4.76832 3.36668 66
    endloop
  endfacet
  facet normal 0 0 -1
    outer loop
      vertex 5.04236 -2.12248 66
      vertex 3.97606 2.65546 66
      vertex 3.98995 2.67064 66
    endloop
  endfacet
  facet normal 0 0 -1
    outer loop
      vertex 2.98232 1.54177 66
      vertex 4.11074 -1.68162 66
      vertex 3.45736 -1.32162 66
    endloop
  endfacet
  facet normal 0 0 -1
    outer loop
      vertex 2.70669 1.0681 66
      vertex 3.45736 -1.32162 66
      vertex 3.4407 -1.31309 66
    endloop
  endfacet
  facet normal 0 0 -1
    outer loop
      vertex 4.13314 -1.69149 66
      vertex 3.40396 2.06765 66
      vertex 3.97606 2.65546 66
    endloop
  endfacet
  facet normal 0 0 -1
    outer loop
      vertex 4.13314 -1.69149 66
      vertex 3.39418 2.05477 66
      vertex 3.40396 2.06765 66
    endloop
  endfacet
  facet normal 0 0 -1
    outer loop
      vertex 4.11074 -1.68162 66
      vertex 2.98232 1.54177 66
      vertex 3.39418 2.05477 66
    endloop
  endfacet
  facet normal 0 0 -1
    outer loop
      vertex 3.39418 2.05477 66
      vertex 2.98232 1.54177 66
      vertex 2.98878 1.55356 66
    endloop
  endfacet
  facet normal 0 0 -1
    outer loop
      vertex 2.53923 0.604686 66
      vertex 3.4407 -1.31309 66
      vertex 2.97853 -0.988285 66
    endloop
  endfacet
  facet normal 0 0 -1
    outer loop
      vertex 2.66814 -0.648414 66
      vertex 2.97853 -0.988285 66
      vertex 2.96669 -0.980495 66
    endloop
  endfacet
  facet normal 0 0 -1
    outer loop
      vertex 3.45736 -1.32162 66
      vertex 2.70669 1.0681 66
      vertex 2.98232 1.54177 66
    endloop
  endfacet
  facet normal 0 0 -1
    outer loop
      vertex 2.98232 1.54177 66
      vertex 2.70669 1.0681 66
      vertex 2.71051 1.07956 66
    endloop
  endfacet
  facet normal 0 0 -1
    outer loop
      vertex 2.97853 -0.988285 66
      vertex 2.66814 -0.648414 66
      vertex 2.46962 0.150831 66
    endloop
  endfacet
  facet normal 0 0 -1
    outer loop
      vertex 2.50529 -0.271614 66
      vertex 2.66814 -0.648414 66
      vertex 2.6604 -0.640316 66
    endloop
  endfacet
  facet normal 0 0 -1
    outer loop
      vertex 3.4407 -1.31309 66
      vertex 2.53923 0.604686 66
      vertex 2.70669 1.0681 66
    endloop
  endfacet
  facet normal 0 0 -1
    outer loop
      vertex 2.70669 1.0681 66
      vertex 2.53923 0.604686 66
      vertex 2.54066 0.615861 66
    endloop
  endfacet
  facet normal 0 0 -1
    outer loop
      vertex 2.66814 -0.648414 66
      vertex 2.50529 -0.271614 66
      vertex 2.46962 0.150831 66
    endloop
  endfacet
  facet normal 0 0 -1
    outer loop
      vertex 2.46962 0.150831 66
      vertex 2.50529 -0.271614 66
      vertex 2.50112 -0.262488 66
    endloop
  endfacet
  facet normal 0 0 -1
    outer loop
      vertex 2.97853 -0.988285 66
      vertex 2.46962 0.150831 66
      vertex 2.53923 0.604686 66
    endloop
  endfacet
  facet normal 0 0 -1
    outer loop
      vertex 2.53923 0.604686 66
      vertex 2.46962 0.150831 66
      vertex 2.46852 0.161171 66
    endloop
  endfacet
  facet normal 0 0 -1
    outer loop
      vertex 16.8026 0.45922 66
      vertex 23.7417 10.3124 66
      vertex 16.8314 0.377427 66
    endloop
  endfacet
  facet normal 0 0 -1
    outer loop
      vertex 23.7417 10.3124 66
      vertex 16.8026 0.45922 66
      vertex 20.4253 9.63411 66
    endloop
  endfacet
  facet normal 0 0 -1
    outer loop
      vertex 16.7702 0.522549 66
      vertex 20.4253 9.63411 66
      vertex 16.8026 0.45922 66
    endloop
  endfacet
  facet normal 0 0 -1
    outer loop
      vertex 16.7306 0.599999 66
      vertex 20.4253 9.63411 66
      vertex 16.7702 0.522549 66
    endloop
  endfacet
  facet normal 0 0 -1
    outer loop
      vertex 20.4253 9.63411 66
      vertex 16.7306 0.599999 66
      vertex 20.3464 9.61229 66
    endloop
  endfacet
  facet normal 0 0 -1
    outer loop
      vertex 16.6809 0.671779 66
      vertex 20.3464 9.61229 66
      vertex 16.7306 0.599999 66
    endloop
  endfacet
  facet normal 0 0 -1
    outer loop
      vertex 16.6402 0.730514 66
      vertex 20.3464 9.61229 66
      vertex 16.6809 0.671779 66
    endloop
  endfacet
  facet normal 0 0 -1
    outer loop
      vertex 16.5918 0.783645 66
      vertex 20.3464 9.61229 66
      vertex 16.6402 0.730514 66
    endloop
  endfacet
  facet normal 0 0 -1
    outer loop
      vertex 16.5328 0.848528 66
      vertex 20.3464 9.61229 66
      vertex 16.5918 0.783645 66
    endloop
  endfacet
  facet normal 0 0 -1
    outer loop
      vertex 20.3464 9.61229 66
      vertex 16.5328 0.848528 66
      vertex 17.1728 8.8392 66
    endloop
  endfacet
  facet normal 0 0 -1
    outer loop
      vertex 16.4655 0.905402 66
      vertex 17.1728 8.8392 66
      vertex 16.5328 0.848528 66
    endloop
  endfacet
  facet normal 0 0 -1
    outer loop
      vertex 16.4104 0.952024 66
      vertex 17.1728 8.8392 66
      vertex 16.4655 0.905402 66
    endloop
  endfacet
  facet normal 0 0 -1
    outer loop
      vertex 16.3494 0.991328 66
      vertex 17.1728 8.8392 66
      vertex 16.4104 0.952024 66
    endloop
  endfacet
  facet normal 0 0 -1
    outer loop
      vertex 16.275 1.03923 66
      vertex 17.1728 8.8392 66
      vertex 16.3494 0.991328 66
    endloop
  endfacet
  facet normal 0 0 -1
    outer loop
      vertex 17.1728 8.8392 66
      vertex 16.275 1.03923 66
      vertex 17.0994 8.81534 66
    endloop
  endfacet
  facet normal 0 0 -1
    outer loop
      vertex 16.129 1.10865 66
      vertex 17.0994 8.81534 66
      vertex 16.275 1.03923 66
    endloop
  endfacet
  facet normal 0 0 -1
    outer loop
      vertex 15.9748 1.15911 66
      vertex 17.0994 8.81534 66
      vertex 16.129 1.10865 66
    endloop
  endfacet
  facet normal 0 0 -1
    outer loop
      vertex 15.8873 1.1759 66
      vertex 17.0994 8.81534 66
      vertex 15.9748 1.15911 66
    endloop
  endfacet
  facet normal 0 0 -1
    outer loop
      vertex 14.1489 7.95392 66
      vertex 15.8873 1.1759 66
      vertex 15.8151 1.18973 66
    endloop
  endfacet
  facet normal 0 0 -1
    outer loop
      vertex 14.1489 7.95392 66
      vertex 15.8151 1.18973 66
      vertex 15.6527 1.2 66
    endloop
  endfacet
  facet normal 0 0 -1
    outer loop
      vertex 14.1489 7.95392 66
      vertex 15.6527 1.2 66
      vertex 15.4902 1.18973 66
    endloop
  endfacet
  facet normal 0 0 -1
    outer loop
      vertex 14.0831 7.92848 66
      vertex 15.4902 1.18973 66
      vertex 15.4028 1.17297 66
    endloop
  endfacet
  facet normal 0 0 -1
    outer loop
      vertex 14.0831 7.92848 66
      vertex 15.4028 1.17297 66
      vertex 15.3305 1.15911 66
    endloop
  endfacet
  facet normal 0 0 -1
    outer loop
      vertex 14.0831 7.92848 66
      vertex 15.3305 1.15911 66
      vertex 15.1764 1.10865 66
    endloop
  endfacet
  facet normal 0 0 -1
    outer loop
      vertex 14.0831 7.92848 66
      vertex 15.1764 1.10865 66
      vertex 15.0303 1.03923 66
    endloop
  endfacet
  facet normal 0 0 -1
    outer loop
      vertex 14.0831 7.92848 66
      vertex 15.0303 1.03923 66
      vertex 14.9689 0.99968 66
    endloop
  endfacet
  facet normal 0 0 -1
    outer loop
      vertex 14.0831 7.92848 66
      vertex 14.9689 0.99968 66
      vertex 14.895 0.952024 66
    endloop
  endfacet
  facet normal 0 0 -1
    outer loop
      vertex 14.0831 7.92848 66
      vertex 14.895 0.952024 66
      vertex 14.8281 0.895495 66
    endloop
  endfacet
  facet normal 0 0 -1
    outer loop
      vertex 14.0831 7.92848 66
      vertex 14.8281 0.895495 66
      vertex 14.7725 0.848528 66
    endloop
  endfacet
  facet normal 0 0 -1
    outer loop
      vertex 14.0831 7.92848 66
      vertex 14.7725 0.848528 66
      vertex 14.7238 0.794946 66
    endloop
  endfacet
  facet normal 0 0 -1
    outer loop
      vertex 14.0831 7.92848 66
      vertex 14.7238 0.794946 66
      vertex 14.6652 0.730514 66
    endloop
  endfacet
  facet normal 0 0 -1
    outer loop
      vertex 14.0831 7.92848 66
      vertex 14.6652 0.730514 66
      vertex 14.6158 0.659285 66
    endloop
  endfacet
  facet normal 0 0 -1
    outer loop
      vertex 14.0831 7.92848 66
      vertex 14.6158 0.659285 66
      vertex 14.5747 0.599999 66
    endloop
  endfacet
  facet normal 0 0 -1
    outer loop
      vertex 14.0831 7.92848 66
      vertex 14.5747 0.599999 66
      vertex 14.542 0.53603 66
    endloop
  endfacet
  facet normal 0 0 -1
    outer loop
      vertex 14.0831 7.92848 66
      vertex 14.542 0.53603 66
      vertex 14.5027 0.45922 66
    endloop
  endfacet
  facet normal 0 0 -1
    outer loop
      vertex 14.0831 7.92848 66
      vertex 14.5027 0.45922 66
      vertex 14.4789 0.39166 66
    endloop
  endfacet
  facet normal 0 0 -1
    outer loop
      vertex 14.0831 7.92848 66
      vertex 14.4789 0.39166 66
      vertex 14.4504 0.310582 66
    endloop
  endfacet
  facet normal 0 0 -1
    outer loop
      vertex 14.4186 0.156631 66
      vertex 14.4504 0.310582 66
      vertex 14.4331 0.22662 66
    endloop
  endfacet
  facet normal 0 0 -1
    outer loop
      vertex 15.8873 1.1759 66
      vertex 14.1489 7.95392 66
      vertex 17.0994 8.81534 66
    endloop
  endfacet
  facet normal 0 0 -1
    outer loop
      vertex 14.0831 7.92848 66
      vertex 14.4504 0.310582 66
      vertex 14.4186 0.156631 66
    endloop
  endfacet
  facet normal 0 0 -1
    outer loop
      vertex 9.69285 -3.61528 66
      vertex 14.4186 0.156631 66
      vertex 14.408 0 66
    endloop
  endfacet
  facet normal 0 0 -1
    outer loop
      vertex 207.287 -0.49892 66
      vertex 207.287 1.06739 66
      vertex 207.39 0.284236 66
    endloop
  endfacet
  facet normal 0 0 -1
    outer loop
      vertex 206.981 -1.26868 66
      vertex 207.287 1.06739 66
      vertex 207.287 -0.49892 66
    endloop
  endfacet
  facet normal 0 0 -1
    outer loop
      vertex 206.981 -1.26868 66
      vertex 206.981 1.83715 66
      vertex 207.287 1.06739 66
    endloop
  endfacet
  facet normal 0 0 -1
    outer loop
      vertex 206.476 -2.01186 66
      vertex 206.981 1.83715 66
      vertex 206.981 -1.26868 66
    endloop
  endfacet
  facet normal 0 0 -1
    outer loop
      vertex 206.476 -2.01186 66
      vertex 206.476 2.58034 66
      vertex 206.981 1.83715 66
    endloop
  endfacet
  facet normal 0 0 -1
    outer loop
      vertex 205.782 -2.71576 66
      vertex 206.476 2.58034 66
      vertex 206.476 -2.01186 66
    endloop
  endfacet
  facet normal 0 0 -1
    outer loop
      vertex 205.782 -2.71576 66
      vertex 205.782 3.28424 66
      vertex 206.476 2.58034 66
    endloop
  endfacet
  facet normal 0 0 -1
    outer loop
      vertex 204.91 -3.36833 66
      vertex 205.782 3.28424 66
      vertex 205.782 -2.71576 66
    endloop
  endfacet
  facet normal 0 0 -1
    outer loop
      vertex 204.91 -3.36833 66
      vertex 204.91 3.9368 66
      vertex 205.782 3.28424 66
    endloop
  endfacet
  facet normal 0 0 -1
    outer loop
      vertex 203.875 -3.9584 66
      vertex 204.91 3.9368 66
      vertex 204.91 -3.36833 66
    endloop
  endfacet
  facet normal 0 0 -1
    outer loop
      vertex 203.875 -3.9584 66
      vertex 203.875 4.52688 66
      vertex 204.91 3.9368 66
    endloop
  endfacet
  facet normal 0 0 -1
    outer loop
      vertex 202.695 -4.47588 66
      vertex 203.875 4.52688 66
      vertex 203.875 -3.9584 66
    endloop
  endfacet
  facet normal 0 0 -1
    outer loop
      vertex 202.695 -4.47588 66
      vertex 202.695 5.04436 66
      vertex 203.875 4.52688 66
    endloop
  endfacet
  facet normal 0 0 -1
    outer loop
      vertex 201.39 -4.91192 66
      vertex 202.695 5.04436 66
      vertex 202.695 -4.47588 66
    endloop
  endfacet
  facet normal 0 0 -1
    outer loop
      vertex 201.39 -4.91192 66
      vertex 201.39 5.48039 66
      vertex 202.695 5.04436 66
    endloop
  endfacet
  facet normal 0 0 -1
    outer loop
      vertex 199.982 -5.25904 66
      vertex 201.39 5.48039 66
      vertex 201.39 -4.91192 66
    endloop
  endfacet
  facet normal 0 0 -1
    outer loop
      vertex 199.982 -5.25904 66
      vertex 199.982 5.82751 66
      vertex 201.39 5.48039 66
    endloop
  endfacet
  facet normal 0 0 -1
    outer loop
      vertex 198.495 -5.51132 66
      vertex 199.982 5.82751 66
      vertex 199.982 -5.25904 66
    endloop
  endfacet
  facet normal 0 0 -1
    outer loop
      vertex 198.495 -5.51132 66
      vertex 198.495 6.07979 66
      vertex 199.982 5.82751 66
    endloop
  endfacet
  facet normal 0 0 -1
    outer loop
      vertex 196.956 -5.66443 66
      vertex 198.495 6.07979 66
      vertex 198.495 -5.51132 66
    endloop
  endfacet
  facet normal 0 0 -1
    outer loop
      vertex 196.956 -5.66443 66
      vertex 196.956 6.2329 66
      vertex 198.495 6.07979 66
    endloop
  endfacet
  facet normal 0 0 -1
    outer loop
      vertex 195.39 -5.71576 66
      vertex 196.956 6.2329 66
      vertex 196.956 -5.66443 66
    endloop
  endfacet
  facet normal 0 0 -1
    outer loop
      vertex 195.39 -5.71576 66
      vertex 195.39 6.28424 66
      vertex 196.956 6.2329 66
    endloop
  endfacet
  facet normal 0 0 -1
    outer loop
      vertex 193.823 -5.66443 66
      vertex 195.39 6.28424 66
      vertex 195.39 -5.71576 66
    endloop
  endfacet
  facet normal 0 0 -1
    outer loop
      vertex 193.823 -5.66443 66
      vertex 193.823 6.2329 66
      vertex 195.39 6.28424 66
    endloop
  endfacet
  facet normal 0 0 -1
    outer loop
      vertex 192.284 -5.51132 66
      vertex 193.823 6.2329 66
      vertex 193.823 -5.66443 66
    endloop
  endfacet
  facet normal 0 0 -1
    outer loop
      vertex 192.284 -5.51132 66
      vertex 192.284 6.07979 66
      vertex 193.823 6.2329 66
    endloop
  endfacet
  facet normal 0 0 -1
    outer loop
      vertex 190.797 -5.25904 66
      vertex 192.284 6.07979 66
      vertex 192.284 -5.51132 66
    endloop
  endfacet
  facet normal 0 0 -1
    outer loop
      vertex 190.797 -5.25904 66
      vertex 190.797 5.82751 66
      vertex 192.284 6.07979 66
    endloop
  endfacet
  facet normal 0 0 -1
    outer loop
      vertex 189.39 -4.91192 66
      vertex 190.797 5.82751 66
      vertex 190.797 -5.25904 66
    endloop
  endfacet
  facet normal 0 0 -1
    outer loop
      vertex 189.39 -4.91192 66
      vertex 189.39 5.48039 66
      vertex 190.797 5.82751 66
    endloop
  endfacet
  facet normal 0 0 -1
    outer loop
      vertex 188.085 -4.47588 66
      vertex 189.39 5.48039 66
      vertex 189.39 -4.91192 66
    endloop
  endfacet
  facet normal 0 0 -1
    outer loop
      vertex 188.085 -4.47588 66
      vertex 188.085 5.04436 66
      vertex 189.39 5.48039 66
    endloop
  endfacet
  facet normal 0 0 -1
    outer loop
      vertex 186.904 -3.9584 66
      vertex 188.085 5.04436 66
      vertex 188.085 -4.47588 66
    endloop
  endfacet
  facet normal 0 0 -1
    outer loop
      vertex 186.904 -3.9584 66
      vertex 186.904 4.52688 66
      vertex 188.085 5.04436 66
    endloop
  endfacet
  facet normal 0 0 -1
    outer loop
      vertex 185.869 -3.36833 66
      vertex 186.904 4.52688 66
      vertex 186.904 -3.9584 66
    endloop
  endfacet
  facet normal 0 0 -1
    outer loop
      vertex 185.869 -3.36833 66
      vertex 185.869 3.9368 66
      vertex 186.904 4.52688 66
    endloop
  endfacet
  facet normal 0 0 -1
    outer loop
      vertex 184.997 -2.71576 66
      vertex 185.869 3.9368 66
      vertex 185.869 -3.36833 66
    endloop
  endfacet
  facet normal 0 0 -1
    outer loop
      vertex 184.997 -2.71576 66
      vertex 184.997 3.28424 66
      vertex 185.869 3.9368 66
    endloop
  endfacet
  facet normal 0 0 -1
    outer loop
      vertex 184.303 -2.01186 66
      vertex 184.997 3.28424 66
      vertex 184.997 -2.71576 66
    endloop
  endfacet
  facet normal 0 0 -1
    outer loop
      vertex 184.303 -2.01186 66
      vertex 184.303 2.58034 66
      vertex 184.997 3.28424 66
    endloop
  endfacet
  facet normal 0 0 -1
    outer loop
      vertex 183.627 -0.838269 66
      vertex 184.303 -2.01186 66
      vertex 183.799 -1.26868 66
    endloop
  endfacet
  facet normal 0 0 -1
    outer loop
      vertex 184.303 -2.01186 66
      vertex 183.627 -0.838269 66
      vertex 184.303 2.58034 66
    endloop
  endfacet
  facet normal 0 0 -1
    outer loop
      vertex 184.303 2.58034 66
      vertex 183.627 -0.838269 66
      vertex 183.799 1.83715 66
    endloop
  endfacet
  facet normal 0 0 -1
    outer loop
      vertex 183.491 1.054 66
      vertex 183.799 1.83715 66
      vertex 183.627 -0.838269 66
    endloop
  endfacet
  facet normal 0 0 -1
    outer loop
      vertex 183.799 1.83715 66
      vertex 183.491 1.054 66
      vertex 183.492 1.06739 66
    endloop
  endfacet
  facet normal 0 0 -1
    outer loop
      vertex 183.627 -0.838269 66
      vertex 182.417 1.14299 66
      vertex 183.491 1.054 66
    endloop
  endfacet
  facet normal 0 0 -1
    outer loop
      vertex 183.627 -0.838269 66
      vertex 182.322 1.14887 66
      vertex 182.417 1.14299 66
    endloop
  endfacet
  facet normal 0 0 -1
    outer loop
      vertex 183.627 -0.838269 66
      vertex 178.541 1.49878 66
      vertex 182.322 1.14887 66
    endloop
  endfacet
  facet normal 0 0 -1
    outer loop
      vertex 183.627 -0.838269 66
      vertex 178.446 1.5055 66
      vertex 178.541 1.49878 66
    endloop
  endfacet
  facet normal 0 0 -1
    outer loop
      vertex 183.627 -0.838269 66
      vertex 174.66 1.88901 66
      vertex 178.446 1.5055 66
    endloop
  endfacet
  facet normal 0 0 -1
    outer loop
      vertex 162.01 -1.87001 66
      vertex 174.66 1.88901 66
      vertex 183.627 -0.838269 66
    endloop
  endfacet
  facet normal -0 0 -1
    outer loop
      vertex 174.66 1.88901 66
      vertex 162.01 -1.87001 66
      vertex 174.565 1.89653 66
    endloop
  endfacet
  facet normal -0 0 -1
    outer loop
      vertex 174.565 1.89653 66
      vertex 162.01 -1.87001 66
      vertex 170.777 2.31204 66
    endloop
  endfacet
  facet normal -0 0 -1
    outer loop
      vertex 170.777 2.31204 66
      vertex 162.01 -1.87001 66
      vertex 170.681 2.32033 66
    endloop
  endfacet
  facet normal -0 0 -1
    outer loop
      vertex 170.681 2.32033 66
      vertex 162.01 -1.87001 66
      vertex 166.89 2.76709 66
    endloop
  endfacet
  facet normal -0 0 -1
    outer loop
      vertex 166.89 2.76709 66
      vertex 162.01 -1.87001 66
      vertex 166.794 2.77611 66
    endloop
  endfacet
  facet normal -0 0 -1
    outer loop
      vertex 166.794 2.77611 66
      vertex 162.01 -1.87001 66
      vertex 162.992 3.25198 66
    endloop
  endfacet
  facet normal -0 0 -1
    outer loop
      vertex 162.992 3.25198 66
      vertex 162.01 -1.87001 66
      vertex 162.896 3.26165 66
    endloop
  endfacet
  facet normal 0 0 -1
    outer loop
      vertex 161.42 -1.91627 66
      vertex 162.896 3.26165 66
      vertex 162.01 -1.87001 66
    endloop
  endfacet
  facet normal 0 0 -1
    outer loop
      vertex 161.42 -1.91627 66
      vertex 159.076 3.76403 66
      vertex 162.896 3.26165 66
    endloop
  endfacet
  facet normal 0 0 -1
    outer loop
      vertex 161.42 -1.91627 66
      vertex 158.979 3.77422 66
      vertex 159.076 3.76403 66
    endloop
  endfacet
  facet normal 0 0 -1
    outer loop
      vertex 161.42 -1.91627 66
      vertex 155.136 4.29807 66
      vertex 158.979 3.77422 66
    endloop
  endfacet
  facet normal 0 0 -1
    outer loop
      vertex 161.42 -1.91627 66
      vertex 155.039 4.30863 66
      vertex 155.136 4.29807 66
    endloop
  endfacet
  facet normal 0 0 -1
    outer loop
      vertex 161.42 -1.91627 66
      vertex 151.172 4.84766 66
      vertex 155.039 4.30863 66
    endloop
  endfacet
  facet normal 0 0 -1
    outer loop
      vertex 161.42 -1.91627 66
      vertex 151.074 4.85844 66
      vertex 151.172 4.84766 66
    endloop
  endfacet
  facet normal 0 0 -1
    outer loop
      vertex 161.42 -1.91627 66
      vertex 147.188 5.40714 66
      vertex 151.074 4.85844 66
    endloop
  endfacet
  facet normal 0 0 -1
    outer loop
      vertex 161.42 -1.91627 66
      vertex 146.992 5.42885 66
      vertex 147.188 5.40714 66
    endloop
  endfacet
  facet normal 0 0 -1
    outer loop
      vertex 161.42 -1.91627 66
      vertex 139.211 6.53254 66
      vertex 146.992 5.42885 66
    endloop
  endfacet
  facet normal 0 0 -1
    outer loop
      vertex 118.55 0.826107 66
      vertex 139.211 6.53254 66
      vertex 161.42 -1.91627 66
    endloop
  endfacet
  facet normal 0 -0 -1
    outer loop
      vertex 118.851 1.02705 66
      vertex 139.211 6.53254 66
      vertex 118.55 0.826107 66
    endloop
  endfacet
  facet normal 0 -0 -1
    outer loop
      vertex 119.123 1.26552 66
      vertex 139.114 6.54318 66
      vertex 118.851 1.02705 66
    endloop
  endfacet
  facet normal -0 0 -1
    outer loop
      vertex 139.114 6.54318 66
      vertex 119.123 1.26552 66
      vertex 135.244 7.08558 66
    endloop
  endfacet
  facet normal 0 -0 -1
    outer loop
      vertex 119.361 1.53744 66
      vertex 135.147 7.09591 66
      vertex 119.123 1.26552 66
    endloop
  endfacet
  facet normal -0 0 -1
    outer loop
      vertex 135.147 7.09591 66
      vertex 119.361 1.53744 66
      vertex 131.294 7.62561 66
    endloop
  endfacet
  facet normal -0 0 -1
    outer loop
      vertex 131.294 7.62561 66
      vertex 119.562 1.83817 66
      vertex 131.197 7.63557 66
    endloop
  endfacet
  facet normal 0 -0 -1
    outer loop
      vertex 119.722 2.16255 66
      vertex 131.197 7.63557 66
      vertex 119.562 1.83817 66
    endloop
  endfacet
  facet normal -0 0 -1
    outer loop
      vertex 127.354 8.15006 66
      vertex 119.838 2.50503 66
      vertex 127.257 8.15958 66
    endloop
  endfacet
  facet normal 0 -0 -1
    outer loop
      vertex 119.909 2.85976 66
      vertex 127.257 8.15958 66
      vertex 119.838 2.50503 66
    endloop
  endfacet
  facet normal -0 0 -1
    outer loop
      vertex 127.257 8.15958 66
      vertex 119.909 3.58157 66
      vertex 123.422 8.65647 66
    endloop
  endfacet
  facet normal 0 0 -1
    outer loop
      vertex 119.909 3.58157 66
      vertex 127.257 8.15958 66
      vertex 119.933 3.22067 66
    endloop
  endfacet
  facet normal 0 -0 -1
    outer loop
      vertex 119.933 3.22067 66
      vertex 127.257 8.15958 66
      vertex 119.909 2.85976 66
    endloop
  endfacet
  facet normal 0 -0 -1
    outer loop
      vertex 119.838 2.50503 66
      vertex 127.354 8.15006 66
      vertex 119.722 2.16255 66
    endloop
  endfacet
  facet normal -0 0 -1
    outer loop
      vertex 131.197 7.63557 66
      vertex 119.722 2.16255 66
      vertex 127.354 8.15006 66
    endloop
  endfacet
  facet normal 0 -0 -1
    outer loop
      vertex 119.562 1.83817 66
      vertex 131.294 7.62561 66
      vertex 119.361 1.53744 66
    endloop
  endfacet
  facet normal -0 0 -1
    outer loop
      vertex 135.244 7.08558 66
      vertex 119.123 1.26552 66
      vertex 135.147 7.09591 66
    endloop
  endfacet
  facet normal -0 0 -1
    outer loop
      vertex 139.211 6.53254 66
      vertex 118.851 1.02705 66
      vertex 139.114 6.54318 66
    endloop
  endfacet
  facet normal 0 0 -1
    outer loop
      vertex 161.42 -1.91627 66
      vertex 118.226 0.66614 66
      vertex 118.55 0.826107 66
    endloop
  endfacet
  facet normal 0 0 -1
    outer loop
      vertex 110.276 -4.38271 66
      vertex 118.226 0.66614 66
      vertex 161.42 -1.91627 66
    endloop
  endfacet
  facet normal 0 0 -1
    outer loop
      vertex 118.226 0.66614 66
      vertex 110.276 -4.38271 66
      vertex 117.883 0.549883 66
    endloop
  endfacet
  facet normal 0 0 -1
    outer loop
      vertex 117.883 0.549883 66
      vertex 110.276 -4.38271 66
      vertex 117.529 0.479322 66
    endloop
  endfacet
  facet normal 0 0 -1
    outer loop
      vertex 108.996 -4.48374 66
      vertex 114.403 3.22067 66
      vertex 114.426 2.85976 66
    endloop
  endfacet
  facet normal 0 0 -1
    outer loop
      vertex 108.996 -4.48374 66
      vertex 114.426 2.85976 66
      vertex 114.497 2.50503 66
    endloop
  endfacet
  facet normal 0 0 -1
    outer loop
      vertex 110.276 -4.38271 66
      vertex 114.497 2.50503 66
      vertex 114.613 2.16255 66
    endloop
  endfacet
  facet normal 0 0 -1
    outer loop
      vertex 114.403 3.22067 66
      vertex 111.569 10.0515 66
      vertex 111.665 10.0443 66
    endloop
  endfacet
  facet normal 0 0 -1
    outer loop
      vertex 117.529 0.479322 66
      vertex 110.276 -4.38271 66
      vertex 117.168 0.455667 66
    endloop
  endfacet
  facet normal 0 0 -1
    outer loop
      vertex 110.276 -4.38271 66
      vertex 116.807 0.479322 66
      vertex 117.168 0.455667 66
    endloop
  endfacet
  facet normal 0 0 -1
    outer loop
      vertex 110.276 -4.38271 66
      vertex 116.452 0.549883 66
      vertex 116.807 0.479322 66
    endloop
  endfacet
  facet normal 0 0 -1
    outer loop
      vertex 110.276 -4.38271 66
      vertex 116.109 0.66614 66
      vertex 116.452 0.549883 66
    endloop
  endfacet
  facet normal 0 0 -1
    outer loop
      vertex 110.276 -4.38271 66
      vertex 115.785 0.826107 66
      vertex 116.109 0.66614 66
    endloop
  endfacet
  facet normal 0 0 -1
    outer loop
      vertex 110.276 -4.38271 66
      vertex 115.484 1.02705 66
      vertex 115.785 0.826107 66
    endloop
  endfacet
  facet normal 0 0 -1
    outer loop
      vertex 110.276 -4.38271 66
      vertex 115.212 1.26552 66
      vertex 115.484 1.02705 66
    endloop
  endfacet
  facet normal 0 0 -1
    outer loop
      vertex 110.276 -4.38271 66
      vertex 114.974 1.53744 66
      vertex 115.212 1.26552 66
    endloop
  endfacet
  facet normal 0 0 -1
    outer loop
      vertex 110.276 -4.38271 66
      vertex 114.773 1.83817 66
      vertex 114.974 1.53744 66
    endloop
  endfacet
  facet normal 0 0 -1
    outer loop
      vertex 110.276 -4.38271 66
      vertex 114.613 2.16255 66
      vertex 114.773 1.83817 66
    endloop
  endfacet
  facet normal 0 0 -1
    outer loop
      vertex 114.497 2.50503 66
      vertex 110.276 -4.38271 66
      vertex 108.996 -4.48374 66
    endloop
  endfacet
  facet normal -0 0 -1
    outer loop
      vertex 114.403 3.22067 66
      vertex 108.996 -4.48374 66
      vertex 107.658 10.4644 66
    endloop
  endfacet
  facet normal 0 0 -1
    outer loop
      vertex 114.403 3.22067 66
      vertex 107.754 10.4577 66
      vertex 111.569 10.0515 66
    endloop
  endfacet
  facet normal 0 0 -1
    outer loop
      vertex 114.403 3.22067 66
      vertex 107.658 10.4644 66
      vertex 107.754 10.4577 66
    endloop
  endfacet
  facet normal 0 0 -1
    outer loop
      vertex 105.071 -4.66942 66
      vertex 107.658 10.4644 66
      vertex 108.996 -4.48374 66
    endloop
  endfacet
  facet normal 0 0 -1
    outer loop
      vertex 103.842 10.8452 66
      vertex 105.071 -4.66942 66
      vertex 104.972 -4.67708 66
    endloop
  endfacet
  facet normal 0 0 -1
    outer loop
      vertex 105.071 -4.66942 66
      vertex 103.842 10.8452 66
      vertex 107.658 10.4644 66
    endloop
  endfacet
  facet normal 0 0 -1
    outer loop
      vertex 104.972 -4.67708 66
      vertex 103.746 10.8512 66
      vertex 103.842 10.8452 66
    endloop
  endfacet
  facet normal 0 0 -1
    outer loop
      vertex 101.049 -4.85972 66
      vertex 103.746 10.8512 66
      vertex 104.972 -4.67708 66
    endloop
  endfacet
  facet normal 0 0 -1
    outer loop
      vertex 99.9302 11.2059 66
      vertex 101.049 -4.85972 66
      vertex 100.951 -4.8673 66
    endloop
  endfacet
  facet normal 0 0 -1
    outer loop
      vertex 101.049 -4.85972 66
      vertex 99.9302 11.2059 66
      vertex 103.746 10.8512 66
    endloop
  endfacet
  facet normal 0 0 -1
    outer loop
      vertex 100.951 -4.8673 66
      vertex 99.8342 11.2112 66
      vertex 99.9302 11.2059 66
    endloop
  endfacet
  facet normal 0 0 -1
    outer loop
      vertex 97.0284 -5.04647 66
      vertex 99.8342 11.2112 66
      vertex 100.951 -4.8673 66
    endloop
  endfacet
  facet normal 0 0 -1
    outer loop
      vertex 96.0181 11.5394 66
      vertex 97.0284 -5.04647 66
      vertex 96.9302 -5.05397 66
    endloop
  endfacet
  facet normal 0 0 -1
    outer loop
      vertex 97.0284 -5.04647 66
      vertex 96.0181 11.5394 66
      vertex 99.8342 11.2112 66
    endloop
  endfacet
  facet normal 0 0 -1
    outer loop
      vertex 96.9302 -5.05397 66
      vertex 95.9222 11.544 66
      vertex 96.0181 11.5394 66
    endloop
  endfacet
  facet normal 0 0 -1
    outer loop
      vertex 93.0112 -5.22914 66
      vertex 95.9222 11.544 66
      vertex 96.9302 -5.05397 66
    endloop
  endfacet
  facet normal 0 0 -1
    outer loop
      vertex 92.1068 11.845 66
      vertex 93.0112 -5.22914 66
      vertex 92.913 -5.23653 66
    endloop
  endfacet
  facet normal 0 0 -1
    outer loop
      vertex 93.0112 -5.22914 66
      vertex 92.1068 11.845 66
      vertex 95.9222 11.544 66
    endloop
  endfacet
  facet normal 0 0 -1
    outer loop
      vertex 92.913 -5.23653 66
      vertex 92.0109 11.8489 66
      vertex 92.1068 11.845 66
    endloop
  endfacet
  facet normal 0 0 -1
    outer loop
      vertex 88.9994 -5.40641 66
      vertex 92.0109 11.8489 66
      vertex 92.913 -5.23653 66
    endloop
  endfacet
  facet normal 0 0 -1
    outer loop
      vertex 88.1967 12.1218 66
      vertex 88.9994 -5.40641 66
      vertex 88.9014 -5.41367 66
    endloop
  endfacet
  facet normal 0 0 -1
    outer loop
      vertex 88.9994 -5.40641 66
      vertex 88.1967 12.1218 66
      vertex 92.0109 11.8489 66
    endloop
  endfacet
  facet normal 0 0 -1
    outer loop
      vertex 88.9014 -5.41367 66
      vertex 88.101 12.125 66
      vertex 88.1967 12.1218 66
    endloop
  endfacet
  facet normal 0 0 -1
    outer loop
      vertex 84.9939 -5.57674 66
      vertex 88.101 12.125 66
      vertex 88.9014 -5.41367 66
    endloop
  endfacet
  facet normal 0 0 -1
    outer loop
      vertex 84.2899 12.3688 66
      vertex 84.9939 -5.57674 66
      vertex 84.896 -5.58383 66
    endloop
  endfacet
  facet normal 0 0 -1
    outer loop
      vertex 84.9939 -5.57674 66
      vertex 84.2899 12.3688 66
      vertex 88.101 12.125 66
    endloop
  endfacet
  facet normal 0 0 -1
    outer loop
      vertex 84.896 -5.58383 66
      vertex 84.1943 12.3712 66
      vertex 84.2899 12.3688 66
    endloop
  endfacet
  facet normal 0 0 -1
    outer loop
      vertex 75.095 3.1943 66
      vertex 84.896 -5.58383 66
      vertex 80.9929 -5.73884 66
    endloop
  endfacet
  facet normal 0 0 -1
    outer loop
      vertex 75.095 3.1943 66
      vertex 80.9929 -5.73884 66
      vertex 80.8951 -5.74572 66
    endloop
  endfacet
  facet normal 0 0 -1
    outer loop
      vertex 84.896 -5.58383 66
      vertex 75.095 3.1943 66
      vertex 84.1943 12.3712 66
    endloop
  endfacet
  facet normal 0 0 -1
    outer loop
      vertex 74.8907 6.68895 66
      vertex 84.1943 12.3712 66
      vertex 75.095 3.1943 66
    endloop
  endfacet
  facet normal 0 0 -1
    outer loop
      vertex 75.095 3.1943 66
      vertex 80.8951 -5.74572 66
      vertex 76.9957 -5.89163 66
    endloop
  endfacet
  facet normal 0 0 -1
    outer loop
      vertex 75.095 3.1943 66
      vertex 76.9957 -5.89163 66
      vertex 76.898 -5.89827 66
    endloop
  endfacet
  facet normal -0 0 -1
    outer loop
      vertex 84.1943 12.3712 66
      vertex 74.8907 6.68895 66
      vertex 80.388 12.5846 66
    endloop
  endfacet
  facet normal -0 0 -1
    outer loop
      vertex 80.388 12.5846 66
      vertex 74.8907 6.68895 66
      vertex 80.2926 12.5863 66
    endloop
  endfacet
  facet normal -0 0 -1
    outer loop
      vertex 80.2926 12.5863 66
      vertex 74.8907 6.68895 66
      vertex 76.4919 12.7676 66
    endloop
  endfacet
  facet normal 0 0 -1
    outer loop
      vertex 73.0035 -6.03398 66
      vertex 75.095 3.1943 66
      vertex 76.898 -5.89827 66
    endloop
  endfacet
  facet normal 0 0 -1
    outer loop
      vertex 72.9059 -6.04036 66
      vertex 75.095 3.1943 66
      vertex 73.0035 -6.03398 66
    endloop
  endfacet
  facet normal 0 0 -1
    outer loop
      vertex 69.0187 -6.16409 66
      vertex 75.095 3.1943 66
      vertex 72.9059 -6.04036 66
    endloop
  endfacet
  facet normal 0 0 -1
    outer loop
      vertex 64.1186 2.47487 66
      vertex 69.0187 -6.16409 66
      vertex 68.9213 -6.17017 66
    endloop
  endfacet
  facet normal 0 0 -1
    outer loop
      vertex 64.1186 2.47487 66
      vertex 68.9213 -6.17017 66
      vertex 65.0435 -6.27965 66
    endloop
  endfacet
  facet normal 0 0 -1
    outer loop
      vertex 64.1186 2.47487 66
      vertex 65.0435 -6.27965 66
      vertex 64.9463 -6.28536 66
    endloop
  endfacet
  facet normal 0 0 -1
    outer loop
      vertex 69.0187 -6.16409 66
      vertex 64.1186 2.47487 66
      vertex 75.095 3.1943 66
    endloop
  endfacet
  facet normal 0 0 -1
    outer loop
      vertex 60.9818 -6.38367 66
      vertex 64.1186 2.47487 66
      vertex 61.0787 -6.37838 66
    endloop
  endfacet
  facet normal 0 0 -1
    outer loop
      vertex 61.0787 -6.37838 66
      vertex 64.1186 2.47487 66
      vertex 64.9463 -6.28536 66
    endloop
  endfacet
  facet normal 0 0 -1
    outer loop
      vertex 119.838 3.9363 66
      vertex 123.422 8.65647 66
      vertex 119.909 3.58157 66
    endloop
  endfacet
  facet normal -0 0 -1
    outer loop
      vertex 123.422 8.65647 66
      vertex 119.838 3.9363 66
      vertex 123.326 8.66549 66
    endloop
  endfacet
  facet normal 0 0 -1
    outer loop
      vertex 119.722 4.27879 66
      vertex 123.326 8.66549 66
      vertex 119.838 3.9363 66
    endloop
  endfacet
  facet normal 0 0 -1
    outer loop
      vertex 119.562 4.60317 66
      vertex 123.326 8.66549 66
      vertex 119.722 4.27879 66
    endloop
  endfacet
  facet normal 0 0 -1
    outer loop
      vertex 119.361 4.90389 66
      vertex 123.326 8.66549 66
      vertex 119.562 4.60317 66
    endloop
  endfacet
  facet normal 0 0 -1
    outer loop
      vertex 119.123 5.17582 66
      vertex 123.326 8.66549 66
      vertex 119.361 4.90389 66
    endloop
  endfacet
  facet normal -0 0 -1
    outer loop
      vertex 123.326 8.66549 66
      vertex 119.123 5.17582 66
      vertex 119.497 9.14233 66
    endloop
  endfacet
  facet normal 0 0 -1
    outer loop
      vertex 118.851 5.41429 66
      vertex 119.497 9.14233 66
      vertex 119.123 5.17582 66
    endloop
  endfacet
  facet normal 0 0 -1
    outer loop
      vertex 118.55 5.61523 66
      vertex 119.497 9.14233 66
      vertex 118.851 5.41429 66
    endloop
  endfacet
  facet normal -0 0 -1
    outer loop
      vertex 119.497 9.14233 66
      vertex 118.55 5.61523 66
      vertex 119.401 9.1508 66
    endloop
  endfacet
  facet normal 0 0 -1
    outer loop
      vertex 118.226 5.77519 66
      vertex 119.401 9.1508 66
      vertex 118.55 5.61523 66
    endloop
  endfacet
  facet normal 0 0 -1
    outer loop
      vertex 117.883 5.89145 66
      vertex 119.401 9.1508 66
      vertex 118.226 5.77519 66
    endloop
  endfacet
  facet normal 0 0 -1
    outer loop
      vertex 117.529 5.96201 66
      vertex 119.401 9.1508 66
      vertex 117.883 5.89145 66
    endloop
  endfacet
  facet normal 0 0 -1
    outer loop
      vertex 117.168 5.98567 66
      vertex 119.401 9.1508 66
      vertex 117.529 5.96201 66
    endloop
  endfacet
  facet normal 0 0 -1
    outer loop
      vertex 115.579 9.60551 66
      vertex 117.168 5.98567 66
      vertex 116.807 5.96201 66
    endloop
  endfacet
  facet normal 0 0 -1
    outer loop
      vertex 115.579 9.60551 66
      vertex 116.807 5.96201 66
      vertex 116.452 5.89145 66
    endloop
  endfacet
  facet normal 0 0 -1
    outer loop
      vertex 115.579 9.60551 66
      vertex 116.452 5.89145 66
      vertex 116.109 5.77519 66
    endloop
  endfacet
  facet normal 0 0 -1
    outer loop
      vertex 115.483 9.61339 66
      vertex 116.109 5.77519 66
      vertex 115.785 5.61523 66
    endloop
  endfacet
  facet normal 0 0 -1
    outer loop
      vertex 117.168 5.98567 66
      vertex 115.579 9.60551 66
      vertex 119.401 9.1508 66
    endloop
  endfacet
  facet normal 0 0 -1
    outer loop
      vertex 115.483 9.61339 66
      vertex 115.785 5.61523 66
      vertex 115.484 5.41429 66
    endloop
  endfacet
  facet normal 0 0 -1
    outer loop
      vertex 116.109 5.77519 66
      vertex 115.483 9.61339 66
      vertex 115.579 9.60551 66
    endloop
  endfacet
  facet normal 0 0 -1
    outer loop
      vertex 115.212 5.17582 66
      vertex 115.483 9.61339 66
      vertex 115.484 5.41429 66
    endloop
  endfacet
  facet normal 0 0 -1
    outer loop
      vertex 111.665 10.0443 66
      vertex 115.212 5.17582 66
      vertex 114.974 4.90389 66
    endloop
  endfacet
  facet normal 0 0 -1
    outer loop
      vertex 111.665 10.0443 66
      vertex 114.974 4.90389 66
      vertex 114.773 4.60317 66
    endloop
  endfacet
  facet normal 0 0 -1
    outer loop
      vertex 111.665 10.0443 66
      vertex 114.773 4.60317 66
      vertex 114.613 4.27879 66
    endloop
  endfacet
  facet normal 0 0 -1
    outer loop
      vertex 111.665 10.0443 66
      vertex 114.613 4.27879 66
      vertex 114.497 3.9363 66
    endloop
  endfacet
  facet normal 0 0 -1
    outer loop
      vertex 111.665 10.0443 66
      vertex 114.497 3.9363 66
      vertex 114.426 3.58157 66
    endloop
  endfacet
  facet normal 0 0 -1
    outer loop
      vertex 115.212 5.17582 66
      vertex 111.665 10.0443 66
      vertex 115.483 9.61339 66
    endloop
  endfacet
  facet normal 0 0 -1
    outer loop
      vertex 111.665 10.0443 66
      vertex 114.426 3.58157 66
      vertex 114.403 3.22067 66
    endloop
  endfacet
  facet normal -0 0 -1
    outer loop
      vertex 76.4919 12.7676 66
      vertex 74.8907 6.68895 66
      vertex 76.3967 12.7684 66
    endloop
  endfacet
  facet normal 0 0 -1
    outer loop
      vertex 74.8907 6.68895 66
      vertex 72.6019 12.9159 66
      vertex 76.3967 12.7684 66
    endloop
  endfacet
  facet normal 0 0 -1
    outer loop
      vertex 74.8907 6.68895 66
      vertex 72.5068 12.9158 66
      vertex 72.6019 12.9159 66
    endloop
  endfacet
  facet normal 0 0 -1
    outer loop
      vertex 74.8907 6.68895 66
      vertex 68.7176 13.028 66
      vertex 72.5068 12.9158 66
    endloop
  endfacet
  facet normal 0 0 -1
    outer loop
      vertex 63.9143 5.96952 66
      vertex 68.7176 13.028 66
      vertex 74.8907 6.68895 66
    endloop
  endfacet
  facet normal 0 0 -1
    outer loop
      vertex 68.7176 13.028 66
      vertex 63.9143 5.96952 66
      vertex 68.6227 13.027 66
    endloop
  endfacet
  facet normal -0 0 -1
    outer loop
      vertex 68.6227 13.027 66
      vertex 63.9143 5.96952 66
      vertex 64.8421 13.1019 66
    endloop
  endfacet
  facet normal 0 0 -1
    outer loop
      vertex 64.8421 13.1019 66
      vertex 63.9143 5.96952 66
      vertex 64.7476 13.0999 66
    endloop
  endfacet
  facet normal 0 0 -1
    outer loop
      vertex 57.1243 -6.45785 66
      vertex 64.1186 2.47487 66
      vertex 60.9818 -6.38367 66
    endloop
  endfacet
  facet normal 0 0 -1
    outer loop
      vertex 57.0276 -6.46266 66
      vertex 64.1186 2.47487 66
      vertex 57.1243 -6.45785 66
    endloop
  endfacet
  facet normal 0 0 -1
    outer loop
      vertex 63.9143 5.96952 66
      vertex 60.9812 13.135 66
      vertex 64.7476 13.0999 66
    endloop
  endfacet
  facet normal 0 0 -1
    outer loop
      vertex 63.9143 5.96952 66
      vertex 60.8872 13.1319 66
      vertex 60.9812 13.135 66
    endloop
  endfacet
  facet normal 0 0 -1
    outer loop
      vertex 63.9143 5.96952 66
      vertex 57.1389 13.1232 66
      vertex 60.8872 13.1319 66
    endloop
  endfacet
  facet normal 0 0 -1
    outer loop
      vertex 53.1793 -6.51557 66
      vertex 64.1186 2.47487 66
      vertex 57.0276 -6.46266 66
    endloop
  endfacet
  facet normal 0 0 -1
    outer loop
      vertex 63.9143 5.96952 66
      vertex 57.0455 13.119 66
      vertex 57.1389 13.1232 66
    endloop
  endfacet
  facet normal 0 -0 -1
    outer loop
      vertex 53.3163 13.0628 66
      vertex 64.1186 2.47487 66
      vertex 53.1793 -6.51557 66
    endloop
  endfacet
  facet normal 0 0 -1
    outer loop
      vertex 63.9143 5.96952 66
      vertex 53.3163 13.0628 66
      vertex 57.0455 13.119 66
    endloop
  endfacet
  facet normal 0 0 -1
    outer loop
      vertex 64.1186 2.47487 66
      vertex 53.3163 13.0628 66
      vertex 63.9143 5.96952 66
    endloop
  endfacet
  facet normal 0 0 -1
    outer loop
      vertex 53.3163 13.0628 66
      vertex 53.1793 -6.51557 66
      vertex 53.2233 13.0573 66
    endloop
  endfacet
  facet normal 0 0 -1
    outer loop
      vertex 43.8036 1.78201 66
      vertex 53.1793 -6.51557 66
      vertex 53.0828 -6.51985 66
    endloop
  endfacet
  facet normal 0 0 -1
    outer loop
      vertex 53.1793 -6.51557 66
      vertex 43.8036 1.78201 66
      vertex 53.2233 13.0573 66
    endloop
  endfacet
  facet normal 0 0 -1
    outer loop
      vertex 43.7627 1.98728 66
      vertex 53.2233 13.0573 66
      vertex 43.8036 1.78201 66
    endloop
  endfacet
  facet normal 0 0 -1
    outer loop
      vertex 43.8036 1.36433 66
      vertex 53.0828 -6.51985 66
      vertex 49.2437 -6.5489 66
    endloop
  endfacet
  facet normal 0 0 -1
    outer loop
      vertex 43.8036 1.36433 66
      vertex 49.2437 -6.5489 66
      vertex 49.1475 -6.55257 66
    endloop
  endfacet
  facet normal 0 0 -1
    outer loop
      vertex 43.6955 2.18546 66
      vertex 53.2233 13.0573 66
      vertex 43.7627 1.98728 66
    endloop
  endfacet
  facet normal 0 0 -1
    outer loop
      vertex 43.6029 2.37317 66
      vertex 49.5129 12.9499 66
      vertex 43.6955 2.18546 66
    endloop
  endfacet
  facet normal 0 0 -1
    outer loop
      vertex 43.8036 1.36433 66
      vertex 49.1475 -6.55257 66
      vertex 45.3253 -6.55497 66
    endloop
  endfacet
  facet normal 0 0 -1
    outer loop
      vertex 43.1913 0.303805 66
      vertex 45.3253 -6.55497 66
      vertex 45.2295 -6.55796 66
    endloop
  endfacet
  facet normal 0 0 -1
    outer loop
      vertex 53.0828 -6.51985 66
      vertex 43.8173 1.57317 66
      vertex 43.8036 1.78201 66
    endloop
  endfacet
  facet normal 0 0 -1
    outer loop
      vertex 53.2233 13.0573 66
      vertex 43.6955 2.18546 66
      vertex 49.5129 12.9499 66
    endloop
  endfacet
  facet normal 0 0 -1
    outer loop
      vertex 49.5129 12.9499 66
      vertex 43.6029 2.37317 66
      vertex 49.4206 12.943 66
    endloop
  endfacet
  facet normal 0 0 -1
    outer loop
      vertex 43.4866 2.54719 66
      vertex 49.4206 12.943 66
      vertex 43.6029 2.37317 66
    endloop
  endfacet
  facet normal 0 0 -1
    outer loop
      vertex 43.3486 2.70454 66
      vertex 49.4206 12.943 66
      vertex 43.4866 2.54719 66
    endloop
  endfacet
  facet normal 0 0 -1
    outer loop
      vertex 49.4206 12.943 66
      vertex 43.3486 2.70454 66
      vertex 45.7307 12.7808 66
    endloop
  endfacet
  facet normal 0 0 -1
    outer loop
      vertex 43.1913 2.84254 66
      vertex 45.7307 12.7808 66
      vertex 43.3486 2.70454 66
    endloop
  endfacet
  facet normal 0 0 -1
    outer loop
      vertex 45.7307 12.7808 66
      vertex 43.1913 2.84254 66
      vertex 45.639 12.7724 66
    endloop
  endfacet
  facet normal 0 0 -1
    outer loop
      vertex 43.0173 2.95881 66
      vertex 45.639 12.7724 66
      vertex 43.1913 2.84254 66
    endloop
  endfacet
  facet normal 0 0 -1
    outer loop
      vertex 42.8296 3.05138 66
      vertex 45.639 12.7724 66
      vertex 43.0173 2.95881 66
    endloop
  endfacet
  facet normal 0 0 -1
    outer loop
      vertex 42.6314 3.11865 66
      vertex 45.639 12.7724 66
      vertex 42.8296 3.05138 66
    endloop
  endfacet
  facet normal 0 0 -1
    outer loop
      vertex 41.9731 12.5513 66
      vertex 42.6314 3.11865 66
      vertex 42.4261 3.15948 66
    endloop
  endfacet
  facet normal 0 0 -1
    outer loop
      vertex 41.9731 12.5513 66
      vertex 42.4261 3.15948 66
      vertex 42.2173 3.17317 66
    endloop
  endfacet
  facet normal 0 0 -1
    outer loop
      vertex 41.8821 12.5414 66
      vertex 42.2173 3.17317 66
      vertex 42.0084 3.15948 66
    endloop
  endfacet
  facet normal 0 0 -1
    outer loop
      vertex 42.6314 3.11865 66
      vertex 41.9731 12.5513 66
      vertex 45.639 12.7724 66
    endloop
  endfacet
  facet normal 0 0 -1
    outer loop
      vertex 42.2173 3.17317 66
      vertex 41.8821 12.5414 66
      vertex 41.9731 12.5513 66
    endloop
  endfacet
  facet normal 0 0 -1
    outer loop
      vertex 41.8032 3.11865 66
      vertex 41.8821 12.5414 66
      vertex 42.0084 3.15948 66
    endloop
  endfacet
  facet normal 0 0 -1
    outer loop
      vertex 38.2457 12.2575 66
      vertex 41.8032 3.11865 66
      vertex 41.605 3.05138 66
    endloop
  endfacet
  facet normal 0 0 -1
    outer loop
      vertex 38.2457 12.2575 66
      vertex 41.605 3.05138 66
      vertex 41.4173 2.95881 66
    endloop
  endfacet
  facet normal 0 0 -1
    outer loop
      vertex 38.2457 12.2575 66
      vertex 41.4173 2.95881 66
      vertex 41.2432 2.84254 66
    endloop
  endfacet
  facet normal 0 0 -1
    outer loop
      vertex 38.2457 12.2575 66
      vertex 41.2432 2.84254 66
      vertex 41.0859 2.70454 66
    endloop
  endfacet
  facet normal 0 0 -1
    outer loop
      vertex 38.2457 12.2575 66
      vertex 41.0859 2.70454 66
      vertex 40.9479 2.54719 66
    endloop
  endfacet
  facet normal 0 0 -1
    outer loop
      vertex 38.2457 12.2575 66
      vertex 40.9479 2.54719 66
      vertex 40.8316 2.37317 66
    endloop
  endfacet
  facet normal 0 0 -1
    outer loop
      vertex 38.2457 12.2575 66
      vertex 40.8316 2.37317 66
      vertex 40.7391 2.18546 66
    endloop
  endfacet
  facet normal 0 0 -1
    outer loop
      vertex 38.2457 12.2575 66
      vertex 40.7391 2.18546 66
      vertex 40.6718 1.98728 66
    endloop
  endfacet
  facet normal 0 0 -1
    outer loop
      vertex 38.2457 12.2575 66
      vertex 40.6718 1.98728 66
      vertex 40.631 1.78201 66
    endloop
  endfacet
  facet normal 0 0 -1
    outer loop
      vertex 41.8032 3.11865 66
      vertex 38.2457 12.2575 66
      vertex 41.8821 12.5414 66
    endloop
  endfacet
  facet normal 0 0 -1
    outer loop
      vertex 38.2457 12.2575 66
      vertex 40.631 1.78201 66
      vertex 40.6173 1.57317 66
    endloop
  endfacet
  facet normal 0.827343 0.561697 0
    outer loop
      vertex 206.981 1.83715 66.6
      vertex 206.476 2.58034 66
      vertex 206.476 2.58034 66.6
    endloop
  endfacet
  facet normal 0.827343 0.561697 0
    outer loop
      vertex 206.476 2.58034 66
      vertex 206.981 1.83715 66.6
      vertex 206.981 1.83715 66
    endloop
  endfacet
  facet normal 0.991517 0.129974 0
    outer loop
      vertex 207.39 0.284236 66.6
      vertex 207.287 1.06739 66
      vertex 207.287 1.06739 66.6
    endloop
  endfacet
  facet normal 0.991517 0.129974 0
    outer loop
      vertex 207.287 1.06739 66
      vertex 207.39 0.284236 66.6
      vertex 207.39 0.284236 66
    endloop
  endfacet
  facet normal -0.0327546 0.999463 0
    outer loop
      vertex 195.39 6.28424 66
      vertex 193.823 6.2329 66.6
      vertex 195.39 6.28424 66.6
    endloop
  endfacet
  facet normal -0.0327546 0.999463 0
    outer loop
      vertex 193.823 6.2329 66.6
      vertex 195.39 6.28424 66
      vertex 193.823 6.2329 66
    endloop
  endfacet
  facet normal 0.401578 0.915825 -0
    outer loop
      vertex 203.875 4.52688 66
      vertex 202.695 5.04436 66.6
      vertex 203.875 4.52688 66.6
    endloop
  endfacet
  facet normal 0.401578 0.915825 0
    outer loop
      vertex 202.695 5.04436 66.6
      vertex 203.875 4.52688 66
      vertex 202.695 5.04436 66
    endloop
  endfacet
  facet normal -0.495296 0.868724 0
    outer loop
      vertex 186.904 4.52688 66
      vertex 185.869 3.9368 66.6
      vertex 186.904 4.52688 66.6
    endloop
  endfacet
  facet normal -0.495296 0.868724 0
    outer loop
      vertex 185.869 3.9368 66.6
      vertex 186.904 4.52688 66
      vertex 185.869 3.9368 66
    endloop
  endfacet
  facet normal -0.239404 0.97092 0
    outer loop
      vertex 190.797 5.82751 66
      vertex 189.39 5.48039 66.6
      vertex 190.797 5.82751 66.6
    endloop
  endfacet
  facet normal -0.239404 0.97092 0
    outer loop
      vertex 189.39 5.48039 66.6
      vertex 190.797 5.82751 66
      vertex 189.39 5.48039 66
    endloop
  endfacet
  facet normal -0.401578 -0.915825 0
    outer loop
      vertex 186.904 -3.9584 66
      vertex 188.085 -4.47588 66.6
      vertex 186.904 -3.9584 66.6
    endloop
  endfacet
  facet normal -0.401578 -0.915825 -0
    outer loop
      vertex 188.085 -4.47588 66.6
      vertex 186.904 -3.9584 66
      vertex 188.085 -4.47588 66
    endloop
  endfacet
  facet normal 0.711973 0.702207 0
    outer loop
      vertex 206.476 2.58034 66.6
      vertex 205.782 3.28424 66
      vertex 205.782 3.28424 66.6
    endloop
  endfacet
  facet normal 0.711973 0.702207 0
    outer loop
      vertex 205.782 3.28424 66
      vertex 206.476 2.58034 66.6
      vertex 206.476 2.58034 66
    endloop
  endfacet
  facet normal 0.167334 0.9859 -0
    outer loop
      vertex 199.982 5.82751 66
      vertex 198.495 6.07979 66.6
      vertex 199.982 5.82751 66.6
    endloop
  endfacet
  facet normal 0.167334 0.9859 0
    outer loop
      vertex 198.495 6.07979 66.6
      vertex 199.982 5.82751 66
      vertex 198.495 6.07979 66
    endloop
  endfacet
  facet normal 0.0327546 0.999463 -0
    outer loop
      vertex 196.956 6.2329 66
      vertex 195.39 6.28424 66.6
      vertex 196.956 6.2329 66.6
    endloop
  endfacet
  facet normal 0.0327546 0.999463 0
    outer loop
      vertex 195.39 6.28424 66.6
      vertex 196.956 6.2329 66
      vertex 195.39 6.28424 66
    endloop
  endfacet
  facet normal 0.316875 0.948467 -0
    outer loop
      vertex 202.695 5.04436 66
      vertex 201.39 5.48039 66.6
      vertex 202.695 5.04436 66.6
    endloop
  endfacet
  facet normal 0.316875 0.948467 0
    outer loop
      vertex 201.39 5.48039 66.6
      vertex 202.695 5.04436 66
      vertex 201.39 5.48039 66
    endloop
  endfacet
  facet normal -0.711965 0.702215 0
    outer loop
      vertex 184.303 2.58034 66
      vertex 184.997 3.28424 66.6
      vertex 184.997 3.28424 66
    endloop
  endfacet
  facet normal -0.711965 0.702215 0
    outer loop
      vertex 184.997 3.28424 66.6
      vertex 184.303 2.58034 66
      vertex 184.303 2.58034 66.6
    endloop
  endfacet
  facet normal -0.599134 0.800649 0
    outer loop
      vertex 185.869 3.9368 66
      vertex 184.997 3.28424 66.6
      vertex 185.869 3.9368 66.6
    endloop
  endfacet
  facet normal -0.599134 0.800649 0
    outer loop
      vertex 184.997 3.28424 66.6
      vertex 185.869 3.9368 66
      vertex 184.997 3.28424 66
    endloop
  endfacet
  facet normal -0.929172 0.369648 0
    outer loop
      vertex 183.492 1.06739 66.227
      vertex 183.799 1.83715 66.6
      vertex 183.799 1.83715 66
    endloop
  endfacet
  facet normal -0.929172 0.369648 0
    outer loop
      vertex 183.492 1.06739 66.227
      vertex 183.799 1.83715 66
      vertex 183.492 1.06739 66
    endloop
  endfacet
  facet normal -0.92917 0.369653 -1.23368e-005
    outer loop
      vertex 183.799 1.83715 66.6
      vertex 183.492 1.06739 66.227
      vertex 183.501 1.08892 66.6
    endloop
  endfacet
  facet normal -0.401578 0.915825 0
    outer loop
      vertex 188.085 5.04436 66
      vertex 186.904 4.52688 66.6
      vertex 188.085 5.04436 66.6
    endloop
  endfacet
  facet normal -0.401578 0.915825 0
    outer loop
      vertex 186.904 4.52688 66.6
      vertex 188.085 5.04436 66
      vertex 186.904 4.52688 66
    endloop
  endfacet
  facet normal -0.098967 0.995091 0
    outer loop
      vertex 193.823 6.2329 66
      vertex 192.284 6.07979 66.6
      vertex 193.823 6.2329 66.6
    endloop
  endfacet
  facet normal -0.098967 0.995091 0
    outer loop
      vertex 192.284 6.07979 66.6
      vertex 193.823 6.2329 66
      vertex 192.284 6.07979 66
    endloop
  endfacet
  facet normal 0.991517 -0.129974 0
    outer loop
      vertex 207.287 -0.49892 66.6
      vertex 207.39 0.284236 66
      vertex 207.39 0.284236 66.6
    endloop
  endfacet
  facet normal 0.991517 -0.129974 0
    outer loop
      vertex 207.39 0.284236 66
      vertex 207.287 -0.49892 66.6
      vertex 207.287 -0.49892 66
    endloop
  endfacet
  facet normal 0.929172 -0.369648 0
    outer loop
      vertex 206.981 -1.26868 66.6
      vertex 207.287 -0.49892 66
      vertex 207.287 -0.49892 66.6
    endloop
  endfacet
  facet normal 0.929172 -0.369648 0
    outer loop
      vertex 207.287 -0.49892 66
      vertex 206.981 -1.26868 66.6
      vertex 206.981 -1.26868 66
    endloop
  endfacet
  facet normal -0.0989676 -0.995091 0
    outer loop
      vertex 192.284 -5.51132 66
      vertex 193.823 -5.66443 66.6
      vertex 192.284 -5.51132 66.6
    endloop
  endfacet
  facet normal -0.0989676 -0.995091 -0
    outer loop
      vertex 193.823 -5.66443 66.6
      vertex 192.284 -5.51132 66
      vertex 193.823 -5.66443 66
    endloop
  endfacet
  facet normal -0.167334 -0.9859 0
    outer loop
      vertex 190.797 -5.25904 66
      vertex 192.284 -5.51132 66.6
      vertex 190.797 -5.25904 66.6
    endloop
  endfacet
  facet normal -0.167334 -0.9859 -0
    outer loop
      vertex 192.284 -5.51132 66.6
      vertex 190.797 -5.25904 66
      vertex 192.284 -5.51132 66
    endloop
  endfacet
  facet normal -0.929167 -0.36966 -0
    outer loop
      vertex 183.799 -1.26868 66.6
      vertex 183.627 -0.838269 66
      vertex 183.799 -1.26868 66
    endloop
  endfacet
  facet normal -0.929173 -0.369644 1.33172e-005
    outer loop
      vertex 183.627 -0.838269 66
      vertex 183.799 -1.26868 66.6
      vertex 183.62 -0.820949 66.6
    endloop
  endfacet
  facet normal 0.929172 0.369648 0
    outer loop
      vertex 207.287 1.06739 66.6
      vertex 206.981 1.83715 66
      vertex 206.981 1.83715 66.6
    endloop
  endfacet
  facet normal 0.929172 0.369648 0
    outer loop
      vertex 206.981 1.83715 66
      vertex 207.287 1.06739 66.6
      vertex 207.287 1.06739 66
    endloop
  endfacet
  facet normal 0.599127 0.800654 -0
    outer loop
      vertex 205.782 3.28424 66
      vertex 204.91 3.9368 66.6
      vertex 205.782 3.28424 66.6
    endloop
  endfacet
  facet normal 0.599127 0.800654 0
    outer loop
      vertex 204.91 3.9368 66.6
      vertex 205.782 3.28424 66
      vertex 204.91 3.9368 66
    endloop
  endfacet
  facet normal 0.495296 0.868724 -0
    outer loop
      vertex 204.91 3.9368 66
      vertex 203.875 4.52688 66.6
      vertex 204.91 3.9368 66.6
    endloop
  endfacet
  facet normal 0.495296 0.868724 0
    outer loop
      vertex 203.875 4.52688 66.6
      vertex 204.91 3.9368 66
      vertex 203.875 4.52688 66
    endloop
  endfacet
  facet normal 0.098968 0.995091 -0
    outer loop
      vertex 198.495 6.07979 66
      vertex 196.956 6.2329 66.6
      vertex 198.495 6.07979 66.6
    endloop
  endfacet
  facet normal 0.098968 0.995091 0
    outer loop
      vertex 196.956 6.2329 66.6
      vertex 198.495 6.07979 66
      vertex 196.956 6.2329 66
    endloop
  endfacet
  facet normal 0.239401 0.970921 -0
    outer loop
      vertex 201.39 5.48039 66
      vertex 199.982 5.82751 66.6
      vertex 201.39 5.48039 66.6
    endloop
  endfacet
  facet normal 0.239401 0.970921 0
    outer loop
      vertex 199.982 5.82751 66.6
      vertex 201.39 5.48039 66
      vertex 199.982 5.82751 66
    endloop
  endfacet
  facet normal -0.827351 0.561686 0
    outer loop
      vertex 183.799 1.83715 66
      vertex 184.303 2.58034 66.6
      vertex 184.303 2.58034 66
    endloop
  endfacet
  facet normal -0.827351 0.561686 0
    outer loop
      vertex 184.303 2.58034 66.6
      vertex 183.799 1.83715 66
      vertex 183.799 1.83715 66.6
    endloop
  endfacet
  facet normal -0.991526 0.129911 0
    outer loop
      vertex 183.492 1.06739 66
      vertex 183.491 1.054 66
      vertex 183.492 1.06739 66.227
    endloop
  endfacet
  facet normal -0.316871 0.948469 0
    outer loop
      vertex 189.39 5.48039 66
      vertex 188.085 5.04436 66.6
      vertex 189.39 5.48039 66.6
    endloop
  endfacet
  facet normal -0.316871 0.948469 0
    outer loop
      vertex 188.085 5.04436 66.6
      vertex 189.39 5.48039 66
      vertex 188.085 5.04436 66
    endloop
  endfacet
  facet normal -0.167334 0.9859 0
    outer loop
      vertex 192.284 6.07979 66
      vertex 190.797 5.82751 66.6
      vertex 192.284 6.07979 66.6
    endloop
  endfacet
  facet normal -0.167334 0.9859 0
    outer loop
      vertex 190.797 5.82751 66.6
      vertex 192.284 6.07979 66
      vertex 190.797 5.82751 66
    endloop
  endfacet
  facet normal 0.239401 -0.970921 0
    outer loop
      vertex 199.982 -5.25904 66
      vertex 201.39 -4.91192 66.6
      vertex 199.982 -5.25904 66.6
    endloop
  endfacet
  facet normal 0.239401 -0.970921 0
    outer loop
      vertex 201.39 -4.91192 66.6
      vertex 199.982 -5.25904 66
      vertex 201.39 -4.91192 66
    endloop
  endfacet
  facet normal 0.0989686 -0.995091 0
    outer loop
      vertex 196.956 -5.66443 66
      vertex 198.495 -5.51132 66.6
      vertex 196.956 -5.66443 66.6
    endloop
  endfacet
  facet normal 0.0989686 -0.995091 0
    outer loop
      vertex 198.495 -5.51132 66.6
      vertex 196.956 -5.66443 66
      vertex 198.495 -5.51132 66
    endloop
  endfacet
  facet normal 0.167334 -0.9859 0
    outer loop
      vertex 198.495 -5.51132 66
      vertex 199.982 -5.25904 66.6
      vertex 198.495 -5.51132 66.6
    endloop
  endfacet
  facet normal 0.167334 -0.9859 0
    outer loop
      vertex 199.982 -5.25904 66.6
      vertex 198.495 -5.51132 66
      vertex 199.982 -5.25904 66
    endloop
  endfacet
  facet normal 0.316875 -0.948467 0
    outer loop
      vertex 201.39 -4.91192 66
      vertex 202.695 -4.47588 66.6
      vertex 201.39 -4.91192 66.6
    endloop
  endfacet
  facet normal 0.316875 -0.948467 0
    outer loop
      vertex 202.695 -4.47588 66.6
      vertex 201.39 -4.91192 66
      vertex 202.695 -4.47588 66
    endloop
  endfacet
  facet normal 0.495296 -0.868724 0
    outer loop
      vertex 203.875 -3.9584 66
      vertex 204.91 -3.36833 66.6
      vertex 203.875 -3.9584 66.6
    endloop
  endfacet
  facet normal 0.495296 -0.868724 0
    outer loop
      vertex 204.91 -3.36833 66.6
      vertex 203.875 -3.9584 66
      vertex 204.91 -3.36833 66
    endloop
  endfacet
  facet normal 0.401578 -0.915825 0
    outer loop
      vertex 202.695 -4.47588 66
      vertex 203.875 -3.9584 66.6
      vertex 202.695 -4.47588 66.6
    endloop
  endfacet
  facet normal 0.401578 -0.915825 0
    outer loop
      vertex 203.875 -3.9584 66.6
      vertex 202.695 -4.47588 66
      vertex 203.875 -3.9584 66
    endloop
  endfacet
  facet normal 0.827343 -0.561698 0
    outer loop
      vertex 206.476 -2.01186 66.6
      vertex 206.981 -1.26868 66
      vertex 206.981 -1.26868 66.6
    endloop
  endfacet
  facet normal 0.827343 -0.561698 0
    outer loop
      vertex 206.981 -1.26868 66
      vertex 206.476 -2.01186 66.6
      vertex 206.476 -2.01186 66
    endloop
  endfacet
  facet normal 0.599128 -0.800653 0
    outer loop
      vertex 204.91 -3.36833 66
      vertex 205.782 -2.71576 66.6
      vertex 204.91 -3.36833 66.6
    endloop
  endfacet
  facet normal 0.599128 -0.800653 0
    outer loop
      vertex 205.782 -2.71576 66.6
      vertex 204.91 -3.36833 66
      vertex 205.782 -2.71576 66
    endloop
  endfacet
  facet normal 0.711973 -0.702207 0
    outer loop
      vertex 205.782 -2.71576 66.6
      vertex 206.476 -2.01186 66
      vertex 206.476 -2.01186 66.6
    endloop
  endfacet
  facet normal 0.711973 -0.702207 0
    outer loop
      vertex 206.476 -2.01186 66
      vertex 205.782 -2.71576 66.6
      vertex 205.782 -2.71576 66
    endloop
  endfacet
  facet normal -0.032754 -0.999463 0
    outer loop
      vertex 193.823 -5.66443 66
      vertex 195.39 -5.71576 66.6
      vertex 193.823 -5.66443 66.6
    endloop
  endfacet
  facet normal -0.032754 -0.999463 -0
    outer loop
      vertex 195.39 -5.71576 66.6
      vertex 193.823 -5.66443 66
      vertex 195.39 -5.71576 66
    endloop
  endfacet
  facet normal -0.316871 -0.948469 0
    outer loop
      vertex 188.085 -4.47588 66
      vertex 189.39 -4.91192 66.6
      vertex 188.085 -4.47588 66.6
    endloop
  endfacet
  facet normal -0.316871 -0.948469 -0
    outer loop
      vertex 189.39 -4.91192 66.6
      vertex 188.085 -4.47588 66
      vertex 189.39 -4.91192 66
    endloop
  endfacet
  facet normal 0.032754 -0.999463 0
    outer loop
      vertex 195.39 -5.71576 66
      vertex 196.956 -5.66443 66.6
      vertex 195.39 -5.71576 66.6
    endloop
  endfacet
  facet normal 0.032754 -0.999463 0
    outer loop
      vertex 196.956 -5.66443 66.6
      vertex 195.39 -5.71576 66
      vertex 196.956 -5.66443 66
    endloop
  endfacet
  facet normal -0.239404 -0.97092 0
    outer loop
      vertex 189.39 -4.91192 66
      vertex 190.797 -5.25904 66.6
      vertex 189.39 -4.91192 66.6
    endloop
  endfacet
  facet normal -0.239404 -0.97092 -0
    outer loop
      vertex 190.797 -5.25904 66.6
      vertex 189.39 -4.91192 66
      vertex 190.797 -5.25904 66
    endloop
  endfacet
  facet normal -0.599134 -0.800648 0
    outer loop
      vertex 184.997 -2.71576 66
      vertex 185.869 -3.36833 66.6
      vertex 184.997 -2.71576 66.6
    endloop
  endfacet
  facet normal -0.599134 -0.800648 -0
    outer loop
      vertex 185.869 -3.36833 66.6
      vertex 184.997 -2.71576 66
      vertex 185.869 -3.36833 66
    endloop
  endfacet
  facet normal -0.82735 -0.561686 0
    outer loop
      vertex 184.303 -2.01186 66
      vertex 183.799 -1.26868 66.6
      vertex 183.799 -1.26868 66
    endloop
  endfacet
  facet normal -0.82735 -0.561686 0
    outer loop
      vertex 183.799 -1.26868 66.6
      vertex 184.303 -2.01186 66
      vertex 184.303 -2.01186 66.6
    endloop
  endfacet
  facet normal 0 0 1
    outer loop
      vertex 207.287 1.06739 66.6
      vertex 207.287 -0.49892 66.6
      vertex 207.39 0.284236 66.6
    endloop
  endfacet
  facet normal 0 0 1
    outer loop
      vertex 201.528 0.278772 66.6
      vertex 207.287 1.06739 66.6
      vertex 206.981 1.83715 66.6
    endloop
  endfacet
  facet normal 0 0 1
    outer loop
      vertex 207.287 1.06739 66.6
      vertex 201.528 0.278772 66.6
      vertex 207.287 -0.49892 66.6
    endloop
  endfacet
  facet normal 0 0 1
    outer loop
      vertex 201.528 0.278772 66.6
      vertex 206.981 1.83715 66.6
      vertex 206.476 2.58034 66.6
    endloop
  endfacet
  facet normal 0 0 1
    outer loop
      vertex 207.287 -0.49892 66.6
      vertex 201.528 0.278772 66.6
      vertex 206.981 -1.26868 66.6
    endloop
  endfacet
  facet normal 0 0 1
    outer loop
      vertex 201.528 0.278772 66.6
      vertex 206.476 2.58034 66.6
      vertex 205.782 3.28424 66.6
    endloop
  endfacet
  facet normal 0 0 1
    outer loop
      vertex 206.981 -1.26868 66.6
      vertex 201.528 0.278772 66.6
      vertex 206.476 -2.01186 66.6
    endloop
  endfacet
  facet normal 0 0 1
    outer loop
      vertex 201.528 0.278772 66.6
      vertex 205.782 3.28424 66.6
      vertex 204.91 3.9368 66.6
    endloop
  endfacet
  facet normal 0 0 1
    outer loop
      vertex 206.476 -2.01186 66.6
      vertex 201.528 0.278772 66.6
      vertex 205.782 -2.71576 66.6
    endloop
  endfacet
  facet normal 0 0 1
    outer loop
      vertex 201.528 0.278772 66.6
      vertex 204.91 3.9368 66.6
      vertex 203.875 4.52688 66.6
    endloop
  endfacet
  facet normal 0 0 1
    outer loop
      vertex 205.782 -2.71576 66.6
      vertex 201.528 0.278772 66.6
      vertex 204.91 -3.36833 66.6
    endloop
  endfacet
  facet normal 0 0 1
    outer loop
      vertex 201.528 0.278772 66.6
      vertex 203.875 4.52688 66.6
      vertex 202.695 5.04436 66.6
    endloop
  endfacet
  facet normal 0 0 1
    outer loop
      vertex 204.91 -3.36833 66.6
      vertex 201.528 0.278772 66.6
      vertex 203.875 -3.9584 66.6
    endloop
  endfacet
  facet normal 0 0 1
    outer loop
      vertex 203.875 -3.9584 66.6
      vertex 201.528 0.278772 66.6
      vertex 202.695 -4.47588 66.6
    endloop
  endfacet
  facet normal 0 0 1
    outer loop
      vertex 202.695 5.04436 66.6
      vertex 201.488 0.276604 66.6
      vertex 201.528 0.278772 66.6
    endloop
  endfacet
  facet normal 0 0 1
    outer loop
      vertex 201.39 5.48039 66.6
      vertex 201.488 0.276604 66.6
      vertex 202.695 5.04436 66.6
    endloop
  endfacet
  facet normal 0 0 1
    outer loop
      vertex 201.39 5.48039 66.6
      vertex 200.06 0.241895 66.6
      vertex 201.488 0.276604 66.6
    endloop
  endfacet
  facet normal 0 0 1
    outer loop
      vertex 199.982 5.82751 66.6
      vertex 200.06 0.241895 66.6
      vertex 201.39 5.48039 66.6
    endloop
  endfacet
  facet normal 0 0 1
    outer loop
      vertex 200.06 0.241895 66.6
      vertex 199.982 5.82751 66.6
      vertex 199.984 0.240025 66.6
    endloop
  endfacet
  facet normal 0 0 1
    outer loop
      vertex 198.495 6.07979 66.6
      vertex 199.984 0.240025 66.6
      vertex 199.982 5.82751 66.6
    endloop
  endfacet
  facet normal 0 0 1
    outer loop
      vertex 198.495 6.07979 66.6
      vertex 197.261 0.255645 66.6
      vertex 199.984 0.240025 66.6
    endloop
  endfacet
  facet normal 0 0 1
    outer loop
      vertex 196.956 6.2329 66.6
      vertex 197.261 0.255645 66.6
      vertex 198.495 6.07979 66.6
    endloop
  endfacet
  facet normal 0 0 1
    outer loop
      vertex 197.261 0.255645 66.6
      vertex 196.956 6.2329 66.6
      vertex 197.17 0.256209 66.6
    endloop
  endfacet
  facet normal 0 0 1
    outer loop
      vertex 195.39 6.28424 66.6
      vertex 197.17 0.256209 66.6
      vertex 196.956 6.2329 66.6
    endloop
  endfacet
  facet normal 0 0 1
    outer loop
      vertex 195.39 6.28424 66.6
      vertex 193.885 0.376974 66.6
      vertex 197.17 0.256209 66.6
    endloop
  endfacet
  facet normal -0 0 1
    outer loop
      vertex 193.823 6.2329 66.6
      vertex 193.885 0.376974 66.6
      vertex 195.39 6.28424 66.6
    endloop
  endfacet
  facet normal 0 0 1
    outer loop
      vertex 193.823 6.2329 66.6
      vertex 193.786 0.379575 66.6
      vertex 193.885 0.376974 66.6
    endloop
  endfacet
  facet normal -0 0 1
    outer loop
      vertex 192.284 6.07979 66.6
      vertex 193.786 0.379575 66.6
      vertex 193.823 6.2329 66.6
    endloop
  endfacet
  facet normal 0 0 1
    outer loop
      vertex 190.207 0.582957 66.6
      vertex 192.284 6.07979 66.6
      vertex 190.797 5.82751 66.6
    endloop
  endfacet
  facet normal 0 0 1
    outer loop
      vertex 192.284 6.07979 66.6
      vertex 190.207 0.582957 66.6
      vertex 193.786 0.379575 66.6
    endloop
  endfacet
  facet normal -0 0 1
    outer loop
      vertex 189.39 5.48039 66.6
      vertex 190.207 0.582957 66.6
      vertex 190.797 5.82751 66.6
    endloop
  endfacet
  facet normal 0 0 1
    outer loop
      vertex 190.207 0.582957 66.6
      vertex 189.39 5.48039 66.6
      vertex 190.105 0.587128 66.6
    endloop
  endfacet
  facet normal -0 0 1
    outer loop
      vertex 188.085 5.04436 66.6
      vertex 190.105 0.587128 66.6
      vertex 189.39 5.48039 66.6
    endloop
  endfacet
  facet normal -0 0 1
    outer loop
      vertex 186.904 4.52688 66.6
      vertex 190.105 0.587128 66.6
      vertex 188.085 5.04436 66.6
    endloop
  endfacet
  facet normal 0 0 1
    outer loop
      vertex 186.904 4.52688 66.6
      vertex 186.415 0.850641 66.6
      vertex 190.105 0.587128 66.6
    endloop
  endfacet
  facet normal -0 0 1
    outer loop
      vertex 185.869 3.9368 66.6
      vertex 186.415 0.850641 66.6
      vertex 186.904 4.52688 66.6
    endloop
  endfacet
  facet normal 0 0 1
    outer loop
      vertex 186.415 0.850641 66.6
      vertex 185.869 3.9368 66.6
      vertex 186.311 0.856062 66.6
    endloop
  endfacet
  facet normal -0 0 1
    outer loop
      vertex 184.997 3.28424 66.6
      vertex 186.311 0.856062 66.6
      vertex 185.869 3.9368 66.6
    endloop
  endfacet
  facet normal -0 0 1
    outer loop
      vertex 184.303 2.58034 66.6
      vertex 186.311 0.856062 66.6
      vertex 184.997 3.28424 66.6
    endloop
  endfacet
  facet normal -0 0 1
    outer loop
      vertex 183.799 1.83715 66.6
      vertex 186.311 0.856062 66.6
      vertex 184.303 2.58034 66.6
    endloop
  endfacet
  facet normal 0 0 1
    outer loop
      vertex 186.311 0.856062 66.6
      vertex 183.799 1.83715 66.6
      vertex 183.501 1.08892 66.6
    endloop
  endfacet
  facet normal 0 0 1
    outer loop
      vertex 201.528 0.278772 66.6
      vertex 201.39 -4.91192 66.6
      vertex 202.695 -4.47588 66.6
    endloop
  endfacet
  facet normal -0 0 1
    outer loop
      vertex 200.085 0.141339 66.6
      vertex 201.39 -4.91192 66.6
      vertex 201.528 0.278772 66.6
    endloop
  endfacet
  facet normal -0 0 1
    outer loop
      vertex 200.045 0.136316 66.6
      vertex 201.39 -4.91192 66.6
      vertex 200.085 0.141339 66.6
    endloop
  endfacet
  facet normal 0 0 1
    outer loop
      vertex 200.045 0.136316 66.6
      vertex 199.982 -5.25904 66.6
      vertex 201.39 -4.91192 66.6
    endloop
  endfacet
  facet normal -0 0 1
    outer loop
      vertex 197.21 -0.0871287 66.6
      vertex 199.982 -5.25904 66.6
      vertex 200.045 0.136316 66.6
    endloop
  endfacet
  facet normal 0 0 1
    outer loop
      vertex 199.982 -5.25904 66.6
      vertex 197.21 -0.0871287 66.6
      vertex 198.495 -5.51132 66.6
    endloop
  endfacet
  facet normal -0 0 1
    outer loop
      vertex 197.132 -0.0957063 66.6
      vertex 198.495 -5.51132 66.6
      vertex 197.21 -0.0871287 66.6
    endloop
  endfacet
  facet normal 0 0 1
    outer loop
      vertex 197.132 -0.0957063 66.6
      vertex 196.956 -5.66443 66.6
      vertex 198.495 -5.51132 66.6
    endloop
  endfacet
  facet normal 0 0 1
    outer loop
      vertex 197.132 -0.0957063 66.6
      vertex 195.39 -5.71576 66.6
      vertex 196.956 -5.66443 66.6
    endloop
  endfacet
  facet normal -0 0 1
    outer loop
      vertex 193.676 -0.304166 66.6
      vertex 195.39 -5.71576 66.6
      vertex 197.132 -0.0957063 66.6
    endloop
  endfacet
  facet normal 0 0 1
    outer loop
      vertex 195.39 -5.71576 66.6
      vertex 193.676 -0.304166 66.6
      vertex 193.823 -5.66443 66.6
    endloop
  endfacet
  facet normal -0 0 1
    outer loop
      vertex 193.58 -0.312856 66.6
      vertex 193.823 -5.66443 66.6
      vertex 193.676 -0.304166 66.6
    endloop
  endfacet
  facet normal 0 0 1
    outer loop
      vertex 193.58 -0.312856 66.6
      vertex 192.284 -5.51132 66.6
      vertex 193.823 -5.66443 66.6
    endloop
  endfacet
  facet normal 0 0 1
    outer loop
      vertex 193.58 -0.312856 66.6
      vertex 190.797 -5.25904 66.6
      vertex 192.284 -5.51132 66.6
    endloop
  endfacet
  facet normal -0 0 1
    outer loop
      vertex 189.802 -0.510937 66.6
      vertex 190.797 -5.25904 66.6
      vertex 193.58 -0.312856 66.6
    endloop
  endfacet
  facet normal 0 0 1
    outer loop
      vertex 189.39 -4.91192 66.6
      vertex 189.802 -0.510937 66.6
      vertex 189.698 -0.519611 66.6
    endloop
  endfacet
  facet normal 0 0 1
    outer loop
      vertex 189.802 -0.510937 66.6
      vertex 189.39 -4.91192 66.6
      vertex 190.797 -5.25904 66.6
    endloop
  endfacet
  facet normal 0 0 1
    outer loop
      vertex 189.698 -0.519611 66.6
      vertex 188.085 -4.47588 66.6
      vertex 189.39 -4.91192 66.6
    endloop
  endfacet
  facet normal 0 0 1
    outer loop
      vertex 189.698 -0.519611 66.6
      vertex 186.904 -3.9584 66.6
      vertex 188.085 -4.47588 66.6
    endloop
  endfacet
  facet normal -0 0 1
    outer loop
      vertex 185.831 -0.711934 66.6
      vertex 186.904 -3.9584 66.6
      vertex 189.698 -0.519611 66.6
    endloop
  endfacet
  facet normal 0 0 1
    outer loop
      vertex 186.904 -3.9584 66.6
      vertex 185.831 -0.711934 66.6
      vertex 185.869 -3.36833 66.6
    endloop
  endfacet
  facet normal 0 0 1
    outer loop
      vertex 184.997 -2.71576 66.6
      vertex 185.831 -0.711934 66.6
      vertex 185.725 -0.720523 66.6
    endloop
  endfacet
  facet normal 0 0 1
    outer loop
      vertex 185.831 -0.711934 66.6
      vertex 184.997 -2.71576 66.6
      vertex 185.869 -3.36833 66.6
    endloop
  endfacet
  facet normal 0 0 1
    outer loop
      vertex 185.725 -0.720523 66.6
      vertex 184.303 -2.01186 66.6
      vertex 184.997 -2.71576 66.6
    endloop
  endfacet
  facet normal 0 0 1
    outer loop
      vertex 185.725 -0.720523 66.6
      vertex 183.799 -1.26868 66.6
      vertex 184.303 -2.01186 66.6
    endloop
  endfacet
  facet normal 0 -0 1
    outer loop
      vertex 183.799 -1.26868 66.6
      vertex 185.725 -0.720523 66.6
      vertex 183.62 -0.820949 66.6
    endloop
  endfacet
  facet normal -0.495296 -0.868724 0
    outer loop
      vertex 185.869 -3.36833 66
      vertex 186.904 -3.9584 66.6
      vertex 185.869 -3.36833 66.6
    endloop
  endfacet
  facet normal -0.495296 -0.868724 -0
    outer loop
      vertex 186.904 -3.9584 66.6
      vertex 185.869 -3.36833 66
      vertex 186.904 -3.9584 66
    endloop
  endfacet
  facet normal -0.711965 -0.702215 0
    outer loop
      vertex 184.997 -2.71576 66
      vertex 184.303 -2.01186 66.6
      vertex 184.303 -2.01186 66
    endloop
  endfacet
  facet normal -0.711965 -0.702215 0
    outer loop
      vertex 184.303 -2.01186 66.6
      vertex 184.997 -2.71576 66
      vertex 184.997 -2.71576 66.6
    endloop
  endfacet
endsolid OpenSCAD_Model
