solid OpenSCAD_Model
  facet normal 0.955305 0.0892097 -0.281841
    outer loop
      vertex 217.569 5.64929 293
      vertex 215.807 5.46814 286.97
      vertex 217.566 5.68278 293
    endloop
  endfacet
  facet normal 0.959991 -1.36995e-005 -0.280031
    outer loop
      vertex 215.807 5.46814 286.97
      vertex 214.941 5.6506 284
      vertex 217.566 5.68278 293
    endloop
  endfacet
  facet normal 0.959991 0 -0.280031
    outer loop
      vertex 214.941 5.6506 284
      vertex 215.807 5.46814 286.97
      vertex 214.941 5.37903 284
    endloop
  endfacet
  facet normal 0.95955 0.0293165 -0.280009
    outer loop
      vertex 217.566 5.68278 293
      vertex 217.024 11.6286 291.765
      vertex 217.384 11.6665 293
    endloop
  endfacet
  facet normal 0.95955 0.0293169 -0.280008
    outer loop
      vertex 214.941 5.6506 284
      vertex 217.024 11.6286 291.765
      vertex 217.566 5.68278 293
    endloop
  endfacet
  facet normal 0.95955 0.0293163 -0.280007
    outer loop
      vertex 217.024 11.6286 291.765
      vertex 214.941 5.6506 284
      vertex 214.766 11.3946 284
    endloop
  endfacet
  facet normal 0.955566 0.0893002 -0.280924
    outer loop
      vertex 217.662 5.65882 293.318
      vertex 218.44 5.76855 296
      vertex 218.443 5.73818 296
    endloop
  endfacet
  facet normal 0.955604 0.0889117 -0.280919
    outer loop
      vertex 218.44 5.76855 296
      vertex 217.662 5.65882 293.318
      vertex 217.566 5.68278 293
    endloop
  endfacet
  facet normal 0.955583 0.0892356 -0.280889
    outer loop
      vertex 217.566 5.68278 293
      vertex 217.662 5.65882 293.318
      vertex 217.569 5.64929 293
    endloop
  endfacet
  facet normal 0.954011 0.104669 -0.280906
    outer loop
      vertex 218.44 5.76855 296
      vertex 217.566 5.68278 293
      vertex 218.44 5.76897 296
    endloop
  endfacet
  facet normal 0.959456 0.029315 -0.280329
    outer loop
      vertex 218.44 5.76897 296
      vertex 217.476 11.6762 293.318
      vertex 218.258 11.7384 296
    endloop
  endfacet
  facet normal 0.959457 0.0293159 -0.280327
    outer loop
      vertex 217.566 5.68278 293
      vertex 217.476 11.6762 293.318
      vertex 218.44 5.76897 296
    endloop
  endfacet
  facet normal 0.959468 0.029314 -0.28029
    outer loop
      vertex 217.476 11.6762 293.318
      vertex 217.566 5.68278 293
      vertex 217.384 11.6665 293
    endloop
  endfacet
  facet normal 0 0 1
    outer loop
      vertex 214.896 11.3764 284
      vertex 214.941 5.6506 284
      vertex 218.064 11.033 284
    endloop
  endfacet
  facet normal 0 0 1
    outer loop
      vertex 214.941 5.6506 284
      vertex 214.896 11.3764 284
      vertex 214.766 11.3946 284
    endloop
  endfacet
  facet normal 0 0 1
    outer loop
      vertex 255.658 8.68343 284
      vertex 256.766 8.74188 284
      vertex 256.826 8.74755 284
    endloop
  endfacet
  facet normal -0 0 1
    outer loop
      vertex 255.658 8.68343 284
      vertex 255.589 8.59334 284
      vertex 256.766 8.74188 284
    endloop
  endfacet
  facet normal -0 0 1
    outer loop
      vertex 255.599 8.68199 284
      vertex 255.589 8.59334 284
      vertex 255.658 8.68343 284
    endloop
  endfacet
  facet normal 0 0 1
    outer loop
      vertex 255.599 8.68199 284
      vertex 255.472 8.58412 284
      vertex 255.589 8.59334 284
    endloop
  endfacet
  facet normal -0 0 1
    outer loop
      vertex 253.37 8.62669 284
      vertex 255.472 8.58412 284
      vertex 255.599 8.68199 284
    endloop
  endfacet
  facet normal 0 0 1
    outer loop
      vertex 253.158 8.33043 284
      vertex 253.37 8.62669 284
      vertex 253.257 8.62733 284
    endloop
  endfacet
  facet normal 0 0 1
    outer loop
      vertex 253.37 8.62669 284
      vertex 253.158 8.33043 284
      vertex 255.472 8.58412 284
    endloop
  endfacet
  facet normal 0 0 1
    outer loop
      vertex 253.257 8.62733 284
      vertex 253.015 8.32182 284
      vertex 253.158 8.33043 284
    endloop
  endfacet
  facet normal 0 0 1
    outer loop
      vertex 250.567 8.64404 284
      vertex 253.015 8.32182 284
      vertex 253.257 8.62733 284
    endloop
  endfacet
  facet normal 0 0 1
    outer loop
      vertex 250.192 8.06484 284
      vertex 250.567 8.64404 284
      vertex 250.431 8.64902 284
    endloop
  endfacet
  facet normal 0 0 1
    outer loop
      vertex 250.567 8.64404 284
      vertex 250.192 8.06484 284
      vertex 253.015 8.32182 284
    endloop
  endfacet
  facet normal 0 0 1
    outer loop
      vertex 250.431 8.64902 284
      vertex 250.036 8.05666 284
      vertex 250.192 8.06484 284
    endloop
  endfacet
  facet normal 0 0 1
    outer loop
      vertex 247.497 8.72596 284
      vertex 250.036 8.05666 284
      vertex 250.431 8.64902 284
    endloop
  endfacet
  facet normal 0 0 1
    outer loop
      vertex 246.95 7.80014 284
      vertex 247.497 8.72596 284
      vertex 247.35 8.73436 284
    endloop
  endfacet
  facet normal 0 0 1
    outer loop
      vertex 247.497 8.72596 284
      vertex 246.95 7.80014 284
      vertex 250.036 8.05666 284
    endloop
  endfacet
  facet normal 0 0 1
    outer loop
      vertex 247.35 8.73436 284
      vertex 246.79 7.7922 284
      vertex 246.95 7.80014 284
    endloop
  endfacet
  facet normal 0 0 1
    outer loop
      vertex 244.324 8.85773 284
      vertex 246.79 7.7922 284
      vertex 247.35 8.73436 284
    endloop
  endfacet
  facet normal 0 0 1
    outer loop
      vertex 243.632 7.53817 284
      vertex 244.324 8.85773 284
      vertex 244.172 8.86861 284
    endloop
  endfacet
  facet normal 0 0 1
    outer loop
      vertex 244.324 8.85773 284
      vertex 243.632 7.53817 284
      vertex 246.79 7.7922 284
    endloop
  endfacet
  facet normal 0 0 1
    outer loop
      vertex 244.172 8.86861 284
      vertex 242.662 7.49188 284
      vertex 243.632 7.53817 284
    endloop
  endfacet
  facet normal 0 0 1
    outer loop
      vertex 241.099 9.02894 284
      vertex 242.662 7.49188 284
      vertex 244.172 8.86861 284
    endloop
  endfacet
  facet normal 0 0 1
    outer loop
      vertex 240.945 9.04176 284
      vertex 242.662 7.49188 284
      vertex 241.099 9.02894 284
    endloop
  endfacet
  facet normal 0 0 1
    outer loop
      vertex 237.852 9.23298 284
      vertex 242.662 7.49188 284
      vertex 240.945 9.04176 284
    endloop
  endfacet
  facet normal 0 0 1
    outer loop
      vertex 237.696 9.24738 284
      vertex 242.662 7.49188 284
      vertex 237.852 9.23298 284
    endloop
  endfacet
  facet normal 0 0 1
    outer loop
      vertex 234.598 9.46586 284
      vertex 242.662 7.49188 284
      vertex 237.696 9.24738 284
    endloop
  endfacet
  facet normal 0 0 1
    outer loop
      vertex 223.464 5.98692 284
      vertex 234.598 9.46586 284
      vertex 234.442 9.48164 284
    endloop
  endfacet
  facet normal 0 0 1
    outer loop
      vertex 223.464 5.98692 284
      vertex 234.442 9.48164 284
      vertex 231.342 9.72619 284
    endloop
  endfacet
  facet normal 0 0 1
    outer loop
      vertex 223.464 5.98692 284
      vertex 231.342 9.72619 284
      vertex 231.186 9.74329 284
    endloop
  endfacet
  facet normal 0 0 1
    outer loop
      vertex 223.464 5.98692 284
      vertex 231.186 9.74329 284
      vertex 228.082 10.0132 284
    endloop
  endfacet
  facet normal 0 0 1
    outer loop
      vertex 223.464 5.98692 284
      vertex 228.082 10.0132 284
      vertex 227.926 10.0316 284
    endloop
  endfacet
  facet normal 0 0 1
    outer loop
      vertex 223.464 5.98692 284
      vertex 227.926 10.0316 284
      vertex 224.812 10.3251 284
    endloop
  endfacet
  facet normal 0 0 1
    outer loop
      vertex 223.464 5.98692 284
      vertex 224.812 10.3251 284
      vertex 224.656 10.3446 284
    endloop
  endfacet
  facet normal 0 0 1
    outer loop
      vertex 234.598 9.46586 284
      vertex 223.464 5.98692 284
      vertex 242.662 7.49188 284
    endloop
  endfacet
  facet normal 0 0 1
    outer loop
      vertex 221.528 10.6593 284
      vertex 223.464 5.98692 284
      vertex 224.656 10.3446 284
    endloop
  endfacet
  facet normal 0 0 1
    outer loop
      vertex 221.36 5.88542 284
      vertex 221.528 10.6593 284
      vertex 221.37 10.6799 284
    endloop
  endfacet
  facet normal 0 0 1
    outer loop
      vertex 221.528 10.6593 284
      vertex 221.36 5.88542 284
      vertex 223.464 5.98692 284
    endloop
  endfacet
  facet normal 0 0 1
    outer loop
      vertex 218.222 11.0115 284
      vertex 221.36 5.88542 284
      vertex 221.37 10.6799 284
    endloop
  endfacet
  facet normal 0 0 1
    outer loop
      vertex 214.941 5.6506 284
      vertex 218.222 11.0115 284
      vertex 218.064 11.033 284
    endloop
  endfacet
  facet normal 0 0 1
    outer loop
      vertex 218.222 11.0115 284
      vertex 214.941 5.6506 284
      vertex 221.36 5.88542 284
    endloop
  endfacet
  facet normal 0 0 1
    outer loop
      vertex 221.36 5.88542 284
      vertex 214.941 5.6506 284
      vertex 214.941 5.37903 284
    endloop
  endfacet
  facet normal 0.00756078 -0.999654 0.0252069
    outer loop
      vertex 134.212 -0.335967 287.285
      vertex 136.422 -0.167123 293.318
      vertex 134.109 -0.336744 287.285
    endloop
  endfacet
  facet normal 0.00756595 -0.999654 0.025205
    outer loop
      vertex 49.262 -6.55834 66
      vertex 132.737 -0.448577 283.262
      vertex 132.736 -0.437463 283.703
    endloop
  endfacet
  facet normal 0.0075654 -0.999654 0.0252052
    outer loop
      vertex 132.737 -0.448577 283.262
      vertex 49.262 -6.55834 66
      vertex 53.116 -6.52917 66
    endloop
  endfacet
  facet normal 0.0380986 -0.999183 0.0134846
    outer loop
      vertex 133.161 -0.291473 293.318
      vertex 134.109 -0.336744 287.285
      vertex 136.422 -0.167123 293.318
    endloop
  endfacet
  facet normal 0.0380989 -0.999183 0.0134847
    outer loop
      vertex 133.161 -0.291473 293.318
      vertex 132.735 -0.389152 287.285
      vertex 134.109 -0.336744 287.285
    endloop
  endfacet
  facet normal 0.0380985 -0.999183 0.0134847
    outer loop
      vertex 49.1781 -6.56154 66
      vertex 132.735 -0.389152 287.285
      vertex 133.161 -0.291473 293.318
    endloop
  endfacet
  facet normal 0.0380985 -0.999183 0.0134847
    outer loop
      vertex 49.1781 -6.56154 66
      vertex 132.736 -0.437463 283.703
      vertex 132.735 -0.389152 287.285
    endloop
  endfacet
  facet normal 0.0380971 -0.999183 0.0134852
    outer loop
      vertex 132.736 -0.437463 283.703
      vertex 49.1781 -6.56154 66
      vertex 49.262 -6.55834 66
    endloop
  endfacet
  facet normal 0.013743 -0.999632 0.0233687
    outer loop
      vertex 137.499 -0.193404 287.287
      vertex 139.691 -0.0222597 293.318
      vertex 137.396 -0.194816 287.286
    endloop
  endfacet
  facet normal 0.0137438 -0.999632 0.0233685
    outer loop
      vertex 57.0635 -6.47233 66
      vertex 134.58 -0.406536 279.886
      vertex 53.2001 -6.52545 66
    endloop
  endfacet
  facet normal 0.0137463 -0.999632 0.0233676
    outer loop
      vertex 134.58 -0.406536 279.886
      vertex 57.0635 -6.47233 66
      vertex 134.809 -0.403392 279.886
    endloop
  endfacet
  facet normal 0.0442735 -0.998951 0.0117328
    outer loop
      vertex 136.422 -0.167123 293.318
      vertex 137.396 -0.194816 287.286
      vertex 139.691 -0.0222597 293.318
    endloop
  endfacet
  facet normal 0.0442737 -0.998951 0.0117329
    outer loop
      vertex 137.396 -0.194816 287.286
      vertex 136.422 -0.167123 293.318
      vertex 134.212 -0.335967 287.285
    endloop
  endfacet
  facet normal 0.0442735 -0.998951 0.0117329
    outer loop
      vertex 132.737 -0.448577 283.262
      vertex 53.116 -6.52917 66
      vertex 132.736 -0.488271 279.885
    endloop
  endfacet
  facet normal 0.044275 -0.99895 0.0117324
    outer loop
      vertex 53.2001 -6.52545 66
      vertex 132.736 -0.488271 279.885
      vertex 53.116 -6.52917 66
    endloop
  endfacet
  facet normal 0.0442736 -0.998951 0.0117329
    outer loop
      vertex 132.736 -0.488271 279.885
      vertex 53.2001 -6.52545 66
      vertex 134.58 -0.406536 279.886
    endloop
  endfacet
  facet normal 0.0192192 -0.999577 0.0218059
    outer loop
      vertex 140.793 -0.032451 287.288
      vertex 142.967 0.140908 293.318
      vertex 140.69 -0.0344289 287.287
    endloop
  endfacet
  facet normal 0.0192209 -0.999577 0.0218053
    outer loop
      vertex 61.0203 -6.39367 66
      vertex 137.896 -0.249593 279.887
      vertex 57.1478 -6.46813 66
    endloop
  endfacet
  facet normal 0.019221 -0.999577 0.0218052
    outer loop
      vertex 137.896 -0.249593 279.887
      vertex 61.0203 -6.39367 66
      vertex 138.125 -0.245188 279.887
    endloop
  endfacet
  facet normal 0.0497467 -0.998709 0.0102557
    outer loop
      vertex 139.691 -0.0222597 293.318
      vertex 140.69 -0.0344289 287.287
      vertex 142.967 0.140908 293.318
    endloop
  endfacet
  facet normal 0.0497466 -0.998709 0.0102557
    outer loop
      vertex 140.69 -0.0344289 287.287
      vertex 139.691 -0.0222597 293.318
      vertex 137.499 -0.193404 287.287
    endloop
  endfacet
  facet normal 0.0497421 -0.998709 0.0102573
    outer loop
      vertex 57.1478 -6.46813 66
      vertex 134.809 -0.403392 279.886
      vertex 57.0635 -6.47233 66
    endloop
  endfacet
  facet normal 0.0497466 -0.998709 0.0102557
    outer loop
      vertex 134.809 -0.403392 279.886
      vertex 57.1478 -6.46813 66
      vertex 137.896 -0.249593 279.887
    endloop
  endfacet
  facet normal 0.0240387 -0.999501 0.0204966
    outer loop
      vertex 144.095 0.144844 287.288
      vertex 146.251 0.320344 293.318
      vertex 143.992 0.142365 287.288
    endloop
  endfacet
  facet normal 0.0240372 -0.999501 0.0204972
    outer loop
      vertex 64.9875 -6.29568 66
      vertex 141.22 -0.0760639 279.888
      vertex 61.1048 -6.38905 66
    endloop
  endfacet
  facet normal 0.0240353 -0.999501 0.0204978
    outer loop
      vertex 141.22 -0.0760639 279.888
      vertex 64.9875 -6.29568 66
      vertex 141.449 -0.0705422 279.888
    endloop
  endfacet
  facet normal 0.0545584 -0.99847 0.00903453
    outer loop
      vertex 142.967 0.140908 293.318
      vertex 143.992 0.142365 287.288
      vertex 146.251 0.320344 293.318
    endloop
  endfacet
  facet normal 0.0545584 -0.99847 0.00903455
    outer loop
      vertex 143.992 0.142365 287.288
      vertex 142.967 0.140908 293.318
      vertex 140.793 -0.032451 287.288
    endloop
  endfacet
  facet normal 0.0545566 -0.99847 0.00903517
    outer loop
      vertex 61.1048 -6.38905 66
      vertex 138.125 -0.245188 279.887
      vertex 61.0203 -6.39367 66
    endloop
  endfacet
  facet normal 0.0545583 -0.99847 0.00903455
    outer loop
      vertex 138.125 -0.245188 279.887
      vertex 61.1048 -6.38905 66
      vertex 141.22 -0.0760639 279.888
    endloop
  endfacet
  facet normal 0.0282162 -0.999413 0.0194322
    outer loop
      vertex 147.406 0.336461 287.289
      vertex 149.543 0.514038 293.318
      vertex 147.302 0.333543 287.289
    endloop
  endfacet
  facet normal 0.028217 -0.999413 0.0194318
    outer loop
      vertex 141.431 -0.139453 271.488
      vertex 143.676 0.0266236 276.768
      vertex 143.675 0.0413765 277.529
    endloop
  endfacet
  facet normal 0.0282144 -0.999413 0.019433
    outer loop
      vertex 143.676 0.0266236 276.768
      vertex 141.431 -0.139453 271.488
      vertex 141.805 -0.128891 271.488
    endloop
  endfacet
  facet normal 0.028215 -0.999413 0.0194327
    outer loop
      vertex 68.9652 -6.18079 66
      vertex 140.316 -0.229263 268.488
      vertex 65.0722 -6.2907 66
    endloop
  endfacet
  facet normal 0.0282147 -0.999413 0.0194328
    outer loop
      vertex 140.316 -0.229263 268.488
      vertex 68.9652 -6.18079 66
      vertex 140.741 -0.217249 268.488
    endloop
  endfacet
  facet normal 0.0587315 -0.998241 0.0080578
    outer loop
      vertex 146.251 0.320344 293.318
      vertex 147.302 0.333543 287.289
      vertex 149.543 0.514038 293.318
    endloop
  endfacet
  facet normal 0.0587315 -0.998241 0.0080578
    outer loop
      vertex 147.302 0.333543 287.289
      vertex 146.251 0.320344 293.318
      vertex 144.095 0.144844 287.288
    endloop
  endfacet
  facet normal 0.0587314 -0.998241 0.00805767
    outer loop
      vertex 141.449 -0.0705422 279.888
      vertex 143.675 0.0413765 277.529
      vertex 143.674 0.0603498 279.888
    endloop
  endfacet
  facet normal 0.0587315 -0.998241 0.00805777
    outer loop
      vertex 138.887 -0.289126 271.487
      vertex 143.675 0.0413765 277.529
      vertex 141.449 -0.0705422 279.888
    endloop
  endfacet
  facet normal 0.0587317 -0.998241 0.00805767
    outer loop
      vertex 143.675 0.0413765 277.529
      vertex 138.887 -0.289126 271.487
      vertex 141.431 -0.139453 271.488
    endloop
  endfacet
  facet normal 0.0587314 -0.998241 0.00805784
    outer loop
      vertex 138.887 -0.289126 271.487
      vertex 64.9875 -6.29568 66
      vertex 138.888 -0.313249 268.487
    endloop
  endfacet
  facet normal 0.0587316 -0.998241 0.00805774
    outer loop
      vertex 64.9875 -6.29568 66
      vertex 138.887 -0.289126 271.487
      vertex 141.449 -0.0705422 279.888
    endloop
  endfacet
  facet normal 0.0587353 -0.998241 0.0080564
    outer loop
      vertex 65.0722 -6.2907 66
      vertex 138.888 -0.313249 268.487
      vertex 64.9875 -6.29568 66
    endloop
  endfacet
  facet normal 0.0587319 -0.998241 0.00805763
    outer loop
      vertex 138.888 -0.313249 268.487
      vertex 65.0722 -6.2907 66
      vertex 140.316 -0.229263 268.488
    endloop
  endfacet
  facet normal 0.0318064 -0.999321 0.0185896
    outer loop
      vertex 150.724 0.540479 287.289
      vertex 152.842 0.720079 293.318
      vertex 150.62 0.537183 287.289
    endloop
  endfacet
  facet normal 0.0318066 -0.999321 0.0185895
    outer loop
      vertex 69.0501 -6.17549 66
      vertex 139.695 -0.394251 255.91
      vertex 139.693 -0.362017 257.646
    endloop
  endfacet
  facet normal 0.0318071 -0.999321 0.0185893
    outer loop
      vertex 139.695 -0.394251 255.91
      vertex 69.0501 -6.17549 66
      vertex 72.9525 -6.05128 66
    endloop
  endfacet
  facet normal 0.0318062 -0.999321 0.0185897
    outer loop
      vertex 141.109 -0.245481 261.488
      vertex 143.682 -0.0563668 267.252
      vertex 143.68 -0.0339064 268.462
    endloop
  endfacet
  facet normal 0.0318075 -0.999321 0.0185892
    outer loop
      vertex 143.682 -0.0563668 267.252
      vertex 141.109 -0.245481 261.488
      vertex 141.656 -0.228079 261.488
    endloop
  endfacet
  facet normal 0.0623194 -0.99803 0.00730297
    outer loop
      vertex 149.543 0.514038 293.318
      vertex 150.62 0.537183 287.289
      vertex 152.842 0.720079 293.318
    endloop
  endfacet
  facet normal 0.0623194 -0.99803 0.00730295
    outer loop
      vertex 150.62 0.537183 287.289
      vertex 149.543 0.514038 293.318
      vertex 147.406 0.336461 287.289
    endloop
  endfacet
  facet normal 0.0623193 -0.99803 0.00730311
    outer loop
      vertex 143.679 -0.0118568 271.488
      vertex 143.676 0.0266236 276.768
      vertex 141.805 -0.128891 271.488
    endloop
  endfacet
  facet normal 0.0623193 -0.99803 0.00727359
    outer loop
      vertex 140.741 -0.217249 268.488
      vertex 143.68 -0.0339064 268.462
      vertex 143.68 -0.03372 268.488
    endloop
  endfacet
  facet normal 0.0623195 -0.99803 0.00730299
    outer loop
      vertex 140.741 -0.217249 268.488
      vertex 141.109 -0.245481 261.488
      vertex 143.68 -0.0339064 268.462
    endloop
  endfacet
  facet normal 0.0623191 -0.99803 0.00730296
    outer loop
      vertex 140.741 -0.217249 268.488
      vertex 139.691 -0.334021 261.488
      vertex 141.109 -0.245481 261.488
    endloop
  endfacet
  facet normal 0.0623195 -0.99803 0.0073029
    outer loop
      vertex 68.9652 -6.18079 66
      vertex 139.691 -0.334021 261.488
      vertex 140.741 -0.217249 268.488
    endloop
  endfacet
  facet normal 0.0623195 -0.99803 0.00730289
    outer loop
      vertex 68.9652 -6.18079 66
      vertex 139.693 -0.362017 257.646
      vertex 139.691 -0.334021 261.488
    endloop
  endfacet
  facet normal 0.0623208 -0.998029 0.00730244
    outer loop
      vertex 139.693 -0.362017 257.646
      vertex 68.9652 -6.18079 66
      vertex 69.0501 -6.17549 66
    endloop
  endfacet
  facet normal 0.0348144 -0.999232 0.0179633
    outer loop
      vertex 154.047 0.754913 287.289
      vertex 156.148 0.936491 293.318
      vertex 153.944 0.751298 287.289
    endloop
  endfacet
  facet normal 0.0348179 -0.999232 0.0179621
    outer loop
      vertex 76.9473 -5.90948 66
      vertex 141.22 -0.317641 252.488
      vertex 73.0375 -6.04572 66
    endloop
  endfacet
  facet normal 0.0348179 -0.999232 0.0179621
    outer loop
      vertex 141.22 -0.317641 252.488
      vertex 76.9473 -5.90948 66
      vertex 141.922 -0.293159 252.488
    endloop
  endfacet
  facet normal 0.0653258 -0.997841 0.00676533
    outer loop
      vertex 153.944 0.751298 287.289
      vertex 152.842 0.720079 293.318
      vertex 150.724 0.540479 287.289
    endloop
  endfacet
  facet normal 0.0653256 -0.997841 0.00676528
    outer loop
      vertex 152.842 0.720079 293.318
      vertex 153.944 0.751298 287.289
      vertex 156.148 0.936491 293.318
    endloop
  endfacet
  facet normal 0.0653259 -0.997841 0.00676521
    outer loop
      vertex 139.695 -0.394251 255.91
      vertex 72.9525 -6.05128 66
      vertex 139.697 -0.417352 252.488
    endloop
  endfacet
  facet normal 0.065326 -0.997841 0.00676516
    outer loop
      vertex 73.0375 -6.04572 66
      vertex 139.697 -0.417352 252.488
      vertex 72.9525 -6.05128 66
    endloop
  endfacet
  facet normal 0.0653257 -0.997841 0.0067653
    outer loop
      vertex 139.697 -0.417352 252.488
      vertex 73.0375 -6.04572 66
      vertex 141.22 -0.317641 252.488
    endloop
  endfacet
  facet normal 0.065326 -0.997841 0.00676523
    outer loop
      vertex 143.684 -0.0952825 261.488
      vertex 143.682 -0.0563668 267.252
      vertex 141.656 -0.228079 261.488
    endloop
  endfacet
  facet normal 0.0373895 -0.999148 0.0174976
    outer loop
      vertex 157.375 0.978183 287.289
      vertex 159.458 1.1617 293.318
      vertex 157.271 0.974297 287.289
    endloop
  endfacet
  facet normal 0.037386 -0.999148 0.0174989
    outer loop
      vertex 80.9471 -5.75721 66
      vertex 144.653 -0.107366 252.488
      vertex 77.0324 -5.90369 66
    endloop
  endfacet
  facet normal 0.0373857 -0.999148 0.017499
    outer loop
      vertex 144.653 -0.107366 252.488
      vertex 80.9471 -5.75721 66
      vertex 145.356 -0.0810458 252.488
    endloop
  endfacet
  facet normal 0.0678901 -0.997672 0.00639231
    outer loop
      vertex 157.271 0.974297 287.289
      vertex 156.148 0.936491 293.318
      vertex 154.047 0.754913 287.289
    endloop
  endfacet
  facet normal 0.0678902 -0.997672 0.00639232
    outer loop
      vertex 156.148 0.936491 293.318
      vertex 157.271 0.974297 287.289
      vertex 159.458 1.1617 293.318
    endloop
  endfacet
  facet normal 0.067894 -0.997672 0.00639091
    outer loop
      vertex 77.0324 -5.90369 66
      vertex 141.922 -0.293159 252.488
      vertex 76.9473 -5.90948 66
    endloop
  endfacet
  facet normal 0.0678904 -0.997672 0.00639218
    outer loop
      vertex 141.922 -0.293159 252.488
      vertex 77.0324 -5.90369 66
      vertex 144.653 -0.107366 252.488
    endloop
  endfacet
  facet normal 0.0396793 -0.999065 0.0171388
    outer loop
      vertex 160.706 1.20932 287.289
      vertex 162.77 1.39474 293.318
      vertex 160.602 1.20519 287.289
    endloop
  endfacet
  facet normal 0.0396785 -0.999065 0.0171392
    outer loop
      vertex 84.9506 -5.5956 66
      vertex 148.089 0.111207 252.488
      vertex 81.0322 -5.75122 66
    endloop
  endfacet
  facet normal 0.0396792 -0.999065 0.0171389
    outer loop
      vertex 148.089 0.111207 252.488
      vertex 84.9506 -5.5956 66
      vertex 148.793 0.139169 252.488
    endloop
  endfacet
  facet normal 0.070179 -0.997516 0.00612314
    outer loop
      vertex 160.602 1.20519 287.289
      vertex 159.458 1.1617 293.318
      vertex 157.375 0.978183 287.289
    endloop
  endfacet
  facet normal 0.0701791 -0.997516 0.00612315
    outer loop
      vertex 159.458 1.1617 293.318
      vertex 160.602 1.20519 287.289
      vertex 162.77 1.39474 293.318
    endloop
  endfacet
  facet normal 0.070179 -0.997516 0.00612325
    outer loop
      vertex 81.0322 -5.75122 66
      vertex 145.356 -0.0810458 252.488
      vertex 80.9471 -5.75721 66
    endloop
  endfacet
  facet normal 0.070179 -0.997516 0.00612325
    outer loop
      vertex 145.356 -0.0810458 252.488
      vertex 81.0322 -5.75122 66
      vertex 148.089 0.111207 252.488
    endloop
  endfacet
  facet normal 0.0416916 -0.998988 0.0168827
    outer loop
      vertex 161.848 1.24678 280.827
      vertex 166.086 1.63474 293.318
      vertex 161.848 1.25697 281.431
    endloop
  endfacet
  facet normal 0.0416898 -0.998988 0.0168833
    outer loop
      vertex 88.9587 -5.42572 66
      vertex 151.528 0.337161 252.488
      vertex 85.0359 -5.58943 66
    endloop
  endfacet
  facet normal 0.0416897 -0.998988 0.0168834
    outer loop
      vertex 151.528 0.337161 252.488
      vertex 88.9587 -5.42572 66
      vertex 152.233 0.366575 252.488
    endloop
  endfacet
  facet normal 0.0721865 -0.997373 0.00595829
    outer loop
      vertex 161.907 1.29622 287.288
      vertex 162.77 1.39474 293.318
      vertex 160.706 1.20932 287.289
    endloop
  endfacet
  facet normal 0.0721869 -0.997373 0.00595823
    outer loop
      vertex 162.77 1.39474 293.318
      vertex 161.907 1.29622 287.288
      vertex 166.086 1.63474 293.318
    endloop
  endfacet
  facet normal 0.0721867 -0.997373 0.00595839
    outer loop
      vertex 166.086 1.63474 293.318
      vertex 161.907 1.29622 287.288
      vertex 161.848 1.25697 281.431
    endloop
  endfacet
  facet normal 0.0721906 -0.997373 0.00595702
    outer loop
      vertex 85.0359 -5.58943 66
      vertex 148.793 0.139169 252.488
      vertex 84.9506 -5.5956 66
    endloop
  endfacet
  facet normal 0.0721868 -0.997373 0.00595834
    outer loop
      vertex 148.793 0.139169 252.488
      vertex 85.0359 -5.58943 66
      vertex 151.528 0.337161 252.488
    endloop
  endfacet
  facet normal 0.0433605 -0.998919 0.0167501
    outer loop
      vertex 163.681 1.34656 276.288
      vertex 169.407 1.88069 293.318
      vertex 163.386 1.33378 276.288
    endloop
  endfacet
  facet normal 0.0433613 -0.998919 0.0167499
    outer loop
      vertex 92.9731 -5.24885 66
      vertex 154.972 0.569469 252.488
      vertex 89.0441 -5.41939 66
    endloop
  endfacet
  facet normal 0.043361 -0.998919 0.01675
    outer loop
      vertex 154.972 0.569469 252.488
      vertex 92.9731 -5.24885 66
      vertex 155.678 0.600111 252.488
    endloop
  endfacet
  facet normal 0.0738589 -0.997251 0.00591567
    outer loop
      vertex 161.636 1.22554 279.888
      vertex 161.638 1.20428 276.288
      vertex 161.839 1.24051 279.888
    endloop
  endfacet
  facet normal 0.0738559 -0.997251 0.00591562
    outer loop
      vertex 161.848 1.24678 280.827
      vertex 169.407 1.88069 293.318
      vertex 166.086 1.63474 293.318
    endloop
  endfacet
  facet normal 0.0738556 -0.997251 0.00591576
    outer loop
      vertex 163.386 1.33378 276.288
      vertex 161.848 1.24678 280.827
      vertex 161.839 1.24051 279.888
    endloop
  endfacet
  facet normal 0.0738558 -0.997251 0.00591585
    outer loop
      vertex 163.386 1.33378 276.288
      vertex 161.839 1.24051 279.888
      vertex 161.638 1.20428 276.288
    endloop
  endfacet
  facet normal 0.0738556 -0.997251 0.00591578
    outer loop
      vertex 161.848 1.24678 280.827
      vertex 163.386 1.33378 276.288
      vertex 169.407 1.88069 293.318
    endloop
  endfacet
  facet normal 0.073854 -0.997252 0.00591634
    outer loop
      vertex 89.0441 -5.41939 66
      vertex 152.233 0.366575 252.488
      vertex 88.9587 -5.42572 66
    endloop
  endfacet
  facet normal 0.073856 -0.997251 0.00591567
    outer loop
      vertex 152.233 0.366575 252.488
      vertex 89.0441 -5.41939 66
      vertex 154.972 0.569469 252.488
    endloop
  endfacet
  facet normal 0.0446471 -0.998862 0.0167522
    outer loop
      vertex 167.058 1.59201 276.288
      vertex 172.732 2.13127 293.318
      vertex 166.763 1.57883 276.287
    endloop
  endfacet
  facet normal 0.0446464 -0.998862 0.0167524
    outer loop
      vertex 96.9929 -5.06655 66
      vertex 158.422 0.806824 252.488
      vertex 93.0586 -5.2424 66
    endloop
  endfacet
  facet normal 0.0446459 -0.998862 0.0167526
    outer loop
      vertex 158.422 0.806824 252.488
      vertex 96.9929 -5.06655 66
      vertex 159.128 0.838419 252.488
    endloop
  endfacet
  facet normal 0.0751387 -0.997155 0.00600967
    outer loop
      vertex 166.763 1.57883 276.287
      vertex 169.407 1.88069 293.318
      vertex 163.681 1.34656 276.288
    endloop
  endfacet
  facet normal 0.0751384 -0.997155 0.00600971
    outer loop
      vertex 169.407 1.88069 293.318
      vertex 166.763 1.57883 276.287
      vertex 172.732 2.13127 293.318
    endloop
  endfacet
  facet normal 0.0751447 -0.997155 0.00600762
    outer loop
      vertex 93.0586 -5.2424 66
      vertex 155.678 0.600111 252.488
      vertex 92.9731 -5.24885 66
    endloop
  endfacet
  facet normal 0.0751386 -0.997155 0.00600967
    outer loop
      vertex 155.678 0.600111 252.488
      vertex 93.0586 -5.2424 66
      vertex 158.422 0.806824 252.488
    endloop
  endfacet
  facet normal 0.0456256 -0.998816 0.0168615
    outer loop
      vertex 168.853 1.68758 271.487
      vertex 176.061 2.38533 293.318
      vertex 168.475 1.6703 271.487
    endloop
  endfacet
  facet normal 0.0456249 -0.998816 0.0168618
    outer loop
      vertex 101.016 -4.88014 66
      vertex 161.874 1.048 252.487
      vertex 97.0785 -5.06001 66
    endloop
  endfacet
  facet normal 0.0456245 -0.998816 0.0168619
    outer loop
      vertex 161.874 1.048 252.487
      vertex 101.016 -4.88014 66
      vertex 162.581 1.08032 252.488
    endloop
  endfacet
  facet normal 0.0456253 -0.998817 0.0168496
    outer loop
      vertex 167.426 1.5714 268.468
      vertex 167.863 1.59169 268.487
      vertex 167.433 1.57204 268.487
    endloop
  endfacet
  facet normal 0.0456247 -0.998816 0.0168618
    outer loop
      vertex 167.863 1.59169 268.487
      vertex 167.426 1.5714 268.468
      vertex 167.428 1.54953 267.168
    endloop
  endfacet
  facet normal 0.0761158 -0.99708 0.00621073
    outer loop
      vertex 167.423 1.61987 276.287
      vertex 172.732 2.13127 293.318
      vertex 167.058 1.59201 276.288
    endloop
  endfacet
  facet normal 0.0761155 -0.99708 0.00621083
    outer loop
      vertex 172.732 2.13127 293.318
      vertex 167.423 1.61987 276.287
      vertex 176.061 2.38533 293.318
    endloop
  endfacet
  facet normal 0.0761154 -0.99708 0.00621095
    outer loop
      vertex 168.475 1.6703 271.487
      vertex 167.423 1.61987 276.287
      vertex 167.425 1.59012 271.487
    endloop
  endfacet
  facet normal 0.0761153 -0.99708 0.00621093
    outer loop
      vertex 167.423 1.61987 276.287
      vertex 168.475 1.6703 271.487
      vertex 176.061 2.38533 293.318
    endloop
  endfacet
  facet normal 0.0761164 -0.99708 0.00621056
    outer loop
      vertex 97.0785 -5.06001 66
      vertex 159.128 0.838419 252.488
      vertex 96.9929 -5.06655 66
    endloop
  endfacet
  facet normal 0.0761156 -0.99708 0.00621082
    outer loop
      vertex 159.128 0.838419 252.488
      vertex 97.0785 -5.06001 66
      vertex 161.874 1.048 252.487
    endloop
  endfacet
  facet normal 0.0760551 -0.997084 0.00618775
    outer loop
      vertex 167.426 1.5714 268.468
      vertex 167.433 1.57204 268.487
      vertex 167.426 1.57152 268.487
    endloop
  endfacet
  facet normal 0.0464935 -0.998774 0.0170106
    outer loop
      vertex 179.389 2.64236 293.318
      vertex 171.871 1.92054 271.487
      vertex 172.213 1.93645 271.487
    endloop
  endfacet
  facet normal 0.0464895 -0.998774 0.0170119
    outer loop
      vertex 179.389 2.64236 293.318
      vertex 172.213 1.93645 271.487
      vertex 172.213 1.93457 271.376
    endloop
  endfacet
  facet normal 0.0464939 -0.998774 0.0170105
    outer loop
      vertex 105.04 -4.69019 66
      vertex 165.327 1.29235 252.487
      vertex 101.102 -4.87353 66
    endloop
  endfacet
  facet normal 0.0464936 -0.998774 0.0170105
    outer loop
      vertex 165.327 1.29235 252.487
      vertex 105.04 -4.69019 66
      vertex 166.035 1.32529 252.487
    endloop
  endfacet
  facet normal 0.0464927 -0.998774 0.0170108
    outer loop
      vertex 167.431 1.49434 258.596
      vertex 171.268 1.84138 268.487
      vertex 170.837 1.82135 268.487
    endloop
  endfacet
  facet normal 0.0464933 -0.998774 0.0170106
    outer loop
      vertex 171.268 1.84138 268.487
      vertex 167.431 1.49434 258.596
      vertex 167.433 1.46321 256.763
    endloop
  endfacet
  facet normal 0.0769826 -0.997012 0.00645197
    outer loop
      vertex 171.871 1.92054 271.487
      vertex 176.061 2.38533 293.318
      vertex 168.853 1.68758 271.487
    endloop
  endfacet
  facet normal 0.0769827 -0.997012 0.00645194
    outer loop
      vertex 176.061 2.38533 293.318
      vertex 171.871 1.92054 271.487
      vertex 179.389 2.64236 293.318
    endloop
  endfacet
  facet normal 0.0769794 -0.997012 0.00645303
    outer loop
      vertex 101.102 -4.87353 66
      vertex 162.581 1.08032 252.488
      vertex 101.016 -4.88014 66
    endloop
  endfacet
  facet normal 0.0769827 -0.997012 0.00645196
    outer loop
      vertex 162.581 1.08032 252.488
      vertex 101.102 -4.87353 66
      vertex 165.327 1.29235 252.487
    endloop
  endfacet
  facet normal 0.0769826 -0.997012 0.00645155
    outer loop
      vertex 167.428 1.54953 267.168
      vertex 170.837 1.82135 268.487
      vertex 167.863 1.59169 268.487
    endloop
  endfacet
  facet normal 0.0769825 -0.997012 0.00645198
    outer loop
      vertex 170.837 1.82135 268.487
      vertex 167.428 1.54953 267.168
      vertex 167.431 1.49434 258.596
    endloop
  endfacet
  facet normal 0.0472475 -0.998735 0.0171999
    outer loop
      vertex 109.066 -4.4971 66
      vertex 182.72 2.90203 293.318
      vertex 105.126 -4.68351 66
    endloop
  endfacet
  facet normal 0.0777356 -0.996951 0.00673345
    outer loop
      vertex 105.126 -4.68351 66
      vertex 166.035 1.32529 252.487
      vertex 105.04 -4.69019 66
    endloop
  endfacet
  facet normal 0.0777352 -0.996951 0.0067335
    outer loop
      vertex 171.268 1.84138 268.487
      vertex 167.433 1.46321 256.763
      vertex 172.214 1.91516 268.487
    endloop
  endfacet
  facet normal 0.0777349 -0.996951 0.00673366
    outer loop
      vertex 172.213 1.93457 271.376
      vertex 182.72 2.90203 293.318
      vertex 179.389 2.64236 293.318
    endloop
  endfacet
  facet normal 0.0777346 -0.996951 0.0067338
    outer loop
      vertex 172.214 1.91516 268.487
      vertex 182.72 2.90203 293.318
      vertex 172.213 1.93457 271.376
    endloop
  endfacet
  facet normal 0.0777346 -0.996951 0.00673377
    outer loop
      vertex 167.435 1.43448 252.487
      vertex 172.214 1.91516 268.487
      vertex 167.433 1.46321 256.763
    endloop
  endfacet
  facet normal 0.0777351 -0.996951 0.00673362
    outer loop
      vertex 172.214 1.91516 268.487
      vertex 167.435 1.43448 252.487
      vertex 182.72 2.90203 293.318
    endloop
  endfacet
  facet normal 0.0777347 -0.996951 0.00673374
    outer loop
      vertex 166.035 1.32529 252.487
      vertex 105.126 -4.68351 66
      vertex 167.435 1.43448 252.487
    endloop
  endfacet
  facet normal 0.0777353 -0.996951 0.00673352
    outer loop
      vertex 167.435 1.43448 252.487
      vertex 105.126 -4.68351 66
      vertex 182.72 2.90203 293.318
    endloop
  endfacet
  facet normal 0.0481577 -0.998584 0.0225957
    outer loop
      vertex 161.526 -1.93298 66
      vertex 221.36 5.88542 284
      vertex 110.182 -4.40906 66
    endloop
  endfacet
  facet normal 0.0481576 -0.998584 0.0225958
    outer loop
      vertex 221.36 5.88542 284
      vertex 161.526 -1.93298 66
      vertex 223.464 5.98692 284
    endloop
  endfacet
  facet normal 0.0786487 -0.996878 0.00696777
    outer loop
      vertex 182.72 2.90203 293.318
      vertex 217.569 5.64929 293
      vertex 217.662 5.65882 293.318
    endloop
  endfacet
  facet normal 0.0786487 -0.996878 0.00696502
    outer loop
      vertex 182.72 2.90203 293.318
      vertex 215.807 5.46814 286.97
      vertex 217.569 5.64929 293
    endloop
  endfacet
  facet normal 0.0786487 -0.996878 0.0069651
    outer loop
      vertex 182.72 2.90203 293.318
      vertex 214.941 5.37903 284
      vertex 215.807 5.46814 286.97
    endloop
  endfacet
  facet normal 0.0786484 -0.996878 0.00696524
    outer loop
      vertex 110.182 -4.40906 66
      vertex 182.72 2.90203 293.318
      vertex 109.066 -4.4971 66
    endloop
  endfacet
  facet normal 0.0786487 -0.996878 0.00696513
    outer loop
      vertex 182.72 2.90203 293.318
      vertex 110.182 -4.40906 66
      vertex 214.941 5.37903 284
    endloop
  endfacet
  facet normal 0.0786487 -0.996878 0.00696516
    outer loop
      vertex 214.941 5.37903 284
      vertex 110.182 -4.40906 66
      vertex 221.36 5.88542 284
    endloop
  endfacet
  facet normal 0.0476572 -0.998542 0.0253608
    outer loop
      vertex 185.859 -0.74061 66.6
      vertex 242.662 7.49188 284
      vertex 183.753 -0.841158 66.6
    endloop
  endfacet
  facet normal 0.047657 -0.998542 0.0253609
    outer loop
      vertex 162.04 -1.89266 66
      vertex 183.753 -0.841158 66.6
      vertex 242.662 7.49188 284
    endloop
  endfacet
  facet normal 0.047657 -0.998542 0.0253611
    outer loop
      vertex 183.753 -0.841158 66.6
      vertex 162.04 -1.89266 66
      vertex 183.758 -0.856113 66
    endloop
  endfacet
  facet normal 0.0476572 -0.998542 0.0253608
    outer loop
      vertex 242.662 7.49188 284
      vertex 185.859 -0.74061 66.6
      vertex 243.632 7.53817 284
    endloop
  endfacet
  facet normal 0.0781458 -0.996843 0.0140122
    outer loop
      vertex 162.04 -1.89266 66
      vertex 223.464 5.98692 284
      vertex 161.526 -1.93298 66
    endloop
  endfacet
  facet normal 0.0781462 -0.996843 0.0140121
    outer loop
      vertex 223.464 5.98692 284
      vertex 162.04 -1.89266 66
      vertex 242.662 7.49188 284
    endloop
  endfacet
  facet normal 0.049664 -0.998447 0.0252558
    outer loop
      vertex 189.836 -0.539972 66.6
      vertex 246.79 7.7922 284
      vertex 185.952 -0.733125 66.6
    endloop
  endfacet
  facet normal 0.0496628 -0.998447 0.0252561
    outer loop
      vertex 246.79 7.7922 284
      vertex 189.836 -0.539972 66.6
      vertex 246.95 7.80014 284
    endloop
  endfacet
  facet normal 0.0801438 -0.996644 0.0166555
    outer loop
      vertex 185.952 -0.733125 66.6
      vertex 243.632 7.53817 284
      vertex 185.859 -0.74061 66.6
    endloop
  endfacet
  facet normal 0.0801467 -0.996644 0.0166547
    outer loop
      vertex 243.632 7.53817 284
      vertex 185.952 -0.733125 66.6
      vertex 246.79 7.7922 284
    endloop
  endfacet
  facet normal 0.0523439 -0.998317 0.0249689
    outer loop
      vertex 193.721 -0.333477 66.6
      vertex 250.036 8.05666 284
      vertex 189.926 -0.532413 66.6
    endloop
  endfacet
  facet normal 0.0523508 -0.998317 0.0249671
    outer loop
      vertex 250.036 8.05666 284
      vertex 193.721 -0.333477 66.6
      vertex 250.192 8.06484 284
    endloop
  endfacet
  facet normal 0.0828277 -0.996428 0.0164657
    outer loop
      vertex 189.926 -0.532413 66.6
      vertex 246.95 7.80014 284
      vertex 189.836 -0.539972 66.6
    endloop
  endfacet
  facet normal 0.082821 -0.996428 0.0164675
    outer loop
      vertex 246.95 7.80014 284
      vertex 189.926 -0.532413 66.6
      vertex 250.036 8.05666 284
    endloop
  endfacet
  facet normal 0.0601816 -0.997915 0.0233038
    outer loop
      vertex 197.275 -0.116546 66.6
      vertex 253.015 8.32182 284
      vertex 193.804 -0.325905 66.6
    endloop
  endfacet
  facet normal 0.060182 -0.997915 0.0233037
    outer loop
      vertex 253.015 8.32182 284
      vertex 197.275 -0.116546 66.6
      vertex 253.158 8.33043 284
    endloop
  endfacet
  facet normal 0.0906498 -0.995771 0.0149202
    outer loop
      vertex 193.804 -0.325905 66.6
      vertex 250.192 8.06484 284
      vertex 193.721 -0.333477 66.6
    endloop
  endfacet
  facet normal 0.0906427 -0.995772 0.0149221
    outer loop
      vertex 250.192 8.06484 284
      vertex 193.804 -0.325905 66.6
      vertex 253.015 8.32182 284
    endloop
  endfacet
  facet normal 0.0785778 -0.99673 0.0188462
    outer loop
      vertex 200.19 0.115338 66.6
      vertex 255.472 8.58412 284
      vertex 197.343 -0.109071 66.6
    endloop
  endfacet
  facet normal 0.0785784 -0.99673 0.0188461
    outer loop
      vertex 255.472 8.58412 284
      vertex 200.19 0.115338 66.6
      vertex 255.589 8.59334 284
    endloop
  endfacet
  facet normal 0.109004 -0.993985 0.0106014
    outer loop
      vertex 197.343 -0.109071 66.6
      vertex 253.158 8.33043 284
      vertex 197.275 -0.116546 66.6
    endloop
  endfacet
  facet normal 0.108993 -0.993986 0.0106041
    outer loop
      vertex 253.158 8.33043 284
      vertex 197.343 -0.109071 66.6
      vertex 255.472 8.58412 284
    endloop
  endfacet
  facet normal 0.0947775 -0.995388 0.0148277
    outer loop
      vertex 201.674 0.25774 66.6
      vertex 256.766 8.74188 284
      vertex 200.225 0.119714 66.6
    endloop
  endfacet
  facet normal 0.0947994 -0.995386 0.014822
    outer loop
      vertex 256.766 8.74188 284
      vertex 201.674 0.25774 66.6
      vertex 256.826 8.74755 284
    endloop
  endfacet
  facet normal 0.125137 -0.992116 0.00680208
    outer loop
      vertex 200.225 0.119714 66.6
      vertex 255.589 8.59334 284
      vertex 200.19 0.115338 66.6
    endloop
  endfacet
  facet normal 0.12514 -0.992116 0.00680116
    outer loop
      vertex 255.589 8.59334 284
      vertex 200.225 0.119714 66.6
      vertex 256.766 8.74188 284
    endloop
  endfacet
  facet normal -0.0242782 0.99917 -0.0327007
    outer loop
      vertex 201.64 0.255851 66.6
      vertex 255.599 8.68199 284
      vertex 255.658 8.68343 284
    endloop
  endfacet
  facet normal -0.0242711 0.99917 -0.0327025
    outer loop
      vertex 255.599 8.68199 284
      vertex 201.64 0.255851 66.6
      vertex 200.205 0.220992 66.6
    endloop
  endfacet
  facet normal -0.054785 0.998183 -0.0250824
    outer loop
      vertex 201.674 0.25774 66.6
      vertex 255.658 8.68343 284
      vertex 256.826 8.74755 284
    endloop
  endfacet
  facet normal -0.0547834 0.998183 -0.0250828
    outer loop
      vertex 255.658 8.68343 284
      vertex 201.674 0.25774 66.6
      vertex 201.64 0.255851 66.6
    endloop
  endfacet
  facet normal 0.00572956 0.999182 -0.0400434
    outer loop
      vertex 200.139 0.219363 66.6
      vertex 253.257 8.62733 284
      vertex 253.37 8.62669 284
    endloop
  endfacet
  facet normal 0.0057302 0.999182 -0.0400435
    outer loop
      vertex 253.257 8.62733 284
      vertex 200.139 0.219363 66.6
      vertex 197.404 0.23505 66.6
    endloop
  endfacet
  facet normal -0.0247926 0.999162 -0.0325693
    outer loop
      vertex 200.205 0.220992 66.6
      vertex 253.37 8.62669 284
      vertex 255.599 8.68199 284
    endloop
  endfacet
  facet normal -0.0247933 0.999162 -0.0325691
    outer loop
      vertex 253.37 8.62669 284
      vertex 200.205 0.220992 66.6
      vertex 200.139 0.219363 66.6
    endloop
  endfacet
  facet normal 0.036702 0.998192 -0.0475961
    outer loop
      vertex 197.325 0.235542 66.6
      vertex 250.431 8.64902 284
      vertex 250.567 8.64404 284
    endloop
  endfacet
  facet normal 0.0367026 0.998192 -0.0475962
    outer loop
      vertex 250.431 8.64902 284
      vertex 197.325 0.235542 66.6
      vertex 194.026 0.356827 66.6
    endloop
  endfacet
  facet normal 0.00620442 0.999174 -0.0401651
    outer loop
      vertex 197.404 0.23505 66.6
      vertex 250.567 8.64404 284
      vertex 253.257 8.62733 284
    endloop
  endfacet
  facet normal 0.00620464 0.999174 -0.0401651
    outer loop
      vertex 250.567 8.64404 284
      vertex 197.404 0.23505 66.6
      vertex 197.325 0.235542 66.6
    endloop
  endfacet
  facet normal 0.0566566 0.997021 -0.0523291
    outer loop
      vertex 193.94 0.359094 66.6
      vertex 247.35 8.73436 284
      vertex 247.497 8.72596 284
    endloop
  endfacet
  facet normal 0.0566552 0.997022 -0.0523288
    outer loop
      vertex 247.35 8.73436 284
      vertex 193.94 0.359094 66.6
      vertex 190.345 0.563353 66.6
    endloop
  endfacet
  facet normal 0.0261905 0.998649 -0.0448862
    outer loop
      vertex 194.026 0.356827 66.6
      vertex 247.497 8.72596 284
      vertex 250.431 8.64902 284
    endloop
  endfacet
  facet normal 0.0261899 0.998649 -0.0448861
    outer loop
      vertex 247.497 8.72596 284
      vertex 194.026 0.356827 66.6
      vertex 193.94 0.359094 66.6
    endloop
  endfacet
  facet normal 0.071118 0.995913 -0.0556673
    outer loop
      vertex 190.256 0.566988 66.6
      vertex 244.172 8.86861 284
      vertex 244.324 8.85773 284
    endloop
  endfacet
  facet normal 0.0711244 0.995913 -0.0556689
    outer loop
      vertex 244.172 8.86861 284
      vertex 190.256 0.566988 66.6
      vertex 186.55 0.831638 66.6
    endloop
  endfacet
  facet normal 0.0406939 0.998009 -0.0481807
    outer loop
      vertex 190.345 0.563353 66.6
      vertex 244.324 8.85773 284
      vertex 247.35 8.73436 284
    endloop
  endfacet
  facet normal 0.0406977 0.998009 -0.0481816
    outer loop
      vertex 244.324 8.85773 284
      vertex 190.345 0.563353 66.6
      vertex 190.256 0.566988 66.6
    endloop
  endfacet
  facet normal 0.0824435 0.994894 -0.0582126
    outer loop
      vertex 186.46 0.836362 66.6
      vertex 240.945 9.04176 284
      vertex 241.099 9.02894 284
    endloop
  endfacet
  facet normal 0.0824456 0.994894 -0.0582132
    outer loop
      vertex 183.636 1.07036 66.6
      vertex 240.945 9.04176 284
      vertex 186.46 0.836362 66.6
    endloop
  endfacet
  facet normal 0.0824455 0.994894 -0.0582131
    outer loop
      vertex 183.636 1.07036 66.6
      vertex 182.537 1.1263 66
      vertex 240.945 9.04176 284
    endloop
  endfacet
  facet normal 0.0824451 0.994894 -0.0582124
    outer loop
      vertex 183.626 1.04438 66.1414
      vertex 182.537 1.1263 66
      vertex 183.636 1.07036 66.6
    endloop
  endfacet
  facet normal 0.0824461 0.994893 -0.0582204
    outer loop
      vertex 182.537 1.1263 66
      vertex 183.626 1.04438 66.1414
      vertex 183.624 1.0362 66
    endloop
  endfacet
  facet normal 0.0520461 0.997359 -0.0506657
    outer loop
      vertex 186.55 0.831638 66.6
      vertex 241.099 9.02894 284
      vertex 244.172 8.86861 284
    endloop
  endfacet
  facet normal 0.0520451 0.997359 -0.0506654
    outer loop
      vertex 241.099 9.02894 284
      vertex 186.55 0.831638 66.6
      vertex 186.46 0.836362 66.6
    endloop
  endfacet
  facet normal 0.0920019 0.99393 -0.0603169
    outer loop
      vertex 182.454 1.13142 66
      vertex 237.696 9.24738 284
      vertex 237.852 9.23298 284
    endloop
  endfacet
  facet normal 0.0920008 0.99393 -0.0603166
    outer loop
      vertex 237.696 9.24738 284
      vertex 182.454 1.13142 66
      vertex 178.659 1.4827 66
    endloop
  endfacet
  facet normal 0.0616312 0.996707 -0.0527023
    outer loop
      vertex 182.537 1.1263 66
      vertex 237.852 9.23298 284
      vertex 240.945 9.04176 284
    endloop
  endfacet
  facet normal 0.0616272 0.996707 -0.0527013
    outer loop
      vertex 237.852 9.23298 284
      vertex 182.537 1.1263 66
      vertex 182.454 1.13142 66
    endloop
  endfacet
  facet normal 0.100583 0.992983 -0.0621844
    outer loop
      vertex 178.576 1.48856 66
      vertex 234.442 9.48164 284
      vertex 234.598 9.46586 284
    endloop
  endfacet
  facet normal 0.100579 0.992984 -0.0621834
    outer loop
      vertex 234.442 9.48164 284
      vertex 178.576 1.48856 66
      vertex 174.775 1.87357 66
    endloop
  endfacet
  facet normal 0.0702396 0.99604 -0.0544985
    outer loop
      vertex 178.659 1.4827 66
      vertex 234.598 9.46586 284
      vertex 237.696 9.24738 284
    endloop
  endfacet
  facet normal 0.0702373 0.996041 -0.0544979
    outer loop
      vertex 234.598 9.46586 284
      vertex 178.659 1.4827 66
      vertex 178.576 1.48856 66
    endloop
  endfacet
  facet normal 0.108826 0.992 -0.063983
    outer loop
      vertex 174.692 1.88012 66
      vertex 231.186 9.74329 284
      vertex 231.342 9.72619 284
    endloop
  endfacet
  facet normal 0.108819 0.992 -0.0639813
    outer loop
      vertex 231.186 9.74329 284
      vertex 174.692 1.88012 66
      vertex 170.89 2.29725 66
    endloop
  endfacet
  facet normal 0.0785108 0.995326 -0.056225
    outer loop
      vertex 174.775 1.87357 66
      vertex 231.342 9.72619 284
      vertex 234.442 9.48164 284
    endloop
  endfacet
  facet normal 0.0785157 0.995326 -0.0562262
    outer loop
      vertex 231.342 9.72619 284
      vertex 174.775 1.87357 66
      vertex 174.692 1.88012 66
    endloop
  endfacet
  facet normal 0.116762 0.990983 -0.0657196
    outer loop
      vertex 170.806 2.30448 66
      vertex 227.926 10.0316 284
      vertex 228.082 10.0132 284
    endloop
  endfacet
  facet normal 0.116762 0.990983 -0.0657196
    outer loop
      vertex 227.926 10.0316 284
      vertex 170.806 2.30448 66
      vertex 167 2.75299 66
    endloop
  endfacet
  facet normal 0.0864868 0.99457 -0.0578921
    outer loop
      vertex 170.89 2.29725 66
      vertex 228.082 10.0132 284
      vertex 231.186 9.74329 284
    endloop
  endfacet
  facet normal 0.0864904 0.994569 -0.057893
    outer loop
      vertex 228.082 10.0132 284
      vertex 170.89 2.29725 66
      vertex 170.806 2.30448 66
    endloop
  endfacet
  facet normal 0.123908 0.990012 -0.0672589
    outer loop
      vertex 166.916 2.76085 66
      vertex 224.656 10.3446 284
      vertex 224.812 10.3251 284
    endloop
  endfacet
  facet normal 0.123907 0.990012 -0.0672585
    outer loop
      vertex 224.656 10.3446 284
      vertex 166.916 2.76085 66
      vertex 163.099 3.23858 66
    endloop
  endfacet
  facet normal 0.093663 0.993833 -0.059359
    outer loop
      vertex 167 2.75299 66
      vertex 224.812 10.3251 284
      vertex 227.926 10.0316 284
    endloop
  endfacet
  facet normal 0.0936718 0.993832 -0.0593613
    outer loop
      vertex 224.812 10.3251 284
      vertex 167 2.75299 66
      vertex 166.916 2.76085 66
    endloop
  endfacet
  facet normal 0.130099 0.989129 -0.0685504
    outer loop
      vertex 163.016 3.247 66
      vertex 221.37 10.6799 284
      vertex 221.528 10.6593 284
    endloop
  endfacet
  facet normal 0.130095 0.989129 -0.0685493
    outer loop
      vertex 221.37 10.6799 284
      vertex 163.016 3.247 66
      vertex 159.181 3.75135 66
    endloop
  endfacet
  facet normal 0.0998788 0.993154 -0.0605762
    outer loop
      vertex 163.099 3.23858 66
      vertex 221.528 10.6593 284
      vertex 224.656 10.3446 284
    endloop
  endfacet
  facet normal 0.0998906 0.993153 -0.0605793
    outer loop
      vertex 221.528 10.6593 284
      vertex 163.099 3.23858 66
      vertex 163.016 3.247 66
    endloop
  endfacet
  facet normal 0.134731 0.988447 -0.0694201
    outer loop
      vertex 159.097 3.76023 66
      vertex 218.064 11.033 284
      vertex 218.222 11.0115 284
    endloop
  endfacet
  facet normal 0.13474 0.988446 -0.0694223
    outer loop
      vertex 218.064 11.033 284
      vertex 159.097 3.76023 66
      vertex 155.239 4.28613 66
    endloop
  endfacet
  facet normal 0.104547 0.992624 -0.0613724
    outer loop
      vertex 159.181 3.75135 66
      vertex 218.222 11.0115 284
      vertex 221.37 10.6799 284
    endloop
  endfacet
  facet normal 0.104546 0.992625 -0.0613722
    outer loop
      vertex 218.222 11.0115 284
      vertex 159.181 3.75135 66
      vertex 159.097 3.76023 66
    endloop
  endfacet
  facet normal 0.137716 0.988007 -0.069833
    outer loop
      vertex 214.896 11.3764 284
      vertex 155.154 4.29532 66
      vertex 214.766 11.3946 284
    endloop
  endfacet
  facet normal 0.13762 0.988022 -0.0698058
    outer loop
      vertex 214.766 11.3946 284
      vertex 217.45 11.679 293.318
      vertex 217.024 11.6286 291.765
    endloop
  endfacet
  facet normal 0.137693 0.988011 -0.0698264
    outer loop
      vertex 214.766 11.3946 284
      vertex 151.272 4.83646 66
      vertex 217.45 11.679 293.318
    endloop
  endfacet
  facet normal 0.13772 0.988006 -0.069834
    outer loop
      vertex 151.272 4.83646 66
      vertex 214.766 11.3946 284
      vertex 155.154 4.29532 66
    endloop
  endfacet
  facet normal 0.107541 0.992284 -0.0617027
    outer loop
      vertex 155.239 4.28613 66
      vertex 214.896 11.3764 284
      vertex 218.064 11.033 284
    endloop
  endfacet
  facet normal 0.107547 0.992283 -0.0617042
    outer loop
      vertex 214.896 11.3764 284
      vertex 155.239 4.28613 66
      vertex 155.154 4.29532 66
    endloop
  endfacet
  facet normal 0.107522 0.992287 -0.0616912
    outer loop
      vertex 217.384 11.6665 293
      vertex 217.45 11.679 293.318
      vertex 217.476 11.6762 293.318
    endloop
  endfacet
  facet normal 0.107447 0.992296 -0.061676
    outer loop
      vertex 217.45 11.679 293.318
      vertex 217.384 11.6665 293
      vertex 217.024 11.6286 291.765
    endloop
  endfacet
  facet normal 0.139455 0.987758 -0.0698962
    outer loop
      vertex 214.133 12.0444 293.318
      vertex 151.186 4.84586 66
      vertex 147.285 5.3967 66
    endloop
  endfacet
  facet normal 0.109285 0.992095 -0.061679
    outer loop
      vertex 151.272 4.83646 66
      vertex 214.133 12.0444 293.318
      vertex 217.45 11.679 293.318
    endloop
  endfacet
  facet normal 0.10929 0.992094 -0.0616804
    outer loop
      vertex 214.133 12.0444 293.318
      vertex 151.272 4.83646 66
      vertex 151.186 4.84586 66
    endloop
  endfacet
  facet normal 0.140109 0.987714 -0.0692148
    outer loop
      vertex 207.494 12.7802 293.318
      vertex 147.114 5.41562 66
      vertex 139.303 6.52363 66
    endloop
  endfacet
  facet normal 0.109937 0.992044 -0.061341
    outer loop
      vertex 147.285 5.3967 66
      vertex 207.494 12.7802 293.318
      vertex 214.133 12.0444 293.318
    endloop
  endfacet
  facet normal 0.109937 0.992044 -0.061341
    outer loop
      vertex 207.494 12.7802 293.318
      vertex 147.285 5.3967 66
      vertex 147.114 5.41562 66
    endloop
  endfacet
  facet normal 0.138499 0.988004 -0.0683061
    outer loop
      vertex 204.192 13.1406 293.318
      vertex 139.218 6.5329 66
      vertex 135.334 7.07742 66
    endloop
  endfacet
  facet normal 0.108321 0.992315 -0.0598059
    outer loop
      vertex 139.303 6.52363 66
      vertex 204.192 13.1406 293.318
      vertex 207.494 12.7802 293.318
    endloop
  endfacet
  facet normal 0.108334 0.992314 -0.0598094
    outer loop
      vertex 204.192 13.1406 293.318
      vertex 139.303 6.52363 66
      vertex 139.218 6.5329 66
    endloop
  endfacet
  facet normal 0.135868 0.988453 -0.0670894
    outer loop
      vertex 200.904 13.4907 293.318
      vertex 135.249 7.08643 66
      vertex 131.38 7.6182 66
    endloop
  endfacet
  facet normal 0.105676 0.992679 -0.0584883
    outer loop
      vertex 135.334 7.07742 66
      vertex 200.904 13.4907 293.318
      vertex 204.192 13.1406 293.318
    endloop
  endfacet
  facet normal 0.105688 0.992678 -0.0584918
    outer loop
      vertex 200.904 13.4907 293.318
      vertex 135.334 7.07742 66
      vertex 135.249 7.08643 66
    endloop
  endfacet
  facet normal 0.132409 0.989021 -0.0656158
    outer loop
      vertex 197.625 13.828 293.318
      vertex 131.296 7.62687 66
      vertex 127.438 8.14338 66
    endloop
  endfacet
  facet normal 0.102199 0.993135 -0.056913
    outer loop
      vertex 131.38 7.6182 66
      vertex 197.625 13.828 293.318
      vertex 200.904 13.4907 293.318
    endloop
  endfacet
  facet normal 0.102194 0.993135 -0.0569114
    outer loop
      vertex 197.625 13.828 293.318
      vertex 131.38 7.6182 66
      vertex 131.296 7.62687 66
    endloop
  endfacet
  facet normal 0.128217 0.989685 -0.0639085
    outer loop
      vertex 194.353 14.1507 293.318
      vertex 127.354 8.15167 66
      vertex 123.504 8.6505 66
    endloop
  endfacet
  facet normal 0.097985 0.993661 -0.0551029
    outer loop
      vertex 127.438 8.14338 66
      vertex 194.353 14.1507 293.318
      vertex 197.625 13.828 293.318
    endloop
  endfacet
  facet normal 0.0979875 0.993661 -0.0551037
    outer loop
      vertex 194.353 14.1507 293.318
      vertex 127.438 8.14338 66
      vertex 127.354 8.15167 66
    endloop
  endfacet
  facet normal 0.123366 0.990423 -0.0619859
    outer loop
      vertex 191.088 14.4565 293.318
      vertex 123.42 8.65836 66
      vertex 119.577 9.13706 66
    endloop
  endfacet
  facet normal 0.09311 0.99424 -0.0530767
    outer loop
      vertex 123.504 8.6505 66
      vertex 191.088 14.4565 293.318
      vertex 194.353 14.1507 293.318
    endloop
  endfacet
  facet normal 0.0931028 0.994241 -0.0530746
    outer loop
      vertex 191.088 14.4565 293.318
      vertex 123.504 8.6505 66
      vertex 123.42 8.65836 66
    endloop
  endfacet
  facet normal 0.117927 0.991216 -0.0598661
    outer loop
      vertex 187.829 14.7436 293.318
      vertex 119.493 9.14445 66
      vertex 115.656 9.60093 66
    endloop
  endfacet
  facet normal 0.0876456 0.994853 -0.0508525
    outer loop
      vertex 119.577 9.13706 66
      vertex 187.829 14.7436 293.318
      vertex 191.088 14.4565 293.318
    endloop
  endfacet
  facet normal 0.0876473 0.994853 -0.050853
    outer loop
      vertex 187.829 14.7436 293.318
      vertex 119.577 9.13706 66
      vertex 119.493 9.14445 66
    endloop
  endfacet
  facet normal 0.11197 0.992043 -0.0575666
    outer loop
      vertex 184.574 15.0106 293.318
      vertex 115.572 9.6078 66
      vertex 111.739 10.0404 66
    endloop
  endfacet
  facet normal 0.0816616 0.995482 -0.0484484
    outer loop
      vertex 115.656 9.60093 66
      vertex 184.574 15.0106 293.318
      vertex 187.829 14.7436 293.318
    endloop
  endfacet
  facet normal 0.0816564 0.995482 -0.0484468
    outer loop
      vertex 184.574 15.0106 293.318
      vertex 115.656 9.60093 66
      vertex 115.572 9.6078 66
    endloop
  endfacet
  facet normal 0.105689 0.992869 -0.055146
    outer loop
      vertex 181.321 15.2567 293.318
      vertex 111.656 10.0467 66
      vertex 107.825 10.4545 66
    endloop
  endfacet
  facet normal 0.0753544 0.996099 -0.0459234
    outer loop
      vertex 111.739 10.0404 66
      vertex 181.321 15.2567 293.318
      vertex 184.574 15.0106 293.318
    endloop
  endfacet
  facet normal 0.0753502 0.996099 -0.0459222
    outer loop
      vertex 181.321 15.2567 293.318
      vertex 111.739 10.0404 66
      vertex 111.656 10.0467 66
    endloop
  endfacet
  facet normal 0.0991735 0.993677 -0.0526303
    outer loop
      vertex 178.069 15.4812 293.318
      vertex 107.741 10.4603 66
      vertex 103.911 10.8426 66
    endloop
  endfacet
  facet normal 0.0688126 0.996689 -0.0433039
    outer loop
      vertex 107.825 10.4545 66
      vertex 178.069 15.4812 293.318
      vertex 181.321 15.2567 293.318
    endloop
  endfacet
  facet normal 0.0688054 0.99669 -0.0433016
    outer loop
      vertex 178.069 15.4812 293.318
      vertex 107.825 10.4545 66
      vertex 107.741 10.4603 66
    endloop
  endfacet
  facet normal 0.0924545 0.994459 -0.0500285
    outer loop
      vertex 174.817 15.6836 293.318
      vertex 103.827 10.8478 66
      vertex 99.9965 11.2039 66
    endloop
  endfacet
  facet normal 0.062069 0.997246 -0.0405985
    outer loop
      vertex 103.911 10.8426 66
      vertex 174.817 15.6836 293.318
      vertex 178.069 15.4812 293.318
    endloop
  endfacet
  facet normal 0.0620719 0.997246 -0.0405994
    outer loop
      vertex 174.817 15.6836 293.318
      vertex 103.911 10.8426 66
      vertex 103.827 10.8478 66
    endloop
  endfacet
  facet normal 0.0855751 0.995206 -0.0473532
    outer loop
      vertex 171.566 15.8633 293.318
      vertex 99.9129 11.2085 66
      vertex 96.0818 11.538 66
    endloop
  endfacet
  facet normal 0.0551653 0.997761 -0.0378199
    outer loop
      vertex 99.9965 11.2039 66
      vertex 171.566 15.8633 293.318
      vertex 174.817 15.6836 293.318
    endloop
  endfacet
  facet normal 0.0551668 0.997761 -0.0378204
    outer loop
      vertex 171.566 15.8633 293.318
      vertex 99.9965 11.2039 66
      vertex 99.9129 11.2085 66
    endloop
  endfacet
  facet normal 0.078564 0.99591 -0.044613
    outer loop
      vertex 168.317 16.02 293.318
      vertex 95.9982 11.542 66
      vertex 92.1679 11.8442 66
    endloop
  endfacet
  facet normal 0.0481322 0.998228 -0.0349772
    outer loop
      vertex 96.0818 11.538 66
      vertex 168.317 16.02 293.318
      vertex 171.566 15.8633 293.318
    endloop
  endfacet
  facet normal 0.048132 0.998228 -0.0349771
    outer loop
      vertex 168.317 16.02 293.318
      vertex 96.0818 11.538 66
      vertex 95.9982 11.542 66
    endloop
  endfacet
  facet normal 0.0713126 0.996579 -0.0417711
    outer loop
      vertex 165.069 16.1529 293.318
      vertex 92.0844 11.8476 66
      vertex 88.2553 12.1216 66
    endloop
  endfacet
  facet normal 0.0408602 0.998651 -0.0320331
    outer loop
      vertex 92.1679 11.8442 66
      vertex 165.069 16.1529 293.318
      vertex 168.317 16.02 293.318
    endloop
  endfacet
  facet normal 0.0408655 0.998651 -0.0320348
    outer loop
      vertex 165.069 16.1529 293.318
      vertex 92.1679 11.8442 66
      vertex 92.0844 11.8476 66
    endloop
  endfacet
  facet normal 0.0637902 0.997208 -0.0388157
    outer loop
      vertex 161.824 16.2611 293.318
      vertex 88.1718 12.1244 66
      vertex 84.3458 12.3691 66
    endloop
  endfacet
  facet normal 0.0333182 0.999025 -0.0289757
    outer loop
      vertex 88.2553 12.1216 66
      vertex 161.824 16.2611 293.318
      vertex 165.069 16.1529 293.318
    endloop
  endfacet
  facet normal 0.0333206 0.999025 -0.0289765
    outer loop
      vertex 161.824 16.2611 293.318
      vertex 88.2553 12.1216 66
      vertex 88.1718 12.1244 66
    endloop
  endfacet
  facet normal 0.0559394 0.997795 -0.035726
    outer loop
      vertex 158.584 16.3436 293.318
      vertex 84.2625 12.3712 66
      vertex 80.4414 12.5854 66
    endloop
  endfacet
  facet normal 0.0254502 0.999344 -0.0257846
    outer loop
      vertex 84.3458 12.3691 66
      vertex 158.584 16.3436 293.318
      vertex 161.824 16.2611 293.318
    endloop
  endfacet
  facet normal 0.0254526 0.999343 -0.0257854
    outer loop
      vertex 158.584 16.3436 293.318
      vertex 84.3458 12.3691 66
      vertex 84.2625 12.3712 66
    endloop
  endfacet
  facet normal 0.0476234 0.998338 -0.0324531
    outer loop
      vertex 155.35 16.399 293.318
      vertex 80.3582 12.5869 66
      vertex 76.5427 12.7689 66
    endloop
  endfacet
  facet normal 0.0171183 0.999602 -0.0224107
    outer loop
      vertex 80.4414 12.5854 66
      vertex 155.35 16.399 293.318
      vertex 158.584 16.3436 293.318
    endloop
  endfacet
  facet normal 0.0171148 0.999602 -0.0224096
    outer loop
      vertex 155.35 16.399 293.318
      vertex 80.4414 12.5854 66
      vertex 80.3582 12.5869 66
    endloop
  endfacet
  facet normal 0.0388409 0.998825 -0.0289938
    outer loop
      vertex 152.122 16.4259 293.318
      vertex 76.4597 12.7696 66
      vertex 72.65 12.9177 66
    endloop
  endfacet
  facet normal 0.00832188 0.999788 -0.0188511
    outer loop
      vertex 76.5427 12.7689 66
      vertex 152.122 16.4259 293.318
      vertex 155.35 16.399 293.318
    endloop
  endfacet
  facet normal 0.00831472 0.999788 -0.0188487
    outer loop
      vertex 152.122 16.4259 293.318
      vertex 76.5427 12.7689 66
      vertex 76.4597 12.7696 66
    endloop
  endfacet
  facet normal 0.0295736 0.999241 -0.0253387
    outer loop
      vertex 148.9 16.4228 293.318
      vertex 72.5672 12.9176 66
      vertex 68.7632 13.0302 66
    endloop
  endfacet
  facet normal -0.000955774 0.999886 -0.015097
    outer loop
      vertex 72.65 12.9177 66
      vertex 148.9 16.4228 293.318
      vertex 152.122 16.4259 293.318
    endloop
  endfacet
  facet normal -0.000955055 0.999886 -0.0150972
    outer loop
      vertex 148.9 16.4228 293.318
      vertex 72.65 12.9177 66
      vertex 72.5672 12.9176 66
    endloop
  endfacet
  facet normal 0.0198074 0.999573 -0.0214801
    outer loop
      vertex 145.685 16.3883 293.318
      vertex 68.6805 13.0293 66
      vertex 64.8851 13.1045 66
    endloop
  endfacet
  facet normal -0.010729 0.99988 -0.0111403
    outer loop
      vertex 68.7632 13.0302 66
      vertex 145.685 16.3883 293.318
      vertex 148.9 16.4228 293.318
    endloop
  endfacet
  facet normal -0.0107278 0.99988 -0.0111407
    outer loop
      vertex 145.685 16.3883 293.318
      vertex 68.7632 13.0302 66
      vertex 68.6805 13.0293 66
    endloop
  endfacet
  facet normal 0.00931224 0.999806 -0.0173339
    outer loop
      vertex 142.484 16.3203 293.318
      vertex 64.8028 13.1028 66
      vertex 61.0216 13.138 66
    endloop
  endfacet
  facet normal -0.0212272 0.999751 -0.00689691
    outer loop
      vertex 64.8851 13.1045 66
      vertex 142.484 16.3203 293.318
      vertex 145.685 16.3883 293.318
    endloop
  endfacet
  facet normal -0.0212296 0.999751 -0.00689609
    outer loop
      vertex 142.484 16.3203 293.318
      vertex 64.8851 13.1045 66
      vertex 64.8028 13.1028 66
    endloop
  endfacet
  facet normal -0.00230714 0.999916 -0.0127545
    outer loop
      vertex 139.299 16.2157 293.318
      vertex 60.9397 13.1353 66
      vertex 57.1768 13.1266 66
    endloop
  endfacet
  facet normal -0.0328446 0.999458 -0.00222158
    outer loop
      vertex 61.0216 13.138 66
      vertex 139.299 16.2157 293.318
      vertex 142.484 16.3203 293.318
    endloop
  endfacet
  facet normal -0.0328451 0.999458 -0.00222144
    outer loop
      vertex 139.299 16.2157 293.318
      vertex 61.0216 13.138 66
      vertex 60.9397 13.1353 66
    endloop
  endfacet
  facet normal -0.015052 0.999857 -0.00773442
    outer loop
      vertex 136.132 16.0712 293.318
      vertex 57.0953 13.1229 66
      vertex 53.3516 13.0666 66
    endloop
  endfacet
  facet normal -0.04558 0.998957 0.00289164
    outer loop
      vertex 57.1768 13.1266 66
      vertex 136.132 16.0712 293.318
      vertex 139.299 16.2157 293.318
    endloop
  endfacet
  facet normal -0.0455709 0.998957 0.00288845
    outer loop
      vertex 136.132 16.0712 293.318
      vertex 57.1768 13.1266 66
      vertex 57.0953 13.1229 66
    endloop
  endfacet
  facet normal -0.0289234 0.999579 -0.0022663
    outer loop
      vertex 132.982 15.8836 293.318
      vertex 53.2706 13.0617 66
      vertex 49.5457 12.954 66
    endloop
  endfacet
  facet normal -0.059434 0.998196 0.00844977
    outer loop
      vertex 53.3516 13.0666 66
      vertex 132.982 15.8836 293.318
      vertex 136.132 16.0712 293.318
    endloop
  endfacet
  facet normal -0.0594316 0.998197 0.00844892
    outer loop
      vertex 132.982 15.8836 293.318
      vertex 53.3516 13.0666 66
      vertex 53.2706 13.0617 66
    endloop
  endfacet
  facet normal -0.0439276 0.999028 0.003659
    outer loop
      vertex 129.851 15.65 293.318
      vertex 49.4652 12.948 66
      vertex 45.7609 12.7851 66
    endloop
  endfacet
  facet normal -0.0744084 0.997123 0.0144605
    outer loop
      vertex 49.5457 12.954 66
      vertex 129.851 15.65 293.318
      vertex 132.982 15.8836 293.318
    endloop
  endfacet
  facet normal -0.0744086 0.997123 0.0144606
    outer loop
      vertex 129.851 15.65 293.318
      vertex 49.5457 12.954 66
      vertex 49.4652 12.948 66
    endloop
  endfacet
  facet normal -0.0602093 0.998135 0.0101019
    outer loop
      vertex 126.742 15.3669 293.318
      vertex 45.681 12.7778 66
      vertex 42.0007 12.5558 66
    endloop
  endfacet
  facet normal -0.0906475 0.995662 0.0209843
    outer loop
      vertex 45.7609 12.7851 66
      vertex 126.742 15.3669 293.318
      vertex 129.851 15.65 293.318
    endloop
  endfacet
  facet normal -0.0906475 0.995662 0.0209842
    outer loop
      vertex 126.742 15.3669 293.318
      vertex 45.7609 12.7851 66
      vertex 45.681 12.7778 66
    endloop
  endfacet
  facet normal -0.0778214 0.996821 0.0170895
    outer loop
      vertex 123.66 15.0313 293.318
      vertex 41.9215 12.5472 66
      vertex 38.2708 12.2622 66
    endloop
  endfacet
  facet normal -0.1082 0.993733 0.0280465
    outer loop
      vertex 42.0007 12.5558 66
      vertex 123.66 15.0313 293.318
      vertex 126.742 15.3669 293.318
    endloop
  endfacet
  facet normal -0.108196 0.993734 0.0280454
    outer loop
      vertex 123.66 15.0313 293.318
      vertex 42.0007 12.5558 66
      vertex 41.9215 12.5472 66
    endloop
  endfacet
  facet normal -0.0971921 0.994957 0.0247908
    outer loop
      vertex 120.611 14.6391 293.318
      vertex 38.1924 12.2521 66
      vertex 34.5792 11.8991 66
    endloop
  endfacet
  facet normal -0.127489 0.991193 0.0358149
    outer loop
      vertex 38.2708 12.2622 66
      vertex 120.611 14.6391 293.318
      vertex 123.66 15.0313 293.318
    endloop
  endfacet
  facet normal -0.127486 0.991194 0.0358138
    outer loop
      vertex 120.611 14.6391 293.318
      vertex 38.2708 12.2622 66
      vertex 38.1924 12.2521 66
    endloop
  endfacet
  facet normal -0.118557 0.992389 0.0333055
    outer loop
      vertex 117.602 14.1861 293.318
      vertex 34.5018 11.8875 66
      vertex 30.934 11.4612 66
    endloop
  endfacet
  facet normal -0.148743 0.987879 0.0443863
    outer loop
      vertex 34.5792 11.8991 66
      vertex 117.602 14.1861 293.318
      vertex 120.611 14.6391 293.318
    endloop
  endfacet
  facet normal -0.148744 0.987879 0.0443867
    outer loop
      vertex 117.602 14.1861 293.318
      vertex 34.5792 11.8991 66
      vertex 34.5018 11.8875 66
    endloop
  endfacet
  facet normal -0.142439 0.988876 0.0428458
    outer loop
      vertex 114.644 13.6674 293.318
      vertex 30.8579 11.4479 66
      vertex 27.3476 10.9423 66
    endloop
  endfacet
  facet normal -0.172478 0.983534 0.0539699
    outer loop
      vertex 30.934 11.4612 66
      vertex 114.644 13.6674 293.318
      vertex 117.602 14.1861 293.318
    endloop
  endfacet
  facet normal -0.17248 0.983533 0.0539704
    outer loop
      vertex 114.644 13.6674 293.318
      vertex 30.934 11.4612 66
      vertex 30.8579 11.4479 66
    endloop
  endfacet
  facet normal -0.169208 0.984124 0.0535682
    outer loop
      vertex 111.753 13.0789 293.318
      vertex 27.2732 10.9271 66
      vertex 23.8396 10.3368 66
    endloop
  endfacet
  facet normal -0.199051 0.97785 0.0647184
    outer loop
      vertex 27.3476 10.9423 66
      vertex 111.753 13.0789 293.318
      vertex 114.644 13.6674 293.318
    endloop
  endfacet
  facet normal -0.199052 0.97785 0.0647189
    outer loop
      vertex 111.753 13.0789 293.318
      vertex 27.3476 10.9423 66
      vertex 27.2732 10.9271 66
    endloop
  endfacet
  facet normal -0.199957 0.977585 0.0659148
    outer loop
      vertex 108.953 12.4164 293.318
      vertex 23.7676 10.3197 66
      vertex 20.4383 9.63875 66
    endloop
  endfacet
  facet normal -0.229533 0.970245 0.077066
    outer loop
      vertex 23.8396 10.3368 66
      vertex 108.953 12.4164 293.318
      vertex 111.753 13.0789 293.318
    endloop
  endfacet
  facet normal -0.229526 0.970247 0.0770633
    outer loop
      vertex 108.953 12.4164 293.318
      vertex 23.8396 10.3368 66
      vertex 23.7676 10.3197 66
    endloop
  endfacet
  facet normal -0.235913 0.968443 0.0803897
    outer loop
      vertex 106.276 11.6772 293.318
      vertex 20.3695 9.61973 66
      vertex 17.1835 8.84362 66
    endloop
  endfacet
  facet normal -0.265123 0.959863 0.0915061
    outer loop
      vertex 20.4383 9.63875 66
      vertex 106.276 11.6772 293.318
      vertex 108.953 12.4164 293.318
    endloop
  endfacet
  facet normal -0.265121 0.959863 0.0915056
    outer loop
      vertex 106.276 11.6772 293.318
      vertex 20.4383 9.63875 66
      vertex 20.3695 9.61973 66
    endloop
  endfacet
  facet normal -0.278917 0.955327 0.0977482
    outer loop
      vertex 103.792 10.8686 293.318
      vertex 17.1196 8.82283 66
      vertex 14.1575 7.95803 66
    endloop
  endfacet
  facet normal -0.307607 0.945275 0.108777
    outer loop
      vertex 17.1835 8.84362 66
      vertex 103.792 10.8686 293.318
      vertex 106.276 11.6772 293.318
    endloop
  endfacet
  facet normal -0.307617 0.945271 0.108782
    outer loop
      vertex 103.792 10.8686 293.318
      vertex 17.1835 8.84362 66
      vertex 17.1196 8.82283 66
    endloop
  endfacet
  facet normal -0.329561 0.936698 0.118267
    outer loop
      vertex 101.562 10.0067 293.318
      vertex 14.1002 7.93587 66
      vertex 11.437 6.99888 66
    endloop
  endfacet
  facet normal -0.357524 0.924933 0.129133
    outer loop
      vertex 14.1575 7.95803 66
      vertex 101.562 10.0067 293.318
      vertex 103.792 10.8686 293.318
    endloop
  endfacet
  facet normal -0.357524 0.924933 0.129133
    outer loop
      vertex 101.562 10.0067 293.318
      vertex 14.1575 7.95803 66
      vertex 14.1002 7.93587 66
    endloop
  endfacet
  facet normal -0.387515 0.910883 0.141862
    outer loop
      vertex 99.6245 9.11166 293.318
      vertex 11.3872 6.97587 66
      vertex 9.06802 5.98921 66
    endloop
  endfacet
  facet normal -0.414491 0.897192 0.152462
    outer loop
      vertex 11.437 6.99888 66
      vertex 99.6245 9.11166 293.318
      vertex 101.562 10.0067 293.318
    endloop
  endfacet
  facet normal -0.414496 0.897189 0.152464
    outer loop
      vertex 99.6245 9.11166 293.318
      vertex 11.437 6.99888 66
      vertex 11.3872 6.97587 66
    endloop
  endfacet
  facet normal -0.450525 0.87688 0.167654
    outer loop
      vertex 98.1053 8.27156 293.318
      vertex 9.02896 5.96761 66
      vertex 7.20549 5.03075 66
    endloop
  endfacet
  facet normal -0.476226 0.861142 0.177885
    outer loop
      vertex 9.06802 5.98921 66
      vertex 98.1053 8.27156 293.318
      vertex 99.6245 9.11166 293.318
    endloop
  endfacet
  facet normal -0.47623 0.861139 0.177887
    outer loop
      vertex 98.1053 8.27156 293.318
      vertex 9.06802 5.98921 66
      vertex 9.02896 5.96761 66
    endloop
  endfacet
  facet normal -0.518054 0.832716 0.195459
    outer loop
      vertex 96.9897 7.52931 293.318
      vertex 7.1768 5.01166 66
      vertex 5.83315 4.17573 66
    endloop
  endfacet
  facet normal -0.542141 0.814854 0.205174
    outer loop
      vertex 7.20549 5.03075 66
      vertex 96.9897 7.52931 293.318
      vertex 98.1053 8.27156 293.318
    endloop
  endfacet
  facet normal -0.542143 0.814853 0.205174
    outer loop
      vertex 96.9897 7.52931 293.318
      vertex 7.20549 5.03075 66
      vertex 7.1768 5.01166 66
    endloop
  endfacet
  facet normal -0.587126 0.777856 0.224105
    outer loop
      vertex 96.1445 6.84984 293.318
      vertex 5.81141 4.15826 66
      vertex 4.7892 3.3867 66
    endloop
  endfacet
  facet normal -0.609276 0.75791 0.233144
    outer loop
      vertex 5.83315 4.17573 66
      vertex 96.1445 6.84984 293.318
      vertex 96.9897 7.52931 293.318
    endloop
  endfacet
  facet normal -0.609271 0.757914 0.233142
    outer loop
      vertex 96.1445 6.84984 293.318
      vertex 5.83315 4.17573 66
      vertex 5.81141 4.15826 66
    endloop
  endfacet
  facet normal -0.645663 0.722025 0.248594
    outer loop
      vertex 95.5012 6.23821 293.318
      vertex 4.77265 3.37097 66
      vertex 3.99125 2.6722 66
    endloop
  endfacet
  facet normal -0.665909 0.700388 0.256947
    outer loop
      vertex 4.7892 3.3867 66
      vertex 95.5012 6.23821 293.318
      vertex 96.1445 6.84984 293.318
    endloop
  endfacet
  facet normal -0.665903 0.700394 0.256945
    outer loop
      vertex 95.5012 6.23821 293.318
      vertex 4.7892 3.3867 66
      vertex 4.77265 3.37097 66
    endloop
  endfacet
  facet normal -0.690501 0.672044 0.267516
    outer loop
      vertex 95.0303 5.7239 293.318
      vertex 3.97914 2.65898 66
      vertex 3.4048 2.06887 66
    endloop
  endfacet
  facet normal -0.709088 0.64917 0.275269
    outer loop
      vertex 3.99125 2.6722 66
      vertex 95.0303 5.7239 293.318
      vertex 95.5012 6.23821 293.318
    endloop
  endfacet
  facet normal -0.709096 0.649159 0.275272
    outer loop
      vertex 95.0303 5.7239 293.318
      vertex 3.99125 2.6722 66
      vertex 3.97914 2.65898 66
    endloop
  endfacet
  facet normal -0.744025 0.601797 0.290288
    outer loop
      vertex 94.6989 5.28751 293.318
      vertex 3.39628 2.05765 66
      vertex 2.9893 1.55448 66
    endloop
  endfacet
  facet normal -0.760365 0.577512 0.297196
    outer loop
      vertex 3.4048 2.06887 66
      vertex 94.6989 5.28751 293.318
      vertex 95.0303 5.7239 293.318
    endloop
  endfacet
  facet normal -0.760362 0.577516 0.297195
    outer loop
      vertex 94.6989 5.28751 293.318
      vertex 3.4048 2.06887 66
      vertex 3.39628 2.05765 66
    endloop
  endfacet
  facet normal -0.816237 0.480009 0.321478
    outer loop
      vertex 94.4799 4.88772 293.318
      vertex 2.98367 1.5442 66
      vertex 2.7108 1.08019 66
    endloop
  endfacet
  facet normal -0.828871 0.453959 0.326946
    outer loop
      vertex 2.9893 1.55448 66
      vertex 94.4799 4.88772 293.318
      vertex 94.6989 5.28751 293.318
    endloop
  endfacet
  facet normal -0.828876 0.453949 0.326948
    outer loop
      vertex 94.4799 4.88772 293.318
      vertex 2.9893 1.55448 66
      vertex 2.98367 1.5442 66
    endloop
  endfacet
  facet normal -0.879468 0.322886 0.349686
    outer loop
      vertex 94.3506 4.49915 293.318
      vertex 2.70747 1.0702 66
      vertex 2.54079 0.616192 66
    endloop
  endfacet
  facet normal -0.887604 0.295434 0.35338
    outer loop
      vertex 2.7108 1.08019 66
      vertex 94.3506 4.49915 293.318
      vertex 94.4799 4.88772 293.318
    endloop
  endfacet
  facet normal -0.887599 0.295453 0.353378
    outer loop
      vertex 94.3506 4.49915 293.318
      vertex 2.7108 1.08019 66
      vertex 2.70747 1.0702 66
    endloop
  endfacet
  facet normal -0.918093 0.146374 0.368348
    outer loop
      vertex 94.302 4.12046 293.318
      vertex 2.53954 0.606454 66
      vertex 2.46855 0.161204 66
    endloop
  endfacet
  facet normal -0.921432 0.118179 0.370131
    outer loop
      vertex 2.54079 0.616192 66
      vertex 94.302 4.12046 293.318
      vertex 94.3506 4.49915 293.318
    endloop
  endfacet
  facet normal -0.921433 0.118165 0.370132
    outer loop
      vertex 94.302 4.12046 293.318
      vertex 2.54079 0.616192 66
      vertex 2.53954 0.606454 66
    endloop
  endfacet
  facet normal -0.924451 -0.0704471 0.374736
    outer loop
      vertex 2.50114 -0.262741 66
      vertex 94.3395 3.77009 293.318
      vertex 2.46952 0.152194 66
    endloop
  endfacet
  facet normal -0.922075 -0.0986638 0.374224
    outer loop
      vertex 2.46855 0.161204 66
      vertex 94.3395 3.77009 293.318
      vertex 94.302 4.12046 293.318
    endloop
  endfacet
  facet normal -0.922072 -0.0986931 0.374224
    outer loop
      vertex 94.3395 3.77009 293.318
      vertex 2.46855 0.161204 66
      vertex 2.46952 0.152194 66
    endloop
  endfacet
  facet normal -0.861839 -0.362556 0.354664
    outer loop
      vertex 2.66048 -0.640837 66
      vertex 94.4809 3.46083 293.318
      vertex 2.50477 -0.270694 66
    endloop
  endfacet
  facet normal -0.851629 -0.38929 0.350971
    outer loop
      vertex 2.50114 -0.262741 66
      vertex 94.4809 3.46083 293.318
      vertex 94.3395 3.77009 293.318
    endloop
  endfacet
  facet normal -0.851635 -0.389275 0.350974
    outer loop
      vertex 94.4809 3.46083 293.318
      vertex 2.50114 -0.262741 66
      vertex 2.50477 -0.270694 66
    endloop
  endfacet
  facet normal -0.709799 -0.638138 0.29827
    outer loop
      vertex 2.96695 -0.981273 66
      vertex 94.7432 3.18642 293.318
      vertex 2.66723 -0.647894 66
    endloop
  endfacet
  facet normal -0.691543 -0.661011 0.291261
    outer loop
      vertex 2.66048 -0.640837 66
      vertex 94.7432 3.18642 293.318
      vertex 94.4809 3.46083 293.318
    endloop
  endfacet
  facet normal -0.691537 -0.661018 0.291259
    outer loop
      vertex 94.7432 3.18642 293.318
      vertex 2.66048 -0.640837 66
      vertex 2.66723 -0.647894 66
    endloop
  endfacet
  facet normal -0.558189 -0.79425 0.239983
    outer loop
      vertex 3.44124 -1.31414 66
      vertex 95.1443 2.92243 293.318
      vertex 2.97726 -0.988062 66
    endloop
  endfacet
  facet normal -0.534887 -0.812775 0.230854
    outer loop
      vertex 2.97726 -0.988062 66
      vertex 94.7432 3.18642 293.318
      vertex 2.96695 -0.981273 66
    endloop
  endfacet
  facet normal -0.534887 -0.812774 0.230854
    outer loop
      vertex 94.7432 3.18642 293.318
      vertex 2.97726 -0.988062 66
      vertex 95.1443 2.92243 293.318
    endloop
  endfacet
  facet normal -0.472168 -0.856973 0.206532
    outer loop
      vertex 4.1117 -1.68297 66
      vertex 95.7088 2.63351 293.318
      vertex 3.45576 -1.32157 66
    endloop
  endfacet
  facet normal -0.446717 -0.872835 0.196479
    outer loop
      vertex 3.45576 -1.32157 66
      vertex 95.1443 2.92243 293.318
      vertex 3.44124 -1.31414 66
    endloop
  endfacet
  facet normal -0.446721 -0.872832 0.19648
    outer loop
      vertex 95.1443 2.92243 293.318
      vertex 3.45576 -1.32157 66
      vertex 95.7088 2.63351 293.318
    endloop
  endfacet
  facet normal -0.423315 -0.886366 0.187511
    outer loop
      vertex 5.01529 -2.1138 66
      vertex 96.468 2.29901 293.318
      vertex 4.13122 -1.69158 66
    endloop
  endfacet
  facet normal -0.396832 -0.900663 0.177005
    outer loop
      vertex 4.13122 -1.69158 66
      vertex 95.7088 2.63351 293.318
      vertex 4.1117 -1.68297 66
    endloop
  endfacet
  facet normal -0.396832 -0.900663 0.177005
    outer loop
      vertex 95.7088 2.63351 293.318
      vertex 4.13122 -1.69158 66
      vertex 96.468 2.29901 293.318
    endloop
  endfacet
  facet normal -0.365935 -0.915873 0.165132
    outer loop
      vertex 6.17088 -2.57464 66
      vertex 97.4367 1.94589 293.318
      vertex 5.0402 -2.12288 66
    endloop
  endfacet
  facet normal -0.338399 -0.928289 0.154162
    outer loop
      vertex 5.0402 -2.12288 66
      vertex 96.468 2.29901 293.318
      vertex 5.01529 -2.1138 66
    endloop
  endfacet
  facet normal -0.338403 -0.928287 0.154164
    outer loop
      vertex 96.468 2.29901 293.318
      vertex 5.0402 -2.12288 66
      vertex 97.4367 1.94589 293.318
    endloop
  endfacet
  facet normal -0.310826 -0.93955 0.143644
    outer loop
      vertex 7.64059 -3.05979 66
      vertex 98.6662 1.58041 293.318
      vertex 6.2025 -2.58404 66
    endloop
  endfacet
  facet normal -0.282438 -0.95012 0.13229
    outer loop
      vertex 6.2025 -2.58404 66
      vertex 97.4367 1.94589 293.318
      vertex 6.17088 -2.57464 66
    endloop
  endfacet
  facet normal -0.28244 -0.950119 0.132291
    outer loop
      vertex 97.4367 1.94589 293.318
      vertex 6.2025 -2.58404 66
      vertex 98.6662 1.58041 293.318
    endloop
  endfacet
  facet normal -0.260728 -0.957393 0.124177
    outer loop
      vertex 9.69735 -3.61847 66
      vertex 100.384 1.16855 293.318
      vertex 7.68475 -3.07038 66
    endloop
  endfacet
  facet normal -0.231692 -0.966262 0.112501
    outer loop
      vertex 7.68475 -3.07038 66
      vertex 98.6662 1.58041 293.318
      vertex 7.64059 -3.05979 66
    endloop
  endfacet
  facet normal -0.231694 -0.966262 0.112502
    outer loop
      vertex 98.6662 1.58041 293.318
      vertex 7.68475 -3.07038 66
      vertex 100.384 1.16855 293.318
    endloop
  endfacet
  facet normal -0.21612 -0.97049 0.106967
    outer loop
      vertex 12.5094 -4.24278 66
      vertex 102.729 0.721056 293.318
      vertex 9.75765 -3.62998 66
    endloop
  endfacet
  facet normal -0.186608 -0.977827 0.0950371
    outer loop
      vertex 9.75765 -3.62998 66
      vertex 100.384 1.16855 293.318
      vertex 9.69735 -3.61847 66
    endloop
  endfacet
  facet normal -0.186609 -0.977827 0.0950375
    outer loop
      vertex 100.384 1.16855 293.318
      vertex 9.75765 -3.62998 66
      vertex 102.729 0.721056 293.318
    endloop
  endfacet
  facet normal -0.175445 -0.980239 0.0913806
    outer loop
      vertex 15.6445 -4.80179 66
      vertex 105.339 0.335638 293.318
      vertex 12.5765 -4.25269 66
    endloop
  endfacet
  facet normal -0.145581 -0.986162 0.0793132
    outer loop
      vertex 12.5765 -4.25269 66
      vertex 102.729 0.721056 293.318
      vertex 12.5094 -4.24278 66
    endloop
  endfacet
  facet normal -0.145579 -0.986162 0.0793127
    outer loop
      vertex 102.729 0.721056 293.318
      vertex 12.5765 -4.25269 66
      vertex 105.339 0.335638 293.318
    endloop
  endfacet
  facet normal -0.140457 -0.987002 0.0780948
    outer loop
      vertex 19.0047 -5.27774 66
      vertex 108.135 0.0246086 293.318
      vertex 15.7164 -4.80979 66
    endloop
  endfacet
  facet normal -0.110347 -0.991702 0.0659533
    outer loop
      vertex 15.7164 -4.80979 66
      vertex 105.339 0.335638 293.318
      vertex 15.6445 -4.80179 66
    endloop
  endfacet
  facet normal -0.110347 -0.991702 0.0659532
    outer loop
      vertex 105.339 0.335638 293.318
      vertex 15.7164 -4.80979 66
      vertex 108.135 0.0246086 293.318
    endloop
  endfacet
  facet normal -0.109487 -0.991765 0.0664488
    outer loop
      vertex 22.5503 -5.66683 66
      vertex 111.081 -0.209879 293.318
      vertex 19.0805 -5.28377 66
    endloop
  endfacet
  facet normal -0.079207 -0.99538 0.0542745
    outer loop
      vertex 19.0805 -5.28377 66
      vertex 108.135 0.0246086 293.318
      vertex 19.0047 -5.27774 66
    endloop
  endfacet
  facet normal -0.0792072 -0.99538 0.0542745
    outer loop
      vertex 108.135 0.0246086 293.318
      vertex 19.0805 -5.28377 66
      vertex 111.081 -0.209879 293.318
    endloop
  endfacet
  facet normal -0.0831561 -0.994924 0.0566648
    outer loop
      vertex 26.1843 -5.96818 66
      vertex 114.099 -0.369492 293.318
      vertex 22.628 -5.67094 66
    endloop
  endfacet
  facet normal -0.0527667 -0.997615 0.044499
    outer loop
      vertex 22.628 -5.67094 66
      vertex 111.081 -0.209879 293.318
      vertex 22.5503 -5.66683 66
    endloop
  endfacet
  facet normal -0.0527663 -0.997615 0.0444988
    outer loop
      vertex 111.081 -0.209879 293.318
      vertex 22.628 -5.67094 66
      vertex 114.099 -0.369492 293.318
    endloop
  endfacet
  facet normal -0.0615922 -0.996909 0.0487767
    outer loop
      vertex 29.8954 -6.19504 66
      vertex 117.179 -0.465494 293.318
      vertex 26.2635 -5.97064 66
    endloop
  endfacet
  facet normal -0.0311327 -0.998843 0.0366413
    outer loop
      vertex 26.2635 -5.97064 66
      vertex 114.099 -0.369492 293.318
      vertex 26.1843 -5.96818 66
    endloop
  endfacet
  facet normal -0.0311354 -0.998843 0.0366424
    outer loop
      vertex 114.099 -0.369492 293.318
      vertex 26.2635 -5.97064 66
      vertex 117.179 -0.465494 293.318
    endloop
  endfacet
  facet normal -0.0443202 -0.998109 0.0425854
    outer loop
      vertex 33.679 -6.36058 66
      vertex 120.317 -0.508905 293.318
      vertex 29.9761 -6.19615 66
    endloop
  endfacet
  facet normal -0.013824 -0.999439 0.0304988
    outer loop
      vertex 29.9761 -6.19615 66
      vertex 117.179 -0.465494 293.318
      vertex 29.8954 -6.19504 66
    endloop
  endfacet
  facet normal -0.013825 -0.999439 0.0304992
    outer loop
      vertex 117.179 -0.465494 293.318
      vertex 29.9761 -6.19615 66
      vertex 120.317 -0.508905 293.318
    endloop
  endfacet
  facet normal -0.0300208 -0.998843 0.0375694
    outer loop
      vertex 37.5069 -6.47313 66
      vertex 123.491 -0.507329 293.318
      vertex 33.7606 -6.36054 66
    endloop
  endfacet
  facet normal 0.000496449 -0.999674 0.0255446
    outer loop
      vertex 33.7606 -6.36054 66
      vertex 120.317 -0.508905 293.318
      vertex 33.679 -6.36058 66
    endloop
  endfacet
  facet normal 0.000496549 -0.999674 0.0255446
    outer loop
      vertex 120.317 -0.508905 293.318
      vertex 33.7606 -6.36054 66
      vertex 123.491 -0.507329 293.318
    endloop
  endfacet
  facet normal -0.0178119 -0.999284 0.0333813
    outer loop
      vertex 41.3657 -6.5394 66
      vertex 126.689 -0.466645 293.318
      vertex 37.5892 -6.47209 66
    endloop
  endfacet
  facet normal 0.012717 -0.99969 0.0214259
    outer loop
      vertex 37.5892 -6.47209 66
      vertex 123.491 -0.507329 293.318
      vertex 37.5069 -6.47313 66
    endloop
  endfacet
  facet normal 0.0127173 -0.99969 0.0214258
    outer loop
      vertex 123.491 -0.507329 293.318
      vertex 37.5892 -6.47209 66
      vertex 126.689 -0.466645 293.318
    endloop
  endfacet
  facet normal -0.00762299 -0.999521 0.0299853
    outer loop
      vertex 45.2575 -6.56655 66
      vertex 129.914 -0.392736 293.318
      vertex 41.4486 -6.5375 66
    endloop
  endfacet
  facet normal 0.0229109 -0.999574 0.0181038
    outer loop
      vertex 41.4486 -6.5375 66
      vertex 126.689 -0.466645 293.318
      vertex 41.3657 -6.5394 66
    endloop
  endfacet
  facet normal 0.0229112 -0.999574 0.0181037
    outer loop
      vertex 126.689 -0.466645 293.318
      vertex 41.4486 -6.5375 66
      vertex 129.914 -0.392736 293.318
    endloop
  endfacet
  facet normal 0.00062745 -0.999626 0.0273406
    outer loop
      vertex 49.1781 -6.56154 66
      vertex 133.161 -0.291473 293.318
      vertex 45.341 -6.56395 66
    endloop
  endfacet
  facet normal 0.0311611 -0.999394 0.0155381
    outer loop
      vertex 45.341 -6.56395 66
      vertex 129.914 -0.392736 293.318
      vertex 45.2575 -6.56655 66
    endloop
  endfacet
  facet normal 0.0311619 -0.999394 0.0155378
    outer loop
      vertex 129.914 -0.392736 293.318
      vertex 45.341 -6.56395 66
      vertex 133.161 -0.291473 293.318
    endloop
  endfacet
  facet normal 0.0380995 -0.999206 0.0116961
    outer loop
      vertex 136.422 -0.167123 293.318
      vertex 134.18 -0.221219 296
      vertex 133.161 -0.291473 293.318
    endloop
  endfacet
  facet normal 0.0380994 -0.999206 0.011696
    outer loop
      vertex 134.18 -0.221219 296
      vertex 136.422 -0.167123 293.318
      vertex 137.404 -0.0982975 296
    endloop
  endfacet
  facet normal 0.0686153 -0.997643 5.76372e-005
    outer loop
      vertex 134.18 -0.221219 296
      vertex 134.151 -0.223246 296
      vertex 133.161 -0.291473 293.318
    endloop
  endfacet
  facet normal 0.0442745 -0.998972 0.00976691
    outer loop
      vertex 139.691 -0.0222597 293.318
      vertex 137.434 -0.0960823 296
      vertex 136.422 -0.167123 293.318
    endloop
  endfacet
  facet normal 0.0442744 -0.998972 0.00976688
    outer loop
      vertex 137.434 -0.0960823 296
      vertex 139.691 -0.0222597 293.318
      vertex 140.665 0.0471158 296
    endloop
  endfacet
  facet normal 0.0747787 -0.997199 -0.00178292
    outer loop
      vertex 137.434 -0.0960823 296
      vertex 137.404 -0.0982975 296
      vertex 136.422 -0.167123 293.318
    endloop
  endfacet
  facet normal 0.0497477 -0.998729 0.00811165
    outer loop
      vertex 142.967 0.140908 293.318
      vertex 140.694 0.0494987 296
      vertex 139.691 -0.0222597 293.318
    endloop
  endfacet
  facet normal 0.0497475 -0.998729 0.00811153
    outer loop
      vertex 140.694 0.0494987 296
      vertex 142.967 0.140908 293.318
      vertex 143.932 0.210791 296
    endloop
  endfacet
  facet normal 0.0802387 -0.99677 -0.00334809
    outer loop
      vertex 140.694 0.0494987 296
      vertex 140.665 0.0471158 296
      vertex 139.691 -0.0222597 293.318
    endloop
  endfacet
  facet normal 0.0545594 -0.998488 0.00671199
    outer loop
      vertex 146.251 0.320344 293.318
      vertex 143.962 0.213324 296
      vertex 142.967 0.140908 293.318
    endloop
  endfacet
  facet normal 0.0545592 -0.998488 0.00671184
    outer loop
      vertex 143.962 0.213324 296
      vertex 146.251 0.320344 293.318
      vertex 147.208 0.390697 296
    endloop
  endfacet
  facet normal 0.0850625 -0.996365 -0.00466644
    outer loop
      vertex 143.962 0.213324 296
      vertex 143.932 0.210791 296
      vertex 142.967 0.140908 293.318
    endloop
  endfacet
  facet normal 0.0587325 -0.998258 0.00555588
    outer loop
      vertex 149.543 0.514038 293.318
      vertex 147.238 0.393361 296
      vertex 146.251 0.320344 293.318
    endloop
  endfacet
  facet normal 0.0587325 -0.998258 0.00555589
    outer loop
      vertex 147.238 0.393361 296
      vertex 149.543 0.514038 293.318
      vertex 150.492 0.584828 296
    endloop
  endfacet
  facet normal 0.0892125 -0.995996 -0.00572736
    outer loop
      vertex 147.238 0.393361 296
      vertex 147.208 0.390697 296
      vertex 146.251 0.320344 293.318
    endloop
  endfacet
  facet normal 0.0623204 -0.998045 0.00462079
    outer loop
      vertex 152.842 0.720079 293.318
      vertex 150.522 0.587606 296
      vertex 149.543 0.514038 293.318
    endloop
  endfacet
  facet normal 0.0623205 -0.998045 0.00462088
    outer loop
      vertex 150.522 0.587606 296
      vertex 152.842 0.720079 293.318
      vertex 153.784 0.791279 296
    endloop
  endfacet
  facet normal 0.0927566 -0.995667 -0.00655886
    outer loop
      vertex 150.522 0.587606 296
      vertex 150.492 0.584828 296
      vertex 149.543 0.514038 293.318
    endloop
  endfacet
  facet normal 0.0653266 -0.997856 0.00390195
    outer loop
      vertex 156.148 0.936491 293.318
      vertex 153.814 0.794152 296
      vertex 152.842 0.720079 293.318
    endloop
  endfacet
  facet normal 0.0653268 -0.997856 0.00390217
    outer loop
      vertex 153.814 0.794152 296
      vertex 156.148 0.936491 293.318
      vertex 157.081 1.00808 296
    endloop
  endfacet
  facet normal 0.0957239 -0.995382 -0.00717528
    outer loop
      vertex 153.814 0.794152 296
      vertex 153.784 0.791279 296
      vertex 152.842 0.720079 293.318
    endloop
  endfacet
  facet normal 0.0678912 -0.997687 0.00334746
    outer loop
      vertex 159.458 1.1617 293.318
      vertex 157.111 1.01103 296
      vertex 156.148 0.936491 293.318
    endloop
  endfacet
  facet normal 0.0678912 -0.997687 0.00334744
    outer loop
      vertex 157.111 1.01103 296
      vertex 159.458 1.1617 293.318
      vertex 160.383 1.23365 296
    endloop
  endfacet
  facet normal 0.0983369 -0.995124 -0.00765807
    outer loop
      vertex 157.111 1.01103 296
      vertex 157.081 1.00808 296
      vertex 156.148 0.936491 293.318
    endloop
  endfacet
  facet normal 0.0701801 -0.99753 0.00289599
    outer loop
      vertex 162.77 1.39474 293.318
      vertex 160.413 1.23667 296
      vertex 159.458 1.1617 293.318
    endloop
  endfacet
  facet normal 0.0701803 -0.99753 0.00289622
    outer loop
      vertex 160.413 1.23667 296
      vertex 162.77 1.39474 293.318
      vertex 163.687 1.46704 296
    endloop
  endfacet
  facet normal 0.100596 -0.994895 -0.00800923
    outer loop
      vertex 160.413 1.23667 296
      vertex 160.383 1.23365 296
      vertex 159.458 1.1617 293.318
    endloop
  endfacet
  facet normal 0.0721879 -0.997388 0.00254873
    outer loop
      vertex 166.086 1.63474 293.318
      vertex 163.717 1.47013 296
      vertex 162.77 1.39474 293.318
    endloop
  endfacet
  facet normal 0.072188 -0.997388 0.00254877
    outer loop
      vertex 163.717 1.47013 296
      vertex 166.086 1.63474 293.318
      vertex 166.995 1.70737 296
    endloop
  endfacet
  facet normal 0.102599 -0.994689 -0.00826457
    outer loop
      vertex 163.717 1.47013 296
      vertex 163.687 1.46704 296
      vertex 162.77 1.39474 293.318
    endloop
  endfacet
  facet normal 0.073857 -0.997266 0.00232314
    outer loop
      vertex 169.407 1.88069 293.318
      vertex 167.025 1.71051 296
      vertex 166.086 1.63474 293.318
    endloop
  endfacet
  facet normal 0.0738571 -0.997266 0.00232324
    outer loop
      vertex 167.025 1.71051 296
      vertex 169.407 1.88069 293.318
      vertex 170.308 1.95363 296
    endloop
  endfacet
  facet normal 0.104254 -0.994515 -0.00839517
    outer loop
      vertex 167.025 1.71051 296
      vertex 166.995 1.70737 296
      vertex 166.086 1.63474 293.318
    endloop
  endfacet
  facet normal 0.0751396 -0.997171 0.0022335
    outer loop
      vertex 172.732 2.13127 293.318
      vertex 170.338 1.95682 296
      vertex 169.407 1.88069 293.318
    endloop
  endfacet
  facet normal 0.0751399 -0.99717 0.00223382
    outer loop
      vertex 170.338 1.95682 296
      vertex 172.732 2.13127 293.318
      vertex 173.625 2.20452 296
    endloop
  endfacet
  facet normal 0.10551 -0.994383 -0.00838465
    outer loop
      vertex 170.338 1.95682 296
      vertex 170.308 1.95363 296
      vertex 169.407 1.88069 293.318
    endloop
  endfacet
  facet normal 0.0761168 -0.997096 0.00225079
    outer loop
      vertex 176.061 2.38533 293.318
      vertex 173.655 2.20774 296
      vertex 172.732 2.13127 293.318
    endloop
  endfacet
  facet normal 0.0761168 -0.997096 0.00225081
    outer loop
      vertex 173.655 2.20774 296
      vertex 176.061 2.38533 293.318
      vertex 176.945 2.45888 296
    endloop
  endfacet
  facet normal 0.106509 -0.994277 -0.0082838
    outer loop
      vertex 173.655 2.20774 296
      vertex 173.625 2.20452 296
      vertex 172.732 2.13127 293.318
    endloop
  endfacet
  facet normal 0.0769841 -0.99703 0.00230737
    outer loop
      vertex 179.389 2.64236 293.318
      vertex 176.975 2.46213 296
      vertex 176.061 2.38533 293.318
    endloop
  endfacet
  facet normal 0.0769839 -0.99703 0.00230716
    outer loop
      vertex 176.975 2.46213 296
      vertex 179.389 2.64236 293.318
      vertex 180.265 2.71621 296
    endloop
  endfacet
  facet normal 0.107398 -0.994183 -0.00814281
    outer loop
      vertex 176.975 2.46213 296
      vertex 176.945 2.45888 296
      vertex 176.061 2.38533 293.318
    endloop
  endfacet
  facet normal 0.0777365 -0.996971 0.00240415
    outer loop
      vertex 182.72 2.90203 293.318
      vertex 180.295 2.71948 296
      vertex 179.389 2.64236 293.318
    endloop
  endfacet
  facet normal 0.0777366 -0.996971 0.00240425
    outer loop
      vertex 180.295 2.71948 296
      vertex 182.72 2.90203 293.318
      vertex 183.587 2.97616 296
    endloop
  endfacet
  facet normal 0.108139 -0.994104 -0.0079503
    outer loop
      vertex 180.295 2.71948 296
      vertex 180.265 2.71621 296
      vertex 179.389 2.64236 293.318
    endloop
  endfacet
  facet normal 0.0786489 -0.996881 0.00659521
    outer loop
      vertex 217.662 5.65882 293.318
      vertex 183.979 3.01915 296
      vertex 182.72 2.90203 293.318
    endloop
  endfacet
  facet normal 0.0786489 -0.996881 0.00659503
    outer loop
      vertex 183.979 3.01915 296
      vertex 217.662 5.65882 293.318
      vertex 218.443 5.73818 296
    endloop
  endfacet
  facet normal 0.109056 -0.994005 -0.00781227
    outer loop
      vertex 183.979 3.01915 296
      vertex 183.587 2.97616 296
      vertex 182.72 2.90203 293.318
    endloop
  endfacet
  facet normal 0.107574 0.992709 -0.0543713
    outer loop
      vertex 217.476 11.6762 293.318
      vertex 218.23 11.7413 296
      vertex 218.258 11.7384 296
    endloop
  endfacet
  facet normal 0.107568 0.99271 -0.0543697
    outer loop
      vertex 218.23 11.7413 296
      vertex 217.476 11.6762 293.318
      vertex 217.45 11.679 293.318
    endloop
  endfacet
  facet normal 0.10933 0.992508 -0.0545345
    outer loop
      vertex 217.45 11.679 293.318
      vertex 214.922 12.1049 296
      vertex 218.2 11.7437 296
    endloop
  endfacet
  facet normal 0.10933 0.992508 -0.0545345
    outer loop
      vertex 214.922 12.1049 296
      vertex 217.45 11.679 293.318
      vertex 214.133 12.0444 293.318
    endloop
  endfacet
  facet normal 0.0790112 0.995806 -0.04613
    outer loop
      vertex 218.2 11.7437 296
      vertex 218.23 11.7413 296
      vertex 217.45 11.679 293.318
    endloop
  endfacet
  facet normal 0.109983 0.992463 -0.0540379
    outer loop
      vertex 214.133 12.0444 293.318
      vertex 208.298 12.837 296
      vertex 214.862 12.1097 296
    endloop
  endfacet
  facet normal 0.109983 0.992463 -0.0540379
    outer loop
      vertex 208.298 12.837 296
      vertex 214.133 12.0444 293.318
      vertex 207.494 12.7802 293.318
    endloop
  endfacet
  facet normal 0.0796681 0.995765 -0.0458861
    outer loop
      vertex 214.862 12.1097 296
      vertex 214.922 12.1049 296
      vertex 214.133 12.0444 293.318
    endloop
  endfacet
  facet normal 0.108362 0.992686 -0.0532137
    outer loop
      vertex 207.494 12.7802 293.318
      vertex 205.004 13.1957 296
      vertex 208.268 12.8394 296
    endloop
  endfacet
  facet normal 0.108362 0.992686 -0.0532137
    outer loop
      vertex 205.004 13.1957 296
      vertex 207.494 12.7802 293.318
      vertex 204.192 13.1406 293.318
    endloop
  endfacet
  facet normal 0.078015 0.995958 -0.044521
    outer loop
      vertex 208.268 12.8394 296
      vertex 208.298 12.837 296
      vertex 207.494 12.7802 293.318
    endloop
  endfacet
  facet normal 0.105714 0.993032 -0.0520778
    outer loop
      vertex 204.192 13.1406 293.318
      vertex 201.724 13.544 296
      vertex 204.975 13.1979 296
    endloop
  endfacet
  facet normal 0.105714 0.993032 -0.0520785
    outer loop
      vertex 201.724 13.544 296
      vertex 204.192 13.1406 293.318
      vertex 200.904 13.4907 293.318
    endloop
  endfacet
  facet normal 0.07534 0.996218 -0.0432813
    outer loop
      vertex 204.975 13.1979 296
      vertex 205.004 13.1957 296
      vertex 204.192 13.1406 293.318
    endloop
  endfacet
  facet normal 0.102234 0.993468 -0.0506824
    outer loop
      vertex 200.904 13.4907 293.318
      vertex 198.453 13.8796 296
      vertex 201.694 13.5461 296
    endloop
  endfacet
  facet normal 0.102234 0.993468 -0.0506826
    outer loop
      vertex 198.453 13.8796 296
      vertex 200.904 13.4907 293.318
      vertex 197.625 13.828 293.318
    endloop
  endfacet
  facet normal 0.0718243 0.996542 -0.0417801
    outer loop
      vertex 201.694 13.5461 296
      vertex 201.724 13.544 296
      vertex 200.904 13.4907 293.318
    endloop
  endfacet
  facet normal 0.0980163 0.993975 -0.0490507
    outer loop
      vertex 197.625 13.828 293.318
      vertex 195.19 14.2006 296
      vertex 198.424 13.8816 296
    endloop
  endfacet
  facet normal 0.098016 0.993975 -0.0490511
    outer loop
      vertex 195.19 14.2006 296
      vertex 197.625 13.828 293.318
      vertex 194.353 14.1507 293.318
    endloop
  endfacet
  facet normal 0.0676189 0.996907 -0.0400566
    outer loop
      vertex 198.424 13.8816 296
      vertex 198.453 13.8796 296
      vertex 197.625 13.828 293.318
    endloop
  endfacet
  facet normal 0.0931378 0.994534 -0.047202
    outer loop
      vertex 194.353 14.1507 293.318
      vertex 191.932 14.5047 296
      vertex 195.16 14.2024 296
    endloop
  endfacet
  facet normal 0.0931375 0.994534 -0.0472023
    outer loop
      vertex 191.932 14.5047 296
      vertex 194.353 14.1507 293.318
      vertex 191.088 14.4565 293.318
    endloop
  endfacet
  facet normal 0.0627164 0.997304 -0.0381053
    outer loop
      vertex 195.16 14.2024 296
      vertex 195.19 14.2006 296
      vertex 194.353 14.1507 293.318
    endloop
  endfacet
  facet normal 0.0876699 0.995126 -0.0451545
    outer loop
      vertex 191.088 14.4565 293.318
      vertex 188.681 14.7902 296
      vertex 191.903 14.5064 296
    endloop
  endfacet
  facet normal 0.0876696 0.995126 -0.0451548
    outer loop
      vertex 188.681 14.7902 296
      vertex 191.088 14.4565 293.318
      vertex 187.829 14.7436 293.318
    endloop
  endfacet
  facet normal 0.0572437 0.997712 -0.0359609
    outer loop
      vertex 191.903 14.5064 296
      vertex 191.932 14.5047 296
      vertex 191.088 14.4565 293.318
    endloop
  endfacet
  facet normal 0.0816823 0.995734 -0.0429263
    outer loop
      vertex 187.829 14.7436 293.318
      vertex 185.434 15.0557 296
      vertex 188.651 14.7917 296
    endloop
  endfacet
  facet normal 0.0816822 0.995734 -0.0429264
    outer loop
      vertex 185.434 15.0557 296
      vertex 187.829 14.7436 293.318
      vertex 184.574 15.0106 293.318
    endloop
  endfacet
  facet normal 0.0512336 0.99812 -0.0336304
    outer loop
      vertex 188.651 14.7917 296
      vertex 188.681 14.7902 296
      vertex 187.829 14.7436 293.318
    endloop
  endfacet
  facet normal 0.0753717 0.99633 -0.0405771
    outer loop
      vertex 184.574 15.0106 293.318
      vertex 182.189 15.3003 296
      vertex 185.404 15.057 296
    endloop
  endfacet
  facet normal 0.0753719 0.99633 -0.040577
    outer loop
      vertex 182.189 15.3003 296
      vertex 184.574 15.0106 293.318
      vertex 181.321 15.2567 293.318
    endloop
  endfacet
  facet normal 0.0449494 0.998502 -0.0311944
    outer loop
      vertex 185.404 15.057 296
      vertex 185.434 15.0557 296
      vertex 184.574 15.0106 293.318
    endloop
  endfacet
  facet normal 0.0688273 0.9969 -0.0381326
    outer loop
      vertex 181.321 15.2567 293.318
      vertex 178.945 15.5233 296
      vertex 182.159 15.3014 296
    endloop
  endfacet
  facet normal 0.0688271 0.9969 -0.0381327
    outer loop
      vertex 178.945 15.5233 296
      vertex 181.321 15.2567 293.318
      vertex 178.069 15.4812 293.318
    endloop
  endfacet
  facet normal 0.0383677 0.998853 -0.0286438
    outer loop
      vertex 182.159 15.3014 296
      vertex 182.189 15.3003 296
      vertex 181.321 15.2567 293.318
    endloop
  endfacet
  facet normal 0.0620808 0.997436 -0.035602
    outer loop
      vertex 178.069 15.4812 293.318
      vertex 175.701 15.7243 296
      vertex 178.915 15.5243 296
    endloop
  endfacet
  facet normal 0.0620808 0.997436 -0.035602
    outer loop
      vertex 175.701 15.7243 296
      vertex 178.069 15.4812 293.318
      vertex 174.817 15.6836 293.318
    endloop
  endfacet
  facet normal 0.0315631 0.999164 -0.0260004
    outer loop
      vertex 178.915 15.5243 296
      vertex 178.945 15.5233 296
      vertex 178.069 15.4812 293.318
    endloop
  endfacet
  facet normal 0.0551748 0.997931 -0.0329988
    outer loop
      vertex 174.817 15.6836 293.318
      vertex 172.458 15.9027 296
      vertex 175.672 15.725 296
    endloop
  endfacet
  facet normal 0.0551747 0.997931 -0.0329989
    outer loop
      vertex 172.458 15.9027 296
      vertex 174.817 15.6836 293.318
      vertex 171.566 15.8633 293.318
    endloop
  endfacet
  facet normal 0.0247011 0.999423 -0.0233167
    outer loop
      vertex 175.672 15.725 296
      vertex 175.701 15.7243 296
      vertex 174.817 15.6836 293.318
    endloop
  endfacet
  facet normal 0.0481397 0.99838 -0.0303315
    outer loop
      vertex 171.566 15.8633 293.318
      vertex 169.216 16.0581 296
      vertex 172.428 15.9032 296
    endloop
  endfacet
  facet normal 0.0481395 0.99838 -0.0303316
    outer loop
      vertex 169.216 16.0581 296
      vertex 171.566 15.8633 293.318
      vertex 168.317 16.02 293.318
    endloop
  endfacet
  facet normal 0.0176334 0.999633 -0.0205445
    outer loop
      vertex 172.428 15.9032 296
      vertex 172.458 15.9027 296
      vertex 171.566 15.8633 293.318
    endloop
  endfacet
  facet normal 0.0408656 0.998784 -0.0275632
    outer loop
      vertex 168.317 16.02 293.318
      vertex 165.976 16.1898 296
      vertex 169.187 16.0584 296
    endloop
  endfacet
  facet normal 0.0408657 0.998784 -0.0275632
    outer loop
      vertex 165.976 16.1898 296
      vertex 168.317 16.02 293.318
      vertex 165.069 16.1529 293.318
    endloop
  endfacet
  facet normal 0.0103659 0.99979 -0.017684
    outer loop
      vertex 169.187 16.0584 296
      vertex 169.216 16.0581 296
      vertex 168.317 16.02 293.318
    endloop
  endfacet
  facet normal 0.0333221 0.99914 -0.0246812
    outer loop
      vertex 165.069 16.1529 293.318
      vertex 162.739 16.2969 296
      vertex 165.947 16.1899 296
    endloop
  endfacet
  facet normal 0.033322 0.99914 -0.0246813
    outer loop
      vertex 162.739 16.2969 296
      vertex 165.069 16.1529 293.318
      vertex 161.824 16.2611 293.318
    endloop
  endfacet
  facet normal 0.002789 0.999888 -0.0146969
    outer loop
      vertex 165.947 16.1899 296
      vertex 165.976 16.1898 296
      vertex 165.069 16.1529 293.318
    endloop
  endfacet
  facet normal 0.0254527 0.999441 -0.0216653
    outer loop
      vertex 161.824 16.2611 293.318
      vertex 159.507 16.3783 296
      vertex 162.71 16.2967 296
    endloop
  endfacet
  facet normal 0.0254526 0.999441 -0.0216653
    outer loop
      vertex 159.507 16.3783 296
      vertex 161.824 16.2611 293.318
      vertex 158.584 16.3436 293.318
    endloop
  endfacet
  facet normal -0.00513479 0.99992 -0.0115684
    outer loop
      vertex 162.71 16.2967 296
      vertex 162.739 16.2969 296
      vertex 161.824 16.2611 293.318
    endloop
  endfacet
  facet normal 0.0171195 0.999683 -0.0184668
    outer loop
      vertex 158.584 16.3436 293.318
      vertex 156.281 16.4326 296
      vertex 159.478 16.3779 296
    endloop
  endfacet
  facet normal 0.0171196 0.999683 -0.0184667
    outer loop
      vertex 156.281 16.4326 296
      vertex 158.584 16.3436 293.318
      vertex 155.35 16.399 293.318
    endloop
  endfacet
  facet normal -0.0134098 0.999876 -0.00829499
    outer loop
      vertex 159.478 16.3779 296
      vertex 159.507 16.3783 296
      vertex 158.584 16.3436 293.318
    endloop
  endfacet
  facet normal 0.00832301 0.999852 -0.0150821
    outer loop
      vertex 155.35 16.399 293.318
      vertex 153.061 16.4585 296
      vertex 156.252 16.432 296
    endloop
  endfacet
  facet normal 0.00832241 0.999852 -0.0150826
    outer loop
      vertex 153.061 16.4585 296
      vertex 155.35 16.399 293.318
      vertex 152.122 16.4259 293.318
    endloop
  endfacet
  facet normal -0.0222411 0.999741 -0.00480437
    outer loop
      vertex 156.252 16.432 296
      vertex 156.281 16.4326 296
      vertex 155.35 16.399 293.318
    endloop
  endfacet
  facet normal -0.000955556 0.999933 -0.0115033
    outer loop
      vertex 152.122 16.4259 293.318
      vertex 149.846 16.4546 296
      vertex 153.032 16.4576 296
    endloop
  endfacet
  facet normal -0.00095582 0.999933 -0.0115035
    outer loop
      vertex 149.846 16.4546 296
      vertex 152.122 16.4259 293.318
      vertex 148.9 16.4228 293.318
    endloop
  endfacet
  facet normal -0.0314959 0.999503 -0.00113936
    outer loop
      vertex 153.032 16.4576 296
      vertex 153.061 16.4585 296
      vertex 152.122 16.4259 293.318
    endloop
  endfacet
  facet normal -0.0107299 0.999913 -0.00772141
    outer loop
      vertex 148.9 16.4228 293.318
      vertex 146.64 16.4193 296
      vertex 149.817 16.4534 296
    endloop
  endfacet
  facet normal -0.0107293 0.999913 -0.00772095
    outer loop
      vertex 146.64 16.4193 296
      vertex 148.9 16.4228 293.318
      vertex 145.685 16.3883 293.318
    endloop
  endfacet
  facet normal -0.0412815 0.999144 0.00274061
    outer loop
      vertex 149.817 16.4534 296
      vertex 149.846 16.4546 296
      vertex 148.9 16.4228 293.318
    endloop
  endfacet
  facet normal -0.0212273 0.999768 -0.00365236
    outer loop
      vertex 145.685 16.3883 293.318
      vertex 143.446 16.3506 296
      vertex 146.611 16.4178 296
    endloop
  endfacet
  facet normal -0.0212276 0.999768 -0.00365259
    outer loop
      vertex 143.446 16.3506 296
      vertex 145.685 16.3883 293.318
      vertex 142.484 16.3203 293.318
    endloop
  endfacet
  facet normal -0.0517602 0.998636 0.00689793
    outer loop
      vertex 146.611 16.4178 296
      vertex 146.64 16.4193 296
      vertex 145.685 16.3883 293.318
    endloop
  endfacet
  facet normal -0.0328451 0.99946 0.000848159
    outer loop
      vertex 142.484 16.3203 293.318
      vertex 140.27 16.2453 296
      vertex 143.418 16.3488 296
    endloop
  endfacet
  facet normal -0.0328447 0.99946 0.000848507
    outer loop
      vertex 140.27 16.2453 296
      vertex 142.484 16.3203 293.318
      vertex 139.299 16.2157 293.318
    endloop
  endfacet
  facet normal -0.0633289 0.997927 0.0114762
    outer loop
      vertex 143.418 16.3488 296
      vertex 143.446 16.3506 296
      vertex 142.484 16.3203 293.318
    endloop
  endfacet
  facet normal -0.0455794 0.998944 0.00578812
    outer loop
      vertex 139.299 16.2157 293.318
      vertex 137.11 16.1003 296
      vertex 140.241 16.2431 296
    endloop
  endfacet
  facet normal -0.0455795 0.998944 0.00578809
    outer loop
      vertex 137.11 16.1003 296
      vertex 139.299 16.2157 293.318
      vertex 136.132 16.0712 293.318
    endloop
  endfacet
  facet normal -0.0760612 0.996966 0.0165102
    outer loop
      vertex 140.241 16.2431 296
      vertex 140.27 16.2453 296
      vertex 139.299 16.2157 293.318
    endloop
  endfacet
  facet normal -0.0594317 0.99817 0.0111735
    outer loop
      vertex 136.132 16.0712 293.318
      vertex 133.968 15.9123 296
      vertex 137.082 16.0977 296
    endloop
  endfacet
  facet normal -0.0594324 0.99817 0.0111729
    outer loop
      vertex 133.968 15.9123 296
      vertex 136.132 16.0712 293.318
      vertex 132.982 15.8836 293.318
    endloop
  endfacet
  facet normal -0.0898941 0.995709 0.0219831
    outer loop
      vertex 137.082 16.0977 296
      vertex 137.11 16.1003 296
      vertex 136.132 16.0712 293.318
    endloop
  endfacet
  facet normal -0.0744053 0.997083 0.0170118
    outer loop
      vertex 132.982 15.8836 293.318
      vertex 130.845 15.6784 296
      vertex 133.94 15.9093 296
    endloop
  endfacet
  facet normal -0.0744054 0.997083 0.0170117
    outer loop
      vertex 130.845 15.6784 296
      vertex 132.982 15.8836 293.318
      vertex 129.851 15.65 293.318
    endloop
  endfacet
  facet normal -0.104815 0.9941 0.0278968
    outer loop
      vertex 133.94 15.9093 296
      vertex 133.968 15.9123 296
      vertex 132.982 15.8836 293.318
    endloop
  endfacet
  facet normal -0.0906428 0.995609 0.0233638
    outer loop
      vertex 129.851 15.65 293.318
      vertex 127.743 15.3951 296
      vertex 130.817 15.6749 296
    endloop
  endfacet
  facet normal -0.0906428 0.995609 0.0233638
    outer loop
      vertex 127.743 15.3951 296
      vertex 129.851 15.65 293.318
      vertex 126.742 15.3669 293.318
    endloop
  endfacet
  facet normal -0.120942 0.992067 0.0343031
    outer loop
      vertex 130.817 15.6749 296
      vertex 130.845 15.6784 296
      vertex 129.851 15.65 293.318
    endloop
  endfacet
  facet normal -0.108193 0.993669 0.0302552
    outer loop
      vertex 126.742 15.3669 293.318
      vertex 124.668 15.0595 296
      vertex 127.715 15.3912 296
    endloop
  endfacet
  facet normal -0.108193 0.993669 0.0302552
    outer loop
      vertex 124.668 15.0595 296
      vertex 126.742 15.3669 293.318
      vertex 123.66 15.0313 293.318
    endloop
  endfacet
  facet normal -0.13845 0.989509 0.0412738
    outer loop
      vertex 127.715 15.3912 296
      vertex 127.743 15.3951 296
      vertex 126.742 15.3669 293.318
    endloop
  endfacet
  facet normal -0.127479 0.991119 0.0378527
    outer loop
      vertex 123.66 15.0313 293.318
      vertex 121.627 14.6674 296
      vertex 124.641 15.0551 296
    endloop
  endfacet
  facet normal -0.127479 0.991119 0.0378527
    outer loop
      vertex 121.627 14.6674 296
      vertex 123.66 15.0313 293.318
      vertex 120.611 14.6391 293.318
    endloop
  endfacet
  facet normal -0.157564 0.986297 0.0489027
    outer loop
      vertex 124.641 15.0551 296
      vertex 124.668 15.0595 296
      vertex 123.66 15.0313 293.318
    endloop
  endfacet
  facet normal -0.148731 0.987795 0.0462543
    outer loop
      vertex 120.611 14.6391 293.318
      vertex 118.626 14.2147 296
      vertex 121.6 14.6625 296
    endloop
  endfacet
  facet normal -0.148731 0.987795 0.0462543
    outer loop
      vertex 118.626 14.2147 296
      vertex 120.611 14.6391 293.318
      vertex 117.602 14.1861 293.318
    endloop
  endfacet
  facet normal -0.178709 0.982228 0.05736
    outer loop
      vertex 121.6 14.6625 296
      vertex 121.627 14.6674 296
      vertex 120.611 14.6391 293.318
    endloop
  endfacet
  facet normal -0.172463 0.983442 0.0556689
    outer loop
      vertex 117.602 14.1861 293.318
      vertex 115.675 13.6964 296
      vertex 118.599 14.2092 296
    endloop
  endfacet
  facet normal -0.172462 0.983442 0.0556694
    outer loop
      vertex 115.675 13.6964 296
      vertex 117.602 14.1861 293.318
      vertex 114.644 13.6674 293.318
    endloop
  endfacet
  facet normal -0.202247 0.977054 0.0667975
    outer loop
      vertex 118.599 14.2092 296
      vertex 118.626 14.2147 296
      vertex 117.602 14.1861 293.318
    endloop
  endfacet
  facet normal -0.19903 0.977751 0.0662494
    outer loop
      vertex 114.644 13.6674 293.318
      vertex 112.791 13.1086 296
      vertex 115.649 13.6903 296
    endloop
  endfacet
  facet normal -0.199031 0.977751 0.0662492
    outer loop
      vertex 112.791 13.1086 296
      vertex 114.644 13.6674 293.318
      vertex 111.753 13.0789 293.318
    endloop
  endfacet
  facet normal -0.22859 0.970442 0.0773904
    outer loop
      vertex 115.649 13.6903 296
      vertex 115.675 13.6964 296
      vertex 114.644 13.6674 293.318
    endloop
  endfacet
  facet normal -0.229509 0.970141 0.0784291
    outer loop
      vertex 111.753 13.0789 293.318
      vertex 109.998 12.4469 296
      vertex 112.766 13.1018 296
    endloop
  endfacet
  facet normal -0.229509 0.970142 0.0784293
    outer loop
      vertex 109.998 12.4469 296
      vertex 111.753 13.0789 293.318
      vertex 108.953 12.4164 293.318
    endloop
  endfacet
  facet normal -0.258741 0.961787 0.0895439
    outer loop
      vertex 112.766 13.1018 296
      vertex 112.791 13.1086 296
      vertex 111.753 13.0789 293.318
    endloop
  endfacet
  facet normal -0.265094 0.959756 0.0927029
    outer loop
      vertex 108.953 12.4164 293.318
      vertex 107.328 11.7087 296
      vertex 109.974 12.4395 296
    endloop
  endfacet
  facet normal -0.265093 0.959756 0.0927033
    outer loop
      vertex 107.328 11.7087 296
      vertex 108.953 12.4164 293.318
      vertex 106.276 11.6772 293.318
    endloop
  endfacet
  facet normal -0.293932 0.950177 0.103768
    outer loop
      vertex 109.974 12.4395 296
      vertex 109.998 12.4469 296
      vertex 108.953 12.4164 293.318
    endloop
  endfacet
  facet normal -0.307573 0.945167 0.109807
    outer loop
      vertex 106.276 11.6772 293.318
      vertex 104.85 10.9015 296
      vertex 107.306 11.7007 296
    endloop
  endfacet
  facet normal -0.307572 0.945168 0.109807
    outer loop
      vertex 104.85 10.9015 296
      vertex 106.276 11.6772 293.318
      vertex 103.792 10.8686 293.318
    endloop
  endfacet
  facet normal -0.335791 0.934166 0.12074
    outer loop
      vertex 107.306 11.7007 296
      vertex 107.328 11.7087 296
      vertex 106.276 11.6772 293.318
    endloop
  endfacet
  facet normal -0.357484 0.924827 0.129999
    outer loop
      vertex 103.792 10.8686 293.318
      vertex 102.626 10.0411 296
      vertex 104.83 10.8931 296
    endloop
  endfacet
  facet normal -0.357483 0.924828 0.13
    outer loop
      vertex 102.626 10.0411 296
      vertex 103.792 10.8686 293.318
      vertex 101.562 10.0067 293.318
    endloop
  endfacet
  facet normal -0.385042 0.912098 0.140786
    outer loop
      vertex 104.83 10.8931 296
      vertex 104.85 10.9015 296
      vertex 103.792 10.8686 293.318
    endloop
  endfacet
  facet normal -0.414445 0.897092 0.153172
    outer loop
      vertex 101.562 10.0067 293.318
      vertex 100.694 9.14765 296
      vertex 102.609 10.0324 296
    endloop
  endfacet
  facet normal -0.414444 0.897092 0.153172
    outer loop
      vertex 100.694 9.14765 296
      vertex 101.562 10.0067 293.318
      vertex 99.6245 9.11166 293.318
    endloop
  endfacet
  facet normal -0.440761 0.882593 0.163583
    outer loop
      vertex 102.609 10.0324 296
      vertex 102.626 10.0411 296
      vertex 101.562 10.0067 293.318
    endloop
  endfacet
  facet normal -0.476176 0.861055 0.17844
    outer loop
      vertex 99.6245 9.11166 293.318
      vertex 99.1783 8.30918 296
      vertex 100.68 9.13962 296
    endloop
  endfacet
  facet normal -0.476177 0.861054 0.178439
    outer loop
      vertex 99.1783 8.30918 296
      vertex 99.6245 9.11166 293.318
      vertex 98.1053 8.27156 293.318
    endloop
  endfacet
  facet normal -0.501298 0.844493 0.1885
    outer loop
      vertex 100.68 9.13962 296
      vertex 100.694 9.14765 296
      vertex 99.6245 9.11166 293.318
    endloop
  endfacet
  facet normal -0.542095 0.814778 0.205597
    outer loop
      vertex 98.1053 8.27156 293.318
      vertex 98.0656 7.56843 296
      vertex 99.1684 8.30215 296
    endloop
  endfacet
  facet normal -0.542092 0.81478 0.205597
    outer loop
      vertex 98.0656 7.56843 296
      vertex 98.1053 8.27156 293.318
      vertex 96.9897 7.52931 293.318
    endloop
  endfacet
  facet normal -0.565477 0.796227 0.215077
    outer loop
      vertex 99.1684 8.30215 296
      vertex 99.1783 8.30918 296
      vertex 98.1053 8.27156 293.318
    endloop
  endfacet
  facet normal -0.609229 0.757847 0.23347
    outer loop
      vertex 96.9897 7.52931 293.318
      vertex 97.2227 6.89039 296
      vertex 98.0582 7.56205 296
    endloop
  endfacet
  facet normal -0.609227 0.757849 0.23347
    outer loop
      vertex 97.2227 6.89039 296
      vertex 96.9897 7.52931 293.318
      vertex 96.1445 6.84984 293.318
    endloop
  endfacet
  facet normal -0.630409 0.737526 0.242157
    outer loop
      vertex 98.0582 7.56205 296
      vertex 98.0656 7.56843 296
      vertex 96.9897 7.52931 293.318
    endloop
  endfacet
  facet normal -0.665863 0.70034 0.257198
    outer loop
      vertex 96.1445 6.84984 293.318
      vertex 96.5811 6.28007 296
      vertex 97.217 6.88467 296
    endloop
  endfacet
  facet normal -0.665863 0.700339 0.257198
    outer loop
      vertex 96.5811 6.28007 296
      vertex 96.1445 6.84984 293.318
      vertex 95.5012 6.23821 293.318
    endloop
  endfacet
  facet normal -0.685417 0.678097 0.265307
    outer loop
      vertex 97.217 6.88467 296
      vertex 97.2227 6.89039 296
      vertex 96.1445 6.84984 293.318
    endloop
  endfacet
  facet normal -0.709046 0.649136 0.275455
    outer loop
      vertex 95.5012 6.23821 293.318
      vertex 96.1115 5.76689 296
      vertex 96.577 6.27529 296
    endloop
  endfacet
  facet normal -0.709048 0.649134 0.275455
    outer loop
      vertex 96.1115 5.76689 296
      vertex 95.5012 6.23821 293.318
      vertex 95.0303 5.7239 293.318
    endloop
  endfacet
  facet normal -0.726882 0.625773 0.282933
    outer loop
      vertex 96.577 6.27529 296
      vertex 96.5811 6.28007 296
      vertex 95.5012 6.23821 293.318
    endloop
  endfacet
  facet normal -0.760334 0.577481 0.297335
    outer loop
      vertex 95.0303 5.7239 293.318
      vertex 95.781 5.33147 296
      vertex 96.1087 5.76285 296
    endloop
  endfacet
  facet normal -0.76033 0.577486 0.297335
    outer loop
      vertex 95.781 5.33147 296
      vertex 95.0303 5.7239 293.318
      vertex 94.6989 5.28751 293.318
    endloop
  endfacet
  facet normal -0.776196 0.552319 0.304078
    outer loop
      vertex 96.1087 5.76285 296
      vertex 96.1115 5.76689 296
      vertex 95.0303 5.7239 293.318
    endloop
  endfacet
  facet normal -0.828842 0.45394 0.327048
    outer loop
      vertex 94.6989 5.28751 293.318
      vertex 95.5627 4.9326 296
      vertex 95.7792 5.32779 296
    endloop
  endfacet
  facet normal -0.82884 0.453942 0.327048
    outer loop
      vertex 95.5627 4.9326 296
      vertex 94.6989 5.28751 293.318
      vertex 94.4799 4.88772 293.318
    endloop
  endfacet
  facet normal -0.840261 0.428625 0.332028
    outer loop
      vertex 95.7792 5.32779 296
      vertex 95.781 5.33147 296
      vertex 94.6989 5.28751 293.318
    endloop
  endfacet
  facet normal -0.887573 0.295439 0.353454
    outer loop
      vertex 94.4799 4.88772 293.318
      vertex 95.4338 4.54494 296
      vertex 95.5617 4.92905 296
    endloop
  endfacet
  facet normal -0.887578 0.295425 0.353454
    outer loop
      vertex 95.4338 4.54494 296
      vertex 94.4799 4.88772 293.318
      vertex 94.3506 4.49915 293.318
    endloop
  endfacet
  facet normal -0.895108 0.267175 0.356929
    outer loop
      vertex 95.5617 4.92905 296
      vertex 95.5627 4.9326 296
      vertex 94.4799 4.88772 293.318
    endloop
  endfacet
  facet normal -0.921413 0.118161 0.370183
    outer loop
      vertex 94.3506 4.49915 293.318
      vertex 95.3855 4.16717 296
      vertex 95.4335 4.5415 296
    endloop
  endfacet
  facet normal -0.921411 0.118176 0.370184
    outer loop
      vertex 95.3855 4.16717 296
      vertex 94.3506 4.49915 293.318
      vertex 94.302 4.12046 293.318
    endloop
  endfacet
  facet normal -0.923982 0.0901321 0.371663
    outer loop
      vertex 95.4335 4.5415 296
      vertex 95.4338 4.54494 296
      vertex 94.3506 4.49915 293.318
    endloop
  endfacet
  facet normal -0.922061 -0.0986721 0.374257
    outer loop
      vertex 94.302 4.12046 293.318
      vertex 95.423 3.81766 296
      vertex 95.3859 4.16401 296
    endloop
  endfacet
  facet normal -0.922061 -0.0986624 0.374258
    outer loop
      vertex 95.423 3.81766 296
      vertex 94.302 4.12046 293.318
      vertex 94.3395 3.77009 293.318
    endloop
  endfacet
  facet normal -0.918988 -0.126432 0.373465
    outer loop
      vertex 95.3859 4.16401 296
      vertex 95.3855 4.16717 296
      vertex 94.302 4.12046 293.318
    endloop
  endfacet
  facet normal -0.85163 -0.389269 0.350992
    outer loop
      vertex 94.3395 3.77009 293.318
      vertex 95.5641 3.5092 296
      vertex 95.4243 3.8149 296
    endloop
  endfacet
  facet normal -0.851624 -0.389288 0.350987
    outer loop
      vertex 95.5641 3.5092 296
      vertex 94.3395 3.77009 293.318
      vertex 94.4809 3.46083 293.318
    endloop
  endfacet
  facet normal -0.840609 -0.415911 0.346979
    outer loop
      vertex 95.4243 3.8149 296
      vertex 95.423 3.81766 296
      vertex 94.3395 3.77009 293.318
    endloop
  endfacet
  facet normal -0.69154 -0.661011 0.291268
    outer loop
      vertex 94.4809 3.46083 293.318
      vertex 95.8258 3.23553 296
      vertex 95.5665 3.50679 296
    endloop
  endfacet
  facet normal -0.691541 -0.661009 0.291269
    outer loop
      vertex 95.8258 3.23553 296
      vertex 94.4809 3.46083 293.318
      vertex 94.7432 3.18642 293.318
    endloop
  endfacet
  facet normal -0.672711 -0.68322 0.284026
    outer loop
      vertex 95.5665 3.50679 296
      vertex 95.5641 3.5092 296
      vertex 94.4809 3.46083 293.318
    endloop
  endfacet
  facet normal -0.534887 -0.812774 0.230858
    outer loop
      vertex 95.1443 2.92243 293.318
      vertex 95.8295 3.23325 296
      vertex 94.7432 3.18642 293.318
    endloop
  endfacet
  facet normal -0.534892 -0.81277 0.230858
    outer loop
      vertex 95.8295 3.23325 296
      vertex 95.1443 2.92243 293.318
      vertex 96.226 2.97229 296
    endloop
  endfacet
  facet normal -0.510615 -0.830831 0.221341
    outer loop
      vertex 95.8295 3.23325 296
      vertex 95.8258 3.23553 296
      vertex 94.7432 3.18642 293.318
    endloop
  endfacet
  facet normal -0.446722 -0.872833 0.196476
    outer loop
      vertex 95.7088 2.63351 293.318
      vertex 96.2312 2.96983 296
      vertex 95.1443 2.92243 293.318
    endloop
  endfacet
  facet normal -0.44672 -0.872834 0.196476
    outer loop
      vertex 96.2312 2.96983 296
      vertex 95.7088 2.63351 293.318
      vertex 96.7892 2.68423 296
    endloop
  endfacet
  facet normal -0.420817 -0.887821 0.186242
    outer loop
      vertex 96.2312 2.96983 296
      vertex 96.226 2.97229 296
      vertex 95.1443 2.92243 293.318
    endloop
  endfacet
  facet normal -0.396833 -0.900665 0.176989
    outer loop
      vertex 96.468 2.29901 293.318
      vertex 96.7962 2.68141 296
      vertex 95.7088 2.63351 293.318
    endloop
  endfacet
  facet normal -0.396834 -0.900665 0.176989
    outer loop
      vertex 96.7962 2.68141 296
      vertex 96.468 2.29901 293.318
      vertex 97.5467 2.35076 296
    endloop
  endfacet
  facet normal -0.369795 -0.914115 0.166267
    outer loop
      vertex 96.7962 2.68141 296
      vertex 96.7892 2.68423 296
      vertex 95.7088 2.63351 293.318
    endloop
  endfacet
  facet normal -0.338405 -0.928293 0.154127
    outer loop
      vertex 97.4367 1.94589 293.318
      vertex 97.5555 2.34783 296
      vertex 96.468 2.29901 293.318
    endloop
  endfacet
  facet normal -0.338404 -0.928293 0.154127
    outer loop
      vertex 97.5555 2.34783 296
      vertex 97.4367 1.94589 293.318
      vertex 98.5131 1.99877 296
    endloop
  endfacet
  facet normal -0.310437 -0.939777 0.142995
    outer loop
      vertex 97.5555 2.34783 296
      vertex 97.5467 2.35076 296
      vertex 96.468 2.29901 293.318
    endloop
  endfacet
  facet normal -0.282442 -0.950128 0.132228
    outer loop
      vertex 98.6662 1.58041 293.318
      vertex 98.5243 1.9958 296
      vertex 97.4367 1.94589 293.318
    endloop
  endfacet
  facet normal -0.282443 -0.950127 0.132228
    outer loop
      vertex 98.5243 1.9958 296
      vertex 98.6662 1.58041 293.318
      vertex 99.7396 1.63452 296
    endloop
  endfacet
  facet normal -0.253664 -0.959728 0.120736
    outer loop
      vertex 98.5243 1.9958 296
      vertex 98.5131 1.99877 296
      vertex 97.4367 1.94589 293.318
    endloop
  endfacet
  facet normal -0.231696 -0.96627 0.112421
    outer loop
      vertex 100.384 1.16855 293.318
      vertex 99.7553 1.63127 296
      vertex 98.6662 1.58041 293.318
    endloop
  endfacet
  facet normal -0.231696 -0.96627 0.112421
    outer loop
      vertex 99.7553 1.63127 296
      vertex 100.384 1.16855 293.318
      vertex 101.453 1.22415 296
    endloop
  endfacet
  facet normal -0.202312 -0.974136 0.100638
    outer loop
      vertex 99.7553 1.63127 296
      vertex 99.7396 1.63452 296
      vertex 98.6662 1.58041 293.318
    endloop
  endfacet
  facet normal -0.186611 -0.977837 0.0949286
    outer loop
      vertex 102.729 0.721056 293.318
      vertex 101.475 1.22075 296
      vertex 100.384 1.16855 293.318
    endloop
  endfacet
  facet normal -0.186611 -0.977837 0.0949285
    outer loop
      vertex 101.475 1.22075 296
      vertex 102.729 0.721056 293.318
      vertex 103.792 0.778394 296
    endloop
  endfacet
  facet normal -0.156789 -0.984145 0.0829223
    outer loop
      vertex 101.475 1.22075 296
      vertex 101.453 1.22415 296
      vertex 100.384 1.16855 293.318
    endloop
  endfacet
  facet normal -0.145582 -0.986179 0.0791031
    outer loop
      vertex 105.339 0.335638 293.318
      vertex 103.816 0.775627 296
      vertex 102.729 0.721056 293.318
    endloop
  endfacet
  facet normal -0.145582 -0.986179 0.0791032
    outer loop
      vertex 103.816 0.775627 296
      vertex 105.339 0.335638 293.318
      vertex 106.397 0.394639 296
    endloop
  endfacet
  facet normal -0.115523 -0.991042 0.0670127
    outer loop
      vertex 103.816 0.775627 296
      vertex 103.792 0.778394 296
      vertex 102.729 0.721056 293.318
    endloop
  endfacet
  facet normal -0.110349 -0.991724 0.0656216
    outer loop
      vertex 108.135 0.0246086 293.318
      vertex 106.422 0.392597 296
      vertex 105.339 0.335638 293.318
    endloop
  endfacet
  facet normal -0.110349 -0.991724 0.0656214
    outer loop
      vertex 106.422 0.392597 296
      vertex 108.135 0.0246086 293.318
      vertex 109.186 0.0851424 296
    endloop
  endfacet
  facet normal -0.0800636 -0.995355 0.0534695
    outer loop
      vertex 106.422 0.392597 296
      vertex 106.397 0.394639 296
      vertex 105.339 0.335638 293.318
    endloop
  endfacet
  facet normal -0.0792092 -0.995405 0.0538078
    outer loop
      vertex 111.081 -0.209879 293.318
      vertex 109.212 0.0838348 296
      vertex 108.135 0.0246086 293.318
    endloop
  endfacet
  facet normal -0.0792093 -0.995405 0.0538077
    outer loop
      vertex 109.212 0.0838348 296
      vertex 111.081 -0.209879 293.318
      vertex 112.125 -0.147957 296
    endloop
  endfacet
  facet normal -0.0487982 -0.99794 0.0416451
    outer loop
      vertex 109.212 0.0838348 296
      vertex 109.186 0.0851424 296
      vertex 108.135 0.0246086 293.318
    endloop
  endfacet
  facet normal -0.0527677 -0.997642 0.043881
    outer loop
      vertex 114.099 -0.369492 293.318
      vertex 112.153 -0.148568 296
      vertex 111.081 -0.209879 293.318
    endloop
  endfacet
  facet normal -0.0527677 -0.997642 0.0438811
    outer loop
      vertex 112.153 -0.148568 296
      vertex 114.099 -0.369492 293.318
      vertex 115.136 -0.306346 296
    endloop
  endfacet
  facet normal -0.0222816 -0.999248 0.0317429
    outer loop
      vertex 112.153 -0.148568 296
      vertex 112.125 -0.147957 296
      vertex 111.081 -0.209879 293.318
    endloop
  endfacet
  facet normal -0.0311363 -0.998871 0.0358686
    outer loop
      vertex 117.179 -0.465494 293.318
      vertex 115.163 -0.306363 296
      vertex 114.099 -0.369492 293.318
    endloop
  endfacet
  facet normal -0.0311363 -0.998871 0.0358686
    outer loop
      vertex 115.163 -0.306363 296
      vertex 117.179 -0.465494 293.318
      vertex 118.208 -0.401262 296
    endloop
  endfacet
  facet normal -0.000618288 -0.999717 0.0237781
    outer loop
      vertex 115.163 -0.306363 296
      vertex 115.136 -0.306346 296
      vertex 114.099 -0.369492 293.318
    endloop
  endfacet
  facet normal -0.0138254 -0.999467 0.0295655
    outer loop
      vertex 120.317 -0.508905 293.318
      vertex 118.236 -0.400787 296
      vertex 117.179 -0.465494 293.318
    endloop
  endfacet
  facet normal -0.0138254 -0.999467 0.0295655
    outer loop
      vertex 118.236 -0.400787 296
      vertex 120.317 -0.508905 293.318
      vertex 121.338 -0.443699 296
    endloop
  endfacet
  facet normal 0.0167076 -0.999707 0.0175344
    outer loop
      vertex 118.236 -0.400787 296
      vertex 118.208 -0.401262 296
      vertex 117.179 -0.465494 293.318
    endloop
  endfacet
  facet normal 0.000496563 -0.999701 0.0244449
    outer loop
      vertex 123.491 -0.507329 293.318
      vertex 121.367 -0.442807 296
      vertex 120.317 -0.508905 293.318
    endloop
  endfacet
  facet normal 0.000496562 -0.999701 0.0244449
    outer loop
      vertex 121.367 -0.442807 296
      vertex 123.491 -0.507329 293.318
      vertex 124.504 -0.441249 296
    endloop
  endfacet
  facet normal 0.0310365 -0.99944 0.0124825
    outer loop
      vertex 121.367 -0.442807 296
      vertex 121.338 -0.443699 296
      vertex 120.317 -0.508905 293.318
    endloop
  endfacet
  facet normal 0.0127176 -0.999716 0.0201569
    outer loop
      vertex 126.689 -0.466645 293.318
      vertex 124.533 -0.439996 296
      vertex 123.491 -0.507329 293.318
    endloop
  endfacet
  facet normal 0.0127176 -0.999716 0.0201569
    outer loop
      vertex 124.533 -0.439996 296
      vertex 126.689 -0.466645 293.318
      vertex 127.695 -0.39978 296
    endloop
  endfacet
  facet normal 0.0432471 -0.99903 0.00827362
    outer loop
      vertex 124.533 -0.439996 296
      vertex 124.504 -0.441249 296
      vertex 123.491 -0.507329 293.318
    endloop
  endfacet
  facet normal 0.0229117 -0.999599 0.016664
    outer loop
      vertex 129.914 -0.392736 293.318
      vertex 127.724 -0.398219 296
      vertex 126.689 -0.466645 293.318
    endloop
  endfacet
  facet normal 0.0229118 -0.999599 0.0166641
    outer loop
      vertex 127.724 -0.398219 296
      vertex 129.914 -0.392736 293.318
      vertex 130.911 -0.32516 296
    endloop
  endfacet
  facet normal 0.0534354 -0.998559 0.00486015
    outer loop
      vertex 127.724 -0.398219 296
      vertex 127.695 -0.39978 296
      vertex 126.689 -0.466645 293.318
    endloop
  endfacet
  facet normal 0.0311627 -0.999417 0.013925
    outer loop
      vertex 133.161 -0.291473 293.318
      vertex 130.941 -0.323345 296
      vertex 129.914 -0.392736 293.318
    endloop
  endfacet
  facet normal 0.0311626 -0.999417 0.013925
    outer loop
      vertex 130.941 -0.323345 296
      vertex 133.161 -0.291473 293.318
      vertex 134.151 -0.223246 296
    endloop
  endfacet
  facet normal 0.061666 -0.998094 0.0022088
    outer loop
      vertex 130.941 -0.323345 296
      vertex 130.911 -0.32516 296
      vertex 129.914 -0.392736 293.318
    endloop
  endfacet
  facet normal 0.925626 0.0541167 -0.37455
    outer loop
      vertex 112.326 10.9788 186.493
      vertex 117.118 7.24347 197.794
      vertex 112.555 7.48686 186.554
    endloop
  endfacet
  facet normal 0.925626 0.0541171 -0.374549
    outer loop
      vertex 117.118 7.24347 197.794
      vertex 112.326 10.9788 186.493
      vertex 117.118 10.7232 198.297
    endloop
  endfacet
  facet normal 0.925626 0.0541167 -0.37455
    outer loop
      vertex 112.555 7.48686 186.554
      vertex 63.8783 5.69568 66
      vertex 112.326 10.9788 186.493
    endloop
  endfacet
  facet normal 0.925626 0.0541168 -0.37455
    outer loop
      vertex 63.8783 5.69568 66
      vertex 112.555 7.48686 186.554
      vertex 64.0826 2.20103 66
    endloop
  endfacet
  facet normal 0.925626 0.0541187 -0.374549
    outer loop
      vertex 139.272 6.06168 252.374
      vertex 117.218 10.7179 198.543
      vertex 139.043 9.55366 252.313
    endloop
  endfacet
  facet normal 0.925626 0.0541171 -0.37455
    outer loop
      vertex 117.218 10.7179 198.543
      vertex 139.272 6.06168 252.374
      vertex 117.218 7.23814 198.041
    endloop
  endfacet
  facet normal -0.00114001 0.0174156 0.999848
    outer loop
      vertex 166.653 13.3673 252.278
      vertex 166.035 1.32529 252.487
      vertex 167.435 1.43448 252.487
    endloop
  endfacet
  facet normal -0.00115585 0.0174164 0.999848
    outer loop
      vertex 166.653 13.3673 252.278
      vertex 165.327 1.29235 252.487
      vertex 166.035 1.32529 252.487
    endloop
  endfacet
  facet normal -0.00113905 0.0174146 0.999848
    outer loop
      vertex 166.653 13.3673 252.278
      vertex 162.581 1.08032 252.488
      vertex 165.327 1.29235 252.487
    endloop
  endfacet
  facet normal -0.00114109 0.0174152 0.999848
    outer loop
      vertex 156.471 7.18893 252.374
      vertex 162.581 1.08032 252.488
      vertex 166.653 13.3673 252.278
    endloop
  endfacet
  facet normal -0.00114071 0.0174156 0.999848
    outer loop
      vertex 162.581 1.08032 252.488
      vertex 156.471 7.18893 252.374
      vertex 161.874 1.048 252.487
    endloop
  endfacet
  facet normal -0.00114054 0.0174158 0.999848
    outer loop
      vertex 161.874 1.048 252.487
      vertex 156.471 7.18893 252.374
      vertex 159.128 0.838419 252.488
    endloop
  endfacet
  facet normal -0.00114541 0.0174137 0.999848
    outer loop
      vertex 159.128 0.838419 252.488
      vertex 156.471 7.18893 252.374
      vertex 158.422 0.806824 252.488
    endloop
  endfacet
  facet normal -0.00114057 0.0174144 0.999848
    outer loop
      vertex 166.653 13.3673 252.278
      vertex 156.242 10.6809 252.313
      vertex 156.471 7.18893 252.374
    endloop
  endfacet
  facet normal -0.00114168 0.0174187 0.999848
    outer loop
      vertex 166.653 13.3673 252.278
      vertex 150.02 10.2731 252.313
      vertex 156.242 10.6809 252.313
    endloop
  endfacet
  facet normal -0.00114168 0.0174187 0.999848
    outer loop
      vertex 138.913 11.5491 252.278
      vertex 150.02 10.2731 252.313
      vertex 166.653 13.3673 252.278
    endloop
  endfacet
  facet normal -0.00114168 0.0174187 0.999848
    outer loop
      vertex 150.02 10.2731 252.313
      vertex 138.913 11.5491 252.278
      vertex 139.043 9.55366 252.313
    endloop
  endfacet
  facet normal -0.00113988 0.0174154 0.999848
    outer loop
      vertex 156.471 7.18893 252.374
      vertex 155.678 0.600111 252.488
      vertex 158.422 0.806824 252.488
    endloop
  endfacet
  facet normal -0.0011452 0.0174161 0.999848
    outer loop
      vertex 156.471 7.18893 252.374
      vertex 154.972 0.569469 252.488
      vertex 155.678 0.600111 252.488
    endloop
  endfacet
  facet normal -0.00114502 0.017416 0.999848
    outer loop
      vertex 156.471 7.18893 252.374
      vertex 152.233 0.366575 252.488
      vertex 154.972 0.569469 252.488
    endloop
  endfacet
  facet normal -0.00113808 0.0174117 0.999848
    outer loop
      vertex 156.471 7.18893 252.374
      vertex 151.528 0.337161 252.488
      vertex 152.233 0.366575 252.488
    endloop
  endfacet
  facet normal -0.00114138 0.0174141 0.999848
    outer loop
      vertex 145.494 6.4695 252.374
      vertex 151.528 0.337161 252.488
      vertex 156.471 7.18893 252.374
    endloop
  endfacet
  facet normal -0.00113792 0.0174175 0.999848
    outer loop
      vertex 151.528 0.337161 252.488
      vertex 145.494 6.4695 252.374
      vertex 148.793 0.139169 252.488
    endloop
  endfacet
  facet normal -0.00114687 0.0174128 0.999848
    outer loop
      vertex 148.793 0.139169 252.488
      vertex 145.494 6.4695 252.374
      vertex 148.089 0.111207 252.488
    endloop
  endfacet
  facet normal -0.00114146 0.017415 0.999848
    outer loop
      vertex 145.494 6.4695 252.374
      vertex 145.356 -0.0810458 252.488
      vertex 148.089 0.111207 252.488
    endloop
  endfacet
  facet normal -0.00115075 0.0174152 0.999848
    outer loop
      vertex 145.494 6.4695 252.374
      vertex 144.653 -0.107366 252.488
      vertex 145.356 -0.0810458 252.488
    endloop
  endfacet
  facet normal -0.00114029 0.0174139 0.999848
    outer loop
      vertex 145.494 6.4695 252.374
      vertex 141.922 -0.293159 252.488
      vertex 144.653 -0.107366 252.488
    endloop
  endfacet
  facet normal -0.00114141 0.0174145 0.999848
    outer loop
      vertex 139.272 6.06168 252.374
      vertex 141.922 -0.293159 252.488
      vertex 145.494 6.4695 252.374
    endloop
  endfacet
  facet normal -0.00112844 0.0174199 0.999848
    outer loop
      vertex 141.922 -0.293159 252.488
      vertex 139.272 6.06168 252.374
      vertex 141.22 -0.317641 252.488
    endloop
  endfacet
  facet normal -0.00115001 0.0174133 0.999848
    outer loop
      vertex 141.22 -0.317641 252.488
      vertex 139.272 6.06168 252.374
      vertex 139.697 -0.417352 252.488
    endloop
  endfacet
  facet normal -0.925626 -0.0541167 0.37455
    outer loop
      vertex 123.531 8.20629 186.554
      vertex 123.302 11.6983 186.493
      vertex 117.218 11.0347 171.359
    endloop
  endfacet
  facet normal -0.925626 -0.0541162 0.374549
    outer loop
      vertex 123.302 11.6983 186.493
      vertex 145.678 9.79962 241.515
      vertex 150.02 10.2731 252.313
    endloop
  endfacet
  facet normal -0.925626 -0.0541167 0.374549
    outer loop
      vertex 123.302 11.6983 186.493
      vertex 123.531 8.20629 186.554
      vertex 145.678 9.79962 241.515
    endloop
  endfacet
  facet normal -0.925626 -0.0541172 0.374549
    outer loop
      vertex 123.531 8.20629 186.554
      vertex 117.218 11.0347 171.359
      vertex 117.218 7.51778 170.851
    endloop
  endfacet
  facet normal -0.925626 -0.0541201 0.374549
    outer loop
      vertex 145.678 9.79962 241.515
      vertex 123.531 8.20629 186.554
      vertex 145.86 7.0152 241.564
    endloop
  endfacet
  facet normal -0.925626 -0.0541172 0.37455
    outer loop
      vertex 74.8547 6.41511 66
      vertex 117.118 7.50688 170.602
      vertex 117.118 11.0238 171.11
    endloop
  endfacet
  facet normal -0.925626 -0.0541168 0.37455
    outer loop
      vertex 117.118 7.50688 170.602
      vertex 74.8547 6.41511 66
      vertex 75.059 2.92046 66
    endloop
  endfacet
  facet normal 0.0653275 -0.996704 -0.0480981
    outer loop
      vertex 117.218 10.7179 198.543
      vertex 150.02 10.2731 252.313
      vertex 139.043 9.55366 252.313
    endloop
  endfacet
  facet normal 0.0653274 -0.996704 -0.0480981
    outer loop
      vertex 123.302 11.6983 186.493
      vertex 117.218 10.7179 198.543
      vertex 117.218 11.2994 186.493
    endloop
  endfacet
  facet normal 0.0653274 -0.996704 -0.0480981
    outer loop
      vertex 117.218 10.7179 198.543
      vertex 123.302 11.6983 186.493
      vertex 150.02 10.2731 252.313
    endloop
  endfacet
  facet normal 0.0653273 -0.996704 -0.048098
    outer loop
      vertex 117.118 11.2929 186.493
      vertex 117.118 10.7232 198.297
      vertex 112.326 10.9788 186.493
    endloop
  endfacet
  facet normal -0.0653275 0.996704 0.0480981
    outer loop
      vertex 117.118 7.24347 197.794
      vertex 117.118 7.78591 186.554
      vertex 112.555 7.48686 186.554
    endloop
  endfacet
  facet normal -0.0653274 0.996704 0.048098
    outer loop
      vertex 145.86 7.0152 241.564
      vertex 117.218 7.23814 198.041
      vertex 139.238 6.58115 241.564
    endloop
  endfacet
  facet normal -0.0653275 0.996704 0.0480981
    outer loop
      vertex 123.531 8.20629 186.554
      vertex 117.218 7.23814 198.041
      vertex 145.86 7.0152 241.564
    endloop
  endfacet
  facet normal -0.0653275 0.996704 0.0480981
    outer loop
      vertex 117.218 7.23814 198.041
      vertex 123.531 8.20629 186.554
      vertex 117.218 7.79246 186.554
    endloop
  endfacet
  facet normal -0.0653275 0.996704 0.0480981
    outer loop
      vertex 139.238 6.58115 241.564
      vertex 139.272 6.06168 252.374
      vertex 145.494 6.4695 252.374
    endloop
  endfacet
  facet normal -0.0653275 0.996704 0.0480981
    outer loop
      vertex 139.272 6.06168 252.374
      vertex 139.238 6.58115 241.564
      vertex 117.218 7.23814 198.041
    endloop
  endfacet
  facet normal 0.0653931 -0.997707 0.0174524
    outer loop
      vertex 123.302 11.6983 186.493
      vertex 117.218 11.2994 186.493
      vertex 117.218 11.0347 171.359
    endloop
  endfacet
  facet normal 0.065393 -0.997707 0.0174523
    outer loop
      vertex 112.326 10.9788 186.493
      vertex 117.118 11.0238 171.11
      vertex 117.118 11.2929 186.493
    endloop
  endfacet
  facet normal 0.0653932 -0.997707 0.0174524
    outer loop
      vertex 63.8783 5.69568 66
      vertex 117.118 11.0238 171.11
      vertex 112.326 10.9788 186.493
    endloop
  endfacet
  facet normal 0.0653932 -0.997707 0.0174524
    outer loop
      vertex 117.118 11.0238 171.11
      vertex 63.8783 5.69568 66
      vertex 74.8547 6.41511 66
    endloop
  endfacet
  facet normal -0.0653932 0.997707 -0.0174524
    outer loop
      vertex 117.118 7.50688 170.602
      vertex 112.555 7.48686 186.554
      vertex 117.118 7.78591 186.554
    endloop
  endfacet
  facet normal -0.0653932 0.997707 -0.0174524
    outer loop
      vertex 64.0826 2.20103 66
      vertex 117.118 7.50688 170.602
      vertex 75.059 2.92046 66
    endloop
  endfacet
  facet normal -0.0653932 0.997707 -0.0174524
    outer loop
      vertex 117.118 7.50688 170.602
      vertex 64.0826 2.20103 66
      vertex 112.555 7.48686 186.554
    endloop
  endfacet
  facet normal -0.0653932 0.997707 -0.0174524
    outer loop
      vertex 117.218 7.79246 186.554
      vertex 123.531 8.20629 186.554
      vertex 117.218 7.51778 170.851
    endloop
  endfacet
  facet normal 0.997859 0.0654032 2.94448e-006
    outer loop
      vertex 143.097 8.87239 279.734
      vertex 142.872 12.3018 280.474
      vertex 143.096 8.88632 280.534
    endloop
  endfacet
  facet normal 0.997859 0.0654039 -3.68264e-007
    outer loop
      vertex 142.872 12.3018 280.474
      vertex 143.097 8.87239 279.734
      vertex 142.882 12.1416 271.275
    endloop
  endfacet
  facet normal 0.997859 0.0654036 -3.22386e-006
    outer loop
      vertex 143.675 0.0413765 277.529
      vertex 143.097 8.87239 279.734
      vertex 143.674 0.0603498 279.888
    endloop
  endfacet
  facet normal 0.997859 0.0654046 -7.44816e-006
    outer loop
      vertex 143.676 0.0266236 276.768
      vertex 143.097 8.87239 279.734
      vertex 143.675 0.0413765 277.529
    endloop
  endfacet
  facet normal 0.997859 0.0654014 2.05703e-006
    outer loop
      vertex 143.679 -0.0118568 271.488
      vertex 143.097 8.87239 279.734
      vertex 143.676 0.0266236 276.768
    endloop
  endfacet
  facet normal 0.997859 0.0654037 -4.25537e-007
    outer loop
      vertex 143.097 8.87239 279.734
      vertex 143.679 -0.0118568 271.488
      vertex 142.882 12.1416 271.275
    endloop
  endfacet
  facet normal 0.997859 0.0653948 -0.000476594
    outer loop
      vertex 143.68 -0.0339064 268.462
      vertex 142.886 12.0893 268.276
      vertex 143.68 -0.03372 268.488
    endloop
  endfacet
  facet normal 0.997859 0.0654022 6.58784e-006
    outer loop
      vertex 143.682 -0.0563668 267.252
      vertex 142.886 12.0893 268.276
      vertex 143.68 -0.0339064 268.462
    endloop
  endfacet
  facet normal 0.997859 0.0654029 -1.37706e-006
    outer loop
      vertex 142.886 12.0893 268.276
      vertex 143.682 -0.0563668 267.252
      vertex 142.894 11.9674 261.277
    endloop
  endfacet
  facet normal 0.997859 0.0654034 -4.26189e-007
    outer loop
      vertex 142.894 11.9674 261.277
      vertex 143.682 -0.0563668 267.252
      vertex 143.684 -0.0952825 261.488
    endloop
  endfacet
  facet normal 0.00108906 -0.0174159 -0.999848
    outer loop
      vertex 166.626 13.7818 276.075
      vertex 167.058 1.59201 276.288
      vertex 166.763 1.57883 276.287
    endloop
  endfacet
  facet normal 0.00116209 -0.0174134 -0.999848
    outer loop
      vertex 167.058 1.59201 276.288
      vertex 166.626 13.7818 276.075
      vertex 167.423 1.61987 276.287
    endloop
  endfacet
  facet normal 0.001144 -0.0174153 -0.999848
    outer loop
      vertex 163.681 1.34656 276.288
      vertex 166.626 13.7818 276.075
      vertex 166.763 1.57883 276.287
    endloop
  endfacet
  facet normal 0.00117035 -0.0174079 -0.999848
    outer loop
      vertex 160.838 13.4024 276.075
      vertex 163.681 1.34656 276.288
      vertex 163.386 1.33378 276.288
    endloop
  endfacet
  facet normal 0.00113274 -0.0174158 -0.999848
    outer loop
      vertex 160.838 13.4024 276.075
      vertex 163.386 1.33378 276.288
      vertex 161.638 1.20428 276.288
    endloop
  endfacet
  facet normal 0.00114142 -0.0174147 -0.999848
    outer loop
      vertex 163.681 1.34656 276.288
      vertex 160.838 13.4024 276.075
      vertex 166.626 13.7818 276.075
    endloop
  endfacet
  facet normal -0.997859 -0.0654036 2.23461e-007
    outer loop
      vertex 167.425 1.59012 271.487
      vertex 166.626 13.7818 276.075
      vertex 166.631 13.6982 271.275
    endloop
  endfacet
  facet normal -0.997859 -0.0654033 -6.3797e-007
    outer loop
      vertex 166.626 13.7818 276.075
      vertex 167.425 1.59012 271.487
      vertex 167.423 1.61987 276.287
    endloop
  endfacet
  facet normal -0.997859 -0.0654023 -1.20078e-007
    outer loop
      vertex 167.431 1.49434 258.596
      vertex 166.635 13.6459 268.276
      vertex 166.653 13.3673 252.278
    endloop
  endfacet
  facet normal -0.997859 -0.065396 0.000405838
    outer loop
      vertex 166.635 13.6459 268.276
      vertex 167.426 1.5714 268.468
      vertex 167.426 1.57152 268.487
    endloop
  endfacet
  facet normal -0.997859 -0.0654024 -5.02719e-007
    outer loop
      vertex 166.635 13.6459 268.276
      vertex 167.428 1.54953 267.168
      vertex 167.426 1.5714 268.468
    endloop
  endfacet
  facet normal -0.997859 -0.0654025 1.32405e-007
    outer loop
      vertex 166.635 13.6459 268.276
      vertex 167.431 1.49434 258.596
      vertex 167.428 1.54953 267.168
    endloop
  endfacet
  facet normal -0.997859 -0.0654035 -2.47234e-006
    outer loop
      vertex 166.653 13.3673 252.278
      vertex 167.433 1.46321 256.763
      vertex 167.431 1.49434 258.596
    endloop
  endfacet
  facet normal -0.997859 -0.0654034 -2.05129e-006
    outer loop
      vertex 167.433 1.46321 256.763
      vertex 166.653 13.3673 252.278
      vertex 167.435 1.43448 252.487
    endloop
  endfacet
  facet normal 0.0653934 -0.997707 0.0174524
    outer loop
      vertex 138.902 11.7058 261.277
      vertex 138.913 11.5491 252.278
      vertex 142.894 11.9674 261.277
    endloop
  endfacet
  facet normal 0.0653932 -0.997707 0.0174522
    outer loop
      vertex 142.894 11.9674 261.277
      vertex 166.635 13.6459 268.276
      vertex 142.886 12.0893 268.276
    endloop
  endfacet
  facet normal 0.0653932 -0.997707 0.0174525
    outer loop
      vertex 166.653 13.3673 252.278
      vertex 142.894 11.9674 261.277
      vertex 138.913 11.5491 252.278
    endloop
  endfacet
  facet normal 0.0653931 -0.997707 0.0174524
    outer loop
      vertex 142.894 11.9674 261.277
      vertex 166.653 13.3673 252.278
      vertex 166.635 13.6459 268.276
    endloop
  endfacet
  facet normal 0.0653931 -0.997707 0.0174526
    outer loop
      vertex 142.886 12.0893 268.276
      vertex 142.882 12.1416 271.275
      vertex 138.093 11.8276 271.275
    endloop
  endfacet
  facet normal 0.0653932 -0.997707 0.0174526
    outer loop
      vertex 142.882 12.1416 271.275
      vertex 142.886 12.0893 268.276
      vertex 166.631 13.6982 271.275
    endloop
  endfacet
  facet normal 0.0653929 -0.997707 0.0174523
    outer loop
      vertex 142.886 12.0893 268.276
      vertex 138.093 11.8276 271.275
      vertex 138.096 11.7754 268.276
    endloop
  endfacet
  facet normal 0.0653932 -0.997707 0.0174526
    outer loop
      vertex 166.635 13.6459 268.276
      vertex 166.631 13.6982 271.275
      vertex 142.886 12.0893 268.276
    endloop
  endfacet
  facet normal 0.0653931 -0.997707 0.0174526
    outer loop
      vertex 166.631 13.6982 271.275
      vertex 166.635 13.6459 268.276
      vertex 171.421 14.0121 271.275
    endloop
  endfacet
  facet normal 0.0653933 -0.997707 0.0174523
    outer loop
      vertex 171.421 14.0121 271.275
      vertex 166.635 13.6459 268.276
      vertex 171.424 13.9599 268.276
    endloop
  endfacet
  facet normal 0.0653931 -0.997707 0.0174523
    outer loop
      vertex 142.872 12.3018 280.474
      vertex 160.838 13.4024 276.075
      vertex 160.833 13.479 280.474
    endloop
  endfacet
  facet normal 0.0653932 -0.997707 0.0174525
    outer loop
      vertex 142.882 12.1416 271.275
      vertex 160.838 13.4024 276.075
      vertex 142.872 12.3018 280.474
    endloop
  endfacet
  facet normal 0.0653932 -0.997707 0.0174524
    outer loop
      vertex 166.631 13.6982 271.275
      vertex 160.838 13.4024 276.075
      vertex 142.882 12.1416 271.275
    endloop
  endfacet
  facet normal 0.0653932 -0.997707 0.0174524
    outer loop
      vertex 160.838 13.4024 276.075
      vertex 166.631 13.6982 271.275
      vertex 166.626 13.7818 276.075
    endloop
  endfacet
  facet normal 0.997859 0.0654015 -3.94874e-007
    outer loop
      vertex 138.902 11.7058 261.277
      vertex 139.043 9.55366 252.313
      vertex 138.913 11.5491 252.278
    endloop
  endfacet
  facet normal 0.997859 0.0654047 -1.17569e-006
    outer loop
      vertex 138.902 11.7058 261.277
      vertex 139.272 6.06168 252.374
      vertex 139.043 9.55366 252.313
    endloop
  endfacet
  facet normal 0.997859 0.0654024 -1.00686e-006
    outer loop
      vertex 139.693 -0.362017 257.646
      vertex 138.902 11.7058 261.277
      vertex 139.691 -0.334021 261.488
    endloop
  endfacet
  facet normal 0.997859 0.0654019 6.17603e-007
    outer loop
      vertex 138.902 11.7058 261.277
      vertex 139.693 -0.362017 257.646
      vertex 139.272 6.06168 252.374
    endloop
  endfacet
  facet normal 0.997859 0.0654052 4.67822e-006
    outer loop
      vertex 139.695 -0.394251 255.91
      vertex 139.272 6.06168 252.374
      vertex 139.693 -0.362017 257.646
    endloop
  endfacet
  facet normal 0.997859 0.0654021 -1.00588e-006
    outer loop
      vertex 139.272 6.06168 252.374
      vertex 139.695 -0.394251 255.91
      vertex 139.697 -0.417352 252.488
    endloop
  endfacet
  facet normal 0.00114008 -0.0174144 -0.999848
    outer loop
      vertex 141.656 -0.228079 261.488
      vertex 142.894 11.9674 261.277
      vertex 143.684 -0.0952825 261.488
    endloop
  endfacet
  facet normal 0.00111296 -0.0174211 -0.999848
    outer loop
      vertex 138.902 11.7058 261.277
      vertex 141.656 -0.228079 261.488
      vertex 141.109 -0.245481 261.488
    endloop
  endfacet
  facet normal 0.00115193 -0.0174139 -0.999848
    outer loop
      vertex 138.902 11.7058 261.277
      vertex 141.109 -0.245481 261.488
      vertex 139.691 -0.334021 261.488
    endloop
  endfacet
  facet normal 0.00114142 -0.0174146 -0.999848
    outer loop
      vertex 141.656 -0.228079 261.488
      vertex 138.902 11.7058 261.277
      vertex 142.894 11.9674 261.277
    endloop
  endfacet
  facet normal 0.864741 0.0479488 -0.499924
    outer loop
      vertex 145.494 6.4695 252.374
      vertex 139.285 5.8736 241.576
      vertex 139.238 6.58115 241.564
    endloop
  endfacet
  facet normal -0.864742 -0.0479312 0.499925
    outer loop
      vertex 150.032 10.085 241.515
      vertex 156.471 7.18893 252.374
      vertex 156.242 10.6809 252.313
    endloop
  endfacet
  facet normal -0.864742 -0.047935 0.499924
    outer loop
      vertex 156.471 7.18893 252.374
      vertex 150.032 10.085 241.515
      vertex 150.261 6.59304 241.576
    endloop
  endfacet
  facet normal 0.0653933 -0.997707 0.0174524
    outer loop
      vertex 150.032 10.085 241.515
      vertex 150.02 10.2731 252.313
      vertex 145.678 9.79962 241.515
    endloop
  endfacet
  facet normal 0.065393 -0.997707 0.0174524
    outer loop
      vertex 150.02 10.2731 252.313
      vertex 150.032 10.085 241.515
      vertex 156.242 10.6809 252.313
    endloop
  endfacet
  facet normal -0.00114143 0.0174148 0.999848
    outer loop
      vertex 150.032 10.085 241.515
      vertex 145.678 9.79962 241.515
      vertex 145.86 7.0152 241.564
    endloop
  endfacet
  facet normal -0.00114108 0.0174143 0.999848
    outer loop
      vertex 145.86 7.0152 241.564
      vertex 150.261 6.59304 241.576
      vertex 150.032 10.085 241.515
    endloop
  endfacet
  facet normal -0.00114127 0.0174124 0.999848
    outer loop
      vertex 145.86 7.0152 241.564
      vertex 139.285 5.8736 241.576
      vertex 150.261 6.59304 241.576
    endloop
  endfacet
  facet normal -0.00114127 0.0174124 0.999848
    outer loop
      vertex 139.285 5.8736 241.576
      vertex 145.86 7.0152 241.564
      vertex 139.238 6.58115 241.564
    endloop
  endfacet
  facet normal -0.0653932 0.997707 -0.0174524
    outer loop
      vertex 150.261 6.59304 241.576
      vertex 145.494 6.4695 252.374
      vertex 156.471 7.18893 252.374
    endloop
  endfacet
  facet normal -0.0653932 0.997707 -0.0174524
    outer loop
      vertex 145.494 6.4695 252.374
      vertex 150.261 6.59304 241.576
      vertex 139.285 5.8736 241.576
    endloop
  endfacet
  facet normal 0.997859 0.0654031 -2.11428e-006
    outer loop
      vertex 138.887 -0.289126 271.487
      vertex 138.096 11.7754 268.276
      vertex 138.093 11.8276 271.275
    endloop
  endfacet
  facet normal 0.997859 0.0654041 1.91921e-006
    outer loop
      vertex 138.096 11.7754 268.276
      vertex 138.887 -0.289126 271.487
      vertex 138.888 -0.313249 268.487
    endloop
  endfacet
  facet normal 0.00115263 -0.0174161 -0.999848
    outer loop
      vertex 141.805 -0.128891 271.488
      vertex 142.882 12.1416 271.275
      vertex 143.679 -0.0118568 271.488
    endloop
  endfacet
  facet normal 0.00114462 -0.0174154 -0.999848
    outer loop
      vertex 141.431 -0.139453 271.488
      vertex 142.882 12.1416 271.275
      vertex 141.805 -0.128891 271.488
    endloop
  endfacet
  facet normal 0.00113272 -0.0174175 -0.999848
    outer loop
      vertex 138.093 11.8276 271.275
      vertex 141.431 -0.139453 271.488
      vertex 138.887 -0.289126 271.487
    endloop
  endfacet
  facet normal 0.00114144 -0.017415 -0.999848
    outer loop
      vertex 141.431 -0.139453 271.488
      vertex 138.093 11.8276 271.275
      vertex 142.882 12.1416 271.275
    endloop
  endfacet
  facet normal 0.00116772 -0.0174141 -0.999848
    outer loop
      vertex 171.871 1.92054 271.487
      vertex 171.421 14.0121 271.275
      vertex 172.213 1.93645 271.487
    endloop
  endfacet
  facet normal 0.00114239 -0.017415 -0.999848
    outer loop
      vertex 168.853 1.68758 271.487
      vertex 171.421 14.0121 271.275
      vertex 171.871 1.92054 271.487
    endloop
  endfacet
  facet normal 0.00111851 -0.0174191 -0.999848
    outer loop
      vertex 166.631 13.6982 271.275
      vertex 168.853 1.68758 271.487
      vertex 168.475 1.6703 271.487
    endloop
  endfacet
  facet normal 0.00112627 -0.0174179 -0.999848
    outer loop
      vertex 166.631 13.6982 271.275
      vertex 168.475 1.6703 271.487
      vertex 167.425 1.59012 271.487
    endloop
  endfacet
  facet normal 0.00114143 -0.0174148 -0.999848
    outer loop
      vertex 168.853 1.68758 271.487
      vertex 166.631 13.6982 271.275
      vertex 171.421 14.0121 271.275
    endloop
  endfacet
  facet normal -0.997859 -0.0654025 2.10417e-006
    outer loop
      vertex 172.213 1.93457 271.376
      vertex 171.421 14.0121 271.275
      vertex 171.424 13.9599 268.276
    endloop
  endfacet
  facet normal -0.997859 -0.0654024 1.22752e-005
    outer loop
      vertex 171.421 14.0121 271.275
      vertex 172.213 1.93457 271.376
      vertex 172.213 1.93645 271.487
    endloop
  endfacet
  facet normal -0.997859 -0.0654038 -3.18167e-006
    outer loop
      vertex 172.213 1.93457 271.376
      vertex 171.424 13.9599 268.276
      vertex 172.214 1.91516 268.487
    endloop
  endfacet
  facet normal -0.00113938 0.0174155 0.999848
    outer loop
      vertex 142.886 12.0893 268.276
      vertex 140.741 -0.217249 268.488
      vertex 143.68 -0.03372 268.488
    endloop
  endfacet
  facet normal -0.00114149 0.0174159 0.999848
    outer loop
      vertex 138.096 11.7754 268.276
      vertex 140.741 -0.217249 268.488
      vertex 142.886 12.0893 268.276
    endloop
  endfacet
  facet normal -0.00113753 0.0174168 0.999848
    outer loop
      vertex 140.741 -0.217249 268.488
      vertex 138.096 11.7754 268.276
      vertex 140.316 -0.229263 268.488
    endloop
  endfacet
  facet normal -0.00115283 0.0174139 0.999848
    outer loop
      vertex 140.316 -0.229263 268.488
      vertex 138.096 11.7754 268.276
      vertex 138.888 -0.313249 268.487
    endloop
  endfacet
  facet normal -0.00113219 0.0174158 0.999848
    outer loop
      vertex 171.424 13.9599 268.276
      vertex 171.268 1.84138 268.487
      vertex 172.214 1.91516 268.487
    endloop
  endfacet
  facet normal -0.00116538 0.0174162 0.999848
    outer loop
      vertex 171.424 13.9599 268.276
      vertex 170.837 1.82135 268.487
      vertex 171.268 1.84138 268.487
    endloop
  endfacet
  facet normal -0.00114144 0.017415 0.999848
    outer loop
      vertex 166.635 13.6459 268.276
      vertex 170.837 1.82135 268.487
      vertex 171.424 13.9599 268.276
    endloop
  endfacet
  facet normal -0.00113953 0.0174157 0.999848
    outer loop
      vertex 170.837 1.82135 268.487
      vertex 166.635 13.6459 268.276
      vertex 167.863 1.59169 268.487
    endloop
  endfacet
  facet normal -0.00115025 0.0174146 0.999848
    outer loop
      vertex 167.863 1.59169 268.487
      vertex 166.635 13.6459 268.276
      vertex 167.433 1.57204 268.487
    endloop
  endfacet
  facet normal -0.00132745 0.0174029 0.999848
    outer loop
      vertex 167.433 1.57204 268.487
      vertex 166.635 13.6459 268.276
      vertex 167.426 1.57152 268.487
    endloop
  endfacet
  facet normal 0.00114 -0.0174147 -0.999848
    outer loop
      vertex 152.732 9.97008 280.526
      vertex 160.833 13.479 280.474
      vertex 161.621 1.4619 280.684
    endloop
  endfacet
  facet normal 0.00115913 -0.0174589 -0.999847
    outer loop
      vertex 152.498 10.18 280.522
      vertex 160.833 13.479 280.474
      vertex 152.732 9.97008 280.526
    endloop
  endfacet
  facet normal 0.00112386 -0.0173698 -0.999849
    outer loop
      vertex 152.252 10.3749 280.518
      vertex 160.833 13.479 280.474
      vertex 152.498 10.18 280.522
    endloop
  endfacet
  facet normal 0.00114782 -0.017436 -0.999847
    outer loop
      vertex 151.994 10.5539 280.515
      vertex 160.833 13.479 280.474
      vertex 152.252 10.3749 280.518
    endloop
  endfacet
  facet normal 0.00115024 -0.0174433 -0.999847
    outer loop
      vertex 151.725 10.7163 280.512
      vertex 160.833 13.479 280.474
      vertex 151.994 10.5539 280.515
    endloop
  endfacet
  facet normal 0.0011286 -0.017372 -0.999848
    outer loop
      vertex 151.446 10.8616 280.509
      vertex 160.833 13.479 280.474
      vertex 151.725 10.7163 280.512
    endloop
  endfacet
  facet normal 0.00116152 -0.01749 -0.999846
    outer loop
      vertex 151.159 10.9891 280.506
      vertex 160.833 13.479 280.474
      vertex 151.446 10.8616 280.509
    endloop
  endfacet
  facet normal 0.00112717 -0.0173566 -0.999849
    outer loop
      vertex 150.865 11.0983 280.504
      vertex 160.833 13.479 280.474
      vertex 151.159 10.9891 280.506
    endloop
  endfacet
  facet normal 0.00114534 -0.0174326 -0.999847
    outer loop
      vertex 150.564 11.1888 280.502
      vertex 160.833 13.479 280.474
      vertex 150.865 11.0983 280.504
    endloop
  endfacet
  facet normal 0.00113042 -0.0173658 -0.999849
    outer loop
      vertex 150.258 11.2603 280.501
      vertex 160.833 13.479 280.474
      vertex 150.564 11.1888 280.502
    endloop
  endfacet
  facet normal 0.00117832 -0.017594 -0.999845
    outer loop
      vertex 149.949 11.3124 280.499
      vertex 160.833 13.479 280.474
      vertex 150.258 11.2603 280.501
    endloop
  endfacet
  facet normal 0.00112499 -0.0173262 -0.999849
    outer loop
      vertex 149.636 11.3449 280.498
      vertex 160.833 13.479 280.474
      vertex 149.949 11.3124 280.499
    endloop
  endfacet
  facet normal 0.00113406 -0.0173738 -0.999848
    outer loop
      vertex 149.322 11.3578 280.498
      vertex 160.833 13.479 280.474
      vertex 149.636 11.3449 280.498
    endloop
  endfacet
  facet normal 0.00115564 -0.0173153 -0.999849
    outer loop
      vertex 142.872 12.3018 280.474
      vertex 149.322 11.3578 280.498
      vertex 149.008 11.3509 280.498
    endloop
  endfacet
  facet normal 0.00110592 -0.017636 -0.999844
    outer loop
      vertex 142.872 12.3018 280.474
      vertex 149.008 11.3509 280.498
      vertex 148.695 11.3244 280.498
    endloop
  endfacet
  facet normal 0.00118003 -0.0171947 -0.999851
    outer loop
      vertex 142.872 12.3018 280.474
      vertex 148.695 11.3244 280.498
      vertex 148.385 11.2782 280.498
    endloop
  endfacet
  facet normal 0.00114132 -0.0174131 -0.999848
    outer loop
      vertex 149.322 11.3578 280.498
      vertex 142.872 12.3018 280.474
      vertex 160.833 13.479 280.474
    endloop
  endfacet
  facet normal 0.00113697 -0.0174265 -0.999848
    outer loop
      vertex 148.077 11.2126 280.499
      vertex 142.872 12.3018 280.474
      vertex 148.385 11.2782 280.498
    endloop
  endfacet
  facet normal 0.00114166 -0.0174041 -0.999848
    outer loop
      vertex 147.775 11.1279 280.5
      vertex 142.872 12.3018 280.474
      vertex 148.077 11.2126 280.499
    endloop
  endfacet
  facet normal 0.00114045 -0.0174091 -0.999848
    outer loop
      vertex 147.478 11.0244 280.502
      vertex 142.872 12.3018 280.474
      vertex 147.775 11.1279 280.5
    endloop
  endfacet
  facet normal 0.00111985 -0.0174834 -0.999847
    outer loop
      vertex 147.063 10.8424 280.504
      vertex 142.872 12.3018 280.474
      vertex 147.478 11.0244 280.502
    endloop
  endfacet
  facet normal 0.00114284 -0.0174174 -0.999848
    outer loop
      vertex 142.872 12.3018 280.474
      vertex 147.063 10.8424 280.504
      vertex 143.096 8.88632 280.534
    endloop
  endfacet
  facet normal -0.997859 -0.0654032 4.96148e-007
    outer loop
      vertex 161.622 1.44797 279.884
      vertex 160.833 13.479 280.474
      vertex 160.838 13.4024 276.075
    endloop
  endfacet
  facet normal -0.997859 -0.0654031 -2.96609e-006
    outer loop
      vertex 160.833 13.479 280.474
      vertex 161.622 1.44797 279.884
      vertex 161.621 1.4619 280.684
    endloop
  endfacet
  facet normal -0.997859 -0.0654037 -1.00205e-006
    outer loop
      vertex 161.638 1.20428 276.288
      vertex 161.622 1.44797 279.884
      vertex 160.838 13.4024 276.075
    endloop
  endfacet
  facet normal -0.997857 -0.0654398 1.45359e-006
    outer loop
      vertex 161.622 1.44797 279.884
      vertex 161.638 1.20428 276.288
      vertex 161.636 1.22554 279.888
    endloop
  endfacet
  facet normal -0.347744 -0.937454 0.0159319
    outer loop
      vertex 150.857 11.2132 287.103
      vertex 151.159 10.9891 280.506
      vertex 151.152 11.104 287.105
    endloop
  endfacet
  facet normal -0.34776 -0.937448 0.015931
    outer loop
      vertex 151.159 10.9891 280.506
      vertex 150.857 11.2132 287.103
      vertex 150.865 11.0983 280.504
    endloop
  endfacet
  facet normal 0.62726 -0.778679 0.0142794
    outer loop
      vertex 134.359 4.38876 279.802
      vertex 134.595 4.71463 287.198
      vertex 134.35 4.51763 287.201
    endloop
  endfacet
  facet normal 0.627258 -0.778681 0.0142795
    outer loop
      vertex 134.595 4.71463 287.198
      vertex 134.359 4.38876 279.802
      vertex 134.603 4.58576 279.799
    endloop
  endfacet
  facet normal 0.984658 0.174487 -0.00191417
    outer loop
      vertex 132.714 -0.301916 287.283
      vertex 132.667 -0.121548 279.879
      vertex 132.659 0.00732301 287.278
    endloop
  endfacet
  facet normal 0.984658 0.174487 -0.00191417
    outer loop
      vertex 132.667 -0.121548 279.879
      vertex 132.714 -0.301916 287.283
      vertex 132.722 -0.430787 279.884
    endloop
  endfacet
  facet normal -0.165896 -0.985997 0.0169847
    outer loop
      vertex 149.941 11.4273 287.098
      vertex 150.258 11.2603 280.501
      vertex 150.251 11.3752 287.1
    endloop
  endfacet
  facet normal -0.165907 -0.985995 0.0169842
    outer loop
      vertex 150.258 11.2603 280.501
      vertex 149.941 11.4273 287.098
      vertex 149.949 11.3124 280.499
    endloop
  endfacet
  facet normal 0.442279 -0.896732 0.016124
    outer loop
      vertex 135.396 5.20838 287.19
      vertex 143.096 8.88632 280.534
      vertex 147.055 10.9574 287.103
    endloop
  endfacet
  facet normal 0.442279 -0.896733 0.0161233
    outer loop
      vertex 135.404 5.07951 279.791
      vertex 143.096 8.88632 280.534
      vertex 135.396 5.20838 287.19
    endloop
  endfacet
  facet normal 0.442279 -0.896733 0.0161251
    outer loop
      vertex 143.096 8.88632 280.534
      vertex 135.404 5.07951 279.791
      vertex 143.097 8.87239 279.734
    endloop
  endfacet
  facet normal 0.442279 -0.896732 0.0161241
    outer loop
      vertex 147.055 10.9574 287.103
      vertex 143.096 8.88632 280.534
      vertex 147.063 10.8424 280.504
    endloop
  endfacet
  facet normal 0.401142 -0.915869 0.0164104
    outer loop
      vertex 147.063 10.8424 280.504
      vertex 147.471 11.1393 287.101
      vertex 147.055 10.9574 287.103
    endloop
  endfacet
  facet normal 0.401142 -0.915869 0.0164104
    outer loop
      vertex 147.471 11.1393 287.101
      vertex 147.063 10.8424 280.504
      vertex 147.478 11.0244 280.502
    endloop
  endfacet
  facet normal 0.979737 -0.200235 0.00460496
    outer loop
      vertex 132.68 1.57129 287.25
      vertex 132.751 1.75013 279.846
      vertex 132.742 1.879 287.245
    endloop
  endfacet
  facet normal 0.979747 -0.200188 0.00460619
    outer loop
      vertex 132.751 1.75013 279.846
      vertex 132.68 1.57129 287.25
      vertex 132.688 1.44242 279.851
    endloop
  endfacet
  facet normal 0.0218286 -0.99961 0.0174359
    outer loop
      vertex 149.001 11.4659 287.097
      vertex 149.322 11.3578 280.498
      vertex 149.315 11.4727 287.097
    endloop
  endfacet
  facet normal 0.0218256 -0.99961 0.0174357
    outer loop
      vertex 149.322 11.3578 280.498
      vertex 149.001 11.4659 287.097
      vertex 149.008 11.3509 280.498
    endloop
  endfacet
  facet normal -0.668487 -0.743623 0.0121903
    outer loop
      vertex 152.491 10.295 287.121
      vertex 152.732 9.97008 280.526
      vertex 152.724 10.085 287.125
    endloop
  endfacet
  facet normal -0.668514 -0.7436 0.0121881
    outer loop
      vertex 152.732 9.97008 280.526
      vertex 152.491 10.295 287.121
      vertex 152.498 10.18 280.522
    endloop
  endfacet
  facet normal -0.517275 -0.8557 0.0143135
    outer loop
      vertex 151.717 10.8313 287.111
      vertex 151.994 10.5539 280.515
      vertex 151.986 10.6688 287.114
    endloop
  endfacet
  facet normal -0.517277 -0.855698 0.0143133
    outer loop
      vertex 151.994 10.5539 280.515
      vertex 151.717 10.8313 287.111
      vertex 151.725 10.7163 280.512
    endloop
  endfacet
  facet normal -0.462533 -0.886476 0.014912
    outer loop
      vertex 151.439 10.9765 287.108
      vertex 151.725 10.7163 280.512
      vertex 151.717 10.8313 287.111
    endloop
  endfacet
  facet normal -0.462531 -0.886478 0.0149121
    outer loop
      vertex 151.725 10.7163 280.512
      vertex 151.439 10.9765 287.108
      vertex 151.446 10.8616 280.509
    endloop
  endfacet
  facet normal 0.524727 -0.851131 0.0154242
    outer loop
      vertex 134.86 4.76703 279.796
      vertex 135.119 5.0607 287.192
      vertex 134.851 4.8959 287.195
    endloop
  endfacet
  facet normal 0.524746 -0.851119 0.015423
    outer loop
      vertex 135.119 5.0607 287.192
      vertex 134.86 4.76703 279.796
      vertex 135.127 4.93183 279.793
    endloop
  endfacet
  facet normal 0.329707 -0.943934 0.0168177
    outer loop
      vertex 147.478 11.0244 280.502
      vertex 147.767 11.2429 287.099
      vertex 147.471 11.1393 287.101
    endloop
  endfacet
  facet normal 0.329704 -0.943934 0.0168178
    outer loop
      vertex 147.767 11.2429 287.099
      vertex 147.478 11.0244 280.502
      vertex 147.775 11.1279 280.5
    endloop
  endfacet
  facet normal 0.14698 -0.988986 0.0173935
    outer loop
      vertex 148.385 11.2782 280.498
      vertex 148.688 11.4393 287.097
      vertex 148.377 11.3931 287.097
    endloop
  endfacet
  facet normal 0.146976 -0.988987 0.0173937
    outer loop
      vertex 148.688 11.4393 287.097
      vertex 148.385 11.2782 280.498
      vertex 148.695 11.3244 280.498
    endloop
  endfacet
  facet normal 0.0845097 -0.99627 0.0174492
    outer loop
      vertex 148.695 11.3244 280.498
      vertex 149.001 11.4659 287.097
      vertex 148.688 11.4393 287.097
    endloop
  endfacet
  facet normal 0.0845097 -0.99627 0.0174492
    outer loop
      vertex 149.001 11.4659 287.097
      vertex 148.695 11.3244 280.498
      vertex 149.008 11.3509 280.498
    endloop
  endfacet
  facet normal 0.924881 -0.380179 0.00767855
    outer loop
      vertex 132.925 2.47953 287.235
      vertex 133.053 2.64114 279.831
      vertex 133.045 2.77001 287.23
    endloop
  endfacet
  facet normal 0.924881 -0.38018 0.00767853
    outer loop
      vertex 133.053 2.64114 279.831
      vertex 132.925 2.47953 287.235
      vertex 132.934 2.35066 279.836
    endloop
  endfacet
  facet normal 0.0012743 -0.0172979 -0.99985
    outer loop
      vertex 152.724 10.085 287.125
      vertex 160.706 1.20932 287.289
      vertex 160.602 1.20519 287.289
    endloop
  endfacet
  facet normal 0.00123779 -0.017367 -0.999848
    outer loop
      vertex 152.724 10.085 287.125
      vertex 157.375 0.978183 287.289
      vertex 157.271 0.974297 287.289
    endloop
  endfacet
  facet normal 0.00114023 -0.0174168 -0.999848
    outer loop
      vertex 157.375 0.978183 287.289
      vertex 152.724 10.085 287.125
      vertex 160.602 1.20519 287.289
    endloop
  endfacet
  facet normal 0.00113787 -0.0174169 -0.999848
    outer loop
      vertex 152.724 10.085 287.125
      vertex 157.271 0.974297 287.289
      vertex 154.047 0.754913 287.289
    endloop
  endfacet
  facet normal 0.00119504 -0.0174088 -0.999848
    outer loop
      vertex 152.724 10.085 287.125
      vertex 154.047 0.754913 287.289
      vertex 153.944 0.751298 287.289
    endloop
  endfacet
  facet normal 0.00113401 -0.0174241 -0.999848
    outer loop
      vertex 160.706 1.20932 287.289
      vertex 152.724 10.085 287.125
      vertex 161.907 1.29622 287.288
    endloop
  endfacet
  facet normal 0.00114017 -0.0174159 -0.999848
    outer loop
      vertex 150.724 0.540479 287.289
      vertex 152.724 10.085 287.125
      vertex 153.944 0.751298 287.289
    endloop
  endfacet
  facet normal 0.00114398 -0.0174167 -0.999848
    outer loop
      vertex 150.62 0.537183 287.289
      vertex 152.724 10.085 287.125
      vertex 150.724 0.540479 287.289
    endloop
  endfacet
  facet normal 0.00107921 -0.0174025 -0.999848
    outer loop
      vertex 152.724 10.085 287.125
      vertex 150.62 0.537183 287.289
      vertex 152.491 10.295 287.121
    endloop
  endfacet
  facet normal 0.00120309 -0.0174262 -0.999847
    outer loop
      vertex 152.491 10.295 287.121
      vertex 150.62 0.537183 287.289
      vertex 152.244 10.4898 287.117
    endloop
  endfacet
  facet normal 0.00105328 -0.0174018 -0.999848
    outer loop
      vertex 152.244 10.4898 287.117
      vertex 150.62 0.537183 287.289
      vertex 151.986 10.6688 287.114
    endloop
  endfacet
  facet normal 0.00116621 -0.017417 -0.999848
    outer loop
      vertex 151.986 10.6688 287.114
      vertex 150.62 0.537183 287.289
      vertex 151.717 10.8313 287.111
    endloop
  endfacet
  facet normal 0.00110828 -0.0174108 -0.999848
    outer loop
      vertex 151.717 10.8313 287.111
      vertex 150.62 0.537183 287.289
      vertex 151.439 10.9765 287.108
    endloop
  endfacet
  facet normal 0.00119379 -0.0174175 -0.999848
    outer loop
      vertex 151.439 10.9765 287.108
      vertex 150.62 0.537183 287.289
      vertex 151.152 11.104 287.105
    endloop
  endfacet
  facet normal 0.00110616 -0.0174131 -0.999848
    outer loop
      vertex 151.152 11.104 287.105
      vertex 150.62 0.537183 287.289
      vertex 150.857 11.2132 287.103
    endloop
  endfacet
  facet normal 0.00115091 -0.0174141 -0.999848
    outer loop
      vertex 150.62 0.537183 287.289
      vertex 150.557 11.3037 287.101
      vertex 150.857 11.2132 287.103
    endloop
  endfacet
  facet normal 0.00111913 -0.0174143 -0.999848
    outer loop
      vertex 150.62 0.537183 287.289
      vertex 150.251 11.3752 287.1
      vertex 150.557 11.3037 287.101
    endloop
  endfacet
  facet normal 0.00120907 -0.0174112 -0.999848
    outer loop
      vertex 150.62 0.537183 287.289
      vertex 149.941 11.4273 287.098
      vertex 150.251 11.3752 287.1
    endloop
  endfacet
  facet normal 0.00111552 -0.0174171 -0.999848
    outer loop
      vertex 150.62 0.537183 287.289
      vertex 149.629 11.4598 287.097
      vertex 149.941 11.4273 287.098
    endloop
  endfacet
  facet normal 0.00113229 -0.0174155 -0.999848
    outer loop
      vertex 150.62 0.537183 287.289
      vertex 149.315 11.4727 287.097
      vertex 149.629 11.4598 287.097
    endloop
  endfacet
  facet normal 0.00115781 -0.0174125 -0.999848
    outer loop
      vertex 150.62 0.537183 287.289
      vertex 149.001 11.4659 287.097
      vertex 149.315 11.4727 287.097
    endloop
  endfacet
  facet normal 0.00108784 -0.0174229 -0.999848
    outer loop
      vertex 150.62 0.537183 287.289
      vertex 148.688 11.4393 287.097
      vertex 149.001 11.4659 287.097
    endloop
  endfacet
  facet normal 0.00121071 -0.0174011 -0.999848
    outer loop
      vertex 150.62 0.537183 287.289
      vertex 148.377 11.3931 287.097
      vertex 148.688 11.4393 287.097
    endloop
  endfacet
  facet normal 0.0011349 -0.0174168 -0.999848
    outer loop
      vertex 150.62 0.537183 287.289
      vertex 148.07 11.3276 287.098
      vertex 148.377 11.3931 287.097
    endloop
  endfacet
  facet normal 0.00114452 -0.0174145 -0.999848
    outer loop
      vertex 150.62 0.537183 287.289
      vertex 147.767 11.2429 287.099
      vertex 148.07 11.3276 287.098
    endloop
  endfacet
  facet normal 0.00114257 -0.017415 -0.999848
    outer loop
      vertex 150.62 0.537183 287.289
      vertex 147.471 11.1393 287.101
      vertex 147.767 11.2429 287.099
    endloop
  endfacet
  facet normal 0.00114423 -0.0174123 -0.999848
    outer loop
      vertex 147.055 10.9574 287.103
      vertex 150.62 0.537183 287.289
      vertex 147.406 0.336461 287.289
    endloop
  endfacet
  facet normal 0.0010827 -0.0174144 -0.999848
    outer loop
      vertex 147.055 10.9574 287.103
      vertex 147.406 0.336461 287.289
      vertex 147.302 0.333543 287.289
    endloop
  endfacet
  facet normal 0.00109597 -0.0174288 -0.999848
    outer loop
      vertex 150.62 0.537183 287.289
      vertex 147.055 10.9574 287.103
      vertex 147.471 11.1393 287.101
    endloop
  endfacet
  facet normal 0.00113868 -0.0174131 -0.999848
    outer loop
      vertex 144.095 0.144844 287.288
      vertex 147.055 10.9574 287.103
      vertex 147.302 0.333543 287.289
    endloop
  endfacet
  facet normal 0.00101049 -0.017378 -0.999848
    outer loop
      vertex 143.992 0.142365 287.288
      vertex 147.055 10.9574 287.103
      vertex 144.095 0.144844 287.288
    endloop
  endfacet
  facet normal 0.00114239 -0.0174153 -0.999848
    outer loop
      vertex 140.793 -0.032451 287.288
      vertex 147.055 10.9574 287.103
      vertex 143.992 0.142365 287.288
    endloop
  endfacet
  facet normal 0.00122427 -0.0173294 -0.999849
    outer loop
      vertex 135.396 5.20838 287.19
      vertex 140.793 -0.032451 287.288
      vertex 140.69 -0.0344289 287.287
    endloop
  endfacet
  facet normal 0.00114452 -0.0174099 -0.999848
    outer loop
      vertex 135.396 5.20838 287.19
      vertex 140.69 -0.0344289 287.287
      vertex 137.499 -0.193404 287.287
    endloop
  endfacet
  facet normal 0.00113237 -0.0174147 -0.999848
    outer loop
      vertex 135.396 5.20838 287.19
      vertex 137.499 -0.193404 287.287
      vertex 137.396 -0.194816 287.286
    endloop
  endfacet
  facet normal 0.00114139 -0.0174148 -0.999848
    outer loop
      vertex 140.793 -0.032451 287.288
      vertex 135.396 5.20838 287.19
      vertex 147.055 10.9574 287.103
    endloop
  endfacet
  facet normal 0.00122426 -0.0173807 -0.999848
    outer loop
      vertex 137.396 -0.194816 287.286
      vertex 135.119 5.0607 287.192
      vertex 135.396 5.20838 287.19
    endloop
  endfacet
  facet normal 0.0010573 -0.017453 -0.999847
    outer loop
      vertex 137.396 -0.194816 287.286
      vertex 134.851 4.8959 287.195
      vertex 135.119 5.0607 287.192
    endloop
  endfacet
  facet normal 0.0012148 -0.0173743 -0.999848
    outer loop
      vertex 137.396 -0.194816 287.286
      vertex 134.595 4.71463 287.198
      vertex 134.851 4.8959 287.195
    endloop
  endfacet
  facet normal 0.00108099 -0.0174506 -0.999847
    outer loop
      vertex 137.396 -0.194816 287.286
      vertex 134.35 4.51763 287.201
      vertex 134.595 4.71463 287.198
    endloop
  endfacet
  facet normal 0.00113634 -0.0174224 -0.999848
    outer loop
      vertex 133.509 3.58856 287.216
      vertex 137.396 -0.194816 287.286
      vertex 134.212 -0.335967 287.285
    endloop
  endfacet
  facet normal 0.00116542 -0.017396 -0.999848
    outer loop
      vertex 137.396 -0.194816 287.286
      vertex 134.118 4.30566 287.204
      vertex 134.35 4.51763 287.201
    endloop
  endfacet
  facet normal 0.00132366 -0.0172358 -0.999851
    outer loop
      vertex 132.636 1.26026 287.256
      vertex 134.212 -0.335967 287.285
      vertex 134.109 -0.336744 287.285
    endloop
  endfacet
  facet normal 0.00113199 -0.0174204 -0.999848
    outer loop
      vertex 137.396 -0.194816 287.286
      vertex 133.9 4.07955 287.208
      vertex 134.118 4.30566 287.204
    endloop
  endfacet
  facet normal 0.00113987 -0.0174139 -0.999848
    outer loop
      vertex 137.396 -0.194816 287.286
      vertex 133.697 3.8402 287.212
      vertex 133.9 4.07955 287.208
    endloop
  endfacet
  facet normal 0.00118315 -0.0173743 -0.999848
    outer loop
      vertex 137.396 -0.194816 287.286
      vertex 133.509 3.58856 287.216
      vertex 133.697 3.8402 287.212
    endloop
  endfacet
  facet normal 0.00110076 -0.0174287 -0.999848
    outer loop
      vertex 134.212 -0.335967 287.285
      vertex 133.337 3.32561 287.221
      vertex 133.509 3.58856 287.216
    endloop
  endfacet
  facet normal 0.00116586 -0.0174132 -0.999848
    outer loop
      vertex 134.212 -0.335967 287.285
      vertex 133.182 3.05239 287.225
      vertex 133.337 3.32561 287.221
    endloop
  endfacet
  facet normal 0.00115204 -0.0174174 -0.999848
    outer loop
      vertex 134.212 -0.335967 287.285
      vertex 133.045 2.77001 287.23
      vertex 133.182 3.05239 287.225
    endloop
  endfacet
  facet normal 0.00105898 -0.0174523 -0.999847
    outer loop
      vertex 134.212 -0.335967 287.285
      vertex 132.925 2.47953 287.235
      vertex 133.045 2.77001 287.23
    endloop
  endfacet
  facet normal 0.00113493 -0.0174176 -0.999848
    outer loop
      vertex 134.212 -0.335967 287.285
      vertex 132.825 2.18214 287.24
      vertex 132.925 2.47953 287.235
    endloop
  endfacet
  facet normal 0.00113386 -0.0174182 -0.999848
    outer loop
      vertex 134.212 -0.335967 287.285
      vertex 132.742 1.879 287.245
      vertex 132.825 2.18214 287.24
    endloop
  endfacet
  facet normal 0.00113604 -0.0175624 -0.999845
    outer loop
      vertex 132.714 -0.301916 287.283
      vertex 134.109 -0.336744 287.285
      vertex 132.735 -0.389152 287.285
    endloop
  endfacet
  facet normal 0.00114107 -0.0173612 -0.999849
    outer loop
      vertex 134.109 -0.336744 287.285
      vertex 132.714 -0.301916 287.283
      vertex 132.659 0.00732301 287.278
    endloop
  endfacet
  facet normal 0.00116972 -0.0173944 -0.999848
    outer loop
      vertex 134.212 -0.335967 287.285
      vertex 132.68 1.57129 287.25
      vertex 132.742 1.879 287.245
    endloop
  endfacet
  facet normal 0.00111434 -0.0174738 -0.999847
    outer loop
      vertex 132.624 0.31939 287.272
      vertex 134.109 -0.336744 287.285
      vertex 132.659 0.00732301 287.278
    endloop
  endfacet
  facet normal 0.00113282 -0.0174241 -0.999848
    outer loop
      vertex 134.212 -0.335967 287.285
      vertex 132.636 1.26026 287.256
      vertex 132.68 1.57129 287.25
    endloop
  endfacet
  facet normal 0.00116711 -0.0173544 -0.999849
    outer loop
      vertex 132.608 0.633063 287.267
      vertex 134.109 -0.336744 287.285
      vertex 132.624 0.31939 287.272
    endloop
  endfacet
  facet normal 0.00111507 -0.0174281 -0.999847
    outer loop
      vertex 134.109 -0.336744 287.285
      vertex 132.612 0.947095 287.261
      vertex 132.636 1.26026 287.256
    endloop
  endfacet
  facet normal 0.00113288 -0.0174074 -0.999848
    outer loop
      vertex 134.109 -0.336744 287.285
      vertex 132.608 0.633063 287.267
      vertex 132.612 0.947095 287.261
    endloop
  endfacet
  facet normal -0.569998 -0.821533 0.0136581
    outer loop
      vertex 151.986 10.6688 287.114
      vertex 152.252 10.3749 280.518
      vertex 152.244 10.4898 287.117
    endloop
  endfacet
  facet normal -0.569997 -0.821533 0.0136582
    outer loop
      vertex 152.252 10.3749 280.518
      vertex 151.986 10.6688 287.114
      vertex 151.994 10.5539 280.515
    endloop
  endfacet
  facet normal -0.620465 -0.784127 0.0129489
    outer loop
      vertex 152.244 10.4898 287.117
      vertex 152.498 10.18 280.522
      vertex 152.491 10.295 287.121
    endloop
  endfacet
  facet normal -0.620464 -0.784128 0.012949
    outer loop
      vertex 152.498 10.18 280.522
      vertex 152.244 10.4898 287.117
      vertex 152.252 10.3749 280.518
    endloop
  endfacet
  facet normal -0.405951 -0.913764 0.015452
    outer loop
      vertex 151.152 11.104 287.105
      vertex 151.446 10.8616 280.509
      vertex 151.439 10.9765 287.108
    endloop
  endfacet
  facet normal -0.405933 -0.913772 0.0154531
    outer loop
      vertex 151.446 10.8616 280.509
      vertex 151.152 11.104 287.105
      vertex 151.159 10.9891 280.506
    endloop
  endfacet
  facet normal 0.577141 -0.816509 0.0148811
    outer loop
      vertex 134.603 4.58576 279.799
      vertex 134.851 4.8959 287.195
      vertex 134.595 4.71463 287.198
    endloop
  endfacet
  facet normal 0.577143 -0.816508 0.014881
    outer loop
      vertex 134.851 4.8959 287.195
      vertex 134.603 4.58576 279.799
      vertex 134.86 4.76703 279.796
    endloop
  endfacet
  facet normal 0.470212 -0.88241 0.0159058
    outer loop
      vertex 135.127 4.93183 279.793
      vertex 135.396 5.20838 287.19
      vertex 135.119 5.0607 287.192
    endloop
  endfacet
  facet normal 0.470215 -0.882409 0.0159057
    outer loop
      vertex 135.396 5.20838 287.19
      vertex 135.127 4.93183 279.793
      vertex 135.404 5.07951 279.791
    endloop
  endfacet
  facet normal 0.269697 -0.962794 0.0170778
    outer loop
      vertex 147.775 11.1279 280.5
      vertex 148.07 11.3276 287.098
      vertex 147.767 11.2429 287.099
    endloop
  endfacet
  facet normal 0.26971 -0.96279 0.0170771
    outer loop
      vertex 148.07 11.3276 287.098
      vertex 147.775 11.1279 280.5
      vertex 148.077 11.2126 280.499
    endloop
  endfacet
  facet normal 0.208751 -0.977816 0.0172693
    outer loop
      vertex 148.077 11.2126 280.499
      vertex 148.377 11.3931 287.097
      vertex 148.07 11.3276 287.098
    endloop
  endfacet
  facet normal 0.208751 -0.977816 0.0172693
    outer loop
      vertex 148.377 11.3931 287.097
      vertex 148.077 11.2126 280.499
      vertex 148.385 11.2782 280.498
    endloop
  endfacet
  facet normal 0.946925 -0.321384 0.00667963
    outer loop
      vertex 132.825 2.18214 287.24
      vertex 132.934 2.35066 279.836
      vertex 132.925 2.47953 287.235
    endloop
  endfacet
  facet normal 0.946925 -0.321384 0.00667963
    outer loop
      vertex 132.934 2.35066 279.836
      vertex 132.825 2.18214 287.24
      vertex 132.833 2.05327 279.841
    endloop
  endfacet
  facet normal 0.899145 -0.437565 0.00864682
    outer loop
      vertex 133.045 2.77001 287.23
      vertex 133.191 2.92352 279.826
      vertex 133.182 3.05239 287.225
    endloop
  endfacet
  facet normal 0.899164 -0.437526 0.00864801
    outer loop
      vertex 133.191 2.92352 279.826
      vertex 133.045 2.77001 287.23
      vertex 133.053 2.64114 279.831
    endloop
  endfacet
  facet normal 0.869934 -0.493074 0.00958214
    outer loop
      vertex 133.182 3.05239 287.225
      vertex 133.346 3.19674 279.822
      vertex 133.337 3.32561 287.221
    endloop
  endfacet
  facet normal 0.869914 -0.493111 0.00958098
    outer loop
      vertex 133.346 3.19674 279.822
      vertex 133.182 3.05239 287.225
      vertex 133.191 2.92352 279.826
    endloop
  endfacet
  facet normal 0.837262 -0.546701 0.0104789
    outer loop
      vertex 133.337 3.32561 287.221
      vertex 133.518 3.45969 279.817
      vertex 133.509 3.58856 287.216
    endloop
  endfacet
  facet normal 0.837262 -0.546701 0.0104789
    outer loop
      vertex 133.518 3.45969 279.817
      vertex 133.337 3.32561 287.221
      vertex 133.346 3.19674 279.822
    endloop
  endfacet
  facet normal 0.719934 -0.693923 0.0129076
    outer loop
      vertex 133.9 4.07955 287.208
      vertex 134.127 4.17679 279.805
      vertex 134.118 4.30566 287.204
    endloop
  endfacet
  facet normal 0.719934 -0.693923 0.0129076
    outer loop
      vertex 134.127 4.17679 279.805
      vertex 133.9 4.07955 287.208
      vertex 133.909 3.95068 279.809
    endloop
  endfacet
  facet normal 0.674948 -0.737739 0.0136194
    outer loop
      vertex 134.127 4.17679 279.805
      vertex 134.35 4.51763 287.201
      vertex 134.118 4.30566 287.204
    endloop
  endfacet
  facet normal 0.674925 -0.73776 0.0136211
    outer loop
      vertex 134.35 4.51763 287.201
      vertex 134.127 4.17679 279.805
      vertex 134.359 4.38876 279.802
    endloop
  endfacet
  facet normal -0.00113438 0.0174155 0.999848
    outer loop
      vertex 143.097 8.87239 279.734
      vertex 141.449 -0.0705422 279.888
      vertex 143.674 0.0603498 279.888
    endloop
  endfacet
  facet normal -0.0012173 0.0174307 0.999847
    outer loop
      vertex 143.097 8.87239 279.734
      vertex 141.22 -0.0760639 279.888
      vertex 141.449 -0.0705422 279.888
    endloop
  endfacet
  facet normal -0.00114132 0.0174148 0.999848
    outer loop
      vertex 135.404 5.07951 279.791
      vertex 141.22 -0.0760639 279.888
      vertex 143.097 8.87239 279.734
    endloop
  endfacet
  facet normal -0.00113906 0.0174173 0.999848
    outer loop
      vertex 141.22 -0.0760639 279.888
      vertex 135.404 5.07951 279.791
      vertex 138.125 -0.245188 279.887
    endloop
  endfacet
  facet normal -0.00113514 0.0174193 0.999848
    outer loop
      vertex 138.125 -0.245188 279.887
      vertex 135.404 5.07951 279.791
      vertex 137.896 -0.249593 279.887
    endloop
  endfacet
  facet normal -0.0011349 0.0174195 0.999848
    outer loop
      vertex 135.127 4.93183 279.793
      vertex 137.896 -0.249593 279.887
      vertex 135.404 5.07951 279.791
    endloop
  endfacet
  facet normal -0.00114684 0.0174131 0.999848
    outer loop
      vertex 134.86 4.76703 279.796
      vertex 137.896 -0.249593 279.887
      vertex 135.127 4.93183 279.793
    endloop
  endfacet
  facet normal -0.00113036 0.0174231 0.999848
    outer loop
      vertex 134.603 4.58576 279.799
      vertex 137.896 -0.249593 279.887
      vertex 134.86 4.76703 279.796
    endloop
  endfacet
  facet normal -0.00116468 0.0173997 0.999848
    outer loop
      vertex 134.359 4.38876 279.802
      vertex 137.896 -0.249593 279.887
      vertex 134.603 4.58576 279.799
    endloop
  endfacet
  facet normal -0.00114424 0.0174153 0.999848
    outer loop
      vertex 137.896 -0.249593 279.887
      vertex 134.359 4.38876 279.802
      vertex 134.809 -0.403392 279.886
    endloop
  endfacet
  facet normal -0.00105864 0.0174233 0.999848
    outer loop
      vertex 134.127 4.17679 279.805
      vertex 134.809 -0.403392 279.886
      vertex 134.359 4.38876 279.802
    endloop
  endfacet
  facet normal -0.0011248 0.0174135 0.999848
    outer loop
      vertex 133.909 3.95068 279.809
      vertex 134.809 -0.403392 279.886
      vertex 134.127 4.17679 279.805
    endloop
  endfacet
  facet normal -0.00113655 0.017411 0.999848
    outer loop
      vertex 133.705 3.71133 279.813
      vertex 134.809 -0.403392 279.886
      vertex 133.909 3.95068 279.809
    endloop
  endfacet
  facet normal -0.00120708 0.0173921 0.999848
    outer loop
      vertex 133.518 3.45969 279.817
      vertex 134.809 -0.403392 279.886
      vertex 133.705 3.71133 279.813
    endloop
  endfacet
  facet normal -0.00109966 0.017428 0.999848
    outer loop
      vertex 133.346 3.19674 279.822
      vertex 134.809 -0.403392 279.886
      vertex 133.518 3.45969 279.817
    endloop
  endfacet
  facet normal -0.00115342 0.0174062 0.999848
    outer loop
      vertex 133.191 2.92352 279.826
      vertex 134.809 -0.403392 279.886
      vertex 133.346 3.19674 279.822
    endloop
  endfacet
  facet normal -0.00114127 0.0174121 0.999848
    outer loop
      vertex 133.053 2.64114 279.831
      vertex 134.809 -0.403392 279.886
      vertex 133.191 2.92352 279.826
    endloop
  endfacet
  facet normal -0.00117262 0.017394 0.999848
    outer loop
      vertex 132.934 2.35066 279.836
      vertex 134.809 -0.403392 279.886
      vertex 133.053 2.64114 279.831
    endloop
  endfacet
  facet normal -0.00113692 0.0174183 0.999848
    outer loop
      vertex 132.833 2.05327 279.841
      vertex 134.809 -0.403392 279.886
      vertex 132.934 2.35066 279.836
    endloop
  endfacet
  facet normal -0.00104259 0.0174942 0.999846
    outer loop
      vertex 134.809 -0.403392 279.886
      vertex 132.833 2.05327 279.841
      vertex 134.58 -0.406536 279.886
    endloop
  endfacet
  facet normal -0.00114514 0.0174213 0.999848
    outer loop
      vertex 132.751 1.75013 279.846
      vertex 134.58 -0.406536 279.886
      vertex 132.833 2.05327 279.841
    endloop
  endfacet
  facet normal -0.0010813 0.0174755 0.999847
    outer loop
      vertex 132.688 1.44242 279.851
      vertex 134.58 -0.406536 279.886
      vertex 132.751 1.75013 279.846
    endloop
  endfacet
  facet normal -0.00121603 0.0173376 0.999849
    outer loop
      vertex 132.645 1.13139 279.857
      vertex 134.58 -0.406536 279.886
      vertex 132.688 1.44242 279.851
    endloop
  endfacet
  facet normal -0.00114756 0.0174587 0.999847
    outer loop
      vertex 132.722 -0.430787 279.884
      vertex 134.58 -0.406536 279.886
      vertex 132.667 -0.121548 279.879
    endloop
  endfacet
  facet normal -0.00114469 0.0172388 0.999851
    outer loop
      vertex 134.58 -0.406536 279.886
      vertex 132.722 -0.430787 279.884
      vertex 132.736 -0.488271 279.885
    endloop
  endfacet
  facet normal -0.00114239 0.0174303 0.999847
    outer loop
      vertex 132.621 0.818224 279.862
      vertex 134.58 -0.406536 279.886
      vertex 132.645 1.13139 279.857
    endloop
  endfacet
  facet normal -0.00116065 0.0173709 0.999848
    outer loop
      vertex 134.58 -0.406536 279.886
      vertex 132.632 0.190519 279.873
      vertex 132.667 -0.121548 279.879
    endloop
  endfacet
  facet normal -0.00115656 0.0174076 0.999848
    outer loop
      vertex 132.617 0.504191 279.868
      vertex 134.58 -0.406536 279.886
      vertex 132.621 0.818224 279.862
    endloop
  endfacet
  facet normal -0.00113539 0.0174532 0.999847
    outer loop
      vertex 134.58 -0.406536 279.886
      vertex 132.617 0.504191 279.868
      vertex 132.632 0.190519 279.873
    endloop
  endfacet
  facet normal -0.00113382 0.0173471 0.999849
    outer loop
      vertex 161.636 1.22554 279.888
      vertex 161.839 1.24051 279.888
      vertex 161.622 1.44797 279.884
    endloop
  endfacet
  facet normal 0.993672 0.112317 -0.00082102
    outer loop
      vertex 132.659 0.00732301 287.278
      vertex 132.632 0.190519 279.873
      vertex 132.624 0.31939 287.272
    endloop
  endfacet
  facet normal 0.993672 0.112317 -0.000821018
    outer loop
      vertex 132.632 0.190519 279.873
      vertex 132.659 0.00732301 287.278
      vertex 132.667 -0.121548 279.879
    endloop
  endfacet
  facet normal 0.997124 -0.0757494 0.00245861
    outer loop
      vertex 132.612 0.947095 287.261
      vertex 132.645 1.13139 279.857
      vertex 132.636 1.26026 287.256
    endloop
  endfacet
  facet normal 0.99712 -0.0757978 0.00245739
    outer loop
      vertex 132.645 1.13139 279.857
      vertex 132.612 0.947095 287.261
      vertex 132.621 0.818224 279.862
    endloop
  endfacet
  facet normal 0.990382 -0.138312 0.00354062
    outer loop
      vertex 132.636 1.26026 287.256
      vertex 132.688 1.44242 279.851
      vertex 132.68 1.57129 287.25
    endloop
  endfacet
  facet normal 0.990382 -0.138313 0.00354061
    outer loop
      vertex 132.688 1.44242 279.851
      vertex 132.636 1.26026 287.256
      vertex 132.645 1.13139 279.857
    endloop
  endfacet
  facet normal 0.97174 0.236035 -0.00300162
    outer loop
      vertex 132.736 -0.437463 283.703
      vertex 132.714 -0.301916 287.283
      vertex 132.735 -0.389152 287.285
    endloop
  endfacet
  facet normal 0.971747 0.236004 -0.00300041
    outer loop
      vertex 132.714 -0.301916 287.283
      vertex 132.736 -0.437463 283.703
      vertex 132.722 -0.430787 279.884
    endloop
  endfacet
  facet normal 0.971925 0.235273 -0.00300231
    outer loop
      vertex 132.737 -0.448577 283.262
      vertex 132.722 -0.430787 279.884
      vertex 132.736 -0.437463 283.703
    endloop
  endfacet
  facet normal 0.971756 0.235971 -0.0029979
    outer loop
      vertex 132.722 -0.430787 279.884
      vertex 132.737 -0.448577 283.262
      vertex 132.736 -0.488271 279.885
    endloop
  endfacet
  facet normal -0.69152 -0.722261 0.01179
    outer loop
      vertex 152.724 10.085 287.125
      vertex 161.848 1.25697 281.431
      vertex 161.907 1.29622 287.288
    endloop
  endfacet
  facet normal -0.691519 -0.722262 0.0117919
    outer loop
      vertex 152.732 9.97008 280.526
      vertex 161.848 1.25697 281.431
      vertex 152.724 10.085 287.125
    endloop
  endfacet
  facet normal -0.691524 -0.722257 0.0118046
    outer loop
      vertex 161.848 1.25697 281.431
      vertex 161.621 1.4619 280.684
      vertex 161.848 1.24678 280.827
    endloop
  endfacet
  facet normal -0.691519 -0.722261 0.0118021
    outer loop
      vertex 161.848 1.25697 281.431
      vertex 152.732 9.97008 280.526
      vertex 161.621 1.4619 280.684
    endloop
  endfacet
  facet normal -0.691519 -0.722262 0.0117893
    outer loop
      vertex 161.621 1.4619 280.684
      vertex 161.839 1.24051 279.888
      vertex 161.848 1.24678 280.827
    endloop
  endfacet
  facet normal -0.69152 -0.722261 0.0117888
    outer loop
      vertex 161.839 1.24051 279.888
      vertex 161.621 1.4619 280.684
      vertex 161.622 1.44797 279.884
    endloop
  endfacet
  facet normal -0.227549 -0.973623 0.0166984
    outer loop
      vertex 150.251 11.3752 287.1
      vertex 150.564 11.1888 280.502
      vertex 150.557 11.3037 287.101
    endloop
  endfacet
  facet normal -0.227538 -0.973626 0.016699
    outer loop
      vertex 150.564 11.1888 280.502
      vertex 150.251 11.3752 287.1
      vertex 150.258 11.2603 280.501
    endloop
  endfacet
  facet normal -0.288208 -0.957428 0.016347
    outer loop
      vertex 150.557 11.3037 287.101
      vertex 150.865 11.0983 280.504
      vertex 150.857 11.2132 287.103
    endloop
  endfacet
  facet normal -0.288208 -0.957428 0.016347
    outer loop
      vertex 150.865 11.0983 280.504
      vertex 150.557 11.3037 287.101
      vertex 150.564 11.1888 280.502
    endloop
  endfacet
  facet normal -0.0410441 -0.999007 0.0173534
    outer loop
      vertex 149.315 11.4727 287.097
      vertex 149.636 11.3449 280.498
      vertex 149.629 11.4598 287.097
    endloop
  endfacet
  facet normal -0.0410411 -0.999007 0.0173536
    outer loop
      vertex 149.636 11.3449 280.498
      vertex 149.315 11.4727 287.097
      vertex 149.322 11.3578 280.498
    endloop
  endfacet
  facet normal -0.10365 -0.994465 0.0172028
    outer loop
      vertex 149.629 11.4598 287.097
      vertex 149.949 11.3124 280.499
      vertex 149.941 11.4273 287.098
    endloop
  endfacet
  facet normal -0.10365 -0.994465 0.0172028
    outer loop
      vertex 149.949 11.3124 280.499
      vertex 149.629 11.4598 287.097
      vertex 149.636 11.3449 280.498
    endloop
  endfacet
  facet normal 0.965255 -0.261247 0.00565313
    outer loop
      vertex 132.742 1.879 287.245
      vertex 132.833 2.05327 279.841
      vertex 132.825 2.18214 287.24
    endloop
  endfacet
  facet normal 0.965243 -0.261292 0.00565191
    outer loop
      vertex 132.833 2.05327 279.841
      vertex 132.742 1.879 287.245
      vertex 132.751 1.75013 279.846
    endloop
  endfacet
  facet normal 0.801222 -0.59826 0.0113357
    outer loop
      vertex 133.509 3.58856 287.216
      vertex 133.705 3.71133 279.813
      vertex 133.697 3.8402 287.212
    endloop
  endfacet
  facet normal 0.801222 -0.598259 0.0113357
    outer loop
      vertex 133.705 3.71133 279.813
      vertex 133.509 3.58856 287.216
      vertex 133.518 3.45969 279.817
    endloop
  endfacet
  facet normal 0.762101 -0.647344 0.0121444
    outer loop
      vertex 133.697 3.8402 287.212
      vertex 133.909 3.95068 279.809
      vertex 133.9 4.07955 287.208
    endloop
  endfacet
  facet normal 0.762126 -0.647315 0.0121455
    outer loop
      vertex 133.909 3.95068 279.809
      vertex 133.697 3.8402 287.212
      vertex 133.705 3.71133 279.813
    endloop
  endfacet
  facet normal 0.998764 0.0497077 0.000275314
    outer loop
      vertex 132.624 0.31939 287.272
      vertex 132.617 0.504191 279.868
      vertex 132.608 0.633063 287.267
    endloop
  endfacet
  facet normal 0.998764 0.0497078 0.000275315
    outer loop
      vertex 132.617 0.504191 279.868
      vertex 132.624 0.31939 287.272
      vertex 132.632 0.190519 279.873
    endloop
  endfacet
  facet normal 0.999913 -0.0130943 0.00136843
    outer loop
      vertex 132.608 0.633063 287.267
      vertex 132.621 0.818224 279.862
      vertex 132.612 0.947095 287.261
    endloop
  endfacet
  facet normal 0.999914 -0.0130457 0.00136964
    outer loop
      vertex 132.621 0.818224 279.862
      vertex 132.608 0.633063 287.267
      vertex 132.617 0.504191 279.868
    endloop
  endfacet
  facet normal -0.962031 -0.0654049 0.264987
    outer loop
      vertex 32.4181 0 122.348
      vertex 16.8867 0.156631 66
      vertex 16.8974 0 66
    endloop
  endfacet
  facet normal -0.962032 -0.0653855 0.264988
    outer loop
      vertex 16.8867 0.156631 66
      vertex 32.4181 0 122.348
      vertex 32.4082 0.156631 122.35
    endloop
  endfacet
  facet normal -0.426412 0.896871 0.117454
    outer loop
      vertex 16.275 -1.03923 66
      vertex 31.7039 -1.10865 122.544
      vertex 31.8396 -1.03923 122.507
    endloop
  endfacet
  facet normal -0.426407 0.896874 0.117452
    outer loop
      vertex 31.7039 -1.10865 122.544
      vertex 16.275 -1.03923 66
      vertex 16.129 -1.10865 66
    endloop
  endfacet
  facet normal -0.265561 0 -0.964094
    outer loop
      vertex 32.179 -0.730514 122.413
      vertex 32.33 0.45922 122.372
      vertex 32.33 -0.45922 122.372
    endloop
  endfacet
  facet normal -0.265561 0 -0.964094
    outer loop
      vertex 32.33 0.45922 122.372
      vertex 32.179 -0.730514 122.413
      vertex 32.179 0.730514 122.413
    endloop
  endfacet
  facet normal -0.0630559 -0.997859 0.0173685
    outer loop
      vertex 15.8151 1.18973 66
      vertex 31.2611 1.2 122.666
      vertex 15.6527 1.2 66
    endloop
  endfacet
  facet normal -0.0630552 -0.997859 0.0173683
    outer loop
      vertex 31.2611 1.2 122.666
      vertex 15.8151 1.18973 66
      vertex 31.4122 1.18973 122.625
    endloop
  endfacet
  facet normal -0.265558 8.99426e-005 -0.964095
    outer loop
      vertex 31.5606 -1.15911 122.584
      vertex 31.2611 -1.2 122.666
      vertex 30.9617 -1.15911 122.749
    endloop
  endfacet
  facet normal -0.912936 -0.321423 0.251465
    outer loop
      vertex 32.3786 0.310582 122.358
      vertex 16.8026 0.45922 66
      vertex 16.8314 0.377427 66
    endloop
  endfacet
  facet normal -0.912937 -0.321421 0.251465
    outer loop
      vertex 16.8026 0.45922 66
      vertex 32.3786 0.310582 122.358
      vertex 32.33 0.45922 122.372
    endloop
  endfacet
  facet normal 0.309894 -0.946932 -0.085359
    outer loop
      vertex 15.3305 1.15911 66
      vertex 30.8184 1.10865 122.788
      vertex 15.1764 1.10865 66
    endloop
  endfacet
  facet normal 0.309897 -0.946931 -0.0853599
    outer loop
      vertex 30.8184 1.10865 122.788
      vertex 15.3305 1.15911 66
      vertex 30.9617 1.15911 122.749
    endloop
  endfacet
  facet normal 0.801619 0.555566 -0.220803
    outer loop
      vertex 30.2592 -0.599999 122.942
      vertex 14.6158 -0.659285 66
      vertex 14.5747 -0.599999 66
    endloop
  endfacet
  facet normal 0.801619 -0.555566 -0.220803
    outer loop
      vertex 14.6158 0.659285 66
      vertex 30.2592 0.599999 122.942
      vertex 14.5747 0.599999 66
    endloop
  endfacet
  facet normal 0.801616 -0.555571 -0.220802
    outer loop
      vertex 30.3433 0.730514 122.919
      vertex 14.6158 0.659285 66
      vertex 14.6652 0.730514 66
    endloop
  endfacet
  facet normal 0.801612 -0.555577 -0.220801
    outer loop
      vertex 14.6158 0.659285 66
      vertex 30.3433 0.730514 122.919
      vertex 30.2592 0.599999 122.942
    endloop
  endfacet
  facet normal -0.265858 -0.000176423 -0.964012
    outer loop
      vertex 30.3433 -0.730514 122.919
      vertex 30.2592 -0.599999 122.942
      vertex 30.1923 -0.45922 122.961
    endloop
  endfacet
  facet normal 0.535626 -0.831467 -0.147536
    outer loop
      vertex 14.9689 0.99968 66
      vertex 30.5569 0.952024 122.86
      vertex 14.895 0.952024 66
    endloop
  endfacet
  facet normal 0.535623 -0.83147 -0.147535
    outer loop
      vertex 30.5569 0.952024 122.86
      vertex 14.9689 0.99968 66
      vertex 30.6827 1.03923 122.826
    endloop
  endfacet
  facet normal 0.535624 0.831469 -0.147535
    outer loop
      vertex 30.6827 -1.03923 122.826
      vertex 15.0303 -1.03923 66
      vertex 14.9689 -0.99968 66
    endloop
  endfacet
  facet normal -0.265556 0 -0.964095
    outer loop
      vertex 30.1923 -0.45922 122.961
      vertex 32.179 0.730514 122.413
      vertex 32.179 -0.730514 122.413
    endloop
  endfacet
  facet normal -0.265556 0 -0.964095
    outer loop
      vertex 32.179 0.730514 122.413
      vertex 30.1923 -0.45922 122.961
      vertex 30.1923 0.45922 122.961
    endloop
  endfacet
  facet normal -0.265557 -4.84216e-005 -0.964095
    outer loop
      vertex 31.7039 -1.10865 122.544
      vertex 30.9617 -1.15911 122.749
      vertex 30.6827 -1.03923 122.826
    endloop
  endfacet
  facet normal -0.265416 3.74505e-005 -0.964134
    outer loop
      vertex 30.1923 -0.45922 122.961
      vertex 30.1437 -0.310582 122.974
      vertex 30.1042 0 122.985
    endloop
  endfacet
  facet normal 0.91293 0.321442 -0.251463
    outer loop
      vertex 30.1923 -0.45922 122.961
      vertex 14.4504 -0.310582 66
      vertex 30.1437 -0.310582 122.974
    endloop
  endfacet
  facet normal 0.912934 0.321429 -0.251464
    outer loop
      vertex 14.4504 -0.310582 66
      vertex 30.1923 -0.45922 122.961
      vertex 14.4789 -0.39166 66
    endloop
  endfacet
  facet normal 0.912931 0.32144 -0.251463
    outer loop
      vertex 30.1923 -0.45922 122.961
      vertex 14.5027 -0.45922 66
      vertex 14.4789 -0.39166 66
    endloop
  endfacet
  facet normal -0.724841 0.659351 0.199654
    outer loop
      vertex 16.5328 -0.848528 66
      vertex 32.179 -0.730514 122.413
      vertex 16.5918 -0.783645 66
    endloop
  endfacet
  facet normal -0.724838 0.659355 0.199654
    outer loop
      vertex 32.179 -0.730514 122.413
      vertex 16.5328 -0.848528 66
      vertex 32.0792 -0.848528 122.441
    endloop
  endfacet
  facet normal -0.26528 0.000168068 -0.964171
    outer loop
      vertex 32.2631 0.599999 122.39
      vertex 32.33 0.45922 122.372
      vertex 32.179 0.730514 122.413
    endloop
  endfacet
  facet normal 0.864669 0.442292 -0.23817
    outer loop
      vertex 30.2592 -0.599999 122.942
      vertex 14.5747 -0.599999 66
      vertex 14.542 -0.53603 66
    endloop
  endfacet
  facet normal 0.94557 -0.195095 -0.260453
    outer loop
      vertex 14.4331 0.22662 66
      vertex 30.1141 0.156631 122.982
      vertex 14.4186 0.156631 66
    endloop
  endfacet
  facet normal -0.265597 -0 -0.964084
    outer loop
      vertex 30.1923 0.45922 122.961
      vertex 30.1923 -0.45922 122.961
      vertex 30.1042 0 122.985
    endloop
  endfacet
  facet normal 0.535624 -0.831469 -0.147535
    outer loop
      vertex 15.0303 1.03923 66
      vertex 30.6827 1.03923 122.826
      vertex 14.9689 0.99968 66
    endloop
  endfacet
  facet normal -0.864668 -0.442295 0.238169
    outer loop
      vertex 32.33 0.45922 122.372
      vertex 16.7306 0.599999 66
      vertex 16.7702 0.522549 66
    endloop
  endfacet
  facet normal -0.864667 -0.442297 0.238169
    outer loop
      vertex 16.7306 0.599999 66
      vertex 32.33 0.45922 122.372
      vertex 32.2631 0.599999 122.39
    endloop
  endfacet
  facet normal -0.265554 -5.97237e-006 -0.964096
    outer loop
      vertex 30.3433 0.730514 122.919
      vertex 31.7039 1.10865 122.544
      vertex 30.1923 0.45922 122.961
    endloop
  endfacet
  facet normal -0.265556 2.27144e-007 -0.964095
    outer loop
      vertex 31.7039 1.10865 122.544
      vertex 32.179 0.730514 122.413
      vertex 30.1923 0.45922 122.961
    endloop
  endfacet
  facet normal -0.864668 0.442295 0.238169
    outer loop
      vertex 16.7306 -0.599999 66
      vertex 32.33 -0.45922 122.372
      vertex 16.7702 -0.522549 66
    endloop
  endfacet
  facet normal -0.864667 0.442297 0.238169
    outer loop
      vertex 32.33 -0.45922 122.372
      vertex 16.7306 -0.599999 66
      vertex 32.2631 -0.599999 122.39
    endloop
  endfacet
  facet normal -0.30989 0.946933 0.0853579
    outer loop
      vertex 16.129 -1.10865 66
      vertex 31.5606 -1.15911 122.584
      vertex 31.7039 -1.10865 122.544
    endloop
  endfacet
  facet normal -0.309896 0.946931 0.0853594
    outer loop
      vertex 31.5606 -1.15911 122.584
      vertex 16.129 -1.10865 66
      vertex 15.9748 -1.15911 66
    endloop
  endfacet
  facet normal -0.265512 1.01927e-005 -0.964107
    outer loop
      vertex 32.3786 0.310582 122.358
      vertex 32.4082 0.156631 122.35
      vertex 32.33 0.45922 122.372
    endloop
  endfacet
  facet normal -0.535623 0.83147 0.147535
    outer loop
      vertex 16.3494 -0.991328 66
      vertex 31.8396 -1.03923 122.507
      vertex 31.9654 -0.952024 122.472
    endloop
  endfacet
  facet normal -0.535627 0.831466 0.147536
    outer loop
      vertex 31.8396 -1.03923 122.507
      vertex 16.3494 -0.991328 66
      vertex 16.275 -1.03923 66
    endloop
  endfacet
  facet normal -0.265558 3.8469e-005 -0.964095
    outer loop
      vertex 31.5606 1.15911 122.584
      vertex 31.7039 1.10865 122.544
      vertex 30.9617 1.15911 122.749
    endloop
  endfacet
  facet normal -0.265358 4.52856e-005 -0.96415
    outer loop
      vertex 30.1437 -0.310582 122.974
      vertex 30.1141 -0.156631 122.982
      vertex 30.1042 0 122.985
    endloop
  endfacet
  facet normal -0.265554 5.96938e-006 -0.964096
    outer loop
      vertex 31.7039 -1.10865 122.544
      vertex 30.6827 -1.03923 122.826
      vertex 30.3433 -0.730514 122.919
    endloop
  endfacet
  facet normal -0.265475 0.000109892 -0.964118
    outer loop
      vertex 32.0792 0.848528 122.441
      vertex 32.179 0.730514 122.413
      vertex 31.7039 1.10865 122.544
    endloop
  endfacet
  facet normal -0.945571 -0.195087 0.260454
    outer loop
      vertex 32.4082 0.156631 122.35
      vertex 16.8692 0.241359 66
      vertex 16.8867 0.156631 66
    endloop
  endfacet
  facet normal -0.945568 -0.195106 0.260453
    outer loop
      vertex 16.8692 0.241359 66
      vertex 32.4082 0.156631 122.35
      vertex 32.3786 0.310582 122.358
    endloop
  endfacet
  facet normal 0.864676 -0.442277 -0.238172
    outer loop
      vertex 14.5027 0.45922 66
      vertex 30.2592 0.599999 122.942
      vertex 30.1923 0.45922 122.961
    endloop
  endfacet
  facet normal 0.864669 -0.442292 -0.23817
    outer loop
      vertex 30.2592 0.599999 122.942
      vertex 14.5027 0.45922 66
      vertex 14.542 0.53603 66
    endloop
  endfacet
  facet normal 0.962031 -0.06541 -0.264987
    outer loop
      vertex 14.408 0 66
      vertex 30.1141 0.156631 122.982
      vertex 30.1042 0 122.985
    endloop
  endfacet
  facet normal 0.962031 -0.0653991 -0.264988
    outer loop
      vertex 30.1141 0.156631 122.982
      vertex 14.408 0 66
      vertex 14.4186 0.156631 66
    endloop
  endfacet
  facet normal 0.94557 0.195094 -0.260453
    outer loop
      vertex 30.1437 -0.310582 122.974
      vertex 14.4331 -0.22662 66
      vertex 30.1141 -0.156631 122.982
    endloop
  endfacet
  facet normal 0.94557 0.195094 -0.260453
    outer loop
      vertex 14.4331 -0.22662 66
      vertex 30.1437 -0.310582 122.974
      vertex 14.4504 -0.310582 66
    endloop
  endfacet
  facet normal -0.265472 -0.000164673 -0.964119
    outer loop
      vertex 30.8184 1.10865 122.788
      vertex 30.9617 1.15911 122.749
      vertex 30.6827 1.03923 122.826
    endloop
  endfacet
  facet normal 0.0630555 -0.997859 -0.0173684
    outer loop
      vertex 15.6527 1.2 66
      vertex 31.1101 1.18973 122.708
      vertex 15.4902 1.18973 66
    endloop
  endfacet
  facet normal 0.063056 -0.997859 -0.0173685
    outer loop
      vertex 31.1101 1.18973 122.708
      vertex 15.6527 1.2 66
      vertex 31.2611 1.2 122.666
    endloop
  endfacet
  facet normal -0.724856 -0.659334 0.199659
    outer loop
      vertex 16.6402 0.730514 66
      vertex 32.179 0.730514 122.413
      vertex 16.5918 0.783645 66
    endloop
  endfacet
  facet normal 0.912931 -0.32144 -0.251463
    outer loop
      vertex 14.5027 0.45922 66
      vertex 30.1923 0.45922 122.961
      vertex 14.4789 0.39166 66
    endloop
  endfacet
  facet normal 0.864669 -0.442292 -0.23817
    outer loop
      vertex 14.5747 0.599999 66
      vertex 30.2592 0.599999 122.942
      vertex 14.542 0.53603 66
    endloop
  endfacet
  facet normal -0.945571 0.195087 0.260454
    outer loop
      vertex 16.8692 -0.241359 66
      vertex 32.4082 -0.156631 122.35
      vertex 16.8867 -0.156631 66
    endloop
  endfacet
  facet normal -0.945568 0.195106 0.260453
    outer loop
      vertex 32.4082 -0.156631 122.35
      vertex 16.8692 -0.241359 66
      vertex 32.3786 -0.310582 122.358
    endloop
  endfacet
  facet normal -0.265512 -1.01927e-005 -0.964107
    outer loop
      vertex 32.4082 -0.156631 122.35
      vertex 32.3786 -0.310582 122.358
      vertex 32.33 -0.45922 122.372
    endloop
  endfacet
  facet normal -0.265554 5.97237e-006 -0.964096
    outer loop
      vertex 31.7039 -1.10865 122.544
      vertex 30.3433 -0.730514 122.919
      vertex 30.1923 -0.45922 122.961
    endloop
  endfacet
  facet normal -0.265475 -0.000109892 -0.964118
    outer loop
      vertex 32.179 -0.730514 122.413
      vertex 32.0792 -0.848528 122.441
      vertex 31.7039 -1.10865 122.544
    endloop
  endfacet
  facet normal -0.26528 -0.000168068 -0.964171
    outer loop
      vertex 32.33 -0.45922 122.372
      vertex 32.2631 -0.599999 122.39
      vertex 32.179 -0.730514 122.413
    endloop
  endfacet
  facet normal 0.18809 0.980784 -0.0518086
    outer loop
      vertex 30.9617 -1.15911 122.749
      vertex 15.4028 -1.17297 66
      vertex 15.3305 -1.15911 66
    endloop
  endfacet
  facet normal 0.063056 0.997859 -0.0173685
    outer loop
      vertex 15.6527 -1.2 66
      vertex 31.1101 -1.18973 122.708
      vertex 31.2611 -1.2 122.666
    endloop
  endfacet
  facet normal 0.0630555 0.997859 -0.0173684
    outer loop
      vertex 31.1101 -1.18973 122.708
      vertex 15.6527 -1.2 66
      vertex 15.4902 -1.18973 66
    endloop
  endfacet
  facet normal 0.635667 0.751845 -0.175092
    outer loop
      vertex 30.4431 -0.848528 122.892
      vertex 14.8281 -0.895495 66
      vertex 14.7725 -0.848528 66
    endloop
  endfacet
  facet normal -0.0630552 0.997859 0.0173683
    outer loop
      vertex 15.8151 -1.18973 66
      vertex 31.2611 -1.2 122.666
      vertex 31.4122 -1.18973 122.625
    endloop
  endfacet
  facet normal -0.0630559 0.997859 0.0173685
    outer loop
      vertex 31.2611 -1.2 122.666
      vertex 15.8151 -1.18973 66
      vertex 15.6527 -1.2 66
    endloop
  endfacet
  facet normal -0.309896 -0.946931 0.0853594
    outer loop
      vertex 16.129 1.10865 66
      vertex 31.5606 1.15911 122.584
      vertex 15.9748 1.15911 66
    endloop
  endfacet
  facet normal -0.30989 -0.946933 0.0853579
    outer loop
      vertex 31.5606 1.15911 122.584
      vertex 16.129 1.10865 66
      vertex 31.7039 1.10865 122.544
    endloop
  endfacet
  facet normal -0.265557 4.84216e-005 -0.964095
    outer loop
      vertex 30.9617 1.15911 122.749
      vertex 31.7039 1.10865 122.544
      vertex 30.6827 1.03923 122.826
    endloop
  endfacet
  facet normal -0.265558 -8.99426e-005 -0.964095
    outer loop
      vertex 31.2611 1.2 122.666
      vertex 31.5606 1.15911 122.584
      vertex 30.9617 1.15911 122.749
    endloop
  endfacet
  facet normal -0.188089 -0.980785 0.0518082
    outer loop
      vertex 15.8873 1.1759 66
      vertex 31.4122 1.18973 122.625
      vertex 15.8151 1.18973 66
    endloop
  endfacet
  facet normal -0.265554 -5.96938e-006 -0.964096
    outer loop
      vertex 30.6827 1.03923 122.826
      vertex 31.7039 1.10865 122.544
      vertex 30.3433 0.730514 122.919
    endloop
  endfacet
  facet normal -0.265858 0.000176423 -0.964012
    outer loop
      vertex 30.2592 0.599999 122.942
      vertex 30.3433 0.730514 122.919
      vertex 30.1923 0.45922 122.961
    endloop
  endfacet
  facet normal 0.63567 0.751842 -0.175093
    outer loop
      vertex 14.895 -0.952024 66
      vertex 30.4431 -0.848528 122.892
      vertex 30.5569 -0.952024 122.86
    endloop
  endfacet
  facet normal 0.635673 0.751839 -0.175094
    outer loop
      vertex 30.4431 -0.848528 122.892
      vertex 14.895 -0.952024 66
      vertex 14.8281 -0.895495 66
    endloop
  endfacet
  facet normal -0.265556 -2.27144e-007 -0.964095
    outer loop
      vertex 32.179 -0.730514 122.413
      vertex 31.7039 -1.10865 122.544
      vertex 30.1923 -0.45922 122.961
    endloop
  endfacet
  facet normal -0.912928 -0.321448 0.251462
    outer loop
      vertex 16.855 0.310582 66
      vertex 32.3786 0.310582 122.358
      vertex 16.8314 0.377427 66
    endloop
  endfacet
  facet normal -0.94557 -0.195092 0.260453
    outer loop
      vertex 16.8692 0.241359 66
      vertex 32.3786 0.310582 122.358
      vertex 16.855 0.310582 66
    endloop
  endfacet
  facet normal -0.265549 0 -0.964097
    outer loop
      vertex 32.33 -0.45922 122.372
      vertex 32.4082 0.156631 122.35
      vertex 32.4082 -0.156631 122.35
    endloop
  endfacet
  facet normal -0.265549 0 -0.964097
    outer loop
      vertex 32.4082 0.156631 122.35
      vertex 32.33 -0.45922 122.372
      vertex 32.33 0.45922 122.372
    endloop
  endfacet
  facet normal 0.94557 -0.195094 -0.260453
    outer loop
      vertex 30.1437 0.310582 122.974
      vertex 14.4331 0.22662 66
      vertex 14.4504 0.310582 66
    endloop
  endfacet
  facet normal 0.94557 -0.195094 -0.260453
    outer loop
      vertex 14.4331 0.22662 66
      vertex 30.1437 0.310582 122.974
      vertex 30.1141 0.156631 122.982
    endloop
  endfacet
  facet normal -0.265358 -4.52856e-005 -0.96415
    outer loop
      vertex 30.1141 0.156631 122.982
      vertex 30.1437 0.310582 122.974
      vertex 30.1042 0 122.985
    endloop
  endfacet
  facet normal 0.864676 0.442277 -0.238172
    outer loop
      vertex 30.2592 -0.599999 122.942
      vertex 14.5027 -0.45922 66
      vertex 30.1923 -0.45922 122.961
    endloop
  endfacet
  facet normal 0.864669 0.442292 -0.23817
    outer loop
      vertex 14.5027 -0.45922 66
      vertex 30.2592 -0.599999 122.942
      vertex 14.542 -0.53603 66
    endloop
  endfacet
  facet normal 0.18809 -0.980784 -0.0518086
    outer loop
      vertex 15.4028 1.17297 66
      vertex 30.9617 1.15911 122.749
      vertex 15.3305 1.15911 66
    endloop
  endfacet
  facet normal -0.265551 -2.59007e-005 -0.964097
    outer loop
      vertex 30.5569 0.952024 122.86
      vertex 30.6827 1.03923 122.826
      vertex 30.4431 0.848528 122.892
    endloop
  endfacet
  facet normal 0.635673 -0.751839 -0.175094
    outer loop
      vertex 14.895 0.952024 66
      vertex 30.4431 0.848528 122.892
      vertex 14.8281 0.895495 66
    endloop
  endfacet
  facet normal 0.63567 -0.751842 -0.175093
    outer loop
      vertex 30.4431 0.848528 122.892
      vertex 14.895 0.952024 66
      vertex 30.5569 0.952024 122.86
    endloop
  endfacet
  facet normal -0.94557 0.195092 0.260453
    outer loop
      vertex 32.3786 -0.310582 122.358
      vertex 16.8692 -0.241359 66
      vertex 16.855 -0.310582 66
    endloop
  endfacet
  facet normal -0.912928 0.321448 0.251462
    outer loop
      vertex 32.3786 -0.310582 122.358
      vertex 16.855 -0.310582 66
      vertex 16.8314 -0.377427 66
    endloop
  endfacet
  facet normal -0.535622 0.83147 0.147535
    outer loop
      vertex 31.9654 -0.952024 122.472
      vertex 16.4104 -0.952024 66
      vertex 16.3494 -0.991328 66
    endloop
  endfacet
  facet normal -0.635671 0.751841 0.175093
    outer loop
      vertex 31.9654 -0.952024 122.472
      vertex 16.4655 -0.905402 66
      vertex 16.4104 -0.952024 66
    endloop
  endfacet
  facet normal -0.801618 0.555567 0.220802
    outer loop
      vertex 32.179 -0.730514 122.413
      vertex 16.6809 -0.671779 66
      vertex 16.6402 -0.730514 66
    endloop
  endfacet
  facet normal -0.724856 0.659334 0.199659
    outer loop
      vertex 32.179 -0.730514 122.413
      vertex 16.6402 -0.730514 66
      vertex 16.5918 -0.783645 66
    endloop
  endfacet
  facet normal -0.801616 0.55557 0.220802
    outer loop
      vertex 16.6809 -0.671779 66
      vertex 32.2631 -0.599999 122.39
      vertex 16.7306 -0.599999 66
    endloop
  endfacet
  facet normal -0.801618 0.555568 0.220802
    outer loop
      vertex 32.2631 -0.599999 122.39
      vertex 16.6809 -0.671779 66
      vertex 32.179 -0.730514 122.413
    endloop
  endfacet
  facet normal -0.864666 0.4423 0.238169
    outer loop
      vertex 32.33 -0.45922 122.372
      vertex 16.8026 -0.45922 66
      vertex 16.7702 -0.522549 66
    endloop
  endfacet
  facet normal 0.188088 0.980785 -0.051808
    outer loop
      vertex 15.4902 -1.18973 66
      vertex 30.9617 -1.15911 122.749
      vertex 31.1101 -1.18973 122.708
    endloop
  endfacet
  facet normal 0.18809 0.980784 -0.0518086
    outer loop
      vertex 30.9617 -1.15911 122.749
      vertex 15.4902 -1.18973 66
      vertex 15.4028 -1.17297 66
    endloop
  endfacet
  facet normal -0.265558 8.64459e-005 -0.964095
    outer loop
      vertex 31.2611 -1.2 122.666
      vertex 31.1101 -1.18973 122.708
      vertex 30.9617 -1.15911 122.749
    endloop
  endfacet
  facet normal 0.426408 0.896873 -0.117452
    outer loop
      vertex 15.1764 -1.10865 66
      vertex 30.6827 -1.03923 122.826
      vertex 30.8184 -1.10865 122.788
    endloop
  endfacet
  facet normal 0.426407 0.896874 -0.117452
    outer loop
      vertex 30.6827 -1.03923 122.826
      vertex 15.1764 -1.10865 66
      vertex 15.0303 -1.03923 66
    endloop
  endfacet
  facet normal -0.188089 0.980785 0.0518082
    outer loop
      vertex 31.4122 -1.18973 122.625
      vertex 15.8873 -1.1759 66
      vertex 15.8151 -1.18973 66
    endloop
  endfacet
  facet normal -0.188092 0.980784 0.0518093
    outer loop
      vertex 15.9748 -1.15911 66
      vertex 31.4122 -1.18973 122.625
      vertex 31.5606 -1.15911 122.584
    endloop
  endfacet
  facet normal -0.188089 0.980785 0.0518084
    outer loop
      vertex 31.4122 -1.18973 122.625
      vertex 15.9748 -1.15911 66
      vertex 15.8873 -1.1759 66
    endloop
  endfacet
  facet normal -0.265575 0.000222866 -0.96409
    outer loop
      vertex 31.5606 -1.15911 122.584
      vertex 31.4122 -1.18973 122.625
      vertex 31.2611 -1.2 122.666
    endloop
  endfacet
  facet normal -0.63567 -0.751842 0.175093
    outer loop
      vertex 16.5328 0.848528 66
      vertex 31.9654 0.952024 122.472
      vertex 16.4655 0.905402 66
    endloop
  endfacet
  facet normal -0.635676 -0.751837 0.175094
    outer loop
      vertex 31.9654 0.952024 122.472
      vertex 16.5328 0.848528 66
      vertex 32.0792 0.848528 122.441
    endloop
  endfacet
  facet normal -0.426407 -0.896874 0.117452
    outer loop
      vertex 16.275 1.03923 66
      vertex 31.7039 1.10865 122.544
      vertex 16.129 1.10865 66
    endloop
  endfacet
  facet normal -0.426412 -0.896871 0.117454
    outer loop
      vertex 31.7039 1.10865 122.544
      vertex 16.275 1.03923 66
      vertex 31.8396 1.03923 122.507
    endloop
  endfacet
  facet normal -0.265576 -4.71779e-005 -0.96409
    outer loop
      vertex 31.8396 1.03923 122.507
      vertex 32.0792 0.848528 122.441
      vertex 31.7039 1.10865 122.544
    endloop
  endfacet
  facet normal 0.18809 -0.980784 -0.0518086
    outer loop
      vertex 15.4902 1.18973 66
      vertex 30.9617 1.15911 122.749
      vertex 15.4028 1.17297 66
    endloop
  endfacet
  facet normal 0.188088 -0.980785 -0.051808
    outer loop
      vertex 30.9617 1.15911 122.749
      vertex 15.4902 1.18973 66
      vertex 31.1101 1.18973 122.708
    endloop
  endfacet
  facet normal -0.265558 -8.64459e-005 -0.964095
    outer loop
      vertex 31.1101 1.18973 122.708
      vertex 31.2611 1.2 122.666
      vertex 30.9617 1.15911 122.749
    endloop
  endfacet
  facet normal -0.188089 -0.980785 0.0518084
    outer loop
      vertex 15.9748 1.15911 66
      vertex 31.4122 1.18973 122.625
      vertex 15.8873 1.1759 66
    endloop
  endfacet
  facet normal -0.188092 -0.980784 0.0518093
    outer loop
      vertex 31.4122 1.18973 122.625
      vertex 15.9748 1.15911 66
      vertex 31.5606 1.15911 122.584
    endloop
  endfacet
  facet normal -0.265575 -0.000222866 -0.96409
    outer loop
      vertex 31.4122 1.18973 122.625
      vertex 31.5606 1.15911 122.584
      vertex 31.2611 1.2 122.666
    endloop
  endfacet
  facet normal 0.91293 -0.321442 -0.251463
    outer loop
      vertex 14.4504 0.310582 66
      vertex 30.1923 0.45922 122.961
      vertex 30.1437 0.310582 122.974
    endloop
  endfacet
  facet normal 0.912934 -0.321429 -0.251464
    outer loop
      vertex 30.1923 0.45922 122.961
      vertex 14.4504 0.310582 66
      vertex 14.4789 0.39166 66
    endloop
  endfacet
  facet normal -0.265416 -3.74505e-005 -0.964134
    outer loop
      vertex 30.1437 0.310582 122.974
      vertex 30.1923 0.45922 122.961
      vertex 30.1042 0 122.985
    endloop
  endfacet
  facet normal 0.535623 0.83147 -0.147535
    outer loop
      vertex 14.9689 -0.99968 66
      vertex 30.5569 -0.952024 122.86
      vertex 30.6827 -1.03923 122.826
    endloop
  endfacet
  facet normal 0.535626 0.831467 -0.147536
    outer loop
      vertex 30.5569 -0.952024 122.86
      vertex 14.9689 -0.99968 66
      vertex 14.895 -0.952024 66
    endloop
  endfacet
  facet normal -0.265648 -0.000105148 -0.96407
    outer loop
      vertex 30.6827 -1.03923 122.826
      vertex 30.4431 -0.848528 122.892
      vertex 30.3433 -0.730514 122.919
    endloop
  endfacet
  facet normal 0.801612 0.555577 -0.220801
    outer loop
      vertex 30.3433 -0.730514 122.919
      vertex 14.6158 -0.659285 66
      vertex 30.2592 -0.599999 122.942
    endloop
  endfacet
  facet normal 0.801616 0.555571 -0.220802
    outer loop
      vertex 14.6158 -0.659285 66
      vertex 30.3433 -0.730514 122.919
      vertex 14.6652 -0.730514 66
    endloop
  endfacet
  facet normal -0.265551 2.59007e-005 -0.964097
    outer loop
      vertex 30.6827 -1.03923 122.826
      vertex 30.5569 -0.952024 122.86
      vertex 30.4431 -0.848528 122.892
    endloop
  endfacet
  facet normal -0.864666 -0.4423 0.238169
    outer loop
      vertex 16.8026 0.45922 66
      vertex 32.33 0.45922 122.372
      vertex 16.7702 0.522549 66
    endloop
  endfacet
  facet normal -0.724841 -0.659351 0.199654
    outer loop
      vertex 32.179 0.730514 122.413
      vertex 16.5328 0.848528 66
      vertex 16.5918 0.783645 66
    endloop
  endfacet
  facet normal -0.724838 -0.659355 0.199654
    outer loop
      vertex 16.5328 0.848528 66
      vertex 32.179 0.730514 122.413
      vertex 32.0792 0.848528 122.441
    endloop
  endfacet
  facet normal -0.912936 0.321423 0.251465
    outer loop
      vertex 16.8026 -0.45922 66
      vertex 32.3786 -0.310582 122.358
      vertex 16.8314 -0.377427 66
    endloop
  endfacet
  facet normal -0.912937 0.321421 0.251465
    outer loop
      vertex 32.3786 -0.310582 122.358
      vertex 16.8026 -0.45922 66
      vertex 32.33 -0.45922 122.372
    endloop
  endfacet
  facet normal 0.426407 -0.896874 -0.117452
    outer loop
      vertex 15.1764 1.10865 66
      vertex 30.6827 1.03923 122.826
      vertex 15.0303 1.03923 66
    endloop
  endfacet
  facet normal 0.426408 -0.896873 -0.117452
    outer loop
      vertex 30.6827 1.03923 122.826
      vertex 15.1764 1.10865 66
      vertex 30.8184 1.10865 122.788
    endloop
  endfacet
  facet normal 0.94557 0.195095 -0.260453
    outer loop
      vertex 30.1141 -0.156631 122.982
      vertex 14.4331 -0.22662 66
      vertex 14.4186 -0.156631 66
    endloop
  endfacet
  facet normal 0.962031 0.06541 -0.264987
    outer loop
      vertex 30.1141 -0.156631 122.982
      vertex 14.408 0 66
      vertex 30.1042 0 122.985
    endloop
  endfacet
  facet normal 0.962031 0.0653991 -0.264988
    outer loop
      vertex 14.408 0 66
      vertex 30.1141 -0.156631 122.982
      vertex 14.4186 -0.156631 66
    endloop
  endfacet
  facet normal -0.635676 0.751837 0.175094
    outer loop
      vertex 16.5328 -0.848528 66
      vertex 31.9654 -0.952024 122.472
      vertex 32.0792 -0.848528 122.441
    endloop
  endfacet
  facet normal -0.63567 0.751842 0.175093
    outer loop
      vertex 31.9654 -0.952024 122.472
      vertex 16.5328 -0.848528 66
      vertex 16.4655 -0.905402 66
    endloop
  endfacet
  facet normal 0.309897 0.946931 -0.0853599
    outer loop
      vertex 15.3305 -1.15911 66
      vertex 30.8184 -1.10865 122.788
      vertex 30.9617 -1.15911 122.749
    endloop
  endfacet
  facet normal 0.309894 0.946932 -0.085359
    outer loop
      vertex 30.8184 -1.10865 122.788
      vertex 15.3305 -1.15911 66
      vertex 15.1764 -1.10865 66
    endloop
  endfacet
  facet normal -0.265472 0.000164673 -0.964119
    outer loop
      vertex 30.9617 -1.15911 122.749
      vertex 30.8184 -1.10865 122.788
      vertex 30.6827 -1.03923 122.826
    endloop
  endfacet
  facet normal -0.535622 -0.83147 0.147535
    outer loop
      vertex 16.4104 0.952024 66
      vertex 31.9654 0.952024 122.472
      vertex 16.3494 0.991328 66
    endloop
  endfacet
  facet normal -0.635671 -0.751841 0.175093
    outer loop
      vertex 16.4655 0.905402 66
      vertex 31.9654 0.952024 122.472
      vertex 16.4104 0.952024 66
    endloop
  endfacet
  facet normal -0.265648 0.000105148 -0.96407
    outer loop
      vertex 30.4431 0.848528 122.892
      vertex 30.6827 1.03923 122.826
      vertex 30.3433 0.730514 122.919
    endloop
  endfacet
  facet normal 0.72485 -0.659341 -0.199657
    outer loop
      vertex 14.6652 0.730514 66
      vertex 30.4431 0.848528 122.892
      vertex 30.3433 0.730514 122.919
    endloop
  endfacet
  facet normal 0.724848 -0.659342 -0.199657
    outer loop
      vertex 30.4431 0.848528 122.892
      vertex 14.6652 0.730514 66
      vertex 14.7238 0.794946 66
    endloop
  endfacet
  facet normal 0.72485 0.659341 -0.199657
    outer loop
      vertex 30.4431 -0.848528 122.892
      vertex 14.6652 -0.730514 66
      vertex 30.3433 -0.730514 122.919
    endloop
  endfacet
  facet normal 0.724848 0.659342 -0.199657
    outer loop
      vertex 14.6652 -0.730514 66
      vertex 30.4431 -0.848528 122.892
      vertex 14.7238 -0.794946 66
    endloop
  endfacet
  facet normal 0.724846 0.659344 -0.199656
    outer loop
      vertex 30.4431 -0.848528 122.892
      vertex 14.7725 -0.848528 66
      vertex 14.7238 -0.794946 66
    endloop
  endfacet
  facet normal -0.801616 -0.55557 0.220802
    outer loop
      vertex 32.2631 0.599999 122.39
      vertex 16.6809 0.671779 66
      vertex 16.7306 0.599999 66
    endloop
  endfacet
  facet normal -0.801618 -0.555568 0.220802
    outer loop
      vertex 16.6809 0.671779 66
      vertex 32.2631 0.599999 122.39
      vertex 32.179 0.730514 122.413
    endloop
  endfacet
  facet normal -0.962031 0.0654049 0.264987
    outer loop
      vertex 16.8867 -0.156631 66
      vertex 32.4181 0 122.348
      vertex 16.8974 0 66
    endloop
  endfacet
  facet normal -0.962032 0.0653855 0.264988
    outer loop
      vertex 32.4181 0 122.348
      vertex 16.8867 -0.156631 66
      vertex 32.4082 -0.156631 122.35
    endloop
  endfacet
  facet normal -0.265381 -0 -0.964144
    outer loop
      vertex 32.4082 0.156631 122.35
      vertex 32.4181 0 122.348
      vertex 32.4082 -0.156631 122.35
    endloop
  endfacet
  facet normal -0.265558 -3.8469e-005 -0.964095
    outer loop
      vertex 31.7039 -1.10865 122.544
      vertex 31.5606 -1.15911 122.584
      vertex 30.9617 -1.15911 122.749
    endloop
  endfacet
  facet normal -0.535627 -0.831466 0.147536
    outer loop
      vertex 16.3494 0.991328 66
      vertex 31.8396 1.03923 122.507
      vertex 16.275 1.03923 66
    endloop
  endfacet
  facet normal -0.535623 -0.83147 0.147535
    outer loop
      vertex 31.8396 1.03923 122.507
      vertex 16.3494 0.991328 66
      vertex 31.9654 0.952024 122.472
    endloop
  endfacet
  facet normal -0.265743 -0.000272594 -0.964044
    outer loop
      vertex 31.9654 0.952024 122.472
      vertex 32.0792 0.848528 122.441
      vertex 31.8396 1.03923 122.507
    endloop
  endfacet
  facet normal -0.801618 -0.555567 0.220802
    outer loop
      vertex 16.6809 0.671779 66
      vertex 32.179 0.730514 122.413
      vertex 16.6402 0.730514 66
    endloop
  endfacet
  facet normal 0.724846 -0.659344 -0.199656
    outer loop
      vertex 14.7725 0.848528 66
      vertex 30.4431 0.848528 122.892
      vertex 14.7238 0.794946 66
    endloop
  endfacet
  facet normal 0.635667 -0.751845 -0.175092
    outer loop
      vertex 14.8281 0.895495 66
      vertex 30.4431 0.848528 122.892
      vertex 14.7725 0.848528 66
    endloop
  endfacet
  facet normal -0.265743 0.000272594 -0.964044
    outer loop
      vertex 32.0792 -0.848528 122.441
      vertex 31.9654 -0.952024 122.472
      vertex 31.8396 -1.03923 122.507
    endloop
  endfacet
  facet normal -0.265576 4.71779e-005 -0.96409
    outer loop
      vertex 32.0792 -0.848528 122.441
      vertex 31.8396 -1.03923 122.507
      vertex 31.7039 -1.10865 122.544
    endloop
  endfacet
  facet normal -0.00756381 0.999669 -0.0246044
    outer loop
      vertex 117.218 -0.941027 240.979
      vertex 117.118 -0.891335 243.029
      vertex 117.218 -0.884157 243.29
    endloop
  endfacet
  facet normal -0.00756573 0.999669 -0.0246045
    outer loop
      vertex 117.118 -0.891335 243.029
      vertex 117.218 -0.941027 240.979
      vertex 117.118 -0.948502 240.706
    endloop
  endfacet
  facet normal -0.00756083 0.999669 -0.0246042
    outer loop
      vertex 128.31 -0.111958 271.254
      vertex 128.21 -0.095161 271.967
      vertex 128.31 -0.0879835 272.228
    endloop
  endfacet
  facet normal -0.0075653 0.999669 -0.0246049
    outer loop
      vertex 128.21 -0.095161 271.967
      vertex 128.31 -0.111958 271.254
      vertex 128.21 -0.119432 270.981
    endloop
  endfacet
  facet normal -0.0380986 0.999191 -0.0128874
    outer loop
      vertex 117.218 -0.884157 243.29
      vertex 117.118 -0.80217 249.942
      vertex 117.218 -0.794865 250.213
    endloop
  endfacet
  facet normal -0.0380973 0.999191 -0.0128874
    outer loop
      vertex 117.118 -0.80217 249.942
      vertex 117.218 -0.884157 243.29
      vertex 117.118 -0.891335 243.029
    endloop
  endfacet
  facet normal -0.0380975 0.999191 -0.0128874
    outer loop
      vertex 128.31 -0.0879835 272.228
      vertex 128.21 0.00810113 279.973
      vertex 128.31 0.0154057 280.244
    endloop
  endfacet
  facet normal -0.038098 0.999191 -0.0128874
    outer loop
      vertex 128.21 0.00810113 279.973
      vertex 128.31 -0.0879835 272.228
      vertex 128.21 -0.095161 271.967
    endloop
  endfacet
  facet normal -0.0137468 0.999646 -0.0227667
    outer loop
      vertex 117.218 -1.07806 231.562
      vertex 117.118 -1.02262 234.056
      vertex 117.218 -1.01526 234.319
    endloop
  endfacet
  facet normal -0.0137471 0.999646 -0.0227667
    outer loop
      vertex 117.118 -1.02262 234.056
      vertex 117.218 -1.07806 231.562
      vertex 117.118 -1.0857 231.286
    endloop
  endfacet
  facet normal -0.0137479 0.999646 -0.0227666
    outer loop
      vertex 128.31 -0.230368 262.085
      vertex 128.21 -0.205971 263.216
      vertex 128.31 -0.198609 263.479
    endloop
  endfacet
  facet normal -0.0137456 0.999646 -0.0227664
    outer loop
      vertex 128.21 -0.205971 263.216
      vertex 128.31 -0.230368 262.085
      vertex 128.21 -0.23801 261.81
    endloop
  endfacet
  facet normal -0.0442768 0.998957 -0.0111339
    outer loop
      vertex 117.218 -1.01526 234.319
      vertex 117.118 -0.948502 240.706
      vertex 117.218 -0.941027 240.979
    endloop
  endfacet
  facet normal -0.0442765 0.998957 -0.0111339
    outer loop
      vertex 117.118 -0.948502 240.706
      vertex 117.218 -1.01526 234.319
      vertex 117.118 -1.02262 234.056
    endloop
  endfacet
  facet normal -0.0442802 0.998957 -0.0111339
    outer loop
      vertex 128.31 -0.198609 263.479
      vertex 128.21 -0.119432 270.981
      vertex 128.31 -0.111958 271.254
    endloop
  endfacet
  facet normal -0.0442797 0.998957 -0.0111339
    outer loop
      vertex 128.21 -0.119432 270.981
      vertex 128.31 -0.198609 263.479
      vertex 128.21 -0.205971 263.216
    endloop
  endfacet
  facet normal -0.0192228 0.99959 -0.021204
    outer loop
      vertex 117.218 -1.20787 221.975
      vertex 117.118 -1.14721 224.925
      vertex 117.218 -1.13967 225.19
    endloop
  endfacet
  facet normal -0.0192212 0.99959 -0.0212039
    outer loop
      vertex 117.118 -1.14721 224.925
      vertex 117.218 -1.20787 221.975
      vertex 117.118 -1.21568 221.698
    endloop
  endfacet
  facet normal -0.0497476 0.998715 -0.00965763
    outer loop
      vertex 117.218 -1.13967 225.19
      vertex 117.118 -1.0857 231.286
      vertex 117.218 -1.07806 231.562
    endloop
  endfacet
  facet normal -0.0497479 0.998715 -0.00965764
    outer loop
      vertex 117.118 -1.0857 231.286
      vertex 117.218 -1.13967 225.19
      vertex 117.118 -1.14721 224.925
    endloop
  endfacet
  facet normal -0.0497499 0.998715 -0.00965763
    outer loop
      vertex 128.31 -0.255363 259.5
      vertex 128.21 -0.23801 261.81
      vertex 128.31 -0.230368 262.085
    endloop
  endfacet
  facet normal -0.0497507 0.998715 -0.00965766
    outer loop
      vertex 128.21 -0.23801 261.81
      vertex 128.31 -0.255363 259.5
      vertex 128.21 -0.260344 259.5
    endloop
  endfacet
  facet normal -0.0240358 0.999513 -0.0198965
    outer loop
      vertex 117.218 -1.33293 212.19
      vertex 117.118 -1.26701 215.622
      vertex 117.218 -1.25929 215.889
    endloop
  endfacet
  facet normal -0.0240368 0.999513 -0.0198965
    outer loop
      vertex 117.118 -1.26701 215.622
      vertex 117.218 -1.33293 212.19
      vertex 117.118 -1.3409 211.91
    endloop
  endfacet
  facet normal -0.0545575 0.998475 -0.00843663
    outer loop
      vertex 117.218 -1.25929 215.889
      vertex 117.118 -1.21568 221.698
      vertex 117.218 -1.20787 221.975
    endloop
  endfacet
  facet normal -0.0545572 0.998475 -0.00843663
    outer loop
      vertex 117.118 -1.21568 221.698
      vertex 117.218 -1.25929 215.889
      vertex 117.118 -1.26701 215.622
    endloop
  endfacet
  facet normal -0.0282153 0.999424 -0.0188317
    outer loop
      vertex 117.218 -1.45517 202.217
      vertex 117.118 -1.38399 206.144
      vertex 117.218 -1.3761 206.414
    endloop
  endfacet
  facet normal -0.0282143 0.999424 -0.0188317
    outer loop
      vertex 117.118 -1.38399 206.144
      vertex 117.218 -1.45517 202.217
      vertex 117.118 -1.46331 201.935
    endloop
  endfacet
  facet normal -0.0587326 0.998246 -0.00745968
    outer loop
      vertex 117.218 -1.3761 206.414
      vertex 117.118 -1.3409 211.91
      vertex 117.218 -1.33293 212.19
    endloop
  endfacet
  facet normal -0.0587323 0.998246 -0.00745967
    outer loop
      vertex 117.118 -1.3409 211.91
      vertex 117.218 -1.3761 206.414
      vertex 117.118 -1.38399 206.144
    endloop
  endfacet
  facet normal -0.031808 0.999332 -0.017988
    outer loop
      vertex 117.218 -1.57659 192.055
      vertex 117.118 -1.49986 196.495
      vertex 117.218 -1.49179 196.766
    endloop
  endfacet
  facet normal -0.031807 0.999332 -0.017988
    outer loop
      vertex 117.118 -1.49986 196.495
      vertex 117.218 -1.57659 192.055
      vertex 117.118 -1.58489 191.771
    endloop
  endfacet
  facet normal -0.0623192 0.998034 -0.00670494
    outer loop
      vertex 117.218 -1.49179 196.766
      vertex 117.118 -1.46331 201.935
      vertex 117.218 -1.45517 202.217
    endloop
  endfacet
  facet normal -0.0623199 0.998034 -0.00670496
    outer loop
      vertex 117.118 -1.46331 201.935
      vertex 117.218 -1.49179 196.766
      vertex 117.118 -1.49986 196.495
    endloop
  endfacet
  facet normal -0.0348179 0.999243 -0.017361
    outer loop
      vertex 117.218 -1.69948 181.685
      vertex 117.118 -1.61646 186.664
      vertex 117.218 -1.60822 186.937
    endloop
  endfacet
  facet normal -0.0348177 0.999243 -0.017361
    outer loop
      vertex 117.118 -1.61646 186.664
      vertex 117.218 -1.69948 181.685
      vertex 117.118 -1.70795 181.398
    endloop
  endfacet
  facet normal -0.0653259 0.997845 -0.00616687
    outer loop
      vertex 117.218 -1.60822 186.937
      vertex 117.118 -1.58489 191.771
      vertex 117.218 -1.57659 192.055
    endloop
  endfacet
  facet normal -0.0653258 0.997845 -0.00616687
    outer loop
      vertex 117.118 -1.58489 191.771
      vertex 117.218 -1.60822 186.937
      vertex 117.118 -1.61646 186.664
    endloop
  endfacet
  facet normal -0.0373841 0.999158 -0.0168977
    outer loop
      vertex 117.218 -1.82523 171.124
      vertex 117.118 -1.73552 176.65
      vertex 117.218 -1.72711 176.926
    endloop
  endfacet
  facet normal -0.0373872 0.999158 -0.0168978
    outer loop
      vertex 117.118 -1.73552 176.65
      vertex 117.218 -1.82523 171.124
      vertex 117.118 -1.83387 170.835
    endloop
  endfacet
  facet normal -0.0678898 0.997676 -0.00579412
    outer loop
      vertex 117.218 -1.72711 176.926
      vertex 117.118 -1.70795 181.398
      vertex 117.218 -1.69948 181.685
    endloop
  endfacet
  facet normal -0.0678891 0.997676 -0.0057941
    outer loop
      vertex 117.118 -1.70795 181.398
      vertex 117.218 -1.72711 176.926
      vertex 117.118 -1.73552 176.65
    endloop
  endfacet
  facet normal -0.0396775 0.999076 -0.0165379
    outer loop
      vertex 117.218 -1.95495 160.37
      vertex 117.118 -1.85809 166.461
      vertex 117.218 -1.84952 166.74
    endloop
  endfacet
  facet normal -0.0396787 0.999076 -0.0165379
    outer loop
      vertex 117.118 -1.85809 166.461
      vertex 117.218 -1.95495 160.37
      vertex 117.118 -1.96376 160.078
    endloop
  endfacet
  facet normal -0.070179 0.997519 -0.00552517
    outer loop
      vertex 117.218 -1.84952 166.74
      vertex 117.118 -1.83387 170.835
      vertex 117.218 -1.82523 171.124
    endloop
  endfacet
  facet normal -0.0701783 0.997519 -0.00552515
    outer loop
      vertex 117.118 -1.83387 170.835
      vertex 117.218 -1.84952 166.74
      vertex 117.118 -1.85809 166.461
    endloop
  endfacet
  facet normal -0.0416892 0.998998 -0.0162822
    outer loop
      vertex 117.218 -2.09 149.402
      vertex 117.118 -1.9852 156.088
      vertex 117.218 -1.97645 156.369
    endloop
  endfacet
  facet normal -0.0416896 0.998998 -0.0162823
    outer loop
      vertex 117.118 -1.9852 156.088
      vertex 117.218 -2.09 149.402
      vertex 117.118 -2.09898 149.107
    endloop
  endfacet
  facet normal -0.0721874 0.997377 -0.0053598
    outer loop
      vertex 117.218 -1.97645 156.369
      vertex 117.118 -1.96376 160.078
      vertex 117.218 -1.95495 160.37
    endloop
  endfacet
  facet normal -0.0721873 0.997377 -0.0053598
    outer loop
      vertex 117.118 -1.96376 160.078
      vertex 117.218 -1.97645 156.369
      vertex 117.118 -1.9852 156.088
    endloop
  endfacet
  facet normal -0.0433659 0.998929 -0.0161477
    outer loop
      vertex 117.218 -2.23171 138.225
      vertex 117.118 -2.1181 145.521
      vertex 117.218 -2.10918 145.804
    endloop
  endfacet
  facet normal -0.0433638 0.998929 -0.0161477
    outer loop
      vertex 117.118 -2.1181 145.521
      vertex 117.218 -2.23171 138.225
      vertex 117.118 -2.24085 137.927
    endloop
  endfacet
  facet normal -0.0738588 0.997255 -0.00531655
    outer loop
      vertex 117.218 -2.10918 145.804
      vertex 117.118 -2.09898 149.107
      vertex 117.218 -2.09 149.402
    endloop
  endfacet
  facet normal -0.0738598 0.997254 -0.00531658
    outer loop
      vertex 117.118 -2.09898 149.107
      vertex 117.218 -2.10918 145.804
      vertex 117.118 -2.1181 145.521
    endloop
  endfacet
  facet normal -0.0446437 0.998872 -0.0161526
    outer loop
      vertex 117.218 -2.38195 126.82
      vertex 117.118 -2.25806 134.758
      vertex 117.218 -2.24897 135.043
    endloop
  endfacet
  facet normal -0.044645 0.998872 -0.0161526
    outer loop
      vertex 117.118 -2.25806 134.758
      vertex 117.218 -2.38195 126.82
      vertex 117.118 -2.39127 126.52
    endloop
  endfacet
  facet normal -0.0751346 0.997159 -0.00541251
    outer loop
      vertex 117.218 -2.24897 135.043
      vertex 117.118 -2.24085 137.927
      vertex 117.218 -2.23171 138.225
    endloop
  endfacet
  facet normal -0.0751356 0.997159 -0.00541254
    outer loop
      vertex 117.118 -2.24085 137.927
      vertex 117.218 -2.24897 135.043
      vertex 117.118 -2.25806 134.758
    endloop
  endfacet
  facet normal -0.0456287 0.998826 -0.01626
    outer loop
      vertex 117.218 -2.54192 115.199
      vertex 117.118 -2.40664 123.789
      vertex 117.218 -2.39739 124.077
    endloop
  endfacet
  facet normal -0.0456276 0.998826 -0.01626
    outer loop
      vertex 117.118 -2.40664 123.789
      vertex 117.218 -2.54192 115.199
      vertex 117.118 -2.55142 114.896
    endloop
  endfacet
  facet normal -0.0761189 0.997083 -0.00561207
    outer loop
      vertex 117.218 -2.39739 124.077
      vertex 117.118 -2.39127 126.52
      vertex 117.218 -2.38195 126.82
    endloop
  endfacet
  facet normal -0.0761187 0.997083 -0.00561206
    outer loop
      vertex 117.118 -2.39127 126.52
      vertex 117.218 -2.39739 124.077
      vertex 117.118 -2.40664 123.789
    endloop
  endfacet
  facet normal -0.0464959 0.998784 -0.0164094
    outer loop
      vertex 117.218 -2.7124 103.353
      vertex 117.118 -2.56478 112.621
      vertex 117.218 -2.55535 112.911
    endloop
  endfacet
  facet normal -0.0464926 0.998784 -0.0164094
    outer loop
      vertex 117.118 -2.56478 112.621
      vertex 117.218 -2.7124 103.353
      vertex 117.118 -2.72207 103.047
    endloop
  endfacet
  facet normal -0.0769836 0.997015 -0.00585361
    outer loop
      vertex 117.218 -2.55535 112.911
      vertex 117.118 -2.55142 114.896
      vertex 117.218 -2.54192 115.199
    endloop
  endfacet
  facet normal -0.0769841 0.997015 -0.00585364
    outer loop
      vertex 117.118 -2.55142 114.896
      vertex 117.218 -2.55535 112.911
      vertex 117.118 -2.56478 112.621
    endloop
  endfacet
  facet normal -0.0472481 0.998745 -0.0165985
    outer loop
      vertex 117.218 -2.89404 91.2816
      vertex 117.118 -2.73315 101.247
      vertex 117.218 -2.72355 101.54
    endloop
  endfacet
  facet normal -0.0472496 0.998745 -0.0165986
    outer loop
      vertex 117.118 -2.73315 101.247
      vertex 117.218 -2.89404 91.2816
      vertex 117.118 -2.9039 90.9729
    endloop
  endfacet
  facet normal -0.0777344 0.996955 -0.006135
    outer loop
      vertex 117.218 -2.72355 101.54
      vertex 117.118 -2.72207 103.047
      vertex 117.218 -2.7124 103.353
    endloop
  endfacet
  facet normal -0.0777361 0.996955 -0.00613511
    outer loop
      vertex 117.118 -2.72207 103.047
      vertex 117.218 -2.72355 101.54
      vertex 117.118 -2.73315 101.247
    endloop
  endfacet
  facet normal -0.0481578 0.998598 -0.0219949
    outer loop
      vertex 117.218 -3.25925 66.6
      vertex 117.118 -2.97605 79.6767
      vertex 117.218 -2.9669 79.8728
    endloop
  endfacet
  facet normal -0.048158 0.998598 -0.0219949
    outer loop
      vertex 117.118 -2.97605 79.6767
      vertex 117.218 -3.25925 66.6
      vertex 117.118 -3.26407 66.6
    endloop
  endfacet
  facet normal -0.0786467 0.996882 -0.00636678
    outer loop
      vertex 197.421 4.50794 259.5
      vertex 197.321 4.71604 293.318
      vertex 197.421 4.72393 293.318
    endloop
  endfacet
  facet normal -0.078642 0.996883 -0.00636677
    outer loop
      vertex 197.321 4.71604 293.318
      vertex 197.421 4.50794 259.5
      vertex 197.321 4.50005 259.5
    endloop
  endfacet
  facet normal -0.0786503 0.996882 -0.00636679
    outer loop
      vertex 117.218 -2.9669 79.8728
      vertex 117.118 -2.9039 90.9729
      vertex 117.218 -2.89404 91.2816
    endloop
  endfacet
  facet normal -0.0786479 0.996882 -0.00636676
    outer loop
      vertex 117.118 -2.9039 90.9729
      vertex 117.218 -2.9669 79.8728
      vertex 117.118 -2.97605 79.6767
    endloop
  endfacet
  facet normal -0.140092 -0.987674 0.0698195
    outer loop
      vertex 197.421 11.1524 259.5
      vertex 197.321 11.1782 259.664
      vertex 197.321 11.1666 259.5
    endloop
  endfacet
  facet normal -0.1401 -0.987673 0.0698149
    outer loop
      vertex 197.321 11.1782 259.664
      vertex 197.421 11.1524 259.5
      vertex 197.421 11.1875 259.997
    endloop
  endfacet
  facet normal -0.138499 -0.987963 0.0689022
    outer loop
      vertex 197.321 11.873 270.884
      vertex 197.421 11.7899 269.893
      vertex 197.421 11.882 271.214
    endloop
  endfacet
  facet normal -0.138482 -0.987965 0.0689041
    outer loop
      vertex 197.421 11.7899 269.893
      vertex 197.321 11.873 270.884
      vertex 197.321 11.7796 269.544
    endloop
  endfacet
  facet normal -0.108306 -0.992281 0.060401
    outer loop
      vertex 197.321 11.7796 269.544
      vertex 197.421 11.1875 259.997
      vertex 197.421 11.7899 269.893
    endloop
  endfacet
  facet normal -0.108307 -0.992281 0.060401
    outer loop
      vertex 197.421 11.1875 259.997
      vertex 197.321 11.7796 269.544
      vertex 197.321 11.1782 259.664
    endloop
  endfacet
  facet normal -0.135857 -0.988414 0.0676878
    outer loop
      vertex 197.321 12.5306 281.83
      vertex 197.421 12.4943 281.501
      vertex 197.421 12.5393 282.157
    endloop
  endfacet
  facet normal -0.13586 -0.988413 0.0676869
    outer loop
      vertex 197.421 12.4943 281.501
      vertex 197.321 12.5306 281.83
      vertex 197.321 12.4844 281.155
    endloop
  endfacet
  facet normal -0.105672 -0.992644 0.0590835
    outer loop
      vertex 197.321 12.4844 281.155
      vertex 197.421 11.882 271.214
      vertex 197.421 12.4943 281.501
    endloop
  endfacet
  facet normal -0.105682 -0.992643 0.0590833
    outer loop
      vertex 197.421 11.882 271.214
      vertex 197.321 12.4844 281.155
      vertex 197.321 11.873 270.884
    endloop
  endfacet
  facet normal -0.13241 -0.988981 0.066216
    outer loop
      vertex 197.321 13.1517 292.548
      vertex 197.421 13.1583 292.846
      vertex 197.421 13.16 292.872
    endloop
  endfacet
  facet normal -0.132352 -0.98899 0.0661969
    outer loop
      vertex 197.421 13.1583 292.846
      vertex 197.321 13.1517 292.548
      vertex 197.321 13.1487 292.504
    endloop
  endfacet
  facet normal -0.102203 -0.9931 0.057509
    outer loop
      vertex 197.321 13.1487 292.504
      vertex 197.421 12.5393 282.157
      vertex 197.421 13.1583 292.846
    endloop
  endfacet
  facet normal -0.102192 -0.993101 0.0575091
    outer loop
      vertex 197.421 12.5393 282.157
      vertex 197.321 13.1487 292.504
      vertex 197.321 12.5306 281.83
    endloop
  endfacet
  facet normal -0.0979757 -0.993629 0.0556962
    outer loop
      vertex 197.321 13.1949 293.318
      vertex 197.421 13.16 292.872
      vertex 197.421 13.185 293.318
    endloop
  endfacet
  facet normal -0.0979748 -0.993629 0.0556964
    outer loop
      vertex 197.421 13.16 292.872
      vertex 197.321 13.1949 293.318
      vertex 197.321 13.1517 292.548
    endloop
  endfacet
  facet normal -0.117923 -0.99118 0.0604645
    outer loop
      vertex 117.218 8.64971 66.6
      vertex 117.118 8.92343 70.8921
      vertex 117.118 8.6616 66.6
    endloop
  endfacet
  facet normal -0.117921 -0.99118 0.0604646
    outer loop
      vertex 117.118 8.92343 70.8921
      vertex 117.218 8.64971 66.6
      vertex 117.218 8.93074 71.2069
    endloop
  endfacet
  facet normal -0.111972 -0.992008 0.0581656
    outer loop
      vertex 117.118 9.63151 83.0481
      vertex 117.218 8.95607 71.721
      vertex 117.218 9.63851 83.36
    endloop
  endfacet
  facet normal -0.111971 -0.992008 0.0581656
    outer loop
      vertex 117.218 8.95607 71.721
      vertex 117.118 9.63151 83.0481
      vertex 117.118 8.94805 71.3917
    endloop
  endfacet
  facet normal -0.0816621 -0.995453 0.0490439
    outer loop
      vertex 117.118 8.94805 71.3917
      vertex 117.218 8.93074 71.2069
      vertex 117.218 8.95607 71.721
    endloop
  endfacet
  facet normal -0.0816595 -0.995453 0.0490453
    outer loop
      vertex 117.218 8.93074 71.2069
      vertex 117.118 8.94805 71.3917
      vertex 117.118 8.92343 70.8921
    endloop
  endfacet
  facet normal -0.105689 -0.992835 0.055745
    outer loop
      vertex 117.118 10.2913 94.9747
      vertex 117.218 9.68803 84.4202
      vertex 117.218 10.298 95.2838
    endloop
  endfacet
  facet normal -0.105685 -0.992836 0.0557451
    outer loop
      vertex 117.218 9.68803 84.4202
      vertex 117.118 10.2913 94.9747
      vertex 117.118 9.68036 84.0941
    endloop
  endfacet
  facet normal -0.0753521 -0.996071 0.0465198
    outer loop
      vertex 117.118 9.68036 84.0941
      vertex 117.218 9.63851 83.36
      vertex 117.218 9.68803 84.4202
    endloop
  endfacet
  facet normal -0.0753558 -0.996071 0.0465193
    outer loop
      vertex 117.218 9.63851 83.36
      vertex 117.118 9.68036 84.0941
      vertex 117.118 9.63151 83.0481
    endloop
  endfacet
  facet normal -0.099172 -0.993646 0.0532288
    outer loop
      vertex 117.118 10.9043 106.699
      vertex 117.218 10.3679 96.8712
      vertex 117.218 10.9108 107.005
    endloop
  endfacet
  facet normal -0.0991665 -0.993646 0.0532289
    outer loop
      vertex 117.218 10.3679 96.8712
      vertex 117.118 10.9043 106.699
      vertex 117.118 10.3606 96.5481
    endloop
  endfacet
  facet normal -0.0688066 -0.996664 0.0438998
    outer loop
      vertex 117.118 10.3606 96.5481
      vertex 117.218 10.298 95.2838
      vertex 117.218 10.3679 96.8712
    endloop
  endfacet
  facet normal -0.0688113 -0.996663 0.0438994
    outer loop
      vertex 117.218 10.298 95.2838
      vertex 117.118 10.3606 96.5481
      vertex 117.118 10.2913 94.9747
    endloop
  endfacet
  facet normal -0.0924553 -0.994429 0.0506277
    outer loop
      vertex 117.118 11.4705 118.211
      vertex 117.218 10.9973 109.099
      vertex 117.218 11.4766 118.514
    endloop
  endfacet
  facet normal -0.0924574 -0.994429 0.0506277
    outer loop
      vertex 117.218 10.9973 109.099
      vertex 117.118 11.4705 118.211
      vertex 117.118 10.9903 108.779
    endloop
  endfacet
  facet normal -0.0620731 -0.997221 0.0411949
    outer loop
      vertex 117.118 10.9903 108.779
      vertex 117.218 10.9108 107.005
      vertex 117.218 10.9973 109.099
    endloop
  endfacet
  facet normal -0.0620713 -0.997221 0.041195
    outer loop
      vertex 117.218 10.9108 107.005
      vertex 117.118 10.9903 108.779
      vertex 117.118 10.9043 106.699
    endloop
  endfacet
  facet normal -0.0855841 -0.995176 0.0479526
    outer loop
      vertex 117.118 11.9906 129.521
      vertex 117.218 11.576 121.096
      vertex 117.218 11.9965 129.822
    endloop
  endfacet
  facet normal -0.0855755 -0.995177 0.0479527
    outer loop
      vertex 117.218 11.576 121.096
      vertex 117.118 11.9906 129.521
      vertex 117.118 11.5693 120.779
    endloop
  endfacet
  facet normal -0.0551666 -0.997738 0.0384165
    outer loop
      vertex 117.118 11.5693 120.779
      vertex 117.218 11.4766 118.514
      vertex 117.218 11.576 121.096
    endloop
  endfacet
  facet normal -0.0551675 -0.997738 0.0384164
    outer loop
      vertex 117.218 11.4766 118.514
      vertex 117.118 11.5693 120.779
      vertex 117.118 11.4705 118.211
    endloop
  endfacet
  facet normal -0.0785589 -0.995884 0.0452129
    outer loop
      vertex 117.118 12.4651 140.625
      vertex 117.218 12.1051 132.871
      vertex 117.218 12.4707 140.923
    endloop
  endfacet
  facet normal -0.0785622 -0.995883 0.0452129
    outer loop
      vertex 117.218 12.1051 132.871
      vertex 117.118 12.4651 140.625
      vertex 117.118 12.0988 132.557
    endloop
  endfacet
  facet normal -0.0481323 -0.998207 0.0355741
    outer loop
      vertex 117.118 12.0988 132.557
      vertex 117.218 11.9965 129.822
      vertex 117.218 12.1051 132.871
    endloop
  endfacet
  facet normal -0.0481413 -0.998207 0.0355738
    outer loop
      vertex 117.218 11.9965 129.822
      vertex 117.118 12.0988 132.557
      vertex 117.118 11.9906 129.521
    endloop
  endfacet
  facet normal -0.0713173 -0.996553 0.042372
    outer loop
      vertex 117.118 12.8947 151.538
      vertex 117.218 12.5851 144.425
      vertex 117.218 12.9002 151.834
    endloop
  endfacet
  facet normal -0.0713128 -0.996554 0.0423721
    outer loop
      vertex 117.218 12.5851 144.425
      vertex 117.118 12.8947 151.538
      vertex 117.118 12.5791 144.114
    endloop
  endfacet
  facet normal -0.0408608 -0.998632 0.0326309
    outer loop
      vertex 117.118 12.5791 144.114
      vertex 117.218 12.4707 140.923
      vertex 117.218 12.5851 144.425
    endloop
  endfacet
  facet normal -0.0408582 -0.998632 0.032631
    outer loop
      vertex 117.218 12.4707 140.923
      vertex 117.118 12.5791 144.114
      vertex 117.118 12.4651 140.625
    endloop
  endfacet
  facet normal -0.0637948 -0.997184 0.0394163
    outer loop
      vertex 117.118 13.2794 162.254
      vertex 117.218 13.0166 155.768
      vertex 117.218 13.2846 162.547
    endloop
  endfacet
  facet normal -0.063794 -0.997184 0.0394163
    outer loop
      vertex 117.218 13.0166 155.768
      vertex 117.118 13.2794 162.254
      vertex 117.118 13.0108 155.459
    endloop
  endfacet
  facet normal -0.033323 -0.999007 0.0295732
    outer loop
      vertex 117.118 13.0108 155.459
      vertex 117.218 12.9002 151.834
      vertex 117.218 13.0166 155.768
    endloop
  endfacet
  facet normal -0.033322 -0.999007 0.0295732
    outer loop
      vertex 117.218 12.9002 151.834
      vertex 117.118 13.0108 155.459
      vertex 117.118 12.8947 151.538
    endloop
  endfacet
  facet normal -0.055941 -0.997773 0.0363256
    outer loop
      vertex 117.118 13.6191 172.777
      vertex 117.218 13.3993 166.895
      vertex 117.218 13.6241 173.067
    endloop
  endfacet
  facet normal -0.0559434 -0.997773 0.0363256
    outer loop
      vertex 117.218 13.3993 166.895
      vertex 117.118 13.6191 172.777
      vertex 117.118 13.3938 166.589
    endloop
  endfacet
  facet normal -0.0254542 -0.999328 0.0263811
    outer loop
      vertex 117.118 13.3938 166.589
      vertex 117.218 13.2846 162.547
      vertex 117.218 13.3993 166.895
    endloop
  endfacet
  facet normal -0.0254521 -0.999328 0.0263811
    outer loop
      vertex 117.218 13.2846 162.547
      vertex 117.118 13.3938 166.589
      vertex 117.118 13.2794 162.254
    endloop
  endfacet
  facet normal -0.047623 -0.998318 0.0330546
    outer loop
      vertex 117.118 13.9131 183.097
      vertex 117.218 13.7331 177.806
      vertex 117.218 13.9179 183.385
    endloop
  endfacet
  facet normal -0.0476234 -0.998318 0.0330546
    outer loop
      vertex 117.218 13.7331 177.806
      vertex 117.118 13.9131 183.097
      vertex 117.118 13.7279 177.503
    endloop
  endfacet
  facet normal -0.0171188 -0.999589 0.0230086
    outer loop
      vertex 117.118 13.7279 177.503
      vertex 117.218 13.6241 173.067
      vertex 117.218 13.7331 177.806
    endloop
  endfacet
  facet normal -0.0171254 -0.999589 0.0230084
    outer loop
      vertex 117.218 13.6241 173.067
      vertex 117.118 13.7279 177.503
      vertex 117.118 13.6191 172.777
    endloop
  endfacet
  facet normal -0.0388423 -0.998807 0.0295944
    outer loop
      vertex 117.118 14.1614 193.229
      vertex 117.218 14.0174 188.502
      vertex 117.218 14.1659 193.515
    endloop
  endfacet
  facet normal -0.0388385 -0.998807 0.0295945
    outer loop
      vertex 117.218 14.0174 188.502
      vertex 117.118 14.1614 193.229
      vertex 117.118 14.0124 188.202
    endloop
  endfacet
  facet normal -0.00832023 -0.999776 0.0194485
    outer loop
      vertex 117.118 14.0124 188.202
      vertex 117.218 13.9179 183.385
      vertex 117.218 14.0174 188.502
    endloop
  endfacet
  facet normal -0.00832008 -0.999776 0.0194485
    outer loop
      vertex 117.218 13.9179 183.385
      vertex 117.118 14.0124 188.202
      vertex 117.118 13.9131 183.097
    endloop
  endfacet
  facet normal -0.0295728 -0.999226 0.0259393
    outer loop
      vertex 117.118 14.3635 203.178
      vertex 117.218 14.2519 198.994
      vertex 117.218 14.3679 203.461
    endloop
  endfacet
  facet normal -0.0295709 -0.999226 0.0259394
    outer loop
      vertex 117.218 14.2519 198.994
      vertex 117.118 14.3635 203.178
      vertex 117.118 14.2472 198.696
    endloop
  endfacet
  facet normal 0.000957956 -0.999876 0.0156945
    outer loop
      vertex 117.118 14.2472 198.696
      vertex 117.218 14.1659 193.515
      vertex 117.218 14.2519 198.994
    endloop
  endfacet
  facet normal 0.000952351 -0.999876 0.0156944
    outer loop
      vertex 117.218 14.1659 193.515
      vertex 117.118 14.2472 198.696
      vertex 117.118 14.1614 193.229
    endloop
  endfacet
  facet normal -0.0198112 -0.99956 0.0220824
    outer loop
      vertex 117.118 14.519 212.94
      vertex 117.218 14.4362 209.282
      vertex 117.218 14.5233 213.221
    endloop
  endfacet
  facet normal -0.0198077 -0.99956 0.0220825
    outer loop
      vertex 117.218 14.4362 209.282
      vertex 117.118 14.519 212.94
      vertex 117.118 14.4317 208.987
    endloop
  endfacet
  facet normal 0.010729 -0.999874 0.0117392
    outer loop
      vertex 117.118 14.4317 208.987
      vertex 117.218 14.3679 203.461
      vertex 117.218 14.4362 209.282
    endloop
  endfacet
  facet normal 0.0107257 -0.999874 0.0117392
    outer loop
      vertex 117.218 14.3679 203.461
      vertex 117.118 14.4317 208.987
      vertex 117.118 14.3635 203.178
    endloop
  endfacet
  facet normal -0.00931011 -0.999796 0.0179345
    outer loop
      vertex 117.118 14.6266 222.502
      vertex 117.218 14.5693 219.357
      vertex 117.218 14.6307 222.781
    endloop
  endfacet
  facet normal -0.00931516 -0.999796 0.0179344
    outer loop
      vertex 117.218 14.5693 219.357
      vertex 117.118 14.6266 222.502
      vertex 117.118 14.5649 219.064
    endloop
  endfacet
  facet normal 0.021223 -0.999747 0.0074938
    outer loop
      vertex 117.118 14.5649 219.064
      vertex 117.218 14.5233 213.221
      vertex 117.218 14.5693 219.357
    endloop
  endfacet
  facet normal 0.0212276 -0.999747 0.00749388
    outer loop
      vertex 117.218 14.5233 213.221
      vertex 117.118 14.5649 219.064
      vertex 117.118 14.519 212.94
    endloop
  endfacet
  facet normal 0.00230282 -0.999908 0.0133572
    outer loop
      vertex 117.118 14.684 231.861
      vertex 117.218 14.6488 229.208
      vertex 117.218 14.688 232.138
    endloop
  endfacet
  facet normal 0.00229833 -0.999908 0.013357
    outer loop
      vertex 117.218 14.6488 229.208
      vertex 117.118 14.684 231.861
      vertex 117.118 14.6447 228.918
    endloop
  endfacet
  facet normal 0.00230589 -0.999908 0.0133569
    outer loop
      vertex 128.21 15.1197 262.558
      vertex 128.31 15.1041 261.375
      vertex 128.31 15.1236 262.835
    endloop
  endfacet
  facet normal 0.00230958 -0.999908 0.0133572
    outer loop
      vertex 128.31 15.1041 261.375
      vertex 128.21 15.1197 262.558
      vertex 128.21 15.1 261.085
    endloop
  endfacet
  facet normal 0.0328365 -0.999457 0.00282016
    outer loop
      vertex 117.118 14.6447 228.918
      vertex 117.218 14.6307 222.781
      vertex 117.218 14.6488 229.208
    endloop
  endfacet
  facet normal 0.032842 -0.999457 0.00282025
    outer loop
      vertex 117.218 14.6307 222.781
      vertex 117.118 14.6447 228.918
      vertex 117.118 14.6266 222.502
    endloop
  endfacet
  facet normal 0.0328488 -0.999456 0.00282018
    outer loop
      vertex 128.31 15.0988 259.5
      vertex 128.21 15.1 261.085
      vertex 128.21 15.0955 259.5
    endloop
  endfacet
  facet normal 0.0328489 -0.999456 0.00282019
    outer loop
      vertex 128.21 15.1 261.085
      vertex 128.31 15.0988 259.5
      vertex 128.31 15.1041 261.375
    endloop
  endfacet
  facet normal 0.0150579 -0.999852 0.00833528
    outer loop
      vertex 117.118 14.6892 241.019
      vertex 117.218 14.6726 238.837
      vertex 117.218 14.693 241.293
    endloop
  endfacet
  facet normal 0.0150548 -0.999852 0.00833514
    outer loop
      vertex 117.218 14.6726 238.837
      vertex 117.118 14.6892 241.019
      vertex 117.118 14.6687 238.549
    endloop
  endfacet
  facet normal 0.0150569 -0.999852 0.00833609
    outer loop
      vertex 128.21 15.1101 271.473
      vertex 128.31 15.1055 270.729
      vertex 128.31 15.1139 271.747
    endloop
  endfacet
  facet normal 0.0150542 -0.999852 0.00833574
    outer loop
      vertex 128.31 15.1055 270.729
      vertex 128.21 15.1101 271.473
      vertex 128.21 15.1015 270.441
    endloop
  endfacet
  facet normal 0.0455825 -0.998958 -0.00229494
    outer loop
      vertex 117.118 14.6687 238.549
      vertex 117.218 14.688 232.138
      vertex 117.218 14.6726 238.837
    endloop
  endfacet
  facet normal 0.0455833 -0.998958 -0.00229493
    outer loop
      vertex 117.218 14.688 232.138
      vertex 117.118 14.6687 238.549
      vertex 117.118 14.684 231.861
    endloop
  endfacet
  facet normal 0.045586 -0.998958 -0.00229494
    outer loop
      vertex 128.21 15.1015 270.441
      vertex 128.31 15.1236 262.835
      vertex 128.31 15.1055 270.729
    endloop
  endfacet
  facet normal 0.0455864 -0.998958 -0.00229494
    outer loop
      vertex 128.31 15.1236 262.835
      vertex 128.21 15.1015 270.441
      vertex 128.21 15.1197 262.558
    endloop
  endfacet
  facet normal 0.0289141 -0.999578 0.00286926
    outer loop
      vertex 117.118 14.6404 249.984
      vertex 117.218 14.6383 248.25
      vertex 117.218 14.6441 250.256
    endloop
  endfacet
  facet normal 0.028921 -0.999578 0.00286966
    outer loop
      vertex 117.218 14.6383 248.25
      vertex 117.118 14.6404 249.984
      vertex 117.118 14.6346 247.965
    endloop
  endfacet
  facet normal 0.0289268 -0.999577 0.00286925
    outer loop
      vertex 128.21 15.0481 280.199
      vertex 128.31 15.05 279.873
      vertex 128.31 15.0518 280.471
    endloop
  endfacet
  facet normal 0.0289257 -0.999577 0.00286892
    outer loop
      vertex 128.31 15.05 279.873
      vertex 128.21 15.0481 280.199
      vertex 128.21 15.0463 279.588
    endloop
  endfacet
  facet normal 0.059433 -0.998201 -0.00785106
    outer loop
      vertex 117.118 14.6346 247.965
      vertex 117.218 14.693 241.293
      vertex 117.218 14.6383 248.25
    endloop
  endfacet
  facet normal 0.0594333 -0.998201 -0.00785106
    outer loop
      vertex 117.218 14.693 241.293
      vertex 117.118 14.6346 247.965
      vertex 117.118 14.6892 241.019
    endloop
  endfacet
  facet normal 0.0594363 -0.998201 -0.00785105
    outer loop
      vertex 128.21 15.0463 279.588
      vertex 128.31 15.1139 271.747
      vertex 128.31 15.05 279.873
    endloop
  endfacet
  facet normal 0.0594378 -0.998201 -0.00785103
    outer loop
      vertex 128.31 15.1139 271.747
      vertex 128.21 15.0463 279.588
      vertex 128.21 15.1101 271.473
    endloop
  endfacet
  facet normal 0.0439349 -0.99903 -0.00305943
    outer loop
      vertex 128.21 14.9317 288.734
      vertex 128.31 14.9359 288.806
      vertex 128.31 14.9353 289.004
    endloop
  endfacet
  facet normal 0.0439323 -0.99903 -0.00305587
    outer loop
      vertex 128.31 14.9359 288.806
      vertex 128.21 14.9317 288.734
      vertex 128.21 14.9323 288.523
    endloop
  endfacet
  facet normal 0.0744121 -0.997131 -0.0138639
    outer loop
      vertex 117.118 14.5498 256.5
      vertex 117.218 14.6441 250.256
      vertex 117.218 14.5573 256.5
    endloop
  endfacet
  facet normal 0.0744062 -0.997132 -0.013864
    outer loop
      vertex 117.218 14.6441 250.256
      vertex 117.118 14.5498 256.5
      vertex 117.118 14.6404 249.984
    endloop
  endfacet
  facet normal 0.0744205 -0.997131 -0.0138638
    outer loop
      vertex 128.21 14.9323 288.523
      vertex 128.31 15.0518 280.471
      vertex 128.31 14.9359 288.806
    endloop
  endfacet
  facet normal 0.074417 -0.997131 -0.0138639
    outer loop
      vertex 128.31 15.0518 280.471
      vertex 128.21 14.9323 288.523
      vertex 128.21 15.0481 280.199
    endloop
  endfacet
  facet normal 0.0601488 -0.998144 -0.00949651
    outer loop
      vertex 42.2939 11.7696 66.6377
      vertex 42.2798 11.7691 66.6
      vertex 42.2939 11.7699 66.6
    endloop
  endfacet
  facet normal 0.0906522 -0.995674 -0.0203858
    outer loop
      vertex 128.21 14.8378 293.318
      vertex 128.31 14.9353 289.004
      vertex 128.31 14.8469 293.318
    endloop
  endfacet
  facet normal 0.0906517 -0.995674 -0.0203859
    outer loop
      vertex 128.31 14.9353 289.004
      vertex 128.21 14.8378 293.318
      vertex 128.21 14.9317 288.734
    endloop
  endfacet
  facet normal 0.0778281 -0.99683 -0.0164877
    outer loop
      vertex 42.1939 11.6 76.2575
      vertex 42.2939 11.7629 66.8806
      vertex 42.2939 11.6034 76.5237
    endloop
  endfacet
  facet normal 0.077821 -0.996831 -0.0164878
    outer loop
      vertex 42.2939 11.7629 66.8806
      vertex 42.1939 11.6 76.2575
      vertex 42.1939 11.7597 66.6025
    endloop
  endfacet
  facet normal 0.108201 -0.99375 -0.0274503
    outer loop
      vertex 42.1939 11.7597 66.6025
      vertex 42.2939 11.7696 66.6377
      vertex 42.2939 11.7629 66.8806
    endloop
  endfacet
  facet normal 0.108207 -0.993747 -0.0275214
    outer loop
      vertex 42.2798 11.7691 66.6
      vertex 42.1939 11.7597 66.6025
      vertex 42.1939 11.7597 66.6
    endloop
  endfacet
  facet normal 0.108209 -0.993748 -0.0274738
    outer loop
      vertex 42.1939 11.7597 66.6025
      vertex 42.2798 11.7691 66.6
      vertex 42.2939 11.7696 66.6377
    endloop
  endfacet
  facet normal 0.0971998 -0.994971 -0.0241901
    outer loop
      vertex 42.1939 11.3593 85.8891
      vertex 42.2939 11.5823 77.1163
      vertex 42.2939 11.3626 86.1533
    endloop
  endfacet
  facet normal 0.0971988 -0.994971 -0.0241901
    outer loop
      vertex 42.2939 11.5823 77.1163
      vertex 42.1939 11.3593 85.8891
      vertex 42.1939 11.5792 76.8405
    endloop
  endfacet
  facet normal 0.127498 -0.991213 -0.0352205
    outer loop
      vertex 42.1939 11.5792 76.8405
      vertex 42.2939 11.6034 76.5237
      vertex 42.2939 11.5823 77.1163
    endloop
  endfacet
  facet normal 0.1275 -0.991213 -0.0352198
    outer loop
      vertex 42.2939 11.6034 76.5237
      vertex 42.1939 11.5792 76.8405
      vertex 42.1939 11.6 76.2575
    endloop
  endfacet
  facet normal 0.118552 -0.992409 -0.0327022
    outer loop
      vertex 42.1939 11.2958 87.5
      vertex 42.2939 11.3219 87.0713
      vertex 42.2939 11.3078 87.5
    endloop
  endfacet
  facet normal 0.11855 -0.992409 -0.0327026
    outer loop
      vertex 42.2939 11.3219 87.0713
      vertex 42.1939 11.2958 87.5
      vertex 42.1939 11.319 86.7978
    endloop
  endfacet
  facet normal 0.14874 -0.987906 -0.0437897
    outer loop
      vertex 42.1939 11.319 86.7978
      vertex 42.2939 11.3626 86.1533
      vertex 42.2939 11.3219 87.0713
    endloop
  endfacet
  facet normal 0.148745 -0.987906 -0.0437889
    outer loop
      vertex 42.2939 11.3626 86.1533
      vertex 42.1939 11.319 86.7978
      vertex 42.1939 11.3593 85.8891
    endloop
  endfacet
  facet normal 0.0300266 0.998865 -0.0369715
    outer loop
      vertex 42.2939 -5.02453 87.5
      vertex 42.1939 -5.02895 87.2992
      vertex 42.2732 -5.0239 87.5
    endloop
  endfacet
  facet normal 0.0300212 0.998865 -0.0369688
    outer loop
      vertex 42.2939 -5.3536 78.6087
      vertex 42.1939 -5.02895 87.2992
      vertex 42.2939 -5.02453 87.5
    endloop
  endfacet
  facet normal 0.0300201 0.998865 -0.0369688
    outer loop
      vertex 42.1939 -5.02895 87.2992
      vertex 42.2939 -5.3536 78.6087
      vertex 42.1939 -5.36038 78.3442
    endloop
  endfacet
  facet normal -0.000499243 0.999689 -0.0249471
    outer loop
      vertex 42.2732 -5.0239 87.5
      vertex 42.1939 -5.02895 87.2992
      vertex 42.1939 -5.02394 87.5
    endloop
  endfacet
  facet normal 0.0178127 0.999304 -0.032781
    outer loop
      vertex 42.2939 -5.67911 68.4488
      vertex 42.1939 -5.37372 77.7041
      vertex 42.2939 -5.36713 77.9593
    endloop
  endfacet
  facet normal 0.0178137 0.999304 -0.032781
    outer loop
      vertex 42.1939 -5.37372 77.7041
      vertex 42.2939 -5.67911 68.4488
      vertex 42.1939 -5.68607 68.1823
    endloop
  endfacet
  facet normal -0.0127164 0.999702 -0.0208291
    outer loop
      vertex 42.2939 -5.36713 77.9593
      vertex 42.1939 -5.36038 78.3442
      vertex 42.2939 -5.3536 78.6087
    endloop
  endfacet
  facet normal -0.0127165 0.999702 -0.0208291
    outer loop
      vertex 42.1939 -5.36038 78.3442
      vertex 42.2939 -5.36713 77.9593
      vertex 42.1939 -5.37372 77.7041
    endloop
  endfacet
  facet normal 0.00762354 0.999539 -0.0293841
    outer loop
      vertex 42.2939 -5.7299 66.6
      vertex 42.1939 -5.69115 67.8922
      vertex 42.2939 -5.68436 68.1493
    endloop
  endfacet
  facet normal 0.00762123 0.999539 -0.0293842
    outer loop
      vertex 42.1939 -5.69115 67.8922
      vertex 42.2939 -5.7299 66.6
      vertex 42.1939 -5.72914 66.6
    endloop
  endfacet
  facet normal 0.00762193 0.999539 -0.0293819
    outer loop
      vertex 128.31 0.153947 289.061
      vertex 128.21 0.152533 288.987
      vertex 128.31 0.159326 289.244
    endloop
  endfacet
  facet normal 0.00762293 0.999539 -0.0293832
    outer loop
      vertex 128.21 0.152533 288.987
      vertex 128.31 0.153947 289.061
      vertex 128.21 0.146814 288.793
    endloop
  endfacet
  facet normal -0.0229132 0.999584 -0.0175061
    outer loop
      vertex 128.31 0.159326 289.244
      vertex 128.21 0.228384 293.318
      vertex 128.31 0.230676 293.318
    endloop
  endfacet
  facet normal -0.0229107 0.999584 -0.017506
    outer loop
      vertex 128.21 0.228384 293.318
      vertex 128.31 0.159326 289.244
      vertex 128.21 0.152533 288.987
    endloop
  endfacet
  facet normal -0.0229094 0.999584 -0.0175067
    outer loop
      vertex 42.2939 -5.68436 68.1493
      vertex 42.1939 -5.68607 68.1823
      vertex 42.2939 -5.67911 68.4488
    endloop
  endfacet
  facet normal -0.0229093 0.999584 -0.0175065
    outer loop
      vertex 42.1939 -5.68607 68.1823
      vertex 42.2939 -5.68436 68.1493
      vertex 42.1939 -5.69115 67.8922
    endloop
  endfacet
  facet normal -0.000627421 0.999642 -0.0267395
    outer loop
      vertex 117.218 -0.794865 250.213
      vertex 117.118 -0.751513 251.836
      vertex 117.218 -0.744525 252.095
    endloop
  endfacet
  facet normal -0.000629885 0.999642 -0.0267397
    outer loop
      vertex 117.118 -0.751513 251.836
      vertex 117.218 -0.794865 250.213
      vertex 117.118 -0.80217 249.942
    endloop
  endfacet
  facet normal -0.000626 0.999642 -0.0267402
    outer loop
      vertex 128.31 0.0154057 280.244
      vertex 128.21 0.0236861 280.556
      vertex 128.31 0.0306745 280.815
    endloop
  endfacet
  facet normal -0.000622945 0.999642 -0.0267392
    outer loop
      vertex 128.21 0.0236861 280.556
      vertex 128.31 0.0154057 280.244
      vertex 128.21 0.00810113 279.973
    endloop
  endfacet
  facet normal -0.0311628 0.999403 -0.0149395
    outer loop
      vertex 117.218 -0.744525 252.095
      vertex 117.118 -0.681792 256.5
      vertex 117.218 -0.678674 256.5
    endloop
  endfacet
  facet normal -0.0311627 0.999403 -0.0149395
    outer loop
      vertex 117.118 -0.681792 256.5
      vertex 117.218 -0.744525 252.095
      vertex 117.118 -0.751513 251.836
    endloop
  endfacet
  facet normal -0.0311645 0.999403 -0.0149395
    outer loop
      vertex 128.31 0.0306745 280.815
      vertex 128.21 0.146814 288.793
      vertex 128.31 0.153947 289.061
    endloop
  endfacet
  facet normal -0.0311652 0.999403 -0.0149396
    outer loop
      vertex 128.21 0.146814 288.793
      vertex 128.31 0.0306745 280.815
      vertex 128.21 0.0236861 280.556
    endloop
  endfacet
  facet normal -0.0786421 0.996885 -0.00599402
    outer loop
      vertex 197.421 4.72393 293.318
      vertex 197.321 4.72856 295.4
      vertex 197.421 4.73645 295.4
    endloop
  endfacet
  facet normal -0.0786469 0.996885 -0.00599425
    outer loop
      vertex 197.321 4.72856 295.4
      vertex 197.421 4.72393 293.318
      vertex 197.321 4.71604 293.318
    endloop
  endfacet
  facet normal -0.098007 -0.993946 0.0496499
    outer loop
      vertex 197.321 13.1949 293.318
      vertex 197.421 13.289 295.4
      vertex 197.321 13.2988 295.4
    endloop
  endfacet
  facet normal -0.098007 -0.993946 0.0496499
    outer loop
      vertex 197.421 13.289 295.4
      vertex 197.321 13.1949 293.318
      vertex 197.421 13.185 293.318
    endloop
  endfacet
  facet normal 0.0906476 -0.995623 -0.0227617
    outer loop
      vertex 128.21 14.8378 293.318
      vertex 128.31 14.7993 295.4
      vertex 128.21 14.7902 295.4
    endloop
  endfacet
  facet normal 0.0906476 -0.995623 -0.0227617
    outer loop
      vertex 128.31 14.7993 295.4
      vertex 128.21 14.8378 293.318
      vertex 128.31 14.8469 293.318
    endloop
  endfacet
  facet normal -0.0229138 0.999608 -0.0160629
    outer loop
      vertex 128.31 0.230676 293.318
      vertex 128.21 0.261837 295.4
      vertex 128.31 0.264129 295.4
    endloop
  endfacet
  facet normal -0.0229138 0.999608 -0.0160629
    outer loop
      vertex 128.21 0.261837 295.4
      vertex 128.31 0.230676 293.318
      vertex 128.21 0.228384 293.318
    endloop
  endfacet
  facet normal -0 0 1
    outer loop
      vertex 117.168 0.71882 66.6
      vertex 117.218 -3.25925 66.6
      vertex 117.218 0.722097 66.6
    endloop
  endfacet
  facet normal 0 0 1
    outer loop
      vertex 117.118 -3.26407 66.6
      vertex 117.168 0.71882 66.6
      vertex 117.118 0.722097 66.6
    endloop
  endfacet
  facet normal 0 0 1
    outer loop
      vertex 117.168 0.71882 66.6
      vertex 117.118 -3.26407 66.6
      vertex 117.218 -3.25925 66.6
    endloop
  endfacet
  facet normal 0 0 1
    outer loop
      vertex 117.218 8.64971 66.6
      vertex 117.168 6.24882 66.6
      vertex 117.218 6.24554 66.6
    endloop
  endfacet
  facet normal 0 0 1
    outer loop
      vertex 117.118 6.24554 66.6
      vertex 117.218 8.64971 66.6
      vertex 117.118 8.6616 66.6
    endloop
  endfacet
  facet normal 0 0 1
    outer loop
      vertex 117.218 8.64971 66.6
      vertex 117.118 6.24554 66.6
      vertex 117.168 6.24882 66.6
    endloop
  endfacet
  facet normal 1 0 0
    outer loop
      vertex 117.118 7.78591 186.554
      vertex 117.118 7.24347 197.794
      vertex 117.118 7.50688 170.602
    endloop
  endfacet
  facet normal 1 0 0
    outer loop
      vertex 117.118 14.6447 228.918
      vertex 117.118 14.5649 219.064
      vertex 117.118 14.6266 222.502
    endloop
  endfacet
  facet normal 1 -0 0
    outer loop
      vertex 117.118 6.24554 252.5
      vertex 117.118 14.6404 249.984
      vertex 117.118 14.5498 256.5
    endloop
  endfacet
  facet normal 1 0 0
    outer loop
      vertex 117.118 14.6404 249.984
      vertex 117.118 6.24554 252.5
      vertex 117.118 14.6346 247.965
    endloop
  endfacet
  facet normal 1 0 0
    outer loop
      vertex 117.118 14.6447 228.918
      vertex 117.118 6.24554 252.5
      vertex 117.118 14.5649 219.064
    endloop
  endfacet
  facet normal 1 0 -0
    outer loop
      vertex 117.118 7.24347 197.794
      vertex 117.118 14.5649 219.064
      vertex 117.118 6.24554 252.5
    endloop
  endfacet
  facet normal 1 0 0
    outer loop
      vertex 117.118 14.5649 219.064
      vertex 117.118 7.24347 197.794
      vertex 117.118 14.519 212.94
    endloop
  endfacet
  facet normal 1 0 0
    outer loop
      vertex 117.118 14.519 212.94
      vertex 117.118 7.24347 197.794
      vertex 117.118 14.4317 208.987
    endloop
  endfacet
  facet normal 1 0 0
    outer loop
      vertex 117.118 14.4317 208.987
      vertex 117.118 7.24347 197.794
      vertex 117.118 14.3635 203.178
    endloop
  endfacet
  facet normal 1 0 0
    outer loop
      vertex 117.118 14.2472 198.696
      vertex 117.118 10.7232 198.297
      vertex 117.118 14.1614 193.229
    endloop
  endfacet
  facet normal 1 0 -0
    outer loop
      vertex 117.118 11.2929 186.493
      vertex 117.118 14.1614 193.229
      vertex 117.118 10.7232 198.297
    endloop
  endfacet
  facet normal 1 0 0
    outer loop
      vertex 117.118 14.1614 193.229
      vertex 117.118 11.2929 186.493
      vertex 117.118 14.0124 188.202
    endloop
  endfacet
  facet normal 1 0 0
    outer loop
      vertex 117.118 14.0124 188.202
      vertex 117.118 11.2929 186.493
      vertex 117.118 13.9131 183.097
    endloop
  endfacet
  facet normal 1 0 0
    outer loop
      vertex 117.118 13.9131 183.097
      vertex 117.118 11.2929 186.493
      vertex 117.118 13.7279 177.503
    endloop
  endfacet
  facet normal 1 0 0
    outer loop
      vertex 117.118 13.7279 177.503
      vertex 117.118 11.0238 171.11
      vertex 117.118 13.6191 172.777
    endloop
  endfacet
  facet normal 1 0 0
    outer loop
      vertex 117.118 13.6191 172.777
      vertex 117.118 11.0238 171.11
      vertex 117.118 13.3938 166.589
    endloop
  endfacet
  facet normal 1 -0 0
    outer loop
      vertex 117.118 7.50688 170.602
      vertex 117.118 13.3938 166.589
      vertex 117.118 11.0238 171.11
    endloop
  endfacet
  facet normal 1 0 0
    outer loop
      vertex 117.118 13.3938 166.589
      vertex 117.118 7.50688 170.602
      vertex 117.118 13.2794 162.254
    endloop
  endfacet
  facet normal 1 0 0
    outer loop
      vertex 117.118 13.2794 162.254
      vertex 117.118 7.50688 170.602
      vertex 117.118 13.0108 155.459
    endloop
  endfacet
  facet normal 1 0 0
    outer loop
      vertex 117.118 13.0108 155.459
      vertex 117.118 7.50688 170.602
      vertex 117.118 12.8947 151.538
    endloop
  endfacet
  facet normal 1 0 0
    outer loop
      vertex 117.118 12.8947 151.538
      vertex 117.118 7.50688 170.602
      vertex 117.118 12.5791 144.114
    endloop
  endfacet
  facet normal 1 0 0
    outer loop
      vertex 117.118 12.5791 144.114
      vertex 117.118 7.50688 170.602
      vertex 117.118 12.4651 140.625
    endloop
  endfacet
  facet normal 1 0 0
    outer loop
      vertex 117.118 12.4651 140.625
      vertex 117.118 7.50688 170.602
      vertex 117.118 12.0988 132.557
    endloop
  endfacet
  facet normal 1 0 0
    outer loop
      vertex 117.118 12.0988 132.557
      vertex 117.118 7.50688 170.602
      vertex 117.118 11.9906 129.521
    endloop
  endfacet
  facet normal 1 0 0
    outer loop
      vertex 117.118 11.0238 171.11
      vertex 117.118 13.7279 177.503
      vertex 117.118 11.2929 186.493
    endloop
  endfacet
  facet normal 1 0 0
    outer loop
      vertex 117.118 14.3635 203.178
      vertex 117.118 10.7232 198.297
      vertex 117.118 14.2472 198.696
    endloop
  endfacet
  facet normal 1 0 0
    outer loop
      vertex 117.118 14.3635 203.178
      vertex 117.118 7.24347 197.794
      vertex 117.118 10.7232 198.297
    endloop
  endfacet
  facet normal 1 -0 0
    outer loop
      vertex 117.118 -0.681792 256.5
      vertex 117.118 6.24554 252.5
      vertex 117.118 14.5498 256.5
    endloop
  endfacet
  facet normal 1 0 0
    outer loop
      vertex 117.118 6.24554 252.5
      vertex 117.118 -0.681792 256.5
      vertex 117.118 0.722097 252.5
    endloop
  endfacet
  facet normal 1 0 0
    outer loop
      vertex 117.118 -0.751513 251.836
      vertex 117.118 0.722097 252.5
      vertex 117.118 -0.681792 256.5
    endloop
  endfacet
  facet normal 1 0 0
    outer loop
      vertex 117.118 -0.80217 249.942
      vertex 117.118 0.722097 252.5
      vertex 117.118 -0.751513 251.836
    endloop
  endfacet
  facet normal 1 0 0
    outer loop
      vertex 117.118 0.722097 252.5
      vertex 117.118 -0.80217 249.942
      vertex 117.118 -0.891335 243.029
    endloop
  endfacet
  facet normal 1 0 0
    outer loop
      vertex 117.118 -0.948502 240.706
      vertex 117.118 0.722097 252.5
      vertex 117.118 -0.891335 243.029
    endloop
  endfacet
  facet normal 1 0 0
    outer loop
      vertex 117.118 0.722097 252.5
      vertex 117.118 -0.948502 240.706
      vertex 117.118 -1.02262 234.056
    endloop
  endfacet
  facet normal 1 0 0
    outer loop
      vertex 117.118 -1.0857 231.286
      vertex 117.118 0.722097 252.5
      vertex 117.118 -1.02262 234.056
    endloop
  endfacet
  facet normal 1 0 0
    outer loop
      vertex 117.118 0.722097 252.5
      vertex 117.118 -1.0857 231.286
      vertex 117.118 -1.14721 224.925
    endloop
  endfacet
  facet normal 1 0 0
    outer loop
      vertex 117.118 -1.26701 215.622
      vertex 117.118 0.722097 252.5
      vertex 117.118 -1.14721 224.925
    endloop
  endfacet
  facet normal 1 0 0
    outer loop
      vertex 117.118 -1.26701 215.622
      vertex 117.118 -1.14721 224.925
      vertex 117.118 -1.21568 221.698
    endloop
  endfacet
  facet normal 1 0 0
    outer loop
      vertex 117.118 -1.38399 206.144
      vertex 117.118 0.722097 252.5
      vertex 117.118 -1.26701 215.622
    endloop
  endfacet
  facet normal 1 0 0
    outer loop
      vertex 117.118 -1.38399 206.144
      vertex 117.118 -1.26701 215.622
      vertex 117.118 -1.3409 211.91
    endloop
  endfacet
  facet normal 1 0 0
    outer loop
      vertex 117.118 -1.49986 196.495
      vertex 117.118 0.722097 252.5
      vertex 117.118 -1.38399 206.144
    endloop
  endfacet
  facet normal 1 0 0
    outer loop
      vertex 117.118 -1.49986 196.495
      vertex 117.118 -1.38399 206.144
      vertex 117.118 -1.46331 201.935
    endloop
  endfacet
  facet normal 1 0 0
    outer loop
      vertex 117.118 0.722097 252.5
      vertex 117.118 -1.49986 196.495
      vertex 117.118 0.722097 66.6
    endloop
  endfacet
  facet normal 1 -0 0
    outer loop
      vertex 117.118 -1.58489 191.771
      vertex 117.118 0.722097 66.6
      vertex 117.118 -1.49986 196.495
    endloop
  endfacet
  facet normal 1 -0 0
    outer loop
      vertex 117.118 -1.61646 186.664
      vertex 117.118 0.722097 66.6
      vertex 117.118 -1.58489 191.771
    endloop
  endfacet
  facet normal 1 -0 0
    outer loop
      vertex 117.118 -1.70795 181.398
      vertex 117.118 0.722097 66.6
      vertex 117.118 -1.61646 186.664
    endloop
  endfacet
  facet normal 1 -0 0
    outer loop
      vertex 117.118 -1.73552 176.65
      vertex 117.118 0.722097 66.6
      vertex 117.118 -1.70795 181.398
    endloop
  endfacet
  facet normal 1 -0 0
    outer loop
      vertex 117.118 -1.83387 170.835
      vertex 117.118 0.722097 66.6
      vertex 117.118 -1.73552 176.65
    endloop
  endfacet
  facet normal 1 -0 0
    outer loop
      vertex 117.118 -1.85809 166.461
      vertex 117.118 0.722097 66.6
      vertex 117.118 -1.83387 170.835
    endloop
  endfacet
  facet normal 1 -0 0
    outer loop
      vertex 117.118 -1.96376 160.078
      vertex 117.118 0.722097 66.6
      vertex 117.118 -1.85809 166.461
    endloop
  endfacet
  facet normal 1 -0 0
    outer loop
      vertex 117.118 -1.9852 156.088
      vertex 117.118 0.722097 66.6
      vertex 117.118 -1.96376 160.078
    endloop
  endfacet
  facet normal 1 -0 0
    outer loop
      vertex 117.118 -2.09898 149.107
      vertex 117.118 0.722097 66.6
      vertex 117.118 -1.9852 156.088
    endloop
  endfacet
  facet normal 1 -0 0
    outer loop
      vertex 117.118 -2.1181 145.521
      vertex 117.118 0.722097 66.6
      vertex 117.118 -2.09898 149.107
    endloop
  endfacet
  facet normal 1 -0 0
    outer loop
      vertex 117.118 -2.24085 137.927
      vertex 117.118 0.722097 66.6
      vertex 117.118 -2.1181 145.521
    endloop
  endfacet
  facet normal 1 -0 0
    outer loop
      vertex 117.118 -2.25806 134.758
      vertex 117.118 0.722097 66.6
      vertex 117.118 -2.24085 137.927
    endloop
  endfacet
  facet normal 1 -0 0
    outer loop
      vertex 117.118 -2.39127 126.52
      vertex 117.118 0.722097 66.6
      vertex 117.118 -2.25806 134.758
    endloop
  endfacet
  facet normal 1 -0 0
    outer loop
      vertex 117.118 -2.40664 123.789
      vertex 117.118 0.722097 66.6
      vertex 117.118 -2.39127 126.52
    endloop
  endfacet
  facet normal 1 -0 0
    outer loop
      vertex 117.118 -2.55142 114.896
      vertex 117.118 0.722097 66.6
      vertex 117.118 -2.40664 123.789
    endloop
  endfacet
  facet normal 1 -0 0
    outer loop
      vertex 117.118 -2.56478 112.621
      vertex 117.118 0.722097 66.6
      vertex 117.118 -2.55142 114.896
    endloop
  endfacet
  facet normal 1 -0 0
    outer loop
      vertex 117.118 -2.72207 103.047
      vertex 117.118 0.722097 66.6
      vertex 117.118 -2.56478 112.621
    endloop
  endfacet
  facet normal 1 -0 0
    outer loop
      vertex 117.118 -2.73315 101.247
      vertex 117.118 0.722097 66.6
      vertex 117.118 -2.72207 103.047
    endloop
  endfacet
  facet normal 1 -0 0
    outer loop
      vertex 117.118 -2.9039 90.9729
      vertex 117.118 0.722097 66.6
      vertex 117.118 -2.73315 101.247
    endloop
  endfacet
  facet normal 1 -0 0
    outer loop
      vertex 117.118 -2.97605 79.6767
      vertex 117.118 0.722097 66.6
      vertex 117.118 -2.9039 90.9729
    endloop
  endfacet
  facet normal 1 0 0
    outer loop
      vertex 117.118 0.722097 66.6
      vertex 117.118 -2.97605 79.6767
      vertex 117.118 -3.26407 66.6
    endloop
  endfacet
  facet normal 1 0 0
    outer loop
      vertex 117.118 6.24554 252.5
      vertex 117.118 14.6892 241.019
      vertex 117.118 14.6346 247.965
    endloop
  endfacet
  facet normal 1 0 0
    outer loop
      vertex 117.118 14.6892 241.019
      vertex 117.118 6.24554 252.5
      vertex 117.118 14.6687 238.549
    endloop
  endfacet
  facet normal 1 0 0
    outer loop
      vertex 117.118 14.684 231.861
      vertex 117.118 6.24554 252.5
      vertex 117.118 14.6447 228.918
    endloop
  endfacet
  facet normal 1 0 0
    outer loop
      vertex 117.118 6.24554 252.5
      vertex 117.118 14.684 231.861
      vertex 117.118 14.6687 238.549
    endloop
  endfacet
  facet normal 1 0 0
    outer loop
      vertex 117.118 11.9906 129.521
      vertex 117.118 7.50688 170.602
      vertex 117.118 11.5693 120.779
    endloop
  endfacet
  facet normal 1 0 0
    outer loop
      vertex 117.118 11.5693 120.779
      vertex 117.118 7.50688 170.602
      vertex 117.118 11.4705 118.211
    endloop
  endfacet
  facet normal 1 0 0
    outer loop
      vertex 117.118 11.4705 118.211
      vertex 117.118 7.50688 170.602
      vertex 117.118 10.9903 108.779
    endloop
  endfacet
  facet normal 1 0 0
    outer loop
      vertex 117.118 10.9903 108.779
      vertex 117.118 7.50688 170.602
      vertex 117.118 10.9043 106.699
    endloop
  endfacet
  facet normal 1 0 0
    outer loop
      vertex 117.118 6.24554 66.6
      vertex 117.118 10.9043 106.699
      vertex 117.118 7.50688 170.602
    endloop
  endfacet
  facet normal 1 0 0
    outer loop
      vertex 117.118 10.9043 106.699
      vertex 117.118 6.24554 66.6
      vertex 117.118 10.3606 96.5481
    endloop
  endfacet
  facet normal 1 0 0
    outer loop
      vertex 117.118 10.3606 96.5481
      vertex 117.118 6.24554 66.6
      vertex 117.118 10.2913 94.9747
    endloop
  endfacet
  facet normal 1 0 0
    outer loop
      vertex 117.118 10.2913 94.9747
      vertex 117.118 6.24554 66.6
      vertex 117.118 9.68036 84.0941
    endloop
  endfacet
  facet normal 1 0 0
    outer loop
      vertex 117.118 9.68036 84.0941
      vertex 117.118 6.24554 66.6
      vertex 117.118 9.63151 83.0481
    endloop
  endfacet
  facet normal 1 0 0
    outer loop
      vertex 117.118 9.63151 83.0481
      vertex 117.118 6.24554 66.6
      vertex 117.118 8.94805 71.3917
    endloop
  endfacet
  facet normal 1 0 0
    outer loop
      vertex 117.118 8.94805 71.3917
      vertex 117.118 6.24554 66.6
      vertex 117.118 8.92343 70.8921
    endloop
  endfacet
  facet normal 1 0 0
    outer loop
      vertex 117.118 6.24554 252.5
      vertex 117.118 7.50688 170.602
      vertex 117.118 7.24347 197.794
    endloop
  endfacet
  facet normal 1 0 0
    outer loop
      vertex 117.118 6.24554 66.6
      vertex 117.118 7.50688 170.602
      vertex 117.118 6.24554 252.5
    endloop
  endfacet
  facet normal 1 0 0
    outer loop
      vertex 117.118 8.92343 70.8921
      vertex 117.118 6.24554 66.6
      vertex 117.118 8.6616 66.6
    endloop
  endfacet
  facet normal 0 0 -1
    outer loop
      vertex 117.118 14.5498 256.5
      vertex 117.218 -0.678674 256.5
      vertex 117.118 -0.681792 256.5
    endloop
  endfacet
  facet normal 0 0 -1
    outer loop
      vertex 117.218 -0.678674 256.5
      vertex 117.118 14.5498 256.5
      vertex 117.218 14.5573 256.5
    endloop
  endfacet
  facet normal -1 0 0
    outer loop
      vertex 117.218 6.24554 252.5
      vertex 117.218 14.688 232.138
      vertex 117.218 14.6488 229.208
    endloop
  endfacet
  facet normal -1 0 0
    outer loop
      vertex 117.218 6.24554 252.5
      vertex 117.218 14.693 241.293
      vertex 117.218 14.6726 238.837
    endloop
  endfacet
  facet normal -1 0 0
    outer loop
      vertex 117.218 14.688 232.138
      vertex 117.218 6.24554 252.5
      vertex 117.218 14.6726 238.837
    endloop
  endfacet
  facet normal -1 0 0
    outer loop
      vertex 117.218 6.24554 252.5
      vertex 117.218 14.6488 229.208
      vertex 117.218 14.6307 222.781
    endloop
  endfacet
  facet normal -1 0 0
    outer loop
      vertex 117.218 7.23814 198.041
      vertex 117.218 14.6307 222.781
      vertex 117.218 14.5693 219.357
    endloop
  endfacet
  facet normal -1 0 0
    outer loop
      vertex 117.218 6.24554 252.5
      vertex 117.218 14.6441 250.256
      vertex 117.218 14.6383 248.25
    endloop
  endfacet
  facet normal -1 0 0
    outer loop
      vertex 117.218 14.693 241.293
      vertex 117.218 6.24554 252.5
      vertex 117.218 14.6383 248.25
    endloop
  endfacet
  facet normal -1 0 0
    outer loop
      vertex 117.218 7.23814 198.041
      vertex 117.218 14.5693 219.357
      vertex 117.218 14.5233 213.221
    endloop
  endfacet
  facet normal -1 0 0
    outer loop
      vertex 117.218 7.23814 198.041
      vertex 117.218 14.5233 213.221
      vertex 117.218 14.4362 209.282
    endloop
  endfacet
  facet normal -1 0 0
    outer loop
      vertex 117.218 7.23814 198.041
      vertex 117.218 14.4362 209.282
      vertex 117.218 14.3679 203.461
    endloop
  endfacet
  facet normal -1 0 0
    outer loop
      vertex 117.218 10.7179 198.543
      vertex 117.218 14.3679 203.461
      vertex 117.218 14.2519 198.994
    endloop
  endfacet
  facet normal -1 0 0
    outer loop
      vertex 117.218 10.7179 198.543
      vertex 117.218 14.2519 198.994
      vertex 117.218 14.1659 193.515
    endloop
  endfacet
  facet normal -1 0 0
    outer loop
      vertex 117.218 11.2994 186.493
      vertex 117.218 14.1659 193.515
      vertex 117.218 14.0174 188.502
    endloop
  endfacet
  facet normal -1 0 0
    outer loop
      vertex 117.218 11.2994 186.493
      vertex 117.218 14.0174 188.502
      vertex 117.218 13.9179 183.385
    endloop
  endfacet
  facet normal -1 0 0
    outer loop
      vertex 117.218 11.2994 186.493
      vertex 117.218 13.9179 183.385
      vertex 117.218 13.7331 177.806
    endloop
  endfacet
  facet normal -1 0 0
    outer loop
      vertex 117.218 11.0347 171.359
      vertex 117.218 13.7331 177.806
      vertex 117.218 13.6241 173.067
    endloop
  endfacet
  facet normal -1 0 0
    outer loop
      vertex 117.218 11.0347 171.359
      vertex 117.218 13.6241 173.067
      vertex 117.218 13.3993 166.895
    endloop
  endfacet
  facet normal -1 0 0
    outer loop
      vertex 117.218 7.51778 170.851
      vertex 117.218 13.3993 166.895
      vertex 117.218 13.2846 162.547
    endloop
  endfacet
  facet normal -1 0 0
    outer loop
      vertex 117.218 7.51778 170.851
      vertex 117.218 13.2846 162.547
      vertex 117.218 13.0166 155.768
    endloop
  endfacet
  facet normal -1 0 0
    outer loop
      vertex 117.218 7.51778 170.851
      vertex 117.218 13.0166 155.768
      vertex 117.218 12.9002 151.834
    endloop
  endfacet
  facet normal -1 0 0
    outer loop
      vertex 117.218 7.51778 170.851
      vertex 117.218 12.9002 151.834
      vertex 117.218 12.5851 144.425
    endloop
  endfacet
  facet normal -1 0 0
    outer loop
      vertex 117.218 7.51778 170.851
      vertex 117.218 12.5851 144.425
      vertex 117.218 12.4707 140.923
    endloop
  endfacet
  facet normal -1 0 0
    outer loop
      vertex 117.218 7.51778 170.851
      vertex 117.218 12.4707 140.923
      vertex 117.218 12.1051 132.871
    endloop
  endfacet
  facet normal -1 0 0
    outer loop
      vertex 117.218 7.51778 170.851
      vertex 117.218 12.1051 132.871
      vertex 117.218 11.9965 129.822
    endloop
  endfacet
  facet normal -1 0 0
    outer loop
      vertex 117.218 7.51778 170.851
      vertex 117.218 11.9965 129.822
      vertex 117.218 11.576 121.096
    endloop
  endfacet
  facet normal -1 0 0
    outer loop
      vertex 117.218 7.51778 170.851
      vertex 117.218 11.576 121.096
      vertex 117.218 11.4766 118.514
    endloop
  endfacet
  facet normal -1 -0 0
    outer loop
      vertex 117.218 14.1659 193.515
      vertex 117.218 11.2994 186.493
      vertex 117.218 10.7179 198.543
    endloop
  endfacet
  facet normal -1 0 0
    outer loop
      vertex 117.218 7.23814 198.041
      vertex 117.218 14.3679 203.461
      vertex 117.218 10.7179 198.543
    endloop
  endfacet
  facet normal -1 -0 0
    outer loop
      vertex 117.218 14.6307 222.781
      vertex 117.218 7.23814 198.041
      vertex 117.218 6.24554 252.5
    endloop
  endfacet
  facet normal -1 0 0
    outer loop
      vertex 117.218 6.24554 252.5
      vertex 117.218 7.23814 198.041
      vertex 117.218 6.24554 66.6
    endloop
  endfacet
  facet normal -1 0 0
    outer loop
      vertex 117.218 14.6441 250.256
      vertex 117.218 6.24554 252.5
      vertex 117.218 14.5573 256.5
    endloop
  endfacet
  facet normal -1 0 0
    outer loop
      vertex 117.218 -0.678674 256.5
      vertex 117.218 6.24554 252.5
      vertex 117.218 0.722097 252.5
    endloop
  endfacet
  facet normal -1 0 0
    outer loop
      vertex 117.218 6.24554 252.5
      vertex 117.218 -0.678674 256.5
      vertex 117.218 14.5573 256.5
    endloop
  endfacet
  facet normal -1 0 0
    outer loop
      vertex 117.218 -1.49179 196.766
      vertex 117.218 0.722097 252.5
      vertex 117.218 0.722097 66.6
    endloop
  endfacet
  facet normal -1 -0 0
    outer loop
      vertex 117.218 0.722097 252.5
      vertex 117.218 -0.744525 252.095
      vertex 117.218 -0.678674 256.5
    endloop
  endfacet
  facet normal -1 0 -0
    outer loop
      vertex 117.218 -0.794865 250.213
      vertex 117.218 0.722097 252.5
      vertex 117.218 -0.884157 243.29
    endloop
  endfacet
  facet normal -1 0 0
    outer loop
      vertex 117.218 0.722097 252.5
      vertex 117.218 -0.794865 250.213
      vertex 117.218 -0.744525 252.095
    endloop
  endfacet
  facet normal -1 0 -0
    outer loop
      vertex 117.218 -0.941027 240.979
      vertex 117.218 0.722097 252.5
      vertex 117.218 -1.01526 234.319
    endloop
  endfacet
  facet normal -1 0 0
    outer loop
      vertex 117.218 0.722097 252.5
      vertex 117.218 -0.941027 240.979
      vertex 117.218 -0.884157 243.29
    endloop
  endfacet
  facet normal -1 0 -0
    outer loop
      vertex 117.218 -1.07806 231.562
      vertex 117.218 0.722097 252.5
      vertex 117.218 -1.13967 225.19
    endloop
  endfacet
  facet normal -1 0 0
    outer loop
      vertex 117.218 0.722097 252.5
      vertex 117.218 -1.07806 231.562
      vertex 117.218 -1.01526 234.319
    endloop
  endfacet
  facet normal -1 0 0
    outer loop
      vertex 117.218 0.722097 252.5
      vertex 117.218 -1.25929 215.889
      vertex 117.218 -1.13967 225.19
    endloop
  endfacet
  facet normal -1 0 0
    outer loop
      vertex 117.218 -1.13967 225.19
      vertex 117.218 -1.25929 215.889
      vertex 117.218 -1.20787 221.975
    endloop
  endfacet
  facet normal -1 0 0
    outer loop
      vertex 117.218 0.722097 252.5
      vertex 117.218 -1.3761 206.414
      vertex 117.218 -1.25929 215.889
    endloop
  endfacet
  facet normal -1 0 0
    outer loop
      vertex 117.218 -1.25929 215.889
      vertex 117.218 -1.3761 206.414
      vertex 117.218 -1.33293 212.19
    endloop
  endfacet
  facet normal -1 0 0
    outer loop
      vertex 117.218 0.722097 252.5
      vertex 117.218 -1.49179 196.766
      vertex 117.218 -1.3761 206.414
    endloop
  endfacet
  facet normal -1 0 0
    outer loop
      vertex 117.218 -1.3761 206.414
      vertex 117.218 -1.49179 196.766
      vertex 117.218 -1.45517 202.217
    endloop
  endfacet
  facet normal -1 0 0
    outer loop
      vertex 117.218 0.722097 66.6
      vertex 117.218 -1.57659 192.055
      vertex 117.218 -1.49179 196.766
    endloop
  endfacet
  facet normal -1 0 0
    outer loop
      vertex 117.218 0.722097 66.6
      vertex 117.218 -1.60822 186.937
      vertex 117.218 -1.57659 192.055
    endloop
  endfacet
  facet normal -1 0 0
    outer loop
      vertex 117.218 0.722097 66.6
      vertex 117.218 -1.69948 181.685
      vertex 117.218 -1.60822 186.937
    endloop
  endfacet
  facet normal -1 0 0
    outer loop
      vertex 117.218 0.722097 66.6
      vertex 117.218 -1.72711 176.926
      vertex 117.218 -1.69948 181.685
    endloop
  endfacet
  facet normal -1 0 0
    outer loop
      vertex 117.218 0.722097 66.6
      vertex 117.218 -1.82523 171.124
      vertex 117.218 -1.72711 176.926
    endloop
  endfacet
  facet normal -1 0 0
    outer loop
      vertex 117.218 0.722097 66.6
      vertex 117.218 -1.84952 166.74
      vertex 117.218 -1.82523 171.124
    endloop
  endfacet
  facet normal -1 0 0
    outer loop
      vertex 117.218 0.722097 66.6
      vertex 117.218 -1.95495 160.37
      vertex 117.218 -1.84952 166.74
    endloop
  endfacet
  facet normal -1 0 0
    outer loop
      vertex 117.218 0.722097 66.6
      vertex 117.218 -1.97645 156.369
      vertex 117.218 -1.95495 160.37
    endloop
  endfacet
  facet normal -1 0 0
    outer loop
      vertex 117.218 0.722097 66.6
      vertex 117.218 -2.09 149.402
      vertex 117.218 -1.97645 156.369
    endloop
  endfacet
  facet normal -1 0 0
    outer loop
      vertex 117.218 0.722097 66.6
      vertex 117.218 -2.10918 145.804
      vertex 117.218 -2.09 149.402
    endloop
  endfacet
  facet normal -1 0 0
    outer loop
      vertex 117.218 0.722097 66.6
      vertex 117.218 -2.23171 138.225
      vertex 117.218 -2.10918 145.804
    endloop
  endfacet
  facet normal -1 0 0
    outer loop
      vertex 117.218 0.722097 66.6
      vertex 117.218 -2.24897 135.043
      vertex 117.218 -2.23171 138.225
    endloop
  endfacet
  facet normal -1 0 0
    outer loop
      vertex 117.218 0.722097 66.6
      vertex 117.218 -2.38195 126.82
      vertex 117.218 -2.24897 135.043
    endloop
  endfacet
  facet normal -1 0 0
    outer loop
      vertex 117.218 0.722097 66.6
      vertex 117.218 -2.39739 124.077
      vertex 117.218 -2.38195 126.82
    endloop
  endfacet
  facet normal -1 0 0
    outer loop
      vertex 117.218 0.722097 66.6
      vertex 117.218 -2.54192 115.199
      vertex 117.218 -2.39739 124.077
    endloop
  endfacet
  facet normal -1 0 0
    outer loop
      vertex 117.218 0.722097 66.6
      vertex 117.218 -2.55535 112.911
      vertex 117.218 -2.54192 115.199
    endloop
  endfacet
  facet normal -1 0 0
    outer loop
      vertex 117.218 0.722097 66.6
      vertex 117.218 -2.7124 103.353
      vertex 117.218 -2.55535 112.911
    endloop
  endfacet
  facet normal -1 0 0
    outer loop
      vertex 117.218 0.722097 66.6
      vertex 117.218 -2.72355 101.54
      vertex 117.218 -2.7124 103.353
    endloop
  endfacet
  facet normal -1 0 0
    outer loop
      vertex 117.218 0.722097 66.6
      vertex 117.218 -2.89404 91.2816
      vertex 117.218 -2.72355 101.54
    endloop
  endfacet
  facet normal -1 0 0
    outer loop
      vertex 117.218 0.722097 66.6
      vertex 117.218 -2.9669 79.8728
      vertex 117.218 -2.89404 91.2816
    endloop
  endfacet
  facet normal -1 0 -0
    outer loop
      vertex 117.218 -2.9669 79.8728
      vertex 117.218 0.722097 66.6
      vertex 117.218 -3.25925 66.6
    endloop
  endfacet
  facet normal -1 -0 0
    outer loop
      vertex 117.218 13.7331 177.806
      vertex 117.218 11.0347 171.359
      vertex 117.218 11.2994 186.493
    endloop
  endfacet
  facet normal -1 0 0
    outer loop
      vertex 117.218 7.51778 170.851
      vertex 117.218 11.4766 118.514
      vertex 117.218 10.9973 109.099
    endloop
  endfacet
  facet normal -1 0 0
    outer loop
      vertex 117.218 7.51778 170.851
      vertex 117.218 10.9973 109.099
      vertex 117.218 10.9108 107.005
    endloop
  endfacet
  facet normal -1 0 0
    outer loop
      vertex 117.218 6.24554 66.6
      vertex 117.218 10.9108 107.005
      vertex 117.218 10.3679 96.8712
    endloop
  endfacet
  facet normal -1 0 0
    outer loop
      vertex 117.218 6.24554 66.6
      vertex 117.218 10.3679 96.8712
      vertex 117.218 10.298 95.2838
    endloop
  endfacet
  facet normal -1 0 0
    outer loop
      vertex 117.218 6.24554 66.6
      vertex 117.218 10.298 95.2838
      vertex 117.218 9.68803 84.4202
    endloop
  endfacet
  facet normal -1 0 0
    outer loop
      vertex 117.218 6.24554 66.6
      vertex 117.218 9.68803 84.4202
      vertex 117.218 9.63851 83.36
    endloop
  endfacet
  facet normal -1 0 0
    outer loop
      vertex 117.218 6.24554 66.6
      vertex 117.218 9.63851 83.36
      vertex 117.218 8.95607 71.721
    endloop
  endfacet
  facet normal -1 0 0
    outer loop
      vertex 117.218 6.24554 66.6
      vertex 117.218 8.95607 71.721
      vertex 117.218 8.93074 71.2069
    endloop
  endfacet
  facet normal -1 0 0
    outer loop
      vertex 117.218 6.24554 66.6
      vertex 117.218 8.93074 71.2069
      vertex 117.218 8.64971 66.6
    endloop
  endfacet
  facet normal -1 0 0
    outer loop
      vertex 117.218 13.3993 166.895
      vertex 117.218 7.51778 170.851
      vertex 117.218 11.0347 171.359
    endloop
  endfacet
  facet normal -1 -0 0
    outer loop
      vertex 117.218 7.51778 170.851
      vertex 117.218 6.24554 66.6
      vertex 117.218 7.23814 198.041
    endloop
  endfacet
  facet normal -1 -0 0
    outer loop
      vertex 117.218 10.9108 107.005
      vertex 117.218 6.24554 66.6
      vertex 117.218 7.51778 170.851
    endloop
  endfacet
  facet normal -1 -0 0
    outer loop
      vertex 117.218 7.79246 186.554
      vertex 117.218 7.51778 170.851
      vertex 117.218 7.23814 198.041
    endloop
  endfacet
  facet normal -0.99786 -0.0653926 0
    outer loop
      vertex 119.933 3.48382 66
      vertex 119.909 3.84472 252.5
      vertex 119.909 3.84472 66
    endloop
  endfacet
  facet normal -0.99786 -0.0653926 0
    outer loop
      vertex 119.909 3.84472 252.5
      vertex 119.933 3.48382 66
      vertex 119.933 3.48382 252.5
    endloop
  endfacet
  facet normal 0.997858 -0.0654136 0
    outer loop
      vertex 114.403 3.48382 252.5
      vertex 114.426 3.84472 66
      vertex 114.426 3.84472 252.5
    endloop
  endfacet
  facet normal 0.997858 -0.0654136 0
    outer loop
      vertex 114.426 3.84472 66
      vertex 114.403 3.48382 252.5
      vertex 114.403 3.48382 66
    endloop
  endfacet
  facet normal -0.0654017 -0.997859 -0
    outer loop
      vertex 117.168 6.24882 66.6
      vertex 117.168 6.24882 66
      vertex 117.218 6.24554 66.6
    endloop
  endfacet
  facet normal -0.0654025 -0.997859 0
    outer loop
      vertex 117.218 6.24554 66.6
      vertex 117.529 6.22516 252.5
      vertex 117.218 6.24554 252.5
    endloop
  endfacet
  facet normal -0.0654025 -0.997859 0
    outer loop
      vertex 117.218 6.24554 66.6
      vertex 117.529 6.22516 66
      vertex 117.529 6.22516 252.5
    endloop
  endfacet
  facet normal -0.0654024 -0.997859 5.97978e-008
    outer loop
      vertex 117.529 6.22516 66
      vertex 117.218 6.24554 66.6
      vertex 117.168 6.24882 66
    endloop
  endfacet
  facet normal -0.659343 -0.751842 0
    outer loop
      vertex 118.851 5.67744 66
      vertex 119.123 5.43897 252.5
      vertex 118.851 5.67744 252.5
    endloop
  endfacet
  facet normal -0.659343 -0.751842 -0
    outer loop
      vertex 119.123 5.43897 252.5
      vertex 118.851 5.67744 66
      vertex 119.123 5.43897 66
    endloop
  endfacet
  facet normal 0.659343 -0.751842 0
    outer loop
      vertex 115.212 5.43897 66
      vertex 115.484 5.67744 252.5
      vertex 115.212 5.43897 252.5
    endloop
  endfacet
  facet normal 0.659343 -0.751842 0
    outer loop
      vertex 115.484 5.67744 252.5
      vertex 115.212 5.43897 66
      vertex 115.484 5.67744 66
    endloop
  endfacet
  facet normal 0.32144 -0.94693 0
    outer loop
      vertex 116.109 6.03835 66
      vertex 116.452 6.1546 252.5
      vertex 116.109 6.03835 252.5
    endloop
  endfacet
  facet normal 0.32144 -0.94693 0
    outer loop
      vertex 116.452 6.1546 252.5
      vertex 116.109 6.03835 66
      vertex 116.452 6.1546 66
    endloop
  endfacet
  facet normal 0.980787 0.195081 0
    outer loop
      vertex 114.497 2.76819 252.5
      vertex 114.426 3.12291 66
      vertex 114.426 3.12291 252.5
    endloop
  endfacet
  facet normal 0.980787 0.195081 0
    outer loop
      vertex 114.426 3.12291 66
      vertex 114.497 2.76819 252.5
      vertex 114.497 2.76819 66
    endloop
  endfacet
  facet normal -0.896874 -0.442286 0
    outer loop
      vertex 119.722 4.54194 66
      vertex 119.562 4.86632 252.5
      vertex 119.562 4.86632 66
    endloop
  endfacet
  facet normal -0.896874 -0.442286 0
    outer loop
      vertex 119.562 4.86632 252.5
      vertex 119.722 4.54194 66
      vertex 119.722 4.54194 252.5
    endloop
  endfacet
  facet normal -0.831473 -0.555565 0
    outer loop
      vertex 119.562 4.86632 66
      vertex 119.361 5.16704 252.5
      vertex 119.361 5.16704 66
    endloop
  endfacet
  facet normal -0.831473 -0.555565 0
    outer loop
      vertex 119.361 5.16704 252.5
      vertex 119.562 4.86632 66
      vertex 119.562 4.86632 252.5
    endloop
  endfacet
  facet normal -0.44229 -0.896872 0
    outer loop
      vertex 118.226 6.03835 66
      vertex 118.55 5.87838 252.5
      vertex 118.226 6.03835 252.5
    endloop
  endfacet
  facet normal -0.44229 -0.896872 -0
    outer loop
      vertex 118.55 5.87838 252.5
      vertex 118.226 6.03835 66
      vertex 118.55 5.87838 66
    endloop
  endfacet
  facet normal -0.555567 -0.831472 0
    outer loop
      vertex 118.55 5.87838 66
      vertex 118.851 5.67744 252.5
      vertex 118.55 5.87838 252.5
    endloop
  endfacet
  facet normal -0.555567 -0.831472 -0
    outer loop
      vertex 118.851 5.67744 252.5
      vertex 118.55 5.87838 66
      vertex 118.851 5.67744 66
    endloop
  endfacet
  facet normal 0.896874 -0.442286 0
    outer loop
      vertex 114.613 4.54194 252.5
      vertex 114.773 4.86632 66
      vertex 114.773 4.86632 252.5
    endloop
  endfacet
  facet normal 0.896874 -0.442286 0
    outer loop
      vertex 114.773 4.86632 66
      vertex 114.613 4.54194 252.5
      vertex 114.613 4.54194 66
    endloop
  endfacet
  facet normal 0.831473 -0.555565 0
    outer loop
      vertex 114.773 4.86632 252.5
      vertex 114.974 5.16704 66
      vertex 114.974 5.16704 252.5
    endloop
  endfacet
  facet normal 0.831473 -0.555565 0
    outer loop
      vertex 114.974 5.16704 66
      vertex 114.773 4.86632 252.5
      vertex 114.773 4.86632 66
    endloop
  endfacet
  facet normal 0 0 -1
    outer loop
      vertex 119.909 3.12291 252.5
      vertex 119.909 3.84472 252.5
      vertex 119.933 3.48382 252.5
    endloop
  endfacet
  facet normal 0 0 -1
    outer loop
      vertex 119.838 2.76819 252.5
      vertex 119.909 3.84472 252.5
      vertex 119.909 3.12291 252.5
    endloop
  endfacet
  facet normal 0 0 -1
    outer loop
      vertex 119.838 2.76819 252.5
      vertex 119.838 4.19945 252.5
      vertex 119.909 3.84472 252.5
    endloop
  endfacet
  facet normal 0 0 -1
    outer loop
      vertex 119.722 2.4257 252.5
      vertex 119.838 4.19945 252.5
      vertex 119.838 2.76819 252.5
    endloop
  endfacet
  facet normal 0 0 -1
    outer loop
      vertex 119.722 2.4257 252.5
      vertex 119.722 4.54194 252.5
      vertex 119.838 4.19945 252.5
    endloop
  endfacet
  facet normal 0 0 -1
    outer loop
      vertex 119.562 2.10132 252.5
      vertex 119.722 4.54194 252.5
      vertex 119.722 2.4257 252.5
    endloop
  endfacet
  facet normal 0 0 -1
    outer loop
      vertex 119.562 2.10132 252.5
      vertex 119.562 4.86632 252.5
      vertex 119.722 4.54194 252.5
    endloop
  endfacet
  facet normal 0 0 -1
    outer loop
      vertex 119.361 1.80059 252.5
      vertex 119.562 4.86632 252.5
      vertex 119.562 2.10132 252.5
    endloop
  endfacet
  facet normal 0 0 -1
    outer loop
      vertex 119.361 1.80059 252.5
      vertex 119.361 5.16704 252.5
      vertex 119.562 4.86632 252.5
    endloop
  endfacet
  facet normal 0 0 -1
    outer loop
      vertex 119.123 1.52867 252.5
      vertex 119.361 5.16704 252.5
      vertex 119.361 1.80059 252.5
    endloop
  endfacet
  facet normal 0 0 -1
    outer loop
      vertex 119.123 1.52867 252.5
      vertex 119.123 5.43897 252.5
      vertex 119.361 5.16704 252.5
    endloop
  endfacet
  facet normal 0 0 -1
    outer loop
      vertex 118.851 1.2902 252.5
      vertex 119.123 5.43897 252.5
      vertex 119.123 1.52867 252.5
    endloop
  endfacet
  facet normal 0 0 -1
    outer loop
      vertex 118.851 1.2902 252.5
      vertex 118.851 5.67744 252.5
      vertex 119.123 5.43897 252.5
    endloop
  endfacet
  facet normal 0 0 -1
    outer loop
      vertex 118.55 1.08926 252.5
      vertex 118.851 5.67744 252.5
      vertex 118.851 1.2902 252.5
    endloop
  endfacet
  facet normal 0 0 -1
    outer loop
      vertex 118.55 1.08926 252.5
      vertex 118.55 5.87838 252.5
      vertex 118.851 5.67744 252.5
    endloop
  endfacet
  facet normal 0 0 -1
    outer loop
      vertex 118.226 0.929293 252.5
      vertex 118.55 5.87838 252.5
      vertex 118.55 1.08926 252.5
    endloop
  endfacet
  facet normal 0 0 -1
    outer loop
      vertex 118.226 0.929293 252.5
      vertex 118.226 6.03835 252.5
      vertex 118.55 5.87838 252.5
    endloop
  endfacet
  facet normal 0 0 -1
    outer loop
      vertex 117.883 0.813035 252.5
      vertex 118.226 6.03835 252.5
      vertex 118.226 0.929293 252.5
    endloop
  endfacet
  facet normal 0 0 -1
    outer loop
      vertex 117.883 0.813035 252.5
      vertex 117.883 6.1546 252.5
      vertex 118.226 6.03835 252.5
    endloop
  endfacet
  facet normal 0 0 -1
    outer loop
      vertex 117.529 0.742475 252.5
      vertex 117.883 6.1546 252.5
      vertex 117.883 0.813035 252.5
    endloop
  endfacet
  facet normal 0 0 -1
    outer loop
      vertex 117.529 0.742475 252.5
      vertex 117.529 6.22516 252.5
      vertex 117.883 6.1546 252.5
    endloop
  endfacet
  facet normal 0 0 -1
    outer loop
      vertex 117.218 0.722097 252.5
      vertex 117.529 6.22516 252.5
      vertex 117.529 0.742475 252.5
    endloop
  endfacet
  facet normal -0 0 -1
    outer loop
      vertex 117.529 6.22516 252.5
      vertex 117.218 0.722097 252.5
      vertex 117.218 6.24554 252.5
    endloop
  endfacet
  facet normal 0 0 -1
    outer loop
      vertex 116.807 0.742475 252.5
      vertex 117.118 6.24554 252.5
      vertex 117.118 0.722097 252.5
    endloop
  endfacet
  facet normal 0 0 -1
    outer loop
      vertex 116.807 0.742475 252.5
      vertex 116.807 6.22516 252.5
      vertex 117.118 6.24554 252.5
    endloop
  endfacet
  facet normal 0 0 -1
    outer loop
      vertex 116.452 0.813035 252.5
      vertex 116.807 6.22516 252.5
      vertex 116.807 0.742475 252.5
    endloop
  endfacet
  facet normal 0 0 -1
    outer loop
      vertex 116.452 0.813035 252.5
      vertex 116.452 6.1546 252.5
      vertex 116.807 6.22516 252.5
    endloop
  endfacet
  facet normal 0 0 -1
    outer loop
      vertex 116.109 0.929293 252.5
      vertex 116.452 6.1546 252.5
      vertex 116.452 0.813035 252.5
    endloop
  endfacet
  facet normal 0 0 -1
    outer loop
      vertex 116.109 0.929293 252.5
      vertex 116.109 6.03835 252.5
      vertex 116.452 6.1546 252.5
    endloop
  endfacet
  facet normal 0 0 -1
    outer loop
      vertex 115.785 1.08926 252.5
      vertex 116.109 6.03835 252.5
      vertex 116.109 0.929293 252.5
    endloop
  endfacet
  facet normal 0 0 -1
    outer loop
      vertex 115.785 1.08926 252.5
      vertex 115.785 5.87838 252.5
      vertex 116.109 6.03835 252.5
    endloop
  endfacet
  facet normal 0 0 -1
    outer loop
      vertex 115.484 1.2902 252.5
      vertex 115.785 5.87838 252.5
      vertex 115.785 1.08926 252.5
    endloop
  endfacet
  facet normal 0 0 -1
    outer loop
      vertex 115.484 1.2902 252.5
      vertex 115.484 5.67744 252.5
      vertex 115.785 5.87838 252.5
    endloop
  endfacet
  facet normal 0 0 -1
    outer loop
      vertex 115.212 1.52867 252.5
      vertex 115.484 5.67744 252.5
      vertex 115.484 1.2902 252.5
    endloop
  endfacet
  facet normal 0 0 -1
    outer loop
      vertex 115.212 1.52867 252.5
      vertex 115.212 5.43897 252.5
      vertex 115.484 5.67744 252.5
    endloop
  endfacet
  facet normal 0 0 -1
    outer loop
      vertex 114.974 1.80059 252.5
      vertex 115.212 5.43897 252.5
      vertex 115.212 1.52867 252.5
    endloop
  endfacet
  facet normal 0 0 -1
    outer loop
      vertex 114.974 1.80059 252.5
      vertex 114.974 5.16704 252.5
      vertex 115.212 5.43897 252.5
    endloop
  endfacet
  facet normal 0 0 -1
    outer loop
      vertex 114.773 2.10132 252.5
      vertex 114.974 5.16704 252.5
      vertex 114.974 1.80059 252.5
    endloop
  endfacet
  facet normal 0 0 -1
    outer loop
      vertex 114.773 2.10132 252.5
      vertex 114.773 4.86632 252.5
      vertex 114.974 5.16704 252.5
    endloop
  endfacet
  facet normal 0 0 -1
    outer loop
      vertex 114.613 2.4257 252.5
      vertex 114.773 4.86632 252.5
      vertex 114.773 2.10132 252.5
    endloop
  endfacet
  facet normal 0 0 -1
    outer loop
      vertex 114.613 2.4257 252.5
      vertex 114.613 4.54194 252.5
      vertex 114.773 4.86632 252.5
    endloop
  endfacet
  facet normal 0 0 -1
    outer loop
      vertex 114.497 2.76819 252.5
      vertex 114.613 4.54194 252.5
      vertex 114.613 2.4257 252.5
    endloop
  endfacet
  facet normal 0 0 -1
    outer loop
      vertex 114.497 2.76819 252.5
      vertex 114.497 4.19945 252.5
      vertex 114.613 4.54194 252.5
    endloop
  endfacet
  facet normal 0 0 -1
    outer loop
      vertex 114.426 3.12291 252.5
      vertex 114.497 4.19945 252.5
      vertex 114.497 2.76819 252.5
    endloop
  endfacet
  facet normal 0 0 -1
    outer loop
      vertex 114.426 3.12291 252.5
      vertex 114.426 3.84472 252.5
      vertex 114.497 4.19945 252.5
    endloop
  endfacet
  facet normal 0 -0 -1
    outer loop
      vertex 114.426 3.84472 252.5
      vertex 114.426 3.12291 252.5
      vertex 114.403 3.48382 252.5
    endloop
  endfacet
  facet normal 0.442281 -0.896876 0
    outer loop
      vertex 115.785 5.87838 66
      vertex 116.109 6.03835 252.5
      vertex 115.785 5.87838 252.5
    endloop
  endfacet
  facet normal 0.442281 -0.896876 0
    outer loop
      vertex 116.109 6.03835 252.5
      vertex 115.785 5.87838 66
      vertex 116.109 6.03835 66
    endloop
  endfacet
  facet normal 0.0654025 -0.997859 0
    outer loop
      vertex 116.807 6.22516 252.5
      vertex 117.118 6.24554 66.6
      vertex 117.118 6.24554 252.5
    endloop
  endfacet
  facet normal 0.0654025 -0.997859 0
    outer loop
      vertex 116.807 6.22516 66
      vertex 117.118 6.24554 66.6
      vertex 116.807 6.22516 252.5
    endloop
  endfacet
  facet normal 0.0654038 -0.997859 -6.56633e-007
    outer loop
      vertex 117.168 6.24882 66
      vertex 117.118 6.24554 66.6
      vertex 116.807 6.22516 66
    endloop
  endfacet
  facet normal 0.0654116 -0.997858 0
    outer loop
      vertex 117.118 6.24554 66.6
      vertex 117.168 6.24882 66
      vertex 117.168 6.24882 66.6
    endloop
  endfacet
  facet normal -0.896874 0.442286 0
    outer loop
      vertex 119.562 2.10132 66
      vertex 119.722 2.4257 252.5
      vertex 119.722 2.4257 66
    endloop
  endfacet
  facet normal -0.896874 0.442286 0
    outer loop
      vertex 119.722 2.4257 252.5
      vertex 119.562 2.10132 66
      vertex 119.562 2.10132 252.5
    endloop
  endfacet
  facet normal -0.32144 0.94693 0
    outer loop
      vertex 118.226 0.929293 66
      vertex 117.883 0.813035 252.5
      vertex 118.226 0.929293 252.5
    endloop
  endfacet
  facet normal -0.32144 0.94693 0
    outer loop
      vertex 117.883 0.813035 252.5
      vertex 118.226 0.929293 66
      vertex 117.883 0.813035 66
    endloop
  endfacet
  facet normal -0.75184 0.659346 0
    outer loop
      vertex 119.123 1.52867 66
      vertex 119.361 1.80059 252.5
      vertex 119.361 1.80059 66
    endloop
  endfacet
  facet normal -0.75184 0.659346 0
    outer loop
      vertex 119.361 1.80059 252.5
      vertex 119.123 1.52867 66
      vertex 119.123 1.52867 252.5
    endloop
  endfacet
  facet normal -0.555567 0.831472 0
    outer loop
      vertex 118.851 1.2902 66
      vertex 118.55 1.08926 252.5
      vertex 118.851 1.2902 252.5
    endloop
  endfacet
  facet normal -0.555567 0.831472 0
    outer loop
      vertex 118.55 1.08926 252.5
      vertex 118.851 1.2902 66
      vertex 118.55 1.08926 66
    endloop
  endfacet
  facet normal -0.831473 0.555565 0
    outer loop
      vertex 119.361 1.80059 66
      vertex 119.562 2.10132 252.5
      vertex 119.562 2.10132 66
    endloop
  endfacet
  facet normal -0.831473 0.555565 0
    outer loop
      vertex 119.562 2.10132 252.5
      vertex 119.361 1.80059 66
      vertex 119.361 1.80059 252.5
    endloop
  endfacet
  facet normal -0.980783 0.195101 0
    outer loop
      vertex 119.838 2.76819 66
      vertex 119.909 3.12291 252.5
      vertex 119.909 3.12291 66
    endloop
  endfacet
  facet normal -0.980783 0.195101 0
    outer loop
      vertex 119.909 3.12291 252.5
      vertex 119.838 2.76819 66
      vertex 119.838 2.76819 252.5
    endloop
  endfacet
  facet normal 0.442281 0.896876 -0
    outer loop
      vertex 116.109 0.929293 66
      vertex 115.785 1.08926 252.5
      vertex 116.109 0.929293 252.5
    endloop
  endfacet
  facet normal 0.442281 0.896876 0
    outer loop
      vertex 115.785 1.08926 252.5
      vertex 116.109 0.929293 66
      vertex 115.785 1.08926 66
    endloop
  endfacet
  facet normal 0.32144 0.94693 -0
    outer loop
      vertex 116.452 0.813035 66
      vertex 116.109 0.929293 252.5
      vertex 116.452 0.813035 252.5
    endloop
  endfacet
  facet normal 0.32144 0.94693 0
    outer loop
      vertex 116.109 0.929293 252.5
      vertex 116.452 0.813035 66
      vertex 116.109 0.929293 66
    endloop
  endfacet
  facet normal 0.896874 0.442286 0
    outer loop
      vertex 114.773 2.10132 252.5
      vertex 114.613 2.4257 66
      vertex 114.613 2.4257 252.5
    endloop
  endfacet
  facet normal 0.896874 0.442286 0
    outer loop
      vertex 114.613 2.4257 66
      vertex 114.773 2.10132 252.5
      vertex 114.773 2.10132 66
    endloop
  endfacet
  facet normal 0.831473 0.555565 0
    outer loop
      vertex 114.974 1.80059 252.5
      vertex 114.773 2.10132 66
      vertex 114.773 2.10132 252.5
    endloop
  endfacet
  facet normal 0.831473 0.555565 0
    outer loop
      vertex 114.773 2.10132 66
      vertex 114.974 1.80059 252.5
      vertex 114.974 1.80059 66
    endloop
  endfacet
  facet normal 0.997858 0.0654136 0
    outer loop
      vertex 114.426 3.12291 252.5
      vertex 114.403 3.48382 66
      vertex 114.403 3.48382 252.5
    endloop
  endfacet
  facet normal 0.997858 0.0654136 0
    outer loop
      vertex 114.403 3.48382 66
      vertex 114.426 3.12291 252.5
      vertex 114.426 3.12291 66
    endloop
  endfacet
  facet normal -0.946931 -0.321437 0
    outer loop
      vertex 119.838 4.19945 66
      vertex 119.722 4.54194 252.5
      vertex 119.722 4.54194 66
    endloop
  endfacet
  facet normal -0.946931 -0.321437 0
    outer loop
      vertex 119.722 4.54194 252.5
      vertex 119.838 4.19945 66
      vertex 119.838 4.19945 252.5
    endloop
  endfacet
  facet normal -0.980783 -0.195101 0
    outer loop
      vertex 119.909 3.84472 66
      vertex 119.838 4.19945 252.5
      vertex 119.838 4.19945 66
    endloop
  endfacet
  facet normal -0.980783 -0.195101 0
    outer loop
      vertex 119.838 4.19945 252.5
      vertex 119.909 3.84472 66
      vertex 119.909 3.84472 252.5
    endloop
  endfacet
  facet normal -0.75184 -0.659346 0
    outer loop
      vertex 119.361 5.16704 66
      vertex 119.123 5.43897 252.5
      vertex 119.123 5.43897 66
    endloop
  endfacet
  facet normal -0.75184 -0.659346 0
    outer loop
      vertex 119.123 5.43897 252.5
      vertex 119.361 5.16704 66
      vertex 119.361 5.16704 252.5
    endloop
  endfacet
  facet normal -0.32144 -0.94693 0
    outer loop
      vertex 117.883 6.1546 66
      vertex 118.226 6.03835 252.5
      vertex 117.883 6.1546 252.5
    endloop
  endfacet
  facet normal -0.32144 -0.94693 -0
    outer loop
      vertex 118.226 6.03835 252.5
      vertex 117.883 6.1546 66
      vertex 118.226 6.03835 66
    endloop
  endfacet
  facet normal -0.195092 -0.980785 0
    outer loop
      vertex 117.529 6.22516 66
      vertex 117.883 6.1546 252.5
      vertex 117.529 6.22516 252.5
    endloop
  endfacet
  facet normal -0.195092 -0.980785 -0
    outer loop
      vertex 117.883 6.1546 252.5
      vertex 117.529 6.22516 66
      vertex 117.883 6.1546 66
    endloop
  endfacet
  facet normal 0.75184 -0.659346 0
    outer loop
      vertex 114.974 5.16704 252.5
      vertex 115.212 5.43897 66
      vertex 115.212 5.43897 252.5
    endloop
  endfacet
  facet normal 0.75184 -0.659346 0
    outer loop
      vertex 115.212 5.43897 66
      vertex 114.974 5.16704 252.5
      vertex 114.974 5.16704 66
    endloop
  endfacet
  facet normal 0.946925 -0.321456 0
    outer loop
      vertex 114.497 4.19945 252.5
      vertex 114.613 4.54194 66
      vertex 114.613 4.54194 252.5
    endloop
  endfacet
  facet normal 0.946925 -0.321456 0
    outer loop
      vertex 114.613 4.54194 66
      vertex 114.497 4.19945 252.5
      vertex 114.497 4.19945 66
    endloop
  endfacet
  facet normal 0.980787 -0.195081 0
    outer loop
      vertex 114.426 3.84472 252.5
      vertex 114.497 4.19945 66
      vertex 114.497 4.19945 252.5
    endloop
  endfacet
  facet normal 0.980787 -0.195081 0
    outer loop
      vertex 114.497 4.19945 66
      vertex 114.426 3.84472 252.5
      vertex 114.426 3.84472 66
    endloop
  endfacet
  facet normal -0.99786 0.0653926 0
    outer loop
      vertex 119.909 3.12291 66
      vertex 119.933 3.48382 252.5
      vertex 119.933 3.48382 66
    endloop
  endfacet
  facet normal -0.99786 0.0653926 0
    outer loop
      vertex 119.933 3.48382 252.5
      vertex 119.909 3.12291 66
      vertex 119.909 3.12291 252.5
    endloop
  endfacet
  facet normal -0.0654031 0.997859 0
    outer loop
      vertex 117.529 0.742475 252.5
      vertex 117.218 0.722097 66.6
      vertex 117.218 0.722097 252.5
    endloop
  endfacet
  facet normal -0.0654031 0.997859 0
    outer loop
      vertex 117.529 0.742475 66
      vertex 117.218 0.722097 66.6
      vertex 117.529 0.742475 252.5
    endloop
  endfacet
  facet normal -0.0654024 0.997859 3.57184e-007
    outer loop
      vertex 117.168 0.71882 66
      vertex 117.218 0.722097 66.6
      vertex 117.529 0.742475 66
    endloop
  endfacet
  facet normal -0.0653982 0.997859 0
    outer loop
      vertex 117.218 0.722097 66.6
      vertex 117.168 0.71882 66
      vertex 117.168 0.71882 66.6
    endloop
  endfacet
  facet normal -0.659343 0.751842 0
    outer loop
      vertex 119.123 1.52867 66
      vertex 118.851 1.2902 252.5
      vertex 119.123 1.52867 252.5
    endloop
  endfacet
  facet normal -0.659343 0.751842 0
    outer loop
      vertex 118.851 1.2902 252.5
      vertex 119.123 1.52867 66
      vertex 118.851 1.2902 66
    endloop
  endfacet
  facet normal 0.659343 0.751842 -0
    outer loop
      vertex 115.484 1.2902 66
      vertex 115.212 1.52867 252.5
      vertex 115.484 1.2902 252.5
    endloop
  endfacet
  facet normal 0.659343 0.751842 0
    outer loop
      vertex 115.212 1.52867 252.5
      vertex 115.484 1.2902 66
      vertex 115.212 1.52867 66
    endloop
  endfacet
  facet normal 0.555577 0.831465 -0
    outer loop
      vertex 115.785 1.08926 66
      vertex 115.484 1.2902 252.5
      vertex 115.785 1.08926 252.5
    endloop
  endfacet
  facet normal 0.555577 0.831465 0
    outer loop
      vertex 115.484 1.2902 252.5
      vertex 115.785 1.08926 66
      vertex 115.484 1.2902 66
    endloop
  endfacet
  facet normal 0.0654081 0.997859 0
    outer loop
      vertex 117.168 0.71882 66.6
      vertex 117.168 0.71882 66
      vertex 117.118 0.722097 66.6
    endloop
  endfacet
  facet normal 0.0654031 0.997859 -0
    outer loop
      vertex 117.118 0.722097 66.6
      vertex 116.807 0.742475 252.5
      vertex 117.118 0.722097 252.5
    endloop
  endfacet
  facet normal 0.0654031 0.997859 0
    outer loop
      vertex 117.118 0.722097 66.6
      vertex 116.807 0.742475 66
      vertex 116.807 0.742475 252.5
    endloop
  endfacet
  facet normal 0.0654038 0.997859 -3.59247e-007
    outer loop
      vertex 116.807 0.742475 66
      vertex 117.118 0.722097 66.6
      vertex 117.168 0.71882 66
    endloop
  endfacet
  facet normal 0.75184 0.659346 0
    outer loop
      vertex 115.212 1.52867 252.5
      vertex 114.974 1.80059 66
      vertex 114.974 1.80059 252.5
    endloop
  endfacet
  facet normal 0.75184 0.659346 0
    outer loop
      vertex 114.974 1.80059 66
      vertex 115.212 1.52867 252.5
      vertex 115.212 1.52867 66
    endloop
  endfacet
  facet normal 0.555577 -0.831465 0
    outer loop
      vertex 115.484 5.67744 66
      vertex 115.785 5.87838 252.5
      vertex 115.484 5.67744 252.5
    endloop
  endfacet
  facet normal 0.555577 -0.831465 0
    outer loop
      vertex 115.785 5.87838 252.5
      vertex 115.484 5.67744 66
      vertex 115.785 5.87838 66
    endloop
  endfacet
  facet normal 0.195092 -0.980785 0
    outer loop
      vertex 116.452 6.1546 66
      vertex 116.807 6.22516 252.5
      vertex 116.452 6.1546 252.5
    endloop
  endfacet
  facet normal 0.195092 -0.980785 0
    outer loop
      vertex 116.807 6.22516 252.5
      vertex 116.452 6.1546 66
      vertex 116.807 6.22516 66
    endloop
  endfacet
  facet normal -0.195092 0.980785 0
    outer loop
      vertex 117.883 0.813035 66
      vertex 117.529 0.742475 252.5
      vertex 117.883 0.813035 252.5
    endloop
  endfacet
  facet normal -0.195092 0.980785 0
    outer loop
      vertex 117.529 0.742475 252.5
      vertex 117.883 0.813035 66
      vertex 117.529 0.742475 66
    endloop
  endfacet
  facet normal -0.44229 0.896872 0
    outer loop
      vertex 118.55 1.08926 66
      vertex 118.226 0.929293 252.5
      vertex 118.55 1.08926 252.5
    endloop
  endfacet
  facet normal -0.44229 0.896872 0
    outer loop
      vertex 118.226 0.929293 252.5
      vertex 118.55 1.08926 66
      vertex 118.226 0.929293 66
    endloop
  endfacet
  facet normal -0.946931 0.321437 0
    outer loop
      vertex 119.722 2.4257 66
      vertex 119.838 2.76819 252.5
      vertex 119.838 2.76819 66
    endloop
  endfacet
  facet normal -0.946931 0.321437 0
    outer loop
      vertex 119.838 2.76819 252.5
      vertex 119.722 2.4257 66
      vertex 119.722 2.4257 252.5
    endloop
  endfacet
  facet normal 0.195092 0.980785 -0
    outer loop
      vertex 116.807 0.742475 66
      vertex 116.452 0.813035 252.5
      vertex 116.807 0.742475 252.5
    endloop
  endfacet
  facet normal 0.195092 0.980785 0
    outer loop
      vertex 116.452 0.813035 252.5
      vertex 116.807 0.742475 66
      vertex 116.452 0.813035 66
    endloop
  endfacet
  facet normal 0.946925 0.321456 0
    outer loop
      vertex 114.613 2.4257 252.5
      vertex 114.497 2.76819 66
      vertex 114.497 2.76819 252.5
    endloop
  endfacet
  facet normal 0.946925 0.321456 0
    outer loop
      vertex 114.497 2.76819 66
      vertex 114.613 2.4257 252.5
      vertex 114.613 2.4257 66
    endloop
  endfacet
  facet normal 1 -0 0
    outer loop
      vertex 42.1939 -5.02394 87.5
      vertex 42.1939 3.16753 86
      vertex 42.1939 11.2958 87.5
    endloop
  endfacet
  facet normal 1 0 0
    outer loop
      vertex 42.1939 3.16753 86
      vertex 42.1939 -5.02394 87.5
      vertex 42.1939 -0.0259133 86
    endloop
  endfacet
  facet normal 1 -0 0
    outer loop
      vertex 42.1939 -5.02895 87.2992
      vertex 42.1939 -0.0259133 86
      vertex 42.1939 -5.02394 87.5
    endloop
  endfacet
  facet normal 1 0 0
    outer loop
      vertex 42.1939 -5.36038 78.3442
      vertex 42.1939 -0.0259133 86
      vertex 42.1939 -5.02895 87.2992
    endloop
  endfacet
  facet normal 1 0 0
    outer loop
      vertex 42.1939 -5.37372 77.7041
      vertex 42.1939 -0.0259133 86
      vertex 42.1939 -5.36038 78.3442
    endloop
  endfacet
  facet normal 1 0 0
    outer loop
      vertex 42.1939 -0.0259133 86
      vertex 42.1939 -5.37372 77.7041
      vertex 42.1939 -0.0259133 66.6
    endloop
  endfacet
  facet normal 1 -0 0
    outer loop
      vertex 42.1939 -5.68607 68.1823
      vertex 42.1939 -0.0259133 66.6
      vertex 42.1939 -5.37372 77.7041
    endloop
  endfacet
  facet normal 1 -0 0
    outer loop
      vertex 42.1939 -5.69115 67.8922
      vertex 42.1939 -0.0259133 66.6
      vertex 42.1939 -5.68607 68.1823
    endloop
  endfacet
  facet normal 1 0 0
    outer loop
      vertex 42.1939 -0.0259133 66.6
      vertex 42.1939 -5.69115 67.8922
      vertex 42.1939 -5.72914 66.6
    endloop
  endfacet
  facet normal 1 0 0
    outer loop
      vertex 42.1939 3.16753 66.6
      vertex 42.1939 11.6 76.2575
      vertex 42.1939 11.5792 76.8405
    endloop
  endfacet
  facet normal 1 0 0
    outer loop
      vertex 42.1939 3.16753 86
      vertex 42.1939 11.5792 76.8405
      vertex 42.1939 11.3593 85.8891
    endloop
  endfacet
  facet normal 1 -0 0
    outer loop
      vertex 42.1939 3.16753 86
      vertex 42.1939 11.3593 85.8891
      vertex 42.1939 11.319 86.7978
    endloop
  endfacet
  facet normal 1 0 0
    outer loop
      vertex 42.1939 3.16753 86
      vertex 42.1939 11.319 86.7978
      vertex 42.1939 11.2958 87.5
    endloop
  endfacet
  facet normal 1 0 0
    outer loop
      vertex 42.1939 11.5792 76.8405
      vertex 42.1939 3.16753 86
      vertex 42.1939 3.16753 66.6
    endloop
  endfacet
  facet normal 1 0 0
    outer loop
      vertex 42.1939 11.6 76.2575
      vertex 42.1939 3.16753 66.6
      vertex 42.1939 11.7597 66.6025
    endloop
  endfacet
  facet normal 1 0 0
    outer loop
      vertex 42.1939 11.7597 66.6025
      vertex 42.1939 3.16753 66.6
      vertex 42.1939 11.7597 66.6
    endloop
  endfacet
  facet normal 0 0 -1
    outer loop
      vertex 42.1939 11.2958 87.5
      vertex 42.2939 -5.02453 87.5
      vertex 42.2732 -5.0239 87.5
    endloop
  endfacet
  facet normal 0 0 -1
    outer loop
      vertex 42.1939 11.2958 87.5
      vertex 42.2732 -5.0239 87.5
      vertex 42.1939 -5.02394 87.5
    endloop
  endfacet
  facet normal 0 0 -1
    outer loop
      vertex 42.2939 -5.02453 87.5
      vertex 42.1939 11.2958 87.5
      vertex 42.2939 11.3078 87.5
    endloop
  endfacet
  facet normal -1 0 0
    outer loop
      vertex 42.2939 -5.36713 77.9593
      vertex 42.2939 -0.0259133 86
      vertex 42.2939 -0.0259133 66.6
    endloop
  endfacet
  facet normal -1 -0 0
    outer loop
      vertex 42.2939 -0.0259133 86
      vertex 42.2939 -5.3536 78.6087
      vertex 42.2939 -5.02453 87.5
    endloop
  endfacet
  facet normal -1 0 0
    outer loop
      vertex 42.2939 -0.0259133 86
      vertex 42.2939 -5.36713 77.9593
      vertex 42.2939 -5.3536 78.6087
    endloop
  endfacet
  facet normal -1 0 0
    outer loop
      vertex 42.2939 -0.0259133 66.6
      vertex 42.2939 -5.67911 68.4488
      vertex 42.2939 -5.36713 77.9593
    endloop
  endfacet
  facet normal -1 0 0
    outer loop
      vertex 42.2939 -0.0259133 66.6
      vertex 42.2939 -5.68436 68.1493
      vertex 42.2939 -5.67911 68.4488
    endloop
  endfacet
  facet normal -1 0 -0
    outer loop
      vertex 42.2939 -5.68436 68.1493
      vertex 42.2939 -0.0259133 66.6
      vertex 42.2939 -5.7299 66.6
    endloop
  endfacet
  facet normal -1 0 0
    outer loop
      vertex 42.2939 3.16753 66.6
      vertex 42.2939 11.7696 66.6377
      vertex 42.2939 11.7699 66.6
    endloop
  endfacet
  facet normal -1 0 0
    outer loop
      vertex 42.2939 3.16753 66.6
      vertex 42.2939 11.6034 76.5237
      vertex 42.2939 11.7629 66.8806
    endloop
  endfacet
  facet normal -1 0 0
    outer loop
      vertex 42.2939 3.16753 86
      vertex 42.2939 11.6034 76.5237
      vertex 42.2939 3.16753 66.6
    endloop
  endfacet
  facet normal -1 0 0
    outer loop
      vertex 42.2939 11.5823 77.1163
      vertex 42.2939 3.16753 86
      vertex 42.2939 11.3626 86.1533
    endloop
  endfacet
  facet normal -1 -0 0
    outer loop
      vertex 42.2939 11.3626 86.1533
      vertex 42.2939 3.16753 86
      vertex 42.2939 11.3219 87.0713
    endloop
  endfacet
  facet normal -1 -0 0
    outer loop
      vertex 42.2939 11.7696 66.6377
      vertex 42.2939 3.16753 66.6
      vertex 42.2939 11.7629 66.8806
    endloop
  endfacet
  facet normal -1 0 0
    outer loop
      vertex 42.2939 11.6034 76.5237
      vertex 42.2939 3.16753 86
      vertex 42.2939 11.5823 77.1163
    endloop
  endfacet
  facet normal -1 -0 0
    outer loop
      vertex 42.2939 11.3219 87.0713
      vertex 42.2939 3.16753 86
      vertex 42.2939 11.3078 87.5
    endloop
  endfacet
  facet normal -1 0 0
    outer loop
      vertex 42.2939 -5.02453 87.5
      vertex 42.2939 3.16753 86
      vertex 42.2939 -0.0259133 86
    endloop
  endfacet
  facet normal -1 0 0
    outer loop
      vertex 42.2939 3.16753 86
      vertex 42.2939 -5.02453 87.5
      vertex 42.2939 11.3078 87.5
    endloop
  endfacet
  facet normal -0 0 1
    outer loop
      vertex 42.2439 -0.0291904 66.6
      vertex 42.2939 -5.7299 66.6
      vertex 42.2939 -0.0259133 66.6
    endloop
  endfacet
  facet normal 0 0 1
    outer loop
      vertex 42.1939 -5.72914 66.6
      vertex 42.2439 -0.0291904 66.6
      vertex 42.1939 -0.0259133 66.6
    endloop
  endfacet
  facet normal 0 0 1
    outer loop
      vertex 42.2439 -0.0291904 66.6
      vertex 42.1939 -5.72914 66.6
      vertex 42.2939 -5.7299 66.6
    endloop
  endfacet
  facet normal 0 0 1
    outer loop
      vertex 42.1939 11.7597 66.6
      vertex 42.2939 11.7699 66.6
      vertex 42.2798 11.7691 66.6
    endloop
  endfacet
  facet normal 0 0 1
    outer loop
      vertex 42.2939 11.7699 66.6
      vertex 42.1939 11.7597 66.6
      vertex 42.2939 3.16753 66.6
    endloop
  endfacet
  facet normal 0 0 1
    outer loop
      vertex 42.2939 3.16753 66.6
      vertex 42.1939 11.7597 66.6
      vertex 42.2439 3.17081 66.6
    endloop
  endfacet
  facet normal 0 0 1
    outer loop
      vertex 42.2439 3.17081 66.6
      vertex 42.1939 11.7597 66.6
      vertex 42.1939 3.16753 66.6
    endloop
  endfacet
  facet normal -0.997859 -0.0653981 0
    outer loop
      vertex 43.8439 1.57081 66
      vertex 43.8302 1.77965 86
      vertex 43.8302 1.77965 66
    endloop
  endfacet
  facet normal -0.997859 -0.0653981 0
    outer loop
      vertex 43.8302 1.77965 86
      vertex 43.8439 1.57081 66
      vertex 43.8439 1.57081 86
    endloop
  endfacet
  facet normal 0.997859 -0.0653981 0
    outer loop
      vertex 40.6439 1.57081 86
      vertex 40.6576 1.77965 66
      vertex 40.6576 1.77965 86
    endloop
  endfacet
  facet normal 0.997859 -0.0653981 0
    outer loop
      vertex 40.6576 1.77965 66
      vertex 40.6439 1.57081 86
      vertex 40.6439 1.57081 66
    endloop
  endfacet
  facet normal 0.0654021 -0.997859 0
    outer loop
      vertex 42.0351 3.15712 86
      vertex 42.1939 3.16753 66.6
      vertex 42.1939 3.16753 86
    endloop
  endfacet
  facet normal 0.0654021 -0.997859 0
    outer loop
      vertex 42.0351 3.15712 66
      vertex 42.1939 3.16753 66.6
      vertex 42.0351 3.15712 86
    endloop
  endfacet
  facet normal 0.0654021 -0.997859 1.13638e-008
    outer loop
      vertex 42.2439 3.17081 66
      vertex 42.1939 3.16753 66.6
      vertex 42.0351 3.15712 66
    endloop
  endfacet
  facet normal 0.0654019 -0.997859 0
    outer loop
      vertex 42.1939 3.16753 66.6
      vertex 42.2439 3.17081 66
      vertex 42.2439 3.17081 66.6
    endloop
  endfacet
  facet normal -0.0654035 0.997859 0
    outer loop
      vertex 42.4527 -0.0155024 86
      vertex 42.2939 -0.0259133 66.6
      vertex 42.2939 -0.0259133 86
    endloop
  endfacet
  facet normal -0.0654035 0.997859 0
    outer loop
      vertex 42.4527 -0.0155024 66
      vertex 42.2939 -0.0259133 66.6
      vertex 42.4527 -0.0155024 86
    endloop
  endfacet
  facet normal -0.0654033 0.997859 4.89609e-008
    outer loop
      vertex 42.2439 -0.0291904 66
      vertex 42.2939 -0.0259133 66.6
      vertex 42.4527 -0.0155024 66
    endloop
  endfacet
  facet normal -0.0654027 0.997859 0
    outer loop
      vertex 42.2939 -0.0259133 66.6
      vertex 42.2439 -0.0291904 66
      vertex 42.2439 -0.0291904 66.6
    endloop
  endfacet
  facet normal -0.751844 0.659342 0
    outer loop
      vertex 43.3753 0.439438 66
      vertex 43.5133 0.596791 86
      vertex 43.5133 0.596791 66
    endloop
  endfacet
  facet normal -0.751844 0.659342 0
    outer loop
      vertex 43.5133 0.596791 86
      vertex 43.3753 0.439438 66
      vertex 43.3753 0.439438 86
    endloop
  endfacet
  facet normal -0.659347 -0.751839 0
    outer loop
      vertex 43.2179 2.84017 66
      vertex 43.3753 2.70218 86
      vertex 43.2179 2.84017 86
    endloop
  endfacet
  facet normal -0.659347 -0.751839 -0
    outer loop
      vertex 43.3753 2.70218 86
      vertex 43.2179 2.84017 66
      vertex 43.3753 2.70218 66
    endloop
  endfacet
  facet normal 0.751834 -0.659352 0
    outer loop
      vertex 40.9745 2.54483 86
      vertex 41.1125 2.70218 66
      vertex 41.1125 2.70218 86
    endloop
  endfacet
  facet normal 0.751834 -0.659352 0
    outer loop
      vertex 41.1125 2.70218 66
      vertex 40.9745 2.54483 86
      vertex 40.9745 2.54483 66
    endloop
  endfacet
  facet normal 0.442289 -0.896872 0
    outer loop
      vertex 41.4439 2.95645 66
      vertex 41.6316 3.04902 86
      vertex 41.4439 2.95645 86
    endloop
  endfacet
  facet normal 0.442289 -0.896872 0
    outer loop
      vertex 41.6316 3.04902 86
      vertex 41.4439 2.95645 66
      vertex 41.6316 3.04902 66
    endloop
  endfacet
  facet normal -0.896871 -0.442293 0
    outer loop
      vertex 43.7221 2.1831 66
      vertex 43.6295 2.37081 86
      vertex 43.6295 2.37081 66
    endloop
  endfacet
  facet normal -0.896871 -0.442293 0
    outer loop
      vertex 43.6295 2.37081 86
      vertex 43.7221 2.1831 66
      vertex 43.7221 2.1831 86
    endloop
  endfacet
  facet normal -0.831469 -0.555571 0
    outer loop
      vertex 43.6295 2.37081 66
      vertex 43.5133 2.54483 86
      vertex 43.5133 2.54483 66
    endloop
  endfacet
  facet normal -0.831469 -0.555571 0
    outer loop
      vertex 43.5133 2.54483 86
      vertex 43.6295 2.37081 66
      vertex 43.6295 2.37081 86
    endloop
  endfacet
  facet normal -0.321437 -0.946931 0
    outer loop
      vertex 42.658 3.11629 66
      vertex 42.8562 3.04902 86
      vertex 42.658 3.11629 86
    endloop
  endfacet
  facet normal -0.321437 -0.946931 -0
    outer loop
      vertex 42.8562 3.04902 86
      vertex 42.658 3.11629 66
      vertex 42.8562 3.04902 66
    endloop
  endfacet
  facet normal -0.195091 -0.980785 0
    outer loop
      vertex 42.4527 3.15712 66
      vertex 42.658 3.11629 86
      vertex 42.4527 3.15712 86
    endloop
  endfacet
  facet normal -0.195091 -0.980785 -0
    outer loop
      vertex 42.658 3.11629 86
      vertex 42.4527 3.15712 66
      vertex 42.658 3.11629 66
    endloop
  endfacet
  facet normal -0.442289 -0.896872 0
    outer loop
      vertex 42.8562 3.04902 66
      vertex 43.0439 2.95645 86
      vertex 42.8562 3.04902 86
    endloop
  endfacet
  facet normal -0.442289 -0.896872 -0
    outer loop
      vertex 43.0439 2.95645 86
      vertex 42.8562 3.04902 66
      vertex 43.0439 2.95645 66
    endloop
  endfacet
  facet normal 0.946927 -0.321448 0
    outer loop
      vertex 40.6984 1.98492 86
      vertex 40.7657 2.1831 66
      vertex 40.7657 2.1831 86
    endloop
  endfacet
  facet normal 0.946927 -0.321448 0
    outer loop
      vertex 40.7657 2.1831 66
      vertex 40.6984 1.98492 86
      vertex 40.6984 1.98492 66
    endloop
  endfacet
  facet normal 0.896871 -0.442293 0
    outer loop
      vertex 40.7657 2.1831 86
      vertex 40.8583 2.37081 66
      vertex 40.8583 2.37081 86
    endloop
  endfacet
  facet normal 0.896871 -0.442293 0
    outer loop
      vertex 40.8583 2.37081 66
      vertex 40.7657 2.1831 86
      vertex 40.7657 2.1831 66
    endloop
  endfacet
  facet normal 0.980787 -0.195082 0
    outer loop
      vertex 40.6576 1.77965 86
      vertex 40.6984 1.98492 66
      vertex 40.6984 1.98492 86
    endloop
  endfacet
  facet normal 0.980787 -0.195082 0
    outer loop
      vertex 40.6984 1.98492 66
      vertex 40.6576 1.77965 86
      vertex 40.6576 1.77965 66
    endloop
  endfacet
  facet normal 0 0 -1
    outer loop
      vertex 43.8302 1.36197 86
      vertex 43.8302 1.77965 86
      vertex 43.8439 1.57081 86
    endloop
  endfacet
  facet normal 0 0 -1
    outer loop
      vertex 43.7894 1.1567 86
      vertex 43.8302 1.77965 86
      vertex 43.8302 1.36197 86
    endloop
  endfacet
  facet normal 0 0 -1
    outer loop
      vertex 43.7894 1.1567 86
      vertex 43.7894 1.98492 86
      vertex 43.8302 1.77965 86
    endloop
  endfacet
  facet normal 0 0 -1
    outer loop
      vertex 43.7221 0.958516 86
      vertex 43.7894 1.98492 86
      vertex 43.7894 1.1567 86
    endloop
  endfacet
  facet normal 0 0 -1
    outer loop
      vertex 43.7221 0.958516 86
      vertex 43.7221 2.1831 86
      vertex 43.7894 1.98492 86
    endloop
  endfacet
  facet normal 0 0 -1
    outer loop
      vertex 43.6295 0.77081 86
      vertex 43.7221 2.1831 86
      vertex 43.7221 0.958516 86
    endloop
  endfacet
  facet normal 0 0 -1
    outer loop
      vertex 43.6295 0.77081 86
      vertex 43.6295 2.37081 86
      vertex 43.7221 2.1831 86
    endloop
  endfacet
  facet normal 0 0 -1
    outer loop
      vertex 43.5133 0.596791 86
      vertex 43.6295 2.37081 86
      vertex 43.6295 0.77081 86
    endloop
  endfacet
  facet normal 0 0 -1
    outer loop
      vertex 43.5133 0.596791 86
      vertex 43.5133 2.54483 86
      vertex 43.6295 2.37081 86
    endloop
  endfacet
  facet normal 0 0 -1
    outer loop
      vertex 43.3753 0.439438 86
      vertex 43.5133 2.54483 86
      vertex 43.5133 0.596791 86
    endloop
  endfacet
  facet normal 0 0 -1
    outer loop
      vertex 43.3753 0.439438 86
      vertex 43.3753 2.70218 86
      vertex 43.5133 2.54483 86
    endloop
  endfacet
  facet normal 0 0 -1
    outer loop
      vertex 43.2179 0.301444 86
      vertex 43.3753 2.70218 86
      vertex 43.3753 0.439438 86
    endloop
  endfacet
  facet normal 0 0 -1
    outer loop
      vertex 43.2179 0.301444 86
      vertex 43.2179 2.84017 86
      vertex 43.3753 2.70218 86
    endloop
  endfacet
  facet normal 0 0 -1
    outer loop
      vertex 43.0439 0.185169 86
      vertex 43.2179 2.84017 86
      vertex 43.2179 0.301444 86
    endloop
  endfacet
  facet normal 0 0 -1
    outer loop
      vertex 43.0439 0.185169 86
      vertex 43.0439 2.95645 86
      vertex 43.2179 2.84017 86
    endloop
  endfacet
  facet normal 0 0 -1
    outer loop
      vertex 42.8562 0.0926023 86
      vertex 43.0439 2.95645 86
      vertex 43.0439 0.185169 86
    endloop
  endfacet
  facet normal 0 0 -1
    outer loop
      vertex 42.8562 0.0926023 86
      vertex 42.8562 3.04902 86
      vertex 43.0439 2.95645 86
    endloop
  endfacet
  facet normal 0 0 -1
    outer loop
      vertex 42.658 0.0253283 86
      vertex 42.8562 3.04902 86
      vertex 42.8562 0.0926023 86
    endloop
  endfacet
  facet normal 0 0 -1
    outer loop
      vertex 42.658 0.0253283 86
      vertex 42.658 3.11629 86
      vertex 42.8562 3.04902 86
    endloop
  endfacet
  facet normal 0 0 -1
    outer loop
      vertex 42.2939 -0.0259133 86
      vertex 42.658 0.0253283 86
      vertex 42.4527 -0.0155024 86
    endloop
  endfacet
  facet normal -0 0 -1
    outer loop
      vertex 42.658 0.0253283 86
      vertex 42.2939 -0.0259133 86
      vertex 42.658 3.11629 86
    endloop
  endfacet
  facet normal 0 0 -1
    outer loop
      vertex 42.2939 3.16753 86
      vertex 42.658 3.11629 86
      vertex 42.2939 -0.0259133 86
    endloop
  endfacet
  facet normal 0 0 -1
    outer loop
      vertex 42.658 3.11629 86
      vertex 42.2939 3.16753 86
      vertex 42.4527 3.15712 86
    endloop
  endfacet
  facet normal 0 0 -1
    outer loop
      vertex 41.8298 0.0253283 86
      vertex 42.1939 -0.0259133 86
      vertex 42.0351 -0.0155024 86
    endloop
  endfacet
  facet normal 0 0 -1
    outer loop
      vertex 42.1939 -0.0259133 86
      vertex 41.8298 0.0253283 86
      vertex 42.1939 3.16753 86
    endloop
  endfacet
  facet normal 0 0 -1
    outer loop
      vertex 41.8298 3.11629 86
      vertex 42.1939 3.16753 86
      vertex 41.8298 0.0253283 86
    endloop
  endfacet
  facet normal 0 0 -1
    outer loop
      vertex 42.1939 3.16753 86
      vertex 41.8298 3.11629 86
      vertex 42.0351 3.15712 86
    endloop
  endfacet
  facet normal 0 0 -1
    outer loop
      vertex 41.6316 0.0926023 86
      vertex 41.8298 3.11629 86
      vertex 41.8298 0.0253283 86
    endloop
  endfacet
  facet normal 0 0 -1
    outer loop
      vertex 41.6316 0.0926023 86
      vertex 41.6316 3.04902 86
      vertex 41.8298 3.11629 86
    endloop
  endfacet
  facet normal 0 0 -1
    outer loop
      vertex 41.4439 0.185169 86
      vertex 41.6316 3.04902 86
      vertex 41.6316 0.0926023 86
    endloop
  endfacet
  facet normal 0 0 -1
    outer loop
      vertex 41.4439 0.185169 86
      vertex 41.4439 2.95645 86
      vertex 41.6316 3.04902 86
    endloop
  endfacet
  facet normal 0 0 -1
    outer loop
      vertex 41.2699 0.301444 86
      vertex 41.4439 2.95645 86
      vertex 41.4439 0.185169 86
    endloop
  endfacet
  facet normal 0 0 -1
    outer loop
      vertex 41.2699 0.301444 86
      vertex 41.2699 2.84017 86
      vertex 41.4439 2.95645 86
    endloop
  endfacet
  facet normal 0 0 -1
    outer loop
      vertex 41.1125 0.439438 86
      vertex 41.2699 2.84017 86
      vertex 41.2699 0.301444 86
    endloop
  endfacet
  facet normal 0 0 -1
    outer loop
      vertex 41.1125 0.439438 86
      vertex 41.1125 2.70218 86
      vertex 41.2699 2.84017 86
    endloop
  endfacet
  facet normal 0 0 -1
    outer loop
      vertex 40.9745 0.596791 86
      vertex 41.1125 2.70218 86
      vertex 41.1125 0.439438 86
    endloop
  endfacet
  facet normal 0 0 -1
    outer loop
      vertex 40.9745 0.596791 86
      vertex 40.9745 2.54483 86
      vertex 41.1125 2.70218 86
    endloop
  endfacet
  facet normal 0 0 -1
    outer loop
      vertex 40.8583 0.77081 86
      vertex 40.9745 2.54483 86
      vertex 40.9745 0.596791 86
    endloop
  endfacet
  facet normal 0 0 -1
    outer loop
      vertex 40.8583 0.77081 86
      vertex 40.8583 2.37081 86
      vertex 40.9745 2.54483 86
    endloop
  endfacet
  facet normal 0 0 -1
    outer loop
      vertex 40.7657 0.958516 86
      vertex 40.8583 2.37081 86
      vertex 40.8583 0.77081 86
    endloop
  endfacet
  facet normal 0 0 -1
    outer loop
      vertex 40.7657 0.958516 86
      vertex 40.7657 2.1831 86
      vertex 40.8583 2.37081 86
    endloop
  endfacet
  facet normal 0 0 -1
    outer loop
      vertex 40.6984 1.1567 86
      vertex 40.7657 2.1831 86
      vertex 40.7657 0.958516 86
    endloop
  endfacet
  facet normal 0 0 -1
    outer loop
      vertex 40.6984 1.1567 86
      vertex 40.6984 1.98492 86
      vertex 40.7657 2.1831 86
    endloop
  endfacet
  facet normal 0 0 -1
    outer loop
      vertex 40.6576 1.36197 86
      vertex 40.6984 1.98492 86
      vertex 40.6984 1.1567 86
    endloop
  endfacet
  facet normal 0 0 -1
    outer loop
      vertex 40.6576 1.36197 86
      vertex 40.6576 1.77965 86
      vertex 40.6984 1.98492 86
    endloop
  endfacet
  facet normal 0 -0 -1
    outer loop
      vertex 40.6576 1.77965 86
      vertex 40.6576 1.36197 86
      vertex 40.6439 1.57081 86
    endloop
  endfacet
  facet normal 0.555567 -0.831471 0
    outer loop
      vertex 41.2699 2.84017 66
      vertex 41.4439 2.95645 86
      vertex 41.2699 2.84017 86
    endloop
  endfacet
  facet normal 0.555567 -0.831471 0
    outer loop
      vertex 41.4439 2.95645 86
      vertex 41.2699 2.84017 66
      vertex 41.4439 2.95645 66
    endloop
  endfacet
  facet normal 0.321442 -0.946929 0
    outer loop
      vertex 41.6316 3.04902 66
      vertex 41.8298 3.11629 86
      vertex 41.6316 3.04902 86
    endloop
  endfacet
  facet normal 0.321442 -0.946929 0
    outer loop
      vertex 41.8298 3.11629 86
      vertex 41.6316 3.04902 66
      vertex 41.8298 3.11629 66
    endloop
  endfacet
  facet normal -0.195091 0.980785 0
    outer loop
      vertex 42.658 0.0253283 66
      vertex 42.4527 -0.0155024 86
      vertex 42.658 0.0253283 86
    endloop
  endfacet
  facet normal -0.195091 0.980785 0
    outer loop
      vertex 42.4527 -0.0155024 86
      vertex 42.658 0.0253283 66
      vertex 42.4527 -0.0155024 66
    endloop
  endfacet
  facet normal -0.946933 -0.321432 0
    outer loop
      vertex 43.7894 1.98492 66
      vertex 43.7221 2.1831 86
      vertex 43.7221 2.1831 66
    endloop
  endfacet
  facet normal -0.946933 -0.321432 0
    outer loop
      vertex 43.7221 2.1831 86
      vertex 43.7894 1.98492 66
      vertex 43.7894 1.98492 86
    endloop
  endfacet
  facet normal -0.980783 -0.1951 0
    outer loop
      vertex 43.8302 1.77965 66
      vertex 43.7894 1.98492 86
      vertex 43.7894 1.98492 66
    endloop
  endfacet
  facet normal -0.980783 -0.1951 0
    outer loop
      vertex 43.7894 1.98492 86
      vertex 43.8302 1.77965 66
      vertex 43.8302 1.77965 86
    endloop
  endfacet
  facet normal -0.751843 -0.659342 0
    outer loop
      vertex 43.5133 2.54483 66
      vertex 43.3753 2.70218 86
      vertex 43.3753 2.70218 66
    endloop
  endfacet
  facet normal -0.751843 -0.659342 0
    outer loop
      vertex 43.3753 2.70218 86
      vertex 43.5133 2.54483 66
      vertex 43.5133 2.54483 86
    endloop
  endfacet
  facet normal -0.0654019 -0.997859 -0
    outer loop
      vertex 42.2439 3.17081 66.6
      vertex 42.2439 3.17081 66
      vertex 42.2939 3.16753 66.6
    endloop
  endfacet
  facet normal -0.0654037 -0.997859 0
    outer loop
      vertex 42.2939 3.16753 66.6
      vertex 42.4527 3.15712 86
      vertex 42.2939 3.16753 86
    endloop
  endfacet
  facet normal -0.0654037 -0.997859 0
    outer loop
      vertex 42.2939 3.16753 66.6
      vertex 42.4527 3.15712 66
      vertex 42.4527 3.15712 86
    endloop
  endfacet
  facet normal -0.0654033 -0.997859 1.10916e-007
    outer loop
      vertex 42.4527 3.15712 66
      vertex 42.2939 3.16753 66.6
      vertex 42.2439 3.17081 66
    endloop
  endfacet
  facet normal -0.555567 -0.831471 0
    outer loop
      vertex 43.0439 2.95645 66
      vertex 43.2179 2.84017 86
      vertex 43.0439 2.95645 86
    endloop
  endfacet
  facet normal -0.555567 -0.831471 -0
    outer loop
      vertex 43.2179 2.84017 86
      vertex 43.0439 2.95645 66
      vertex 43.2179 2.84017 66
    endloop
  endfacet
  facet normal 0.831478 -0.555558 0
    outer loop
      vertex 40.8583 2.37081 86
      vertex 40.9745 2.54483 66
      vertex 40.9745 2.54483 86
    endloop
  endfacet
  facet normal 0.831478 -0.555558 0
    outer loop
      vertex 40.9745 2.54483 66
      vertex 40.8583 2.37081 86
      vertex 40.8583 2.37081 66
    endloop
  endfacet
  facet normal 0.195091 -0.980785 0
    outer loop
      vertex 41.8298 3.11629 66
      vertex 42.0351 3.15712 86
      vertex 41.8298 3.11629 86
    endloop
  endfacet
  facet normal 0.195091 -0.980785 0
    outer loop
      vertex 42.0351 3.15712 86
      vertex 41.8298 3.11629 66
      vertex 42.0351 3.15712 66
    endloop
  endfacet
  facet normal -0.946933 0.321431 0
    outer loop
      vertex 43.7221 0.958516 66
      vertex 43.7894 1.1567 86
      vertex 43.7894 1.1567 66
    endloop
  endfacet
  facet normal -0.946933 0.321431 0
    outer loop
      vertex 43.7894 1.1567 86
      vertex 43.7221 0.958516 66
      vertex 43.7221 0.958516 86
    endloop
  endfacet
  facet normal -0.980783 0.1951 0
    outer loop
      vertex 43.7894 1.1567 66
      vertex 43.8302 1.36197 86
      vertex 43.8302 1.36197 66
    endloop
  endfacet
  facet normal -0.980783 0.1951 0
    outer loop
      vertex 43.8302 1.36197 86
      vertex 43.7894 1.1567 66
      vertex 43.7894 1.1567 86
    endloop
  endfacet
  facet normal 0.997859 0.0653981 0
    outer loop
      vertex 40.6576 1.36197 86
      vertex 40.6439 1.57081 66
      vertex 40.6439 1.57081 86
    endloop
  endfacet
  facet normal 0.997859 0.0653981 0
    outer loop
      vertex 40.6439 1.57081 66
      vertex 40.6576 1.36197 86
      vertex 40.6576 1.36197 66
    endloop
  endfacet
  facet normal -0.555567 0.831471 0
    outer loop
      vertex 43.2179 0.301444 66
      vertex 43.0439 0.185169 86
      vertex 43.2179 0.301444 86
    endloop
  endfacet
  facet normal -0.555567 0.831471 0
    outer loop
      vertex 43.0439 0.185169 86
      vertex 43.2179 0.301444 66
      vertex 43.0439 0.185169 66
    endloop
  endfacet
  facet normal -0.442289 0.896872 0
    outer loop
      vertex 43.0439 0.185169 66
      vertex 42.8562 0.0926023 86
      vertex 43.0439 0.185169 86
    endloop
  endfacet
  facet normal -0.442289 0.896872 0
    outer loop
      vertex 42.8562 0.0926023 86
      vertex 43.0439 0.185169 66
      vertex 42.8562 0.0926023 66
    endloop
  endfacet
  facet normal 0.659347 -0.751839 0
    outer loop
      vertex 41.1125 2.70218 66
      vertex 41.2699 2.84017 86
      vertex 41.1125 2.70218 86
    endloop
  endfacet
  facet normal 0.659347 -0.751839 0
    outer loop
      vertex 41.2699 2.84017 86
      vertex 41.1125 2.70218 66
      vertex 41.2699 2.84017 66
    endloop
  endfacet
  facet normal -0.997859 0.0653981 0
    outer loop
      vertex 43.8302 1.36197 66
      vertex 43.8439 1.57081 86
      vertex 43.8439 1.57081 66
    endloop
  endfacet
  facet normal -0.997859 0.0653981 0
    outer loop
      vertex 43.8439 1.57081 86
      vertex 43.8302 1.36197 66
      vertex 43.8302 1.36197 86
    endloop
  endfacet
  facet normal 0.321442 0.946929 -0
    outer loop
      vertex 41.8298 0.0253283 66
      vertex 41.6316 0.0926023 86
      vertex 41.8298 0.0253283 86
    endloop
  endfacet
  facet normal 0.321442 0.946929 0
    outer loop
      vertex 41.6316 0.0926023 86
      vertex 41.8298 0.0253283 66
      vertex 41.6316 0.0926023 66
    endloop
  endfacet
  facet normal 0.751834 0.659352 0
    outer loop
      vertex 41.1125 0.439438 86
      vertex 40.9745 0.596791 66
      vertex 40.9745 0.596791 86
    endloop
  endfacet
  facet normal 0.751834 0.659352 0
    outer loop
      vertex 40.9745 0.596791 66
      vertex 41.1125 0.439438 86
      vertex 41.1125 0.439438 66
    endloop
  endfacet
  facet normal 0.980787 0.195082 0
    outer loop
      vertex 40.6984 1.1567 86
      vertex 40.6576 1.36197 66
      vertex 40.6576 1.36197 86
    endloop
  endfacet
  facet normal 0.980787 0.195082 0
    outer loop
      vertex 40.6576 1.36197 66
      vertex 40.6984 1.1567 86
      vertex 40.6984 1.1567 66
    endloop
  endfacet
  facet normal 0.946927 0.321448 0
    outer loop
      vertex 40.7657 0.958516 86
      vertex 40.6984 1.1567 66
      vertex 40.6984 1.1567 86
    endloop
  endfacet
  facet normal 0.946927 0.321448 0
    outer loop
      vertex 40.6984 1.1567 66
      vertex 40.7657 0.958516 86
      vertex 40.7657 0.958516 66
    endloop
  endfacet
  facet normal -0.659347 0.751839 0
    outer loop
      vertex 43.3753 0.439438 66
      vertex 43.2179 0.301444 86
      vertex 43.3753 0.439438 86
    endloop
  endfacet
  facet normal -0.659347 0.751839 0
    outer loop
      vertex 43.2179 0.301444 86
      vertex 43.3753 0.439438 66
      vertex 43.2179 0.301444 66
    endloop
  endfacet
  facet normal -0.321437 0.946931 0
    outer loop
      vertex 42.8562 0.0926023 66
      vertex 42.658 0.0253283 86
      vertex 42.8562 0.0926023 86
    endloop
  endfacet
  facet normal -0.321437 0.946931 0
    outer loop
      vertex 42.658 0.0253283 86
      vertex 42.8562 0.0926023 66
      vertex 42.658 0.0253283 66
    endloop
  endfacet
  facet normal -0.896871 0.442293 0
    outer loop
      vertex 43.6295 0.77081 66
      vertex 43.7221 0.958516 86
      vertex 43.7221 0.958516 66
    endloop
  endfacet
  facet normal -0.896871 0.442293 0
    outer loop
      vertex 43.7221 0.958516 86
      vertex 43.6295 0.77081 66
      vertex 43.6295 0.77081 86
    endloop
  endfacet
  facet normal -0.831469 0.555571 0
    outer loop
      vertex 43.5133 0.596791 66
      vertex 43.6295 0.77081 86
      vertex 43.6295 0.77081 66
    endloop
  endfacet
  facet normal -0.831469 0.555571 0
    outer loop
      vertex 43.6295 0.77081 86
      vertex 43.5133 0.596791 66
      vertex 43.5133 0.596791 86
    endloop
  endfacet
  facet normal 0.0654027 0.997859 0
    outer loop
      vertex 42.2439 -0.0291904 66.6
      vertex 42.2439 -0.0291904 66
      vertex 42.1939 -0.0259133 66.6
    endloop
  endfacet
  facet normal 0.0654019 0.997859 -0
    outer loop
      vertex 42.1939 -0.0259133 66.6
      vertex 42.0351 -0.0155024 86
      vertex 42.1939 -0.0259133 86
    endloop
  endfacet
  facet normal 0.0654019 0.997859 0
    outer loop
      vertex 42.1939 -0.0259133 66.6
      vertex 42.0351 -0.0155024 66
      vertex 42.0351 -0.0155024 86
    endloop
  endfacet
  facet normal 0.0654021 0.997859 -5.05916e-008
    outer loop
      vertex 42.0351 -0.0155024 66
      vertex 42.1939 -0.0259133 66.6
      vertex 42.2439 -0.0291904 66
    endloop
  endfacet
  facet normal 0.555567 0.831471 -0
    outer loop
      vertex 41.4439 0.185169 66
      vertex 41.2699 0.301444 86
      vertex 41.4439 0.185169 86
    endloop
  endfacet
  facet normal 0.555567 0.831471 0
    outer loop
      vertex 41.2699 0.301444 86
      vertex 41.4439 0.185169 66
      vertex 41.2699 0.301444 66
    endloop
  endfacet
  facet normal 0.195091 0.980785 -0
    outer loop
      vertex 42.0351 -0.0155024 66
      vertex 41.8298 0.0253283 86
      vertex 42.0351 -0.0155024 86
    endloop
  endfacet
  facet normal 0.195091 0.980785 0
    outer loop
      vertex 41.8298 0.0253283 86
      vertex 42.0351 -0.0155024 66
      vertex 41.8298 0.0253283 66
    endloop
  endfacet
  facet normal 0.659347 0.751839 -0
    outer loop
      vertex 41.2699 0.301444 66
      vertex 41.1125 0.439438 86
      vertex 41.2699 0.301444 86
    endloop
  endfacet
  facet normal 0.659347 0.751839 0
    outer loop
      vertex 41.1125 0.439438 86
      vertex 41.2699 0.301444 66
      vertex 41.1125 0.439438 66
    endloop
  endfacet
  facet normal 0.831478 0.555558 0
    outer loop
      vertex 40.9745 0.596791 86
      vertex 40.8583 0.77081 66
      vertex 40.8583 0.77081 86
    endloop
  endfacet
  facet normal 0.831478 0.555558 0
    outer loop
      vertex 40.8583 0.77081 66
      vertex 40.9745 0.596791 86
      vertex 40.9745 0.596791 66
    endloop
  endfacet
  facet normal 0.896871 0.442293 0
    outer loop
      vertex 40.8583 0.77081 86
      vertex 40.7657 0.958516 66
      vertex 40.7657 0.958516 86
    endloop
  endfacet
  facet normal 0.896871 0.442293 0
    outer loop
      vertex 40.7657 0.958516 66
      vertex 40.8583 0.77081 86
      vertex 40.8583 0.77081 66
    endloop
  endfacet
  facet normal 0.442289 0.896872 -0
    outer loop
      vertex 41.6316 0.0926023 66
      vertex 41.4439 0.185169 86
      vertex 41.6316 0.0926023 86
    endloop
  endfacet
  facet normal 0.442289 0.896872 0
    outer loop
      vertex 41.4439 0.185169 86
      vertex 41.6316 0.0926023 66
      vertex 41.4439 0.185169 66
    endloop
  endfacet
  facet normal 1 0 0
    outer loop
      vertex 197.321 4.71604 293.318
      vertex 197.321 7.11165 295.4
      vertex 197.321 4.72856 295.4
    endloop
  endfacet
  facet normal 1 -0 0
    outer loop
      vertex 197.321 10.3051 295.4
      vertex 197.321 13.1949 293.318
      vertex 197.321 13.2988 295.4
    endloop
  endfacet
  facet normal 1 0 0
    outer loop
      vertex 197.321 13.1949 293.318
      vertex 197.321 10.3051 295.4
      vertex 197.321 13.1517 292.548
    endloop
  endfacet
  facet normal 1 0 0
    outer loop
      vertex 197.321 13.1517 292.548
      vertex 197.321 10.3051 295.4
      vertex 197.321 13.1487 292.504
    endloop
  endfacet
  facet normal 1 0 0
    outer loop
      vertex 197.321 13.1487 292.504
      vertex 197.321 10.3051 295.4
      vertex 197.321 12.5306 281.83
    endloop
  endfacet
  facet normal 1 0 0
    outer loop
      vertex 197.321 12.5306 281.83
      vertex 197.321 10.3051 295.4
      vertex 197.321 12.4844 281.155
    endloop
  endfacet
  facet normal 1 0 0
    outer loop
      vertex 197.321 12.4844 281.155
      vertex 197.321 10.3051 295.4
      vertex 197.321 11.873 270.884
    endloop
  endfacet
  facet normal 1 0 0
    outer loop
      vertex 197.321 10.3051 261
      vertex 197.321 11.873 270.884
      vertex 197.321 10.3051 295.4
    endloop
  endfacet
  facet normal 1 0 0
    outer loop
      vertex 197.321 11.7796 269.544
      vertex 197.321 10.3051 261
      vertex 197.321 11.1782 259.664
    endloop
  endfacet
  facet normal 1 0 0
    outer loop
      vertex 197.321 11.873 270.884
      vertex 197.321 10.3051 261
      vertex 197.321 11.7796 269.544
    endloop
  endfacet
  facet normal 1 0 0
    outer loop
      vertex 197.321 11.1782 259.664
      vertex 197.321 10.3051 261
      vertex 197.321 11.1666 259.5
    endloop
  endfacet
  facet normal 1 -0 0
    outer loop
      vertex 197.321 7.11165 261
      vertex 197.321 11.1666 259.5
      vertex 197.321 10.3051 261
    endloop
  endfacet
  facet normal 1 0 0
    outer loop
      vertex 197.321 7.11165 295.4
      vertex 197.321 4.71604 293.318
      vertex 197.321 7.11165 261
    endloop
  endfacet
  facet normal 1 0 0
    outer loop
      vertex 197.321 7.11165 261
      vertex 197.321 4.50005 259.5
      vertex 197.321 11.1666 259.5
    endloop
  endfacet
  facet normal 1 0 0
    outer loop
      vertex 197.321 4.50005 259.5
      vertex 197.321 7.11165 261
      vertex 197.321 4.71604 293.318
    endloop
  endfacet
  facet normal -1 0 0
    outer loop
      vertex 197.421 11.1524 259.5
      vertex 197.421 7.11165 261
      vertex 197.421 10.3051 261
    endloop
  endfacet
  facet normal -1 0 0
    outer loop
      vertex 197.421 4.72393 293.318
      vertex 197.421 7.11165 295.4
      vertex 197.421 7.11165 261
    endloop
  endfacet
  facet normal -1 -0 0
    outer loop
      vertex 197.421 7.11165 295.4
      vertex 197.421 4.72393 293.318
      vertex 197.421 4.73645 295.4
    endloop
  endfacet
  facet normal -1 -0 0
    outer loop
      vertex 197.421 7.11165 261
      vertex 197.421 4.50794 259.5
      vertex 197.421 4.72393 293.318
    endloop
  endfacet
  facet normal -1 0 0
    outer loop
      vertex 197.421 4.50794 259.5
      vertex 197.421 7.11165 261
      vertex 197.421 11.1524 259.5
    endloop
  endfacet
  facet normal -1 0 0
    outer loop
      vertex 197.421 10.3051 295.4
      vertex 197.421 13.185 293.318
      vertex 197.421 13.16 292.872
    endloop
  endfacet
  facet normal -1 0 0
    outer loop
      vertex 197.421 10.3051 295.4
      vertex 197.421 13.16 292.872
      vertex 197.421 13.1583 292.846
    endloop
  endfacet
  facet normal -1 0 0
    outer loop
      vertex 197.421 10.3051 295.4
      vertex 197.421 13.1583 292.846
      vertex 197.421 12.5393 282.157
    endloop
  endfacet
  facet normal -1 0 0
    outer loop
      vertex 197.421 10.3051 295.4
      vertex 197.421 12.5393 282.157
      vertex 197.421 12.4943 281.501
    endloop
  endfacet
  facet normal -1 0 0
    outer loop
      vertex 197.421 10.3051 295.4
      vertex 197.421 12.4943 281.501
      vertex 197.421 11.882 271.214
    endloop
  endfacet
  facet normal -1 0 0
    outer loop
      vertex 197.421 10.3051 261
      vertex 197.421 11.882 271.214
      vertex 197.421 11.7899 269.893
    endloop
  endfacet
  facet normal -1 0 0
    outer loop
      vertex 197.421 10.3051 261
      vertex 197.421 11.7899 269.893
      vertex 197.421 11.1875 259.997
    endloop
  endfacet
  facet normal -1 0 0
    outer loop
      vertex 197.421 10.3051 261
      vertex 197.421 11.1875 259.997
      vertex 197.421 11.1524 259.5
    endloop
  endfacet
  facet normal -1 -0 0
    outer loop
      vertex 197.421 11.882 271.214
      vertex 197.421 10.3051 261
      vertex 197.421 10.3051 295.4
    endloop
  endfacet
  facet normal -1 0 0
    outer loop
      vertex 197.421 13.185 293.318
      vertex 197.421 10.3051 295.4
      vertex 197.421 13.289 295.4
    endloop
  endfacet
  facet normal 0 0 1
    outer loop
      vertex 197.321 4.50005 259.5
      vertex 197.421 11.1524 259.5
      vertex 197.321 11.1666 259.5
    endloop
  endfacet
  facet normal 0 0 1
    outer loop
      vertex 197.421 11.1524 259.5
      vertex 197.321 4.50005 259.5
      vertex 197.421 4.50794 259.5
    endloop
  endfacet
  facet normal 0 0 -1
    outer loop
      vertex 197.421 4.73645 295.4
      vertex 197.371 7.10838 295.4
      vertex 197.421 7.11165 295.4
    endloop
  endfacet
  facet normal 0 0 -1
    outer loop
      vertex 197.321 4.72856 295.4
      vertex 197.371 7.10838 295.4
      vertex 197.421 4.73645 295.4
    endloop
  endfacet
  facet normal -0 0 -1
    outer loop
      vertex 197.371 7.10838 295.4
      vertex 197.321 4.72856 295.4
      vertex 197.321 7.11165 295.4
    endloop
  endfacet
  facet normal 0 0 -1
    outer loop
      vertex 197.371 10.3084 295.4
      vertex 197.421 13.289 295.4
      vertex 197.421 10.3051 295.4
    endloop
  endfacet
  facet normal 0 0 -1
    outer loop
      vertex 197.321 10.3051 295.4
      vertex 197.421 13.289 295.4
      vertex 197.371 10.3084 295.4
    endloop
  endfacet
  facet normal -0 0 -1
    outer loop
      vertex 197.421 13.289 295.4
      vertex 197.321 10.3051 295.4
      vertex 197.321 13.2988 295.4
    endloop
  endfacet
  facet normal -0.997859 -0.0653981 0
    outer loop
      vertex 198.971 8.70837 261
      vertex 198.957 8.91722 296
      vertex 198.957 8.91722 261
    endloop
  endfacet
  facet normal -0.997859 -0.0653981 0
    outer loop
      vertex 198.957 8.91722 296
      vertex 198.971 8.70837 261
      vertex 198.971 8.70837 296
    endloop
  endfacet
  facet normal 0.997859 -0.0653981 0
    outer loop
      vertex 195.771 8.70837 296
      vertex 195.784 8.91722 261
      vertex 195.784 8.91722 296
    endloop
  endfacet
  facet normal 0.997859 -0.0653981 0
    outer loop
      vertex 195.784 8.91722 261
      vertex 195.771 8.70837 296
      vertex 195.771 8.70837 261
    endloop
  endfacet
  facet normal 0.0654009 -0.997859 -7.24129e-007
    outer loop
      vertex 197.162 10.2947 296
      vertex 197.321 10.3051 295.4
      vertex 197.371 10.3084 296
    endloop
  endfacet
  facet normal 0.0654036 -0.997859 0
    outer loop
      vertex 197.162 10.2947 261
      vertex 197.321 10.3051 295.4
      vertex 197.162 10.2947 296
    endloop
  endfacet
  facet normal 0.0654036 -0.997859 0
    outer loop
      vertex 197.321 10.3051 295.4
      vertex 197.162 10.2947 261
      vertex 197.321 10.3051 261
    endloop
  endfacet
  facet normal 0.0653922 -0.99786 0
    outer loop
      vertex 197.371 10.3084 296
      vertex 197.321 10.3051 295.4
      vertex 197.371 10.3084 295.4
    endloop
  endfacet
  facet normal -0.0654009 0.997859 -7.24129e-007
    outer loop
      vertex 197.58 7.12206 296
      vertex 197.421 7.11165 295.4
      vertex 197.371 7.10838 296
    endloop
  endfacet
  facet normal -0.0654036 0.997859 0
    outer loop
      vertex 197.58 7.12206 261
      vertex 197.421 7.11165 295.4
      vertex 197.58 7.12206 296
    endloop
  endfacet
  facet normal -0.0654036 0.997859 0
    outer loop
      vertex 197.421 7.11165 295.4
      vertex 197.58 7.12206 261
      vertex 197.421 7.11165 261
    endloop
  endfacet
  facet normal -0.0653922 0.99786 0
    outer loop
      vertex 197.371 7.10838 296
      vertex 197.421 7.11165 295.4
      vertex 197.371 7.10838 295.4
    endloop
  endfacet
  facet normal -0.751862 0.659321 0
    outer loop
      vertex 198.502 7.577 261
      vertex 198.64 7.73436 296
      vertex 198.64 7.73436 261
    endloop
  endfacet
  facet normal -0.751862 0.659321 0
    outer loop
      vertex 198.64 7.73436 296
      vertex 198.502 7.577 261
      vertex 198.502 7.577 296
    endloop
  endfacet
  facet normal -0.65932 -0.751863 0
    outer loop
      vertex 198.345 9.97774 261
      vertex 198.502 9.83974 296
      vertex 198.345 9.97774 296
    endloop
  endfacet
  facet normal -0.65932 -0.751863 -0
    outer loop
      vertex 198.502 9.83974 296
      vertex 198.345 9.97774 261
      vertex 198.502 9.83974 261
    endloop
  endfacet
  facet normal 0.751825 -0.659362 0
    outer loop
      vertex 196.101 9.68239 296
      vertex 196.239 9.83974 261
      vertex 196.239 9.83974 296
    endloop
  endfacet
  facet normal 0.751825 -0.659362 0
    outer loop
      vertex 196.239 9.83974 261
      vertex 196.101 9.68239 296
      vertex 196.101 9.68239 261
    endloop
  endfacet
  facet normal 0.442275 -0.89688 0
    outer loop
      vertex 196.571 10.094 261
      vertex 196.758 10.1866 296
      vertex 196.571 10.094 296
    endloop
  endfacet
  facet normal 0.442275 -0.89688 0
    outer loop
      vertex 196.758 10.1866 296
      vertex 196.571 10.094 261
      vertex 196.758 10.1866 261
    endloop
  endfacet
  facet normal -0.896856 -0.442322 0
    outer loop
      vertex 198.849 9.32067 261
      vertex 198.756 9.50837 296
      vertex 198.756 9.50837 261
    endloop
  endfacet
  facet normal -0.896856 -0.442322 0
    outer loop
      vertex 198.756 9.50837 296
      vertex 198.849 9.32067 261
      vertex 198.849 9.32067 296
    endloop
  endfacet
  facet normal -0.831478 -0.555558 0
    outer loop
      vertex 198.756 9.50837 261
      vertex 198.64 9.68239 296
      vertex 198.64 9.68239 261
    endloop
  endfacet
  facet normal -0.831478 -0.555558 0
    outer loop
      vertex 198.64 9.68239 296
      vertex 198.756 9.50837 261
      vertex 198.756 9.50837 296
    endloop
  endfacet
  facet normal -0.321442 -0.946929 0
    outer loop
      vertex 197.785 10.2539 261
      vertex 197.983 10.1866 296
      vertex 197.785 10.2539 296
    endloop
  endfacet
  facet normal -0.321442 -0.946929 -0
    outer loop
      vertex 197.983 10.1866 296
      vertex 197.785 10.2539 261
      vertex 197.983 10.1866 261
    endloop
  endfacet
  facet normal -0.195098 -0.980784 0
    outer loop
      vertex 197.58 10.2947 261
      vertex 197.785 10.2539 296
      vertex 197.58 10.2947 296
    endloop
  endfacet
  facet normal -0.195098 -0.980784 -0
    outer loop
      vertex 197.785 10.2539 296
      vertex 197.58 10.2947 261
      vertex 197.785 10.2539 261
    endloop
  endfacet
  facet normal -0.442275 -0.89688 0
    outer loop
      vertex 197.983 10.1866 261
      vertex 198.171 10.094 296
      vertex 197.983 10.1866 296
    endloop
  endfacet
  facet normal -0.442275 -0.89688 -0
    outer loop
      vertex 198.171 10.094 296
      vertex 197.983 10.1866 261
      vertex 198.171 10.094 261
    endloop
  endfacet
  facet normal 0.946927 -0.321448 0
    outer loop
      vertex 195.825 9.12248 296
      vertex 195.893 9.32067 261
      vertex 195.893 9.32067 296
    endloop
  endfacet
  facet normal 0.946927 -0.321448 0
    outer loop
      vertex 195.893 9.32067 261
      vertex 195.825 9.12248 296
      vertex 195.825 9.12248 261
    endloop
  endfacet
  facet normal 0.896856 -0.442322 0
    outer loop
      vertex 195.893 9.32067 296
      vertex 195.985 9.50837 261
      vertex 195.985 9.50837 296
    endloop
  endfacet
  facet normal 0.896856 -0.442322 0
    outer loop
      vertex 195.985 9.50837 261
      vertex 195.893 9.32067 296
      vertex 195.893 9.32067 261
    endloop
  endfacet
  facet normal 0.980797 -0.195029 0
    outer loop
      vertex 195.784 8.91722 296
      vertex 195.825 9.12248 261
      vertex 195.825 9.12248 296
    endloop
  endfacet
  facet normal 0.980797 -0.195029 0
    outer loop
      vertex 195.825 9.12248 261
      vertex 195.784 8.91722 296
      vertex 195.784 8.91722 261
    endloop
  endfacet
  facet normal 0.555584 -0.83146 0
    outer loop
      vertex 196.397 9.97774 261
      vertex 196.571 10.094 296
      vertex 196.397 9.97774 296
    endloop
  endfacet
  facet normal 0.555584 -0.83146 0
    outer loop
      vertex 196.571 10.094 296
      vertex 196.397 9.97774 261
      vertex 196.571 10.094 261
    endloop
  endfacet
  facet normal 0.321442 -0.946929 0
    outer loop
      vertex 196.758 10.1866 261
      vertex 196.957 10.2539 296
      vertex 196.758 10.1866 296
    endloop
  endfacet
  facet normal 0.321442 -0.946929 0
    outer loop
      vertex 196.957 10.2539 296
      vertex 196.758 10.1866 261
      vertex 196.957 10.2539 261
    endloop
  endfacet
  facet normal 0 0 1
    outer loop
      vertex 198.957 8.91722 261
      vertex 198.957 8.49953 261
      vertex 198.971 8.70837 261
    endloop
  endfacet
  facet normal 0 0 1
    outer loop
      vertex 198.916 9.12248 261
      vertex 198.957 8.49953 261
      vertex 198.957 8.91722 261
    endloop
  endfacet
  facet normal 0 0 1
    outer loop
      vertex 198.916 9.12248 261
      vertex 198.916 8.29426 261
      vertex 198.957 8.49953 261
    endloop
  endfacet
  facet normal 0 0 1
    outer loop
      vertex 198.849 9.32067 261
      vertex 198.916 8.29426 261
      vertex 198.916 9.12248 261
    endloop
  endfacet
  facet normal 0 0 1
    outer loop
      vertex 198.849 9.32067 261
      vertex 198.849 8.09608 261
      vertex 198.916 8.29426 261
    endloop
  endfacet
  facet normal 0 0 1
    outer loop
      vertex 198.756 9.50837 261
      vertex 198.849 8.09608 261
      vertex 198.849 9.32067 261
    endloop
  endfacet
  facet normal 0 0 1
    outer loop
      vertex 198.756 9.50837 261
      vertex 198.756 7.90838 261
      vertex 198.849 8.09608 261
    endloop
  endfacet
  facet normal 0 0 1
    outer loop
      vertex 198.64 9.68239 261
      vertex 198.756 7.90838 261
      vertex 198.756 9.50837 261
    endloop
  endfacet
  facet normal 0 0 1
    outer loop
      vertex 198.64 9.68239 261
      vertex 198.64 7.73436 261
      vertex 198.756 7.90838 261
    endloop
  endfacet
  facet normal 0 0 1
    outer loop
      vertex 198.502 9.83974 261
      vertex 198.64 7.73436 261
      vertex 198.64 9.68239 261
    endloop
  endfacet
  facet normal 0 0 1
    outer loop
      vertex 198.502 9.83974 261
      vertex 198.502 7.577 261
      vertex 198.64 7.73436 261
    endloop
  endfacet
  facet normal 0 0 1
    outer loop
      vertex 198.345 9.97774 261
      vertex 198.502 7.577 261
      vertex 198.502 9.83974 261
    endloop
  endfacet
  facet normal 0 0 1
    outer loop
      vertex 198.345 9.97774 261
      vertex 198.345 7.43901 261
      vertex 198.502 7.577 261
    endloop
  endfacet
  facet normal 0 0 1
    outer loop
      vertex 198.171 10.094 261
      vertex 198.345 7.43901 261
      vertex 198.345 9.97774 261
    endloop
  endfacet
  facet normal 0 0 1
    outer loop
      vertex 198.171 10.094 261
      vertex 198.171 7.32273 261
      vertex 198.345 7.43901 261
    endloop
  endfacet
  facet normal 0 0 1
    outer loop
      vertex 197.983 10.1866 261
      vertex 198.171 7.32273 261
      vertex 198.171 10.094 261
    endloop
  endfacet
  facet normal 0 0 1
    outer loop
      vertex 197.983 10.1866 261
      vertex 197.983 7.23017 261
      vertex 198.171 7.32273 261
    endloop
  endfacet
  facet normal 0 0 1
    outer loop
      vertex 197.785 10.2539 261
      vertex 197.983 7.23017 261
      vertex 197.983 10.1866 261
    endloop
  endfacet
  facet normal 0 0 1
    outer loop
      vertex 197.785 10.2539 261
      vertex 197.785 7.16289 261
      vertex 197.983 7.23017 261
    endloop
  endfacet
  facet normal 0 0 1
    outer loop
      vertex 197.421 10.3051 261
      vertex 197.785 10.2539 261
      vertex 197.58 10.2947 261
    endloop
  endfacet
  facet normal 0 0 1
    outer loop
      vertex 197.785 10.2539 261
      vertex 197.421 10.3051 261
      vertex 197.785 7.16289 261
    endloop
  endfacet
  facet normal 0 0 1
    outer loop
      vertex 197.421 7.11165 261
      vertex 197.785 7.16289 261
      vertex 197.421 10.3051 261
    endloop
  endfacet
  facet normal 0 0 1
    outer loop
      vertex 197.785 7.16289 261
      vertex 197.421 7.11165 261
      vertex 197.58 7.12206 261
    endloop
  endfacet
  facet normal 0 0 1
    outer loop
      vertex 196.957 10.2539 261
      vertex 197.321 10.3051 261
      vertex 197.162 10.2947 261
    endloop
  endfacet
  facet normal 0 0 1
    outer loop
      vertex 197.321 10.3051 261
      vertex 196.957 10.2539 261
      vertex 197.321 7.11165 261
    endloop
  endfacet
  facet normal -0 0 1
    outer loop
      vertex 196.957 7.16289 261
      vertex 197.321 7.11165 261
      vertex 196.957 10.2539 261
    endloop
  endfacet
  facet normal 0 0 1
    outer loop
      vertex 197.321 7.11165 261
      vertex 196.957 7.16289 261
      vertex 197.162 7.12206 261
    endloop
  endfacet
  facet normal -0 0 1
    outer loop
      vertex 196.758 10.1866 261
      vertex 196.957 7.16289 261
      vertex 196.957 10.2539 261
    endloop
  endfacet
  facet normal 0 0 1
    outer loop
      vertex 196.758 10.1866 261
      vertex 196.758 7.23017 261
      vertex 196.957 7.16289 261
    endloop
  endfacet
  facet normal -0 0 1
    outer loop
      vertex 196.571 10.094 261
      vertex 196.758 7.23017 261
      vertex 196.758 10.1866 261
    endloop
  endfacet
  facet normal 0 0 1
    outer loop
      vertex 196.571 10.094 261
      vertex 196.571 7.32273 261
      vertex 196.758 7.23017 261
    endloop
  endfacet
  facet normal -0 0 1
    outer loop
      vertex 196.397 9.97774 261
      vertex 196.571 7.32273 261
      vertex 196.571 10.094 261
    endloop
  endfacet
  facet normal 0 0 1
    outer loop
      vertex 196.397 9.97774 261
      vertex 196.397 7.43901 261
      vertex 196.571 7.32273 261
    endloop
  endfacet
  facet normal -0 0 1
    outer loop
      vertex 196.239 9.83974 261
      vertex 196.397 7.43901 261
      vertex 196.397 9.97774 261
    endloop
  endfacet
  facet normal 0 0 1
    outer loop
      vertex 196.239 9.83974 261
      vertex 196.239 7.577 261
      vertex 196.397 7.43901 261
    endloop
  endfacet
  facet normal -0 0 1
    outer loop
      vertex 196.101 9.68239 261
      vertex 196.239 7.577 261
      vertex 196.239 9.83974 261
    endloop
  endfacet
  facet normal 0 0 1
    outer loop
      vertex 196.101 9.68239 261
      vertex 196.101 7.73436 261
      vertex 196.239 7.577 261
    endloop
  endfacet
  facet normal -0 0 1
    outer loop
      vertex 195.985 9.50837 261
      vertex 196.101 7.73436 261
      vertex 196.101 9.68239 261
    endloop
  endfacet
  facet normal 0 0 1
    outer loop
      vertex 195.985 9.50837 261
      vertex 195.985 7.90838 261
      vertex 196.101 7.73436 261
    endloop
  endfacet
  facet normal -0 0 1
    outer loop
      vertex 195.893 9.32067 261
      vertex 195.985 7.90838 261
      vertex 195.985 9.50837 261
    endloop
  endfacet
  facet normal 0 0 1
    outer loop
      vertex 195.893 9.32067 261
      vertex 195.893 8.09608 261
      vertex 195.985 7.90838 261
    endloop
  endfacet
  facet normal -0 0 1
    outer loop
      vertex 195.825 9.12248 261
      vertex 195.893 8.09608 261
      vertex 195.893 9.32067 261
    endloop
  endfacet
  facet normal 0 0 1
    outer loop
      vertex 195.825 9.12248 261
      vertex 195.825 8.29426 261
      vertex 195.893 8.09608 261
    endloop
  endfacet
  facet normal -0 0 1
    outer loop
      vertex 195.784 8.91722 261
      vertex 195.825 8.29426 261
      vertex 195.825 9.12248 261
    endloop
  endfacet
  facet normal 0 0 1
    outer loop
      vertex 195.784 8.91722 261
      vertex 195.784 8.49953 261
      vertex 195.825 8.29426 261
    endloop
  endfacet
  facet normal 0 -0 1
    outer loop
      vertex 195.784 8.49953 261
      vertex 195.784 8.91722 261
      vertex 195.771 8.70837 261
    endloop
  endfacet
  facet normal -0.195098 0.980784 0
    outer loop
      vertex 197.785 7.16289 261
      vertex 197.58 7.12206 296
      vertex 197.785 7.16289 296
    endloop
  endfacet
  facet normal -0.195098 0.980784 0
    outer loop
      vertex 197.58 7.12206 296
      vertex 197.785 7.16289 261
      vertex 197.58 7.12206 261
    endloop
  endfacet
  facet normal -0.946927 -0.321448 0
    outer loop
      vertex 198.916 9.12248 261
      vertex 198.849 9.32067 296
      vertex 198.849 9.32067 261
    endloop
  endfacet
  facet normal -0.946927 -0.321448 0
    outer loop
      vertex 198.849 9.32067 296
      vertex 198.916 9.12248 261
      vertex 198.916 9.12248 296
    endloop
  endfacet
  facet normal -0.980783 -0.1951 0
    outer loop
      vertex 198.957 8.91722 261
      vertex 198.916 9.12248 296
      vertex 198.916 9.12248 261
    endloop
  endfacet
  facet normal -0.980783 -0.1951 0
    outer loop
      vertex 198.916 9.12248 296
      vertex 198.957 8.91722 261
      vertex 198.957 8.91722 296
    endloop
  endfacet
  facet normal -0.751862 -0.659321 0
    outer loop
      vertex 198.64 9.68239 261
      vertex 198.502 9.83974 296
      vertex 198.502 9.83974 261
    endloop
  endfacet
  facet normal -0.751862 -0.659321 0
    outer loop
      vertex 198.502 9.83974 296
      vertex 198.64 9.68239 261
      vertex 198.64 9.68239 296
    endloop
  endfacet
  facet normal -0.0653922 -0.99786 0
    outer loop
      vertex 197.421 10.3051 295.4
      vertex 197.371 10.3084 296
      vertex 197.371 10.3084 295.4
    endloop
  endfacet
  facet normal -0.0654009 -0.997859 -7.24129e-007
    outer loop
      vertex 197.371 10.3084 296
      vertex 197.421 10.3051 295.4
      vertex 197.58 10.2947 296
    endloop
  endfacet
  facet normal -0.0654036 -0.997859 0
    outer loop
      vertex 197.58 10.2947 261
      vertex 197.421 10.3051 295.4
      vertex 197.421 10.3051 261
    endloop
  endfacet
  facet normal -0.0654036 -0.997859 0
    outer loop
      vertex 197.421 10.3051 295.4
      vertex 197.58 10.2947 261
      vertex 197.58 10.2947 296
    endloop
  endfacet
  facet normal -0.555584 -0.83146 0
    outer loop
      vertex 198.171 10.094 261
      vertex 198.345 9.97774 296
      vertex 198.171 10.094 296
    endloop
  endfacet
  facet normal -0.555584 -0.83146 -0
    outer loop
      vertex 198.345 9.97774 296
      vertex 198.171 10.094 261
      vertex 198.345 9.97774 261
    endloop
  endfacet
  facet normal 0.831478 -0.555558 0
    outer loop
      vertex 195.985 9.50837 296
      vertex 196.101 9.68239 261
      vertex 196.101 9.68239 296
    endloop
  endfacet
  facet normal 0.831478 -0.555558 0
    outer loop
      vertex 196.101 9.68239 261
      vertex 195.985 9.50837 296
      vertex 195.985 9.50837 261
    endloop
  endfacet
  facet normal 0.659356 -0.751831 0
    outer loop
      vertex 196.239 9.83974 261
      vertex 196.397 9.97774 296
      vertex 196.239 9.83974 296
    endloop
  endfacet
  facet normal 0.659356 -0.751831 0
    outer loop
      vertex 196.397 9.97774 296
      vertex 196.239 9.83974 261
      vertex 196.397 9.97774 261
    endloop
  endfacet
  facet normal 0.195098 -0.980784 0
    outer loop
      vertex 196.957 10.2539 261
      vertex 197.162 10.2947 296
      vertex 196.957 10.2539 296
    endloop
  endfacet
  facet normal 0.195098 -0.980784 0
    outer loop
      vertex 197.162 10.2947 296
      vertex 196.957 10.2539 261
      vertex 197.162 10.2947 261
    endloop
  endfacet
  facet normal -0.946927 0.321448 0
    outer loop
      vertex 198.849 8.09608 261
      vertex 198.916 8.29426 296
      vertex 198.916 8.29426 261
    endloop
  endfacet
  facet normal -0.946927 0.321448 0
    outer loop
      vertex 198.916 8.29426 296
      vertex 198.849 8.09608 261
      vertex 198.849 8.09608 296
    endloop
  endfacet
  facet normal -0.980783 0.1951 0
    outer loop
      vertex 198.916 8.29426 261
      vertex 198.957 8.49953 296
      vertex 198.957 8.49953 261
    endloop
  endfacet
  facet normal -0.980783 0.1951 0
    outer loop
      vertex 198.957 8.49953 296
      vertex 198.916 8.29426 261
      vertex 198.916 8.29426 296
    endloop
  endfacet
  facet normal 0.997859 0.0653981 0
    outer loop
      vertex 195.784 8.49953 296
      vertex 195.771 8.70837 261
      vertex 195.771 8.70837 296
    endloop
  endfacet
  facet normal 0.997859 0.0653981 0
    outer loop
      vertex 195.771 8.70837 261
      vertex 195.784 8.49953 296
      vertex 195.784 8.49953 261
    endloop
  endfacet
  facet normal -0.555584 0.83146 0
    outer loop
      vertex 198.345 7.43901 261
      vertex 198.171 7.32273 296
      vertex 198.345 7.43901 296
    endloop
  endfacet
  facet normal -0.555584 0.83146 0
    outer loop
      vertex 198.171 7.32273 296
      vertex 198.345 7.43901 261
      vertex 198.171 7.32273 261
    endloop
  endfacet
  facet normal -0.442275 0.89688 0
    outer loop
      vertex 198.171 7.32273 261
      vertex 197.983 7.23017 296
      vertex 198.171 7.32273 296
    endloop
  endfacet
  facet normal -0.442275 0.89688 0
    outer loop
      vertex 197.983 7.23017 296
      vertex 198.171 7.32273 261
      vertex 197.983 7.23017 261
    endloop
  endfacet
  facet normal -0.831478 0.555558 0
    outer loop
      vertex 198.64 7.73436 261
      vertex 198.756 7.90838 296
      vertex 198.756 7.90838 261
    endloop
  endfacet
  facet normal -0.831478 0.555558 0
    outer loop
      vertex 198.756 7.90838 296
      vertex 198.64 7.73436 261
      vertex 198.64 7.73436 296
    endloop
  endfacet
  facet normal -0.997859 0.0653981 0
    outer loop
      vertex 198.957 8.49953 261
      vertex 198.971 8.70837 296
      vertex 198.971 8.70837 261
    endloop
  endfacet
  facet normal -0.997859 0.0653981 0
    outer loop
      vertex 198.971 8.70837 296
      vertex 198.957 8.49953 261
      vertex 198.957 8.49953 296
    endloop
  endfacet
  facet normal 0.321442 0.946929 -0
    outer loop
      vertex 196.957 7.16289 261
      vertex 196.758 7.23017 296
      vertex 196.957 7.16289 296
    endloop
  endfacet
  facet normal 0.321442 0.946929 0
    outer loop
      vertex 196.758 7.23017 296
      vertex 196.957 7.16289 261
      vertex 196.758 7.23017 261
    endloop
  endfacet
  facet normal 0.751825 0.659362 0
    outer loop
      vertex 196.239 7.577 296
      vertex 196.101 7.73436 261
      vertex 196.101 7.73436 296
    endloop
  endfacet
  facet normal 0.751825 0.659362 0
    outer loop
      vertex 196.101 7.73436 261
      vertex 196.239 7.577 296
      vertex 196.239 7.577 261
    endloop
  endfacet
  facet normal 0.980797 0.195029 0
    outer loop
      vertex 195.825 8.29426 296
      vertex 195.784 8.49953 261
      vertex 195.784 8.49953 296
    endloop
  endfacet
  facet normal 0.980797 0.195029 0
    outer loop
      vertex 195.784 8.49953 261
      vertex 195.825 8.29426 296
      vertex 195.825 8.29426 261
    endloop
  endfacet
  facet normal 0.946927 0.321448 0
    outer loop
      vertex 195.893 8.09608 296
      vertex 195.825 8.29426 261
      vertex 195.825 8.29426 296
    endloop
  endfacet
  facet normal 0.946927 0.321448 0
    outer loop
      vertex 195.825 8.29426 261
      vertex 195.893 8.09608 296
      vertex 195.893 8.09608 261
    endloop
  endfacet
  facet normal -0.65932 0.751863 0
    outer loop
      vertex 198.502 7.577 261
      vertex 198.345 7.43901 296
      vertex 198.502 7.577 296
    endloop
  endfacet
  facet normal -0.65932 0.751863 0
    outer loop
      vertex 198.345 7.43901 296
      vertex 198.502 7.577 261
      vertex 198.345 7.43901 261
    endloop
  endfacet
  facet normal -0.321442 0.946929 0
    outer loop
      vertex 197.983 7.23017 261
      vertex 197.785 7.16289 296
      vertex 197.983 7.23017 296
    endloop
  endfacet
  facet normal -0.321442 0.946929 0
    outer loop
      vertex 197.785 7.16289 296
      vertex 197.983 7.23017 261
      vertex 197.785 7.16289 261
    endloop
  endfacet
  facet normal -0.896856 0.442323 0
    outer loop
      vertex 198.756 7.90838 261
      vertex 198.849 8.09608 296
      vertex 198.849 8.09608 261
    endloop
  endfacet
  facet normal -0.896856 0.442323 0
    outer loop
      vertex 198.849 8.09608 296
      vertex 198.756 7.90838 261
      vertex 198.756 7.90838 296
    endloop
  endfacet
  facet normal 0.555584 0.83146 -0
    outer loop
      vertex 196.571 7.32273 261
      vertex 196.397 7.43901 296
      vertex 196.571 7.32273 296
    endloop
  endfacet
  facet normal 0.555584 0.83146 0
    outer loop
      vertex 196.397 7.43901 296
      vertex 196.571 7.32273 261
      vertex 196.397 7.43901 261
    endloop
  endfacet
  facet normal 0.195098 0.980784 -0
    outer loop
      vertex 197.162 7.12206 261
      vertex 196.957 7.16289 296
      vertex 197.162 7.12206 296
    endloop
  endfacet
  facet normal 0.195098 0.980784 0
    outer loop
      vertex 196.957 7.16289 296
      vertex 197.162 7.12206 261
      vertex 196.957 7.16289 261
    endloop
  endfacet
  facet normal 0.659356 0.751831 -0
    outer loop
      vertex 196.397 7.43901 261
      vertex 196.239 7.577 296
      vertex 196.397 7.43901 296
    endloop
  endfacet
  facet normal 0.659356 0.751831 0
    outer loop
      vertex 196.239 7.577 296
      vertex 196.397 7.43901 261
      vertex 196.239 7.577 261
    endloop
  endfacet
  facet normal 0.831478 0.555558 0
    outer loop
      vertex 196.101 7.73436 296
      vertex 195.985 7.90838 261
      vertex 195.985 7.90838 296
    endloop
  endfacet
  facet normal 0.831478 0.555558 0
    outer loop
      vertex 195.985 7.90838 261
      vertex 196.101 7.73436 296
      vertex 196.101 7.73436 261
    endloop
  endfacet
  facet normal 0.896856 0.442323 0
    outer loop
      vertex 195.985 7.90838 296
      vertex 195.893 8.09608 261
      vertex 195.893 8.09608 296
    endloop
  endfacet
  facet normal 0.896856 0.442323 0
    outer loop
      vertex 195.893 8.09608 261
      vertex 195.985 7.90838 296
      vertex 195.985 7.90838 261
    endloop
  endfacet
  facet normal 0.0653922 0.99786 0
    outer loop
      vertex 197.321 7.11165 295.4
      vertex 197.371 7.10838 296
      vertex 197.371 7.10838 295.4
    endloop
  endfacet
  facet normal 0.0654009 0.997859 -7.24129e-007
    outer loop
      vertex 197.371 7.10838 296
      vertex 197.321 7.11165 295.4
      vertex 197.162 7.12206 296
    endloop
  endfacet
  facet normal 0.0654036 0.997859 0
    outer loop
      vertex 197.162 7.12206 261
      vertex 197.321 7.11165 295.4
      vertex 197.321 7.11165 261
    endloop
  endfacet
  facet normal 0.0654036 0.997859 0
    outer loop
      vertex 197.321 7.11165 295.4
      vertex 197.162 7.12206 261
      vertex 197.162 7.12206 296
    endloop
  endfacet
  facet normal 0.442275 0.89688 -0
    outer loop
      vertex 196.758 7.23017 261
      vertex 196.571 7.32273 296
      vertex 196.758 7.23017 296
    endloop
  endfacet
  facet normal 0.442275 0.89688 0
    outer loop
      vertex 196.571 7.32273 296
      vertex 196.758 7.23017 261
      vertex 196.571 7.32273 261
    endloop
  endfacet
  facet normal 1 0 0
    outer loop
      vertex 128.21 0.228384 293.318
      vertex 128.21 4.97494 295.4
      vertex 128.21 0.261837 295.4
    endloop
  endfacet
  facet normal 1 0 0
    outer loop
      vertex 128.21 8.16838 295.4
      vertex 128.21 15.0481 280.199
      vertex 128.21 14.9323 288.523
    endloop
  endfacet
  facet normal 1 0 0
    outer loop
      vertex 128.21 15.1197 262.558
      vertex 128.21 8.16838 261
      vertex 128.21 15.1 261.085
    endloop
  endfacet
  facet normal 1 0 0
    outer loop
      vertex 128.21 8.16838 261
      vertex 128.21 15.1101 271.473
      vertex 128.21 15.0463 279.588
    endloop
  endfacet
  facet normal 1 0 0
    outer loop
      vertex 128.21 15.1101 271.473
      vertex 128.21 8.16838 261
      vertex 128.21 15.1015 270.441
    endloop
  endfacet
  facet normal 1 0 0
    outer loop
      vertex 128.21 15.0481 280.199
      vertex 128.21 8.16838 295.4
      vertex 128.21 15.0463 279.588
    endloop
  endfacet
  facet normal 1 0 0
    outer loop
      vertex 128.21 8.16838 295.4
      vertex 128.21 14.9317 288.734
      vertex 128.21 14.8378 293.318
    endloop
  endfacet
  facet normal 1 0 0
    outer loop
      vertex 128.21 14.9317 288.734
      vertex 128.21 8.16838 295.4
      vertex 128.21 14.9323 288.523
    endloop
  endfacet
  facet normal 1 -0 0
    outer loop
      vertex 128.21 8.16838 295.4
      vertex 128.21 14.8378 293.318
      vertex 128.21 14.7902 295.4
    endloop
  endfacet
  facet normal 1 0 0
    outer loop
      vertex 128.21 15.0463 279.588
      vertex 128.21 8.16838 295.4
      vertex 128.21 8.16838 261
    endloop
  endfacet
  facet normal 1 0 0
    outer loop
      vertex 128.21 15.1 261.085
      vertex 128.21 8.16838 261
      vertex 128.21 15.0955 259.5
    endloop
  endfacet
  facet normal 1 0 0
    outer loop
      vertex 128.21 -0.260344 259.5
      vertex 128.21 8.16838 261
      vertex 128.21 4.97494 261
    endloop
  endfacet
  facet normal 1 0 0
    outer loop
      vertex 128.21 0.152533 288.987
      vertex 128.21 4.97494 295.4
      vertex 128.21 0.228384 293.318
    endloop
  endfacet
  facet normal 1 0 0
    outer loop
      vertex 128.21 0.146814 288.793
      vertex 128.21 4.97494 295.4
      vertex 128.21 0.152533 288.987
    endloop
  endfacet
  facet normal 1 0 0
    outer loop
      vertex 128.21 0.0236861 280.556
      vertex 128.21 4.97494 295.4
      vertex 128.21 0.146814 288.793
    endloop
  endfacet
  facet normal 1 0 0
    outer loop
      vertex 128.21 0.00810113 279.973
      vertex 128.21 4.97494 295.4
      vertex 128.21 0.0236861 280.556
    endloop
  endfacet
  facet normal 1 0 0
    outer loop
      vertex 128.21 4.97494 295.4
      vertex 128.21 0.00810113 279.973
      vertex 128.21 4.97494 261
    endloop
  endfacet
  facet normal 1 -0 0
    outer loop
      vertex 128.21 -0.095161 271.967
      vertex 128.21 4.97494 261
      vertex 128.21 0.00810113 279.973
    endloop
  endfacet
  facet normal 1 -0 0
    outer loop
      vertex 128.21 -0.119432 270.981
      vertex 128.21 4.97494 261
      vertex 128.21 -0.095161 271.967
    endloop
  endfacet
  facet normal 1 -0 0
    outer loop
      vertex 128.21 -0.205971 263.216
      vertex 128.21 4.97494 261
      vertex 128.21 -0.119432 270.981
    endloop
  endfacet
  facet normal 1 -0 0
    outer loop
      vertex 128.21 -0.23801 261.81
      vertex 128.21 4.97494 261
      vertex 128.21 -0.205971 263.216
    endloop
  endfacet
  facet normal 1 0 0
    outer loop
      vertex 128.21 8.16838 261
      vertex 128.21 -0.260344 259.5
      vertex 128.21 15.0955 259.5
    endloop
  endfacet
  facet normal 1 0 0
    outer loop
      vertex 128.21 -0.260344 259.5
      vertex 128.21 4.97494 261
      vertex 128.21 -0.23801 261.81
    endloop
  endfacet
  facet normal 1 0 0
    outer loop
      vertex 128.21 8.16838 261
      vertex 128.21 15.1197 262.558
      vertex 128.21 15.1015 270.441
    endloop
  endfacet
  facet normal -1 0 0
    outer loop
      vertex 128.31 8.16838 261
      vertex 128.31 15.1236 262.835
      vertex 128.31 15.1041 261.375
    endloop
  endfacet
  facet normal -1 0 0
    outer loop
      vertex 128.31 8.16838 261
      vertex 128.31 15.1041 261.375
      vertex 128.31 15.0988 259.5
    endloop
  endfacet
  facet normal -1 0 0
    outer loop
      vertex 128.31 8.16838 261
      vertex 128.31 15.1139 271.747
      vertex 128.31 15.1055 270.729
    endloop
  endfacet
  facet normal -1 -0 0
    outer loop
      vertex 128.31 15.1236 262.835
      vertex 128.31 8.16838 261
      vertex 128.31 15.1055 270.729
    endloop
  endfacet
  facet normal -1 -0 0
    outer loop
      vertex 128.31 15.1139 271.747
      vertex 128.31 8.16838 261
      vertex 128.31 15.05 279.873
    endloop
  endfacet
  facet normal -1 0 0
    outer loop
      vertex 128.31 8.16838 295.4
      vertex 128.31 14.9353 289.004
      vertex 128.31 14.9359 288.806
    endloop
  endfacet
  facet normal -1 0 0
    outer loop
      vertex 128.31 8.16838 295.4
      vertex 128.31 15.05 279.873
      vertex 128.31 8.16838 261
    endloop
  endfacet
  facet normal -1 0 0
    outer loop
      vertex 128.31 15.05 279.873
      vertex 128.31 8.16838 295.4
      vertex 128.31 14.9359 288.806
    endloop
  endfacet
  facet normal -1 0 0
    outer loop
      vertex 128.31 14.9353 289.004
      vertex 128.31 8.16838 295.4
      vertex 128.31 14.8469 293.318
    endloop
  endfacet
  facet normal -1 0 0
    outer loop
      vertex 128.31 -0.255363 259.5
      vertex 128.31 8.16838 261
      vertex 128.31 15.0988 259.5
    endloop
  endfacet
  facet normal -1 0 0
    outer loop
      vertex 128.31 0.0154057 280.244
      vertex 128.31 4.97494 295.4
      vertex 128.31 4.97494 261
    endloop
  endfacet
  facet normal -1 -0 0
    outer loop
      vertex 128.31 4.97494 295.4
      vertex 128.31 0.230676 293.318
      vertex 128.31 0.264129 295.4
    endloop
  endfacet
  facet normal -1 0 0
    outer loop
      vertex 128.31 4.97494 295.4
      vertex 128.31 0.159326 289.244
      vertex 128.31 0.230676 293.318
    endloop
  endfacet
  facet normal -1 0 0
    outer loop
      vertex 128.31 4.97494 295.4
      vertex 128.31 0.153947 289.061
      vertex 128.31 0.159326 289.244
    endloop
  endfacet
  facet normal -1 0 0
    outer loop
      vertex 128.31 4.97494 295.4
      vertex 128.31 0.0306745 280.815
      vertex 128.31 0.153947 289.061
    endloop
  endfacet
  facet normal -1 0 0
    outer loop
      vertex 128.31 4.97494 295.4
      vertex 128.31 0.0154057 280.244
      vertex 128.31 0.0306745 280.815
    endloop
  endfacet
  facet normal -1 0 0
    outer loop
      vertex 128.31 4.97494 261
      vertex 128.31 -0.0879835 272.228
      vertex 128.31 0.0154057 280.244
    endloop
  endfacet
  facet normal -1 0 0
    outer loop
      vertex 128.31 4.97494 261
      vertex 128.31 -0.111958 271.254
      vertex 128.31 -0.0879835 272.228
    endloop
  endfacet
  facet normal -1 0 0
    outer loop
      vertex 128.31 4.97494 261
      vertex 128.31 -0.198609 263.479
      vertex 128.31 -0.111958 271.254
    endloop
  endfacet
  facet normal -1 0 0
    outer loop
      vertex 128.31 4.97494 261
      vertex 128.31 -0.230368 262.085
      vertex 128.31 -0.198609 263.479
    endloop
  endfacet
  facet normal -1 -0 0
    outer loop
      vertex 128.31 4.97494 261
      vertex 128.31 -0.255363 259.5
      vertex 128.31 -0.230368 262.085
    endloop
  endfacet
  facet normal -1 -0 0
    outer loop
      vertex 128.31 8.16838 261
      vertex 128.31 -0.255363 259.5
      vertex 128.31 4.97494 261
    endloop
  endfacet
  facet normal -1 -0 0
    outer loop
      vertex 128.31 15.0518 280.471
      vertex 128.31 15.05 279.873
      vertex 128.31 14.9359 288.806
    endloop
  endfacet
  facet normal -1 0 0
    outer loop
      vertex 128.31 14.8469 293.318
      vertex 128.31 8.16838 295.4
      vertex 128.31 14.7993 295.4
    endloop
  endfacet
  facet normal -0 0 1
    outer loop
      vertex 128.21 15.0955 259.5
      vertex 128.31 -0.255363 259.5
      vertex 128.31 15.0988 259.5
    endloop
  endfacet
  facet normal 0 0 1
    outer loop
      vertex 128.31 -0.255363 259.5
      vertex 128.21 15.0955 259.5
      vertex 128.21 -0.260344 259.5
    endloop
  endfacet
  facet normal 0 0 -1
    outer loop
      vertex 128.31 0.264129 295.4
      vertex 128.26 4.97166 295.4
      vertex 128.31 4.97494 295.4
    endloop
  endfacet
  facet normal 0 0 -1
    outer loop
      vertex 128.21 0.261837 295.4
      vertex 128.26 4.97166 295.4
      vertex 128.31 0.264129 295.4
    endloop
  endfacet
  facet normal -0 0 -1
    outer loop
      vertex 128.26 4.97166 295.4
      vertex 128.21 0.261837 295.4
      vertex 128.21 4.97494 295.4
    endloop
  endfacet
  facet normal 0 0 -1
    outer loop
      vertex 128.21 14.7902 295.4
      vertex 128.31 8.16838 295.4
      vertex 128.26 8.17166 295.4
    endloop
  endfacet
  facet normal 0 0 -1
    outer loop
      vertex 128.21 14.7902 295.4
      vertex 128.26 8.17166 295.4
      vertex 128.21 8.16838 295.4
    endloop
  endfacet
  facet normal 0 0 -1
    outer loop
      vertex 128.31 8.16838 295.4
      vertex 128.21 14.7902 295.4
      vertex 128.31 14.7993 295.4
    endloop
  endfacet
  facet normal -0.997859 -0.0653981 0
    outer loop
      vertex 129.86 6.57166 261
      vertex 129.846 6.7805 296
      vertex 129.846 6.7805 261
    endloop
  endfacet
  facet normal -0.997859 -0.0653981 0
    outer loop
      vertex 129.846 6.7805 296
      vertex 129.86 6.57166 261
      vertex 129.86 6.57166 296
    endloop
  endfacet
  facet normal 0.997859 -0.0653981 0
    outer loop
      vertex 126.66 6.57166 296
      vertex 126.674 6.7805 261
      vertex 126.674 6.7805 296
    endloop
  endfacet
  facet normal 0.997859 -0.0653981 0
    outer loop
      vertex 126.674 6.7805 261
      vertex 126.66 6.57166 296
      vertex 126.66 6.57166 261
    endloop
  endfacet
  facet normal 0.0654056 -0.997859 5.40963e-007
    outer loop
      vertex 128.051 8.15797 296
      vertex 128.21 8.16838 295.4
      vertex 128.26 8.17166 296
    endloop
  endfacet
  facet normal 0.0654036 -0.997859 0
    outer loop
      vertex 128.051 8.15797 261
      vertex 128.21 8.16838 295.4
      vertex 128.051 8.15797 296
    endloop
  endfacet
  facet normal 0.0654036 -0.997859 0
    outer loop
      vertex 128.21 8.16838 295.4
      vertex 128.051 8.15797 261
      vertex 128.21 8.16838 261
    endloop
  endfacet
  facet normal 0.0654121 -0.997858 0
    outer loop
      vertex 128.26 8.17166 296
      vertex 128.21 8.16838 295.4
      vertex 128.26 8.17166 295.4
    endloop
  endfacet
  facet normal -0.0654009 0.997859 6.88902e-008
    outer loop
      vertex 128.469 4.98535 296
      vertex 128.31 4.97494 295.4
      vertex 128.26 4.97166 296
    endloop
  endfacet
  facet normal -0.0654006 0.997859 0
    outer loop
      vertex 128.469 4.98535 261
      vertex 128.31 4.97494 295.4
      vertex 128.469 4.98535 296
    endloop
  endfacet
  facet normal -0.0654006 0.997859 0
    outer loop
      vertex 128.31 4.97494 295.4
      vertex 128.469 4.98535 261
      vertex 128.31 4.97494 261
    endloop
  endfacet
  facet normal -0.0654017 0.997859 0
    outer loop
      vertex 128.26 4.97166 296
      vertex 128.31 4.97494 295.4
      vertex 128.26 4.97166 295.4
    endloop
  endfacet
  facet normal -0.751862 0.659321 0
    outer loop
      vertex 129.391 5.44029 261
      vertex 129.529 5.59764 296
      vertex 129.529 5.59764 261
    endloop
  endfacet
  facet normal -0.751862 0.659321 0
    outer loop
      vertex 129.529 5.59764 296
      vertex 129.391 5.44029 261
      vertex 129.391 5.44029 296
    endloop
  endfacet
  facet normal -0.659356 -0.751831 0
    outer loop
      vertex 129.234 7.84102 261
      vertex 129.391 7.70303 296
      vertex 129.234 7.84102 296
    endloop
  endfacet
  facet normal -0.659356 -0.751831 -0
    outer loop
      vertex 129.391 7.70303 296
      vertex 129.234 7.84102 261
      vertex 129.391 7.70303 261
    endloop
  endfacet
  facet normal 0.751825 -0.659362 0
    outer loop
      vertex 126.991 7.54568 296
      vertex 127.129 7.70303 261
      vertex 127.129 7.70303 296
    endloop
  endfacet
  facet normal 0.751825 -0.659362 0
    outer loop
      vertex 127.129 7.70303 261
      vertex 126.991 7.54568 296
      vertex 126.991 7.54568 261
    endloop
  endfacet
  facet normal 0.442289 -0.896872 0
    outer loop
      vertex 127.46 7.9573 261
      vertex 127.648 8.04986 296
      vertex 127.46 7.9573 296
    endloop
  endfacet
  facet normal 0.442289 -0.896872 0
    outer loop
      vertex 127.648 8.04986 296
      vertex 127.46 7.9573 261
      vertex 127.648 8.04986 261
    endloop
  endfacet
  facet normal -0.896885 -0.442264 0
    outer loop
      vertex 129.738 7.18395 261
      vertex 129.646 7.37166 296
      vertex 129.646 7.37166 261
    endloop
  endfacet
  facet normal -0.896885 -0.442264 0
    outer loop
      vertex 129.646 7.37166 296
      vertex 129.738 7.18395 261
      vertex 129.738 7.18395 296
    endloop
  endfacet
  facet normal -0.831444 -0.555608 0
    outer loop
      vertex 129.646 7.37166 261
      vertex 129.529 7.54568 296
      vertex 129.529 7.54568 261
    endloop
  endfacet
  facet normal -0.831444 -0.555608 0
    outer loop
      vertex 129.529 7.54568 296
      vertex 129.646 7.37166 261
      vertex 129.646 7.37166 296
    endloop
  endfacet
  facet normal -0.32142 -0.946937 0
    outer loop
      vertex 128.674 8.11714 261
      vertex 128.872 8.04986 296
      vertex 128.674 8.11714 296
    endloop
  endfacet
  facet normal -0.32142 -0.946937 -0
    outer loop
      vertex 128.872 8.04986 296
      vertex 128.674 8.11714 261
      vertex 128.872 8.04986 261
    endloop
  endfacet
  facet normal -0.195098 -0.980784 0
    outer loop
      vertex 128.469 8.15797 261
      vertex 128.674 8.11714 296
      vertex 128.469 8.15797 296
    endloop
  endfacet
  facet normal -0.195098 -0.980784 -0
    outer loop
      vertex 128.674 8.11714 296
      vertex 128.469 8.15797 261
      vertex 128.674 8.11714 261
    endloop
  endfacet
  facet normal -0.442304 -0.896865 0
    outer loop
      vertex 128.872 8.04986 261
      vertex 129.06 7.9573 296
      vertex 128.872 8.04986 296
    endloop
  endfacet
  facet normal -0.442304 -0.896865 -0
    outer loop
      vertex 129.06 7.9573 296
      vertex 128.872 8.04986 261
      vertex 129.06 7.9573 261
    endloop
  endfacet
  facet normal 0.946927 -0.321448 0
    outer loop
      vertex 126.715 6.98577 296
      vertex 126.782 7.18395 261
      vertex 126.782 7.18395 296
    endloop
  endfacet
  facet normal 0.946927 -0.321448 0
    outer loop
      vertex 126.782 7.18395 261
      vertex 126.715 6.98577 296
      vertex 126.715 6.98577 261
    endloop
  endfacet
  facet normal 0.896871 -0.442293 0
    outer loop
      vertex 126.782 7.18395 296
      vertex 126.874 7.37166 261
      vertex 126.874 7.37166 296
    endloop
  endfacet
  facet normal 0.896871 -0.442293 0
    outer loop
      vertex 126.874 7.37166 261
      vertex 126.782 7.18395 296
      vertex 126.782 7.18395 261
    endloop
  endfacet
  facet normal 0.98079 -0.195064 0
    outer loop
      vertex 126.674 6.7805 296
      vertex 126.715 6.98577 261
      vertex 126.715 6.98577 296
    endloop
  endfacet
  facet normal 0.98079 -0.195064 0
    outer loop
      vertex 126.715 6.98577 261
      vertex 126.674 6.7805 296
      vertex 126.674 6.7805 261
    endloop
  endfacet
  facet normal 0.555567 -0.831471 0
    outer loop
      vertex 127.286 7.84102 261
      vertex 127.46 7.9573 296
      vertex 127.286 7.84102 296
    endloop
  endfacet
  facet normal 0.555567 -0.831471 0
    outer loop
      vertex 127.46 7.9573 296
      vertex 127.286 7.84102 261
      vertex 127.46 7.9573 261
    endloop
  endfacet
  facet normal 0.321442 -0.946929 0
    outer loop
      vertex 127.648 8.04986 261
      vertex 127.846 8.11714 296
      vertex 127.648 8.04986 296
    endloop
  endfacet
  facet normal 0.321442 -0.946929 0
    outer loop
      vertex 127.846 8.11714 296
      vertex 127.648 8.04986 261
      vertex 127.846 8.11714 261
    endloop
  endfacet
  facet normal 0 0 1
    outer loop
      vertex 129.846 6.7805 261
      vertex 129.846 6.36282 261
      vertex 129.86 6.57166 261
    endloop
  endfacet
  facet normal 0 0 1
    outer loop
      vertex 129.806 6.98577 261
      vertex 129.846 6.36282 261
      vertex 129.846 6.7805 261
    endloop
  endfacet
  facet normal 0 0 1
    outer loop
      vertex 129.806 6.98577 261
      vertex 129.806 6.15755 261
      vertex 129.846 6.36282 261
    endloop
  endfacet
  facet normal 0 0 1
    outer loop
      vertex 129.738 7.18395 261
      vertex 129.806 6.15755 261
      vertex 129.806 6.98577 261
    endloop
  endfacet
  facet normal 0 0 1
    outer loop
      vertex 129.738 7.18395 261
      vertex 129.738 5.95936 261
      vertex 129.806 6.15755 261
    endloop
  endfacet
  facet normal 0 0 1
    outer loop
      vertex 129.646 7.37166 261
      vertex 129.738 5.95936 261
      vertex 129.738 7.18395 261
    endloop
  endfacet
  facet normal 0 0 1
    outer loop
      vertex 129.646 7.37166 261
      vertex 129.646 5.77166 261
      vertex 129.738 5.95936 261
    endloop
  endfacet
  facet normal 0 0 1
    outer loop
      vertex 129.529 7.54568 261
      vertex 129.646 5.77166 261
      vertex 129.646 7.37166 261
    endloop
  endfacet
  facet normal 0 0 1
    outer loop
      vertex 129.529 7.54568 261
      vertex 129.529 5.59764 261
      vertex 129.646 5.77166 261
    endloop
  endfacet
  facet normal 0 0 1
    outer loop
      vertex 129.391 7.70303 261
      vertex 129.529 5.59764 261
      vertex 129.529 7.54568 261
    endloop
  endfacet
  facet normal 0 0 1
    outer loop
      vertex 129.391 7.70303 261
      vertex 129.391 5.44029 261
      vertex 129.529 5.59764 261
    endloop
  endfacet
  facet normal 0 0 1
    outer loop
      vertex 129.234 7.84102 261
      vertex 129.391 5.44029 261
      vertex 129.391 7.70303 261
    endloop
  endfacet
  facet normal 0 0 1
    outer loop
      vertex 129.234 7.84102 261
      vertex 129.234 5.30229 261
      vertex 129.391 5.44029 261
    endloop
  endfacet
  facet normal 0 0 1
    outer loop
      vertex 129.06 7.9573 261
      vertex 129.234 5.30229 261
      vertex 129.234 7.84102 261
    endloop
  endfacet
  facet normal 0 0 1
    outer loop
      vertex 129.06 7.9573 261
      vertex 129.06 5.18602 261
      vertex 129.234 5.30229 261
    endloop
  endfacet
  facet normal 0 0 1
    outer loop
      vertex 128.872 8.04986 261
      vertex 129.06 5.18602 261
      vertex 129.06 7.9573 261
    endloop
  endfacet
  facet normal 0 0 1
    outer loop
      vertex 128.872 8.04986 261
      vertex 128.872 5.09345 261
      vertex 129.06 5.18602 261
    endloop
  endfacet
  facet normal 0 0 1
    outer loop
      vertex 128.674 8.11714 261
      vertex 128.872 5.09345 261
      vertex 128.872 8.04986 261
    endloop
  endfacet
  facet normal 0 0 1
    outer loop
      vertex 128.674 8.11714 261
      vertex 128.674 5.02618 261
      vertex 128.872 5.09345 261
    endloop
  endfacet
  facet normal 0 0 1
    outer loop
      vertex 128.31 8.16838 261
      vertex 128.674 8.11714 261
      vertex 128.469 8.15797 261
    endloop
  endfacet
  facet normal 0 0 1
    outer loop
      vertex 128.674 8.11714 261
      vertex 128.31 8.16838 261
      vertex 128.674 5.02618 261
    endloop
  endfacet
  facet normal 0 0 1
    outer loop
      vertex 128.31 4.97494 261
      vertex 128.674 5.02618 261
      vertex 128.31 8.16838 261
    endloop
  endfacet
  facet normal 0 0 1
    outer loop
      vertex 128.674 5.02618 261
      vertex 128.31 4.97494 261
      vertex 128.469 4.98535 261
    endloop
  endfacet
  facet normal 0 0 1
    outer loop
      vertex 127.846 8.11714 261
      vertex 128.21 8.16838 261
      vertex 128.051 8.15797 261
    endloop
  endfacet
  facet normal 0 0 1
    outer loop
      vertex 128.21 8.16838 261
      vertex 127.846 8.11714 261
      vertex 128.21 4.97494 261
    endloop
  endfacet
  facet normal -0 0 1
    outer loop
      vertex 127.846 5.02618 261
      vertex 128.21 4.97494 261
      vertex 127.846 8.11714 261
    endloop
  endfacet
  facet normal 0 0 1
    outer loop
      vertex 128.21 4.97494 261
      vertex 127.846 5.02618 261
      vertex 128.051 4.98535 261
    endloop
  endfacet
  facet normal -0 0 1
    outer loop
      vertex 127.648 8.04986 261
      vertex 127.846 5.02618 261
      vertex 127.846 8.11714 261
    endloop
  endfacet
  facet normal 0 0 1
    outer loop
      vertex 127.648 8.04986 261
      vertex 127.648 5.09345 261
      vertex 127.846 5.02618 261
    endloop
  endfacet
  facet normal -0 0 1
    outer loop
      vertex 127.46 7.9573 261
      vertex 127.648 5.09345 261
      vertex 127.648 8.04986 261
    endloop
  endfacet
  facet normal 0 0 1
    outer loop
      vertex 127.46 7.9573 261
      vertex 127.46 5.18602 261
      vertex 127.648 5.09345 261
    endloop
  endfacet
  facet normal -0 0 1
    outer loop
      vertex 127.286 7.84102 261
      vertex 127.46 5.18602 261
      vertex 127.46 7.9573 261
    endloop
  endfacet
  facet normal 0 0 1
    outer loop
      vertex 127.286 7.84102 261
      vertex 127.286 5.30229 261
      vertex 127.46 5.18602 261
    endloop
  endfacet
  facet normal -0 0 1
    outer loop
      vertex 127.129 7.70303 261
      vertex 127.286 5.30229 261
      vertex 127.286 7.84102 261
    endloop
  endfacet
  facet normal 0 0 1
    outer loop
      vertex 127.129 7.70303 261
      vertex 127.129 5.44029 261
      vertex 127.286 5.30229 261
    endloop
  endfacet
  facet normal -0 0 1
    outer loop
      vertex 126.991 7.54568 261
      vertex 127.129 5.44029 261
      vertex 127.129 7.70303 261
    endloop
  endfacet
  facet normal 0 0 1
    outer loop
      vertex 126.991 7.54568 261
      vertex 126.991 5.59764 261
      vertex 127.129 5.44029 261
    endloop
  endfacet
  facet normal -0 0 1
    outer loop
      vertex 126.874 7.37166 261
      vertex 126.991 5.59764 261
      vertex 126.991 7.54568 261
    endloop
  endfacet
  facet normal 0 0 1
    outer loop
      vertex 126.874 7.37166 261
      vertex 126.874 5.77166 261
      vertex 126.991 5.59764 261
    endloop
  endfacet
  facet normal -0 0 1
    outer loop
      vertex 126.782 7.18395 261
      vertex 126.874 5.77166 261
      vertex 126.874 7.37166 261
    endloop
  endfacet
  facet normal 0 0 1
    outer loop
      vertex 126.782 7.18395 261
      vertex 126.782 5.95936 261
      vertex 126.874 5.77166 261
    endloop
  endfacet
  facet normal -0 0 1
    outer loop
      vertex 126.715 6.98577 261
      vertex 126.782 5.95936 261
      vertex 126.782 7.18395 261
    endloop
  endfacet
  facet normal 0 0 1
    outer loop
      vertex 126.715 6.98577 261
      vertex 126.715 6.15755 261
      vertex 126.782 5.95936 261
    endloop
  endfacet
  facet normal -0 0 1
    outer loop
      vertex 126.674 6.7805 261
      vertex 126.715 6.15755 261
      vertex 126.715 6.98577 261
    endloop
  endfacet
  facet normal 0 0 1
    outer loop
      vertex 126.674 6.7805 261
      vertex 126.674 6.36282 261
      vertex 126.715 6.15755 261
    endloop
  endfacet
  facet normal 0 -0 1
    outer loop
      vertex 126.674 6.36282 261
      vertex 126.674 6.7805 261
      vertex 126.66 6.57166 261
    endloop
  endfacet
  facet normal -0.195098 0.980784 0
    outer loop
      vertex 128.674 5.02618 261
      vertex 128.469 4.98535 296
      vertex 128.674 5.02618 296
    endloop
  endfacet
  facet normal -0.195098 0.980784 0
    outer loop
      vertex 128.469 4.98535 296
      vertex 128.674 5.02618 261
      vertex 128.469 4.98535 261
    endloop
  endfacet
  facet normal -0.946927 -0.321448 0
    outer loop
      vertex 129.806 6.98577 261
      vertex 129.738 7.18395 296
      vertex 129.738 7.18395 261
    endloop
  endfacet
  facet normal -0.946927 -0.321448 0
    outer loop
      vertex 129.738 7.18395 296
      vertex 129.806 6.98577 261
      vertex 129.806 6.98577 296
    endloop
  endfacet
  facet normal -0.980783 -0.1951 0
    outer loop
      vertex 129.846 6.7805 261
      vertex 129.806 6.98577 296
      vertex 129.806 6.98577 261
    endloop
  endfacet
  facet normal -0.980783 -0.1951 0
    outer loop
      vertex 129.806 6.98577 296
      vertex 129.846 6.7805 261
      vertex 129.846 6.7805 296
    endloop
  endfacet
  facet normal -0.751862 -0.659321 0
    outer loop
      vertex 129.529 7.54568 261
      vertex 129.391 7.70303 296
      vertex 129.391 7.70303 261
    endloop
  endfacet
  facet normal -0.751862 -0.659321 0
    outer loop
      vertex 129.391 7.70303 296
      vertex 129.529 7.54568 261
      vertex 129.529 7.54568 296
    endloop
  endfacet
  facet normal -0.0653922 -0.99786 0
    outer loop
      vertex 128.31 8.16838 295.4
      vertex 128.26 8.17166 296
      vertex 128.26 8.17166 295.4
    endloop
  endfacet
  facet normal -0.0654009 -0.997859 -7.24129e-007
    outer loop
      vertex 128.26 8.17166 296
      vertex 128.31 8.16838 295.4
      vertex 128.469 8.15797 296
    endloop
  endfacet
  facet normal -0.0654036 -0.997859 0
    outer loop
      vertex 128.469 8.15797 261
      vertex 128.31 8.16838 295.4
      vertex 128.31 8.16838 261
    endloop
  endfacet
  facet normal -0.0654036 -0.997859 0
    outer loop
      vertex 128.31 8.16838 295.4
      vertex 128.469 8.15797 261
      vertex 128.469 8.15797 296
    endloop
  endfacet
  facet normal -0.555551 -0.831483 0
    outer loop
      vertex 129.06 7.9573 261
      vertex 129.234 7.84102 296
      vertex 129.06 7.9573 296
    endloop
  endfacet
  facet normal -0.555551 -0.831483 -0
    outer loop
      vertex 129.234 7.84102 296
      vertex 129.06 7.9573 261
      vertex 129.234 7.84102 261
    endloop
  endfacet
  facet normal 0.831478 -0.555558 0
    outer loop
      vertex 126.874 7.37166 296
      vertex 126.991 7.54568 261
      vertex 126.991 7.54568 296
    endloop
  endfacet
  facet normal 0.831478 -0.555558 0
    outer loop
      vertex 126.991 7.54568 261
      vertex 126.874 7.37166 296
      vertex 126.874 7.37166 261
    endloop
  endfacet
  facet normal 0.659356 -0.751831 0
    outer loop
      vertex 127.129 7.70303 261
      vertex 127.286 7.84102 296
      vertex 127.129 7.70303 296
    endloop
  endfacet
  facet normal 0.659356 -0.751831 0
    outer loop
      vertex 127.286 7.84102 296
      vertex 127.129 7.70303 261
      vertex 127.286 7.84102 261
    endloop
  endfacet
  facet normal 0.195084 -0.980787 0
    outer loop
      vertex 127.846 8.11714 261
      vertex 128.051 8.15797 296
      vertex 127.846 8.11714 296
    endloop
  endfacet
  facet normal 0.195084 -0.980787 0
    outer loop
      vertex 128.051 8.15797 296
      vertex 127.846 8.11714 261
      vertex 128.051 8.15797 261
    endloop
  endfacet
  facet normal -0.946927 0.321448 0
    outer loop
      vertex 129.738 5.95936 261
      vertex 129.806 6.15755 296
      vertex 129.806 6.15755 261
    endloop
  endfacet
  facet normal -0.946927 0.321448 0
    outer loop
      vertex 129.806 6.15755 296
      vertex 129.738 5.95936 261
      vertex 129.738 5.95936 296
    endloop
  endfacet
  facet normal -0.980783 0.1951 0
    outer loop
      vertex 129.806 6.15755 261
      vertex 129.846 6.36282 296
      vertex 129.846 6.36282 261
    endloop
  endfacet
  facet normal -0.980783 0.1951 0
    outer loop
      vertex 129.846 6.36282 296
      vertex 129.806 6.15755 261
      vertex 129.806 6.15755 296
    endloop
  endfacet
  facet normal 0.997859 0.0653981 0
    outer loop
      vertex 126.674 6.36282 296
      vertex 126.66 6.57166 261
      vertex 126.66 6.57166 296
    endloop
  endfacet
  facet normal 0.997859 0.0653981 0
    outer loop
      vertex 126.66 6.57166 261
      vertex 126.674 6.36282 296
      vertex 126.674 6.36282 261
    endloop
  endfacet
  facet normal -0.555551 0.831483 0
    outer loop
      vertex 129.234 5.30229 261
      vertex 129.06 5.18602 296
      vertex 129.234 5.30229 296
    endloop
  endfacet
  facet normal -0.555551 0.831483 0
    outer loop
      vertex 129.06 5.18602 296
      vertex 129.234 5.30229 261
      vertex 129.06 5.18602 261
    endloop
  endfacet
  facet normal -0.442304 0.896865 0
    outer loop
      vertex 129.06 5.18602 261
      vertex 128.872 5.09345 296
      vertex 129.06 5.18602 296
    endloop
  endfacet
  facet normal -0.442304 0.896865 0
    outer loop
      vertex 128.872 5.09345 296
      vertex 129.06 5.18602 261
      vertex 128.872 5.09345 261
    endloop
  endfacet
  facet normal -0.831444 0.555608 0
    outer loop
      vertex 129.529 5.59764 261
      vertex 129.646 5.77166 296
      vertex 129.646 5.77166 261
    endloop
  endfacet
  facet normal -0.831444 0.555608 0
    outer loop
      vertex 129.646 5.77166 296
      vertex 129.529 5.59764 261
      vertex 129.529 5.59764 296
    endloop
  endfacet
  facet normal -0.997859 0.0653981 0
    outer loop
      vertex 129.846 6.36282 261
      vertex 129.86 6.57166 296
      vertex 129.86 6.57166 261
    endloop
  endfacet
  facet normal -0.997859 0.0653981 0
    outer loop
      vertex 129.86 6.57166 296
      vertex 129.846 6.36282 261
      vertex 129.846 6.36282 296
    endloop
  endfacet
  facet normal 0.321442 0.946929 -0
    outer loop
      vertex 127.846 5.02618 261
      vertex 127.648 5.09345 296
      vertex 127.846 5.02618 296
    endloop
  endfacet
  facet normal 0.321442 0.946929 0
    outer loop
      vertex 127.648 5.09345 296
      vertex 127.846 5.02618 261
      vertex 127.648 5.09345 261
    endloop
  endfacet
  facet normal 0.751825 0.659362 0
    outer loop
      vertex 127.129 5.44029 296
      vertex 126.991 5.59764 261
      vertex 126.991 5.59764 296
    endloop
  endfacet
  facet normal 0.751825 0.659362 0
    outer loop
      vertex 126.991 5.59764 261
      vertex 127.129 5.44029 296
      vertex 127.129 5.44029 261
    endloop
  endfacet
  facet normal 0.98079 0.195064 0
    outer loop
      vertex 126.715 6.15755 296
      vertex 126.674 6.36282 261
      vertex 126.674 6.36282 296
    endloop
  endfacet
  facet normal 0.98079 0.195064 0
    outer loop
      vertex 126.674 6.36282 261
      vertex 126.715 6.15755 296
      vertex 126.715 6.15755 261
    endloop
  endfacet
  facet normal 0.946927 0.321448 0
    outer loop
      vertex 126.782 5.95936 296
      vertex 126.715 6.15755 261
      vertex 126.715 6.15755 296
    endloop
  endfacet
  facet normal 0.946927 0.321448 0
    outer loop
      vertex 126.715 6.15755 261
      vertex 126.782 5.95936 296
      vertex 126.782 5.95936 261
    endloop
  endfacet
  facet normal -0.659356 0.751831 0
    outer loop
      vertex 129.391 5.44029 261
      vertex 129.234 5.30229 296
      vertex 129.391 5.44029 296
    endloop
  endfacet
  facet normal -0.659356 0.751831 0
    outer loop
      vertex 129.234 5.30229 296
      vertex 129.391 5.44029 261
      vertex 129.234 5.30229 261
    endloop
  endfacet
  facet normal -0.32142 0.946937 0
    outer loop
      vertex 128.872 5.09345 261
      vertex 128.674 5.02618 296
      vertex 128.872 5.09345 296
    endloop
  endfacet
  facet normal -0.32142 0.946937 0
    outer loop
      vertex 128.674 5.02618 296
      vertex 128.872 5.09345 261
      vertex 128.674 5.02618 261
    endloop
  endfacet
  facet normal -0.896885 0.442264 0
    outer loop
      vertex 129.646 5.77166 261
      vertex 129.738 5.95936 296
      vertex 129.738 5.95936 261
    endloop
  endfacet
  facet normal -0.896885 0.442264 0
    outer loop
      vertex 129.738 5.95936 296
      vertex 129.646 5.77166 261
      vertex 129.646 5.77166 296
    endloop
  endfacet
  facet normal 0.555567 0.831471 -0
    outer loop
      vertex 127.46 5.18602 261
      vertex 127.286 5.30229 296
      vertex 127.46 5.18602 296
    endloop
  endfacet
  facet normal 0.555567 0.831471 0
    outer loop
      vertex 127.286 5.30229 296
      vertex 127.46 5.18602 261
      vertex 127.286 5.30229 261
    endloop
  endfacet
  facet normal 0.195084 0.980787 -0
    outer loop
      vertex 128.051 4.98535 261
      vertex 127.846 5.02618 296
      vertex 128.051 4.98535 296
    endloop
  endfacet
  facet normal 0.195084 0.980787 0
    outer loop
      vertex 127.846 5.02618 296
      vertex 128.051 4.98535 261
      vertex 127.846 5.02618 261
    endloop
  endfacet
  facet normal 0.659356 0.751831 -0
    outer loop
      vertex 127.286 5.30229 261
      vertex 127.129 5.44029 296
      vertex 127.286 5.30229 296
    endloop
  endfacet
  facet normal 0.659356 0.751831 0
    outer loop
      vertex 127.129 5.44029 296
      vertex 127.286 5.30229 261
      vertex 127.129 5.44029 261
    endloop
  endfacet
  facet normal 0.831478 0.555558 0
    outer loop
      vertex 126.991 5.59764 296
      vertex 126.874 5.77166 261
      vertex 126.874 5.77166 296
    endloop
  endfacet
  facet normal 0.831478 0.555558 0
    outer loop
      vertex 126.874 5.77166 261
      vertex 126.991 5.59764 296
      vertex 126.991 5.59764 261
    endloop
  endfacet
  facet normal 0.896871 0.442293 0
    outer loop
      vertex 126.874 5.77166 296
      vertex 126.782 5.95936 261
      vertex 126.782 5.95936 296
    endloop
  endfacet
  facet normal 0.896871 0.442293 0
    outer loop
      vertex 126.782 5.95936 261
      vertex 126.874 5.77166 296
      vertex 126.874 5.77166 261
    endloop
  endfacet
  facet normal 0.0654216 0.997858 0
    outer loop
      vertex 128.21 4.97494 295.4
      vertex 128.26 4.97166 296
      vertex 128.26 4.97166 295.4
    endloop
  endfacet
  facet normal 0.0654056 0.997859 1.33398e-006
    outer loop
      vertex 128.26 4.97166 296
      vertex 128.21 4.97494 295.4
      vertex 128.051 4.98535 296
    endloop
  endfacet
  facet normal 0.0654006 0.997859 0
    outer loop
      vertex 128.051 4.98535 261
      vertex 128.21 4.97494 295.4
      vertex 128.21 4.97494 261
    endloop
  endfacet
  facet normal 0.0654006 0.997859 0
    outer loop
      vertex 128.21 4.97494 295.4
      vertex 128.051 4.98535 261
      vertex 128.051 4.98535 296
    endloop
  endfacet
  facet normal 0.442289 0.896872 -0
    outer loop
      vertex 127.648 5.09345 261
      vertex 127.46 5.18602 296
      vertex 127.648 5.09345 296
    endloop
  endfacet
  facet normal 0.442289 0.896872 0
    outer loop
      vertex 127.46 5.18602 296
      vertex 127.648 5.09345 261
      vertex 127.46 5.18602 261
    endloop
  endfacet
  facet normal 0 0 1
    outer loop
      vertex 137.434 -0.0960823 296
      vertex 129.846 6.7805 296
      vertex 129.86 6.57166 296
    endloop
  endfacet
  facet normal 0 0 1
    outer loop
      vertex 130.845 15.6784 296
      vertex 129.806 6.98577 296
      vertex 129.846 6.7805 296
    endloop
  endfacet
  facet normal 0 0 1
    outer loop
      vertex 130.845 15.6784 296
      vertex 129.738 7.18395 296
      vertex 129.806 6.98577 296
    endloop
  endfacet
  facet normal 0 0 1
    outer loop
      vertex 130.845 15.6784 296
      vertex 129.646 7.37166 296
      vertex 129.738 7.18395 296
    endloop
  endfacet
  facet normal 0 0 1
    outer loop
      vertex 130.845 15.6784 296
      vertex 129.529 7.54568 296
      vertex 129.646 7.37166 296
    endloop
  endfacet
  facet normal 0 0 1
    outer loop
      vertex 130.845 15.6784 296
      vertex 129.391 7.70303 296
      vertex 129.529 7.54568 296
    endloop
  endfacet
  facet normal 0 0 1
    outer loop
      vertex 130.845 15.6784 296
      vertex 129.234 7.84102 296
      vertex 129.391 7.70303 296
    endloop
  endfacet
  facet normal 0 0 1
    outer loop
      vertex 130.845 15.6784 296
      vertex 129.06 7.9573 296
      vertex 129.234 7.84102 296
    endloop
  endfacet
  facet normal 0 0 1
    outer loop
      vertex 130.817 15.6749 296
      vertex 128.872 8.04986 296
      vertex 129.06 7.9573 296
    endloop
  endfacet
  facet normal 0 0 1
    outer loop
      vertex 130.817 15.6749 296
      vertex 128.674 8.11714 296
      vertex 128.872 8.04986 296
    endloop
  endfacet
  facet normal -0 0 1
    outer loop
      vertex 127.743 15.3951 296
      vertex 128.674 8.11714 296
      vertex 130.817 15.6749 296
    endloop
  endfacet
  facet normal 0 0 1
    outer loop
      vertex 128.674 8.11714 296
      vertex 127.743 15.3951 296
      vertex 128.469 8.15797 296
    endloop
  endfacet
  facet normal 0 0 1
    outer loop
      vertex 128.469 8.15797 296
      vertex 127.743 15.3951 296
      vertex 128.26 8.17166 296
    endloop
  endfacet
  facet normal -0 0 1
    outer loop
      vertex 127.715 15.3912 296
      vertex 128.26 8.17166 296
      vertex 127.743 15.3951 296
    endloop
  endfacet
  facet normal 0 0 1
    outer loop
      vertex 128.26 8.17166 296
      vertex 127.715 15.3912 296
      vertex 128.051 8.15797 296
    endloop
  endfacet
  facet normal 0 0 1
    outer loop
      vertex 128.051 8.15797 296
      vertex 127.715 15.3912 296
      vertex 127.846 8.11714 296
    endloop
  endfacet
  facet normal -0 0 1
    outer loop
      vertex 124.668 15.0595 296
      vertex 127.846 8.11714 296
      vertex 127.715 15.3912 296
    endloop
  endfacet
  facet normal 0 0 1
    outer loop
      vertex 127.846 8.11714 296
      vertex 124.668 15.0595 296
      vertex 127.648 8.04986 296
    endloop
  endfacet
  facet normal 0 0 1
    outer loop
      vertex 127.648 8.04986 296
      vertex 124.668 15.0595 296
      vertex 127.46 7.9573 296
    endloop
  endfacet
  facet normal -0 0 1
    outer loop
      vertex 124.641 15.0551 296
      vertex 127.46 7.9573 296
      vertex 124.668 15.0595 296
    endloop
  endfacet
  facet normal 0 0 1
    outer loop
      vertex 127.46 7.9573 296
      vertex 124.641 15.0551 296
      vertex 127.286 7.84102 296
    endloop
  endfacet
  facet normal 0 0 1
    outer loop
      vertex 127.286 7.84102 296
      vertex 124.641 15.0551 296
      vertex 127.129 7.70303 296
    endloop
  endfacet
  facet normal 0 0 1
    outer loop
      vertex 127.129 7.70303 296
      vertex 124.641 15.0551 296
      vertex 126.991 7.54568 296
    endloop
  endfacet
  facet normal -0 0 1
    outer loop
      vertex 121.627 14.6674 296
      vertex 126.991 7.54568 296
      vertex 124.641 15.0551 296
    endloop
  endfacet
  facet normal 0 0 1
    outer loop
      vertex 126.991 7.54568 296
      vertex 121.627 14.6674 296
      vertex 126.874 7.37166 296
    endloop
  endfacet
  facet normal 0 0 1
    outer loop
      vertex 126.874 7.37166 296
      vertex 121.6 14.6625 296
      vertex 126.782 7.18395 296
    endloop
  endfacet
  facet normal -0 0 1
    outer loop
      vertex 121.6 14.6625 296
      vertex 126.874 7.37166 296
      vertex 121.627 14.6674 296
    endloop
  endfacet
  facet normal 0 0 1
    outer loop
      vertex 204.975 13.1979 296
      vertex 198.957 8.91722 296
      vertex 198.971 8.70837 296
    endloop
  endfacet
  facet normal 0 0 1
    outer loop
      vertex 201.724 13.544 296
      vertex 198.916 9.12248 296
      vertex 198.957 8.91722 296
    endloop
  endfacet
  facet normal 0 0 1
    outer loop
      vertex 201.724 13.544 296
      vertex 198.849 9.32067 296
      vertex 198.916 9.12248 296
    endloop
  endfacet
  facet normal 0 0 1
    outer loop
      vertex 201.694 13.5461 296
      vertex 198.756 9.50837 296
      vertex 198.849 9.32067 296
    endloop
  endfacet
  facet normal 0 0 1
    outer loop
      vertex 201.694 13.5461 296
      vertex 198.64 9.68239 296
      vertex 198.756 9.50837 296
    endloop
  endfacet
  facet normal 0 0 1
    outer loop
      vertex 201.694 13.5461 296
      vertex 198.502 9.83974 296
      vertex 198.64 9.68239 296
    endloop
  endfacet
  facet normal 0 0 1
    outer loop
      vertex 198.345 9.97774 296
      vertex 201.694 13.5461 296
      vertex 198.453 13.8796 296
    endloop
  endfacet
  facet normal 0 0 1
    outer loop
      vertex 197.785 10.2539 296
      vertex 198.453 13.8796 296
      vertex 198.424 13.8816 296
    endloop
  endfacet
  facet normal 0 0 1
    outer loop
      vertex 201.694 13.5461 296
      vertex 198.345 9.97774 296
      vertex 198.502 9.83974 296
    endloop
  endfacet
  facet normal 0 0 1
    outer loop
      vertex 198.453 13.8796 296
      vertex 198.171 10.094 296
      vertex 198.345 9.97774 296
    endloop
  endfacet
  facet normal 0 0 1
    outer loop
      vertex 198.453 13.8796 296
      vertex 197.983 10.1866 296
      vertex 198.171 10.094 296
    endloop
  endfacet
  facet normal 0 0 1
    outer loop
      vertex 198.453 13.8796 296
      vertex 197.785 10.2539 296
      vertex 197.983 10.1866 296
    endloop
  endfacet
  facet normal 0 0 1
    outer loop
      vertex 198.424 13.8816 296
      vertex 197.58 10.2947 296
      vertex 197.785 10.2539 296
    endloop
  endfacet
  facet normal 0 0 1
    outer loop
      vertex 198.424 13.8816 296
      vertex 197.371 10.3084 296
      vertex 197.58 10.2947 296
    endloop
  endfacet
  facet normal 0 0 1
    outer loop
      vertex 198.424 13.8816 296
      vertex 197.162 10.2947 296
      vertex 197.371 10.3084 296
    endloop
  endfacet
  facet normal 0 0 1
    outer loop
      vertex 195.19 14.2006 296
      vertex 197.162 10.2947 296
      vertex 198.424 13.8816 296
    endloop
  endfacet
  facet normal 0 0 1
    outer loop
      vertex 197.162 10.2947 296
      vertex 195.19 14.2006 296
      vertex 196.957 10.2539 296
    endloop
  endfacet
  facet normal 0 0 1
    outer loop
      vertex 196.957 10.2539 296
      vertex 195.19 14.2006 296
      vertex 196.758 10.1866 296
    endloop
  endfacet
  facet normal 0 0 1
    outer loop
      vertex 196.758 10.1866 296
      vertex 195.19 14.2006 296
      vertex 196.571 10.094 296
    endloop
  endfacet
  facet normal 0 0 1
    outer loop
      vertex 196.571 10.094 296
      vertex 195.19 14.2006 296
      vertex 196.397 9.97774 296
    endloop
  endfacet
  facet normal 0 0 1
    outer loop
      vertex 195.16 14.2024 296
      vertex 196.397 9.97774 296
      vertex 195.19 14.2006 296
    endloop
  endfacet
  facet normal 0 0 1
    outer loop
      vertex 196.397 9.97774 296
      vertex 195.16 14.2024 296
      vertex 196.239 9.83974 296
    endloop
  endfacet
  facet normal 0 0 1
    outer loop
      vertex 195.893 9.32067 296
      vertex 191.932 14.5047 296
      vertex 195.825 9.12248 296
    endloop
  endfacet
  facet normal 0 0 1
    outer loop
      vertex 195.985 9.50837 296
      vertex 191.932 14.5047 296
      vertex 195.893 9.32067 296
    endloop
  endfacet
  facet normal 0 0 1
    outer loop
      vertex 191.932 14.5047 296
      vertex 195.985 9.50837 296
      vertex 195.16 14.2024 296
    endloop
  endfacet
  facet normal 0 0 1
    outer loop
      vertex 196.101 9.68239 296
      vertex 195.16 14.2024 296
      vertex 195.985 9.50837 296
    endloop
  endfacet
  facet normal 0 0 1
    outer loop
      vertex 196.239 9.83974 296
      vertex 195.16 14.2024 296
      vertex 196.101 9.68239 296
    endloop
  endfacet
  facet normal 0 0 1
    outer loop
      vertex 218.44 5.76897 296
      vertex 218.443 5.73818 296
      vertex 218.44 5.76855 296
    endloop
  endfacet
  facet normal 0 0 1
    outer loop
      vertex 218.2 11.7437 296
      vertex 218.258 11.7384 296
      vertex 218.23 11.7413 296
    endloop
  endfacet
  facet normal 0 0 1
    outer loop
      vertex 218.258 11.7384 296
      vertex 218.2 11.7437 296
      vertex 218.44 5.76897 296
    endloop
  endfacet
  facet normal 0 0 1
    outer loop
      vertex 214.922 12.1049 296
      vertex 218.44 5.76897 296
      vertex 218.2 11.7437 296
    endloop
  endfacet
  facet normal 0 0 1
    outer loop
      vertex 214.862 12.1097 296
      vertex 218.44 5.76897 296
      vertex 214.922 12.1049 296
    endloop
  endfacet
  facet normal 0 0 1
    outer loop
      vertex 208.298 12.837 296
      vertex 218.44 5.76897 296
      vertex 214.862 12.1097 296
    endloop
  endfacet
  facet normal 0 0 1
    outer loop
      vertex 218.44 5.76897 296
      vertex 208.298 12.837 296
      vertex 218.443 5.73818 296
    endloop
  endfacet
  facet normal 0 0 1
    outer loop
      vertex 198.756 7.90838 296
      vertex 208.298 12.837 296
      vertex 208.268 12.8394 296
    endloop
  endfacet
  facet normal 0 0 1
    outer loop
      vertex 198.849 8.09608 296
      vertex 208.268 12.8394 296
      vertex 205.004 13.1957 296
    endloop
  endfacet
  facet normal 0 0 1
    outer loop
      vertex 198.957 8.49953 296
      vertex 205.004 13.1957 296
      vertex 204.975 13.1979 296
    endloop
  endfacet
  facet normal 0 0 1
    outer loop
      vertex 198.957 8.91722 296
      vertex 204.975 13.1979 296
      vertex 201.724 13.544 296
    endloop
  endfacet
  facet normal 0 0 1
    outer loop
      vertex 198.849 9.32067 296
      vertex 201.724 13.544 296
      vertex 201.694 13.5461 296
    endloop
  endfacet
  facet normal 0 0 1
    outer loop
      vertex 204.975 13.1979 296
      vertex 198.971 8.70837 296
      vertex 198.957 8.49953 296
    endloop
  endfacet
  facet normal 0 0 1
    outer loop
      vertex 205.004 13.1957 296
      vertex 198.957 8.49953 296
      vertex 198.916 8.29426 296
    endloop
  endfacet
  facet normal 0 0 1
    outer loop
      vertex 205.004 13.1957 296
      vertex 198.916 8.29426 296
      vertex 198.849 8.09608 296
    endloop
  endfacet
  facet normal 0 0 1
    outer loop
      vertex 208.268 12.8394 296
      vertex 198.849 8.09608 296
      vertex 198.756 7.90838 296
    endloop
  endfacet
  facet normal 0 0 1
    outer loop
      vertex 208.298 12.837 296
      vertex 198.756 7.90838 296
      vertex 218.443 5.73818 296
    endloop
  endfacet
  facet normal -0 0 1
    outer loop
      vertex 198.64 7.73436 296
      vertex 218.443 5.73818 296
      vertex 198.756 7.90838 296
    endloop
  endfacet
  facet normal -0 0 1
    outer loop
      vertex 198.502 7.577 296
      vertex 218.443 5.73818 296
      vertex 198.64 7.73436 296
    endloop
  endfacet
  facet normal -0 0 1
    outer loop
      vertex 198.345 7.43901 296
      vertex 218.443 5.73818 296
      vertex 198.502 7.577 296
    endloop
  endfacet
  facet normal -0 0 1
    outer loop
      vertex 198.171 7.32273 296
      vertex 218.443 5.73818 296
      vertex 198.345 7.43901 296
    endloop
  endfacet
  facet normal -0 0 1
    outer loop
      vertex 197.983 7.23017 296
      vertex 218.443 5.73818 296
      vertex 198.171 7.32273 296
    endloop
  endfacet
  facet normal -0 0 1
    outer loop
      vertex 197.785 7.16289 296
      vertex 218.443 5.73818 296
      vertex 197.983 7.23017 296
    endloop
  endfacet
  facet normal -0 0 1
    outer loop
      vertex 197.58 7.12206 296
      vertex 218.443 5.73818 296
      vertex 197.785 7.16289 296
    endloop
  endfacet
  facet normal 0 0 1
    outer loop
      vertex 183.979 3.01915 296
      vertex 197.58 7.12206 296
      vertex 197.371 7.10838 296
    endloop
  endfacet
  facet normal 0 0 1
    outer loop
      vertex 191.903 14.5064 296
      vertex 195.825 9.12248 296
      vertex 191.932 14.5047 296
    endloop
  endfacet
  facet normal 0 0 1
    outer loop
      vertex 195.825 9.12248 296
      vertex 191.903 14.5064 296
      vertex 195.784 8.91722 296
    endloop
  endfacet
  facet normal 0 0 1
    outer loop
      vertex 195.784 8.91722 296
      vertex 191.903 14.5064 296
      vertex 195.771 8.70837 296
    endloop
  endfacet
  facet normal 0 0 1
    outer loop
      vertex 188.681 14.7902 296
      vertex 195.771 8.70837 296
      vertex 191.903 14.5064 296
    endloop
  endfacet
  facet normal 0 0 1
    outer loop
      vertex 195.771 8.70837 296
      vertex 188.681 14.7902 296
      vertex 195.784 8.49953 296
    endloop
  endfacet
  facet normal 0 0 1
    outer loop
      vertex 183.979 3.01915 296
      vertex 195.784 8.49953 296
      vertex 188.681 14.7902 296
    endloop
  endfacet
  facet normal 0 0 1
    outer loop
      vertex 195.784 8.49953 296
      vertex 183.979 3.01915 296
      vertex 195.825 8.29426 296
    endloop
  endfacet
  facet normal 0 0 1
    outer loop
      vertex 195.825 8.29426 296
      vertex 183.979 3.01915 296
      vertex 195.893 8.09608 296
    endloop
  endfacet
  facet normal 0 0 1
    outer loop
      vertex 195.893 8.09608 296
      vertex 183.979 3.01915 296
      vertex 195.985 7.90838 296
    endloop
  endfacet
  facet normal 0 0 1
    outer loop
      vertex 195.985 7.90838 296
      vertex 183.979 3.01915 296
      vertex 196.101 7.73436 296
    endloop
  endfacet
  facet normal 0 0 1
    outer loop
      vertex 183.979 3.01915 296
      vertex 188.681 14.7902 296
      vertex 188.651 14.7917 296
    endloop
  endfacet
  facet normal 0 0 1
    outer loop
      vertex 183.979 3.01915 296
      vertex 188.651 14.7917 296
      vertex 185.434 15.0557 296
    endloop
  endfacet
  facet normal 0 0 1
    outer loop
      vertex 196.101 7.73436 296
      vertex 183.979 3.01915 296
      vertex 196.239 7.577 296
    endloop
  endfacet
  facet normal 0 0 1
    outer loop
      vertex 183.979 3.01915 296
      vertex 185.434 15.0557 296
      vertex 185.404 15.057 296
    endloop
  endfacet
  facet normal 0 0 1
    outer loop
      vertex 197.58 7.12206 296
      vertex 183.979 3.01915 296
      vertex 218.443 5.73818 296
    endloop
  endfacet
  facet normal 0 0 1
    outer loop
      vertex 197.162 7.12206 296
      vertex 183.979 3.01915 296
      vertex 197.371 7.10838 296
    endloop
  endfacet
  facet normal 0 0 1
    outer loop
      vertex 196.957 7.16289 296
      vertex 183.979 3.01915 296
      vertex 197.162 7.12206 296
    endloop
  endfacet
  facet normal 0 0 1
    outer loop
      vertex 196.758 7.23017 296
      vertex 183.979 3.01915 296
      vertex 196.957 7.16289 296
    endloop
  endfacet
  facet normal 0 0 1
    outer loop
      vertex 196.571 7.32273 296
      vertex 183.979 3.01915 296
      vertex 196.758 7.23017 296
    endloop
  endfacet
  facet normal 0 0 1
    outer loop
      vertex 196.397 7.43901 296
      vertex 183.979 3.01915 296
      vertex 196.571 7.32273 296
    endloop
  endfacet
  facet normal 0 0 1
    outer loop
      vertex 196.239 7.577 296
      vertex 183.979 3.01915 296
      vertex 196.397 7.43901 296
    endloop
  endfacet
  facet normal 0 0 1
    outer loop
      vertex 182.189 15.3003 296
      vertex 183.979 3.01915 296
      vertex 185.404 15.057 296
    endloop
  endfacet
  facet normal 0 0 1
    outer loop
      vertex 183.979 3.01915 296
      vertex 182.189 15.3003 296
      vertex 183.587 2.97616 296
    endloop
  endfacet
  facet normal 0 0 1
    outer loop
      vertex 182.159 15.3014 296
      vertex 183.587 2.97616 296
      vertex 182.189 15.3003 296
    endloop
  endfacet
  facet normal 0 0 1
    outer loop
      vertex 182.159 15.3014 296
      vertex 180.295 2.71948 296
      vertex 183.587 2.97616 296
    endloop
  endfacet
  facet normal 0 0 1
    outer loop
      vertex 178.945 15.5233 296
      vertex 180.295 2.71948 296
      vertex 182.159 15.3014 296
    endloop
  endfacet
  facet normal 0 0 1
    outer loop
      vertex 180.295 2.71948 296
      vertex 178.945 15.5233 296
      vertex 180.265 2.71621 296
    endloop
  endfacet
  facet normal 0 0 1
    outer loop
      vertex 178.915 15.5243 296
      vertex 180.265 2.71621 296
      vertex 178.945 15.5233 296
    endloop
  endfacet
  facet normal 0 0 1
    outer loop
      vertex 178.915 15.5243 296
      vertex 176.975 2.46213 296
      vertex 180.265 2.71621 296
    endloop
  endfacet
  facet normal 0 0 1
    outer loop
      vertex 175.701 15.7243 296
      vertex 176.975 2.46213 296
      vertex 178.915 15.5243 296
    endloop
  endfacet
  facet normal 0 0 1
    outer loop
      vertex 176.975 2.46213 296
      vertex 175.701 15.7243 296
      vertex 176.945 2.45888 296
    endloop
  endfacet
  facet normal 0 0 1
    outer loop
      vertex 175.672 15.725 296
      vertex 176.945 2.45888 296
      vertex 175.701 15.7243 296
    endloop
  endfacet
  facet normal 0 0 1
    outer loop
      vertex 175.672 15.725 296
      vertex 173.655 2.20774 296
      vertex 176.945 2.45888 296
    endloop
  endfacet
  facet normal 0 0 1
    outer loop
      vertex 172.458 15.9027 296
      vertex 173.655 2.20774 296
      vertex 175.672 15.725 296
    endloop
  endfacet
  facet normal 0 0 1
    outer loop
      vertex 173.655 2.20774 296
      vertex 172.458 15.9027 296
      vertex 173.625 2.20452 296
    endloop
  endfacet
  facet normal 0 0 1
    outer loop
      vertex 172.428 15.9032 296
      vertex 173.625 2.20452 296
      vertex 172.458 15.9027 296
    endloop
  endfacet
  facet normal 0 0 1
    outer loop
      vertex 172.428 15.9032 296
      vertex 170.338 1.95682 296
      vertex 173.625 2.20452 296
    endloop
  endfacet
  facet normal 0 0 1
    outer loop
      vertex 169.216 16.0581 296
      vertex 170.338 1.95682 296
      vertex 172.428 15.9032 296
    endloop
  endfacet
  facet normal 0 0 1
    outer loop
      vertex 170.338 1.95682 296
      vertex 169.216 16.0581 296
      vertex 170.308 1.95363 296
    endloop
  endfacet
  facet normal 0 0 1
    outer loop
      vertex 169.187 16.0584 296
      vertex 170.308 1.95363 296
      vertex 169.216 16.0581 296
    endloop
  endfacet
  facet normal 0 0 1
    outer loop
      vertex 169.187 16.0584 296
      vertex 167.025 1.71051 296
      vertex 170.308 1.95363 296
    endloop
  endfacet
  facet normal 0 0 1
    outer loop
      vertex 165.976 16.1898 296
      vertex 167.025 1.71051 296
      vertex 169.187 16.0584 296
    endloop
  endfacet
  facet normal 0 0 1
    outer loop
      vertex 167.025 1.71051 296
      vertex 165.976 16.1898 296
      vertex 166.995 1.70737 296
    endloop
  endfacet
  facet normal 0 0 1
    outer loop
      vertex 165.947 16.1899 296
      vertex 166.995 1.70737 296
      vertex 165.976 16.1898 296
    endloop
  endfacet
  facet normal 0 0 1
    outer loop
      vertex 165.947 16.1899 296
      vertex 163.717 1.47013 296
      vertex 166.995 1.70737 296
    endloop
  endfacet
  facet normal 0 0 1
    outer loop
      vertex 162.739 16.2969 296
      vertex 163.717 1.47013 296
      vertex 165.947 16.1899 296
    endloop
  endfacet
  facet normal 0 0 1
    outer loop
      vertex 163.717 1.47013 296
      vertex 162.739 16.2969 296
      vertex 163.687 1.46704 296
    endloop
  endfacet
  facet normal -0 0 1
    outer loop
      vertex 162.71 16.2967 296
      vertex 163.687 1.46704 296
      vertex 162.739 16.2969 296
    endloop
  endfacet
  facet normal 0 0 1
    outer loop
      vertex 162.71 16.2967 296
      vertex 160.413 1.23667 296
      vertex 163.687 1.46704 296
    endloop
  endfacet
  facet normal 0 0 1
    outer loop
      vertex 159.507 16.3783 296
      vertex 160.413 1.23667 296
      vertex 162.71 16.2967 296
    endloop
  endfacet
  facet normal 0 0 1
    outer loop
      vertex 160.413 1.23667 296
      vertex 159.507 16.3783 296
      vertex 160.383 1.23365 296
    endloop
  endfacet
  facet normal -0 0 1
    outer loop
      vertex 159.478 16.3779 296
      vertex 160.383 1.23365 296
      vertex 159.507 16.3783 296
    endloop
  endfacet
  facet normal 0 0 1
    outer loop
      vertex 159.478 16.3779 296
      vertex 157.111 1.01103 296
      vertex 160.383 1.23365 296
    endloop
  endfacet
  facet normal 0 0 1
    outer loop
      vertex 156.281 16.4326 296
      vertex 157.111 1.01103 296
      vertex 159.478 16.3779 296
    endloop
  endfacet
  facet normal -0 0 1
    outer loop
      vertex 156.252 16.432 296
      vertex 157.111 1.01103 296
      vertex 156.281 16.4326 296
    endloop
  endfacet
  facet normal 0 0 1
    outer loop
      vertex 157.111 1.01103 296
      vertex 156.252 16.432 296
      vertex 157.081 1.00808 296
    endloop
  endfacet
  facet normal 0 0 1
    outer loop
      vertex 156.252 16.432 296
      vertex 153.814 0.794152 296
      vertex 157.081 1.00808 296
    endloop
  endfacet
  facet normal 0 0 1
    outer loop
      vertex 153.061 16.4585 296
      vertex 153.814 0.794152 296
      vertex 156.252 16.432 296
    endloop
  endfacet
  facet normal -0 0 1
    outer loop
      vertex 153.032 16.4576 296
      vertex 153.814 0.794152 296
      vertex 153.061 16.4585 296
    endloop
  endfacet
  facet normal 0 0 1
    outer loop
      vertex 153.814 0.794152 296
      vertex 153.032 16.4576 296
      vertex 153.784 0.791279 296
    endloop
  endfacet
  facet normal 0 0 1
    outer loop
      vertex 153.032 16.4576 296
      vertex 150.522 0.587606 296
      vertex 153.784 0.791279 296
    endloop
  endfacet
  facet normal -0 0 1
    outer loop
      vertex 149.846 16.4546 296
      vertex 150.522 0.587606 296
      vertex 153.032 16.4576 296
    endloop
  endfacet
  facet normal -0 0 1
    outer loop
      vertex 149.817 16.4534 296
      vertex 150.522 0.587606 296
      vertex 149.846 16.4546 296
    endloop
  endfacet
  facet normal 0 0 1
    outer loop
      vertex 150.522 0.587606 296
      vertex 149.817 16.4534 296
      vertex 150.492 0.584828 296
    endloop
  endfacet
  facet normal 0 0 1
    outer loop
      vertex 149.817 16.4534 296
      vertex 147.238 0.393361 296
      vertex 150.492 0.584828 296
    endloop
  endfacet
  facet normal -0 0 1
    outer loop
      vertex 146.64 16.4193 296
      vertex 147.238 0.393361 296
      vertex 149.817 16.4534 296
    endloop
  endfacet
  facet normal -0 0 1
    outer loop
      vertex 146.611 16.4178 296
      vertex 147.238 0.393361 296
      vertex 146.64 16.4193 296
    endloop
  endfacet
  facet normal 0 0 1
    outer loop
      vertex 147.238 0.393361 296
      vertex 146.611 16.4178 296
      vertex 147.208 0.390697 296
    endloop
  endfacet
  facet normal 0 0 1
    outer loop
      vertex 146.611 16.4178 296
      vertex 143.962 0.213324 296
      vertex 147.208 0.390697 296
    endloop
  endfacet
  facet normal -0 0 1
    outer loop
      vertex 143.446 16.3506 296
      vertex 143.962 0.213324 296
      vertex 146.611 16.4178 296
    endloop
  endfacet
  facet normal -0 0 1
    outer loop
      vertex 143.418 16.3488 296
      vertex 143.962 0.213324 296
      vertex 143.446 16.3506 296
    endloop
  endfacet
  facet normal 0 0 1
    outer loop
      vertex 143.962 0.213324 296
      vertex 143.418 16.3488 296
      vertex 143.932 0.210791 296
    endloop
  endfacet
  facet normal -0 0 1
    outer loop
      vertex 140.27 16.2453 296
      vertex 143.932 0.210791 296
      vertex 143.418 16.3488 296
    endloop
  endfacet
  facet normal 0 0 1
    outer loop
      vertex 143.932 0.210791 296
      vertex 140.27 16.2453 296
      vertex 140.694 0.0494987 296
    endloop
  endfacet
  facet normal -0 0 1
    outer loop
      vertex 140.241 16.2431 296
      vertex 140.694 0.0494987 296
      vertex 140.27 16.2453 296
    endloop
  endfacet
  facet normal 0 0 1
    outer loop
      vertex 140.694 0.0494987 296
      vertex 140.241 16.2431 296
      vertex 140.665 0.0471158 296
    endloop
  endfacet
  facet normal -0 0 1
    outer loop
      vertex 137.11 16.1003 296
      vertex 140.665 0.0471158 296
      vertex 140.241 16.2431 296
    endloop
  endfacet
  facet normal 0 0 1
    outer loop
      vertex 140.665 0.0471158 296
      vertex 137.11 16.1003 296
      vertex 137.434 -0.0960823 296
    endloop
  endfacet
  facet normal -0 0 1
    outer loop
      vertex 137.082 16.0977 296
      vertex 137.434 -0.0960823 296
      vertex 137.11 16.1003 296
    endloop
  endfacet
  facet normal -0 0 1
    outer loop
      vertex 129.846 6.7805 296
      vertex 137.434 -0.0960823 296
      vertex 137.082 16.0977 296
    endloop
  endfacet
  facet normal 0 0 1
    outer loop
      vertex 137.434 -0.0960823 296
      vertex 129.86 6.57166 296
      vertex 137.404 -0.0982975 296
    endloop
  endfacet
  facet normal -0 0 1
    outer loop
      vertex 129.846 6.36282 296
      vertex 137.404 -0.0982975 296
      vertex 129.86 6.57166 296
    endloop
  endfacet
  facet normal 0 0 1
    outer loop
      vertex 129.846 6.7805 296
      vertex 137.082 16.0977 296
      vertex 133.968 15.9123 296
    endloop
  endfacet
  facet normal 0 0 1
    outer loop
      vertex 129.846 6.7805 296
      vertex 133.968 15.9123 296
      vertex 133.94 15.9093 296
    endloop
  endfacet
  facet normal 0 0 1
    outer loop
      vertex 137.404 -0.0982975 296
      vertex 129.846 6.36282 296
      vertex 134.18 -0.221219 296
    endloop
  endfacet
  facet normal -0 0 1
    outer loop
      vertex 129.806 6.15755 296
      vertex 134.18 -0.221219 296
      vertex 129.846 6.36282 296
    endloop
  endfacet
  facet normal 0 0 1
    outer loop
      vertex 129.846 6.7805 296
      vertex 133.94 15.9093 296
      vertex 130.845 15.6784 296
    endloop
  endfacet
  facet normal 0 0 1
    outer loop
      vertex 129.06 7.9573 296
      vertex 130.845 15.6784 296
      vertex 130.817 15.6749 296
    endloop
  endfacet
  facet normal -0 0 1
    outer loop
      vertex 129.738 5.95936 296
      vertex 134.18 -0.221219 296
      vertex 129.806 6.15755 296
    endloop
  endfacet
  facet normal 0 0 1
    outer loop
      vertex 134.18 -0.221219 296
      vertex 129.738 5.95936 296
      vertex 134.151 -0.223246 296
    endloop
  endfacet
  facet normal -0 0 1
    outer loop
      vertex 129.646 5.77166 296
      vertex 134.151 -0.223246 296
      vertex 129.738 5.95936 296
    endloop
  endfacet
  facet normal -0 0 1
    outer loop
      vertex 129.529 5.59764 296
      vertex 134.151 -0.223246 296
      vertex 129.646 5.77166 296
    endloop
  endfacet
  facet normal 0 0 1
    outer loop
      vertex 134.151 -0.223246 296
      vertex 129.529 5.59764 296
      vertex 130.941 -0.323345 296
    endloop
  endfacet
  facet normal -0 0 1
    outer loop
      vertex 129.391 5.44029 296
      vertex 130.941 -0.323345 296
      vertex 129.529 5.59764 296
    endloop
  endfacet
  facet normal -0 0 1
    outer loop
      vertex 129.234 5.30229 296
      vertex 130.941 -0.323345 296
      vertex 129.391 5.44029 296
    endloop
  endfacet
  facet normal -0 0 1
    outer loop
      vertex 129.06 5.18602 296
      vertex 130.941 -0.323345 296
      vertex 129.234 5.30229 296
    endloop
  endfacet
  facet normal 0 0 1
    outer loop
      vertex 130.941 -0.323345 296
      vertex 129.06 5.18602 296
      vertex 130.911 -0.32516 296
    endloop
  endfacet
  facet normal -0 0 1
    outer loop
      vertex 128.872 5.09345 296
      vertex 130.911 -0.32516 296
      vertex 129.06 5.18602 296
    endloop
  endfacet
  facet normal -0 0 1
    outer loop
      vertex 128.674 5.02618 296
      vertex 130.911 -0.32516 296
      vertex 128.872 5.09345 296
    endloop
  endfacet
  facet normal 0 0 1
    outer loop
      vertex 127.724 -0.398219 296
      vertex 128.674 5.02618 296
      vertex 128.469 4.98535 296
    endloop
  endfacet
  facet normal 0 0 1
    outer loop
      vertex 127.724 -0.398219 296
      vertex 128.469 4.98535 296
      vertex 128.26 4.97166 296
    endloop
  endfacet
  facet normal 0 0 1
    outer loop
      vertex 127.724 -0.398219 296
      vertex 128.26 4.97166 296
      vertex 128.051 4.98535 296
    endloop
  endfacet
  facet normal 0 0 1
    outer loop
      vertex 127.695 -0.39978 296
      vertex 128.051 4.98535 296
      vertex 127.846 5.02618 296
    endloop
  endfacet
  facet normal 0 0 1
    outer loop
      vertex 128.674 5.02618 296
      vertex 127.724 -0.398219 296
      vertex 130.911 -0.32516 296
    endloop
  endfacet
  facet normal 0 0 1
    outer loop
      vertex 128.051 4.98535 296
      vertex 127.695 -0.39978 296
      vertex 127.724 -0.398219 296
    endloop
  endfacet
  facet normal 0 0 1
    outer loop
      vertex 127.648 5.09345 296
      vertex 127.695 -0.39978 296
      vertex 127.846 5.02618 296
    endloop
  endfacet
  facet normal 0 0 1
    outer loop
      vertex 127.46 5.18602 296
      vertex 127.695 -0.39978 296
      vertex 127.648 5.09345 296
    endloop
  endfacet
  facet normal 0 0 1
    outer loop
      vertex 124.533 -0.439996 296
      vertex 127.46 5.18602 296
      vertex 127.286 5.30229 296
    endloop
  endfacet
  facet normal 0 0 1
    outer loop
      vertex 124.533 -0.439996 296
      vertex 127.286 5.30229 296
      vertex 127.129 5.44029 296
    endloop
  endfacet
  facet normal 0 0 1
    outer loop
      vertex 124.533 -0.439996 296
      vertex 127.129 5.44029 296
      vertex 126.991 5.59764 296
    endloop
  endfacet
  facet normal 0 0 1
    outer loop
      vertex 124.504 -0.441249 296
      vertex 126.991 5.59764 296
      vertex 126.874 5.77166 296
    endloop
  endfacet
  facet normal 0 0 1
    outer loop
      vertex 121.367 -0.442807 296
      vertex 126.874 5.77166 296
      vertex 126.782 5.95936 296
    endloop
  endfacet
  facet normal 0 0 1
    outer loop
      vertex 121.367 -0.442807 296
      vertex 126.782 5.95936 296
      vertex 126.715 6.15755 296
    endloop
  endfacet
  facet normal 0 0 1
    outer loop
      vertex 121.367 -0.442807 296
      vertex 126.715 6.15755 296
      vertex 126.674 6.36282 296
    endloop
  endfacet
  facet normal 0 0 1
    outer loop
      vertex 126.782 7.18395 296
      vertex 121.6 14.6625 296
      vertex 126.715 6.98577 296
    endloop
  endfacet
  facet normal -0 0 1
    outer loop
      vertex 118.626 14.2147 296
      vertex 126.715 6.98577 296
      vertex 121.6 14.6625 296
    endloop
  endfacet
  facet normal 0 0 1
    outer loop
      vertex 126.715 6.98577 296
      vertex 118.626 14.2147 296
      vertex 126.674 6.7805 296
    endloop
  endfacet
  facet normal 0 0 1
    outer loop
      vertex 127.46 5.18602 296
      vertex 124.533 -0.439996 296
      vertex 127.695 -0.39978 296
    endloop
  endfacet
  facet normal 0 0 1
    outer loop
      vertex 126.991 5.59764 296
      vertex 124.504 -0.441249 296
      vertex 124.533 -0.439996 296
    endloop
  endfacet
  facet normal -0 0 1
    outer loop
      vertex 118.599 14.2092 296
      vertex 126.674 6.7805 296
      vertex 118.626 14.2147 296
    endloop
  endfacet
  facet normal 0 0 1
    outer loop
      vertex 126.674 6.7805 296
      vertex 118.599 14.2092 296
      vertex 126.66 6.57166 296
    endloop
  endfacet
  facet normal 0 0 1
    outer loop
      vertex 126.874 5.77166 296
      vertex 121.367 -0.442807 296
      vertex 124.504 -0.441249 296
    endloop
  endfacet
  facet normal 0 0 1
    outer loop
      vertex 118.236 -0.400787 296
      vertex 126.66 6.57166 296
      vertex 118.599 14.2092 296
    endloop
  endfacet
  facet normal 0 0 1
    outer loop
      vertex 126.674 6.36282 296
      vertex 121.338 -0.443699 296
      vertex 121.367 -0.442807 296
    endloop
  endfacet
  facet normal 0 -0 1
    outer loop
      vertex 121.338 -0.443699 296
      vertex 126.66 6.57166 296
      vertex 118.236 -0.400787 296
    endloop
  endfacet
  facet normal 0 0 1
    outer loop
      vertex 126.66 6.57166 296
      vertex 121.338 -0.443699 296
      vertex 126.674 6.36282 296
    endloop
  endfacet
  facet normal -0 0 1
    outer loop
      vertex 115.675 13.6964 296
      vertex 118.236 -0.400787 296
      vertex 118.599 14.2092 296
    endloop
  endfacet
  facet normal 0 0 1
    outer loop
      vertex 118.236 -0.400787 296
      vertex 115.675 13.6964 296
      vertex 118.208 -0.401262 296
    endloop
  endfacet
  facet normal -0 0 1
    outer loop
      vertex 115.649 13.6903 296
      vertex 118.208 -0.401262 296
      vertex 115.675 13.6964 296
    endloop
  endfacet
  facet normal 0 0 1
    outer loop
      vertex 115.649 13.6903 296
      vertex 115.163 -0.306363 296
      vertex 118.208 -0.401262 296
    endloop
  endfacet
  facet normal -0 0 1
    outer loop
      vertex 112.791 13.1086 296
      vertex 115.163 -0.306363 296
      vertex 115.649 13.6903 296
    endloop
  endfacet
  facet normal 0 0 1
    outer loop
      vertex 115.163 -0.306363 296
      vertex 112.791 13.1086 296
      vertex 115.136 -0.306346 296
    endloop
  endfacet
  facet normal -0 0 1
    outer loop
      vertex 112.766 13.1018 296
      vertex 115.136 -0.306346 296
      vertex 112.791 13.1086 296
    endloop
  endfacet
  facet normal 0 0 1
    outer loop
      vertex 112.766 13.1018 296
      vertex 112.153 -0.148568 296
      vertex 115.136 -0.306346 296
    endloop
  endfacet
  facet normal -0 0 1
    outer loop
      vertex 109.998 12.4469 296
      vertex 112.153 -0.148568 296
      vertex 112.766 13.1018 296
    endloop
  endfacet
  facet normal 0 0 1
    outer loop
      vertex 112.153 -0.148568 296
      vertex 109.998 12.4469 296
      vertex 112.125 -0.147957 296
    endloop
  endfacet
  facet normal -0 0 1
    outer loop
      vertex 109.974 12.4395 296
      vertex 112.125 -0.147957 296
      vertex 109.998 12.4469 296
    endloop
  endfacet
  facet normal 0 0 1
    outer loop
      vertex 109.974 12.4395 296
      vertex 109.212 0.0838348 296
      vertex 112.125 -0.147957 296
    endloop
  endfacet
  facet normal -0 0 1
    outer loop
      vertex 107.328 11.7087 296
      vertex 109.212 0.0838348 296
      vertex 109.974 12.4395 296
    endloop
  endfacet
  facet normal 0 0 1
    outer loop
      vertex 109.212 0.0838348 296
      vertex 107.328 11.7087 296
      vertex 109.186 0.0851424 296
    endloop
  endfacet
  facet normal -0 0 1
    outer loop
      vertex 107.306 11.7007 296
      vertex 109.186 0.0851424 296
      vertex 107.328 11.7087 296
    endloop
  endfacet
  facet normal 0 0 1
    outer loop
      vertex 107.306 11.7007 296
      vertex 106.422 0.392597 296
      vertex 109.186 0.0851424 296
    endloop
  endfacet
  facet normal -0 0 1
    outer loop
      vertex 104.85 10.9015 296
      vertex 106.422 0.392597 296
      vertex 107.306 11.7007 296
    endloop
  endfacet
  facet normal -0 0 1
    outer loop
      vertex 104.83 10.8931 296
      vertex 106.422 0.392597 296
      vertex 104.85 10.9015 296
    endloop
  endfacet
  facet normal 0 0 1
    outer loop
      vertex 106.422 0.392597 296
      vertex 104.83 10.8931 296
      vertex 106.397 0.394639 296
    endloop
  endfacet
  facet normal 0 0 1
    outer loop
      vertex 104.83 10.8931 296
      vertex 103.816 0.775627 296
      vertex 106.397 0.394639 296
    endloop
  endfacet
  facet normal -0 0 1
    outer loop
      vertex 102.626 10.0411 296
      vertex 103.816 0.775627 296
      vertex 104.83 10.8931 296
    endloop
  endfacet
  facet normal -0 0 1
    outer loop
      vertex 102.609 10.0324 296
      vertex 103.816 0.775627 296
      vertex 102.626 10.0411 296
    endloop
  endfacet
  facet normal 0 0 1
    outer loop
      vertex 103.816 0.775627 296
      vertex 102.609 10.0324 296
      vertex 103.792 0.778394 296
    endloop
  endfacet
  facet normal -0 0 1
    outer loop
      vertex 100.694 9.14765 296
      vertex 103.792 0.778394 296
      vertex 102.609 10.0324 296
    endloop
  endfacet
  facet normal 0 0 1
    outer loop
      vertex 103.792 0.778394 296
      vertex 100.694 9.14765 296
      vertex 101.475 1.22075 296
    endloop
  endfacet
  facet normal -0 0 1
    outer loop
      vertex 100.68 9.13962 296
      vertex 101.475 1.22075 296
      vertex 100.694 9.14765 296
    endloop
  endfacet
  facet normal 0 0 1
    outer loop
      vertex 101.475 1.22075 296
      vertex 100.68 9.13962 296
      vertex 101.453 1.22415 296
    endloop
  endfacet
  facet normal -0 0 1
    outer loop
      vertex 99.1783 8.30918 296
      vertex 101.453 1.22415 296
      vertex 100.68 9.13962 296
    endloop
  endfacet
  facet normal 0 0 1
    outer loop
      vertex 101.453 1.22415 296
      vertex 99.1783 8.30918 296
      vertex 99.7553 1.63127 296
    endloop
  endfacet
  facet normal -0 0 1
    outer loop
      vertex 99.1684 8.30215 296
      vertex 99.7553 1.63127 296
      vertex 99.1783 8.30918 296
    endloop
  endfacet
  facet normal -0 0 1
    outer loop
      vertex 98.0656 7.56843 296
      vertex 99.7553 1.63127 296
      vertex 99.1684 8.30215 296
    endloop
  endfacet
  facet normal 0 0 1
    outer loop
      vertex 99.7553 1.63127 296
      vertex 98.0656 7.56843 296
      vertex 99.7396 1.63452 296
    endloop
  endfacet
  facet normal -0 0 1
    outer loop
      vertex 98.0582 7.56205 296
      vertex 99.7396 1.63452 296
      vertex 98.0656 7.56843 296
    endloop
  endfacet
  facet normal 0 0 1
    outer loop
      vertex 99.7396 1.63452 296
      vertex 98.0582 7.56205 296
      vertex 98.5243 1.9958 296
    endloop
  endfacet
  facet normal -0 0 1
    outer loop
      vertex 97.2227 6.89039 296
      vertex 98.5243 1.9958 296
      vertex 98.0582 7.56205 296
    endloop
  endfacet
  facet normal -0 0 1
    outer loop
      vertex 97.217 6.88467 296
      vertex 98.5243 1.9958 296
      vertex 97.2227 6.89039 296
    endloop
  endfacet
  facet normal 0 0 1
    outer loop
      vertex 98.5243 1.9958 296
      vertex 97.217 6.88467 296
      vertex 98.5131 1.99877 296
    endloop
  endfacet
  facet normal 0 0 1
    outer loop
      vertex 98.5131 1.99877 296
      vertex 97.217 6.88467 296
      vertex 97.5555 2.34783 296
    endloop
  endfacet
  facet normal -0 0 1
    outer loop
      vertex 96.5811 6.28007 296
      vertex 97.5555 2.34783 296
      vertex 97.217 6.88467 296
    endloop
  endfacet
  facet normal -0 0 1
    outer loop
      vertex 96.577 6.27529 296
      vertex 97.5555 2.34783 296
      vertex 96.5811 6.28007 296
    endloop
  endfacet
  facet normal 0 0 1
    outer loop
      vertex 97.5555 2.34783 296
      vertex 96.577 6.27529 296
      vertex 97.5467 2.35076 296
    endloop
  endfacet
  facet normal 0 0 1
    outer loop
      vertex 97.5467 2.35076 296
      vertex 96.577 6.27529 296
      vertex 96.7962 2.68141 296
    endloop
  endfacet
  facet normal -0 0 1
    outer loop
      vertex 96.1115 5.76689 296
      vertex 96.7962 2.68141 296
      vertex 96.577 6.27529 296
    endloop
  endfacet
  facet normal -0 0 1
    outer loop
      vertex 96.1087 5.76285 296
      vertex 96.7962 2.68141 296
      vertex 96.1115 5.76689 296
    endloop
  endfacet
  facet normal 0 0 1
    outer loop
      vertex 96.7962 2.68141 296
      vertex 96.1087 5.76285 296
      vertex 96.7892 2.68423 296
    endloop
  endfacet
  facet normal -0 0 1
    outer loop
      vertex 95.7792 5.32779 296
      vertex 96.7892 2.68423 296
      vertex 96.1087 5.76285 296
    endloop
  endfacet
  facet normal 0 0 1
    outer loop
      vertex 96.7892 2.68423 296
      vertex 95.7792 5.32779 296
      vertex 96.2312 2.96983 296
    endloop
  endfacet
  facet normal -0 0 1
    outer loop
      vertex 95.5617 4.92905 296
      vertex 96.2312 2.96983 296
      vertex 95.7792 5.32779 296
    endloop
  endfacet
  facet normal -0 0 1
    outer loop
      vertex 95.4335 4.5415 296
      vertex 96.2312 2.96983 296
      vertex 95.5617 4.92905 296
    endloop
  endfacet
  facet normal 0 0 1
    outer loop
      vertex 95.7792 5.32779 296
      vertex 96.1087 5.76285 296
      vertex 95.781 5.33147 296
    endloop
  endfacet
  facet normal 0 0 1
    outer loop
      vertex 96.2312 2.96983 296
      vertex 95.4335 4.5415 296
      vertex 96.226 2.97229 296
    endloop
  endfacet
  facet normal 0 0 1
    outer loop
      vertex 96.226 2.97229 296
      vertex 95.4335 4.5415 296
      vertex 95.8295 3.23325 296
    endloop
  endfacet
  facet normal -0 0 1
    outer loop
      vertex 95.3859 4.16401 296
      vertex 95.8295 3.23325 296
      vertex 95.4335 4.5415 296
    endloop
  endfacet
  facet normal 0 0 1
    outer loop
      vertex 95.5617 4.92905 296
      vertex 95.7792 5.32779 296
      vertex 95.5627 4.9326 296
    endloop
  endfacet
  facet normal -0 -0 1
    outer loop
      vertex 95.5665 3.50679 296
      vertex 95.8295 3.23325 296
      vertex 95.3859 4.16401 296
    endloop
  endfacet
  facet normal 0 0 1
    outer loop
      vertex 95.4335 4.5415 296
      vertex 95.5617 4.92905 296
      vertex 95.4338 4.54494 296
    endloop
  endfacet
  facet normal 0 0 1
    outer loop
      vertex 95.8295 3.23325 296
      vertex 95.5665 3.50679 296
      vertex 95.8258 3.23553 296
    endloop
  endfacet
  facet normal -0 -0 1
    outer loop
      vertex 95.4243 3.8149 296
      vertex 95.5665 3.50679 296
      vertex 95.3859 4.16401 296
    endloop
  endfacet
  facet normal 0 0 1
    outer loop
      vertex 95.5665 3.50679 296
      vertex 95.4243 3.8149 296
      vertex 95.5641 3.5092 296
    endloop
  endfacet
  facet normal 0 0 1
    outer loop
      vertex 95.4243 3.8149 296
      vertex 95.3859 4.16401 296
      vertex 95.423 3.81766 296
    endloop
  endfacet
  facet normal 0 -0 1
    outer loop
      vertex 95.3859 4.16401 296
      vertex 95.4335 4.5415 296
      vertex 95.3855 4.16717 296
    endloop
  endfacet
  facet normal 0 0 -1
    outer loop
      vertex 53.116 -6.52917 66
      vertex 43.8302 1.36197 66
      vertex 43.8439 1.57081 66
    endloop
  endfacet
  facet normal 0 0 -1
    outer loop
      vertex 45.341 -6.56395 66
      vertex 43.7894 1.1567 66
      vertex 43.8302 1.36197 66
    endloop
  endfacet
  facet normal 0 0 -1
    outer loop
      vertex 45.341 -6.56395 66
      vertex 43.7221 0.958516 66
      vertex 43.7894 1.1567 66
    endloop
  endfacet
  facet normal 0 0 -1
    outer loop
      vertex 45.341 -6.56395 66
      vertex 43.6295 0.77081 66
      vertex 43.7221 0.958516 66
    endloop
  endfacet
  facet normal 0 0 -1
    outer loop
      vertex 45.341 -6.56395 66
      vertex 43.5133 0.596791 66
      vertex 43.6295 0.77081 66
    endloop
  endfacet
  facet normal 0 0 -1
    outer loop
      vertex 45.341 -6.56395 66
      vertex 43.3753 0.439438 66
      vertex 43.5133 0.596791 66
    endloop
  endfacet
  facet normal 0 0 -1
    outer loop
      vertex 45.341 -6.56395 66
      vertex 43.2179 0.301444 66
      vertex 43.3753 0.439438 66
    endloop
  endfacet
  facet normal 0 0 -1
    outer loop
      vertex 45.2575 -6.56655 66
      vertex 43.0439 0.185169 66
      vertex 43.2179 0.301444 66
    endloop
  endfacet
  facet normal 0 0 -1
    outer loop
      vertex 45.2575 -6.56655 66
      vertex 42.8562 0.0926023 66
      vertex 43.0439 0.185169 66
    endloop
  endfacet
  facet normal 0 0 -1
    outer loop
      vertex 45.2575 -6.56655 66
      vertex 42.658 0.0253283 66
      vertex 42.8562 0.0926023 66
    endloop
  endfacet
  facet normal 0 0 -1
    outer loop
      vertex 41.4486 -6.5375 66
      vertex 42.658 0.0253283 66
      vertex 45.2575 -6.56655 66
    endloop
  endfacet
  facet normal 0 0 -1
    outer loop
      vertex 42.658 0.0253283 66
      vertex 41.4486 -6.5375 66
      vertex 42.4527 -0.0155024 66
    endloop
  endfacet
  facet normal 0 0 -1
    outer loop
      vertex 42.4527 -0.0155024 66
      vertex 41.4486 -6.5375 66
      vertex 42.2439 -0.0291904 66
    endloop
  endfacet
  facet normal -0 0 -1
    outer loop
      vertex 42.2439 -0.0291904 66
      vertex 41.4486 -6.5375 66
      vertex 42.0351 -0.0155024 66
    endloop
  endfacet
  facet normal 0 0 -1
    outer loop
      vertex 41.3657 -6.5394 66
      vertex 42.0351 -0.0155024 66
      vertex 41.4486 -6.5375 66
    endloop
  endfacet
  facet normal -0 0 -1
    outer loop
      vertex 42.0351 -0.0155024 66
      vertex 41.3657 -6.5394 66
      vertex 41.8298 0.0253283 66
    endloop
  endfacet
  facet normal -0 0 -1
    outer loop
      vertex 41.8298 0.0253283 66
      vertex 41.3657 -6.5394 66
      vertex 41.6316 0.0926023 66
    endloop
  endfacet
  facet normal -0 0 -1
    outer loop
      vertex 41.6316 0.0926023 66
      vertex 41.3657 -6.5394 66
      vertex 41.4439 0.185169 66
    endloop
  endfacet
  facet normal 0 0 -1
    outer loop
      vertex 37.5892 -6.47209 66
      vertex 41.4439 0.185169 66
      vertex 41.3657 -6.5394 66
    endloop
  endfacet
  facet normal -0 0 -1
    outer loop
      vertex 41.4439 0.185169 66
      vertex 37.5892 -6.47209 66
      vertex 41.2699 0.301444 66
    endloop
  endfacet
  facet normal -0 0 -1
    outer loop
      vertex 41.2699 0.301444 66
      vertex 37.5892 -6.47209 66
      vertex 41.1125 0.439438 66
    endloop
  endfacet
  facet normal -0 0 -1
    outer loop
      vertex 41.1125 0.439438 66
      vertex 37.5892 -6.47209 66
      vertex 40.9745 0.596791 66
    endloop
  endfacet
  facet normal 0 0 -1
    outer loop
      vertex 37.5069 -6.47313 66
      vertex 40.9745 0.596791 66
      vertex 37.5892 -6.47209 66
    endloop
  endfacet
  facet normal -0 0 -1
    outer loop
      vertex 40.9745 0.596791 66
      vertex 37.5069 -6.47313 66
      vertex 40.8583 0.77081 66
    endloop
  endfacet
  facet normal -0 0 -1
    outer loop
      vertex 40.8583 0.77081 66
      vertex 37.5069 -6.47313 66
      vertex 40.7657 0.958516 66
    endloop
  endfacet
  facet normal 0 0 -1
    outer loop
      vertex 33.679 -6.36058 66
      vertex 40.6439 1.57081 66
      vertex 40.6576 1.36197 66
    endloop
  endfacet
  facet normal 0 0 -1
    outer loop
      vertex 33.7606 -6.36054 66
      vertex 40.7657 0.958516 66
      vertex 37.5069 -6.47313 66
    endloop
  endfacet
  facet normal -0 0 -1
    outer loop
      vertex 40.7657 0.958516 66
      vertex 33.7606 -6.36054 66
      vertex 40.6984 1.1567 66
    endloop
  endfacet
  facet normal 0 0 -1
    outer loop
      vertex 40.6439 1.57081 66
      vertex 38.1924 12.2521 66
      vertex 38.2708 12.2622 66
    endloop
  endfacet
  facet normal -0 0 -1
    outer loop
      vertex 40.6984 1.1567 66
      vertex 33.7606 -6.36054 66
      vertex 40.6576 1.36197 66
    endloop
  endfacet
  facet normal 0 0 -1
    outer loop
      vertex 40.6439 1.57081 66
      vertex 34.5792 11.8991 66
      vertex 38.1924 12.2521 66
    endloop
  endfacet
  facet normal 0 0 -1
    outer loop
      vertex 40.6439 1.57081 66
      vertex 34.5018 11.8875 66
      vertex 34.5792 11.8991 66
    endloop
  endfacet
  facet normal 0 0 -1
    outer loop
      vertex 33.679 -6.36058 66
      vertex 40.6576 1.36197 66
      vertex 33.7606 -6.36054 66
    endloop
  endfacet
  facet normal 0 0 -1
    outer loop
      vertex 40.6439 1.57081 66
      vertex 33.679 -6.36058 66
      vertex 29.9761 -6.19615 66
    endloop
  endfacet
  facet normal 0 0 -1
    outer loop
      vertex 40.6439 1.57081 66
      vertex 30.934 11.4612 66
      vertex 34.5018 11.8875 66
    endloop
  endfacet
  facet normal 0 0 -1
    outer loop
      vertex 40.6439 1.57081 66
      vertex 30.8579 11.4479 66
      vertex 30.934 11.4612 66
    endloop
  endfacet
  facet normal -0 0 -1
    outer loop
      vertex 40.6439 1.57081 66
      vertex 29.9761 -6.19615 66
      vertex 30.8579 11.4479 66
    endloop
  endfacet
  facet normal 0 0 -1
    outer loop
      vertex 27.3476 10.9423 66
      vertex 29.9761 -6.19615 66
      vertex 29.8954 -6.19504 66
    endloop
  endfacet
  facet normal 0 0 -1
    outer loop
      vertex 29.9761 -6.19615 66
      vertex 27.3476 10.9423 66
      vertex 30.8579 11.4479 66
    endloop
  endfacet
  facet normal 0 0 -1
    outer loop
      vertex 29.8954 -6.19504 66
      vertex 27.2732 10.9271 66
      vertex 27.3476 10.9423 66
    endloop
  endfacet
  facet normal 0 0 -1
    outer loop
      vertex 26.2635 -5.97064 66
      vertex 27.2732 10.9271 66
      vertex 29.8954 -6.19504 66
    endloop
  endfacet
  facet normal 0 0 -1
    outer loop
      vertex 23.8396 10.3368 66
      vertex 26.2635 -5.97064 66
      vertex 26.1843 -5.96818 66
    endloop
  endfacet
  facet normal 0 0 -1
    outer loop
      vertex 26.2635 -5.97064 66
      vertex 23.8396 10.3368 66
      vertex 27.2732 10.9271 66
    endloop
  endfacet
  facet normal 0 0 -1
    outer loop
      vertex 26.1843 -5.96818 66
      vertex 23.7676 10.3197 66
      vertex 23.8396 10.3368 66
    endloop
  endfacet
  facet normal 0 0 -1
    outer loop
      vertex 22.628 -5.67094 66
      vertex 23.7676 10.3197 66
      vertex 26.1843 -5.96818 66
    endloop
  endfacet
  facet normal 0 0 -1
    outer loop
      vertex 16.8974 0 66
      vertex 22.628 -5.67094 66
      vertex 22.5503 -5.66683 66
    endloop
  endfacet
  facet normal 0 0 -1
    outer loop
      vertex 22.628 -5.67094 66
      vertex 16.855 0.310582 66
      vertex 23.7676 10.3197 66
    endloop
  endfacet
  facet normal 0 0 -1
    outer loop
      vertex 16.8314 0.377427 66
      vertex 23.7676 10.3197 66
      vertex 16.855 0.310582 66
    endloop
  endfacet
  facet normal 0 0 -1
    outer loop
      vertex 16.855 -0.310582 66
      vertex 22.5503 -5.66683 66
      vertex 19.0805 -5.28377 66
    endloop
  endfacet
  facet normal 0 0 -1
    outer loop
      vertex 16.7306 -0.599999 66
      vertex 19.0805 -5.28377 66
      vertex 19.0047 -5.27774 66
    endloop
  endfacet
  facet normal 0 0 -1
    outer loop
      vertex 22.628 -5.67094 66
      vertex 16.8867 0.156631 66
      vertex 16.8692 0.241359 66
    endloop
  endfacet
  facet normal 0 0 -1
    outer loop
      vertex 22.628 -5.67094 66
      vertex 16.8692 0.241359 66
      vertex 16.855 0.310582 66
    endloop
  endfacet
  facet normal 0 0 -1
    outer loop
      vertex 22.628 -5.67094 66
      vertex 16.8974 0 66
      vertex 16.8867 0.156631 66
    endloop
  endfacet
  facet normal 0 0 -1
    outer loop
      vertex 22.5503 -5.66683 66
      vertex 16.8867 -0.156631 66
      vertex 16.8974 0 66
    endloop
  endfacet
  facet normal 0 0 -1
    outer loop
      vertex 22.5503 -5.66683 66
      vertex 16.8692 -0.241359 66
      vertex 16.8867 -0.156631 66
    endloop
  endfacet
  facet normal 0 0 -1
    outer loop
      vertex 22.5503 -5.66683 66
      vertex 16.855 -0.310582 66
      vertex 16.8692 -0.241359 66
    endloop
  endfacet
  facet normal 0 0 -1
    outer loop
      vertex 19.0805 -5.28377 66
      vertex 16.8314 -0.377427 66
      vertex 16.855 -0.310582 66
    endloop
  endfacet
  facet normal 0 0 -1
    outer loop
      vertex 19.0805 -5.28377 66
      vertex 16.8026 -0.45922 66
      vertex 16.8314 -0.377427 66
    endloop
  endfacet
  facet normal 0 0 -1
    outer loop
      vertex 19.0805 -5.28377 66
      vertex 16.7702 -0.522549 66
      vertex 16.8026 -0.45922 66
    endloop
  endfacet
  facet normal 0 0 -1
    outer loop
      vertex 19.0805 -5.28377 66
      vertex 16.7306 -0.599999 66
      vertex 16.7702 -0.522549 66
    endloop
  endfacet
  facet normal 0 0 -1
    outer loop
      vertex 19.0047 -5.27774 66
      vertex 16.6809 -0.671779 66
      vertex 16.7306 -0.599999 66
    endloop
  endfacet
  facet normal 0 0 -1
    outer loop
      vertex 19.0047 -5.27774 66
      vertex 16.6402 -0.730514 66
      vertex 16.6809 -0.671779 66
    endloop
  endfacet
  facet normal 0 0 -1
    outer loop
      vertex 19.0047 -5.27774 66
      vertex 16.5918 -0.783645 66
      vertex 16.6402 -0.730514 66
    endloop
  endfacet
  facet normal 0 0 -1
    outer loop
      vertex 19.0047 -5.27774 66
      vertex 16.5328 -0.848528 66
      vertex 16.5918 -0.783645 66
    endloop
  endfacet
  facet normal 0 0 -1
    outer loop
      vertex 19.0047 -5.27774 66
      vertex 16.4655 -0.905402 66
      vertex 16.5328 -0.848528 66
    endloop
  endfacet
  facet normal 0 0 -1
    outer loop
      vertex 19.0047 -5.27774 66
      vertex 16.4104 -0.952024 66
      vertex 16.4655 -0.905402 66
    endloop
  endfacet
  facet normal 0 0 -1
    outer loop
      vertex 19.0047 -5.27774 66
      vertex 16.3494 -0.991328 66
      vertex 16.4104 -0.952024 66
    endloop
  endfacet
  facet normal 0 0 -1
    outer loop
      vertex 19.0047 -5.27774 66
      vertex 16.275 -1.03923 66
      vertex 16.3494 -0.991328 66
    endloop
  endfacet
  facet normal 0 0 -1
    outer loop
      vertex 15.7164 -4.80979 66
      vertex 16.275 -1.03923 66
      vertex 19.0047 -5.27774 66
    endloop
  endfacet
  facet normal 0 0 -1
    outer loop
      vertex 16.275 -1.03923 66
      vertex 15.7164 -4.80979 66
      vertex 16.129 -1.10865 66
    endloop
  endfacet
  facet normal 0 0 -1
    outer loop
      vertex 16.129 -1.10865 66
      vertex 15.7164 -4.80979 66
      vertex 15.9748 -1.15911 66
    endloop
  endfacet
  facet normal 0 0 -1
    outer loop
      vertex 15.9748 -1.15911 66
      vertex 15.7164 -4.80979 66
      vertex 15.8873 -1.1759 66
    endloop
  endfacet
  facet normal 0 0 -1
    outer loop
      vertex 15.8873 -1.1759 66
      vertex 15.7164 -4.80979 66
      vertex 15.8151 -1.18973 66
    endloop
  endfacet
  facet normal 0 0 -1
    outer loop
      vertex 15.6445 -4.80179 66
      vertex 15.8151 -1.18973 66
      vertex 15.7164 -4.80979 66
    endloop
  endfacet
  facet normal 0 0 -1
    outer loop
      vertex 15.8151 -1.18973 66
      vertex 15.6445 -4.80179 66
      vertex 15.6527 -1.2 66
    endloop
  endfacet
  facet normal 0 0 -1
    outer loop
      vertex 15.6445 -4.80179 66
      vertex 15.4902 -1.18973 66
      vertex 15.6527 -1.2 66
    endloop
  endfacet
  facet normal 0 0 -1
    outer loop
      vertex 15.6445 -4.80179 66
      vertex 15.4028 -1.17297 66
      vertex 15.4902 -1.18973 66
    endloop
  endfacet
  facet normal 0 0 -1
    outer loop
      vertex 15.6445 -4.80179 66
      vertex 15.3305 -1.15911 66
      vertex 15.4028 -1.17297 66
    endloop
  endfacet
  facet normal 0 0 -1
    outer loop
      vertex 15.6445 -4.80179 66
      vertex 15.1764 -1.10865 66
      vertex 15.3305 -1.15911 66
    endloop
  endfacet
  facet normal 0 0 -1
    outer loop
      vertex 12.5765 -4.25269 66
      vertex 15.1764 -1.10865 66
      vertex 15.6445 -4.80179 66
    endloop
  endfacet
  facet normal -0 0 -1
    outer loop
      vertex 15.1764 -1.10865 66
      vertex 12.5765 -4.25269 66
      vertex 15.0303 -1.03923 66
    endloop
  endfacet
  facet normal -0 0 -1
    outer loop
      vertex 15.0303 -1.03923 66
      vertex 12.5765 -4.25269 66
      vertex 14.9689 -0.99968 66
    endloop
  endfacet
  facet normal -0 0 -1
    outer loop
      vertex 14.9689 -0.99968 66
      vertex 12.5765 -4.25269 66
      vertex 14.895 -0.952024 66
    endloop
  endfacet
  facet normal -0 0 -1
    outer loop
      vertex 14.895 -0.952024 66
      vertex 12.5765 -4.25269 66
      vertex 14.8281 -0.895495 66
    endloop
  endfacet
  facet normal -0 0 -1
    outer loop
      vertex 14.8281 -0.895495 66
      vertex 12.5765 -4.25269 66
      vertex 14.7725 -0.848528 66
    endloop
  endfacet
  facet normal -0 0 -1
    outer loop
      vertex 14.7725 -0.848528 66
      vertex 12.5765 -4.25269 66
      vertex 14.7238 -0.794946 66
    endloop
  endfacet
  facet normal -0 0 -1
    outer loop
      vertex 14.7238 -0.794946 66
      vertex 12.5765 -4.25269 66
      vertex 14.6652 -0.730514 66
    endloop
  endfacet
  facet normal 0 0 -1
    outer loop
      vertex 12.5094 -4.24278 66
      vertex 14.6652 -0.730514 66
      vertex 12.5765 -4.25269 66
    endloop
  endfacet
  facet normal -0 0 -1
    outer loop
      vertex 14.6652 -0.730514 66
      vertex 12.5094 -4.24278 66
      vertex 14.6158 -0.659285 66
    endloop
  endfacet
  facet normal -0 0 -1
    outer loop
      vertex 14.6158 -0.659285 66
      vertex 12.5094 -4.24278 66
      vertex 14.5747 -0.599999 66
    endloop
  endfacet
  facet normal -0 0 -1
    outer loop
      vertex 14.5747 -0.599999 66
      vertex 12.5094 -4.24278 66
      vertex 14.542 -0.53603 66
    endloop
  endfacet
  facet normal -0 0 -1
    outer loop
      vertex 14.542 -0.53603 66
      vertex 12.5094 -4.24278 66
      vertex 14.5027 -0.45922 66
    endloop
  endfacet
  facet normal 0 0 -1
    outer loop
      vertex 9.75765 -3.62998 66
      vertex 14.4331 -0.22662 66
      vertex 14.4504 -0.310582 66
    endloop
  endfacet
  facet normal 0 0 -1
    outer loop
      vertex 15.6527 1.2 66
      vertex 14.1002 7.93587 66
      vertex 14.1575 7.95803 66
    endloop
  endfacet
  facet normal -0 0 -1
    outer loop
      vertex 14.5027 -0.45922 66
      vertex 12.5094 -4.24278 66
      vertex 14.4789 -0.39166 66
    endloop
  endfacet
  facet normal 0 0 -1
    outer loop
      vertex 9.75765 -3.62998 66
      vertex 14.4789 -0.39166 66
      vertex 12.5094 -4.24278 66
    endloop
  endfacet
  facet normal -0 0 -1
    outer loop
      vertex 14.4789 -0.39166 66
      vertex 9.75765 -3.62998 66
      vertex 14.4504 -0.310582 66
    endloop
  endfacet
  facet normal -0 0 -1
    outer loop
      vertex 14.4331 -0.22662 66
      vertex 9.75765 -3.62998 66
      vertex 14.4186 -0.156631 66
    endloop
  endfacet
  facet normal -0 0 -1
    outer loop
      vertex 14.4186 -0.156631 66
      vertex 9.75765 -3.62998 66
      vertex 14.408 0 66
    endloop
  endfacet
  facet normal 0 0 -1
    outer loop
      vertex 14.4186 0.156631 66
      vertex 11.437 6.99888 66
      vertex 14.1002 7.93587 66
    endloop
  endfacet
  facet normal 0 0 -1
    outer loop
      vertex 14.4186 0.156631 66
      vertex 11.3872 6.97587 66
      vertex 11.437 6.99888 66
    endloop
  endfacet
  facet normal 0 0 -1
    outer loop
      vertex 9.69735 -3.61847 66
      vertex 14.408 0 66
      vertex 9.75765 -3.62998 66
    endloop
  endfacet
  facet normal 0 0 -1
    outer loop
      vertex 14.4186 0.156631 66
      vertex 9.69735 -3.61847 66
      vertex 7.68475 -3.07038 66
    endloop
  endfacet
  facet normal 0 0 -1
    outer loop
      vertex 14.4186 0.156631 66
      vertex 9.06802 5.98921 66
      vertex 11.3872 6.97587 66
    endloop
  endfacet
  facet normal 0 0 -1
    outer loop
      vertex 14.4186 0.156631 66
      vertex 9.02896 5.96761 66
      vertex 9.06802 5.98921 66
    endloop
  endfacet
  facet normal -0 0 -1
    outer loop
      vertex 14.4186 0.156631 66
      vertex 7.68475 -3.07038 66
      vertex 7.20549 5.03075 66
    endloop
  endfacet
  facet normal 0 0 -1
    outer loop
      vertex 5.83315 4.17573 66
      vertex 7.68475 -3.07038 66
      vertex 7.64059 -3.05979 66
    endloop
  endfacet
  facet normal 0 0 -1
    outer loop
      vertex 14.4186 0.156631 66
      vertex 7.20549 5.03075 66
      vertex 9.02896 5.96761 66
    endloop
  endfacet
  facet normal 0 0 -1
    outer loop
      vertex 7.68475 -3.07038 66
      vertex 7.1768 5.01166 66
      vertex 7.20549 5.03075 66
    endloop
  endfacet
  facet normal 0 0 -1
    outer loop
      vertex 5.81141 4.15826 66
      vertex 7.64059 -3.05979 66
      vertex 6.2025 -2.58404 66
    endloop
  endfacet
  facet normal 0 0 -1
    outer loop
      vertex 4.7892 3.3867 66
      vertex 6.2025 -2.58404 66
      vertex 6.17088 -2.57464 66
    endloop
  endfacet
  facet normal 0 0 -1
    outer loop
      vertex 7.68475 -3.07038 66
      vertex 5.83315 4.17573 66
      vertex 7.1768 5.01166 66
    endloop
  endfacet
  facet normal 0 0 -1
    outer loop
      vertex 7.64059 -3.05979 66
      vertex 5.81141 4.15826 66
      vertex 5.83315 4.17573 66
    endloop
  endfacet
  facet normal 0 0 -1
    outer loop
      vertex 4.77265 3.37097 66
      vertex 6.17088 -2.57464 66
      vertex 5.0402 -2.12288 66
    endloop
  endfacet
  facet normal 0 0 -1
    outer loop
      vertex 3.97914 2.65898 66
      vertex 5.0402 -2.12288 66
      vertex 5.01529 -2.1138 66
    endloop
  endfacet
  facet normal 0 0 -1
    outer loop
      vertex 6.2025 -2.58404 66
      vertex 4.7892 3.3867 66
      vertex 5.81141 4.15826 66
    endloop
  endfacet
  facet normal 0 0 -1
    outer loop
      vertex 6.17088 -2.57464 66
      vertex 4.77265 3.37097 66
      vertex 4.7892 3.3867 66
    endloop
  endfacet
  facet normal 0 0 -1
    outer loop
      vertex 3.97914 2.65898 66
      vertex 5.01529 -2.1138 66
      vertex 4.13122 -1.69158 66
    endloop
  endfacet
  facet normal 0 0 -1
    outer loop
      vertex 3.39628 2.05765 66
      vertex 4.13122 -1.69158 66
      vertex 4.1117 -1.68297 66
    endloop
  endfacet
  facet normal 0 0 -1
    outer loop
      vertex 5.0402 -2.12288 66
      vertex 3.99125 2.6722 66
      vertex 4.77265 3.37097 66
    endloop
  endfacet
  facet normal 0 0 -1
    outer loop
      vertex 5.0402 -2.12288 66
      vertex 3.97914 2.65898 66
      vertex 3.99125 2.6722 66
    endloop
  endfacet
  facet normal 0 0 -1
    outer loop
      vertex 2.98367 1.5442 66
      vertex 4.1117 -1.68297 66
      vertex 3.45576 -1.32157 66
    endloop
  endfacet
  facet normal 0 0 -1
    outer loop
      vertex 2.70747 1.0702 66
      vertex 3.45576 -1.32157 66
      vertex 3.44124 -1.31414 66
    endloop
  endfacet
  facet normal 0 0 -1
    outer loop
      vertex 4.13122 -1.69158 66
      vertex 3.4048 2.06887 66
      vertex 3.97914 2.65898 66
    endloop
  endfacet
  facet normal 0 0 -1
    outer loop
      vertex 4.13122 -1.69158 66
      vertex 3.39628 2.05765 66
      vertex 3.4048 2.06887 66
    endloop
  endfacet
  facet normal 0 0 -1
    outer loop
      vertex 4.1117 -1.68297 66
      vertex 2.98367 1.5442 66
      vertex 3.39628 2.05765 66
    endloop
  endfacet
  facet normal 0 0 -1
    outer loop
      vertex 3.39628 2.05765 66
      vertex 2.98367 1.5442 66
      vertex 2.9893 1.55448 66
    endloop
  endfacet
  facet normal 0 0 -1
    outer loop
      vertex 2.53954 0.606454 66
      vertex 3.44124 -1.31414 66
      vertex 2.97726 -0.988062 66
    endloop
  endfacet
  facet normal 0 0 -1
    outer loop
      vertex 2.66723 -0.647894 66
      vertex 2.97726 -0.988062 66
      vertex 2.96695 -0.981273 66
    endloop
  endfacet
  facet normal 0 0 -1
    outer loop
      vertex 3.45576 -1.32157 66
      vertex 2.70747 1.0702 66
      vertex 2.98367 1.5442 66
    endloop
  endfacet
  facet normal 0 0 -1
    outer loop
      vertex 2.98367 1.5442 66
      vertex 2.70747 1.0702 66
      vertex 2.7108 1.08019 66
    endloop
  endfacet
  facet normal 0 0 -1
    outer loop
      vertex 2.97726 -0.988062 66
      vertex 2.66723 -0.647894 66
      vertex 2.46952 0.152194 66
    endloop
  endfacet
  facet normal 0 0 -1
    outer loop
      vertex 2.50477 -0.270694 66
      vertex 2.66723 -0.647894 66
      vertex 2.66048 -0.640837 66
    endloop
  endfacet
  facet normal 0 0 -1
    outer loop
      vertex 3.44124 -1.31414 66
      vertex 2.53954 0.606454 66
      vertex 2.70747 1.0702 66
    endloop
  endfacet
  facet normal 0 0 -1
    outer loop
      vertex 2.70747 1.0702 66
      vertex 2.53954 0.606454 66
      vertex 2.54079 0.616192 66
    endloop
  endfacet
  facet normal 0 0 -1
    outer loop
      vertex 2.66723 -0.647894 66
      vertex 2.50477 -0.270694 66
      vertex 2.46952 0.152194 66
    endloop
  endfacet
  facet normal 0 0 -1
    outer loop
      vertex 2.46952 0.152194 66
      vertex 2.50477 -0.270694 66
      vertex 2.50114 -0.262741 66
    endloop
  endfacet
  facet normal 0 0 -1
    outer loop
      vertex 2.97726 -0.988062 66
      vertex 2.46952 0.152194 66
      vertex 2.53954 0.606454 66
    endloop
  endfacet
  facet normal 0 0 -1
    outer loop
      vertex 2.53954 0.606454 66
      vertex 2.46952 0.152194 66
      vertex 2.46855 0.161204 66
    endloop
  endfacet
  facet normal 0 0 -1
    outer loop
      vertex 16.8026 0.45922 66
      vertex 23.7676 10.3197 66
      vertex 16.8314 0.377427 66
    endloop
  endfacet
  facet normal 0 0 -1
    outer loop
      vertex 23.7676 10.3197 66
      vertex 16.8026 0.45922 66
      vertex 20.4383 9.63875 66
    endloop
  endfacet
  facet normal 0 0 -1
    outer loop
      vertex 16.7702 0.522549 66
      vertex 20.4383 9.63875 66
      vertex 16.8026 0.45922 66
    endloop
  endfacet
  facet normal 0 0 -1
    outer loop
      vertex 16.7306 0.599999 66
      vertex 20.4383 9.63875 66
      vertex 16.7702 0.522549 66
    endloop
  endfacet
  facet normal 0 0 -1
    outer loop
      vertex 20.4383 9.63875 66
      vertex 16.7306 0.599999 66
      vertex 20.3695 9.61973 66
    endloop
  endfacet
  facet normal 0 0 -1
    outer loop
      vertex 16.6809 0.671779 66
      vertex 20.3695 9.61973 66
      vertex 16.7306 0.599999 66
    endloop
  endfacet
  facet normal 0 0 -1
    outer loop
      vertex 16.6402 0.730514 66
      vertex 20.3695 9.61973 66
      vertex 16.6809 0.671779 66
    endloop
  endfacet
  facet normal 0 0 -1
    outer loop
      vertex 16.5918 0.783645 66
      vertex 20.3695 9.61973 66
      vertex 16.6402 0.730514 66
    endloop
  endfacet
  facet normal 0 0 -1
    outer loop
      vertex 16.5328 0.848528 66
      vertex 20.3695 9.61973 66
      vertex 16.5918 0.783645 66
    endloop
  endfacet
  facet normal 0 0 -1
    outer loop
      vertex 20.3695 9.61973 66
      vertex 16.5328 0.848528 66
      vertex 17.1835 8.84362 66
    endloop
  endfacet
  facet normal 0 0 -1
    outer loop
      vertex 16.4655 0.905402 66
      vertex 17.1835 8.84362 66
      vertex 16.5328 0.848528 66
    endloop
  endfacet
  facet normal 0 0 -1
    outer loop
      vertex 16.4104 0.952024 66
      vertex 17.1835 8.84362 66
      vertex 16.4655 0.905402 66
    endloop
  endfacet
  facet normal 0 0 -1
    outer loop
      vertex 16.3494 0.991328 66
      vertex 17.1835 8.84362 66
      vertex 16.4104 0.952024 66
    endloop
  endfacet
  facet normal 0 0 -1
    outer loop
      vertex 16.275 1.03923 66
      vertex 17.1835 8.84362 66
      vertex 16.3494 0.991328 66
    endloop
  endfacet
  facet normal 0 0 -1
    outer loop
      vertex 17.1835 8.84362 66
      vertex 16.275 1.03923 66
      vertex 17.1196 8.82283 66
    endloop
  endfacet
  facet normal 0 0 -1
    outer loop
      vertex 16.129 1.10865 66
      vertex 17.1196 8.82283 66
      vertex 16.275 1.03923 66
    endloop
  endfacet
  facet normal 0 0 -1
    outer loop
      vertex 15.9748 1.15911 66
      vertex 17.1196 8.82283 66
      vertex 16.129 1.10865 66
    endloop
  endfacet
  facet normal 0 0 -1
    outer loop
      vertex 15.8873 1.1759 66
      vertex 17.1196 8.82283 66
      vertex 15.9748 1.15911 66
    endloop
  endfacet
  facet normal 0 0 -1
    outer loop
      vertex 14.1575 7.95803 66
      vertex 15.8873 1.1759 66
      vertex 15.8151 1.18973 66
    endloop
  endfacet
  facet normal 0 0 -1
    outer loop
      vertex 14.1575 7.95803 66
      vertex 15.8151 1.18973 66
      vertex 15.6527 1.2 66
    endloop
  endfacet
  facet normal 0 0 -1
    outer loop
      vertex 14.1002 7.93587 66
      vertex 15.6527 1.2 66
      vertex 15.4902 1.18973 66
    endloop
  endfacet
  facet normal 0 0 -1
    outer loop
      vertex 14.1002 7.93587 66
      vertex 15.4902 1.18973 66
      vertex 15.4028 1.17297 66
    endloop
  endfacet
  facet normal 0 0 -1
    outer loop
      vertex 14.1002 7.93587 66
      vertex 15.4028 1.17297 66
      vertex 15.3305 1.15911 66
    endloop
  endfacet
  facet normal 0 0 -1
    outer loop
      vertex 14.1002 7.93587 66
      vertex 15.3305 1.15911 66
      vertex 15.1764 1.10865 66
    endloop
  endfacet
  facet normal 0 0 -1
    outer loop
      vertex 14.1002 7.93587 66
      vertex 15.1764 1.10865 66
      vertex 15.0303 1.03923 66
    endloop
  endfacet
  facet normal 0 0 -1
    outer loop
      vertex 14.1002 7.93587 66
      vertex 15.0303 1.03923 66
      vertex 14.9689 0.99968 66
    endloop
  endfacet
  facet normal 0 0 -1
    outer loop
      vertex 14.1002 7.93587 66
      vertex 14.9689 0.99968 66
      vertex 14.895 0.952024 66
    endloop
  endfacet
  facet normal 0 0 -1
    outer loop
      vertex 14.1002 7.93587 66
      vertex 14.895 0.952024 66
      vertex 14.8281 0.895495 66
    endloop
  endfacet
  facet normal 0 0 -1
    outer loop
      vertex 14.1002 7.93587 66
      vertex 14.8281 0.895495 66
      vertex 14.7725 0.848528 66
    endloop
  endfacet
  facet normal 0 0 -1
    outer loop
      vertex 14.1002 7.93587 66
      vertex 14.7725 0.848528 66
      vertex 14.7238 0.794946 66
    endloop
  endfacet
  facet normal 0 0 -1
    outer loop
      vertex 14.1002 7.93587 66
      vertex 14.7238 0.794946 66
      vertex 14.6652 0.730514 66
    endloop
  endfacet
  facet normal 0 0 -1
    outer loop
      vertex 14.1002 7.93587 66
      vertex 14.6652 0.730514 66
      vertex 14.6158 0.659285 66
    endloop
  endfacet
  facet normal 0 0 -1
    outer loop
      vertex 14.1002 7.93587 66
      vertex 14.6158 0.659285 66
      vertex 14.5747 0.599999 66
    endloop
  endfacet
  facet normal 0 0 -1
    outer loop
      vertex 14.1002 7.93587 66
      vertex 14.5747 0.599999 66
      vertex 14.542 0.53603 66
    endloop
  endfacet
  facet normal 0 0 -1
    outer loop
      vertex 14.1002 7.93587 66
      vertex 14.542 0.53603 66
      vertex 14.5027 0.45922 66
    endloop
  endfacet
  facet normal 0 0 -1
    outer loop
      vertex 14.1002 7.93587 66
      vertex 14.5027 0.45922 66
      vertex 14.4789 0.39166 66
    endloop
  endfacet
  facet normal 0 0 -1
    outer loop
      vertex 14.1002 7.93587 66
      vertex 14.4789 0.39166 66
      vertex 14.4504 0.310582 66
    endloop
  endfacet
  facet normal 0 0 -1
    outer loop
      vertex 14.4186 0.156631 66
      vertex 14.4504 0.310582 66
      vertex 14.4331 0.22662 66
    endloop
  endfacet
  facet normal 0 0 -1
    outer loop
      vertex 15.8873 1.1759 66
      vertex 14.1575 7.95803 66
      vertex 17.1196 8.82283 66
    endloop
  endfacet
  facet normal 0 0 -1
    outer loop
      vertex 14.1002 7.93587 66
      vertex 14.4504 0.310582 66
      vertex 14.4186 0.156631 66
    endloop
  endfacet
  facet normal 0 0 -1
    outer loop
      vertex 9.69735 -3.61847 66
      vertex 14.4186 0.156631 66
      vertex 14.408 0 66
    endloop
  endfacet
  facet normal 0 0 -1
    outer loop
      vertex 207.42 -0.521928 66
      vertex 207.42 1.04438 66
      vertex 207.523 0.261228 66
    endloop
  endfacet
  facet normal 0 0 -1
    outer loop
      vertex 207.114 -1.29169 66
      vertex 207.42 1.04438 66
      vertex 207.42 -0.521928 66
    endloop
  endfacet
  facet normal 0 0 -1
    outer loop
      vertex 207.114 -1.29169 66
      vertex 207.114 1.81414 66
      vertex 207.42 1.04438 66
    endloop
  endfacet
  facet normal 0 0 -1
    outer loop
      vertex 206.609 -2.03487 66
      vertex 207.114 1.81414 66
      vertex 207.114 -1.29169 66
    endloop
  endfacet
  facet normal 0 0 -1
    outer loop
      vertex 206.609 -2.03487 66
      vertex 206.609 2.55733 66
      vertex 207.114 1.81414 66
    endloop
  endfacet
  facet normal 0 0 -1
    outer loop
      vertex 205.915 -2.73877 66
      vertex 206.609 2.55733 66
      vertex 206.609 -2.03487 66
    endloop
  endfacet
  facet normal 0 0 -1
    outer loop
      vertex 205.915 -2.73877 66
      vertex 205.915 3.26123 66
      vertex 206.609 2.55733 66
    endloop
  endfacet
  facet normal 0 0 -1
    outer loop
      vertex 205.043 -3.39134 66
      vertex 205.915 3.26123 66
      vertex 205.915 -2.73877 66
    endloop
  endfacet
  facet normal 0 0 -1
    outer loop
      vertex 205.043 -3.39134 66
      vertex 205.043 3.9138 66
      vertex 205.915 3.26123 66
    endloop
  endfacet
  facet normal 0 0 -1
    outer loop
      vertex 204.008 -3.98141 66
      vertex 205.043 3.9138 66
      vertex 205.043 -3.39134 66
    endloop
  endfacet
  facet normal 0 0 -1
    outer loop
      vertex 204.008 -3.98141 66
      vertex 204.008 4.50387 66
      vertex 205.043 3.9138 66
    endloop
  endfacet
  facet normal 0 0 -1
    outer loop
      vertex 202.828 -4.49889 66
      vertex 204.008 4.50387 66
      vertex 204.008 -3.98141 66
    endloop
  endfacet
  facet normal 0 0 -1
    outer loop
      vertex 202.828 -4.49889 66
      vertex 202.828 5.02135 66
      vertex 204.008 4.50387 66
    endloop
  endfacet
  facet normal 0 0 -1
    outer loop
      vertex 201.523 -4.93492 66
      vertex 202.828 5.02135 66
      vertex 202.828 -4.49889 66
    endloop
  endfacet
  facet normal 0 0 -1
    outer loop
      vertex 201.523 -4.93492 66
      vertex 201.523 5.45738 66
      vertex 202.828 5.02135 66
    endloop
  endfacet
  facet normal 0 0 -1
    outer loop
      vertex 200.115 -5.28205 66
      vertex 201.523 5.45738 66
      vertex 201.523 -4.93492 66
    endloop
  endfacet
  facet normal 0 0 -1
    outer loop
      vertex 200.115 -5.28205 66
      vertex 200.115 5.80451 66
      vertex 201.523 5.45738 66
    endloop
  endfacet
  facet normal 0 0 -1
    outer loop
      vertex 198.629 -5.53433 66
      vertex 200.115 5.80451 66
      vertex 200.115 -5.28205 66
    endloop
  endfacet
  facet normal 0 0 -1
    outer loop
      vertex 198.629 -5.53433 66
      vertex 198.629 6.05678 66
      vertex 200.115 5.80451 66
    endloop
  endfacet
  facet normal 0 0 -1
    outer loop
      vertex 197.089 -5.68744 66
      vertex 198.629 6.05678 66
      vertex 198.629 -5.53433 66
    endloop
  endfacet
  facet normal 0 0 -1
    outer loop
      vertex 197.089 -5.68744 66
      vertex 197.089 6.2099 66
      vertex 198.629 6.05678 66
    endloop
  endfacet
  facet normal 0 0 -1
    outer loop
      vertex 195.523 -5.73877 66
      vertex 197.089 6.2099 66
      vertex 197.089 -5.68744 66
    endloop
  endfacet
  facet normal 0 0 -1
    outer loop
      vertex 195.523 -5.73877 66
      vertex 195.523 6.26123 66
      vertex 197.089 6.2099 66
    endloop
  endfacet
  facet normal 0 0 -1
    outer loop
      vertex 193.957 -5.68744 66
      vertex 195.523 6.26123 66
      vertex 195.523 -5.73877 66
    endloop
  endfacet
  facet normal 0 0 -1
    outer loop
      vertex 193.957 -5.68744 66
      vertex 193.957 6.2099 66
      vertex 195.523 6.26123 66
    endloop
  endfacet
  facet normal 0 0 -1
    outer loop
      vertex 192.417 -5.53433 66
      vertex 193.957 6.2099 66
      vertex 193.957 -5.68744 66
    endloop
  endfacet
  facet normal 0 0 -1
    outer loop
      vertex 192.417 -5.53433 66
      vertex 192.417 6.05678 66
      vertex 193.957 6.2099 66
    endloop
  endfacet
  facet normal 0 0 -1
    outer loop
      vertex 190.931 -5.28205 66
      vertex 192.417 6.05678 66
      vertex 192.417 -5.53433 66
    endloop
  endfacet
  facet normal 0 0 -1
    outer loop
      vertex 190.931 -5.28205 66
      vertex 190.931 5.80451 66
      vertex 192.417 6.05678 66
    endloop
  endfacet
  facet normal 0 0 -1
    outer loop
      vertex 189.523 -4.93492 66
      vertex 190.931 5.80451 66
      vertex 190.931 -5.28205 66
    endloop
  endfacet
  facet normal 0 0 -1
    outer loop
      vertex 189.523 -4.93492 66
      vertex 189.523 5.45738 66
      vertex 190.931 5.80451 66
    endloop
  endfacet
  facet normal 0 0 -1
    outer loop
      vertex 188.218 -4.49889 66
      vertex 189.523 5.45738 66
      vertex 189.523 -4.93492 66
    endloop
  endfacet
  facet normal 0 0 -1
    outer loop
      vertex 188.218 -4.49889 66
      vertex 188.218 5.02135 66
      vertex 189.523 5.45738 66
    endloop
  endfacet
  facet normal 0 0 -1
    outer loop
      vertex 187.038 -3.98141 66
      vertex 188.218 5.02135 66
      vertex 188.218 -4.49889 66
    endloop
  endfacet
  facet normal 0 0 -1
    outer loop
      vertex 187.038 -3.98141 66
      vertex 187.038 4.50387 66
      vertex 188.218 5.02135 66
    endloop
  endfacet
  facet normal 0 0 -1
    outer loop
      vertex 186.003 -3.39134 66
      vertex 187.038 4.50387 66
      vertex 187.038 -3.98141 66
    endloop
  endfacet
  facet normal 0 0 -1
    outer loop
      vertex 186.003 -3.39134 66
      vertex 186.003 3.9138 66
      vertex 187.038 4.50387 66
    endloop
  endfacet
  facet normal 0 0 -1
    outer loop
      vertex 185.131 -2.73877 66
      vertex 186.003 3.9138 66
      vertex 186.003 -3.39134 66
    endloop
  endfacet
  facet normal 0 0 -1
    outer loop
      vertex 185.131 -2.73877 66
      vertex 185.131 3.26123 66
      vertex 186.003 3.9138 66
    endloop
  endfacet
  facet normal 0 0 -1
    outer loop
      vertex 184.436 -2.03487 66
      vertex 185.131 3.26123 66
      vertex 185.131 -2.73877 66
    endloop
  endfacet
  facet normal 0 0 -1
    outer loop
      vertex 184.436 -2.03487 66
      vertex 184.436 2.55733 66
      vertex 185.131 3.26123 66
    endloop
  endfacet
  facet normal 0 0 -1
    outer loop
      vertex 183.758 -0.856113 66
      vertex 184.436 -2.03487 66
      vertex 183.932 -1.29169 66
    endloop
  endfacet
  facet normal 0 0 -1
    outer loop
      vertex 184.436 -2.03487 66
      vertex 183.758 -0.856113 66
      vertex 184.436 2.55733 66
    endloop
  endfacet
  facet normal 0 0 -1
    outer loop
      vertex 184.436 2.55733 66
      vertex 183.758 -0.856113 66
      vertex 183.932 1.81414 66
    endloop
  endfacet
  facet normal 0 0 -1
    outer loop
      vertex 183.624 1.0362 66
      vertex 183.932 1.81414 66
      vertex 183.758 -0.856113 66
    endloop
  endfacet
  facet normal 0 0 -1
    outer loop
      vertex 183.932 1.81414 66
      vertex 183.624 1.0362 66
      vertex 183.626 1.04438 66
    endloop
  endfacet
  facet normal 0 0 -1
    outer loop
      vertex 183.758 -0.856113 66
      vertex 182.537 1.1263 66
      vertex 183.624 1.0362 66
    endloop
  endfacet
  facet normal 0 0 -1
    outer loop
      vertex 183.758 -0.856113 66
      vertex 182.454 1.13142 66
      vertex 182.537 1.1263 66
    endloop
  endfacet
  facet normal 0 0 -1
    outer loop
      vertex 183.758 -0.856113 66
      vertex 178.659 1.4827 66
      vertex 182.454 1.13142 66
    endloop
  endfacet
  facet normal 0 0 -1
    outer loop
      vertex 183.758 -0.856113 66
      vertex 178.576 1.48856 66
      vertex 178.659 1.4827 66
    endloop
  endfacet
  facet normal 0 0 -1
    outer loop
      vertex 183.758 -0.856113 66
      vertex 174.775 1.87357 66
      vertex 178.576 1.48856 66
    endloop
  endfacet
  facet normal 0 0 -1
    outer loop
      vertex 162.04 -1.89266 66
      vertex 174.775 1.87357 66
      vertex 183.758 -0.856113 66
    endloop
  endfacet
  facet normal -0 0 -1
    outer loop
      vertex 174.775 1.87357 66
      vertex 162.04 -1.89266 66
      vertex 174.692 1.88012 66
    endloop
  endfacet
  facet normal -0 0 -1
    outer loop
      vertex 174.692 1.88012 66
      vertex 162.04 -1.89266 66
      vertex 170.89 2.29725 66
    endloop
  endfacet
  facet normal -0 0 -1
    outer loop
      vertex 170.89 2.29725 66
      vertex 162.04 -1.89266 66
      vertex 170.806 2.30448 66
    endloop
  endfacet
  facet normal -0 0 -1
    outer loop
      vertex 170.806 2.30448 66
      vertex 162.04 -1.89266 66
      vertex 167 2.75299 66
    endloop
  endfacet
  facet normal -0 0 -1
    outer loop
      vertex 167 2.75299 66
      vertex 162.04 -1.89266 66
      vertex 166.916 2.76085 66
    endloop
  endfacet
  facet normal -0 0 -1
    outer loop
      vertex 166.916 2.76085 66
      vertex 162.04 -1.89266 66
      vertex 163.099 3.23858 66
    endloop
  endfacet
  facet normal -0 0 -1
    outer loop
      vertex 163.099 3.23858 66
      vertex 162.04 -1.89266 66
      vertex 163.016 3.247 66
    endloop
  endfacet
  facet normal 0 0 -1
    outer loop
      vertex 161.526 -1.93298 66
      vertex 163.016 3.247 66
      vertex 162.04 -1.89266 66
    endloop
  endfacet
  facet normal 0 0 -1
    outer loop
      vertex 161.526 -1.93298 66
      vertex 159.181 3.75135 66
      vertex 163.016 3.247 66
    endloop
  endfacet
  facet normal 0 0 -1
    outer loop
      vertex 161.526 -1.93298 66
      vertex 159.097 3.76023 66
      vertex 159.181 3.75135 66
    endloop
  endfacet
  facet normal 0 0 -1
    outer loop
      vertex 161.526 -1.93298 66
      vertex 155.239 4.28613 66
      vertex 159.097 3.76023 66
    endloop
  endfacet
  facet normal 0 0 -1
    outer loop
      vertex 161.526 -1.93298 66
      vertex 155.154 4.29532 66
      vertex 155.239 4.28613 66
    endloop
  endfacet
  facet normal 0 0 -1
    outer loop
      vertex 161.526 -1.93298 66
      vertex 151.272 4.83646 66
      vertex 155.154 4.29532 66
    endloop
  endfacet
  facet normal 0 0 -1
    outer loop
      vertex 161.526 -1.93298 66
      vertex 151.186 4.84586 66
      vertex 151.272 4.83646 66
    endloop
  endfacet
  facet normal 0 0 -1
    outer loop
      vertex 161.526 -1.93298 66
      vertex 147.285 5.3967 66
      vertex 151.186 4.84586 66
    endloop
  endfacet
  facet normal 0 0 -1
    outer loop
      vertex 161.526 -1.93298 66
      vertex 147.114 5.41562 66
      vertex 147.285 5.3967 66
    endloop
  endfacet
  facet normal 0 0 -1
    outer loop
      vertex 161.526 -1.93298 66
      vertex 139.303 6.52363 66
      vertex 147.114 5.41562 66
    endloop
  endfacet
  facet normal 0 0 -1
    outer loop
      vertex 118.55 1.08926 66
      vertex 139.303 6.52363 66
      vertex 161.526 -1.93298 66
    endloop
  endfacet
  facet normal 0 -0 -1
    outer loop
      vertex 118.851 1.2902 66
      vertex 139.303 6.52363 66
      vertex 118.55 1.08926 66
    endloop
  endfacet
  facet normal -0 0 -1
    outer loop
      vertex 139.218 6.5329 66
      vertex 118.851 1.2902 66
      vertex 135.334 7.07742 66
    endloop
  endfacet
  facet normal 0 -0 -1
    outer loop
      vertex 119.123 1.52867 66
      vertex 135.334 7.07742 66
      vertex 118.851 1.2902 66
    endloop
  endfacet
  facet normal -0 0 -1
    outer loop
      vertex 135.334 7.07742 66
      vertex 119.123 1.52867 66
      vertex 135.249 7.08643 66
    endloop
  endfacet
  facet normal 0 -0 -1
    outer loop
      vertex 119.361 1.80059 66
      vertex 135.249 7.08643 66
      vertex 119.123 1.52867 66
    endloop
  endfacet
  facet normal -0 0 -1
    outer loop
      vertex 131.38 7.6182 66
      vertex 119.562 2.10132 66
      vertex 131.296 7.62687 66
    endloop
  endfacet
  facet normal 0 -0 -1
    outer loop
      vertex 119.722 2.4257 66
      vertex 131.296 7.62687 66
      vertex 119.562 2.10132 66
    endloop
  endfacet
  facet normal -0 0 -1
    outer loop
      vertex 127.438 8.14338 66
      vertex 119.838 2.76819 66
      vertex 127.354 8.15167 66
    endloop
  endfacet
  facet normal 0 -0 -1
    outer loop
      vertex 119.909 3.12291 66
      vertex 127.354 8.15167 66
      vertex 119.838 2.76819 66
    endloop
  endfacet
  facet normal 0 0 -1
    outer loop
      vertex 119.909 3.84472 66
      vertex 123.504 8.6505 66
      vertex 119.933 3.48382 66
    endloop
  endfacet
  facet normal -0 0 -1
    outer loop
      vertex 127.354 8.15167 66
      vertex 119.933 3.48382 66
      vertex 123.504 8.6505 66
    endloop
  endfacet
  facet normal 0 -0 -1
    outer loop
      vertex 119.933 3.48382 66
      vertex 127.354 8.15167 66
      vertex 119.909 3.12291 66
    endloop
  endfacet
  facet normal 0 -0 -1
    outer loop
      vertex 119.838 2.76819 66
      vertex 127.438 8.14338 66
      vertex 119.722 2.4257 66
    endloop
  endfacet
  facet normal -0 0 -1
    outer loop
      vertex 131.296 7.62687 66
      vertex 119.722 2.4257 66
      vertex 127.438 8.14338 66
    endloop
  endfacet
  facet normal 0 -0 -1
    outer loop
      vertex 119.562 2.10132 66
      vertex 131.38 7.6182 66
      vertex 119.361 1.80059 66
    endloop
  endfacet
  facet normal -0 0 -1
    outer loop
      vertex 135.249 7.08643 66
      vertex 119.361 1.80059 66
      vertex 131.38 7.6182 66
    endloop
  endfacet
  facet normal -0 0 -1
    outer loop
      vertex 139.303 6.52363 66
      vertex 118.851 1.2902 66
      vertex 139.218 6.5329 66
    endloop
  endfacet
  facet normal 0 0 -1
    outer loop
      vertex 161.526 -1.93298 66
      vertex 118.226 0.929293 66
      vertex 118.55 1.08926 66
    endloop
  endfacet
  facet normal 0 0 -1
    outer loop
      vertex 110.182 -4.40906 66
      vertex 118.226 0.929293 66
      vertex 161.526 -1.93298 66
    endloop
  endfacet
  facet normal 0 0 -1
    outer loop
      vertex 118.226 0.929293 66
      vertex 110.182 -4.40906 66
      vertex 117.883 0.813035 66
    endloop
  endfacet
  facet normal 0 0 -1
    outer loop
      vertex 117.883 0.813035 66
      vertex 110.182 -4.40906 66
      vertex 117.529 0.742475 66
    endloop
  endfacet
  facet normal 0 0 -1
    outer loop
      vertex 107.741 10.4603 66
      vertex 114.403 3.48382 66
      vertex 114.426 3.12291 66
    endloop
  endfacet
  facet normal 0 0 -1
    outer loop
      vertex 109.066 -4.4971 66
      vertex 114.426 3.12291 66
      vertex 114.497 2.76819 66
    endloop
  endfacet
  facet normal 0 0 -1
    outer loop
      vertex 110.182 -4.40906 66
      vertex 114.497 2.76819 66
      vertex 114.613 2.4257 66
    endloop
  endfacet
  facet normal 0 0 -1
    outer loop
      vertex 114.403 3.48382 66
      vertex 111.656 10.0467 66
      vertex 111.739 10.0404 66
    endloop
  endfacet
  facet normal 0 0 -1
    outer loop
      vertex 117.529 0.742475 66
      vertex 110.182 -4.40906 66
      vertex 117.168 0.71882 66
    endloop
  endfacet
  facet normal 0 0 -1
    outer loop
      vertex 110.182 -4.40906 66
      vertex 116.807 0.742475 66
      vertex 117.168 0.71882 66
    endloop
  endfacet
  facet normal 0 0 -1
    outer loop
      vertex 110.182 -4.40906 66
      vertex 116.452 0.813035 66
      vertex 116.807 0.742475 66
    endloop
  endfacet
  facet normal 0 0 -1
    outer loop
      vertex 110.182 -4.40906 66
      vertex 116.109 0.929293 66
      vertex 116.452 0.813035 66
    endloop
  endfacet
  facet normal 0 0 -1
    outer loop
      vertex 110.182 -4.40906 66
      vertex 115.785 1.08926 66
      vertex 116.109 0.929293 66
    endloop
  endfacet
  facet normal 0 0 -1
    outer loop
      vertex 110.182 -4.40906 66
      vertex 115.484 1.2902 66
      vertex 115.785 1.08926 66
    endloop
  endfacet
  facet normal 0 0 -1
    outer loop
      vertex 110.182 -4.40906 66
      vertex 115.212 1.52867 66
      vertex 115.484 1.2902 66
    endloop
  endfacet
  facet normal 0 0 -1
    outer loop
      vertex 110.182 -4.40906 66
      vertex 114.974 1.80059 66
      vertex 115.212 1.52867 66
    endloop
  endfacet
  facet normal 0 0 -1
    outer loop
      vertex 110.182 -4.40906 66
      vertex 114.773 2.10132 66
      vertex 114.974 1.80059 66
    endloop
  endfacet
  facet normal 0 0 -1
    outer loop
      vertex 110.182 -4.40906 66
      vertex 114.613 2.4257 66
      vertex 114.773 2.10132 66
    endloop
  endfacet
  facet normal 0 0 -1
    outer loop
      vertex 114.497 2.76819 66
      vertex 110.182 -4.40906 66
      vertex 109.066 -4.4971 66
    endloop
  endfacet
  facet normal -0 0 -1
    outer loop
      vertex 114.426 3.12291 66
      vertex 109.066 -4.4971 66
      vertex 107.741 10.4603 66
    endloop
  endfacet
  facet normal 0 0 -1
    outer loop
      vertex 114.403 3.48382 66
      vertex 107.825 10.4545 66
      vertex 111.656 10.0467 66
    endloop
  endfacet
  facet normal 0 0 -1
    outer loop
      vertex 114.403 3.48382 66
      vertex 107.741 10.4603 66
      vertex 107.825 10.4545 66
    endloop
  endfacet
  facet normal 0 0 -1
    outer loop
      vertex 105.126 -4.68351 66
      vertex 107.741 10.4603 66
      vertex 109.066 -4.4971 66
    endloop
  endfacet
  facet normal 0 0 -1
    outer loop
      vertex 103.911 10.8426 66
      vertex 105.126 -4.68351 66
      vertex 105.04 -4.69019 66
    endloop
  endfacet
  facet normal 0 0 -1
    outer loop
      vertex 105.126 -4.68351 66
      vertex 103.911 10.8426 66
      vertex 107.741 10.4603 66
    endloop
  endfacet
  facet normal 0 0 -1
    outer loop
      vertex 105.04 -4.69019 66
      vertex 103.827 10.8478 66
      vertex 103.911 10.8426 66
    endloop
  endfacet
  facet normal 0 0 -1
    outer loop
      vertex 101.102 -4.87353 66
      vertex 103.827 10.8478 66
      vertex 105.04 -4.69019 66
    endloop
  endfacet
  facet normal 0 0 -1
    outer loop
      vertex 99.9965 11.2039 66
      vertex 101.102 -4.87353 66
      vertex 101.016 -4.88014 66
    endloop
  endfacet
  facet normal 0 0 -1
    outer loop
      vertex 101.102 -4.87353 66
      vertex 99.9965 11.2039 66
      vertex 103.827 10.8478 66
    endloop
  endfacet
  facet normal 0 0 -1
    outer loop
      vertex 101.016 -4.88014 66
      vertex 99.9129 11.2085 66
      vertex 99.9965 11.2039 66
    endloop
  endfacet
  facet normal 0 0 -1
    outer loop
      vertex 97.0785 -5.06001 66
      vertex 99.9129 11.2085 66
      vertex 101.016 -4.88014 66
    endloop
  endfacet
  facet normal 0 0 -1
    outer loop
      vertex 96.0818 11.538 66
      vertex 97.0785 -5.06001 66
      vertex 96.9929 -5.06655 66
    endloop
  endfacet
  facet normal 0 0 -1
    outer loop
      vertex 97.0785 -5.06001 66
      vertex 96.0818 11.538 66
      vertex 99.9129 11.2085 66
    endloop
  endfacet
  facet normal 0 0 -1
    outer loop
      vertex 96.9929 -5.06655 66
      vertex 95.9982 11.542 66
      vertex 96.0818 11.538 66
    endloop
  endfacet
  facet normal 0 0 -1
    outer loop
      vertex 93.0586 -5.2424 66
      vertex 95.9982 11.542 66
      vertex 96.9929 -5.06655 66
    endloop
  endfacet
  facet normal 0 0 -1
    outer loop
      vertex 92.1679 11.8442 66
      vertex 93.0586 -5.2424 66
      vertex 92.9731 -5.24885 66
    endloop
  endfacet
  facet normal 0 0 -1
    outer loop
      vertex 93.0586 -5.2424 66
      vertex 92.1679 11.8442 66
      vertex 95.9982 11.542 66
    endloop
  endfacet
  facet normal 0 0 -1
    outer loop
      vertex 92.9731 -5.24885 66
      vertex 92.0844 11.8476 66
      vertex 92.1679 11.8442 66
    endloop
  endfacet
  facet normal 0 0 -1
    outer loop
      vertex 89.0441 -5.41939 66
      vertex 92.0844 11.8476 66
      vertex 92.9731 -5.24885 66
    endloop
  endfacet
  facet normal 0 0 -1
    outer loop
      vertex 88.2553 12.1216 66
      vertex 89.0441 -5.41939 66
      vertex 88.9587 -5.42572 66
    endloop
  endfacet
  facet normal 0 0 -1
    outer loop
      vertex 89.0441 -5.41939 66
      vertex 88.2553 12.1216 66
      vertex 92.0844 11.8476 66
    endloop
  endfacet
  facet normal 0 0 -1
    outer loop
      vertex 88.9587 -5.42572 66
      vertex 88.1718 12.1244 66
      vertex 88.2553 12.1216 66
    endloop
  endfacet
  facet normal 0 0 -1
    outer loop
      vertex 85.0359 -5.58943 66
      vertex 88.1718 12.1244 66
      vertex 88.9587 -5.42572 66
    endloop
  endfacet
  facet normal 0 0 -1
    outer loop
      vertex 84.3458 12.3691 66
      vertex 85.0359 -5.58943 66
      vertex 84.9506 -5.5956 66
    endloop
  endfacet
  facet normal 0 0 -1
    outer loop
      vertex 85.0359 -5.58943 66
      vertex 84.3458 12.3691 66
      vertex 88.1718 12.1244 66
    endloop
  endfacet
  facet normal 0 0 -1
    outer loop
      vertex 84.9506 -5.5956 66
      vertex 84.2625 12.3712 66
      vertex 84.3458 12.3691 66
    endloop
  endfacet
  facet normal 0 0 -1
    outer loop
      vertex 75.059 2.92046 66
      vertex 84.9506 -5.5956 66
      vertex 81.0322 -5.75122 66
    endloop
  endfacet
  facet normal 0 0 -1
    outer loop
      vertex 75.059 2.92046 66
      vertex 81.0322 -5.75122 66
      vertex 80.9471 -5.75721 66
    endloop
  endfacet
  facet normal 0 0 -1
    outer loop
      vertex 84.9506 -5.5956 66
      vertex 75.059 2.92046 66
      vertex 84.2625 12.3712 66
    endloop
  endfacet
  facet normal 0 0 -1
    outer loop
      vertex 74.8547 6.41511 66
      vertex 84.2625 12.3712 66
      vertex 75.059 2.92046 66
    endloop
  endfacet
  facet normal 0 0 -1
    outer loop
      vertex 75.059 2.92046 66
      vertex 80.9471 -5.75721 66
      vertex 77.0324 -5.90369 66
    endloop
  endfacet
  facet normal 0 0 -1
    outer loop
      vertex 75.059 2.92046 66
      vertex 77.0324 -5.90369 66
      vertex 76.9473 -5.90948 66
    endloop
  endfacet
  facet normal -0 0 -1
    outer loop
      vertex 84.2625 12.3712 66
      vertex 74.8547 6.41511 66
      vertex 80.4414 12.5854 66
    endloop
  endfacet
  facet normal -0 0 -1
    outer loop
      vertex 80.4414 12.5854 66
      vertex 74.8547 6.41511 66
      vertex 80.3582 12.5869 66
    endloop
  endfacet
  facet normal -0 0 -1
    outer loop
      vertex 80.3582 12.5869 66
      vertex 74.8547 6.41511 66
      vertex 76.5427 12.7689 66
    endloop
  endfacet
  facet normal 0 0 -1
    outer loop
      vertex 73.0375 -6.04572 66
      vertex 75.059 2.92046 66
      vertex 76.9473 -5.90948 66
    endloop
  endfacet
  facet normal 0 0 -1
    outer loop
      vertex 72.9525 -6.05128 66
      vertex 75.059 2.92046 66
      vertex 73.0375 -6.04572 66
    endloop
  endfacet
  facet normal 0 0 -1
    outer loop
      vertex 69.0501 -6.17549 66
      vertex 75.059 2.92046 66
      vertex 72.9525 -6.05128 66
    endloop
  endfacet
  facet normal 0 0 -1
    outer loop
      vertex 64.0826 2.20103 66
      vertex 69.0501 -6.17549 66
      vertex 68.9652 -6.18079 66
    endloop
  endfacet
  facet normal 0 0 -1
    outer loop
      vertex 64.0826 2.20103 66
      vertex 68.9652 -6.18079 66
      vertex 65.0722 -6.2907 66
    endloop
  endfacet
  facet normal 0 0 -1
    outer loop
      vertex 64.0826 2.20103 66
      vertex 65.0722 -6.2907 66
      vertex 64.9875 -6.29568 66
    endloop
  endfacet
  facet normal 0 0 -1
    outer loop
      vertex 69.0501 -6.17549 66
      vertex 64.0826 2.20103 66
      vertex 75.059 2.92046 66
    endloop
  endfacet
  facet normal 0 0 -1
    outer loop
      vertex 61.0203 -6.39367 66
      vertex 64.0826 2.20103 66
      vertex 61.1048 -6.38905 66
    endloop
  endfacet
  facet normal 0 0 -1
    outer loop
      vertex 61.1048 -6.38905 66
      vertex 64.0826 2.20103 66
      vertex 64.9875 -6.29568 66
    endloop
  endfacet
  facet normal 0 0 -1
    outer loop
      vertex 119.838 4.19945 66
      vertex 123.504 8.6505 66
      vertex 119.909 3.84472 66
    endloop
  endfacet
  facet normal -0 0 -1
    outer loop
      vertex 123.504 8.6505 66
      vertex 119.838 4.19945 66
      vertex 123.42 8.65836 66
    endloop
  endfacet
  facet normal 0 0 -1
    outer loop
      vertex 119.722 4.54194 66
      vertex 123.42 8.65836 66
      vertex 119.838 4.19945 66
    endloop
  endfacet
  facet normal 0 0 -1
    outer loop
      vertex 119.562 4.86632 66
      vertex 123.42 8.65836 66
      vertex 119.722 4.54194 66
    endloop
  endfacet
  facet normal 0 0 -1
    outer loop
      vertex 119.361 5.16704 66
      vertex 123.42 8.65836 66
      vertex 119.562 4.86632 66
    endloop
  endfacet
  facet normal -0 0 -1
    outer loop
      vertex 123.42 8.65836 66
      vertex 119.361 5.16704 66
      vertex 119.577 9.13706 66
    endloop
  endfacet
  facet normal 0 0 -1
    outer loop
      vertex 119.123 5.43897 66
      vertex 119.577 9.13706 66
      vertex 119.361 5.16704 66
    endloop
  endfacet
  facet normal 0 0 -1
    outer loop
      vertex 118.851 5.67744 66
      vertex 119.577 9.13706 66
      vertex 119.123 5.43897 66
    endloop
  endfacet
  facet normal 0 0 -1
    outer loop
      vertex 118.55 5.87838 66
      vertex 119.577 9.13706 66
      vertex 118.851 5.67744 66
    endloop
  endfacet
  facet normal -0 0 -1
    outer loop
      vertex 119.577 9.13706 66
      vertex 118.55 5.87838 66
      vertex 119.493 9.14445 66
    endloop
  endfacet
  facet normal 0 0 -1
    outer loop
      vertex 118.226 6.03835 66
      vertex 119.493 9.14445 66
      vertex 118.55 5.87838 66
    endloop
  endfacet
  facet normal 0 0 -1
    outer loop
      vertex 117.883 6.1546 66
      vertex 119.493 9.14445 66
      vertex 118.226 6.03835 66
    endloop
  endfacet
  facet normal 0 0 -1
    outer loop
      vertex 117.529 6.22516 66
      vertex 119.493 9.14445 66
      vertex 117.883 6.1546 66
    endloop
  endfacet
  facet normal 0 0 -1
    outer loop
      vertex 117.168 6.24882 66
      vertex 119.493 9.14445 66
      vertex 117.529 6.22516 66
    endloop
  endfacet
  facet normal 0 0 -1
    outer loop
      vertex 115.656 9.60093 66
      vertex 117.168 6.24882 66
      vertex 116.807 6.22516 66
    endloop
  endfacet
  facet normal 0 0 -1
    outer loop
      vertex 115.656 9.60093 66
      vertex 116.807 6.22516 66
      vertex 116.452 6.1546 66
    endloop
  endfacet
  facet normal 0 0 -1
    outer loop
      vertex 115.656 9.60093 66
      vertex 116.452 6.1546 66
      vertex 116.109 6.03835 66
    endloop
  endfacet
  facet normal 0 0 -1
    outer loop
      vertex 115.572 9.6078 66
      vertex 116.109 6.03835 66
      vertex 115.785 5.87838 66
    endloop
  endfacet
  facet normal 0 0 -1
    outer loop
      vertex 117.168 6.24882 66
      vertex 115.656 9.60093 66
      vertex 119.493 9.14445 66
    endloop
  endfacet
  facet normal 0 0 -1
    outer loop
      vertex 116.109 6.03835 66
      vertex 115.572 9.6078 66
      vertex 115.656 9.60093 66
    endloop
  endfacet
  facet normal 0 0 -1
    outer loop
      vertex 115.484 5.67744 66
      vertex 115.572 9.6078 66
      vertex 115.785 5.87838 66
    endloop
  endfacet
  facet normal 0 0 -1
    outer loop
      vertex 115.212 5.43897 66
      vertex 115.572 9.6078 66
      vertex 115.484 5.67744 66
    endloop
  endfacet
  facet normal 0 0 -1
    outer loop
      vertex 111.739 10.0404 66
      vertex 115.212 5.43897 66
      vertex 114.974 5.16704 66
    endloop
  endfacet
  facet normal 0 0 -1
    outer loop
      vertex 111.739 10.0404 66
      vertex 114.974 5.16704 66
      vertex 114.773 4.86632 66
    endloop
  endfacet
  facet normal 0 0 -1
    outer loop
      vertex 111.739 10.0404 66
      vertex 114.773 4.86632 66
      vertex 114.613 4.54194 66
    endloop
  endfacet
  facet normal 0 0 -1
    outer loop
      vertex 111.739 10.0404 66
      vertex 114.613 4.54194 66
      vertex 114.497 4.19945 66
    endloop
  endfacet
  facet normal 0 0 -1
    outer loop
      vertex 111.739 10.0404 66
      vertex 114.497 4.19945 66
      vertex 114.426 3.84472 66
    endloop
  endfacet
  facet normal 0 0 -1
    outer loop
      vertex 115.212 5.43897 66
      vertex 111.739 10.0404 66
      vertex 115.572 9.6078 66
    endloop
  endfacet
  facet normal 0 0 -1
    outer loop
      vertex 111.739 10.0404 66
      vertex 114.426 3.84472 66
      vertex 114.403 3.48382 66
    endloop
  endfacet
  facet normal -0 0 -1
    outer loop
      vertex 76.5427 12.7689 66
      vertex 74.8547 6.41511 66
      vertex 76.4597 12.7696 66
    endloop
  endfacet
  facet normal 0 0 -1
    outer loop
      vertex 74.8547 6.41511 66
      vertex 72.65 12.9177 66
      vertex 76.4597 12.7696 66
    endloop
  endfacet
  facet normal 0 0 -1
    outer loop
      vertex 74.8547 6.41511 66
      vertex 72.5672 12.9176 66
      vertex 72.65 12.9177 66
    endloop
  endfacet
  facet normal 0 0 -1
    outer loop
      vertex 74.8547 6.41511 66
      vertex 68.7632 13.0302 66
      vertex 72.5672 12.9176 66
    endloop
  endfacet
  facet normal 0 0 -1
    outer loop
      vertex 63.8783 5.69568 66
      vertex 68.7632 13.0302 66
      vertex 74.8547 6.41511 66
    endloop
  endfacet
  facet normal 0 0 -1
    outer loop
      vertex 68.7632 13.0302 66
      vertex 63.8783 5.69568 66
      vertex 68.6805 13.0293 66
    endloop
  endfacet
  facet normal -0 0 -1
    outer loop
      vertex 68.6805 13.0293 66
      vertex 63.8783 5.69568 66
      vertex 64.8851 13.1045 66
    endloop
  endfacet
  facet normal 0 0 -1
    outer loop
      vertex 64.8851 13.1045 66
      vertex 63.8783 5.69568 66
      vertex 64.8028 13.1028 66
    endloop
  endfacet
  facet normal 0 0 -1
    outer loop
      vertex 57.1478 -6.46813 66
      vertex 64.0826 2.20103 66
      vertex 61.0203 -6.39367 66
    endloop
  endfacet
  facet normal 0 0 -1
    outer loop
      vertex 63.8783 5.69568 66
      vertex 61.0216 13.138 66
      vertex 64.8028 13.1028 66
    endloop
  endfacet
  facet normal 0 0 -1
    outer loop
      vertex 57.0635 -6.47233 66
      vertex 64.0826 2.20103 66
      vertex 57.1478 -6.46813 66
    endloop
  endfacet
  facet normal 0 0 -1
    outer loop
      vertex 63.8783 5.69568 66
      vertex 60.9397 13.1353 66
      vertex 61.0216 13.138 66
    endloop
  endfacet
  facet normal 0 0 -1
    outer loop
      vertex 63.8783 5.69568 66
      vertex 57.1768 13.1266 66
      vertex 60.9397 13.1353 66
    endloop
  endfacet
  facet normal 0 0 -1
    outer loop
      vertex 53.2001 -6.52545 66
      vertex 64.0826 2.20103 66
      vertex 57.0635 -6.47233 66
    endloop
  endfacet
  facet normal 0 0 -1
    outer loop
      vertex 63.8783 5.69568 66
      vertex 57.0953 13.1229 66
      vertex 57.1768 13.1266 66
    endloop
  endfacet
  facet normal 0 -0 -1
    outer loop
      vertex 53.3516 13.0666 66
      vertex 64.0826 2.20103 66
      vertex 53.2001 -6.52545 66
    endloop
  endfacet
  facet normal 0 0 -1
    outer loop
      vertex 63.8783 5.69568 66
      vertex 53.3516 13.0666 66
      vertex 57.0953 13.1229 66
    endloop
  endfacet
  facet normal 0 0 -1
    outer loop
      vertex 64.0826 2.20103 66
      vertex 53.3516 13.0666 66
      vertex 63.8783 5.69568 66
    endloop
  endfacet
  facet normal 0 0 -1
    outer loop
      vertex 53.3516 13.0666 66
      vertex 53.2001 -6.52545 66
      vertex 53.2706 13.0617 66
    endloop
  endfacet
  facet normal 0 0 -1
    outer loop
      vertex 43.8302 1.77965 66
      vertex 53.2001 -6.52545 66
      vertex 53.116 -6.52917 66
    endloop
  endfacet
  facet normal 0 0 -1
    outer loop
      vertex 53.2001 -6.52545 66
      vertex 43.8302 1.77965 66
      vertex 53.2706 13.0617 66
    endloop
  endfacet
  facet normal 0 0 -1
    outer loop
      vertex 43.7894 1.98492 66
      vertex 53.2706 13.0617 66
      vertex 43.8302 1.77965 66
    endloop
  endfacet
  facet normal 0 0 -1
    outer loop
      vertex 43.8302 1.36197 66
      vertex 53.116 -6.52917 66
      vertex 49.262 -6.55834 66
    endloop
  endfacet
  facet normal 0 0 -1
    outer loop
      vertex 43.8302 1.36197 66
      vertex 49.262 -6.55834 66
      vertex 49.1781 -6.56154 66
    endloop
  endfacet
  facet normal 0 0 -1
    outer loop
      vertex 43.7221 2.1831 66
      vertex 53.2706 13.0617 66
      vertex 43.7894 1.98492 66
    endloop
  endfacet
  facet normal 0 0 -1
    outer loop
      vertex 43.6295 2.37081 66
      vertex 49.5457 12.954 66
      vertex 43.7221 2.1831 66
    endloop
  endfacet
  facet normal 0 0 -1
    outer loop
      vertex 43.8302 1.36197 66
      vertex 49.1781 -6.56154 66
      vertex 45.341 -6.56395 66
    endloop
  endfacet
  facet normal 0 0 -1
    outer loop
      vertex 43.2179 0.301444 66
      vertex 45.341 -6.56395 66
      vertex 45.2575 -6.56655 66
    endloop
  endfacet
  facet normal 0 0 -1
    outer loop
      vertex 53.116 -6.52917 66
      vertex 43.8439 1.57081 66
      vertex 43.8302 1.77965 66
    endloop
  endfacet
  facet normal 0 0 -1
    outer loop
      vertex 53.2706 13.0617 66
      vertex 43.7221 2.1831 66
      vertex 49.5457 12.954 66
    endloop
  endfacet
  facet normal 0 0 -1
    outer loop
      vertex 49.5457 12.954 66
      vertex 43.6295 2.37081 66
      vertex 49.4652 12.948 66
    endloop
  endfacet
  facet normal 0 0 -1
    outer loop
      vertex 43.5133 2.54483 66
      vertex 49.4652 12.948 66
      vertex 43.6295 2.37081 66
    endloop
  endfacet
  facet normal 0 0 -1
    outer loop
      vertex 43.3753 2.70218 66
      vertex 49.4652 12.948 66
      vertex 43.5133 2.54483 66
    endloop
  endfacet
  facet normal 0 0 -1
    outer loop
      vertex 49.4652 12.948 66
      vertex 43.3753 2.70218 66
      vertex 45.7609 12.7851 66
    endloop
  endfacet
  facet normal 0 0 -1
    outer loop
      vertex 43.2179 2.84017 66
      vertex 45.7609 12.7851 66
      vertex 43.3753 2.70218 66
    endloop
  endfacet
  facet normal 0 0 -1
    outer loop
      vertex 45.7609 12.7851 66
      vertex 43.2179 2.84017 66
      vertex 45.681 12.7778 66
    endloop
  endfacet
  facet normal 0 0 -1
    outer loop
      vertex 43.0439 2.95645 66
      vertex 45.681 12.7778 66
      vertex 43.2179 2.84017 66
    endloop
  endfacet
  facet normal 0 0 -1
    outer loop
      vertex 42.8562 3.04902 66
      vertex 45.681 12.7778 66
      vertex 43.0439 2.95645 66
    endloop
  endfacet
  facet normal 0 0 -1
    outer loop
      vertex 42.658 3.11629 66
      vertex 45.681 12.7778 66
      vertex 42.8562 3.04902 66
    endloop
  endfacet
  facet normal 0 0 -1
    outer loop
      vertex 42.0007 12.5558 66
      vertex 42.658 3.11629 66
      vertex 42.4527 3.15712 66
    endloop
  endfacet
  facet normal 0 0 -1
    outer loop
      vertex 42.0007 12.5558 66
      vertex 42.4527 3.15712 66
      vertex 42.2439 3.17081 66
    endloop
  endfacet
  facet normal 0 0 -1
    outer loop
      vertex 41.9215 12.5472 66
      vertex 42.2439 3.17081 66
      vertex 42.0351 3.15712 66
    endloop
  endfacet
  facet normal 0 0 -1
    outer loop
      vertex 42.658 3.11629 66
      vertex 42.0007 12.5558 66
      vertex 45.681 12.7778 66
    endloop
  endfacet
  facet normal 0 0 -1
    outer loop
      vertex 42.2439 3.17081 66
      vertex 41.9215 12.5472 66
      vertex 42.0007 12.5558 66
    endloop
  endfacet
  facet normal 0 0 -1
    outer loop
      vertex 41.8298 3.11629 66
      vertex 41.9215 12.5472 66
      vertex 42.0351 3.15712 66
    endloop
  endfacet
  facet normal 0 0 -1
    outer loop
      vertex 38.2708 12.2622 66
      vertex 41.8298 3.11629 66
      vertex 41.6316 3.04902 66
    endloop
  endfacet
  facet normal 0 0 -1
    outer loop
      vertex 38.2708 12.2622 66
      vertex 41.6316 3.04902 66
      vertex 41.4439 2.95645 66
    endloop
  endfacet
  facet normal 0 0 -1
    outer loop
      vertex 38.2708 12.2622 66
      vertex 41.4439 2.95645 66
      vertex 41.2699 2.84017 66
    endloop
  endfacet
  facet normal 0 0 -1
    outer loop
      vertex 38.2708 12.2622 66
      vertex 41.2699 2.84017 66
      vertex 41.1125 2.70218 66
    endloop
  endfacet
  facet normal 0 0 -1
    outer loop
      vertex 38.2708 12.2622 66
      vertex 41.1125 2.70218 66
      vertex 40.9745 2.54483 66
    endloop
  endfacet
  facet normal 0 0 -1
    outer loop
      vertex 38.2708 12.2622 66
      vertex 40.9745 2.54483 66
      vertex 40.8583 2.37081 66
    endloop
  endfacet
  facet normal 0 0 -1
    outer loop
      vertex 38.2708 12.2622 66
      vertex 40.8583 2.37081 66
      vertex 40.7657 2.1831 66
    endloop
  endfacet
  facet normal 0 0 -1
    outer loop
      vertex 38.2708 12.2622 66
      vertex 40.7657 2.1831 66
      vertex 40.6984 1.98492 66
    endloop
  endfacet
  facet normal 0 0 -1
    outer loop
      vertex 38.2708 12.2622 66
      vertex 40.6984 1.98492 66
      vertex 40.6576 1.77965 66
    endloop
  endfacet
  facet normal 0 0 -1
    outer loop
      vertex 41.8298 3.11629 66
      vertex 38.2708 12.2622 66
      vertex 41.9215 12.5472 66
    endloop
  endfacet
  facet normal 0 0 -1
    outer loop
      vertex 38.2708 12.2622 66
      vertex 40.6576 1.77965 66
      vertex 40.6439 1.57081 66
    endloop
  endfacet
  facet normal 0.991517 0.129974 0
    outer loop
      vertex 207.523 0.261228 66.6
      vertex 207.42 1.04438 66
      vertex 207.42 1.04438 66.6
    endloop
  endfacet
  facet normal 0.991517 0.129974 0
    outer loop
      vertex 207.42 1.04438 66
      vertex 207.523 0.261228 66.6
      vertex 207.523 0.261228 66
    endloop
  endfacet
  facet normal -0.991358 0.131188 0
    outer loop
      vertex 183.626 1.04438 66
      vertex 183.624 1.0362 66
      vertex 183.626 1.04438 66.1414
    endloop
  endfacet
  facet normal -0.032754 0.999463 0
    outer loop
      vertex 195.523 6.26123 66
      vertex 193.957 6.2099 66.6
      vertex 195.523 6.26123 66.6
    endloop
  endfacet
  facet normal -0.032754 0.999463 0
    outer loop
      vertex 193.957 6.2099 66.6
      vertex 195.523 6.26123 66
      vertex 193.957 6.2099 66
    endloop
  endfacet
  facet normal -0.0327546 -0.999463 0
    outer loop
      vertex 193.957 -5.68744 66
      vertex 195.523 -5.73877 66.6
      vertex 193.957 -5.68744 66.6
    endloop
  endfacet
  facet normal -0.0327546 -0.999463 -0
    outer loop
      vertex 195.523 -5.73877 66.6
      vertex 193.957 -5.68744 66
      vertex 195.523 -5.73877 66
    endloop
  endfacet
  facet normal 0.401578 0.915825 -0
    outer loop
      vertex 204.008 4.50387 66
      vertex 202.828 5.02135 66.6
      vertex 204.008 4.50387 66.6
    endloop
  endfacet
  facet normal 0.401578 0.915825 0
    outer loop
      vertex 202.828 5.02135 66.6
      vertex 204.008 4.50387 66
      vertex 202.828 5.02135 66
    endloop
  endfacet
  facet normal -0.401578 0.915825 0
    outer loop
      vertex 188.218 5.02135 66
      vertex 187.038 4.50387 66.6
      vertex 188.218 5.02135 66.6
    endloop
  endfacet
  facet normal -0.401578 0.915825 0
    outer loop
      vertex 187.038 4.50387 66.6
      vertex 188.218 5.02135 66
      vertex 187.038 4.50387 66
    endloop
  endfacet
  facet normal -0.167334 0.9859 0
    outer loop
      vertex 192.417 6.05678 66
      vertex 190.931 5.80451 66.6
      vertex 192.417 6.05678 66.6
    endloop
  endfacet
  facet normal -0.167334 0.9859 0
    outer loop
      vertex 190.931 5.80451 66.6
      vertex 192.417 6.05678 66
      vertex 190.931 5.80451 66
    endloop
  endfacet
  facet normal 0.711973 0.702207 0
    outer loop
      vertex 206.609 2.55733 66.6
      vertex 205.915 3.26123 66
      vertex 205.915 3.26123 66.6
    endloop
  endfacet
  facet normal 0.711973 0.702207 0
    outer loop
      vertex 205.915 3.26123 66
      vertex 206.609 2.55733 66.6
      vertex 206.609 2.55733 66
    endloop
  endfacet
  facet normal 0.929172 0.369648 0
    outer loop
      vertex 207.42 1.04438 66.6
      vertex 207.114 1.81414 66
      vertex 207.114 1.81414 66.6
    endloop
  endfacet
  facet normal 0.929172 0.369648 0
    outer loop
      vertex 207.114 1.81414 66
      vertex 207.42 1.04438 66.6
      vertex 207.42 1.04438 66
    endloop
  endfacet
  facet normal 0.167334 0.9859 -0
    outer loop
      vertex 200.115 5.80451 66
      vertex 198.629 6.05678 66.6
      vertex 200.115 5.80451 66.6
    endloop
  endfacet
  facet normal 0.167334 0.9859 0
    outer loop
      vertex 198.629 6.05678 66.6
      vertex 200.115 5.80451 66
      vertex 198.629 6.05678 66
    endloop
  endfacet
  facet normal 0.0989686 0.995091 -0
    outer loop
      vertex 198.629 6.05678 66
      vertex 197.089 6.2099 66.6
      vertex 198.629 6.05678 66.6
    endloop
  endfacet
  facet normal 0.0989686 0.995091 0
    outer loop
      vertex 197.089 6.2099 66.6
      vertex 198.629 6.05678 66
      vertex 197.089 6.2099 66
    endloop
  endfacet
  facet normal 0.239401 0.970921 -0
    outer loop
      vertex 201.523 5.45738 66
      vertex 200.115 5.80451 66.6
      vertex 201.523 5.45738 66.6
    endloop
  endfacet
  facet normal 0.239401 0.970921 0
    outer loop
      vertex 200.115 5.80451 66.6
      vertex 201.523 5.45738 66
      vertex 200.115 5.80451 66
    endloop
  endfacet
  facet normal -0.711965 0.702215 0
    outer loop
      vertex 184.436 2.55733 66
      vertex 185.131 3.26123 66.6
      vertex 185.131 3.26123 66
    endloop
  endfacet
  facet normal -0.711965 0.702215 0
    outer loop
      vertex 185.131 3.26123 66.6
      vertex 184.436 2.55733 66
      vertex 184.436 2.55733 66.6
    endloop
  endfacet
  facet normal -0.495296 0.868724 0
    outer loop
      vertex 187.038 4.50387 66
      vertex 186.003 3.9138 66.6
      vertex 187.038 4.50387 66.6
    endloop
  endfacet
  facet normal -0.495296 0.868724 0
    outer loop
      vertex 186.003 3.9138 66.6
      vertex 187.038 4.50387 66
      vertex 186.003 3.9138 66
    endloop
  endfacet
  facet normal 0 0 1
    outer loop
      vertex 201.674 0.25774 66.6
      vertex 207.523 0.261228 66.6
      vertex 207.42 1.04438 66.6
    endloop
  endfacet
  facet normal 0 0 1
    outer loop
      vertex 201.674 0.25774 66.6
      vertex 207.42 1.04438 66.6
      vertex 207.114 1.81414 66.6
    endloop
  endfacet
  facet normal 0 0 1
    outer loop
      vertex 207.523 0.261228 66.6
      vertex 201.674 0.25774 66.6
      vertex 207.42 -0.521928 66.6
    endloop
  endfacet
  facet normal 0 0 1
    outer loop
      vertex 201.674 0.25774 66.6
      vertex 207.114 1.81414 66.6
      vertex 206.609 2.55733 66.6
    endloop
  endfacet
  facet normal 0 0 1
    outer loop
      vertex 207.42 -0.521928 66.6
      vertex 201.674 0.25774 66.6
      vertex 207.114 -1.29169 66.6
    endloop
  endfacet
  facet normal 0 0 1
    outer loop
      vertex 201.674 0.25774 66.6
      vertex 206.609 2.55733 66.6
      vertex 205.915 3.26123 66.6
    endloop
  endfacet
  facet normal 0 0 1
    outer loop
      vertex 207.114 -1.29169 66.6
      vertex 201.674 0.25774 66.6
      vertex 206.609 -2.03487 66.6
    endloop
  endfacet
  facet normal 0 0 1
    outer loop
      vertex 201.674 0.25774 66.6
      vertex 205.915 3.26123 66.6
      vertex 205.043 3.9138 66.6
    endloop
  endfacet
  facet normal 0 0 1
    outer loop
      vertex 206.609 -2.03487 66.6
      vertex 201.674 0.25774 66.6
      vertex 205.915 -2.73877 66.6
    endloop
  endfacet
  facet normal 0 0 1
    outer loop
      vertex 201.674 0.25774 66.6
      vertex 205.043 3.9138 66.6
      vertex 204.008 4.50387 66.6
    endloop
  endfacet
  facet normal 0 0 1
    outer loop
      vertex 205.915 -2.73877 66.6
      vertex 201.674 0.25774 66.6
      vertex 205.043 -3.39134 66.6
    endloop
  endfacet
  facet normal 0 0 1
    outer loop
      vertex 201.674 0.25774 66.6
      vertex 204.008 4.50387 66.6
      vertex 202.828 5.02135 66.6
    endloop
  endfacet
  facet normal 0 0 1
    outer loop
      vertex 205.043 -3.39134 66.6
      vertex 201.674 0.25774 66.6
      vertex 204.008 -3.98141 66.6
    endloop
  endfacet
  facet normal 0 0 1
    outer loop
      vertex 204.008 -3.98141 66.6
      vertex 201.674 0.25774 66.6
      vertex 202.828 -4.49889 66.6
    endloop
  endfacet
  facet normal 0 0 1
    outer loop
      vertex 202.828 5.02135 66.6
      vertex 201.64 0.255851 66.6
      vertex 201.674 0.25774 66.6
    endloop
  endfacet
  facet normal 0 0 1
    outer loop
      vertex 201.523 5.45738 66.6
      vertex 201.64 0.255851 66.6
      vertex 202.828 5.02135 66.6
    endloop
  endfacet
  facet normal 0 0 1
    outer loop
      vertex 201.523 5.45738 66.6
      vertex 200.205 0.220992 66.6
      vertex 201.64 0.255851 66.6
    endloop
  endfacet
  facet normal 0 0 1
    outer loop
      vertex 200.115 5.80451 66.6
      vertex 200.205 0.220992 66.6
      vertex 201.523 5.45738 66.6
    endloop
  endfacet
  facet normal 0 0 1
    outer loop
      vertex 200.205 0.220992 66.6
      vertex 200.115 5.80451 66.6
      vertex 200.139 0.219363 66.6
    endloop
  endfacet
  facet normal 0 0 1
    outer loop
      vertex 198.629 6.05678 66.6
      vertex 200.139 0.219363 66.6
      vertex 200.115 5.80451 66.6
    endloop
  endfacet
  facet normal 0 0 1
    outer loop
      vertex 198.629 6.05678 66.6
      vertex 197.404 0.23505 66.6
      vertex 200.139 0.219363 66.6
    endloop
  endfacet
  facet normal 0 0 1
    outer loop
      vertex 197.089 6.2099 66.6
      vertex 197.404 0.23505 66.6
      vertex 198.629 6.05678 66.6
    endloop
  endfacet
  facet normal 0 0 1
    outer loop
      vertex 197.404 0.23505 66.6
      vertex 197.089 6.2099 66.6
      vertex 197.325 0.235542 66.6
    endloop
  endfacet
  facet normal 0 0 1
    outer loop
      vertex 195.523 6.26123 66.6
      vertex 197.325 0.235542 66.6
      vertex 197.089 6.2099 66.6
    endloop
  endfacet
  facet normal 0 0 1
    outer loop
      vertex 195.523 6.26123 66.6
      vertex 194.026 0.356827 66.6
      vertex 197.325 0.235542 66.6
    endloop
  endfacet
  facet normal -0 0 1
    outer loop
      vertex 193.957 6.2099 66.6
      vertex 194.026 0.356827 66.6
      vertex 195.523 6.26123 66.6
    endloop
  endfacet
  facet normal 0 0 1
    outer loop
      vertex 193.957 6.2099 66.6
      vertex 193.94 0.359094 66.6
      vertex 194.026 0.356827 66.6
    endloop
  endfacet
  facet normal -0 0 1
    outer loop
      vertex 192.417 6.05678 66.6
      vertex 193.94 0.359094 66.6
      vertex 193.957 6.2099 66.6
    endloop
  endfacet
  facet normal 0 0 1
    outer loop
      vertex 190.345 0.563353 66.6
      vertex 192.417 6.05678 66.6
      vertex 190.931 5.80451 66.6
    endloop
  endfacet
  facet normal 0 0 1
    outer loop
      vertex 192.417 6.05678 66.6
      vertex 190.345 0.563353 66.6
      vertex 193.94 0.359094 66.6
    endloop
  endfacet
  facet normal -0 0 1
    outer loop
      vertex 189.523 5.45738 66.6
      vertex 190.345 0.563353 66.6
      vertex 190.931 5.80451 66.6
    endloop
  endfacet
  facet normal 0 0 1
    outer loop
      vertex 190.345 0.563353 66.6
      vertex 189.523 5.45738 66.6
      vertex 190.256 0.566988 66.6
    endloop
  endfacet
  facet normal -0 0 1
    outer loop
      vertex 188.218 5.02135 66.6
      vertex 190.256 0.566988 66.6
      vertex 189.523 5.45738 66.6
    endloop
  endfacet
  facet normal -0 0 1
    outer loop
      vertex 187.038 4.50387 66.6
      vertex 190.256 0.566988 66.6
      vertex 188.218 5.02135 66.6
    endloop
  endfacet
  facet normal 0 0 1
    outer loop
      vertex 187.038 4.50387 66.6
      vertex 186.55 0.831638 66.6
      vertex 190.256 0.566988 66.6
    endloop
  endfacet
  facet normal -0 0 1
    outer loop
      vertex 186.003 3.9138 66.6
      vertex 186.55 0.831638 66.6
      vertex 187.038 4.50387 66.6
    endloop
  endfacet
  facet normal 0 0 1
    outer loop
      vertex 186.55 0.831638 66.6
      vertex 186.003 3.9138 66.6
      vertex 186.46 0.836362 66.6
    endloop
  endfacet
  facet normal -0 0 1
    outer loop
      vertex 185.131 3.26123 66.6
      vertex 186.46 0.836362 66.6
      vertex 186.003 3.9138 66.6
    endloop
  endfacet
  facet normal -0 0 1
    outer loop
      vertex 184.436 2.55733 66.6
      vertex 186.46 0.836362 66.6
      vertex 185.131 3.26123 66.6
    endloop
  endfacet
  facet normal -0 0 1
    outer loop
      vertex 183.932 1.81414 66.6
      vertex 186.46 0.836362 66.6
      vertex 184.436 2.55733 66.6
    endloop
  endfacet
  facet normal 0 0 1
    outer loop
      vertex 186.46 0.836362 66.6
      vertex 183.932 1.81414 66.6
      vertex 183.636 1.07036 66.6
    endloop
  endfacet
  facet normal 0 0 1
    outer loop
      vertex 201.674 0.25774 66.6
      vertex 201.523 -4.93492 66.6
      vertex 202.828 -4.49889 66.6
    endloop
  endfacet
  facet normal -0 0 1
    outer loop
      vertex 200.225 0.119714 66.6
      vertex 201.523 -4.93492 66.6
      vertex 201.674 0.25774 66.6
    endloop
  endfacet
  facet normal -0 0 1
    outer loop
      vertex 200.19 0.115338 66.6
      vertex 201.523 -4.93492 66.6
      vertex 200.225 0.119714 66.6
    endloop
  endfacet
  facet normal 0 0 1
    outer loop
      vertex 200.19 0.115338 66.6
      vertex 200.115 -5.28205 66.6
      vertex 201.523 -4.93492 66.6
    endloop
  endfacet
  facet normal -0 0 1
    outer loop
      vertex 197.343 -0.109071 66.6
      vertex 200.115 -5.28205 66.6
      vertex 200.19 0.115338 66.6
    endloop
  endfacet
  facet normal 0 0 1
    outer loop
      vertex 200.115 -5.28205 66.6
      vertex 197.343 -0.109071 66.6
      vertex 198.629 -5.53433 66.6
    endloop
  endfacet
  facet normal -0 0 1
    outer loop
      vertex 197.275 -0.116546 66.6
      vertex 198.629 -5.53433 66.6
      vertex 197.343 -0.109071 66.6
    endloop
  endfacet
  facet normal 0 0 1
    outer loop
      vertex 197.275 -0.116546 66.6
      vertex 197.089 -5.68744 66.6
      vertex 198.629 -5.53433 66.6
    endloop
  endfacet
  facet normal 0 0 1
    outer loop
      vertex 197.275 -0.116546 66.6
      vertex 195.523 -5.73877 66.6
      vertex 197.089 -5.68744 66.6
    endloop
  endfacet
  facet normal -0 0 1
    outer loop
      vertex 193.804 -0.325905 66.6
      vertex 195.523 -5.73877 66.6
      vertex 197.275 -0.116546 66.6
    endloop
  endfacet
  facet normal 0 0 1
    outer loop
      vertex 195.523 -5.73877 66.6
      vertex 193.804 -0.325905 66.6
      vertex 193.957 -5.68744 66.6
    endloop
  endfacet
  facet normal -0 0 1
    outer loop
      vertex 193.721 -0.333477 66.6
      vertex 193.957 -5.68744 66.6
      vertex 193.804 -0.325905 66.6
    endloop
  endfacet
  facet normal 0 0 1
    outer loop
      vertex 193.721 -0.333477 66.6
      vertex 192.417 -5.53433 66.6
      vertex 193.957 -5.68744 66.6
    endloop
  endfacet
  facet normal 0 0 1
    outer loop
      vertex 193.721 -0.333477 66.6
      vertex 190.931 -5.28205 66.6
      vertex 192.417 -5.53433 66.6
    endloop
  endfacet
  facet normal -0 0 1
    outer loop
      vertex 189.926 -0.532413 66.6
      vertex 190.931 -5.28205 66.6
      vertex 193.721 -0.333477 66.6
    endloop
  endfacet
  facet normal 0 0 1
    outer loop
      vertex 189.523 -4.93492 66.6
      vertex 189.926 -0.532413 66.6
      vertex 189.836 -0.539972 66.6
    endloop
  endfacet
  facet normal 0 0 1
    outer loop
      vertex 189.926 -0.532413 66.6
      vertex 189.523 -4.93492 66.6
      vertex 190.931 -5.28205 66.6
    endloop
  endfacet
  facet normal 0 0 1
    outer loop
      vertex 189.836 -0.539972 66.6
      vertex 188.218 -4.49889 66.6
      vertex 189.523 -4.93492 66.6
    endloop
  endfacet
  facet normal 0 0 1
    outer loop
      vertex 189.836 -0.539972 66.6
      vertex 187.038 -3.98141 66.6
      vertex 188.218 -4.49889 66.6
    endloop
  endfacet
  facet normal -0 0 1
    outer loop
      vertex 185.952 -0.733125 66.6
      vertex 187.038 -3.98141 66.6
      vertex 189.836 -0.539972 66.6
    endloop
  endfacet
  facet normal 0 0 1
    outer loop
      vertex 187.038 -3.98141 66.6
      vertex 185.952 -0.733125 66.6
      vertex 186.003 -3.39134 66.6
    endloop
  endfacet
  facet normal 0 0 1
    outer loop
      vertex 185.131 -2.73877 66.6
      vertex 185.952 -0.733125 66.6
      vertex 185.859 -0.74061 66.6
    endloop
  endfacet
  facet normal 0 0 1
    outer loop
      vertex 185.952 -0.733125 66.6
      vertex 185.131 -2.73877 66.6
      vertex 186.003 -3.39134 66.6
    endloop
  endfacet
  facet normal 0 0 1
    outer loop
      vertex 185.859 -0.74061 66.6
      vertex 184.436 -2.03487 66.6
      vertex 185.131 -2.73877 66.6
    endloop
  endfacet
  facet normal 0 0 1
    outer loop
      vertex 185.859 -0.74061 66.6
      vertex 183.932 -1.29169 66.6
      vertex 184.436 -2.03487 66.6
    endloop
  endfacet
  facet normal 0 -0 1
    outer loop
      vertex 183.932 -1.29169 66.6
      vertex 185.859 -0.74061 66.6
      vertex 183.753 -0.841158 66.6
    endloop
  endfacet
  facet normal -0.239404 0.97092 0
    outer loop
      vertex 190.931 5.80451 66
      vertex 189.523 5.45738 66.6
      vertex 190.931 5.80451 66.6
    endloop
  endfacet
  facet normal -0.239404 0.97092 0
    outer loop
      vertex 189.523 5.45738 66.6
      vertex 190.931 5.80451 66
      vertex 189.523 5.45738 66
    endloop
  endfacet
  facet normal -0.0989676 0.995091 0
    outer loop
      vertex 193.957 6.2099 66
      vertex 192.417 6.05678 66.6
      vertex 193.957 6.2099 66.6
    endloop
  endfacet
  facet normal -0.0989676 0.995091 0
    outer loop
      vertex 192.417 6.05678 66.6
      vertex 193.957 6.2099 66
      vertex 192.417 6.05678 66
    endloop
  endfacet
  facet normal 0.0327546 -0.999463 0
    outer loop
      vertex 195.523 -5.73877 66
      vertex 197.089 -5.68744 66.6
      vertex 195.523 -5.73877 66.6
    endloop
  endfacet
  facet normal 0.0327546 -0.999463 0
    outer loop
      vertex 197.089 -5.68744 66.6
      vertex 195.523 -5.73877 66
      vertex 197.089 -5.68744 66
    endloop
  endfacet
  facet normal -0.167334 -0.9859 0
    outer loop
      vertex 190.931 -5.28205 66
      vertex 192.417 -5.53433 66.6
      vertex 190.931 -5.28205 66.6
    endloop
  endfacet
  facet normal -0.167334 -0.9859 -0
    outer loop
      vertex 192.417 -5.53433 66.6
      vertex 190.931 -5.28205 66
      vertex 192.417 -5.53433 66
    endloop
  endfacet
  facet normal -0.711965 -0.702215 0
    outer loop
      vertex 185.131 -2.73877 66
      vertex 184.436 -2.03487 66.6
      vertex 184.436 -2.03487 66
    endloop
  endfacet
  facet normal -0.711965 -0.702215 0
    outer loop
      vertex 184.436 -2.03487 66.6
      vertex 185.131 -2.73877 66
      vertex 185.131 -2.73877 66.6
    endloop
  endfacet
  facet normal 0.827343 0.561698 0
    outer loop
      vertex 207.114 1.81414 66.6
      vertex 206.609 2.55733 66
      vertex 206.609 2.55733 66.6
    endloop
  endfacet
  facet normal 0.827343 0.561698 0
    outer loop
      vertex 206.609 2.55733 66
      vertex 207.114 1.81414 66.6
      vertex 207.114 1.81414 66
    endloop
  endfacet
  facet normal 0.495296 0.868724 -0
    outer loop
      vertex 205.043 3.9138 66
      vertex 204.008 4.50387 66.6
      vertex 205.043 3.9138 66.6
    endloop
  endfacet
  facet normal 0.495296 0.868724 0
    outer loop
      vertex 204.008 4.50387 66.6
      vertex 205.043 3.9138 66
      vertex 204.008 4.50387 66
    endloop
  endfacet
  facet normal 0.599128 0.800653 -0
    outer loop
      vertex 205.915 3.26123 66
      vertex 205.043 3.9138 66.6
      vertex 205.915 3.26123 66.6
    endloop
  endfacet
  facet normal 0.599128 0.800653 0
    outer loop
      vertex 205.043 3.9138 66.6
      vertex 205.915 3.26123 66
      vertex 205.043 3.9138 66
    endloop
  endfacet
  facet normal 0.032754 0.999463 -0
    outer loop
      vertex 197.089 6.2099 66
      vertex 195.523 6.26123 66.6
      vertex 197.089 6.2099 66.6
    endloop
  endfacet
  facet normal 0.032754 0.999463 0
    outer loop
      vertex 195.523 6.26123 66.6
      vertex 197.089 6.2099 66
      vertex 195.523 6.26123 66
    endloop
  endfacet
  facet normal 0.316875 0.948467 -0
    outer loop
      vertex 202.828 5.02135 66
      vertex 201.523 5.45738 66.6
      vertex 202.828 5.02135 66.6
    endloop
  endfacet
  facet normal 0.316875 0.948467 0
    outer loop
      vertex 201.523 5.45738 66.6
      vertex 202.828 5.02135 66
      vertex 201.523 5.45738 66
    endloop
  endfacet
  facet normal -0.599134 0.800648 0
    outer loop
      vertex 186.003 3.9138 66
      vertex 185.131 3.26123 66.6
      vertex 186.003 3.9138 66.6
    endloop
  endfacet
  facet normal -0.599134 0.800648 0
    outer loop
      vertex 185.131 3.26123 66.6
      vertex 186.003 3.9138 66
      vertex 185.131 3.26123 66
    endloop
  endfacet
  facet normal -0.82735 0.561686 0
    outer loop
      vertex 183.932 1.81414 66
      vertex 184.436 2.55733 66.6
      vertex 184.436 2.55733 66
    endloop
  endfacet
  facet normal -0.82735 0.561686 0
    outer loop
      vertex 184.436 2.55733 66.6
      vertex 183.932 1.81414 66
      vertex 183.932 1.81414 66.6
    endloop
  endfacet
  facet normal -0.929172 0.369648 0
    outer loop
      vertex 183.626 1.04438 66.1414
      vertex 183.932 1.81414 66.6
      vertex 183.932 1.81414 66
    endloop
  endfacet
  facet normal -0.929172 0.369648 0
    outer loop
      vertex 183.626 1.04438 66.1414
      vertex 183.932 1.81414 66
      vertex 183.626 1.04438 66
    endloop
  endfacet
  facet normal -0.929171 0.369651 -7.01572e-006
    outer loop
      vertex 183.932 1.81414 66.6
      vertex 183.626 1.04438 66.1414
      vertex 183.636 1.07036 66.6
    endloop
  endfacet
  facet normal -0.316871 0.948469 0
    outer loop
      vertex 189.523 5.45738 66
      vertex 188.218 5.02135 66.6
      vertex 189.523 5.45738 66.6
    endloop
  endfacet
  facet normal -0.316871 0.948469 0
    outer loop
      vertex 188.218 5.02135 66.6
      vertex 189.523 5.45738 66
      vertex 188.218 5.02135 66
    endloop
  endfacet
  facet normal 0.0989686 -0.995091 0
    outer loop
      vertex 197.089 -5.68744 66
      vertex 198.629 -5.53433 66.6
      vertex 197.089 -5.68744 66.6
    endloop
  endfacet
  facet normal 0.0989686 -0.995091 0
    outer loop
      vertex 198.629 -5.53433 66.6
      vertex 197.089 -5.68744 66
      vertex 198.629 -5.53433 66
    endloop
  endfacet
  facet normal 0.401578 -0.915825 0
    outer loop
      vertex 202.828 -4.49889 66
      vertex 204.008 -3.98141 66.6
      vertex 202.828 -4.49889 66.6
    endloop
  endfacet
  facet normal 0.401578 -0.915825 0
    outer loop
      vertex 204.008 -3.98141 66.6
      vertex 202.828 -4.49889 66
      vertex 204.008 -3.98141 66
    endloop
  endfacet
  facet normal 0.239401 -0.970921 0
    outer loop
      vertex 200.115 -5.28205 66
      vertex 201.523 -4.93492 66.6
      vertex 200.115 -5.28205 66.6
    endloop
  endfacet
  facet normal 0.239401 -0.970921 0
    outer loop
      vertex 201.523 -4.93492 66.6
      vertex 200.115 -5.28205 66
      vertex 201.523 -4.93492 66
    endloop
  endfacet
  facet normal 0.495296 -0.868724 0
    outer loop
      vertex 204.008 -3.98141 66
      vertex 205.043 -3.39134 66.6
      vertex 204.008 -3.98141 66.6
    endloop
  endfacet
  facet normal 0.495296 -0.868724 0
    outer loop
      vertex 205.043 -3.39134 66.6
      vertex 204.008 -3.98141 66
      vertex 205.043 -3.39134 66
    endloop
  endfacet
  facet normal 0.711973 -0.702207 0
    outer loop
      vertex 205.915 -2.73877 66.6
      vertex 206.609 -2.03487 66
      vertex 206.609 -2.03487 66.6
    endloop
  endfacet
  facet normal 0.711973 -0.702207 0
    outer loop
      vertex 206.609 -2.03487 66
      vertex 205.915 -2.73877 66.6
      vertex 205.915 -2.73877 66
    endloop
  endfacet
  facet normal 0.827343 -0.561697 0
    outer loop
      vertex 206.609 -2.03487 66.6
      vertex 207.114 -1.29169 66
      vertex 207.114 -1.29169 66.6
    endloop
  endfacet
  facet normal 0.827343 -0.561697 0
    outer loop
      vertex 207.114 -1.29169 66
      vertex 206.609 -2.03487 66.6
      vertex 206.609 -2.03487 66
    endloop
  endfacet
  facet normal 0.991517 -0.129975 0
    outer loop
      vertex 207.42 -0.521928 66.6
      vertex 207.523 0.261228 66
      vertex 207.523 0.261228 66.6
    endloop
  endfacet
  facet normal 0.991517 -0.129975 0
    outer loop
      vertex 207.523 0.261228 66
      vertex 207.42 -0.521928 66.6
      vertex 207.42 -0.521928 66
    endloop
  endfacet
  facet normal -0.401578 -0.915825 0
    outer loop
      vertex 187.038 -3.98141 66
      vertex 188.218 -4.49889 66.6
      vertex 187.038 -3.98141 66.6
    endloop
  endfacet
  facet normal -0.401578 -0.915825 -0
    outer loop
      vertex 188.218 -4.49889 66.6
      vertex 187.038 -3.98141 66
      vertex 188.218 -4.49889 66
    endloop
  endfacet
  facet normal -0.239404 -0.97092 0
    outer loop
      vertex 189.523 -4.93492 66
      vertex 190.931 -5.28205 66.6
      vertex 189.523 -4.93492 66.6
    endloop
  endfacet
  facet normal -0.239404 -0.97092 -0
    outer loop
      vertex 190.931 -5.28205 66.6
      vertex 189.523 -4.93492 66
      vertex 190.931 -5.28205 66
    endloop
  endfacet
  facet normal -0.0989676 -0.995091 0
    outer loop
      vertex 192.417 -5.53433 66
      vertex 193.957 -5.68744 66.6
      vertex 192.417 -5.53433 66.6
    endloop
  endfacet
  facet normal -0.0989676 -0.995091 -0
    outer loop
      vertex 193.957 -5.68744 66.6
      vertex 192.417 -5.53433 66
      vertex 193.957 -5.68744 66
    endloop
  endfacet
  facet normal -0.599134 -0.800649 0
    outer loop
      vertex 185.131 -2.73877 66
      vertex 186.003 -3.39134 66.6
      vertex 185.131 -2.73877 66.6
    endloop
  endfacet
  facet normal -0.599134 -0.800649 -0
    outer loop
      vertex 186.003 -3.39134 66.6
      vertex 185.131 -2.73877 66
      vertex 186.003 -3.39134 66
    endloop
  endfacet
  facet normal -0.929174 -0.369643 -0
    outer loop
      vertex 183.932 -1.29169 66.6
      vertex 183.758 -0.856113 66
      vertex 183.932 -1.29169 66
    endloop
  endfacet
  facet normal -0.929173 -0.369646 -2.43198e-006
    outer loop
      vertex 183.758 -0.856113 66
      vertex 183.932 -1.29169 66.6
      vertex 183.753 -0.841158 66.6
    endloop
  endfacet
  facet normal 0.167334 -0.9859 0
    outer loop
      vertex 198.629 -5.53433 66
      vertex 200.115 -5.28205 66.6
      vertex 198.629 -5.53433 66.6
    endloop
  endfacet
  facet normal 0.167334 -0.9859 0
    outer loop
      vertex 200.115 -5.28205 66.6
      vertex 198.629 -5.53433 66
      vertex 200.115 -5.28205 66
    endloop
  endfacet
  facet normal 0.316875 -0.948467 0
    outer loop
      vertex 201.523 -4.93492 66
      vertex 202.828 -4.49889 66.6
      vertex 201.523 -4.93492 66.6
    endloop
  endfacet
  facet normal 0.316875 -0.948467 0
    outer loop
      vertex 202.828 -4.49889 66.6
      vertex 201.523 -4.93492 66
      vertex 202.828 -4.49889 66
    endloop
  endfacet
  facet normal 0.599127 -0.800654 0
    outer loop
      vertex 205.043 -3.39134 66
      vertex 205.915 -2.73877 66.6
      vertex 205.043 -3.39134 66.6
    endloop
  endfacet
  facet normal 0.599127 -0.800654 0
    outer loop
      vertex 205.915 -2.73877 66.6
      vertex 205.043 -3.39134 66
      vertex 205.915 -2.73877 66
    endloop
  endfacet
  facet normal 0.929172 -0.369648 0
    outer loop
      vertex 207.114 -1.29169 66.6
      vertex 207.42 -0.521928 66
      vertex 207.42 -0.521928 66.6
    endloop
  endfacet
  facet normal 0.929172 -0.369648 0
    outer loop
      vertex 207.42 -0.521928 66
      vertex 207.114 -1.29169 66.6
      vertex 207.114 -1.29169 66
    endloop
  endfacet
  facet normal -0.316871 -0.948469 0
    outer loop
      vertex 188.218 -4.49889 66
      vertex 189.523 -4.93492 66.6
      vertex 188.218 -4.49889 66.6
    endloop
  endfacet
  facet normal -0.316871 -0.948469 -0
    outer loop
      vertex 189.523 -4.93492 66.6
      vertex 188.218 -4.49889 66
      vertex 189.523 -4.93492 66
    endloop
  endfacet
  facet normal -0.495296 -0.868724 0
    outer loop
      vertex 186.003 -3.39134 66
      vertex 187.038 -3.98141 66.6
      vertex 186.003 -3.39134 66.6
    endloop
  endfacet
  facet normal -0.495296 -0.868724 -0
    outer loop
      vertex 187.038 -3.98141 66.6
      vertex 186.003 -3.39134 66
      vertex 187.038 -3.98141 66
    endloop
  endfacet
  facet normal -0.827351 -0.561686 0
    outer loop
      vertex 184.436 -2.03487 66
      vertex 183.932 -1.29169 66.6
      vertex 183.932 -1.29169 66
    endloop
  endfacet
  facet normal -0.827351 -0.561686 0
    outer loop
      vertex 183.932 -1.29169 66.6
      vertex 184.436 -2.03487 66
      vertex 184.436 -2.03487 66.6
    endloop
  endfacet
endsolid OpenSCAD_Model
