solid OpenSCAD_Model
  facet normal 0.121925 -0.00197239 0.992537
    outer loop
      vertex 7.59151 137.917 229.915
      vertex 6.45985 137.844 230.054
      vertex 6.62333 134.375 230.027
    endloop
  endfacet
  facet normal 0.561129 -0.219289 -0.798152
    outer loop
      vertex 16.7027 110.956 222.698
      vertex 15.0836 107.642 222.47
      vertex 16.2203 110.925 222.367
    endloop
  endfacet
  facet normal 0.278472 -0.0252343 -0.960113
    outer loop
      vertex 14.7113 126.058 220.284
      vertex 13.7132 130.324 219.882
      vertex 14.849 130.397 220.21
    endloop
  endfacet
  facet normal 0.0851091 -0.00377631 0.996364
    outer loop
      vertex 4.89234 137.743 230.216
      vertex 3.68651 137.666 230.319
      vertex 5.06281 134.274 230.188
    endloop
  endfacet
  facet normal 0.927091 -0.349403 0.135718
    outer loop
      vertex 17.7445 111.023 224.742
      vertex 16.512 107.734 224.696
      vertex 16.56 107.737 224.376
    endloop
  endfacet
  facet normal 0.0397258 -0.0691808 0.996813
    outer loop
      vertex 0.567466 117.082 229.933
      vertex 0.566665 117.014 229.928
      vertex 0.594644 117.084 229.932
    endloop
  endfacet
  facet normal 0.644744 -0.150588 -0.749418
    outer loop
      vertex 18.9334 118.264 222.934
      vertex 17.6917 114.482 222.626
      vertex 18.4963 118.236 222.563
    endloop
  endfacet
  facet normal 0.2513 -0.0597451 -0.966064
    outer loop
      vertex 12.9174 117.877 220.208
      vertex 11.7983 117.805 219.921
      vertex 12.1731 121.757 219.774
    endloop
  endfacet
  facet normal 0.389426 -0.00873029 -0.921016
    outer loop
      vertex 17.7375 130.583 221.277
      vertex 16.8652 130.527 220.908
      vertex 17.7564 135.091 221.242
    endloop
  endfacet
  facet normal 0.3147 -0.144617 -0.93811
    outer loop
      vertex 13.472 110.748 221.122
      vertex 12.508 107.477 221.303
      vertex 12.5937 110.691 220.836
    endloop
  endfacet
  facet normal 0.222697 -0.00985942 -0.974838
    outer loop
      vertex 12.4979 130.246 219.571
      vertex 11.1438 134.666 219.217
      vertex 12.45 134.75 219.514
    endloop
  endfacet
  facet normal 0.10526 -0.0397292 0.993651
    outer loop
      vertex 6.76542 125.546 229.835
      vertex 5.21398 121.309 229.83
      vertex 6.68407 121.404 229.678
    endloop
  endfacet
  facet normal 0.124703 -0.0864806 -0.988418
    outer loop
      vertex 4.71382 110.184 219.241
      vertex 3.39407 110.099 219.082
      vertex 3.6451 113.578 218.809
    endloop
  endfacet
  facet normal 0.159557 -0.053261 -0.985751
    outer loop
      vertex 8.04821 117.564 219.162
      vertex 6.68366 117.476 218.946
      vertex 6.87418 121.416 218.764
    endloop
  endfacet
  facet normal 0.644739 -0.150586 -0.749423
    outer loop
      vertex 18.1098 114.509 222.98
      vertex 17.6917 114.482 222.626
      vertex 18.9334 118.264 222.934
    endloop
  endfacet
  facet normal 0.56605 -0.13478 -0.813278
    outer loop
      vertex 17.6917 114.482 222.626
      vertex 17.1826 114.449 222.277
      vertex 17.9642 118.202 222.199
    endloop
  endfacet
  facet normal 0.156431 0.00024555 -0.987689
    outer loop
      vertex 6.82514 134.388 218.442
      vertex 6.66256 137.857 218.417
      vertex 7.78869 137.93 218.595
    endloop
  endfacet
  facet normal 0.28309 -0.168104 -0.944246
    outer loop
      vertex 10.6346 104.413 221.256
      vertex 9.81228 104.36 221.019
      vertex 10.7964 107.366 220.779
    endloop
  endfacet
  facet normal 0.344478 -0.442189 0.828132
    outer loop
      vertex 7.69066 97.1015 226.021
      vertex 6.0046 95.2193 225.717
      vertex 8.14862 97.1309 225.846
    endloop
  endfacet
  facet normal 0.280494 -0.322101 0.904198
    outer loop
      vertex 8.05337 99.2043 226.679
      vertex 6.63496 97.0335 226.345
      vertex 8.68208 99.2448 226.498
    endloop
  endfacet
  facet normal 0.19319 -0.101117 0.975937
    outer loop
      vertex 9.99266 113.987 228.701
      vertex 9.40817 110.486 228.454
      vertex 10.4927 110.556 228.246
    endloop
  endfacet
  facet normal 0.196181 -0.187942 0.962388
    outer loop
      vertex 7.87191 104.235 227.863
      vertex 7.78851 101.564 227.358
      vertex 8.81249 104.296 227.683
    endloop
  endfacet
  facet normal 0.10614 -0.054701 0.992845
    outer loop
      vertex 5.21398 121.309 229.83
      vertex 5.08118 117.373 229.627
      vertex 6.68407 121.404 229.678
    endloop
  endfacet
  facet normal 0.102798 -0.00242485 -0.994699
    outer loop
      vertex 3.67007 134.185 218.033
      vertex 3.07621 137.626 217.963
      vertex 3.49336 137.653 218.006
    endloop
  endfacet
  facet normal 0.102799 -0.00242462 -0.994699
    outer loop
      vertex 3.07621 137.626 217.963
      vertex 3.67007 134.185 218.033
      vertex 2.02811 134.079 217.864
    endloop
  endfacet
  facet normal 0.279351 -0.0429154 -0.95923
    outer loop
      vertex 14.4162 121.901 220.384
      vertex 13.5977 125.986 219.963
      vertex 14.7113 126.058 220.284
    endloop
  endfacet
  facet normal 0.103461 -0.0129737 -0.994549
    outer loop
      vertex 3.82859 129.688 218.108
      vertex 2.20731 129.583 217.941
      vertex 3.67007 134.185 218.033
    endloop
  endfacet
  facet normal 0.105794 -0.0516836 -0.993044
    outer loop
      vertex 3.81476 117.291 218.574
      vertex 2.35515 121.125 218.219
      vertex 3.90195 121.225 218.379
    endloop
  endfacet
  facet normal 0.157902 -0.0238529 -0.987167
    outer loop
      vertex 8.41357 125.652 218.849
      vertex 6.94392 129.888 218.512
      vertex 8.42569 129.984 218.747
    endloop
  endfacet
  facet normal 0.138259 -0.011759 -0.990326
    outer loop
      vertex 6.94392 129.888 218.512
      vertex 5.27118 134.288 218.226
      vertex 6.82514 134.388 218.442
    endloop
  endfacet
  facet normal 0.728612 -0.218654 -0.649088
    outer loop
      vertex 17.4073 111.001 223.373
      vertex 17.0989 110.981 223.033
      vertex 18.1098 114.509 222.98
    endloop
  endfacet
  facet normal 0.556166 -0.269186 -0.786269
    outer loop
      vertex 14.1982 104.642 222.871
      vertex 13.7798 104.615 222.584
      vertex 15.0836 107.642 222.47
    endloop
  endfacet
  facet normal 0.931377 -0.102293 -0.34939
    outer loop
      vertex 20.3166 122.281 224.066
      vertex 20.1684 122.272 223.674
      vertex 20.7749 126.448 224.068
    endloop
  endfacet
  facet normal 0.49854 -0.0597828 -0.864803
    outer loop
      vertex 18.9708 126.332 222.082
      vertex 17.9134 122.126 221.763
      vertex 18.3052 126.289 221.702
    endloop
  endfacet
  facet normal 0.438934 -0.222828 -0.870451
    outer loop
      vertex 14.5526 107.608 222.166
      vertex 12.7258 104.547 222.028
      vertex 13.9446 107.569 221.87
    endloop
  endfacet
  facet normal 0.441171 -0.081436 -0.89372
    outer loop
      vertex 17.3391 118.162 221.841
      vertex 17.172 122.079 221.402
      vertex 17.9134 122.126 221.763
    endloop
  endfacet
  facet normal 0.312719 -0.065885 -0.947558
    outer loop
      vertex 14.9323 118.007 220.825
      vertex 14.4162 121.901 220.384
      vertex 15.4199 121.966 220.711
    endloop
  endfacet
  facet normal 0.0463271 -0.439992 0.896806
    outer loop
      vertex -2.4972 92.8164 226.14
      vertex -2.2737 93.2257 226.329
      vertex -2.43801 92.9866 226.22
    endloop
  endfacet
  facet normal 0.0447155 -0.439839 0.896963
    outer loop
      vertex -2.62905 92.0606 225.776
      vertex -2.4972 92.8164 226.14
      vertex -2.5084 92.7908 226.128
    endloop
  endfacet
  facet normal 0.0464644 -0.440051 0.89677
    outer loop
      vertex -2.4972 92.8164 226.14
      vertex -2.62905 92.0606 225.776
      vertex -2.2737 93.2257 226.329
    endloop
  endfacet
  facet normal 0.046406 -0.440031 0.896783
    outer loop
      vertex -2.78251 92.1158 225.811
      vertex -2.62905 92.0606 225.776
      vertex -2.5084 92.7908 226.128
    endloop
  endfacet
  facet normal 0.0464562 -0.439923 0.896833
    outer loop
      vertex -2.79313 92.0969 225.802
      vertex -2.62905 92.0606 225.776
      vertex -2.78251 92.1158 225.811
    endloop
  endfacet
  facet normal 0.0463623 -0.440239 0.896683
    outer loop
      vertex -2.62905 92.0606 225.776
      vertex -2.79313 92.0969 225.802
      vertex -2.81867 92.0484 225.78
    endloop
  endfacet
  facet normal 0.254993 -0.287496 -0.923214
    outer loop
      vertex 7.46747 99.1666 221.565
      vertex 6.12195 97.0005 221.868
      vertex 6.74897 99.1203 221.381
    endloop
  endfacet
  facet normal 0.232603 -0.726212 0.646925
    outer loop
      vertex 1.75718 92.3429 225.238
      vertex 0.144921 91.4201 224.781
      vertex 2.04764 92.3616 225.154
    endloop
  endfacet
  facet normal 0.151027 -0.468328 -0.870552
    outer loop
      vertex -0.362512 92.2065 222.501
      vertex -0.781629 92.1795 222.443
      vertex 0.149319 93.3816 221.958
    endloop
  endfacet
  facet normal 0.056799 -0.0869551 0.994592
    outer loop
      vertex 2.0261 113.474 229.6
      vertex 0.475069 109.911 229.377
      vertex 1.86013 110 229.306
    endloop
  endfacet
  facet normal 0.0680865 -0.00465884 0.997669
    outer loop
      vertex 2.85989 137.612 230.382
      vertex 1.62405 137.533 230.466
      vertex 1.80909 134.065 230.437
    endloop
  endfacet
  facet normal 0.934473 -0.0554847 -0.351684
    outer loop
      vertex 21.0335 130.795 224.07
      vertex 20.7749 126.448 224.068
      vertex 20.8783 130.785 223.659
    endloop
  endfacet
  facet normal 0.10418 -0.0246089 -0.994254
    outer loop
      vertex 2.31679 125.26 218.059
      vertex 2.20731 129.583 217.941
      vertex 3.82859 129.688 218.108
    endloop
  endfacet
  facet normal 0.121167 -0.0242509 -0.992336
    outer loop
      vertex 5.4564 125.462 218.41
      vertex 3.82859 129.688 218.108
      vertex 5.40954 129.79 218.299
    endloop
  endfacet
  facet normal 0.121948 -0.0373915 -0.991832
    outer loop
      vertex 5.41028 121.322 218.561
      vertex 3.90195 121.225 218.379
      vertex 3.90636 125.362 218.223
    endloop
  endfacet
  facet normal 0.158708 -0.037799 -0.986602
    outer loop
      vertex 8.41357 125.652 218.849
      vertex 6.87418 121.416 218.764
      vertex 6.96078 125.559 218.619
    endloop
  endfacet
  facet normal 0.0702839 -0.0396753 0.996738
    outer loop
      vertex 3.69908 125.349 230.123
      vertex 2.10476 125.246 230.232
      vertex 3.70024 121.212 229.959
    endloop
  endfacet
  facet normal 0.441457 -0.11097 -0.890394
    outer loop
      vertex 16.5845 114.411 221.935
      vertex 15.8998 114.367 221.601
      vertex 17.3391 118.162 221.841
    endloop
  endfacet
  facet normal 0.350902 -0.19057 -0.916816
    outer loop
      vertex 13.2622 107.525 221.581
      vertex 12.0943 104.507 221.762
      vertex 12.508 107.477 221.303
    endloop
  endfacet
  facet normal 0.0926329 -0.133435 0.986719
    outer loop
      vertex 4.13941 106.938 228.78
      vertex 2.50306 103.89 228.522
      vertex 3.65173 103.963 228.424
    endloop
  endfacet
  facet normal 0.828301 -0.472276 -0.301449
    outer loop
      vertex 15.112 104.701 224.05
      vertex 13.4302 101.927 223.775
      vertex 14.9996 104.694 223.753
    endloop
  endfacet
  facet normal 0.0951453 -0.154739 -0.983363
    outer loop
      vertex 1.48236 103.824 219.613
      vertex 0.293916 102.78 219.663
      vertex 0.379187 103.753 219.518
    endloop
  endfacet
  facet normal 0.0951665 -0.154762 -0.983357
    outer loop
      vertex 1.48236 103.824 219.613
      vertex 0.265239 102.594 219.689
      vertex 0.293916 102.78 219.663
    endloop
  endfacet
  facet normal 0.0951405 -0.154737 -0.983364
    outer loop
      vertex 0.265239 102.594 219.689
      vertex 1.48236 103.824 219.613
      vertex 0.100254 101.23 219.888
    endloop
  endfacet
  facet normal 0.436027 -0.270947 -0.858177
    outer loop
      vertex 13.2884 104.584 222.303
      vertex 11.3569 101.794 222.202
      vertex 12.7258 104.547 222.028
    endloop
  endfacet
  facet normal 0.829927 -0.189378 -0.524745
    outer loop
      vertex 18.667 114.545 223.699
      vertex 18.4354 114.53 223.338
      vertex 19.5157 118.302 223.686
    endloop
  endfacet
  facet normal 0.105256 -0.0397278 0.993651
    outer loop
      vertex 5.25468 125.449 229.991
      vertex 5.21398 121.309 229.83
      vertex 6.76542 125.546 229.835
    endloop
  endfacet
  facet normal 0.497857 -0.0331422 -0.866626
    outer loop
      vertex 18.9708 126.332 222.082
      vertex 18.5146 130.633 221.656
      vertex 19.1934 130.677 222.044
    endloop
  endfacet
  facet normal 0.935496 -0.0125669 -0.353114
    outer loop
      vertex 21.0335 130.795 224.07
      vertex 20.8783 130.785 223.659
      vertex 20.9372 135.296 223.654
    endloop
  endfacet
  facet normal 0.248711 -0.00950337 -0.968531
    outer loop
      vertex 12.4979 130.246 219.571
      vertex 12.45 134.75 219.514
      vertex 13.6807 134.829 219.83
    endloop
  endfacet
  facet normal 0.647487 -0.0735762 -0.758517
    outer loop
      vertex 19.5651 122.233 222.895
      vertex 19.5373 126.368 222.471
      vertex 20.0026 126.398 222.865
    endloop
  endfacet
  facet normal 0.123713 -0.0682092 -0.989971
    outer loop
      vertex 5.03802 113.668 218.977
      vertex 3.6451 113.578 218.809
      vertex 3.81476 117.291 218.574
    endloop
  endfacet
  facet normal 0.178901 -0.0382942 -0.983122
    outer loop
      vertex 9.64579 121.594 219.232
      vertex 8.28787 121.507 218.988
      vertex 8.41357 125.652 218.849
    endloop
  endfacet
  facet normal 0.221911 0.0031437 -0.975062
    outer loop
      vertex 11.1438 134.666 219.217
      vertex 11.3324 138.158 219.271
      vertex 12.45 134.75 219.514
    endloop
  endfacet
  facet normal 0.221907 0.00314392 -0.975063
    outer loop
      vertex 11.3324 138.158 219.271
      vertex 11.1438 134.666 219.217
      vertex 11.0006 138.136 219.196
    endloop
  endfacet
  facet normal 0.205317 -0.146363 -0.967689
    outer loop
      vertex 7.99875 104.243 220.581
      vertex 7.77338 107.172 220.09
      vertex 8.8367 107.24 220.305
    endloop
  endfacet
  facet normal 0.125132 -0.0554753 0.990588
    outer loop
      vertex 6.68407 121.404 229.678
      vertex 6.50016 117.464 229.48
      vertex 7.87141 117.552 229.312
    endloop
  endfacet
  facet normal 0.410924 -0.471583 -0.780225
    outer loop
      vertex 8.60762 97.1605 222.786
      vertex 6.44193 95.2474 222.802
      vertex 8.20533 97.1346 222.59
    endloop
  endfacet
  facet normal 0.31183 -0.320084 -0.8946
    outer loop
      vertex 8.7611 99.2498 221.962
      vertex 6.70999 97.0383 222.038
      vertex 8.13906 99.2098 221.759
    endloop
  endfacet
  facet normal 0.776226 -0.549078 0.309816
    outer loop
      vertex 13.5233 101.933 224.587
      vertex 11.687 99.4381 224.766
      vertex 11.7872 99.4446 224.526
    endloop
  endfacet
  facet normal 0.753902 -0.648239 0.106851
    outer loop
      vertex 11.7872 99.4446 224.526
      vertex 9.90427 97.2439 224.46
      vertex 9.93603 97.246 224.249
    endloop
  endfacet
  facet normal 0.252979 -0.959658 -0.122715
    outer loop
      vertex -1.36308 90.8302 223.968
      vertex -1.38774 90.8287 223.93
      vertex 1.08994 91.4809 223.937
    endloop
  endfacet
  facet normal 0.167328 -0.479181 -0.861619
    outer loop
      vertex 1.22987 93.4512 222.118
      vertex -0.362512 92.2065 222.501
      vertex 0.699019 93.417 222.034
    endloop
  endfacet
  facet normal 0.27371 -0.454107 -0.847861
    outer loop
      vertex 3.53106 93.5993 222.642
      vertex 3.12413 93.5731 222.525
      vertex 4.67165 95.1335 222.189
    endloop
  endfacet
  facet normal 0.0925203 -0.593195 0.799725
    outer loop
      vertex -1.71539 92.1194 225.736
      vertex -2.40242 91.2561 225.175
      vertex -1.27121 92.148 225.706
    endloop
  endfacet
  facet normal 0.820596 -0.0939366 0.563735
    outer loop
      vertex 20.3231 126.419 225.662
      vertex 20.1412 122.27 225.235
      vertex 20.5947 126.436 225.269
    endloop
  endfacet
  facet normal 0.218463 -0.0824754 0.972354
    outer loop
      vertex 11.6457 117.795 228.684
      vertex 11.1373 114.06 228.482
      vertex 12.7741 117.868 228.437
    endloop
  endfacet
  facet normal 0.104441 -0.0262208 0.994185
    outer loop
      vertex 6.74466 129.876 229.951
      vertex 5.20379 129.776 230.11
      vertex 5.25468 125.449 229.991
    endloop
  endfacet
  facet normal 0.213994 0.00202366 0.976833
    outer loop
      vertex 12.4593 138.23 229.106
      vertex 12.2821 134.739 229.152
      vertex 13.5231 134.819 228.88
    endloop
  endfacet
  facet normal 0.213991 0.00202381 0.976834
    outer loop
      vertex 12.2821 134.739 229.152
      vertex 12.4593 138.23 229.106
      vertex 12.144 138.21 229.175
    endloop
  endfacet
  facet normal 0.0720972 -0.0697901 0.994953
    outer loop
      vertex 3.62007 117.279 229.751
      vertex 2.0261 113.474 229.6
      vertex 3.45882 113.566 229.503
    endloop
  endfacet
  facet normal 0.0557447 -0.0694365 0.996028
    outer loop
      vertex 0.594644 117.084 229.932
      vertex 0.564245 113.38 229.675
      vertex 2.12258 117.183 229.853
    endloop
  endfacet
  facet normal 0.0901965 -0.0886994 0.991966
    outer loop
      vertex 4.85674 113.656 229.384
      vertex 3.45882 113.566 229.503
      vertex 4.54206 110.173 229.101
    endloop
  endfacet
  facet normal 0.121958 -0.00197217 0.992533
    outer loop
      vertex 7.59151 137.917 229.915
      vertex 8.13136 134.472 229.842
      vertex 7.97463 137.942 229.868
    endloop
  endfacet
  facet normal 0.121937 -0.00197559 0.992536
    outer loop
      vertex 8.13136 134.472 229.842
      vertex 7.59151 137.917 229.915
      vertex 6.62333 134.375 230.027
    endloop
  endfacet
  facet normal 0.223525 -0.0241875 -0.974398
    outer loop
      vertex 12.4979 130.246 219.571
      vertex 11.1417 125.828 219.37
      vertex 11.2082 130.163 219.277
    endloop
  endfacet
  facet normal 0.0864964 -0.00311983 -0.996247
    outer loop
      vertex 0.464622 134.024 217.728
      vertex 2.02811 134.079 217.864
      vertex 0.465249 133.978 217.728
    endloop
  endfacet
  facet normal 0.0865027 -0.00330354 -0.996246
    outer loop
      vertex 0.313034 137.072 217.705
      vertex 2.02811 134.079 217.864
      vertex 0.464622 134.024 217.728
    endloop
  endfacet
  facet normal 0.086494 -0.00330855 -0.996247
    outer loop
      vertex 2.02811 134.079 217.864
      vertex 0.313034 137.072 217.705
      vertex 0.586103 137.466 217.727
    endloop
  endfacet
  facet normal 0.08652 -0.00332668 -0.996245
    outer loop
      vertex 0.307957 137.338 217.704
      vertex 0.586103 137.466 217.727
      vertex 0.313034 137.072 217.705
    endloop
  endfacet
  facet normal 0.0865046 -0.00329319 -0.996246
    outer loop
      vertex 0.586103 137.466 217.727
      vertex 0.307957 137.338 217.704
      vertex 0.301953 137.448 217.703
    endloop
  endfacet
  facet normal 0.1579 -0.0238537 -0.987167
    outer loop
      vertex 6.96078 125.559 218.619
      vertex 6.94392 129.888 218.512
      vertex 8.41357 125.652 218.849
    endloop
  endfacet
  facet normal 0.10579 -0.0516851 -0.993044
    outer loop
      vertex 3.81476 117.291 218.574
      vertex 2.32174 117.195 218.42
      vertex 2.35515 121.125 218.219
    endloop
  endfacet
  facet normal 0.139801 -0.0375039 -0.989469
    outer loop
      vertex 6.87418 121.416 218.764
      vertex 5.41028 121.322 218.561
      vertex 6.96078 125.559 218.619
    endloop
  endfacet
  facet normal 0.0904014 -0.0672061 -0.993635
    outer loop
      vertex 2.21664 113.486 218.662
      vertex 0.868177 113.66 218.527
      vertex 2.32174 117.195 218.42
    endloop
  endfacet
  facet normal 0.0904016 -0.067204 -0.993635
    outer loop
      vertex 0.868177 113.66 218.527
      vertex 2.21664 113.486 218.662
      vertex 0.864048 113.399 218.544
    endloop
  endfacet
  facet normal 0.201548 -0.055733 -0.977892
    outer loop
      vertex 10.6106 117.729 219.651
      vertex 9.35891 117.648 219.397
      vertex 10.9426 121.678 219.494
    endloop
  endfacet
  facet normal 0.351048 -0.154524 -0.923519
    outer loop
      vertex 14.2768 110.8 221.419
      vertex 13.2622 107.525 221.581
      vertex 13.472 110.748 221.122
    endloop
  endfacet
  facet normal 0.227058 -0.0989325 -0.968843
    outer loop
      vertex 10.6311 110.565 220.303
      vertex 10.147 113.996 219.839
      vertex 11.2834 114.07 220.098
    endloop
  endfacet
  facet normal 0.253472 -0.351538 -0.901206
    outer loop
      vertex 6.12195 97.0005 221.868
      vertex 4.13708 95.0991 222.052
      vertex 5.49285 96.96 221.707
    endloop
  endfacet
  facet normal 0.452328 -0.507026 -0.733706
    outer loop
      vertex 8.95904 97.1831 222.987
      vertex 7.08237 95.2887 223.14
      vertex 8.60762 97.1605 222.786
    endloop
  endfacet
  facet normal 0.733451 -0.627286 -0.261844
    outer loop
      vertex 9.91166 97.2444 224.036
      vertex 9.83127 97.2392 223.823
      vertex 11.7039 99.4392 223.798
    endloop
  endfacet
  facet normal 0.392758 -0.132423 -0.910058
    outer loop
      vertex 15.005 110.846 221.727
      vertex 14.2768 110.8 221.419
      vertex 15.8998 114.367 221.601
    endloop
  endfacet
  facet normal 0.538022 -0.0678371 0.840197
    outer loop
      vertex 19.4684 126.364 226.426
      vertex 18.4811 122.163 226.719
      vertex 19.0452 122.199 226.36
    endloop
  endfacet
  facet normal 0.641346 -0.195059 -0.742042
    outer loop
      vertex 18.1098 114.509 222.98
      vertex 16.7027 110.956 222.698
      vertex 17.6917 114.482 222.626
    endloop
  endfacet
  facet normal 0.350122 -0.232318 -0.907438
    outer loop
      vertex 10.781 101.757 221.959
      vertex 10.1445 101.716 221.724
      vertex 11.3963 104.462 221.504
    endloop
  endfacet
  facet normal 0.185777 -0.209143 -0.960076
    outer loop
      vertex 6.14922 101.459 220.701
      vertex 4.34123 98.9654 220.894
      vertex 5.20962 101.398 220.532
    endloop
  endfacet
  facet normal 0.305052 -0.82326 0.478734
    outer loop
      vertex 2.77158 92.4082 224.878
      vertex 0.634987 91.4516 224.594
      vertex 2.96057 92.4204 224.778
    endloop
  endfacet
  facet normal 0.807531 -0.303647 -0.50566
    outer loop
      vertex 16.4017 107.727 223.733
      vertex 16.196 107.714 223.412
      vertex 17.4073 111.001 223.373
    endloop
  endfacet
  facet normal 0.740458 -0.0105551 -0.67202
    outer loop
      vertex 20.6153 130.768 223.249
      vertex 20.2459 130.744 222.842
      vertex 20.6709 135.279 223.239
    endloop
  endfacet
  facet normal 0.916612 -0.208296 -0.341225
    outer loop
      vertex 18.8038 114.554 224.061
      vertex 18.667 114.545 223.699
      vertex 19.5157 118.302 223.686
    endloop
  endfacet
  facet normal 0.738087 -0.123917 -0.663228
    outer loop
      vertex 19.9176 122.255 223.283
      vertex 18.9334 118.264 222.934
      vertex 19.5651 122.233 222.895
    endloop
  endfacet
  facet normal 0.495883 0.0130646 -0.868291
    outer loop
      vertex 19.2309 135.186 222.019
      vertex 18.9492 138.648 221.91
      vertex 19.1238 138.659 222.01
    endloop
  endfacet
  facet normal 0.495853 0.0130616 -0.868308
    outer loop
      vertex 18.9492 138.648 221.91
      vertex 19.2309 135.186 222.019
      vertex 18.5434 135.142 221.626
    endloop
  endfacet
  facet normal 0.313503 -0.0891339 -0.945395
    outer loop
      vertex 14.2818 114.263 220.962
      vertex 13.3549 114.203 220.661
      vertex 13.9635 117.945 220.51
    endloop
  endfacet
  facet normal 0.619998 -0.111967 0.776573
    outer loop
      vertex 19.0452 122.199 226.36
      vertex 18.4316 118.232 226.278
      vertex 19.5111 122.229 225.993
    endloop
  endfacet
  facet normal 0.931378 -0.102293 -0.349386
    outer loop
      vertex 20.7749 126.448 224.068
      vertex 20.1684 122.272 223.674
      vertex 20.6227 126.438 223.665
    endloop
  endfacet
  facet normal 0.740063 -0.0826328 -0.667441
    outer loop
      vertex 20.3649 126.421 223.264
      vertex 19.5651 122.233 222.895
      vertex 20.0026 126.398 222.865
    endloop
  endfacet
  facet normal 0.566055 -0.13478 -0.813275
    outer loop
      vertex 18.4963 118.236 222.563
      vertex 17.6917 114.482 222.626
      vertex 17.9642 118.202 222.199
    endloop
  endfacet
  facet normal 0.498877 -0.0891712 -0.862073
    outer loop
      vertex 17.9642 118.202 222.199
      vertex 17.9134 122.126 221.763
      vertex 18.561 122.168 222.134
    endloop
  endfacet
  facet normal 0.498721 -0.121687 -0.858178
    outer loop
      vertex 17.9642 118.202 222.199
      vertex 16.5845 114.411 221.935
      vertex 17.3391 118.162 221.841
    endloop
  endfacet
  facet normal 0.392608 -0.166459 -0.904516
    outer loop
      vertex 15.005 110.846 221.727
      vertex 13.2622 107.525 221.581
      vertex 14.2768 110.8 221.419
    endloop
  endfacet
  facet normal 0.311863 -0.0449797 -0.949062
    outer loop
      vertex 15.4199 121.966 220.711
      vertex 14.4162 121.901 220.384
      vertex 14.7113 126.058 220.284
    endloop
  endfacet
  facet normal 0.222703 -0.00985738 -0.974836
    outer loop
      vertex 11.2082 130.163 219.277
      vertex 11.1438 134.666 219.217
      vertex 12.4979 130.246 219.571
    endloop
  endfacet
  facet normal 0.645744 0.0178563 -0.763345
    outer loop
      vertex 20.2967 135.255 222.827
      vertex 20.0724 138.72 222.719
      vertex 20.1945 138.728 222.822
    endloop
  endfacet
  facet normal 0.645719 0.017854 -0.763366
    outer loop
      vertex 20.0724 138.72 222.719
      vertex 20.2967 135.255 222.827
      vertex 19.8161 135.224 222.42
    endloop
  endfacet
  facet normal 0.740066 -0.0826334 -0.667439
    outer loop
      vertex 19.9176 122.255 223.283
      vertex 19.5651 122.233 222.895
      vertex 20.3649 126.421 223.264
    endloop
  endfacet
  facet normal 0.221908 0.00314261 -0.975063
    outer loop
      vertex 12.45 134.75 219.514
      vertex 11.3324 138.158 219.271
      vertex 12.3126 138.221 219.494
    endloop
  endfacet
  facet normal 0.224374 -0.0399987 -0.973682
    outer loop
      vertex 12.1731 121.757 219.774
      vertex 11.1417 125.828 219.37
      vertex 12.4062 125.909 219.658
    endloop
  endfacet
  facet normal 0.226163 -0.0770322 -0.971039
    outer loop
      vertex 11.7983 117.805 219.921
      vertex 10.147 113.996 219.839
      vertex 10.6106 117.729 219.651
    endloop
  endfacet
  facet normal 0.252188 -0.0803011 -0.964341
    outer loop
      vertex 12.3541 114.139 220.372
      vertex 11.2834 114.07 220.098
      vertex 12.9174 117.877 220.208
    endloop
  endfacet
  facet normal 0.198292 0.00213801 -0.980141
    outer loop
      vertex 11.1438 134.666 219.217
      vertex 10.6508 138.114 219.125
      vertex 11.0006 138.136 219.196
    endloop
  endfacet
  facet normal 0.198285 0.00213699 -0.980142
    outer loop
      vertex 10.6508 138.114 219.125
      vertex 11.1438 134.666 219.217
      vertex 9.76725 134.577 218.938
    endloop
  endfacet
  facet normal 0.388413 0.0094357 -0.921437
    outer loop
      vertex 16.873 135.034 220.869
      vertex 16.7554 138.507 220.855
      vertex 17.4183 138.549 221.135
    endloop
  endfacet
  facet normal 0.346955 -0.00880467 -0.93784
    outer loop
      vertex 16.8652 130.527 220.908
      vertex 15.8966 134.971 220.508
      vertex 16.873 135.034 220.869
    endloop
  endfacet
  facet normal 0.125769 -0.107252 -0.986245
    outer loop
      vertex 4.30037 106.948 219.54
      vertex 3.06358 106.869 219.391
      vertex 4.71382 110.184 219.241
    endloop
  endfacet
  facet normal 0.0894479 -0.453657 0.886676
    outer loop
      vertex -1.07537 93.3028 226.277
      vertex -1.71539 92.1194 225.736
      vertex -1.27121 92.148 225.706
    endloop
  endfacet
  facet normal 0.0378705 -0.344263 0.938109
    outer loop
      vertex -2.16684 93.7288 226.509
      vertex -2.2737 93.2257 226.329
      vertex -2.16359 93.7394 226.513
    endloop
  endfacet
  facet normal 0.0413328 -0.344866 0.937741
    outer loop
      vertex -2.17929 93.6979 226.499
      vertex -2.2737 93.2257 226.329
      vertex -2.16684 93.7288 226.509
    endloop
  endfacet
  facet normal 0.0411669 -0.344839 0.937759
    outer loop
      vertex -2.2737 93.2257 226.329
      vertex -2.17929 93.6979 226.499
      vertex -2.35673 93.2204 226.331
    endloop
  endfacet
  facet normal 0.281997 -0.30249 -0.910482
    outer loop
      vertex 6.70999 97.0383 222.038
      vertex 6.12195 97.0005 221.868
      vertex 7.46747 99.1666 221.565
    endloop
  endfacet
  facet normal 0.564254 -0.174765 -0.806892
    outer loop
      vertex 16.7027 110.956 222.698
      vertex 16.2203 110.925 222.367
      vertex 17.1826 114.449 222.277
    endloop
  endfacet
  facet normal 0.716204 -0.513324 0.47281
    outer loop
      vertex 13.2285 101.914 225.119
      vertex 11.5232 99.4276 225.002
      vertex 11.687 99.4381 224.766
    endloop
  endfacet
  facet normal 0.776226 -0.549078 0.309817
    outer loop
      vertex 13.4114 101.926 224.855
      vertex 11.687 99.4381 224.766
      vertex 13.5233 101.933 224.587
    endloop
  endfacet
  facet normal 0.373135 -0.440357 -0.816613
    outer loop
      vertex 6.44193 95.2474 222.802
      vertex 6.0582 95.2227 222.64
      vertex 8.20533 97.1346 222.59
    endloop
  endfacet
  facet normal 0.186691 -0.254676 -0.948834
    outer loop
      vertex 4.1215 96.8717 221.413
      vertex 3.38467 96.8243 221.28
      vertex 5.18276 99.0195 221.045
    endloop
  endfacet
  facet normal 0.616569 -0.359833 -0.70026
    outer loop
      vertex 14.5418 104.664 223.162
      vertex 12.6994 101.88 222.97
      vertex 14.1982 104.642 222.871
    endloop
  endfacet
  facet normal 0.481177 -0.355859 -0.801145
    outer loop
      vertex 10.7077 99.3751 222.844
      vertex 10.3063 99.3493 222.614
      vertex 12.318 101.856 222.709
    endloop
  endfacet
  facet normal 0.0435586 -0.128919 0.990698
    outer loop
      vertex 0.0756835 106.449 229.019
      vertex 0.32806 106.693 229.039
      vertex 0.0922944 106.678 229.048
    endloop
  endfacet
  facet normal 0.0436495 -0.129012 0.990682
    outer loop
      vertex 0.0670055 106.383 229.01
      vertex 0.32806 106.693 229.039
      vertex 0.0756835 106.449 229.019
    endloop
  endfacet
  facet normal 0.0435163 -0.128901 0.990702
    outer loop
      vertex 0.32806 106.693 229.039
      vertex 0.0670055 106.383 229.01
      vertex 0.0344327 106.067 228.971
    endloop
  endfacet
  facet normal 0.0567979 -0.0869547 0.994592
    outer loop
      vertex 0.564245 113.38 229.675
      vertex 0.475069 109.911 229.377
      vertex 2.0261 113.474 229.6
    endloop
  endfacet
  facet normal 0.268837 -0.773337 0.574174
    outer loop
      vertex 2.3142 92.3788 225.066
      vertex 0.488942 91.4422 224.659
      vertex 2.55584 92.3943 224.974
    endloop
  endfacet
  facet normal 0.212903 -0.544268 0.811446
    outer loop
      vertex 3.06836 93.5695 225.726
      vertex 1.10929 92.3012 225.389
      vertex 1.44399 92.3228 225.316
    endloop
  endfacet
  facet normal 0.0861351 -0.356071 0.930481
    outer loop
      vertex 0.230496 94.8477 226.747
      vertex -1.07537 93.3028 226.277
      vertex -0.492805 93.3403 226.237
    endloop
  endfacet
  facet normal 0.20632 -0.664837 -0.717931
    outer loop
      vertex 1.15457 92.3041 222.79
      vertex -0.698117 91.3658 223.127
      vertex 0.802273 92.2815 222.71
    endloop
  endfacet
  facet normal 0.408262 -0.0326978 0.912279
    outer loop
      vertex 17.628 130.576 227.565
      vertex 17.4359 126.233 227.496
      vertex 18.4178 130.627 227.214
    endloop
  endfacet
  facet normal 0.479126 -0.682875 0.55147
    outer loop
      vertex 7.30565 95.303 225.088
      vertex 5.2693 93.7112 224.886
      vertex 7.52046 95.3168 224.919
    endloop
  endfacet
  facet normal 0.885178 -0.331601 -0.326344
    outer loop
      vertex 17.7565 111.024 224.058
      vertex 16.4017 107.727 223.733
      vertex 17.6268 111.015 223.715
    endloop
  endfacet
  facet normal 0.190333 -0.0421896 0.980813
    outer loop
      vertex 10.9699 125.817 229.231
      vertex 10.7754 121.667 229.09
      vertex 12.0149 121.747 228.853
    endloop
  endfacet
  facet normal 0.988506 0.0279278 0.148576
    outer loop
      vertex 21.0279 138.782 224.594
      vertex 20.9813 138.779 224.905
      vertex 21.08 135.305 224.901
    endloop
  endfacet
  facet normal 0.0882049 -0.0541877 0.994627
    outer loop
      vertex 5.21398 121.309 229.83
      vertex 3.62007 117.279 229.751
      vertex 5.08118 117.373 229.627
    endloop
  endfacet
  facet normal 0.318682 -0.156608 0.934835
    outer loop
      vertex 13.3604 110.741 227.527
      vertex 12.4034 107.47 227.305
      vertex 13.1669 107.519 227.053
    endloop
  endfacet
  facet normal 0.0711511 -0.0539137 0.996007
    outer loop
      vertex 3.70024 121.212 229.959
      vertex 2.14882 121.112 230.064
      vertex 3.62007 117.279 229.751
    endloop
  endfacet
  facet normal 0.038781 -0.0540143 0.997787
    outer loop
      vertex 0.584445 118.475 230.008
      vertex 0.567466 117.082 229.933
      vertex 0.594644 117.084 229.932
    endloop
  endfacet
  facet normal 0.0544826 -0.0536313 0.997073
    outer loop
      vertex 0.591015 119.013 230.036
      vertex 2.14882 121.112 230.064
      vertex 0.593317 119.068 230.039
    endloop
  endfacet
  facet normal 0.0547916 -0.0538661 0.997044
    outer loop
      vertex 0.593317 119.068 230.039
      vertex 2.14882 121.112 230.064
      vertex 0.589663 121.011 230.144
    endloop
  endfacet
  facet normal 0.0548228 -0.0538834 0.997041
    outer loop
      vertex 2.14882 121.112 230.064
      vertex 0.591015 119.013 230.036
      vertex 0.584445 118.475 230.008
    endloop
  endfacet
  facet normal 0.0547774 -0.0538566 0.997045
    outer loop
      vertex 2.14882 121.112 230.064
      vertex 0.584445 118.475 230.008
      vertex 0.594644 117.084 229.932
    endloop
  endfacet
  facet normal 0.281841 -0.146735 0.948174
    outer loop
      vertex 12.4727 110.684 227.782
      vertex 11.5716 107.416 227.544
      vertex 12.4034 107.47 227.305
    endloop
  endfacet
  facet normal 0.126089 -0.0727061 0.989351
    outer loop
      vertex 6.50016 117.464 229.48
      vertex 6.21435 113.743 229.243
      vertex 7.87141 117.552 229.312
    endloop
  endfacet
  facet normal 0.072093 -0.0697883 0.994953
    outer loop
      vertex 2.12258 117.183 229.853
      vertex 2.0261 113.474 229.6
      vertex 3.62007 117.279 229.751
    endloop
  endfacet
  facet normal 0.0702844 -0.0396751 0.996738
    outer loop
      vertex 3.70024 121.212 229.959
      vertex 2.10476 125.246 230.232
      vertex 2.14882 121.112 230.064
    endloop
  endfacet
  facet normal 0.0532507 -0.0273351 0.998207
    outer loop
      vertex 1.99106 129.57 230.356
      vertex 0.546651 125.565 230.323
      vertex 0.54804 125.347 230.317
    endloop
  endfacet
  facet normal 0.0530072 -0.0270305 0.998228
    outer loop
      vertex 0.471202 128.784 230.415
      vertex 1.99106 129.57 230.356
      vertex 0.471537 128.833 230.417
    endloop
  endfacet
  facet normal 0.0531397 -0.0273051 0.998214
    outer loop
      vertex 0.471537 128.833 230.417
      vertex 1.99106 129.57 230.356
      vertex 0.451375 129.47 230.435
    endloop
  endfacet
  facet normal 0.0433845 -0.027411 0.998682
    outer loop
      vertex 0.54804 125.347 230.317
      vertex 0.546651 125.565 230.323
      vertex 0.545799 125.515 230.322
    endloop
  endfacet
  facet normal 0.0531443 -0.0272968 0.998214
    outer loop
      vertex 1.99106 129.57 230.356
      vertex 0.471202 128.784 230.415
      vertex 0.546651 125.565 230.323
    endloop
  endfacet
  facet normal 0.0694908 -0.0268418 0.997221
    outer loop
      vertex 3.61717 129.674 230.245
      vertex 2.10476 125.246 230.232
      vertex 3.69908 125.349 230.123
    endloop
  endfacet
  facet normal 0.177302 -0.0107176 -0.984098
    outer loop
      vertex 9.84898 130.075 219.002
      vertex 8.42569 129.984 218.747
      vertex 9.76725 134.577 218.938
    endloop
  endfacet
  facet normal 0.199042 -0.010264 -0.979937
    outer loop
      vertex 11.2082 130.163 219.277
      vertex 9.76725 134.577 218.938
      vertex 11.1438 134.666 219.217
    endloop
  endfacet
  facet normal 0.179769 -0.0543297 -0.982207
    outer loop
      vertex 9.64579 121.594 219.232
      vertex 8.04821 117.564 219.162
      vertex 8.28787 121.507 218.988
    endloop
  endfacet
  facet normal 0.120435 -0.0123435 -0.992644
    outer loop
      vertex 3.82859 129.688 218.108
      vertex 3.67007 134.185 218.033
      vertex 5.27118 134.288 218.226
    endloop
  endfacet
  facet normal 0.0878802 -0.0250014 -0.995817
    outer loop
      vertex 0.773262 125.388 217.92
      vertex 2.31679 125.26 218.059
      vertex 0.780227 125.161 217.926
    endloop
  endfacet
  facet normal 0.0878749 -0.0250645 -0.995816
    outer loop
      vertex 2.31679 125.26 218.059
      vertex 0.773262 125.388 217.92
      vertex 2.20731 129.583 217.941
    endloop
  endfacet
  facet normal 0.137568 -0.000658442 -0.990492
    outer loop
      vertex 6.82514 134.388 218.442
      vertex 5.49643 137.782 218.255
      vertex 6.66256 137.857 218.417
    endloop
  endfacet
  facet normal 0.10495 -0.0374462 -0.993772
    outer loop
      vertex 3.90195 121.225 218.379
      vertex 2.31679 125.26 218.059
      vertex 3.90636 125.362 218.223
    endloop
  endfacet
  facet normal 0.104174 -0.0246069 -0.994255
    outer loop
      vertex 3.90636 125.362 218.223
      vertex 2.31679 125.26 218.059
      vertex 3.82859 129.688 218.108
    endloop
  endfacet
  facet normal 0.124702 -0.0864807 -0.988418
    outer loop
      vertex 4.71382 110.184 219.241
      vertex 3.6451 113.578 218.809
      vertex 5.03802 113.668 218.977
    endloop
  endfacet
  facet normal 0.139797 -0.0375025 -0.98947
    outer loop
      vertex 6.96078 125.559 218.619
      vertex 5.41028 121.322 218.561
      vertex 5.4564 125.462 218.41
    endloop
  endfacet
  facet normal 0.104953 -0.0374453 -0.993772
    outer loop
      vertex 2.35515 121.125 218.219
      vertex 2.31679 125.26 218.059
      vertex 3.90195 121.225 218.379
    endloop
  endfacet
  facet normal 0.111343 -0.156723 -0.981346
    outer loop
      vertex 2.17484 101.203 220.111
      vertex 1.48236 103.824 219.613
      vertex 2.65612 103.899 219.735
    endloop
  endfacet
  facet normal 0.106703 -0.0675612 -0.991993
    outer loop
      vertex 3.81476 117.291 218.574
      vertex 2.21664 113.486 218.662
      vertex 2.32174 117.195 218.42
    endloop
  endfacet
  facet normal 0.253051 -0.103365 -0.961915
    outer loop
      vertex 12.3541 114.139 220.372
      vertex 10.6311 110.565 220.303
      vertex 11.2834 114.07 220.098
    endloop
  endfacet
  facet normal 0.160489 -0.0704984 -0.984517
    outer loop
      vertex 7.69545 113.839 219.371
      vertex 6.38992 113.755 219.165
      vertex 8.04821 117.564 219.162
    endloop
  endfacet
  facet normal 0.142542 -0.0879491 -0.985874
    outer loop
      vertex 5.99469 110.267 219.419
      vertex 4.71382 110.184 219.241
      vertex 6.38992 113.755 219.165
    endloop
  endfacet
  facet normal 0.225262 -0.057519 -0.972599
    outer loop
      vertex 11.7983 117.805 219.921
      vertex 10.6106 117.729 219.651
      vertex 12.1731 121.757 219.774
    endloop
  endfacet
  facet normal 0.281077 -0.0842873 -0.955977
    outer loop
      vertex 13.3549 114.203 220.661
      vertex 12.3541 114.139 220.372
      vertex 12.9174 117.877 220.208
    endloop
  endfacet
  facet normal 0.314186 -0.115178 -0.942349
    outer loop
      vertex 13.472 110.748 221.122
      vertex 12.5937 110.691 220.836
      vertex 14.2818 114.263 220.962
    endloop
  endfacet
  facet normal 0.12695 -0.131224 -0.983191
    outer loop
      vertex 3.80069 103.973 219.872
      vertex 2.65612 103.899 219.735
      vertex 4.30037 106.948 219.54
    endloop
  endfacet
  facet normal 0.230156 -0.225743 -0.946609
    outer loop
      vertex 6.74897 99.1203 221.381
      vertex 5.98639 99.0713 221.208
      vertex 7.89794 101.571 221.076
    endloop
  endfacet
  facet normal 0.314951 -0.178337 -0.932203
    outer loop
      vertex 11.3963 104.462 221.504
      vertex 10.6346 104.413 221.256
      vertex 12.508 107.477 221.303
    endloop
  endfacet
  facet normal 0.387203 -0.302348 -0.87101
    outer loop
      vertex 11.3569 101.794 222.202
      vertex 9.33112 99.2865 222.172
      vertex 10.781 101.757 221.959
    endloop
  endfacet
  facet normal 0.719973 -0.272968 -0.638065
    outer loop
      vertex 17.4073 111.001 223.373
      vertex 16.196 107.714 223.412
      vertex 17.0989 110.981 223.033
    endloop
  endfacet
  facet normal 0.641346 -0.195058 -0.742043
    outer loop
      vertex 17.0989 110.981 223.033
      vertex 16.7027 110.956 222.698
      vertex 18.1098 114.509 222.98
    endloop
  endfacet
  facet normal 0.253055 -0.103367 -0.961914
    outer loop
      vertex 11.6455 110.63 220.563
      vertex 10.6311 110.565 220.303
      vertex 12.3541 114.139 220.372
    endloop
  endfacet
  facet normal 0.185751 -0.209125 -0.960085
    outer loop
      vertex 5.18276 99.0195 221.045
      vertex 4.34123 98.9654 220.894
      vertex 6.14922 101.459 220.701
    endloop
  endfacet
  facet normal 0.705581 -0.220137 0.673569
    outer loop
      vertex 18.06 114.506 225.84
      vertex 17.3718 110.999 225.415
      vertex 18.3978 114.528 225.493
    endloop
  endfacet
  facet normal 0.807535 -0.303647 -0.505653
    outer loop
      vertex 17.6268 111.015 223.715
      vertex 16.4017 107.727 223.733
      vertex 17.4073 111.001 223.373
    endloop
  endfacet
  facet normal 0.99308 0.0282219 -0.114003
    outer loop
      vertex 21.1421 135.309 224.487
      vertex 21.0316 138.782 224.383
      vertex 21.0437 138.783 224.489
    endloop
  endfacet
  facet normal 0.99308 0.0282221 -0.113998
    outer loop
      vertex 21.0316 138.782 224.383
      vertex 21.1421 135.309 224.487
      vertex 21.0945 135.306 224.071
    endloop
  endfacet
  facet normal 0.840945 0.0238205 -0.540596
    outer loop
      vertex 20.9372 135.296 223.654
      vertex 20.638 138.757 223.341
      vertex 20.8378 138.77 223.653
    endloop
  endfacet
  facet normal 0.841495 -0.0503029 -0.537919
    outer loop
      vertex 20.8783 130.785 223.659
      vertex 20.3649 126.421 223.264
      vertex 20.6153 130.768 223.249
    endloop
  endfacet
  facet normal 0.645721 0.0178537 -0.763365
    outer loop
      vertex 19.8161 135.224 222.42
      vertex 19.7117 138.697 222.413
      vertex 20.0724 138.72 222.719
    endloop
  endfacet
  facet normal 0.817071 -0.140202 0.559231
    outer loop
      vertex 20.1412 122.27 225.235
      vertex 19.2344 118.284 225.561
      vertex 19.4895 118.3 225.192
    endloop
  endfacet
  facet normal 0.728614 -0.218654 -0.649085
    outer loop
      vertex 18.4354 114.53 223.338
      vertex 17.4073 111.001 223.373
      vertex 18.1098 114.509 222.98
    endloop
  endfacet
  facet normal 0.56688 -0.0986814 -0.817869
    outer loop
      vertex 18.4963 118.236 222.563
      vertex 17.9642 118.202 222.199
      vertex 18.561 122.168 222.134
    endloop
  endfacet
  facet normal 0.566965 -0.0659759 -0.821095
    outer loop
      vertex 19.1123 122.204 222.512
      vertex 18.561 122.168 222.134
      vertex 19.5373 126.368 222.471
    endloop
  endfacet
  facet normal 0.647492 -0.0735757 -0.758512
    outer loop
      vertex 19.5651 122.233 222.895
      vertex 19.1123 122.204 222.512
      vertex 19.5373 126.368 222.471
    endloop
  endfacet
  facet normal 0.566866 -0.0986822 -0.817878
    outer loop
      vertex 19.1123 122.204 222.512
      vertex 18.4963 118.236 222.563
      vertex 18.561 122.168 222.134
    endloop
  endfacet
  facet normal 0.437766 0.0111255 -0.89902
    outer loop
      vertex 18.5434 135.142 221.626
      vertex 18.2334 138.602 221.518
      vertex 18.4333 138.615 221.615
    endloop
  endfacet
  facet normal 0.437795 0.0111286 -0.899006
    outer loop
      vertex 18.2334 138.602 221.518
      vertex 18.5434 135.142 221.626
      vertex 17.7564 135.091 221.242
    endloop
  endfacet
  facet normal 0.312712 -0.0658862 -0.94756
    outer loop
      vertex 14.9323 118.007 220.825
      vertex 13.9635 117.945 220.51
      vertex 14.4162 121.901 220.384
    endloop
  endfacet
  facet normal 0.628071 -0.298898 -0.718462
    outer loop
      vertex 14.5418 104.664 223.162
      vertex 14.1982 104.642 222.871
      vertex 15.5357 107.671 222.78
    endloop
  endfacet
  facet normal 0.636009 -0.244244 -0.732009
    outer loop
      vertex 17.0989 110.981 223.033
      vertex 15.5357 107.671 222.78
      vertex 16.7027 110.956 222.698
    endloop
  endfacet
  facet normal 0.31097 -0.0260934 -0.950061
    outer loop
      vertex 15.7428 126.124 220.62
      vertex 14.7113 126.058 220.284
      vertex 15.9011 130.465 220.552
    endloop
  endfacet
  facet normal 0.347892 -0.027239 -0.937139
    outer loop
      vertex 16.8652 130.527 220.908
      vertex 15.7428 126.124 220.62
      vertex 15.9011 130.465 220.552
    endloop
  endfacet
  facet normal 0.179783 -0.0543353 -0.982205
    outer loop
      vertex 9.35891 117.648 219.397
      vertex 8.04821 117.564 219.162
      vertex 9.64579 121.594 219.232
    endloop
  endfacet
  facet normal 0.22352 -0.0241856 -0.974399
    outer loop
      vertex 12.4062 125.909 219.658
      vertex 11.1417 125.828 219.37
      vertex 12.4979 130.246 219.571
    endloop
  endfacet
  facet normal 0.496942 -0.00892931 -0.867738
    outer loop
      vertex 19.1934 130.677 222.044
      vertex 18.5434 135.142 221.626
      vertex 19.2309 135.186 222.019
    endloop
  endfacet
  facet normal 0.647477 -0.0401987 -0.761024
    outer loop
      vertex 20.2459 130.744 222.842
      vertex 19.5373 126.368 222.471
      vertex 19.7713 130.714 222.44
    endloop
  endfacet
  facet normal 0.566968 -0.0659768 -0.821093
    outer loop
      vertex 19.5373 126.368 222.471
      vertex 18.561 122.168 222.134
      vertex 18.9708 126.332 222.082
    endloop
  endfacet
  facet normal 0.249561 -0.0246097 -0.968046
    outer loop
      vertex 13.5977 125.986 219.963
      vertex 12.4062 125.909 219.658
      vertex 12.4979 130.246 219.571
    endloop
  endfacet
  facet normal 0.279354 -0.0429145 -0.959229
    outer loop
      vertex 14.4162 121.901 220.384
      vertex 13.3325 121.832 220.071
      vertex 13.5977 125.986 219.963
    endloop
  endfacet
  facet normal 0.199836 -0.0239335 -0.979537
    outer loop
      vertex 11.1417 125.828 219.37
      vertex 9.80904 125.742 219.1
      vertex 11.2082 130.163 219.277
    endloop
  endfacet
  facet normal 0.180696 -0.072203 -0.980885
    outer loop
      vertex 8.94947 113.919 219.596
      vertex 8.04821 117.564 219.162
      vertex 9.35891 117.648 219.397
    endloop
  endfacet
  facet normal 0.198286 0.00213683 -0.980142
    outer loop
      vertex 9.76725 134.577 218.938
      vertex 9.61784 138.047 218.916
      vertex 10.6508 138.114 219.125
    endloop
  endfacet
  facet normal 0.176579 0.00117531 -0.984286
    outer loop
      vertex 9.76725 134.577 218.938
      vertex 8.53615 137.978 218.721
      vertex 9.61784 138.047 218.916
    endloop
  endfacet
  facet normal 0.1206 -0.470265 0.874246
    outer loop
      vertex 0.0756101 93.3769 226.189
      vertex -0.837828 92.1759 225.669
      vertex -0.41694 92.203 225.626
    endloop
  endfacet
  facet normal 0.154395 -0.836416 0.525899
    outer loop
      vertex -0.730513 91.3637 224.987
      vertex -2.1646 90.7787 224.477
      vertex -0.490281 91.3792 224.941
    endloop
  endfacet
  facet normal 0.43892 -0.222819 -0.87046
    outer loop
      vertex 13.2884 104.584 222.303
      vertex 12.7258 104.547 222.028
      vertex 14.5526 107.608 222.166
    endloop
  endfacet
  facet normal 0.481192 -0.355871 -0.80113
    outer loop
      vertex 12.318 101.856 222.709
      vertex 10.3063 99.3493 222.614
      vertex 11.8699 101.827 222.452
    endloop
  endfacet
  facet normal 0.707639 -0.332616 -0.623389
    outer loop
      vertex 14.8093 104.682 223.456
      vertex 14.5418 104.664 223.162
      vertex 16.196 107.714 223.412
    endloop
  endfacet
  facet normal 0.789371 -0.368086 -0.491331
    outer loop
      vertex 14.9996 104.694 223.753
      vertex 14.8093 104.682 223.456
      vertex 16.4017 107.727 223.733
    endloop
  endfacet
  facet normal 0.81732 -0.472984 0.32905
    outer loop
      vertex 15.1017 104.7 224.644
      vertex 13.4114 101.926 224.855
      vertex 13.5233 101.933 224.587
    endloop
  endfacet
  facet normal 0.633939 -0.67417 -0.378967
    outer loop
      vertex 9.83127 97.2392 223.823
      vertex 7.82352 95.3364 223.85
      vertex 9.69516 97.2305 223.611
    endloop
  endfacet
  facet normal 0.674476 -0.592559 0.440404
    outer loop
      vertex 11.5232 99.4276 225.002
      vertex 9.6731 97.229 224.877
      vertex 11.687 99.4381 224.766
    endloop
  endfacet
  facet normal 0.246694 -0.0646532 0.966934
    outer loop
      vertex 14.2779 121.892 228.323
      vertex 12.7741 117.868 228.437
      vertex 13.83 117.936 228.172
    endloop
  endfacet
  facet normal 0.681208 -0.725876 0.0951849
    outer loop
      vertex 9.93603 97.246 224.249
      vertex 7.88555 95.3403 224.391
      vertex 7.91253 95.3421 224.211
    endloop
  endfacet
  facet normal 0.409822 -0.743721 -0.528133
    outer loop
      vertex 3.14128 92.432 223.574
      vertex 2.98344 92.4218 223.466
      vertex 5.08745 93.6995 223.299
    endloop
  endfacet
  facet normal 0.283108 -0.249045 -0.926189
    outer loop
      vertex 9.45002 101.671 221.498
      vertex 7.46747 99.1666 221.565
      vertex 8.70017 101.623 221.282
    endloop
  endfacet
  facet normal 0.482627 -0.857381 0.178797
    outer loop
      vertex 5.74157 93.7416 224.319
      vertex 3.43587 92.451 224.354
      vertex 3.48217 92.4539 224.243
    endloop
  endfacet
  facet normal 0.362213 -0.890005 -0.276934
    outer loop
      vertex 1.04133 91.4777 223.861
      vertex 0.973009 91.4733 223.786
      vertex 3.37184 92.4468 223.795
    endloop
  endfacet
  facet normal 0.371255 -0.906548 -0.200849
    outer loop
      vertex 3.44365 92.4515 223.907
      vertex 1.08994 91.4809 223.937
      vertex 3.37184 92.4468 223.795
    endloop
  endfacet
  facet normal 0.469807 -0.425545 -0.773429
    outer loop
      vertex 8.95904 97.1831 222.987
      vertex 8.60762 97.1605 222.786
      vertex 10.7077 99.3751 222.844
    endloop
  endfacet
  facet normal 0.634604 -0.548564 -0.544385
    outer loop
      vertex 11.5484 99.4292 223.556
      vertex 9.69516 97.2305 223.611
      vertex 11.33 99.4152 223.315
    endloop
  endfacet
  facet normal 0.76485 -0.437629 -0.472742
    outer loop
      vertex 13.4302 101.927 223.775
      vertex 13.2567 101.916 223.504
      vertex 14.9996 104.694 223.753
    endloop
  endfacet
  facet normal 0.0556543 -0.347345 0.936084
    outer loop
      vertex -1.21468 94.7547 226.834
      vertex -2.2737 93.2257 226.329
      vertex -1.66978 93.2646 226.308
    endloop
  endfacet
  facet normal 0.0647727 -0.229939 0.971047
    outer loop
      vertex 0.536726 98.7205 227.758
      vertex -0.805437 96.5547 227.335
      vertex 0.0535127 96.6099 227.29
    endloop
  endfacet
  facet normal 0.152239 -0.211303 0.965492
    outer loop
      vertex 6.02777 101.451 227.672
      vertex 4.22771 98.9581 227.411
      vertex 5.07399 99.0125 227.289
    endloop
  endfacet
  facet normal 0.305052 -0.82326 0.478734
    outer loop
      vertex 2.96057 92.4204 224.778
      vertex 0.634987 91.4516 224.594
      vertex 0.762927 91.4598 224.527
    endloop
  endfacet
  facet normal 0.394766 -0.394784 0.829642
    outer loop
      vertex 9.78211 99.3155 226.108
      vertex 8.14862 97.1309 225.846
      vertex 8.5575 97.1572 225.664
    endloop
  endfacet
  facet normal 0.123425 -0.986833 -0.104527
    outer loop
      vertex -1.5211 90.8201 223.817
      vertex -3.90993 90.5019 224
      vertex -1.58476 90.816 223.78
    endloop
  endfacet
  facet normal 0.667025 -0.70707 -0.234796
    outer loop
      vertex 7.89183 95.3408 224.031
      vertex 7.82352 95.3364 223.85
      vertex 9.91166 97.2444 224.036
    endloop
  endfacet
  facet normal 0.120176 -0.610921 0.782517
    outer loop
      vertex -0.837828 92.1759 225.669
      vertex -1.80837 91.2943 225.13
      vertex -0.41694 92.203 225.626
    endloop
  endfacet
  facet normal 0.197851 -0.684716 0.701441
    outer loop
      vertex 1.10929 92.3012 225.389
      vertex -0.490281 91.3792 224.941
      vertex -0.263713 91.3938 224.891
    endloop
  endfacet
  facet normal 0.983207 -0.108885 0.146454
    outer loop
      vertex 20.7609 126.447 224.872
      vertex 20.3615 122.284 224.458
      vertex 20.8211 126.451 224.471
    endloop
  endfacet
  facet normal 0.89818 -0.419751 0.130696
    outer loop
      vertex 16.56 107.737 224.376
      vertex 15.1017 104.7 224.644
      vertex 15.1461 104.703 224.348
    endloop
  endfacet
  facet normal 0.166462 -0.0412192 0.985186
    outer loop
      vertex 10.9699 125.817 229.231
      vertex 9.62867 125.73 229.454
      vertex 10.7754 121.667 229.09
    endloop
  endfacet
  facet normal 0.250544 -0.20719 0.945675
    outer loop
      vertex 9.69959 104.353 227.488
      vertex 8.59741 101.616 227.181
      vertex 9.35434 101.665 226.991
    endloop
  endfacet
  facet normal 0.511216 -0.391267 0.765224
    outer loop
      vertex 12.2627 101.852 225.881
      vertex 11.0078 99.3944 225.463
      vertex 12.6531 101.877 225.633
    endloop
  endfacet
  facet normal 0.716208 -0.513325 0.472804
    outer loop
      vertex 13.2285 101.914 225.119
      vertex 11.687 99.4381 224.766
      vertex 13.4114 101.926 224.855
    endloop
  endfacet
  facet normal 0.085794 -0.0145739 0.996206
    outer loop
      vertex 5.06281 134.274 230.188
      vertex 3.61717 129.674 230.245
      vertex 5.20379 129.776 230.11
    endloop
  endfacet
  facet normal 0.069485 -0.0268398 0.997222
    outer loop
      vertex 3.61717 129.674 230.245
      vertex 1.99106 129.57 230.356
      vertex 2.10476 125.246 230.232
    endloop
  endfacet
  facet normal 0.123423 -0.0260717 0.992012
    outer loop
      vertex 8.22534 125.64 229.656
      vertex 6.74466 129.876 229.951
      vertex 6.76542 125.546 229.835
    endloop
  endfacet
  facet normal 0.0711432 -0.0539168 0.996008
    outer loop
      vertex 2.14882 121.112 230.064
      vertex 2.12258 117.183 229.853
      vertex 3.62007 117.279 229.751
    endloop
  endfacet
  facet normal 0.0547948 -0.0538632 0.997044
    outer loop
      vertex 2.14882 121.112 230.064
      vertex 0.594644 117.084 229.932
      vertex 2.12258 117.183 229.853
    endloop
  endfacet
  facet normal 0.0873283 -0.0396194 0.995391
    outer loop
      vertex 5.25468 125.449 229.991
      vertex 3.69908 125.349 230.123
      vertex 5.21398 121.309 229.83
    endloop
  endfacet
  facet normal 0.0882076 -0.0541888 0.994627
    outer loop
      vertex 3.70024 121.212 229.959
      vertex 3.62007 117.279 229.751
      vertex 5.21398 121.309 229.83
    endloop
  endfacet
  facet normal 0.0913467 -0.109468 0.989784
    outer loop
      vertex 3.21758 110.088 229.214
      vertex 2.89818 106.858 228.886
      vertex 4.54206 110.173 229.101
    endloop
  endfacet
  facet normal 0.0891538 -0.0704351 0.993524
    outer loop
      vertex 3.62007 117.279 229.751
      vertex 3.45882 113.566 229.503
      vertex 4.85674 113.656 229.384
    endloop
  endfacet
  facet normal 0.107094 -0.0713966 0.991682
    outer loop
      vertex 5.08118 117.373 229.627
      vertex 4.85674 113.656 229.384
      vertex 6.21435 113.743 229.243
    endloop
  endfacet
  facet normal 0.0891565 -0.0704342 0.993524
    outer loop
      vertex 5.08118 117.373 229.627
      vertex 3.62007 117.279 229.751
      vertex 4.85674 113.656 229.384
    endloop
  endfacet
  facet normal 0.154726 -0.314603 0.936528
    outer loop
      vertex 3.28528 96.8179 226.986
      vertex 2.26127 94.9784 226.537
      vertex 2.8909 95.0189 226.447
    endloop
  endfacet
  facet normal 0.0517614 -0.00553873 0.998644
    outer loop
      vertex 0.245282 135.399 230.526
      vertex 1.80909 134.065 230.437
      vertex 0.363077 137.452 230.531
    endloop
  endfacet
  facet normal 0.0517645 -0.00554075 0.998644
    outer loop
      vertex 1.80909 134.065 230.437
      vertex 0.245648 135.352 230.525
      vertex 0.298562 133.968 230.515
    endloop
  endfacet
  facet normal 0.051897 -0.00537934 0.998638
    outer loop
      vertex 1.80909 134.065 230.437
      vertex 0.245282 135.399 230.526
      vertex 0.245648 135.352 230.525
    endloop
  endfacet
  facet normal 0.0517678 -0.00553909 0.998644
    outer loop
      vertex 0.245282 135.399 230.526
      vertex 0.363077 137.452 230.531
      vertex 0.15471 137.438 230.542
    endloop
  endfacet
  facet normal 0.178082 -0.0238288 -0.983727
    outer loop
      vertex 9.80904 125.742 219.1
      vertex 8.41357 125.652 218.849
      vertex 9.84898 130.075 219.002
    endloop
  endfacet
  facet normal 0.199042 -0.010264 -0.979937
    outer loop
      vertex 9.84898 130.075 219.002
      vertex 9.76725 134.577 218.938
      vertex 11.2082 130.163 219.277
    endloop
  endfacet
  facet normal 0.0871567 -0.0136509 -0.996101
    outer loop
      vertex 0.471357 133.688 217.733
      vertex 2.02811 134.079 217.864
      vertex 2.20731 129.583 217.941
    endloop
  endfacet
  facet normal 0.0871951 -0.013806 -0.996096
    outer loop
      vertex 0.468167 133.761 217.732
      vertex 2.02811 134.079 217.864
      vertex 0.471357 133.688 217.733
    endloop
  endfacet
  facet normal 0.0871604 -0.0136335 -0.996101
    outer loop
      vertex 2.02811 134.079 217.864
      vertex 0.468167 133.761 217.732
      vertex 0.465249 133.978 217.728
    endloop
  endfacet
  facet normal 0.139002 -0.0239976 -0.990001
    outer loop
      vertex 5.4564 125.462 218.41
      vertex 5.40954 129.79 218.299
      vertex 6.94392 129.888 218.512
    endloop
  endfacet
  facet normal 0.139002 -0.0239975 -0.990001
    outer loop
      vertex 6.96078 125.559 218.619
      vertex 5.4564 125.462 218.41
      vertex 6.94392 129.888 218.512
    endloop
  endfacet
  facet normal 0.14254 -0.0879481 -0.985874
    outer loop
      vertex 6.38992 113.755 219.165
      vertex 4.71382 110.184 219.241
      vertex 5.03802 113.668 218.977
    endloop
  endfacet
  facet normal 0.122794 -0.0519624 -0.991071
    outer loop
      vertex 5.41028 121.322 218.561
      vertex 3.81476 117.291 218.574
      vertex 3.90195 121.225 218.379
    endloop
  endfacet
  facet normal 0.0886575 -0.0376684 -0.99535
    outer loop
      vertex 2.31679 125.26 218.059
      vertex 0.80749 123.942 217.975
      vertex 0.809706 124.196 217.965
    endloop
  endfacet
  facet normal 0.0886496 -0.0376593 -0.995351
    outer loop
      vertex 0.80749 123.942 217.975
      vertex 2.31679 125.26 218.059
      vertex 0.866751 121.273 218.081
    endloop
  endfacet
  facet normal 0.0886547 -0.0376643 -0.99535
    outer loop
      vertex 2.31679 125.26 218.059
      vertex 0.809706 124.196 217.965
      vertex 0.780227 125.161 217.926
    endloop
  endfacet
  facet normal 0.0886453 -0.0376564 -0.995351
    outer loop
      vertex 0.866751 121.273 218.081
      vertex 2.35515 121.125 218.219
      vertex 0.872155 121.03 218.091
    endloop
  endfacet
  facet normal 0.0886452 -0.0376577 -0.995351
    outer loop
      vertex 2.35515 121.125 218.219
      vertex 0.866751 121.273 218.081
      vertex 2.31679 125.26 218.059
    endloop
  endfacet
  facet normal 0.160471 -0.0704906 -0.98452
    outer loop
      vertex 8.04821 117.564 219.162
      vertex 6.38992 113.755 219.165
      vertex 6.68366 117.476 218.946
    endloop
  endfacet
  facet normal 0.163578 -0.137253 -0.976936
    outer loop
      vertex 5.98429 104.114 220.197
      vertex 4.91154 104.045 220.027
      vertex 5.50073 107.026 219.707
    endloop
  endfacet
  facet normal 0.227964 -0.123781 -0.965769
    outer loop
      vertex 9.84568 107.305 220.535
      vertex 8.8367 107.24 220.305
      vertex 10.6311 110.565 220.303
    endloop
  endfacet
  facet normal 0.125778 -0.107256 -0.986243
    outer loop
      vertex 4.71382 110.184 219.241
      vertex 3.06358 106.869 219.391
      vertex 3.39407 110.099 219.082
    endloop
  endfacet
  facet normal 0.147278 -0.197545 -0.969167
    outer loop
      vertex 3.46513 98.909 220.755
      vertex 3.21851 101.27 220.236
      vertex 4.23143 101.335 220.377
    endloop
  endfacet
  facet normal 0.134464 -0.36034 -0.923079
    outer loop
      vertex 1.01895 94.8984 221.492
      vertex 0.149319 93.3816 221.958
      vertex 0.323498 94.8537 221.408
    endloop
  endfacet
  facet normal 0.108793 -0.105728 -0.988426
    outer loop
      vertex 3.06358 106.869 219.391
      vertex 2.04066 110.012 218.942
      vertex 3.39407 110.099 219.082
    endloop
  endfacet
  facet normal 0.122797 -0.0519634 -0.991071
    outer loop
      vertex 5.27065 117.385 218.75
      vertex 3.81476 117.291 218.574
      vertex 5.41028 121.322 218.561
    endloop
  endfacet
  facet normal 0.140654 -0.0524813 -0.988667
    outer loop
      vertex 6.87418 121.416 218.764
      vertex 5.27065 117.385 218.75
      vertex 5.41028 121.322 218.561
    endloop
  endfacet
  facet normal 0.202458 -0.0743566 -0.976464
    outer loop
      vertex 10.6106 117.729 219.651
      vertex 8.94947 113.919 219.596
      vertex 9.35891 117.648 219.397
    endloop
  endfacet
  facet normal 0.202472 -0.0743629 -0.976461
    outer loop
      vertex 10.147 113.996 219.839
      vertex 8.94947 113.919 219.596
      vertex 10.6106 117.729 219.651
    endloop
  endfacet
  facet normal 0.25387 -0.129509 -0.958529
    outer loop
      vertex 10.7964 107.366 220.779
      vertex 10.6311 110.565 220.303
      vertex 11.6455 110.63 220.563
    endloop
  endfacet
  facet normal 0.228829 -0.152367 -0.961469
    outer loop
      vertex 8.9325 104.303 220.794
      vertex 7.99875 104.243 220.581
      vertex 9.84568 107.305 220.535
    endloop
  endfacet
  facet normal 0.350812 -0.12298 -0.928336
    outer loop
      vertex 15.1312 114.317 221.276
      vertex 13.472 110.748 221.122
      vertex 14.2818 114.263 220.962
    endloop
  endfacet
  facet normal 0.349592 -0.070043 -0.93428
    outer loop
      vertex 15.8201 118.064 221.153
      vertex 14.9323 118.007 220.825
      vertex 15.4199 121.966 220.711
    endloop
  endfacet
  facet normal 0.204355 -0.119021 -0.971634
    outer loop
      vertex 8.8367 107.24 220.305
      vertex 7.77338 107.172 220.09
      vertex 9.55442 110.496 220.057
    endloop
  endfacet
  facet normal 0.282571 -0.136379 -0.949502
    outer loop
      vertex 12.5937 110.691 220.836
      vertex 10.7964 107.366 220.779
      vertex 11.6455 110.63 220.563
    endloop
  endfacet
  facet normal 0.313886 -0.263932 -0.912039
    outer loop
      vertex 10.1445 101.716 221.724
      vertex 8.7611 99.2498 221.962
      vertex 9.45002 101.671 221.498
    endloop
  endfacet
  facet normal 0.230162 -0.225748 -0.946606
    outer loop
      vertex 7.89794 101.571 221.076
      vertex 5.98639 99.0713 221.208
      vertex 7.0465 101.517 220.882
    endloop
  endfacet
  facet normal 0.348356 -0.281539 -0.894083
    outer loop
      vertex 9.33112 99.2865 222.172
      vertex 8.7611 99.2498 221.962
      vertex 10.1445 101.716 221.724
    endloop
  endfacet
  facet normal 0.390222 -0.249939 -0.886148
    outer loop
      vertex 11.3569 101.794 222.202
      vertex 10.781 101.757 221.959
      vertex 12.0943 104.507 221.762
    endloop
  endfacet
  facet normal 0.351057 -0.154524 -0.923516
    outer loop
      vertex 13.2622 107.525 221.581
      vertex 12.508 107.477 221.303
      vertex 13.472 110.748 221.122
    endloop
  endfacet
  facet normal 0.391857 -0.205225 -0.896845
    outer loop
      vertex 12.7258 104.547 222.028
      vertex 12.0943 104.507 221.762
      vertex 13.9446 107.569 221.87
    endloop
  endfacet
  facet normal 0.564249 -0.174765 -0.806896
    outer loop
      vertex 17.6917 114.482 222.626
      vertex 16.7027 110.956 222.698
      vertex 17.1826 114.449 222.277
    endloop
  endfacet
  facet normal 0.49873 -0.121691 -0.858172
    outer loop
      vertex 17.1826 114.449 222.277
      vertex 16.5845 114.411 221.935
      vertex 17.9642 118.202 222.199
    endloop
  endfacet
  facet normal 0.390219 -0.249938 -0.886149
    outer loop
      vertex 12.7258 104.547 222.028
      vertex 11.3569 101.794 222.202
      vertex 12.0943 104.507 221.762
    endloop
  endfacet
  facet normal 0.391856 -0.205225 -0.896845
    outer loop
      vertex 13.9446 107.569 221.87
      vertex 12.0943 104.507 221.762
      vertex 13.2622 107.525 221.581
    endloop
  endfacet
  facet normal 0.734435 -0.169124 -0.657268
    outer loop
      vertex 18.4354 114.53 223.338
      vertex 18.1098 114.509 222.98
      vertex 18.9334 118.264 222.934
    endloop
  endfacet
  facet normal 0.83606 -0.138981 -0.530743
    outer loop
      vertex 19.5157 118.302 223.686
      vertex 19.2736 118.286 223.308
      vertex 20.1684 122.272 223.674
    endloop
  endfacet
  facet normal 0.521543 -0.327255 0.78797
    outer loop
      vertex 13.7192 104.611 226.063
      vertex 12.2627 101.852 225.881
      vertex 12.6531 101.877 225.633
    endloop
  endfacet
  facet normal 0.802211 -0.245363 0.544293
    outer loop
      vertex 18.3978 114.528 225.493
      vertex 17.603 111.014 225.081
      vertex 18.6419 114.543 225.141
    endloop
  endfacet
  facet normal 0.828301 -0.472277 -0.301449
    outer loop
      vertex 13.5327 101.934 224.046
      vertex 13.4302 101.927 223.775
      vertex 15.112 104.701 224.05
    endloop
  endfacet
  facet normal 0.8606 -0.399855 -0.315412
    outer loop
      vertex 15.112 104.701 224.05
      vertex 14.9996 104.694 223.753
      vertex 16.4017 107.727 223.733
    endloop
  endfacet
  facet normal 0.564571 0.0152883 -0.825243
    outer loop
      vertex 19.8161 135.224 222.42
      vertex 19.2725 138.669 222.112
      vertex 19.7117 138.697 222.413
    endloop
  endfacet
  facet normal 0.99182 -0.0589709 -0.113207
    outer loop
      vertex 21.0806 130.798 224.48
      vertex 20.7749 126.448 224.068
      vertex 21.0335 130.795 224.07
    endloop
  endfacet
  facet normal 0.646828 -0.00979522 -0.762573
    outer loop
      vertex 20.2459 130.744 222.842
      vertex 19.8161 135.224 222.42
      vertex 20.2967 135.255 222.827
    endloop
  endfacet
  facet normal 0.987715 -0.108595 -0.112367
    outer loop
      vertex 20.3615 122.284 224.458
      vertex 20.3166 122.281 224.066
      vertex 20.7749 126.448 224.068
    endloop
  endfacet
  facet normal 0.916612 -0.208296 -0.341225
    outer loop
      vertex 19.6587 118.311 224.064
      vertex 18.8038 114.554 224.061
      vertex 19.5157 118.302 223.686
    endloop
  endfacet
  facet normal 0.841504 -0.0503054 -0.537903
    outer loop
      vertex 20.6227 126.438 223.665
      vertex 20.3649 126.421 223.264
      vertex 20.8783 130.785 223.659
    endloop
  endfacet
  facet normal 0.647469 -0.0401968 -0.761031
    outer loop
      vertex 20.0026 126.398 222.865
      vertex 19.5373 126.368 222.471
      vertex 20.2459 130.744 222.842
    endloop
  endfacet
  facet normal 0.839738 -0.0927039 -0.53502
    outer loop
      vertex 20.6227 126.438 223.665
      vertex 20.1684 122.272 223.674
      vertex 20.3649 126.421 223.264
    endloop
  endfacet
  facet normal 0.646672 -0.11025 -0.754759
    outer loop
      vertex 19.5651 122.233 222.895
      vertex 18.4963 118.236 222.563
      vertex 19.1123 122.204 222.512
    endloop
  endfacet
  facet normal 0.646673 -0.110251 -0.754758
    outer loop
      vertex 18.9334 118.264 222.934
      vertex 18.4963 118.236 222.563
      vertex 19.5651 122.233 222.895
    endloop
  endfacet
  facet normal 0.440549 -0.180871 -0.879319
    outer loop
      vertex 15.6537 110.888 222.043
      vertex 14.5526 107.608 222.166
      vertex 15.005 110.846 221.727
    endloop
  endfacet
  facet normal 0.441304 -0.143892 -0.885746
    outer loop
      vertex 15.6537 110.888 222.043
      vertex 15.005 110.846 221.727
      vertex 15.8998 114.367 221.601
    endloop
  endfacet
  facet normal 0.350287 -0.095026 -0.931809
    outer loop
      vertex 15.8201 118.064 221.153
      vertex 14.2818 114.263 220.962
      vertex 14.9323 118.007 220.825
    endloop
  endfacet
  facet normal 0.498862 -0.0891723 -0.862082
    outer loop
      vertex 17.9642 118.202 222.199
      vertex 17.3391 118.162 221.841
      vertex 17.9134 122.126 221.763
    endloop
  endfacet
  facet normal 0.49626 -0.198294 -0.845225
    outer loop
      vertex 15.0836 107.642 222.47
      vertex 14.5526 107.608 222.166
      vertex 15.6537 110.888 222.043
    endloop
  endfacet
  facet normal 0.488582 -0.295964 -0.820788
    outer loop
      vertex 12.318 101.856 222.709
      vertex 11.8699 101.827 222.452
      vertex 13.7798 104.615 222.584
    endloop
  endfacet
  facet normal 0.310069 -0.00896496 -0.950672
    outer loop
      vertex 15.9011 130.465 220.552
      vertex 14.849 130.397 220.21
      vertex 15.8966 134.971 220.508
    endloop
  endfacet
  facet normal 0.440596 -0.0547938 -0.896032
    outer loop
      vertex 18.3052 126.289 221.702
      vertex 17.172 122.079 221.402
      vertex 17.5433 126.24 221.33
    endloop
  endfacet
  facet normal 0.437791 0.0111293 -0.899008
    outer loop
      vertex 17.7564 135.091 221.242
      vertex 17.6428 138.564 221.23
      vertex 18.2334 138.602 221.518
    endloop
  endfacet
  facet normal 0.496937 -0.00893041 -0.867741
    outer loop
      vertex 19.1934 130.677 222.044
      vertex 18.5146 130.633 221.656
      vertex 18.5434 135.142 221.626
    endloop
  endfacet
  facet normal 0.34877 -0.0475609 -0.936001
    outer loop
      vertex 16.6881 126.185 220.969
      vertex 15.4199 121.966 220.711
      vertex 15.7428 126.124 220.62
    endloop
  endfacet
  facet normal 0.31186 -0.0449802 -0.949063
    outer loop
      vertex 15.4199 121.966 220.711
      vertex 14.7113 126.058 220.284
      vertex 15.7428 126.124 220.62
    endloop
  endfacet
  facet normal 0.250422 -0.0412775 -0.967257
    outer loop
      vertex 13.3325 121.832 220.071
      vertex 12.1731 121.757 219.774
      vertex 13.5977 125.986 219.963
    endloop
  endfacet
  facet normal 0.250431 -0.0412808 -0.967254
    outer loop
      vertex 13.5977 125.986 219.963
      vertex 12.1731 121.757 219.774
      vertex 12.4062 125.909 219.658
    endloop
  endfacet
  facet normal 0.252182 -0.0802984 -0.964343
    outer loop
      vertex 12.9174 117.877 220.208
      vertex 11.2834 114.07 220.098
      vertex 11.7983 117.805 219.921
    endloop
  endfacet
  facet normal 0.226149 -0.0770262 -0.971042
    outer loop
      vertex 11.2834 114.07 220.098
      vertex 10.147 113.996 219.839
      vertex 11.7983 117.805 219.921
    endloop
  endfacet
  facet normal 0.56653 -0.0362776 -0.823242
    outer loop
      vertex 19.5373 126.368 222.471
      vertex 18.9708 126.332 222.082
      vertex 19.7713 130.714 222.44
    endloop
  endfacet
  facet normal 0.566539 -0.0362797 -0.823236
    outer loop
      vertex 19.7713 130.714 222.44
      vertex 18.9708 126.332 222.082
      vertex 19.1934 130.677 222.044
    endloop
  endfacet
  facet normal 0.249551 -0.0246126 -0.968049
    outer loop
      vertex 13.5977 125.986 219.963
      vertex 12.4979 130.246 219.571
      vertex 13.7132 130.324 219.882
    endloop
  endfacet
  facet normal 0.278468 -0.0252352 -0.960114
    outer loop
      vertex 14.7113 126.058 220.284
      vertex 13.5977 125.986 219.963
      vertex 13.7132 130.324 219.882
    endloop
  endfacet
  facet normal 0.200674 -0.0390178 -0.978881
    outer loop
      vertex 10.9426 121.678 219.494
      vertex 9.80904 125.742 219.1
      vertex 11.1417 125.828 219.37
    endloop
  endfacet
  facet normal 0.201558 -0.055737 -0.977889
    outer loop
      vertex 10.9426 121.678 219.494
      vertex 9.35891 117.648 219.397
      vertex 9.64579 121.594 219.232
    endloop
  endfacet
  facet normal 0.102229 -0.362413 0.926394
    outer loop
      vertex 0.230496 94.8477 226.747
      vertex 0.0756101 93.3769 226.189
      vertex 0.928439 94.8926 226.688
    endloop
  endfacet
  facet normal 0.134705 -0.622262 0.771132
    outer loop
      vertex -0.41694 92.203 225.626
      vertex -1.24812 91.3304 225.067
      vertex -0.0102099 92.2292 225.576
    endloop
  endfacet
  facet normal 0.154638 -0.49378 0.855727
    outer loop
      vertex 1.16109 93.4468 226.067
      vertex -0.0102099 92.2292 225.576
      vertex 1.67386 93.4798 225.993
    endloop
  endfacet
  facet normal 0.469807 -0.425545 -0.773429
    outer loop
      vertex 10.7077 99.3751 222.844
      vertex 8.60762 97.1605 222.786
      vertex 10.3063 99.3493 222.614
    endloop
  endfacet
  facet normal 0.423455 -0.392945 -0.81626
    outer loop
      vertex 10.3063 99.3493 222.614
      vertex 8.60762 97.1605 222.786
      vertex 9.84688 99.3197 222.39
    endloop
  endfacet
  facet normal 0.789366 -0.368082 -0.491342
    outer loop
      vertex 16.4017 107.727 223.733
      vertex 14.8093 104.682 223.456
      vertex 16.196 107.714 223.412
    endloop
  endfacet
  facet normal 0.616552 -0.35982 -0.700281
    outer loop
      vertex 13.0127 101.901 223.236
      vertex 12.6994 101.88 222.97
      vertex 14.5418 104.664 223.162
    endloop
  endfacet
  facet normal 0.690457 -0.398137 -0.603951
    outer loop
      vertex 14.8093 104.682 223.456
      vertex 13.2567 101.916 223.504
      vertex 14.5418 104.664 223.162
    endloop
  endfacet
  facet normal 0.600141 -0.428024 -0.675741
    outer loop
      vertex 11.33 99.4152 223.315
      vertex 11.0493 99.3971 223.078
      vertex 12.6994 101.88 222.97
    endloop
  endfacet
  facet normal 0.309178 -0.415007 0.855674
    outer loop
      vertex 7.18544 97.0689 226.187
      vertex 5.57531 95.1917 225.859
      vertex 7.69066 97.1015 226.021
    endloop
  endfacet
  facet normal 0.544081 -0.589255 -0.59729
    outer loop
      vertex 9.50388 97.2182 223.401
      vertex 7.54533 95.3185 223.491
      vertex 9.25819 97.2023 223.192
    endloop
  endfacet
  facet normal 0.442605 -0.427303 0.788361
    outer loop
      vertex 10.2491 99.3456 225.9
      vertex 8.5575 97.1572 225.664
      vertex 10.6582 99.3719 225.685
    endloop
  endfacet
  facet normal 0.173726 -0.21887 0.960164
    outer loop
      vertex 6.02777 101.451 227.672
      vertex 5.07399 99.0125 227.289
      vertex 5.8828 99.0646 227.155
    endloop
  endfacet
  facet normal 0.816831 -0.56991 -0.0893875
    outer loop
      vertex 11.8235 99.4469 224.284
      vertex 11.7957 99.4451 224.041
      vertex 13.5638 101.936 224.317
    endloop
  endfacet
  facet normal 0.813244 -0.570141 0.116505
    outer loop
      vertex 13.5233 101.933 224.587
      vertex 11.7872 99.4446 224.526
      vertex 13.5638 101.936 224.317
    endloop
  endfacet
  facet normal 0.475701 -0.836902 -0.270747
    outer loop
      vertex 3.44365 92.4515 223.907
      vertex 3.37184 92.4468 223.795
      vertex 5.59687 93.7322 223.731
    endloop
  endfacet
  facet normal 0.658472 -0.707621 0.256297
    outer loop
      vertex 9.90427 97.2439 224.46
      vertex 7.81098 95.3355 224.57
      vertex 7.88555 95.3403 224.391
    endloop
  endfacet
  facet normal 0.145962 -0.162798 -0.975803
    outer loop
      vertex 4.91154 104.045 220.027
      vertex 3.21851 101.27 220.236
      vertex 3.80069 103.973 219.872
    endloop
  endfacet
  facet normal 0.229692 -0.336445 -0.913261
    outer loop
      vertex 4.13708 95.0991 222.052
      vertex 3.56973 95.0626 221.922
      vertex 5.49285 96.96 221.707
    endloop
  endfacet
  facet normal 0.126705 -0.990286 -0.0572668
    outer loop
      vertex -1.38774 90.8287 223.93
      vertex -3.90993 90.5019 224
      vertex -1.42239 90.8264 223.891
    endloop
  endfacet
  facet normal 0.134429 -0.360338 -0.923085
    outer loop
      vertex 0.149319 93.3816 221.958
      vertex -0.417064 93.3452 221.889
      vertex 0.323498 94.8537 221.408
    endloop
  endfacet
  facet normal 0.186665 -0.254656 -0.948845
    outer loop
      vertex 5.18276 99.0195 221.045
      vertex 3.38467 96.8243 221.28
      vertex 4.34123 98.9654 220.894
    endloop
  endfacet
  facet normal 0.165924 -0.202798 -0.965061
    outer loop
      vertex 4.34123 98.9654 220.894
      vertex 3.46513 98.909 220.755
      vertex 5.20962 101.398 220.532
    endloop
  endfacet
  facet normal 0.336785 -0.846716 -0.411883
    outer loop
      vertex 3.14128 92.432 223.574
      vertex 0.885252 91.4677 223.712
      vertex 2.98344 92.4218 223.466
    endloop
  endfacet
  facet normal 0.492412 -0.867893 0.0655138
    outer loop
      vertex 5.74157 93.7416 224.319
      vertex 3.48217 92.4539 224.243
      vertex 5.76355 93.743 224.172
    endloop
  endfacet
  facet normal 0.299664 -0.47701 -0.826234
    outer loop
      vertex 3.90797 93.6235 222.765
      vertex 3.53106 93.5993 222.642
      vertex 5.6341 95.1954 222.483
    endloop
  endfacet
  facet normal 0.425359 -0.601865 -0.675891
    outer loop
      vertex 7.08237 95.2887 223.14
      vertex 4.84427 93.6838 223.16
      vertex 6.78376 95.2694 222.969
    endloop
  endfacet
  facet normal 0.521193 -0.462837 -0.717036
    outer loop
      vertex 11.0493 99.3971 223.078
      vertex 9.25819 97.2023 223.192
      vertex 10.7077 99.3751 222.844
    endloop
  endfacet
  facet normal 0.537578 -0.389573 -0.747825
    outer loop
      vertex 11.0493 99.3971 223.078
      vertex 10.7077 99.3751 222.844
      vertex 12.318 101.856 222.709
    endloop
  endfacet
  facet normal 0.431226 -0.326933 -0.840928
    outer loop
      vertex 11.8699 101.827 222.452
      vertex 9.84688 99.3197 222.39
      vertex 11.3569 101.794 222.202
    endloop
  endfacet
  facet normal 0.431235 -0.326941 -0.840919
    outer loop
      vertex 10.3063 99.3493 222.614
      vertex 9.84688 99.3197 222.39
      vertex 11.8699 101.827 222.452
    endloop
  endfacet
  facet normal 0.174747 -0.265976 0.948009
    outer loop
      vertex 5.8828 99.0646 227.155
      vertex 4.02626 96.8656 226.88
      vertex 4.73445 96.9112 226.762
    endloop
  endfacet
  facet normal 0.0832679 -0.285848 0.95465
    outer loop
      vertex 0.895339 96.6641 227.233
      vertex 0.0535127 96.6099 227.29
      vertex 0.230496 94.8477 226.747
    endloop
  endfacet
  facet normal 0.0706779 -0.351083 0.933673
    outer loop
      vertex -1.21468 94.7547 226.834
      vertex -1.66978 93.2646 226.308
      vertex -1.07537 93.3028 226.277
    endloop
  endfacet
  facet normal 0.089439 -0.453656 0.886677
    outer loop
      vertex -1.07537 93.3028 226.277
      vertex -1.27121 92.148 225.706
      vertex -0.492805 93.3403 226.237
    endloop
  endfacet
  facet normal 0.0451341 -0.15559 0.98679
    outer loop
      vertex -0.447355 101.904 228.401
      vertex -0.566118 101.027 228.268
      vertex -0.133534 101.055 228.252
    endloop
  endfacet
  facet normal 0.0940739 -0.161588 0.982364
    outer loop
      vertex 3.65173 103.963 228.424
      vertex 2.50306 103.89 228.522
      vertex 3.08268 101.261 228.034
    endloop
  endfacet
  facet normal 0.13533 -0.305289 0.942595
    outer loop
      vertex 2.51442 96.7683 227.081
      vertex 1.60626 94.9362 226.618
      vertex 3.28528 96.8179 226.986
    endloop
  endfacet
  facet normal 0.132209 -0.204958 0.9698
    outer loop
      vertex 4.09989 101.327 227.929
      vertex 3.34732 98.9014 227.519
      vertex 5.08288 101.39 227.808
    endloop
  endfacet
  facet normal 0.222569 -0.238534 0.945286
    outer loop
      vertex 7.78851 101.564 227.358
      vertex 6.65096 99.114 227.008
      vertex 7.37544 99.1607 226.849
    endloop
  endfacet
  facet normal 0.127136 -0.0920744 0.987603
    outer loop
      vertex 6.21435 113.743 229.243
      vertex 5.82835 110.256 228.968
      vertex 7.07137 110.336 228.815
    endloop
  endfacet
  facet normal 0.119717 -0.987049 0.106778
    outer loop
      vertex -1.59384 90.8154 224.301
      vertex -3.90993 90.5019 224
      vertex -1.52895 90.8196 224.267
    endloop
  endfacet
  facet normal 0.365167 -0.567177 0.738216
    outer loop
      vertex 6.74117 95.2667 225.414
      vertex 4.52662 93.6634 225.277
      vertex 4.80958 93.6816 225.151
    endloop
  endfacet
  facet normal 0.46604 -0.83755 0.285161
    outer loop
      vertex 5.5816 93.7313 224.607
      vertex 3.3602 92.4461 224.463
      vertex 3.43587 92.451 224.354
    endloop
  endfacet
  facet normal 0.237801 -0.94508 0.224219
    outer loop
      vertex 0.87226 91.4669 224.457
      vertex -1.4277 90.8261 224.196
      vertex 0.962553 91.4727 224.386
    endloop
  endfacet
  facet normal 0.36307 -0.710547 0.602746
    outer loop
      vertex 4.80958 93.6816 225.151
      vertex 2.77158 92.4082 224.878
      vertex 5.05747 93.6975 225.021
    endloop
  endfacet
  facet normal 0.249844 -0.953036 -0.171171
    outer loop
      vertex 1.04133 91.4777 223.861
      vertex -1.38774 90.8287 223.93
      vertex 0.973009 91.4733 223.786
    endloop
  endfacet
  facet normal 0.390687 -0.565541 -0.726311
    outer loop
      vertex 4.84427 93.6838 223.16
      vertex 4.56587 93.6659 223.024
      vertex 6.78376 95.2694 222.969
    endloop
  endfacet
  facet normal 0.364089 -0.907029 0.211511
    outer loop
      vertex 3.3602 92.4461 224.463
      vertex 1.08467 91.4805 224.239
      vertex 3.43587 92.451 224.354
    endloop
  endfacet
  facet normal 0.0430139 -0.769541 0.637148
    outer loop
      vertex -3.93114 90.665 224.612
      vertex -3.87213 90.9174 224.913
      vertex -3.95168 90.905 224.903
    endloop
  endfacet
  facet normal 0.0431646 -0.76955 0.637126
    outer loop
      vertex -3.87213 90.9174 224.913
      vertex -3.93114 90.665 224.612
      vertex -3.76935 90.6754 224.614
    endloop
  endfacet
  facet normal 0.162872 -0.824134 -0.542472
    outer loop
      vertex -2.27002 90.7719 223.557
      vertex -2.3975 90.7637 223.531
      vertex -0.949443 91.3496 223.076
    endloop
  endfacet
  facet normal 0.167094 -0.246936 -0.954517
    outer loop
      vertex 4.34123 98.9654 220.894
      vertex 3.38467 96.8243 221.28
      vertex 3.46513 98.909 220.755
    endloop
  endfacet
  facet normal 0.202279 -0.506546 -0.838149
    outer loop
      vertex 0.802273 92.2815 222.71
      vertex 0.431005 92.2576 222.635
      vertex 1.73977 93.484 222.209
    endloop
  endfacet
  facet normal 0.112848 -0.189898 -0.975297
    outer loop
      vertex 2.17484 101.203 220.111
      vertex 0.66459 98.7288 220.418
      vertex 1.10455 101.134 220
    endloop
  endfacet
  facet normal 0.128239 -0.159391 -0.978851
    outer loop
      vertex 3.21851 101.27 220.236
      vertex 2.65612 103.899 219.735
      vertex 3.80069 103.973 219.872
    endloop
  endfacet
  facet normal 0.103002 -0.00288068 0.994677
    outer loop
      vertex 6.45985 137.844 230.054
      vertex 5.2888 137.769 230.175
      vertex 6.62333 134.375 230.027
    endloop
  endfacet
  facet normal 0.164794 -0.0124675 0.986249
    outer loop
      vertex 11.033 130.152 229.335
      vertex 9.58094 134.565 229.634
      vertex 9.66502 130.063 229.563
    endloop
  endfacet
  facet normal 0.146421 -0.0744105 0.98642
    outer loop
      vertex 9.18951 117.637 229.123
      vertex 7.87141 117.552 229.312
      vertex 8.78739 113.909 228.901
    endloop
  endfacet
  facet normal 0.99182 -0.0589709 -0.113208
    outer loop
      vertex 20.8211 126.451 224.471
      vertex 20.7749 126.448 224.068
      vertex 21.0806 130.798 224.48
    endloop
  endfacet
  facet normal 0.993422 -0.0133969 -0.113728
    outer loop
      vertex 21.0806 130.798 224.48
      vertex 21.0335 130.795 224.07
      vertex 21.0945 135.306 224.071
    endloop
  endfacet
  facet normal 0.216581 -0.0434565 0.975297
    outer loop
      vertex 12.2437 125.899 228.987
      vertex 12.0149 121.747 228.853
      vertex 13.445 125.976 228.724
    endloop
  endfacet
  facet normal 0.408271 -0.0327001 0.912275
    outer loop
      vertex 18.4178 130.627 227.214
      vertex 17.4359 126.233 227.496
      vertex 18.2103 126.283 227.151
    endloop
  endfacet
  facet normal 0.108132 -0.0901633 0.990039
    outer loop
      vertex 4.85674 113.656 229.384
      vertex 4.54206 110.173 229.101
      vertex 6.21435 113.743 229.243
    endloop
  endfacet
  facet normal 0.248498 -0.110864 0.962267
    outer loop
      vertex 12.2169 114.13 228.245
      vertex 11.5156 110.622 228.022
      vertex 12.4727 110.684 227.782
    endloop
  endfacet
  facet normal 0.408352 -0.224787 0.884715
    outer loop
      vertex 14.4768 107.603 226.514
      vertex 12.6465 104.542 226.581
      vertex 13.2183 104.579 226.327
    endloop
  endfacet
  facet normal 0.646304 -0.471368 0.600086
    outer loop
      vertex 13.2285 101.914 225.119
      vertex 11.2965 99.413 225.235
      vertex 11.5232 99.4276 225.002
    endloop
  endfacet
  facet normal 0.0851035 -0.00377861 0.996365
    outer loop
      vertex 3.68651 137.666 230.319
      vertex 3.45595 134.171 230.325
      vertex 5.06281 134.274 230.188
    endloop
  endfacet
  facet normal 0.0851173 -0.00377952 0.996364
    outer loop
      vertex 3.45595 134.171 230.325
      vertex 3.68651 137.666 230.319
      vertex 3.27828 137.639 230.353
    endloop
  endfacet
  facet normal 0.0680851 -0.00466259 0.997669
    outer loop
      vertex 2.85989 137.612 230.382
      vertex 3.45595 134.171 230.325
      vertex 3.27828 137.639 230.353
    endloop
  endfacet
  facet normal 0.068094 -0.00466105 0.997668
    outer loop
      vertex 3.45595 134.171 230.325
      vertex 2.85989 137.612 230.382
      vertex 1.80909 134.065 230.437
    endloop
  endfacet
  facet normal 0.142923 -0.0129296 0.989649
    outer loop
      vertex 9.58094 134.565 229.634
      vertex 8.2337 129.971 229.768
      vertex 9.66502 130.063 229.563
    endloop
  endfacet
  facet normal 0.0873348 -0.0396169 0.995391
    outer loop
      vertex 5.21398 121.309 229.83
      vertex 3.69908 125.349 230.123
      vertex 3.70024 121.212 229.959
    endloop
  endfacet
  facet normal 0.0531422 -0.0272981 0.998214
    outer loop
      vertex 0.54804 125.347 230.317
      vertex 2.10476 125.246 230.232
      vertex 1.99106 129.57 230.356
    endloop
  endfacet
  facet normal 0.0531434 -0.02728 0.998214
    outer loop
      vertex 2.10476 125.246 230.232
      vertex 0.54804 125.347 230.317
      vertex 0.550708 125.146 230.312
    endloop
  endfacet
  facet normal 0.0557444 -0.0694363 0.996028
    outer loop
      vertex 2.12258 117.183 229.853
      vertex 0.564245 113.38 229.675
      vertex 2.0261 113.474 229.6
    endloop
  endfacet
  facet normal 0.0593103 -0.129887 0.989753
    outer loop
      vertex 1.62606 106.776 228.972
      vertex 0.32806 106.693 229.039
      vertex 1.3258 103.814 228.602
    endloop
  endfacet
  facet normal 0.193192 -0.101117 0.975937
    outer loop
      vertex 11.1373 114.06 228.482
      vertex 9.99266 113.987 228.701
      vertex 10.4927 110.556 228.246
    endloop
  endfacet
  facet normal 0.169346 -0.0974731 0.980725
    outer loop
      vertex 9.99266 113.987 228.701
      vertex 8.78739 113.909 228.901
      vertex 9.40817 110.486 228.454
    endloop
  endfacet
  facet normal 0.106142 -0.0547019 0.992845
    outer loop
      vertex 6.68407 121.404 229.678
      vertex 5.08118 117.373 229.627
      vertex 6.50016 117.464 229.48
    endloop
  endfacet
  facet normal 0.107096 -0.0713957 0.991682
    outer loop
      vertex 6.50016 117.464 229.48
      vertex 5.08118 117.373 229.627
      vertex 6.21435 113.743 229.243
    endloop
  endfacet
  facet normal 0.0731467 -0.0876414 0.993463
    outer loop
      vertex 3.45882 113.566 229.503
      vertex 1.86013 110 229.306
      vertex 3.21758 110.088 229.214
    endloop
  endfacet
  facet normal 0.0913427 -0.109466 0.989785
    outer loop
      vertex 4.54206 110.173 229.101
      vertex 2.89818 106.858 228.886
      vertex 4.13941 106.938 228.78
    endloop
  endfacet
  facet normal 0.0579753 -0.106885 0.99258
    outer loop
      vertex 0.475069 109.911 229.377
      vertex 0.32806 106.693 229.039
      vertex 1.62606 106.776 228.972
    endloop
  endfacet
  facet normal 0.0401855 -0.0693625 0.996782
    outer loop
      vertex 0.552975 115.846 229.847
      vertex 0.594644 117.084 229.932
      vertex 0.566665 117.014 229.928
    endloop
  endfacet
  facet normal 0.0401289 -0.0693607 0.996784
    outer loop
      vertex 0.594644 117.084 229.932
      vertex 0.552975 115.846 229.847
      vertex 0.564245 113.38 229.675
    endloop
  endfacet
  facet normal 0.0361935 -0.0693891 0.996933
    outer loop
      vertex 0.549642 115.789 229.844
      vertex 0.564245 113.38 229.675
      vertex 0.552975 115.846 229.847
    endloop
  endfacet
  facet normal 0.039848 -0.0693574 0.996796
    outer loop
      vertex 0.564245 113.38 229.675
      vertex 0.549642 115.789 229.844
      vertex 0.480426 113.374 229.678
    endloop
  endfacet
  facet normal 0.0687564 -0.0152047 0.997518
    outer loop
      vertex 3.45595 134.171 230.325
      vertex 1.99106 129.57 230.356
      vertex 3.61717 129.674 230.245
    endloop
  endfacet
  facet normal 0.0857847 -0.0145709 0.996207
    outer loop
      vertex 5.06281 134.274 230.188
      vertex 3.45595 134.171 230.325
      vertex 3.61717 129.674 230.245
    endloop
  endfacet
  facet normal 0.0687624 -0.0152066 0.997517
    outer loop
      vertex 3.45595 134.171 230.325
      vertex 1.80909 134.065 230.437
      vertex 1.99106 129.57 230.356
    endloop
  endfacet
  facet normal 0.0517634 -0.00553785 0.998644
    outer loop
      vertex 1.62405 137.533 230.466
      vertex 0.363077 137.452 230.531
      vertex 1.80909 134.065 230.437
    endloop
  endfacet
  facet normal 0.19984 -0.0239349 -0.979536
    outer loop
      vertex 11.2082 130.163 219.277
      vertex 9.80904 125.742 219.1
      vertex 9.84898 130.075 219.002
    endloop
  endfacet
  facet normal 0.178079 -0.0238277 -0.983728
    outer loop
      vertex 9.84898 130.075 219.002
      vertex 8.41357 125.652 218.849
      vertex 8.42569 129.984 218.747
    endloop
  endfacet
  facet normal 0.119759 -0.00154636 -0.992802
    outer loop
      vertex 3.67007 134.185 218.033
      vertex 3.90013 137.679 218.055
      vertex 5.27118 134.288 218.226
    endloop
  endfacet
  facet normal 0.119757 -0.00154625 -0.992802
    outer loop
      vertex 3.90013 137.679 218.055
      vertex 3.67007 134.185 218.033
      vertex 3.49336 137.653 218.006
    endloop
  endfacet
  facet normal 0.103462 -0.0129742 -0.994549
    outer loop
      vertex 2.20731 129.583 217.941
      vertex 2.02811 134.079 217.864
      vertex 3.67007 134.185 218.033
    endloop
  endfacet
  facet normal 0.0871606 -0.0136505 -0.996101
    outer loop
      vertex 0.60375 130.468 217.789
      vertex 2.20731 129.583 217.941
      vertex 0.641091 129.483 217.805
    endloop
  endfacet
  facet normal 0.0871623 -0.0136475 -0.996101
    outer loop
      vertex 0.601863 130.73 217.785
      vertex 2.20731 129.583 217.941
      vertex 0.60375 130.468 217.789
    endloop
  endfacet
  facet normal 0.0871613 -0.0136489 -0.996101
    outer loop
      vertex 2.20731 129.583 217.941
      vertex 0.601863 130.73 217.785
      vertex 0.471357 133.688 217.733
    endloop
  endfacet
  facet normal 0.121953 -0.0373895 -0.991831
    outer loop
      vertex 5.41028 121.322 218.561
      vertex 3.90636 125.362 218.223
      vertex 5.4564 125.462 218.41
    endloop
  endfacet
  facet normal 0.121169 -0.0242502 -0.992336
    outer loop
      vertex 3.90636 125.362 218.223
      vertex 3.82859 129.688 218.108
      vertex 5.4564 125.462 218.41
    endloop
  endfacet
  facet normal 0.0904057 -0.0672078 -0.993635
    outer loop
      vertex 2.32174 117.195 218.42
      vertex 0.891337 114.655 218.462
      vertex 0.894346 117.103 218.297
    endloop
  endfacet
  facet normal 0.0903984 -0.0672037 -0.993636
    outer loop
      vertex 2.32174 117.195 218.42
      vertex 0.880218 114.419 218.477
      vertex 0.891337 114.655 218.462
    endloop
  endfacet
  facet normal 0.0904102 -0.0672097 -0.993634
    outer loop
      vertex 0.880218 114.419 218.477
      vertex 2.32174 117.195 218.42
      vertex 0.868177 113.66 218.527
    endloop
  endfacet
  facet normal 0.089485 -0.0516285 -0.994649
    outer loop
      vertex 2.32174 117.195 218.42
      vertex 0.894548 117.348 218.284
      vertex 2.35515 121.125 218.219
    endloop
  endfacet
  facet normal 0.0894888 -0.0515937 -0.994651
    outer loop
      vertex 0.894548 117.348 218.284
      vertex 2.32174 117.195 218.42
      vertex 0.894346 117.103 218.297
    endloop
  endfacet
  facet normal 0.1067 -0.0675597 -0.991993
    outer loop
      vertex 3.6451 113.578 218.809
      vertex 2.21664 113.486 218.662
      vertex 3.81476 117.291 218.574
    endloop
  endfacet
  facet normal 0.091398 -0.0847266 -0.992204
    outer loop
      vertex 2.04066 110.012 218.942
      vertex 0.780202 110.201 218.81
      vertex 2.21664 113.486 218.662
    endloop
  endfacet
  facet normal 0.0914004 -0.0847112 -0.992205
    outer loop
      vertex 0.780202 110.201 218.81
      vertex 2.04066 110.012 218.942
      vertex 0.770965 109.93 218.832
    endloop
  endfacet
  facet normal 0.16146 -0.0898674 -0.982779
    outer loop
      vertex 7.23164 110.346 219.615
      vertex 6.38992 113.755 219.165
      vertex 7.69545 113.839 219.371
    endloop
  endfacet
  facet normal 0.126944 -0.13122 -0.983192
    outer loop
      vertex 4.30037 106.948 219.54
      vertex 2.65612 103.899 219.735
      vertex 3.06358 106.869 219.391
    endloop
  endfacet
  facet normal 0.143593 -0.109282 -0.983585
    outer loop
      vertex 5.50073 107.026 219.707
      vertex 4.30037 106.948 219.54
      vertex 5.99469 110.267 219.419
    endloop
  endfacet
  facet normal 0.255129 -0.194606 -0.947121
    outer loop
      vertex 9.81228 104.36 221.019
      vertex 8.70017 101.623 221.282
      vertex 8.9325 104.303 220.794
    endloop
  endfacet
  facet normal 0.141568 -0.069174 -0.987509
    outer loop
      vertex 6.38992 113.755 219.165
      vertex 5.27065 117.385 218.75
      vertex 6.68366 117.476 218.946
    endloop
  endfacet
  facet normal 0.140655 -0.0524816 -0.988667
    outer loop
      vertex 6.68366 117.476 218.946
      vertex 5.27065 117.385 218.75
      vertex 6.87418 121.416 218.764
    endloop
  endfacet
  facet normal 0.12371 -0.0682105 -0.989971
    outer loop
      vertex 5.03802 113.668 218.977
      vertex 3.81476 117.291 218.574
      vertex 5.27065 117.385 218.75
    endloop
  endfacet
  facet normal 0.141559 -0.0691771 -0.98751
    outer loop
      vertex 6.38992 113.755 219.165
      vertex 5.03802 113.668 218.977
      vertex 5.27065 117.385 218.75
    endloop
  endfacet
  facet normal 0.143597 -0.109284 -0.983584
    outer loop
      vertex 5.99469 110.267 219.419
      vertex 4.30037 106.948 219.54
      vertex 4.71382 110.184 219.241
    endloop
  endfacet
  facet normal 0.20341 -0.0952787 -0.974447
    outer loop
      vertex 9.55442 110.496 220.057
      vertex 8.94947 113.919 219.596
      vertex 10.147 113.996 219.839
    endloop
  endfacet
  facet normal 0.28023 -0.0624981 -0.957896
    outer loop
      vertex 13.9635 117.945 220.51
      vertex 12.9174 117.877 220.208
      vertex 14.4162 121.901 220.384
    endloop
  endfacet
  facet normal 0.390372 -0.0287341 -0.920209
    outer loop
      vertex 17.7375 130.583 221.277
      vertex 16.6881 126.185 220.969
      vertex 16.8652 130.527 220.908
    endloop
  endfacet
  facet normal 0.392507 -0.102204 -0.914053
    outer loop
      vertex 15.8998 114.367 221.601
      vertex 15.8201 118.064 221.153
      vertex 16.6234 118.116 221.492
    endloop
  endfacet
  facet normal 0.391969 -0.0751542 -0.916903
    outer loop
      vertex 16.6234 118.116 221.492
      vertex 15.8201 118.064 221.153
      vertex 17.172 122.079 221.402
    endloop
  endfacet
  facet normal 0.228824 -0.152364 -0.96147
    outer loop
      vertex 9.84568 107.305 220.535
      vertex 7.99875 104.243 220.581
      vertex 8.8367 107.24 220.305
    endloop
  endfacet
  facet normal 0.281878 -0.108719 -0.953271
    outer loop
      vertex 12.5937 110.691 220.836
      vertex 11.6455 110.63 220.563
      vertex 12.3541 114.139 220.372
    endloop
  endfacet
  facet normal 0.207073 -0.216725 -0.954018
    outer loop
      vertex 7.0465 101.517 220.882
      vertex 5.98639 99.0713 221.208
      vertex 6.14922 101.459 220.701
    endloop
  endfacet
  facet normal 0.206242 -0.178379 -0.962104
    outer loop
      vertex 7.0465 101.517 220.882
      vertex 6.14922 101.459 220.701
      vertex 7.99875 104.243 220.581
    endloop
  endfacet
  facet normal 0.229591 -0.185791 -0.95539
    outer loop
      vertex 7.89794 101.571 221.076
      vertex 7.0465 101.517 220.882
      vertex 7.99875 104.243 220.581
    endloop
  endfacet
  facet normal 0.283089 -0.24903 -0.926199
    outer loop
      vertex 8.13906 99.2098 221.759
      vertex 7.46747 99.1666 221.565
      vertex 9.45002 101.671 221.498
    endloop
  endfacet
  facet normal 0.283088 -0.168104 -0.944247
    outer loop
      vertex 11.685 107.424 221.035
      vertex 10.6346 104.413 221.256
      vertex 10.7964 107.366 220.779
    endloop
  endfacet
  facet normal 0.282562 -0.136373 -0.949506
    outer loop
      vertex 11.685 107.424 221.035
      vertex 10.7964 107.366 220.779
      vertex 12.5937 110.691 220.836
    endloop
  endfacet
  facet normal 0.392601 -0.166455 -0.90452
    outer loop
      vertex 13.9446 107.569 221.87
      vertex 13.2622 107.525 221.581
      vertex 15.005 110.846 221.727
    endloop
  endfacet
  facet normal 0.440558 -0.180871 -0.879315
    outer loop
      vertex 14.5526 107.608 222.166
      vertex 13.9446 107.569 221.87
      vertex 15.005 110.846 221.727
    endloop
  endfacet
  facet normal 0.392754 -0.132421 -0.91006
    outer loop
      vertex 15.8998 114.367 221.601
      vertex 14.2768 110.8 221.419
      vertex 15.1312 114.317 221.276
    endloop
  endfacet
  facet normal 0.350799 -0.122974 -0.928341
    outer loop
      vertex 14.2768 110.8 221.419
      vertex 13.472 110.748 221.122
      vertex 15.1312 114.317 221.276
    endloop
  endfacet
  facet normal 0.350133 -0.23232 -0.907433
    outer loop
      vertex 12.0943 104.507 221.762
      vertex 10.781 101.757 221.959
      vertex 11.3963 104.462 221.504
    endloop
  endfacet
  facet normal 0.35091 -0.190571 -0.916812
    outer loop
      vertex 12.0943 104.507 221.762
      vertex 11.3963 104.462 221.504
      vertex 12.508 107.477 221.303
    endloop
  endfacet
  facet normal 0.496253 -0.198294 -0.845229
    outer loop
      vertex 16.2203 110.925 222.367
      vertex 15.0836 107.642 222.47
      vertex 15.6537 110.888 222.043
    endloop
  endfacet
  facet normal 0.493323 -0.243952 -0.834937
    outer loop
      vertex 13.7798 104.615 222.584
      vertex 13.2884 104.584 222.303
      vertex 14.5526 107.608 222.166
    endloop
  endfacet
  facet normal 0.820698 -0.244175 -0.51656
    outer loop
      vertex 18.667 114.545 223.699
      vertex 17.6268 111.015 223.715
      vertex 18.4354 114.53 223.338
    endloop
  endfacet
  facet normal 0.820699 -0.244175 -0.516557
    outer loop
      vertex 17.6268 111.015 223.715
      vertex 17.4073 111.001 223.373
      vertex 18.4354 114.53 223.338
    endloop
  endfacet
  facet normal 0.316843 -0.0721507 0.94573
    outer loop
      vertex 15.2924 121.958 228.031
      vertex 14.8092 117.999 227.891
      vertex 15.7079 118.057 227.594
    endloop
  endfacet
  facet normal 0.953201 -0.282719 -0.107139
    outer loop
      vertex 18.8453 114.556 224.423
      vertex 17.7957 111.026 224.401
      vertex 18.8038 114.554 224.061
    endloop
  endfacet
  facet normal 0.535476 0.0134147 0.844444
    outer loop
      vertex 19.6402 138.692 226.517
      vertex 19.1908 138.664 226.802
      vertex 19.7449 135.219 226.505
    endloop
  endfacet
  facet normal 0.934922 0.0265921 -0.353857
    outer loop
      vertex 20.9372 135.296 223.654
      vertex 20.8378 138.77 223.653
      vertex 20.9558 138.777 223.965
    endloop
  endfacet
  facet normal 0.93447 -0.0554853 -0.351691
    outer loop
      vertex 20.7749 126.448 224.068
      vertex 20.6227 126.438 223.665
      vertex 20.8783 130.785 223.659
    endloop
  endfacet
  facet normal 0.839734 -0.0927044 -0.535027
    outer loop
      vertex 20.1684 122.272 223.674
      vertex 19.9176 122.255 223.283
      vertex 20.3649 126.421 223.264
    endloop
  endfacet
  facet normal 0.841783 -0.011522 -0.539693
    outer loop
      vertex 20.8783 130.785 223.659
      vertex 20.6709 135.279 223.239
      vertex 20.9372 135.296 223.654
    endloop
  endfacet
  facet normal 0.841778 -0.011523 -0.539701
    outer loop
      vertex 20.8783 130.785 223.659
      vertex 20.6153 130.768 223.249
      vertex 20.6709 135.279 223.239
    endloop
  endfacet
  facet normal 0.64683 -0.00979473 -0.762571
    outer loop
      vertex 20.2459 130.744 222.842
      vertex 19.7713 130.714 222.44
      vertex 19.8161 135.224 222.42
    endloop
  endfacet
  facet normal 0.565705 -0.00926173 -0.824556
    outer loop
      vertex 19.7713 130.714 222.44
      vertex 19.1934 130.677 222.044
      vertex 19.8161 135.224 222.42
    endloop
  endfacet
  facet normal 0.438839 -0.00876345 -0.898523
    outer loop
      vertex 18.5146 130.633 221.656
      vertex 17.7564 135.091 221.242
      vertex 18.5434 135.142 221.626
    endloop
  endfacet
  facet normal 0.438837 -0.00876401 -0.898524
    outer loop
      vertex 18.5146 130.633 221.656
      vertex 17.7375 130.583 221.277
      vertex 17.7564 135.091 221.242
    endloop
  endfacet
  facet normal 0.495856 0.0130612 -0.868307
    outer loop
      vertex 18.5434 135.142 221.626
      vertex 18.4333 138.615 221.615
      vertex 18.9492 138.648 221.91
    endloop
  endfacet
  facet normal 0.980446 -0.162401 -0.111137
    outer loop
      vertex 20.3615 122.284 224.458
      vertex 19.7021 118.314 224.442
      vertex 20.3166 122.281 224.066
    endloop
  endfacet
  facet normal 0.822481 -0.0127654 0.56865
    outer loop
      vertex 20.6278 135.276 225.717
      vertex 20.5727 130.765 225.695
      vertex 20.8498 130.783 225.295
    endloop
  endfacet
  facet normal 0.738077 -0.123914 -0.66324
    outer loop
      vertex 19.2736 118.286 223.308
      vertex 18.9334 118.264 222.934
      vertex 19.9176 122.255 223.283
    endloop
  endfacet
  facet normal 0.836053 -0.138979 -0.530754
    outer loop
      vertex 20.1684 122.272 223.674
      vertex 19.2736 118.286 223.308
      vertex 19.9176 122.255 223.283
    endloop
  endfacet
  facet normal 0.740753 -0.0449447 -0.670272
    outer loop
      vertex 20.3649 126.421 223.264
      vertex 20.0026 126.398 222.865
      vertex 20.2459 130.744 222.842
    endloop
  endfacet
  facet normal 0.740751 -0.0449451 -0.670275
    outer loop
      vertex 20.3649 126.421 223.264
      vertex 20.2459 130.744 222.842
      vertex 20.6153 130.768 223.249
    endloop
  endfacet
  facet normal 0.497939 -0.157839 -0.852728
    outer loop
      vertex 16.2203 110.925 222.367
      vertex 15.6537 110.888 222.043
      vertex 17.1826 114.449 222.277
    endloop
  endfacet
  facet normal 0.488578 -0.295961 -0.820792
    outer loop
      vertex 13.7798 104.615 222.584
      vertex 11.8699 101.827 222.452
      vertex 13.2884 104.584 222.303
    endloop
  endfacet
  facet normal 0.440586 -0.0547909 -0.896037
    outer loop
      vertex 17.9134 122.126 221.763
      vertex 17.172 122.079 221.402
      vertex 18.3052 126.289 221.702
    endloop
  endfacet
  facet normal 0.498546 -0.0597844 -0.864799
    outer loop
      vertex 18.561 122.168 222.134
      vertex 17.9134 122.126 221.763
      vertex 18.9708 126.332 222.082
    endloop
  endfacet
  facet normal 0.497941 -0.15784 -0.852726
    outer loop
      vertex 17.1826 114.449 222.277
      vertex 15.6537 110.888 222.043
      vertex 16.5845 114.411 221.935
    endloop
  endfacet
  facet normal 0.441308 -0.143892 -0.885744
    outer loop
      vertex 16.5845 114.411 221.935
      vertex 15.6537 110.888 222.043
      vertex 15.8998 114.367 221.601
    endloop
  endfacet
  facet normal 0.561108 -0.219278 -0.79817
    outer loop
      vertex 15.5357 107.671 222.78
      vertex 15.0836 107.642 222.47
      vertex 16.7027 110.956 222.698
    endloop
  endfacet
  facet normal 0.556165 -0.269186 -0.786269
    outer loop
      vertex 15.5357 107.671 222.78
      vertex 14.1982 104.642 222.871
      vertex 15.0836 107.642 222.47
    endloop
  endfacet
  facet normal 0.346964 -0.00880261 -0.937837
    outer loop
      vertex 15.9011 130.465 220.552
      vertex 15.8966 134.971 220.508
      vertex 16.8652 130.527 220.908
    endloop
  endfacet
  facet normal 0.310972 -0.0260939 -0.950061
    outer loop
      vertex 15.9011 130.465 220.552
      vertex 14.7113 126.058 220.284
      vertex 14.849 130.397 220.21
    endloop
  endfacet
  facet normal 0.347883 -0.0272365 -0.937142
    outer loop
      vertex 16.6881 126.185 220.969
      vertex 15.7428 126.124 220.62
      vertex 16.8652 130.527 220.908
    endloop
  endfacet
  facet normal 0.390371 -0.0287339 -0.920209
    outer loop
      vertex 17.5433 126.24 221.33
      vertex 16.6881 126.185 220.969
      vertex 17.7375 130.583 221.277
    endloop
  endfacet
  facet normal 0.391962 -0.0751513 -0.916907
    outer loop
      vertex 17.172 122.079 221.402
      vertex 15.8201 118.064 221.153
      vertex 16.3397 122.025 221.05
    endloop
  endfacet
  facet normal 0.349591 -0.0700431 -0.93428
    outer loop
      vertex 15.8201 118.064 221.153
      vertex 15.4199 121.966 220.711
      vertex 16.3397 122.025 221.05
    endloop
  endfacet
  facet normal 0.280231 -0.0624982 -0.957896
    outer loop
      vertex 14.4162 121.901 220.384
      vertex 12.9174 117.877 220.208
      vertex 13.3325 121.832 220.071
    endloop
  endfacet
  facet normal 0.251304 -0.0597442 -0.966063
    outer loop
      vertex 12.9174 117.877 220.208
      vertex 12.1731 121.757 219.774
      vertex 13.3325 121.832 220.071
    endloop
  endfacet
  facet normal 0.224374 -0.0399987 -0.973682
    outer loop
      vertex 12.1731 121.757 219.774
      vertex 10.9426 121.678 219.494
      vertex 11.1417 125.828 219.37
    endloop
  endfacet
  facet normal 0.225255 -0.057516 -0.972601
    outer loop
      vertex 12.1731 121.757 219.774
      vertex 10.6106 117.729 219.651
      vertex 10.9426 121.678 219.494
    endloop
  endfacet
  facet normal 0.159566 -0.0532582 -0.98575
    outer loop
      vertex 8.04821 117.564 219.162
      vertex 6.87418 121.416 218.764
      vertex 8.28787 121.507 218.988
    endloop
  endfacet
  facet normal 0.158706 -0.0377982 -0.986602
    outer loop
      vertex 8.28787 121.507 218.988
      vertex 6.87418 121.416 218.764
      vertex 8.41357 125.652 218.849
    endloop
  endfacet
  facet normal 0.310064 -0.00896387 -0.950673
    outer loop
      vertex 14.849 130.397 220.21
      vertex 14.8311 134.903 220.161
      vertex 15.8966 134.971 220.508
    endloop
  endfacet
  facet normal 0.0608375 -0.156945 0.985732
    outer loop
      vertex 0.124593 103.736 228.663
      vertex -0.133534 101.055 228.252
      vertex 1.3258 103.814 228.602
    endloop
  endfacet
  facet normal 0.106155 -0.601264 0.791967
    outer loop
      vertex -0.837828 92.1759 225.669
      vertex -2.10175 91.2755 225.155
      vertex -1.80837 91.2943 225.13
    endloop
  endfacet
  facet normal 0.0520774 -0.278812 0.958933
    outer loop
      vertex -1.45717 96.2487 227.281
      vertex -0.805437 96.5547 227.335
      vertex -1.40172 96.5163 227.356
    endloop
  endfacet
  facet normal 0.0520518 -0.278761 0.958949
    outer loop
      vertex -1.46959 96.2057 227.269
      vertex -0.805437 96.5547 227.335
      vertex -1.45717 96.2487 227.281
    endloop
  endfacet
  facet normal 0.0520934 -0.278835 0.958925
    outer loop
      vertex -1.53408 95.9565 227.2
      vertex -0.805437 96.5547 227.335
      vertex -1.46959 96.2057 227.269
    endloop
  endfacet
  facet normal 0.0520737 -0.278813 0.958933
    outer loop
      vertex -0.805437 96.5547 227.335
      vertex -1.53408 95.9565 227.2
      vertex -1.21468 94.7547 226.834
    endloop
  endfacet
  facet normal 0.0746525 -0.447668 0.891078
    outer loop
      vertex -1.07537 93.3028 226.277
      vertex -2.1686 92.0903 225.759
      vertex -1.71539 92.1194 225.736
    endloop
  endfacet
  facet normal 0.0530913 -0.578169 0.814188
    outer loop
      vertex -3.0536 91.5537 225.444
      vertex -3.02092 91.2163 225.202
      vertex -3.05179 91.5559 225.445
    endloop
  endfacet
  facet normal 0.0535856 -0.578122 0.814189
    outer loop
      vertex -3.31463 91.208 225.216
      vertex -3.02092 91.2163 225.202
      vertex -3.0536 91.5537 225.444
    endloop
  endfacet
  facet normal 0.0535846 -0.578352 0.814026
    outer loop
      vertex -3.32775 91.2007 225.211
      vertex -3.02092 91.2163 225.202
      vertex -3.31463 91.208 225.216
    endloop
  endfacet
  facet normal 0.0535527 -0.577271 0.814794
    outer loop
      vertex -3.02092 91.2163 225.202
      vertex -3.32775 91.2007 225.211
      vertex -3.33545 91.1961 225.208
    endloop
  endfacet
  facet normal 0.104755 -0.461181 0.881101
    outer loop
      vertex 0.0756101 93.3769 226.189
      vertex -1.27121 92.148 225.706
      vertex -0.837828 92.1759 225.669
    endloop
  endfacet
  facet normal 0.22193 -0.353558 0.908705
    outer loop
      vertex 5.40704 96.9545 226.633
      vertex 4.06417 95.0944 226.238
      vertex 6.04137 96.9953 226.494
    endloop
  endfacet
  facet normal 0.149673 -0.63525 0.757664
    outer loop
      vertex -0.0102099 92.2292 225.576
      vertex -1.24812 91.3304 225.067
      vertex 0.380756 92.2543 225.519
    endloop
  endfacet
  facet normal 0.689423 -0.591593 -0.417987
    outer loop
      vertex 11.7039 99.4392 223.798
      vertex 9.69516 97.2305 223.611
      vertex 11.5484 99.4292 223.556
    endloop
  endfacet
  facet normal 0.537577 -0.389572 -0.747826
    outer loop
      vertex 12.6994 101.88 222.97
      vertex 11.0493 99.3971 223.078
      vertex 12.318 101.856 222.709
    endloop
  endfacet
  facet normal 0.764856 -0.437634 -0.472727
    outer loop
      vertex 14.9996 104.694 223.753
      vertex 13.2567 101.916 223.504
      vertex 14.8093 104.682 223.456
    endloop
  endfacet
  facet normal 0.732253 -0.512287 -0.44874
    outer loop
      vertex 13.4302 101.927 223.775
      vertex 11.7039 99.4392 223.798
      vertex 13.2567 101.916 223.504
    endloop
  endfacet
  facet normal 0.753903 -0.648239 0.106848
    outer loop
      vertex 11.7872 99.4446 224.526
      vertex 9.93603 97.246 224.249
      vertex 11.8235 99.4469 224.284
    endloop
  endfacet
  facet normal 0.864597 -0.493323 -0.0954151
    outer loop
      vertex 13.5638 101.936 224.317
      vertex 13.5327 101.934 224.046
      vertex 15.112 104.701 224.05
    endloop
  endfacet
  facet normal 0.600144 -0.428025 -0.675738
    outer loop
      vertex 13.0127 101.901 223.236
      vertex 11.33 99.4152 223.315
      vertex 12.6994 101.88 222.97
    endloop
  endfacet
  facet normal 0.690479 -0.398144 -0.603921
    outer loop
      vertex 13.2567 101.916 223.504
      vertex 13.0127 101.901 223.236
      vertex 14.5418 104.664 223.162
    endloop
  endfacet
  facet normal 0.666843 -0.470056 -0.578246
    outer loop
      vertex 13.2567 101.916 223.504
      vertex 11.33 99.4152 223.315
      vertex 13.0127 101.901 223.236
    endloop
  endfacet
  facet normal 0.689425 -0.591594 -0.417983
    outer loop
      vertex 9.83127 97.2392 223.823
      vertex 9.69516 97.2305 223.611
      vertex 11.7039 99.4392 223.798
    endloop
  endfacet
  facet normal 0.620385 -0.675044 0.399296
    outer loop
      vertex 9.6731 97.229 224.877
      vertex 7.68912 95.3277 224.746
      vertex 7.81098 95.3355 224.57
    endloop
  endfacet
  facet normal 0.576269 -0.429568 0.695259
    outer loop
      vertex 12.6531 101.877 225.633
      vertex 11.0078 99.3944 225.463
      vertex 11.2965 99.413 225.235
    endloop
  endfacet
  facet normal 0.174737 -0.265969 0.948013
    outer loop
      vertex 5.07399 99.0125 227.289
      vertex 4.02626 96.8656 226.88
      vertex 5.8828 99.0646 227.155
    endloop
  endfacet
  facet normal 0.137248 -0.481128 0.86584
    outer loop
      vertex 1.16109 93.4468 226.067
      vertex -0.41694 92.203 225.626
      vertex -0.0102099 92.2292 225.576
    endloop
  endfacet
  facet normal 0.615275 -0.549803 0.564937
    outer loop
      vertex 11.2965 99.413 225.235
      vertex 9.6731 97.229 224.877
      vertex 11.5232 99.4276 225.002
    endloop
  endfacet
  facet normal 0.723913 -0.6279 0.285817
    outer loop
      vertex 11.687 99.4381 224.766
      vertex 9.90427 97.2439 224.46
      vertex 11.7872 99.4446 224.526
    endloop
  endfacet
  facet normal 0.59655 -0.800143 -0.0624415
    outer loop
      vertex 7.91253 95.3421 224.211
      vertex 5.76355 93.743 224.172
      vertex 7.89183 95.3408 224.031
    endloop
  endfacet
  facet normal 0.816831 -0.569912 -0.0893754
    outer loop
      vertex 13.5638 101.936 224.317
      vertex 11.7957 99.4451 224.041
      vertex 13.5327 101.934 224.046
    endloop
  endfacet
  facet normal 0.681207 -0.725875 0.0951945
    outer loop
      vertex 9.90427 97.2439 224.46
      vertex 7.88555 95.3403 224.391
      vertex 9.93603 97.246 224.249
    endloop
  endfacet
  facet normal 0.479124 -0.682874 0.551474
    outer loop
      vertex 7.52046 95.3168 224.919
      vertex 5.2693 93.7112 224.886
      vertex 5.44424 93.7224 224.748
    endloop
  endfacet
  facet normal 0.348357 -0.281539 -0.894082
    outer loop
      vertex 10.781 101.757 221.959
      vertex 9.33112 99.2865 222.172
      vertex 10.1445 101.716 221.724
    endloop
  endfacet
  facet normal 0.387207 -0.302351 -0.871008
    outer loop
      vertex 9.84688 99.3197 222.39
      vertex 9.33112 99.2865 222.172
      vertex 11.3569 101.794 222.202
    endloop
  endfacet
  facet normal 0.254598 -0.159546 -0.953795
    outer loop
      vertex 10.7964 107.366 220.779
      vertex 8.9325 104.303 220.794
      vertex 9.84568 107.305 220.535
    endloop
  endfacet
  facet normal 0.207658 -0.263846 -0.941947
    outer loop
      vertex 4.82515 96.917 221.555
      vertex 4.1215 96.8717 221.413
      vertex 5.98639 99.0713 221.208
    endloop
  endfacet
  facet normal 0.28433 -0.588086 -0.757174
    outer loop
      vertex 3.90797 93.6235 222.765
      vertex 2.08414 92.364 223.058
      vertex 3.53106 93.5993 222.642
    endloop
  endfacet
  facet normal 0.461544 -0.640994 -0.613273
    outer loop
      vertex 5.29447 93.7128 223.441
      vertex 5.08745 93.6995 223.299
      vertex 7.08237 95.2887 223.14
    endloop
  endfacet
  facet normal 0.182378 -0.847134 -0.499102
    outer loop
      vertex -0.234931 91.3956 223.239
      vertex -2.14905 90.7797 223.585
      vertex -0.459632 91.3811 223.181
    endloop
  endfacet
  facet normal 0.288726 -0.772097 -0.566129
    outer loop
      vertex 0.509198 91.4435 223.496
      vertex 0.347901 91.4331 223.428
      vertex 2.34748 92.3809 223.156
    endloop
  endfacet
  facet normal 0.207686 -0.263869 -0.941934
    outer loop
      vertex 5.98639 99.0713 221.208
      vertex 4.1215 96.8717 221.413
      vertex 5.18276 99.0195 221.045
    endloop
  endfacet
  facet normal 0.206463 -0.401563 -0.892256
    outer loop
      vertex 3.56973 95.0626 221.922
      vertex 2.22671 93.5153 222.308
      vertex 2.97182 95.0241 221.801
    endloop
  endfacet
  facet normal 0.492413 -0.867897 0.0654533
    outer loop
      vertex 5.76355 93.743 224.172
      vertex 3.48217 92.4539 224.243
      vertex 3.49893 92.455 224.131
    endloop
  endfacet
  facet normal 0.563298 -0.757431 -0.330142
    outer loop
      vertex 5.69105 93.7383 223.878
      vertex 5.59687 93.7322 223.731
      vertex 7.82352 95.3364 223.85
    endloop
  endfacet
  facet normal 0.497066 -0.546545 -0.673954
    outer loop
      vertex 7.33656 95.305 223.314
      vertex 7.08237 95.2887 223.14
      vertex 9.25819 97.2023 223.192
    endloop
  endfacet
  facet normal 0.591047 -0.633058 -0.4999
    outer loop
      vertex 9.69516 97.2305 223.611
      vertex 7.54533 95.3185 223.491
      vertex 9.50388 97.2182 223.401
    endloop
  endfacet
  facet normal 0.344967 -0.340692 -0.874601
    outer loop
      vertex 9.33112 99.2865 222.172
      vertex 7.25464 97.0734 222.215
      vertex 8.7611 99.2498 221.962
    endloop
  endfacet
  facet normal 0.29966 -0.477005 -0.826239
    outer loop
      vertex 5.6341 95.1954 222.483
      vertex 3.53106 93.5993 222.642
      vertex 5.17131 95.1657 222.333
    endloop
  endfacet
  facet normal 0.576901 -0.504403 -0.642466
    outer loop
      vertex 9.50388 97.2182 223.401
      vertex 9.25819 97.2023 223.192
      vertex 11.0493 99.3971 223.078
    endloop
  endfacet
  facet normal 0.544068 -0.589246 -0.59731
    outer loop
      vertex 7.54533 95.3185 223.491
      vertex 7.33656 95.305 223.314
      vertex 9.25819 97.2023 223.192
    endloop
  endfacet
  facet normal 0.532938 -0.721578 -0.44193
    outer loop
      vertex 7.70786 95.3289 223.67
      vertex 5.59687 93.7322 223.731
      vertex 7.54533 95.3185 223.491
    endloop
  endfacet
  facet normal 0.59105 -0.633062 -0.499893
    outer loop
      vertex 7.70786 95.3289 223.67
      vertex 7.54533 95.3185 223.491
      vertex 9.69516 97.2305 223.611
    endloop
  endfacet
  facet normal 0.175431 -0.325592 0.929093
    outer loop
      vertex 4.02626 96.8656 226.88
      vertex 2.8909 95.0189 226.447
      vertex 3.49266 95.0576 226.347
    endloop
  endfacet
  facet normal 0.222556 -0.238533 0.945289
    outer loop
      vertex 7.78851 101.564 227.358
      vertex 7.37544 99.1607 226.849
      vertex 8.59741 101.616 227.181
    endloop
  endfacet
  facet normal 0.045146 -0.155622 0.986784
    outer loop
      vertex -0.229942 103.494 228.641
      vertex 0.124593 103.736 228.663
      vertex -0.207602 103.715 228.675
    endloop
  endfacet
  facet normal 0.0450316 -0.155458 0.986816
    outer loop
      vertex -0.241035 103.427 228.631
      vertex 0.124593 103.736 228.663
      vertex -0.229942 103.494 228.641
    endloop
  endfacet
  facet normal 0.0451607 -0.155607 0.986786
    outer loop
      vertex -0.447355 101.904 228.401
      vertex 0.124593 103.736 228.663
      vertex -0.241035 103.427 228.631
    endloop
  endfacet
  facet normal 0.0451207 -0.155595 0.98679
    outer loop
      vertex 0.124593 103.736 228.663
      vertex -0.447355 101.904 228.401
      vertex -0.133534 101.055 228.252
    endloop
  endfacet
  facet normal 0.0673923 -0.281788 0.957107
    outer loop
      vertex -0.805437 96.5547 227.335
      vertex -1.21468 94.7547 226.834
      vertex 0.0535127 96.6099 227.29
    endloop
  endfacet
  facet normal 0.0470005 -0.187742 0.981093
    outer loop
      vertex -0.609453 100.7 228.207
      vertex -0.133534 101.055 228.252
      vertex -0.566118 101.027 228.268
    endloop
  endfacet
  facet normal 0.0468785 -0.187583 0.98113
    outer loop
      vertex -0.622998 100.633 228.195
      vertex -0.133534 101.055 228.252
      vertex -0.609453 100.7 228.207
    endloop
  endfacet
  facet normal 0.0470312 -0.187755 0.981089
    outer loop
      vertex -0.133534 101.055 228.252
      vertex -0.622998 100.633 228.195
      vertex -0.751405 99.8913 228.059
    endloop
  endfacet
  facet normal 0.111897 -0.16499 0.979927
    outer loop
      vertex 3.65173 103.963 228.424
      vertex 3.08268 101.261 228.034
      vertex 4.76728 104.035 228.308
    endloop
  endfacet
  facet normal 0.129457 -0.139447 0.981731
    outer loop
      vertex 6.50973 107.091 228.513
      vertex 5.34484 107.016 228.656
      vertex 5.8453 104.105 228.176
    endloop
  endfacet
  facet normal 0.109264 -0.111493 0.98774
    outer loop
      vertex 5.82835 110.256 228.968
      vertex 4.13941 106.938 228.78
      vertex 5.34484 107.016 228.656
    endloop
  endfacet
  facet normal 0.0418899 -0.106142 0.993468
    outer loop
      vertex 0.29873 109.47 229.337
      vertex 0.475069 109.911 229.377
      vertex 0.304603 109.527 229.343
    endloop
  endfacet
  facet normal 0.0421773 -0.106254 0.993444
    outer loop
      vertex 0.475069 109.911 229.377
      vertex 0.29873 109.47 229.337
      vertex 0.32806 106.693 229.039
    endloop
  endfacet
  facet normal 0.0421982 -0.106254 0.993443
    outer loop
      vertex 0.32806 106.693 229.039
      vertex 0.29873 109.47 229.337
      vertex 0.0922944 106.678 229.048
    endloop
  endfacet
  facet normal 0.0409082 -0.0865999 0.995403
    outer loop
      vertex 0.460633 112.668 229.618
      vertex 0.564245 113.38 229.675
      vertex 0.480426 113.374 229.678
    endloop
  endfacet
  facet normal 0.0413339 -0.08666 0.99538
    outer loop
      vertex 0.455911 112.608 229.613
      vertex 0.564245 113.38 229.675
      vertex 0.460633 112.668 229.618
    endloop
  endfacet
  facet normal 0.0410277 -0.0866184 0.995396
    outer loop
      vertex 0.564245 113.38 229.675
      vertex 0.455911 112.608 229.613
      vertex 0.475069 109.911 229.377
    endloop
  endfacet
  facet normal 0.0409286 -0.0866194 0.9954
    outer loop
      vertex 0.475069 109.911 229.377
      vertex 0.455911 112.608 229.613
      vertex 0.339572 110.239 229.411
    endloop
  endfacet
  facet normal 0.130776 -0.169213 0.976865
    outer loop
      vertex 4.76728 104.035 228.308
      vertex 4.09989 101.327 227.929
      vertex 5.08288 101.39 227.808
    endloop
  endfacet
  facet normal 0.0771155 -0.158926 0.984274
    outer loop
      vertex 2.50306 103.89 228.522
      vertex 1.3258 103.814 228.602
      vertex 2.03527 101.194 228.123
    endloop
  endfacet
  facet normal 0.0940773 -0.161587 0.982364
    outer loop
      vertex 2.50306 103.89 228.522
      vertex 2.03527 101.194 228.123
      vertex 3.08268 101.261 228.034
    endloop
  endfacet
  facet normal 0.150929 -0.174358 0.973047
    outer loop
      vertex 5.8453 104.105 228.176
      vertex 5.08288 101.39 227.808
      vertex 6.02777 101.451 227.672
    endloop
  endfacet
  facet normal 0.172629 -0.180547 0.968299
    outer loop
      vertex 7.87191 104.235 227.863
      vertex 6.02777 101.451 227.672
      vertex 6.93084 101.509 227.522
    endloop
  endfacet
  facet normal 0.196188 -0.187942 0.962387
    outer loop
      vertex 7.87191 104.235 227.863
      vertex 6.93084 101.509 227.522
      vertex 7.78851 101.564 227.358
    endloop
  endfacet
  facet normal 0.164928 -0.848276 0.503217
    outer loop
      vertex -0.490281 91.3792 224.941
      vertex -2.1646 90.7787 224.477
      vertex -0.263713 91.3938 224.891
    endloop
  endfacet
  facet normal 0.181224 -0.666462 0.723177
    outer loop
      vertex 0.754416 92.2784 225.457
      vertex -0.730513 91.3637 224.987
      vertex 1.10929 92.3012 225.389
    endloop
  endfacet
  facet normal 0.308178 -0.645653 0.698683
    outer loop
      vertex 4.20971 93.643 225.398
      vertex 2.3142 92.3788 225.066
      vertex 4.52662 93.6634 225.277
    endloop
  endfacet
  facet normal 0.331178 -0.534303 0.777715
    outer loop
      vertex 6.0046 95.2193 225.717
      vertex 4.52662 93.6634 225.277
      vertex 6.39374 95.2443 225.568
    endloop
  endfacet
  facet normal 0.494428 -0.867767 -0.0502224
    outer loop
      vertex 3.49893 92.455 224.131
      vertex 3.48607 92.4542 224.019
      vertex 5.76355 93.743 224.172
    endloop
  endfacet
  facet normal 0.578252 -0.785452 0.220659
    outer loop
      vertex 7.81098 95.3355 224.57
      vertex 5.74157 93.7416 224.319
      vertex 7.88555 95.3403 224.391
    endloop
  endfacet
  facet normal 0.287108 -0.798241 0.52951
    outer loop
      vertex 2.55584 92.3943 224.974
      vertex 0.488942 91.4422 224.659
      vertex 0.634987 91.4516 224.594
    endloop
  endfacet
  facet normal 0.517247 -0.722586 0.458612
    outer loop
      vertex 7.52046 95.3168 224.919
      vertex 5.44424 93.7224 224.748
      vertex 5.5816 93.7313 224.607
    endloop
  endfacet
  facet normal 0.280509 -0.322115 0.904188
    outer loop
      vertex 8.68208 99.2448 226.498
      vertex 6.63496 97.0335 226.345
      vertex 7.18544 97.0689 226.187
    endloop
  endfacet
  facet normal 0.426513 -0.508682 0.747883
    outer loop
      vertex 8.5575 97.1572 225.664
      vertex 7.04555 95.2863 225.253
      vertex 8.9157 97.1803 225.475
    endloop
  endfacet
  facet normal 0.046472 -0.440071 0.89676
    outer loop
      vertex -2.35673 93.2204 226.331
      vertex -2.43801 92.9866 226.22
      vertex -2.2737 93.2257 226.329
    endloop
  endfacet
  facet normal 0.377145 -0.918324 -0.120178
    outer loop
      vertex 1.11866 91.4827 224.013
      vertex 1.08994 91.4809 223.937
      vertex 3.48607 92.4542 224.019
    endloop
  endfacet
  facet normal 0.250607 -0.749202 0.613101
    outer loop
      vertex 2.04764 92.3616 225.154
      vertex 0.144921 91.4201 224.781
      vertex 0.325372 91.4317 224.722
    endloop
  endfacet
  facet normal 0.284337 -0.588091 -0.757167
    outer loop
      vertex 2.08414 92.364 223.058
      vertex 1.79677 92.3455 222.965
      vertex 3.53106 93.5993 222.642
    endloop
  endfacet
  facet normal 0.104416 -0.972867 -0.206465
    outer loop
      vertex -3.66536 90.5421 223.934
      vertex -3.90993 90.5019 224
      vertex -3.69674 90.5388 223.934
    endloop
  endfacet
  facet normal 0.104384 -0.972848 -0.20657
    outer loop
      vertex -3.48472 90.5755 223.868
      vertex -2.27002 90.7719 223.557
      vertex -3.54309 90.5623 223.901
    endloop
  endfacet
  facet normal 0.104429 -0.972877 -0.20641
    outer loop
      vertex -2.27002 90.7719 223.557
      vertex -3.48472 90.5755 223.868
      vertex -2.3975 90.7637 223.531
    endloop
  endfacet
  facet normal 0.4886 -0.857008 -0.163728
    outer loop
      vertex 3.48607 92.4542 224.019
      vertex 3.44365 92.4515 223.907
      vertex 5.74669 93.7419 224.025
    endloop
  endfacet
  facet normal 0.25443 -0.966664 0.0287532
    outer loop
      vertex 1.12736 91.4833 224.089
      vertex -1.34986 90.8311 224.083
      vertex -1.3441 90.8315 224.045
    endloop
  endfacet
  facet normal 0.161475 -0.620516 -0.767389
    outer loop
      vertex -1.21262 91.3327 223.029
      vertex -1.48661 91.315 222.985
      vertex -0.362512 92.2065 222.501
    endloop
  endfacet
  facet normal 0.0942806 -0.968087 -0.232202
    outer loop
      vertex -3.75166 90.5331 223.934
      vertex -3.90993 90.5019 224
      vertex -3.77598 90.5306 223.935
    endloop
  endfacet
  facet normal 0.0944629 -0.968148 -0.231877
    outer loop
      vertex -3.21056 90.6518 223.659
      vertex -2.66996 90.7461 223.485
      vertex -3.2681 90.6283 223.734
    endloop
  endfacet
  facet normal 0.0944868 -0.968161 -0.231809
    outer loop
      vertex -2.66996 90.7461 223.485
      vertex -3.21056 90.6518 223.659
      vertex -2.81386 90.7369 223.465
    endloop
  endfacet
  facet normal 0.0721482 -0.963482 -0.25787
    outer loop
      vertex -3.87648 90.5211 223.938
      vertex -3.90993 90.5019 224
      vertex -3.89356 90.5196 223.938
    endloop
  endfacet
  facet normal 0.175974 -0.633535 -0.753437
    outer loop
      vertex -0.949443 91.3496 223.076
      vertex -1.21262 91.3327 223.029
      vertex 0.431005 92.2576 222.635
    endloop
  endfacet
  facet normal 0.168534 -0.377504 -0.910542
    outer loop
      vertex 1.22987 93.4512 222.118
      vertex 0.699019 93.417 222.034
      vertex 2.34573 94.9838 221.689
    endloop
  endfacet
  facet normal 0.131215 -0.23523 -0.963042
    outer loop
      vertex 1.82323 96.7238 221.049
      vertex 1.00479 96.6712 220.95
      vertex 1.62318 98.7904 220.516
    endloop
  endfacet
  facet normal 0.1007 -0.279649 -0.954807
    outer loop
      vertex 0.165467 96.6171 220.863
      vertex -0.910768 95.5002 221.077
      vertex -0.680119 96.5627 220.79
    endloop
  endfacet
  facet normal 0.100662 -0.279615 -0.954821
    outer loop
      vertex 0.165467 96.6171 220.863
      vertex -0.940759 95.4023 221.102
      vertex -0.910768 95.5002 221.077
    endloop
  endfacet
  facet normal 0.100728 -0.27967 -0.954798
    outer loop
      vertex -0.940759 95.4023 221.102
      vertex 0.165467 96.6171 220.863
      vertex -1.11202 94.7693 221.27
    endloop
  endfacet
  facet normal 0.114567 -0.231014 -0.966182
    outer loop
      vertex 1.00479 96.6712 220.95
      vertex 0.165467 96.6171 220.863
      vertex 1.62318 98.7904 220.516
    endloop
  endfacet
  facet normal 0.131207 -0.235231 -0.963043
    outer loop
      vertex 1.82323 96.7238 221.049
      vertex 1.62318 98.7904 220.516
      vertex 2.55792 98.8506 220.629
    endloop
  endfacet
  facet normal 0.111337 -0.156725 -0.981347
    outer loop
      vertex 2.17484 101.203 220.111
      vertex 1.10455 101.134 220
      vertex 1.48236 103.824 219.613
    endloop
  endfacet
  facet normal 0.102989 -0.00288585 0.994678
    outer loop
      vertex 5.2888 137.769 230.175
      vertex 5.06281 134.274 230.188
      vertex 6.62333 134.375 230.027
    endloop
  endfacet
  facet normal 0.102975 -0.00288492 0.99468
    outer loop
      vertex 5.06281 134.274 230.188
      vertex 5.2888 137.769 230.175
      vertex 4.89234 137.743 230.216
    endloop
  endfacet
  facet normal 0.144553 -0.0405072 0.988668
    outer loop
      vertex 8.22534 125.64 229.656
      vertex 8.1047 121.495 229.503
      vertex 9.47028 121.583 229.307
    endloop
  endfacet
  facet normal 0.165601 -0.0261371 0.985846
    outer loop
      vertex 11.033 130.152 229.335
      vertex 9.62867 125.73 229.454
      vertex 10.9699 125.817 229.231
    endloop
  endfacet
  facet normal 0.243119 0.0031822 0.969991
    outer loop
      vertex 14.2619 138.346 228.683
      vertex 14.6843 134.893 228.588
      vertex 14.5569 138.365 228.609
    endloop
  endfacet
  facet normal 0.243104 0.00318026 0.969995
    outer loop
      vertex 14.6843 134.893 228.588
      vertex 14.2619 138.346 228.683
      vertex 13.5231 134.819 228.88
    endloop
  endfacet
  facet normal 0.187821 0.000946615 0.982203
    outer loop
      vertex 12.144 138.21 229.175
      vertex 11.1566 138.146 229.364
      vertex 12.2821 134.739 229.152
    endloop
  endfacet
  facet normal 0.122653 -0.0134363 0.992359
    outer loop
      vertex 8.13136 134.472 229.842
      vertex 6.62333 134.375 230.027
      vertex 6.74466 129.876 229.951
    endloop
  endfacet
  facet normal 0.104442 -0.0262211 0.994185
    outer loop
      vertex 6.74466 129.876 229.951
      vertex 5.25468 125.449 229.991
      vertex 6.76542 125.546 229.835
    endloop
  endfacet
  facet normal 0.166465 -0.0412183 0.985185
    outer loop
      vertex 9.62867 125.73 229.454
      vertex 9.47028 121.583 229.307
      vertex 10.7754 121.667 229.09
    endloop
  endfacet
  facet normal 0.317626 -0.097131 0.943228
    outer loop
      vertex 14.8092 117.999 227.891
      vertex 14.164 114.255 227.723
      vertex 15.7079 118.057 227.594
    endloop
  endfacet
  facet normal 0.935497 -0.0125666 -0.353112
    outer loop
      vertex 21.0335 130.795 224.07
      vertex 20.9372 135.296 223.654
      vertex 21.0945 135.306 224.071
    endloop
  endfacet
  facet normal 0.988503 0.0279273 0.1486
    outer loop
      vertex 21.0279 138.782 224.594
      vertex 21.1421 135.309 224.487
      vertex 21.0437 138.783 224.489
    endloop
  endfacet
  facet normal 0.988506 0.027928 0.148579
    outer loop
      vertex 21.1421 135.309 224.487
      vertex 21.0279 138.782 224.594
      vertex 21.08 135.305 224.901
    endloop
  endfacet
  facet normal 0.246705 -0.0646573 0.966931
    outer loop
      vertex 13.184 121.822 228.597
      vertex 12.7741 117.868 228.437
      vertex 14.2779 121.892 228.323
    endloop
  endfacet
  facet normal 0.716375 -0.084157 0.692622
    outer loop
      vertex 19.9472 126.395 226.048
      vertex 19.5111 122.229 225.993
      vertex 20.3231 126.419 225.662
    endloop
  endfacet
  facet normal 0.277682 -0.0282324 0.960258
    outer loop
      vertex 14.7041 130.388 228.531
      vertex 14.5692 126.048 228.442
      vertex 15.7674 130.456 228.225
    endloop
  endfacet
  facet normal 0.317623 -0.0971299 0.943229
    outer loop
      vertex 15.7079 118.057 227.594
      vertex 14.164 114.255 227.723
      vertex 15.0239 114.31 227.439
    endloop
  endfacet
  facet normal 0.219396 -0.105531 0.969912
    outer loop
      vertex 12.2169 114.13 228.245
      vertex 10.4927 110.556 228.246
      vertex 11.5156 110.622 228.022
    endloop
  endfacet
  facet normal 0.14456 -0.0405049 0.988667
    outer loop
      vertex 9.62867 125.73 229.454
      vertex 8.22534 125.64 229.656
      vertex 9.47028 121.583 229.307
    endloop
  endfacet
  facet normal 0.169345 -0.0974732 0.980725
    outer loop
      vertex 8.78739 113.909 228.901
      vertex 8.26622 110.413 228.644
      vertex 9.40817 110.486 228.454
    endloop
  endfacet
  facet normal 0.315966 -0.049672 0.947469
    outer loop
      vertex 16.5686 126.177 227.827
      vertex 15.2924 121.958 228.031
      vertex 16.2235 122.018 227.724
    endloop
  endfacet
  facet normal 0.0541663 -0.0400135 0.99773
    outer loop
      vertex 0.587767 122.258 230.194
      vertex 2.10476 125.246 230.232
      vertex 0.589262 122.31 230.196
    endloop
  endfacet
  facet normal 0.053931 -0.0398922 0.997747
    outer loop
      vertex 0.589262 122.31 230.196
      vertex 2.10476 125.246 230.232
      vertex 0.550708 125.146 230.312
    endloop
  endfacet
  facet normal 0.0539206 -0.039889 0.997748
    outer loop
      vertex 2.10476 125.246 230.232
      vertex 0.587767 122.258 230.194
      vertex 0.589566 121.075 230.147
    endloop
  endfacet
  facet normal 0.0539247 -0.0398905 0.997748
    outer loop
      vertex 0.589566 121.075 230.147
      vertex 2.14882 121.112 230.064
      vertex 2.10476 125.246 230.232
    endloop
  endfacet
  facet normal 0.0539228 -0.0397994 0.997752
    outer loop
      vertex 2.14882 121.112 230.064
      vertex 0.589566 121.075 230.147
      vertex 0.589663 121.011 230.144
    endloop
  endfacet
  facet normal 0.0865259 -0.0264818 0.995898
    outer loop
      vertex 5.25468 125.449 229.991
      vertex 3.61717 129.674 230.245
      vertex 3.69908 125.349 230.123
    endloop
  endfacet
  facet normal 0.0865339 -0.0264786 0.995897
    outer loop
      vertex 5.20379 129.776 230.11
      vertex 3.61717 129.674 230.245
      vertex 5.25468 125.449 229.991
    endloop
  endfacet
  facet normal 0.0524195 -0.0158856 0.998499
    outer loop
      vertex 1.99106 129.57 230.356
      vertex 0.369766 132.065 230.481
      vertex 0.451375 129.47 230.435
    endloop
  endfacet
  facet normal 0.0521289 -0.016075 0.998511
    outer loop
      vertex 1.99106 129.57 230.356
      vertex 0.369714 132.113 230.482
      vertex 0.369766 132.065 230.481
    endloop
  endfacet
  facet normal 0.0524338 -0.0158801 0.998498
    outer loop
      vertex 0.369714 132.113 230.482
      vertex 1.99106 129.57 230.356
      vertex 0.315899 133.516 230.507
    endloop
  endfacet
  facet normal 0.0524202 -0.0158859 0.998499
    outer loop
      vertex 1.80909 134.065 230.437
      vertex 0.315899 133.516 230.507
      vertex 1.99106 129.57 230.356
    endloop
  endfacet
  facet normal 0.0524234 -0.0158946 0.998498
    outer loop
      vertex 0.315899 133.516 230.507
      vertex 1.80909 134.065 230.437
      vertex 0.298562 133.968 230.515
    endloop
  endfacet
  facet normal 0.200682 -0.0390154 -0.978879
    outer loop
      vertex 10.9426 121.678 219.494
      vertex 9.64579 121.594 219.232
      vertex 9.80904 125.742 219.1
    endloop
  endfacet
  facet normal 0.178904 -0.0382931 -0.983121
    outer loop
      vertex 9.64579 121.594 219.232
      vertex 8.41357 125.652 218.849
      vertex 9.80904 125.742 219.1
    endloop
  endfacet
  facet normal 0.102791 -0.00242208 -0.9947
    outer loop
      vertex 2.02811 134.079 217.864
      vertex 1.84405 137.547 217.836
      vertex 3.07621 137.626 217.963
    endloop
  endfacet
  facet normal 0.0865189 -0.00329786 -0.996245
    outer loop
      vertex 2.02811 134.079 217.864
      vertex 0.586103 137.466 217.727
      vertex 1.84405 137.547 217.836
    endloop
  endfacet
  facet normal 0.157144 -0.0112174 -0.987512
    outer loop
      vertex 8.42569 129.984 218.747
      vertex 6.94392 129.888 218.512
      vertex 8.3258 134.484 218.68
    endloop
  endfacet
  facet normal 0.119764 -0.00154433 -0.992801
    outer loop
      vertex 5.27118 134.288 218.226
      vertex 3.90013 137.679 218.055
      vertex 5.10164 137.757 218.2
    endloop
  endfacet
  facet normal 0.0878651 -0.0250595 -0.995817
    outer loop
      vertex 2.20731 129.583 217.941
      vertex 0.717749 127.193 217.87
      vertex 0.717765 127.451 217.863
    endloop
  endfacet
  facet normal 0.0878708 -0.0250631 -0.995817
    outer loop
      vertex 0.717749 127.193 217.87
      vertex 2.20731 129.583 217.941
      vertex 0.773262 125.388 217.92
    endloop
  endfacet
  facet normal 0.0878705 -0.0250633 -0.995817
    outer loop
      vertex 2.20731 129.583 217.941
      vertex 0.717765 127.451 217.863
      vertex 0.641091 129.483 217.805
    endloop
  endfacet
  facet normal 0.161461 -0.0898673 -0.982779
    outer loop
      vertex 7.23164 110.346 219.615
      vertex 5.99469 110.267 219.419
      vertex 6.38992 113.755 219.165
    endloop
  endfacet
  facet normal 0.162492 -0.111875 -0.980347
    outer loop
      vertex 7.23164 110.346 219.615
      vertex 5.50073 107.026 219.707
      vertex 5.99469 110.267 219.419
    endloop
  endfacet
  facet normal 0.144731 -0.133896 -0.98037
    outer loop
      vertex 4.91154 104.045 220.027
      vertex 4.30037 106.948 219.54
      vertex 5.50073 107.026 219.707
    endloop
  endfacet
  facet normal 0.144736 -0.133895 -0.980369
    outer loop
      vertex 4.91154 104.045 220.027
      vertex 3.80069 103.973 219.872
      vertex 4.30037 106.948 219.54
    endloop
  endfacet
  facet normal 0.0925145 -0.104657 -0.990196
    outer loop
      vertex 0.760884 109.642 218.862
      vertex 2.04066 110.012 218.942
      vertex 1.79524 106.787 219.26
    endloop
  endfacet
  facet normal 0.0925091 -0.104638 -0.990198
    outer loop
      vertex 2.04066 110.012 218.942
      vertex 0.760884 109.642 218.862
      vertex 0.770965 109.93 218.832
    endloop
  endfacet
  facet normal 0.164728 -0.167028 -0.972094
    outer loop
      vertex 5.20962 101.398 220.532
      vertex 4.91154 104.045 220.027
      vertex 5.98429 104.114 220.197
    endloop
  endfacet
  facet normal 0.184746 -0.172183 -0.967586
    outer loop
      vertex 6.14922 101.459 220.701
      vertex 5.20962 101.398 220.532
      vertex 5.98429 104.114 220.197
    endloop
  endfacet
  facet normal 0.114574 -0.231019 -0.96618
    outer loop
      vertex 1.62318 98.7904 220.516
      vertex 0.165467 96.6171 220.863
      vertex 0.66459 98.7288 220.418
    endloop
  endfacet
  facet normal 0.145964 -0.162799 -0.975803
    outer loop
      vertex 4.23143 101.335 220.377
      vertex 3.21851 101.27 220.236
      vertex 4.91154 104.045 220.027
    endloop
  endfacet
  facet normal 0.22796 -0.123779 -0.965771
    outer loop
      vertex 10.6311 110.565 220.303
      vertex 8.8367 107.24 220.305
      vertex 9.55442 110.496 220.057
    endloop
  endfacet
  facet normal 0.22706 -0.0989322 -0.968843
    outer loop
      vertex 10.6311 110.565 220.303
      vertex 9.55442 110.496 220.057
      vertex 10.147 113.996 219.839
    endloop
  endfacet
  facet normal 0.313503 -0.0891338 -0.945394
    outer loop
      vertex 14.2818 114.263 220.962
      vertex 13.9635 117.945 220.51
      vertex 14.9323 118.007 220.825
    endloop
  endfacet
  facet normal 0.281079 -0.084287 -0.955976
    outer loop
      vertex 13.3549 114.203 220.661
      vertex 12.9174 117.877 220.208
      vertex 13.9635 117.945 220.51
    endloop
  endfacet
  facet normal 0.441172 -0.081436 -0.89372
    outer loop
      vertex 17.3391 118.162 221.841
      vertex 16.6234 118.116 221.492
      vertex 17.172 122.079 221.402
    endloop
  endfacet
  facet normal 0.441451 -0.110967 -0.890397
    outer loop
      vertex 17.3391 118.162 221.841
      vertex 15.8998 114.367 221.601
      vertex 16.6234 118.116 221.492
    endloop
  endfacet
  facet normal 0.314187 -0.115178 -0.942348
    outer loop
      vertex 14.2818 114.263 220.962
      vertex 12.5937 110.691 220.836
      vertex 13.3549 114.203 220.661
    endloop
  endfacet
  facet normal 0.28187 -0.10872 -0.953273
    outer loop
      vertex 12.5937 110.691 220.836
      vertex 12.3541 114.139 220.372
      vertex 13.3549 114.203 220.661
    endloop
  endfacet
  facet normal 0.283348 -0.205084 -0.936832
    outer loop
      vertex 9.45002 101.671 221.498
      vertex 8.70017 101.623 221.282
      vertex 9.81228 104.36 221.019
    endloop
  endfacet
  facet normal 0.283333 -0.205083 -0.936837
    outer loop
      vertex 10.6346 104.413 221.256
      vertex 9.45002 101.671 221.498
      vertex 9.81228 104.36 221.019
    endloop
  endfacet
  facet normal 0.255356 -0.236424 -0.937495
    outer loop
      vertex 8.70017 101.623 221.282
      vertex 7.46747 99.1666 221.565
      vertex 7.89794 101.571 221.076
    endloop
  endfacet
  facet normal 0.255364 -0.236425 -0.937493
    outer loop
      vertex 7.46747 99.1666 221.565
      vertex 6.74897 99.1203 221.381
      vertex 7.89794 101.571 221.076
    endloop
  endfacet
  facet normal 0.253877 -0.129508 -0.958527
    outer loop
      vertex 10.7964 107.366 220.779
      vertex 9.84568 107.305 220.535
      vertex 10.6311 110.565 220.303
    endloop
  endfacet
  facet normal 0.254583 -0.159536 -0.953801
    outer loop
      vertex 9.81228 104.36 221.019
      vertex 8.9325 104.303 220.794
      vertex 10.7964 107.366 220.779
    endloop
  endfacet
  facet normal 0.314698 -0.144617 -0.93811
    outer loop
      vertex 12.508 107.477 221.303
      vertex 11.685 107.424 221.035
      vertex 12.5937 110.691 220.836
    endloop
  endfacet
  facet normal 0.314945 -0.178333 -0.932205
    outer loop
      vertex 12.508 107.477 221.303
      vertex 10.6346 104.413 221.256
      vertex 11.685 107.424 221.035
    endloop
  endfacet
  facet normal 0.350295 -0.0950291 -0.931806
    outer loop
      vertex 15.1312 114.317 221.276
      vertex 14.2818 114.263 220.962
      vertex 15.8201 118.064 221.153
    endloop
  endfacet
  facet normal 0.392497 -0.102205 -0.914057
    outer loop
      vertex 15.8998 114.367 221.601
      vertex 15.1312 114.317 221.276
      vertex 15.8201 118.064 221.153
    endloop
  endfacet
  facet normal 0.314763 -0.21752 -0.92391
    outer loop
      vertex 10.1445 101.716 221.724
      vertex 9.45002 101.671 221.498
      vertex 11.3963 104.462 221.504
    endloop
  endfacet
  facet normal 0.314772 -0.217526 -0.923905
    outer loop
      vertex 11.3963 104.462 221.504
      vertex 9.45002 101.671 221.498
      vertex 10.6346 104.413 221.256
    endloop
  endfacet
  facet normal 0.436034 -0.270952 -0.858172
    outer loop
      vertex 11.8699 101.827 222.452
      vertex 11.3569 101.794 222.202
      vertex 13.2884 104.584 222.303
    endloop
  endfacet
  facet normal 0.493316 -0.243951 -0.834942
    outer loop
      vertex 15.0836 107.642 222.47
      vertex 13.7798 104.615 222.584
      vertex 14.5526 107.608 222.166
    endloop
  endfacet
  facet normal 0.885179 -0.331601 -0.326341
    outer loop
      vertex 16.5232 107.735 224.055
      vertex 16.4017 107.727 223.733
      vertex 17.7565 111.024 224.058
    endloop
  endfacet
  facet normal 0.975985 -0.162689 0.144863
    outer loop
      vertex 20.303 122.28 224.849
      vertex 19.7021 118.314 224.442
      vertex 20.3615 122.284 224.458
    endloop
  endfacet
  facet normal 0.913047 -0.153996 0.377664
    outer loop
      vertex 20.1412 122.27 225.235
      vertex 19.6456 118.31 224.819
      vertex 20.303 122.28 224.849
    endloop
  endfacet
  facet normal 0.535493 0.0134185 0.844433
    outer loop
      vertex 19.1908 138.664 226.802
      vertex 19.1461 135.181 226.886
      vertex 19.7449 135.219 226.505
    endloop
  endfacet
  facet normal 0.535501 0.0134182 0.844428
    outer loop
      vertex 19.1461 135.181 226.886
      vertex 19.1908 138.664 226.802
      vertex 19.0387 138.654 226.899
    endloop
  endfacet
  facet normal 0.318265 -0.125068 0.939715
    outer loop
      vertex 15.0239 114.31 227.439
      vertex 13.3604 110.741 227.527
      vertex 14.1751 110.793 227.258
    endloop
  endfacet
  facet normal 0.697322 -0.274423 0.662143
    outer loop
      vertex 17.0517 110.978 225.743
      vertex 15.8627 107.692 225.634
      vertex 16.1627 107.712 225.326
    endloop
  endfacet
  facet normal 0.40625 0.00909702 0.913717
    outer loop
      vertex 18.1316 138.595 227.36
      vertex 18.4454 135.135 227.255
      vertex 18.3348 138.608 227.269
    endloop
  endfacet
  facet normal 0.406219 0.00909384 0.91373
    outer loop
      vertex 18.4454 135.135 227.255
      vertex 18.1316 138.595 227.36
      vertex 17.6455 135.084 227.611
    endloop
  endfacet
  facet normal 0.619877 -0.0115292 0.784614
    outer loop
      vertex 19.7449 135.219 226.505
      vertex 19.701 130.709 226.474
      vertex 20.1893 130.741 226.089
    endloop
  endfacet
  facet normal 0.840914 0.0238135 -0.540644
    outer loop
      vertex 20.9372 135.296 223.654
      vertex 20.5704 138.752 223.236
      vertex 20.638 138.757 223.341
    endloop
  endfacet
  facet normal 0.840937 0.0238201 -0.540609
    outer loop
      vertex 20.5704 138.752 223.236
      vertex 20.9372 135.296 223.654
      vertex 20.6709 135.279 223.239
    endloop
  endfacet
  facet normal 0.564587 0.0152919 -0.825232
    outer loop
      vertex 19.2309 135.186 222.019
      vertex 19.2725 138.669 222.112
      vertex 19.8161 135.224 222.42
    endloop
  endfacet
  facet normal 0.56459 0.0152918 -0.82523
    outer loop
      vertex 19.2725 138.669 222.112
      vertex 19.2309 135.186 222.019
      vertex 19.1238 138.659 222.01
    endloop
  endfacet
  facet normal 0.565704 -0.00926166 -0.824556
    outer loop
      vertex 19.8161 135.224 222.42
      vertex 19.1934 130.677 222.044
      vertex 19.2309 135.186 222.019
    endloop
  endfacet
  facet normal 0.739407 0.0207452 -0.672938
    outer loop
      vertex 20.6709 135.279 223.239
      vertex 20.1945 138.728 222.822
      vertex 20.2896 138.734 222.927
    endloop
  endfacet
  facet normal 0.739428 0.0207509 -0.672915
    outer loop
      vertex 20.1945 138.728 222.822
      vertex 20.6709 135.279 223.239
      vertex 20.2967 135.255 222.827
    endloop
  endfacet
  facet normal 0.740457 -0.010555 -0.67202
    outer loop
      vertex 20.6709 135.279 223.239
      vertex 20.2459 130.744 222.842
      vertex 20.2967 135.255 222.827
    endloop
  endfacet
  facet normal 0.987278 -0.0592634 0.147545
    outer loop
      vertex 21.0193 130.794 224.889
      vertex 20.7609 126.447 224.872
      vertex 21.0806 130.798 224.48
    endloop
  endfacet
  facet normal 0.987714 -0.108595 -0.112371
    outer loop
      vertex 20.8211 126.451 224.471
      vertex 20.3615 122.284 224.458
      vertex 20.7749 126.448 224.068
    endloop
  endfacet
  facet normal 0.829935 -0.189381 -0.524731
    outer loop
      vertex 19.5157 118.302 223.686
      vertex 18.4354 114.53 223.338
      vertex 19.2736 118.286 223.308
    endloop
  endfacet
  facet normal 0.734425 -0.169124 -0.65728
    outer loop
      vertex 19.2736 118.286 223.308
      vertex 18.4354 114.53 223.338
      vertex 18.9334 118.264 222.934
    endloop
  endfacet
  facet normal 0.62806 -0.298895 -0.718472
    outer loop
      vertex 15.9069 107.695 223.094
      vertex 14.5418 104.664 223.162
      vertex 15.5357 107.671 222.78
    endloop
  endfacet
  facet normal 0.636012 -0.244246 -0.732006
    outer loop
      vertex 15.9069 107.695 223.094
      vertex 15.5357 107.671 222.78
      vertex 17.0989 110.981 223.033
    endloop
  endfacet
  facet normal 0.548682 -0.32551 -0.770059
    outer loop
      vertex 14.1982 104.642 222.871
      vertex 12.6994 101.88 222.97
      vertex 13.7798 104.615 222.584
    endloop
  endfacet
  facet normal 0.548688 -0.325511 -0.770055
    outer loop
      vertex 12.6994 101.88 222.97
      vertex 12.318 101.856 222.709
      vertex 13.7798 104.615 222.584
    endloop
  endfacet
  facet normal 0.277596 -0.00920032 -0.960654
    outer loop
      vertex 14.849 130.397 220.21
      vertex 13.7132 130.324 219.882
      vertex 14.8311 134.903 220.161
    endloop
  endfacet
  facet normal 0.247885 0.00420494 -0.96878
    outer loop
      vertex 13.6807 134.829 219.83
      vertex 12.6253 138.241 219.574
      vertex 13.5488 138.3 219.811
    endloop
  endfacet
  facet normal 0.388465 0.00943562 -0.921415
    outer loop
      vertex 17.7564 135.091 221.242
      vertex 17.4183 138.549 221.135
      vertex 17.6428 138.564 221.23
    endloop
  endfacet
  facet normal 0.388433 0.00943207 -0.921429
    outer loop
      vertex 17.4183 138.549 221.135
      vertex 17.7564 135.091 221.242
      vertex 16.873 135.034 220.869
    endloop
  endfacet
  facet normal 0.389427 -0.00873061 -0.921016
    outer loop
      vertex 17.7564 135.091 221.242
      vertex 16.8652 130.527 220.908
      vertex 16.873 135.034 220.869
    endloop
  endfacet
  facet normal 0.439786 -0.0306659 -0.897579
    outer loop
      vertex 18.5146 130.633 221.656
      vertex 17.5433 126.24 221.33
      vertex 17.7375 130.583 221.277
    endloop
  endfacet
  facet normal 0.391233 -0.0507831 -0.918889
    outer loop
      vertex 17.172 122.079 221.402
      vertex 16.6881 126.185 220.969
      vertex 17.5433 126.24 221.33
    endloop
  endfacet
  facet normal 0.439796 -0.0306685 -0.897574
    outer loop
      vertex 18.3052 126.289 221.702
      vertex 17.5433 126.24 221.33
      vertex 18.5146 130.633 221.656
    endloop
  endfacet
  facet normal 0.497866 -0.0331408 -0.866621
    outer loop
      vertex 18.9708 126.332 222.082
      vertex 18.3052 126.289 221.702
      vertex 18.5146 130.633 221.656
    endloop
  endfacet
  facet normal 0.391231 -0.0507835 -0.91889
    outer loop
      vertex 17.172 122.079 221.402
      vertex 16.3397 122.025 221.05
      vertex 16.6881 126.185 220.969
    endloop
  endfacet
  facet normal 0.348779 -0.0475638 -0.935997
    outer loop
      vertex 16.3397 122.025 221.05
      vertex 15.4199 121.966 220.711
      vertex 16.6881 126.185 220.969
    endloop
  endfacet
  facet normal 0.0832594 -0.285849 0.954651
    outer loop
      vertex 0.0535127 96.6099 227.29
      vertex -0.48482 94.8016 226.796
      vertex 0.230496 94.8477 226.747
    endloop
  endfacet
  facet normal 0.0674173 -0.281803 0.957101
    outer loop
      vertex 0.0535127 96.6099 227.29
      vertex -1.21468 94.7547 226.834
      vertex -0.48482 94.8016 226.796
    endloop
  endfacet
  facet normal 0.102325 -0.790043 0.604451
    outer loop
      vertex -2.10175 91.2755 225.155
      vertex -2.83316 90.7356 224.573
      vertex -1.80837 91.2943 225.13
    endloop
  endfacet
  facet normal 0.0925285 -0.593202 0.799719
    outer loop
      vertex -1.27121 92.148 225.706
      vertex -2.40242 91.2561 225.175
      vertex -2.10175 91.2755 225.155
    endloop
  endfacet
  facet normal 0.104731 -0.46116 0.881114
    outer loop
      vertex -0.492805 93.3403 226.237
      vertex -1.27121 92.148 225.706
      vertex 0.0756101 93.3769 226.189
    endloop
  endfacet
  facet normal 0.102233 -0.362413 0.926394
    outer loop
      vertex 0.230496 94.8477 226.747
      vertex -0.492805 93.3403 226.237
      vertex 0.0756101 93.3769 226.189
    endloop
  endfacet
  facet normal 0.15541 -0.390604 0.907346
    outer loop
      vertex 2.8909 95.0189 226.447
      vertex 1.16109 93.4468 226.067
      vertex 1.67386 93.4798 225.993
    endloop
  endfacet
  facet normal 0.119045 -0.370197 0.921294
    outer loop
      vertex 1.60626 94.9362 226.618
      vertex 0.0756101 93.3769 226.189
      vertex 0.627633 93.4124 226.132
    endloop
  endfacet
  facet normal 0.197834 -0.684701 0.70146
    outer loop
      vertex 1.10929 92.3012 225.389
      vertex -0.263713 91.3938 224.891
      vertex 1.44399 92.3228 225.316
    endloop
  endfacet
  facet normal 0.154648 -0.493791 0.855719
    outer loop
      vertex 1.67386 93.4798 225.993
      vertex -0.0102099 92.2292 225.576
      vertex 0.380756 92.2543 225.519
    endloop
  endfacet
  facet normal 0.786569 -0.548416 -0.283813
    outer loop
      vertex 11.7957 99.4451 224.041
      vertex 11.7039 99.4392 223.798
      vertex 13.5327 101.934 224.046
    endloop
  endfacet
  facet normal 0.786565 -0.548411 -0.283832
    outer loop
      vertex 13.5327 101.934 224.046
      vertex 11.7039 99.4392 223.798
      vertex 13.4302 101.927 223.775
    endloop
  endfacet
  facet normal 0.757192 -0.648028 -0.0819773
    outer loop
      vertex 11.8235 99.4469 224.284
      vertex 9.93603 97.246 224.249
      vertex 11.7957 99.4451 224.041
    endloop
  endfacet
  facet normal 0.813244 -0.570141 0.116505
    outer loop
      vertex 13.5638 101.936 224.317
      vertex 11.7872 99.4446 224.526
      vertex 11.8235 99.4469 224.284
    endloop
  endfacet
  facet normal 0.634597 -0.54856 -0.544398
    outer loop
      vertex 9.69516 97.2305 223.611
      vertex 9.50388 97.2182 223.401
      vertex 11.33 99.4152 223.315
    endloop
  endfacet
  facet normal 0.576882 -0.504393 -0.642492
    outer loop
      vertex 11.33 99.4152 223.315
      vertex 9.50388 97.2182 223.401
      vertex 11.0493 99.3971 223.078
    endloop
  endfacet
  facet normal 0.532986 -0.22109 0.816728
    outer loop
      vertex 16.6441 110.952 226.065
      vertex 15.0181 107.638 226.229
      vertex 15.4807 107.668 225.935
    endloop
  endfacet
  facet normal 0.576272 -0.429569 0.695256
    outer loop
      vertex 12.6531 101.877 225.633
      vertex 11.2965 99.413 225.235
      vertex 12.9754 101.898 225.379
    endloop
  endfacet
  facet normal 0.405887 -0.272891 0.87223
    outer loop
      vertex 13.2183 104.579 226.327
      vertex 11.2845 101.789 226.354
      vertex 11.8059 101.823 226.122
    endloop
  endfacet
  facet normal 0.401685 -0.328829 0.854705
    outer loop
      vertex 11.2845 101.789 226.354
      vertex 9.78211 99.3155 226.108
      vertex 11.8059 101.823 226.122
    endloop
  endfacet
  facet normal 0.197767 -0.338505 0.919947
    outer loop
      vertex 4.73445 96.9112 226.762
      vertex 3.49266 95.0576 226.347
      vertex 5.40704 96.9545 226.633
    endloop
  endfacet
  facet normal 0.453001 -0.357673 0.816615
    outer loop
      vertex 12.2627 101.852 225.881
      vertex 10.2491 99.3456 225.9
      vertex 10.6582 99.3719 225.685
    endloop
  endfacet
  facet normal 0.250139 -0.304546 0.919066
    outer loop
      vertex 7.37544 99.1607 226.849
      vertex 6.04137 96.9953 226.494
      vertex 6.63496 97.0335 226.345
    endloop
  endfacet
  facet normal 0.13375 -0.249082 0.959202
    outer loop
      vertex 3.34732 98.9014 227.519
      vertex 2.51442 96.7683 227.081
      vertex 3.28528 96.8179 226.986
    endloop
  endfacet
  facet normal 0.596549 -0.800142 -0.0624651
    outer loop
      vertex 5.76355 93.743 224.172
      vertex 5.74669 93.7419 224.025
      vertex 7.89183 95.3408 224.031
    endloop
  endfacet
  facet normal 0.667024 -0.707067 -0.234809
    outer loop
      vertex 9.91166 97.2444 224.036
      vertex 7.82352 95.3364 223.85
      vertex 9.83127 97.2392 223.823
    endloop
  endfacet
  facet normal 0.551479 -0.758178 0.347903
    outer loop
      vertex 7.68912 95.3277 224.746
      vertex 5.5816 93.7313 224.607
      vertex 7.81098 95.3355 224.57
    endloop
  endfacet
  facet normal 0.674479 -0.592562 0.440397
    outer loop
      vertex 11.687 99.4381 224.766
      vertex 9.6731 97.229 224.877
      vertex 9.81651 97.2383 224.67
    endloop
  endfacet
  facet normal 0.313893 -0.263933 -0.912037
    outer loop
      vertex 8.7611 99.2498 221.962
      vertex 8.13906 99.2098 221.759
      vertex 9.45002 101.671 221.498
    endloop
  endfacet
  facet normal 0.281998 -0.30249 -0.910482
    outer loop
      vertex 8.13906 99.2098 221.759
      vertex 6.70999 97.0383 222.038
      vertex 7.46747 99.1666 221.565
    endloop
  endfacet
  facet normal 0.307789 -0.614821 -0.726127
    outer loop
      vertex 4.25336 93.6458 222.892
      vertex 2.08414 92.364 223.058
      vertex 3.90797 93.6235 222.765
    endloop
  endfacet
  facet normal 0.34498 -0.340703 -0.874591
    outer loop
      vertex 7.75374 97.1055 222.399
      vertex 7.25464 97.0734 222.215
      vertex 9.33112 99.2865 222.172
    endloop
  endfacet
  facet normal 0.332342 -0.644082 -0.68899
    outer loop
      vertex 4.56587 93.6659 223.024
      vertex 2.34748 92.3809 223.156
      vertex 4.25336 93.6458 222.892
    endloop
  endfacet
  facet normal 0.201152 -0.872412 -0.445461
    outer loop
      vertex 0.169635 91.4216 223.362
      vertex -1.92855 90.7939 223.645
      vertex -0.0248985 91.4091 223.299
    endloop
  endfacet
  facet normal 0.230329 -0.27471 -0.933532
    outer loop
      vertex 6.74897 99.1203 221.381
      vertex 4.82515 96.917 221.555
      vertex 5.98639 99.0713 221.208
    endloop
  endfacet
  facet normal 0.187247 -0.312507 -0.931278
    outer loop
      vertex 2.97182 95.0241 221.801
      vertex 2.34573 94.9838 221.689
      vertex 3.38467 96.8243 221.28
    endloop
  endfacet
  facet normal 0.132882 -0.288925 -0.948085
    outer loop
      vertex 1.01895 94.8984 221.492
      vertex 0.323498 94.8537 221.408
      vertex 1.82323 96.7238 221.049
    endloop
  endfacet
  facet normal 0.227319 -0.416657 -0.880183
    outer loop
      vertex 4.13708 95.0991 222.052
      vertex 2.22671 93.5153 222.308
      vertex 3.56973 95.0626 221.922
    endloop
  endfacet
  facet normal 0.594042 -0.800304 0.0814124
    outer loop
      vertex 7.88555 95.3403 224.391
      vertex 5.74157 93.7416 224.319
      vertex 5.76355 93.743 224.172
    endloop
  endfacet
  facet normal 0.594045 -0.800304 0.0813875
    outer loop
      vertex 7.88555 95.3403 224.391
      vertex 5.76355 93.743 224.172
      vertex 7.91253 95.3421 224.211
    endloop
  endfacet
  facet normal 0.551482 -0.758183 0.347888
    outer loop
      vertex 7.81098 95.3355 224.57
      vertex 5.5816 93.7313 224.607
      vertex 5.68084 93.7376 224.464
    endloop
  endfacet
  facet normal 0.466029 -0.83754 0.285206
    outer loop
      vertex 5.5816 93.7313 224.607
      vertex 3.43587 92.451 224.354
      vertex 5.68084 93.7376 224.464
    endloop
  endfacet
  facet normal 0.585613 -0.784975 -0.202168
    outer loop
      vertex 5.74669 93.7419 224.025
      vertex 5.69105 93.7383 223.878
      vertex 7.82352 95.3364 223.85
    endloop
  endfacet
  facet normal 0.585616 -0.784977 -0.20215
    outer loop
      vertex 7.89183 95.3408 224.031
      vertex 5.74669 93.7419 224.025
      vertex 7.82352 95.3364 223.85
    endloop
  endfacet
  facet normal 0.305428 -0.79709 -0.520924
    outer loop
      vertex 2.79802 92.4099 223.36
      vertex 0.652889 91.4527 223.567
      vertex 2.58576 92.3962 223.256
    endloop
  endfacet
  facet normal 0.45718 -0.809678 -0.367978
    outer loop
      vertex 5.59687 93.7322 223.731
      vertex 3.37184 92.4468 223.795
      vertex 5.4645 93.7237 223.585
    endloop
  endfacet
  facet normal 0.357865 -0.675755 -0.644429
    outer loop
      vertex 2.79802 92.4099 223.36
      vertex 2.58576 92.3962 223.256
      vertex 4.56587 93.6659 223.024
    endloop
  endfacet
  facet normal 0.425352 -0.601856 -0.675903
    outer loop
      vertex 5.08745 93.6995 223.299
      vertex 4.84427 93.6838 223.16
      vertex 7.08237 95.2887 223.14
    endloop
  endfacet
  facet normal 0.357848 -0.675738 -0.644455
    outer loop
      vertex 4.84427 93.6838 223.16
      vertex 2.79802 92.4099 223.36
      vertex 4.56587 93.6659 223.024
    endloop
  endfacet
  facet normal 0.311836 -0.320089 -0.894596
    outer loop
      vertex 7.25464 97.0734 222.215
      vertex 6.70999 97.0383 222.038
      vertex 8.7611 99.2498 221.962
    endloop
  endfacet
  facet normal 0.381971 -0.364802 -0.849127
    outer loop
      vertex 8.20533 97.1346 222.59
      vertex 7.75374 97.1055 222.399
      vertex 9.33112 99.2865 222.172
    endloop
  endfacet
  facet normal 0.332347 -0.64409 -0.68898
    outer loop
      vertex 2.58576 92.3962 223.256
      vertex 2.34748 92.3809 223.156
      vertex 4.56587 93.6659 223.024
    endloop
  endfacet
  facet normal 0.358068 -0.532557 -0.766923
    outer loop
      vertex 4.56587 93.6659 223.024
      vertex 4.25336 93.6458 222.892
      vertex 6.0582 95.2227 222.64
    endloop
  endfacet
  facet normal 0.307758 -0.614775 -0.726179
    outer loop
      vertex 2.34748 92.3809 223.156
      vertex 2.08414 92.364 223.058
      vertex 4.25336 93.6458 222.892
    endloop
  endfacet
  facet normal 0.279368 -0.369116 -0.886401
    outer loop
      vertex 5.17131 95.1657 222.333
      vertex 4.67165 95.1335 222.189
      vertex 6.12195 97.0005 221.868
    endloop
  endfacet
  facet normal 0.273722 -0.454114 -0.847854
    outer loop
      vertex 5.17131 95.1657 222.333
      vertex 3.53106 93.5993 222.642
      vertex 4.67165 95.1335 222.189
    endloop
  endfacet
  facet normal 0.521201 -0.462841 -0.717027
    outer loop
      vertex 9.25819 97.2023 223.192
      vertex 8.95904 97.1831 222.987
      vertex 10.7077 99.3751 222.844
    endloop
  endfacet
  facet normal 0.497068 -0.546547 -0.673951
    outer loop
      vertex 9.25819 97.2023 223.192
      vertex 7.08237 95.2887 223.14
      vertex 8.95904 97.1831 222.987
    endloop
  endfacet
  facet normal 0.498061 -0.681645 -0.535999
    outer loop
      vertex 7.54533 95.3185 223.491
      vertex 5.29447 93.7128 223.441
      vertex 7.33656 95.305 223.314
    endloop
  endfacet
  facet normal 0.46155 -0.640999 -0.613263
    outer loop
      vertex 7.33656 95.305 223.314
      vertex 5.29447 93.7128 223.441
      vertex 7.08237 95.2887 223.14
    endloop
  endfacet
  facet normal 0.633942 -0.674172 -0.378958
    outer loop
      vertex 7.82352 95.3364 223.85
      vertex 7.70786 95.3289 223.67
      vertex 9.69516 97.2305 223.611
    endloop
  endfacet
  facet normal 0.563292 -0.757419 -0.33018
    outer loop
      vertex 7.82352 95.3364 223.85
      vertex 5.59687 93.7322 223.731
      vertex 7.70786 95.3289 223.67
    endloop
  endfacet
  facet normal 0.119043 -0.370195 0.921295
    outer loop
      vertex 0.928439 94.8926 226.688
      vertex 0.0756101 93.3769 226.189
      vertex 1.60626 94.9362 226.618
    endloop
  endfacet
  facet normal 0.117073 -0.297485 0.947521
    outer loop
      vertex 1.71672 96.717 227.163
      vertex 1.60626 94.9362 226.618
      vertex 2.51442 96.7683 227.081
    endloop
  endfacet
  facet normal 0.136716 -0.379544 0.915017
    outer loop
      vertex 1.60626 94.9362 226.618
      vertex 0.627633 93.4124 226.132
      vertex 2.26127 94.9784 226.537
    endloop
  endfacet
  facet normal 0.120623 -0.470271 0.87424
    outer loop
      vertex 0.0756101 93.3769 226.189
      vertex -0.41694 92.203 225.626
      vertex 0.627633 93.4124 226.132
    endloop
  endfacet
  facet normal 0.0492552 -0.2276 0.972508
    outer loop
      vertex -1.05068 98.1507 227.721
      vertex -0.444275 98.6574 227.809
      vertex -0.970803 98.6235 227.827
    endloop
  endfacet
  facet normal 0.0493441 -0.227701 0.97248
    outer loop
      vertex -1.06395 98.0962 227.709
      vertex -0.444275 98.6574 227.809
      vertex -1.05068 98.1507 227.721
    endloop
  endfacet
  facet normal 0.0492543 -0.227607 0.972507
    outer loop
      vertex -1.15428 97.6737 227.614
      vertex -0.444275 98.6574 227.809
      vertex -1.06395 98.0962 227.709
    endloop
  endfacet
  facet normal 0.0492646 -0.227614 0.972504
    outer loop
      vertex -0.444275 98.6574 227.809
      vertex -1.15428 97.6737 227.614
      vertex -0.805437 96.5547 227.335
    endloop
  endfacet
  facet normal 0.0731448 -0.0876406 0.993463
    outer loop
      vertex 2.0261 113.474 229.6
      vertex 1.86013 110 229.306
      vertex 3.45882 113.566 229.503
    endloop
  endfacet
  facet normal 0.0756201 -0.131377 0.988444
    outer loop
      vertex 1.62606 106.776 228.972
      vertex 1.3258 103.814 228.602
      vertex 2.89818 106.858 228.886
    endloop
  endfacet
  facet normal 0.080847 -0.233181 0.969067
    outer loop
      vertex 0.536726 98.7205 227.758
      vertex 0.0535127 96.6099 227.29
      vertex 1.49817 98.7824 227.693
    endloop
  endfacet
  facet normal 0.115171 -0.242658 0.963251
    outer loop
      vertex 3.34732 98.9014 227.519
      vertex 1.71672 96.717 227.163
      vertex 2.51442 96.7683 227.081
    endloop
  endfacet
  facet normal 0.113448 -0.19972 0.973263
    outer loop
      vertex 3.08268 101.261 228.034
      vertex 2.43627 98.8428 227.613
      vertex 3.34732 98.9014 227.519
    endloop
  endfacet
  facet normal 0.0957179 -0.195463 0.976029
    outer loop
      vertex 3.08268 101.261 228.034
      vertex 2.03527 101.194 228.123
      vertex 2.43627 98.8428 227.613
    endloop
  endfacet
  facet normal 0.092624 -0.133431 0.98672
    outer loop
      vertex 2.89818 106.858 228.886
      vertex 2.50306 103.89 228.522
      vertex 4.13941 106.938 228.78
    endloop
  endfacet
  facet normal 0.0756259 -0.131379 0.988443
    outer loop
      vertex 2.89818 106.858 228.886
      vertex 1.3258 103.814 228.602
      vertex 2.50306 103.89 228.522
    endloop
  endfacet
  facet normal 0.128252 -0.114078 0.985159
    outer loop
      vertex 5.82835 110.256 228.968
      vertex 5.34484 107.016 228.656
      vertex 7.07137 110.336 228.815
    endloop
  endfacet
  facet normal 0.147442 -0.0944895 0.984547
    outer loop
      vertex 8.78739 113.909 228.901
      vertex 7.07137 110.336 228.815
      vertex 8.26622 110.413 228.644
    endloop
  endfacet
  facet normal 0.130771 -0.169214 0.976865
    outer loop
      vertex 5.8453 104.105 228.176
      vertex 4.76728 104.035 228.308
      vertex 5.08288 101.39 227.808
    endloop
  endfacet
  facet normal 0.129452 -0.139448 0.981731
    outer loop
      vertex 5.34484 107.016 228.656
      vertex 4.76728 104.035 228.308
      vertex 5.8453 104.105 228.176
    endloop
  endfacet
  facet normal 0.172623 -0.180543 0.9683
    outer loop
      vertex 6.88154 104.171 228.027
      vertex 6.02777 101.451 227.672
      vertex 7.87191 104.235 227.863
    endloop
  endfacet
  facet normal 0.170392 -0.121203 0.977894
    outer loop
      vertex 9.40817 110.486 228.454
      vertex 7.62946 107.163 228.352
      vertex 8.69963 107.231 228.174
    endloop
  endfacet
  facet normal 0.214982 -0.704658 0.676195
    outer loop
      vertex 1.44399 92.3228 225.316
      vertex -0.263713 91.3938 224.891
      vertex 1.75718 92.3429 225.238
    endloop
  endfacet
  facet normal 0.257829 -0.589805 0.765281
    outer loop
      vertex 3.47914 93.5959 225.623
      vertex 1.75718 92.3429 225.238
      vertex 2.04764 92.3616 225.154
    endloop
  endfacet
  facet normal 0.234705 -0.565773 0.790452
    outer loop
      vertex 3.47914 93.5959 225.623
      vertex 1.44399 92.3228 225.316
      vertex 1.75718 92.3429 225.238
    endloop
  endfacet
  facet normal 0.234698 -0.565764 0.790461
    outer loop
      vertex 3.06836 93.5695 225.726
      vertex 1.44399 92.3228 225.316
      vertex 3.47914 93.5959 225.623
    endloop
  endfacet
  facet normal 0.28712 -0.798253 0.529485
    outer loop
      vertex 2.55584 92.3943 224.974
      vertex 0.634987 91.4516 224.594
      vertex 2.77158 92.4082 224.878
    endloop
  endfacet
  facet normal 0.112648 -0.982283 0.149771
    outer loop
      vertex -1.84241 90.7994 224.396
      vertex -3.90993 90.5019 224
      vertex -1.75089 90.8053 224.366
    endloop
  endfacet
  facet normal 0.444112 -0.810507 0.381893
    outer loop
      vertex 5.44424 93.7224 224.748
      vertex 3.25547 92.4393 224.57
      vertex 3.3602 92.4461 224.463
    endloop
  endfacet
  facet normal 0.123276 -0.989491 0.0755744
    outer loop
      vertex -1.47349 90.8231 224.232
      vertex -3.90993 90.5019 224
      vertex -1.4277 90.8261 224.196
    endloop
  endfacet
  facet normal 0.418652 -0.778867 0.467008
    outer loop
      vertex 5.2693 93.7112 224.886
      vertex 3.12208 92.4308 224.676
      vertex 5.44424 93.7224 224.748
    endloop
  endfacet
  facet normal 0.391209 -0.744918 0.540419
    outer loop
      vertex 5.05747 93.6975 225.021
      vertex 3.12208 92.4308 224.676
      vertex 5.2693 93.7112 224.886
    endloop
  endfacet
  facet normal 0.391211 -0.74492 0.540415
    outer loop
      vertex 5.05747 93.6975 225.021
      vertex 2.96057 92.4204 224.778
      vertex 3.12208 92.4308 224.676
    endloop
  endfacet
  facet normal 0.363083 -0.710568 0.602714
    outer loop
      vertex 5.05747 93.6975 225.021
      vertex 2.77158 92.4082 224.878
      vertex 2.96057 92.4204 224.778
    endloop
  endfacet
  facet normal 0.24404 -0.456025 0.855854
    outer loop
      vertex 4.60317 95.1291 226.12
      vertex 3.06836 93.5695 225.726
      vertex 3.47914 93.5959 225.623
    endloop
  endfacet
  facet normal 0.299723 -0.504906 0.809467
    outer loop
      vertex 5.57531 95.1917 225.859
      vertex 4.20971 93.643 225.398
      vertex 6.0046 95.2193 225.717
    endloop
  endfacet
  facet normal 0.0826421 -0.967415 0.239328
    outer loop
      vertex -2.98196 90.7261 224.586
      vertex -3.90993 90.5019 224
      vertex -2.83316 90.7356 224.573
    endloop
  endfacet
  facet normal 0.106176 -0.601285 0.791949
    outer loop
      vertex -1.27121 92.148 225.706
      vertex -2.10175 91.2755 225.155
      vertex -0.837828 92.1759 225.669
    endloop
  endfacet
  facet normal 0.214374 -0.912003 0.349707
    outer loop
      vertex 0.634987 91.4516 224.594
      vertex -1.66792 90.8106 224.334
      vertex -1.59384 90.8154 224.301
    endloop
  endfacet
  facet normal 0.321573 -0.822195 -0.469666
    outer loop
      vertex 2.98344 92.4218 223.466
      vertex 0.652889 91.4527 223.567
      vertex 2.79802 92.4099 223.36
    endloop
  endfacet
  facet normal 0.434679 -0.777813 -0.453939
    outer loop
      vertex 3.27092 92.4403 223.684
      vertex 3.14128 92.432 223.574
      vertex 5.4645 93.7237 223.585
    endloop
  endfacet
  facet normal 0.222172 -0.683136 -0.695676
    outer loop
      vertex -0.234931 91.3956 223.239
      vertex -0.459632 91.3811 223.181
      vertex 1.15457 92.3041 222.79
    endloop
  endfacet
  facet normal 0.152979 -0.813805 -0.560642
    outer loop
      vertex -0.949443 91.3496 223.076
      vertex -2.53098 90.7551 223.507
      vertex -1.21262 91.3327 223.029
    endloop
  endfacet
  facet normal 0.494429 -0.867764 -0.0502658
    outer loop
      vertex 5.76355 93.743 224.172
      vertex 3.48607 92.4542 224.019
      vertex 5.74669 93.7419 224.025
    endloop
  endfacet
  facet normal 0.254428 -0.966659 0.0289123
    outer loop
      vertex 1.11602 91.4826 224.164
      vertex -1.34986 90.8311 224.083
      vertex 1.12736 91.4833 224.089
    endloop
  endfacet
  facet normal 0.120354 -0.591411 -0.797338
    outer loop
      vertex -2.06265 91.278 222.911
      vertex -2.36244 91.2587 222.88
      vertex -1.21347 92.1517 222.391
    endloop
  endfacet
  facet normal 0.190954 -0.648343 -0.737013
    outer loop
      vertex -0.698117 91.3658 223.127
      vertex -0.949443 91.3496 223.076
      vertex 0.802273 92.2815 222.71
    endloop
  endfacet
  facet normal 0.182379 -0.847136 -0.499097
    outer loop
      vertex -2.03508 90.787 223.614
      vertex -2.14905 90.7797 223.585
      vertex -0.234931 91.3956 223.239
    endloop
  endfacet
  facet normal 0.202295 -0.506555 -0.83814
    outer loop
      vertex 2.22671 93.5153 222.308
      vertex 0.802273 92.2815 222.71
      vertex 1.73977 93.484 222.209
    endloop
  endfacet
  facet normal 0.103134 -0.34899 -0.931434
    outer loop
      vertex -0.997892 93.3078 221.829
      vertex -1.34017 93.9536 221.549
      vertex -1.117 94.7512 221.275
    endloop
  endfacet
  facet normal 0.103312 -0.348901 -0.931447
    outer loop
      vertex -0.997892 93.3078 221.829
      vertex -1.3652 93.888 221.571
      vertex -1.34017 93.9536 221.549
    endloop
  endfacet
  facet normal 0.103154 -0.348994 -0.93143
    outer loop
      vertex -1.3652 93.888 221.571
      vertex -0.997892 93.3078 221.829
      vertex -1.57771 93.2705 221.779
    endloop
  endfacet
  facet normal 0.118516 -0.354 -0.927706
    outer loop
      vertex -0.417064 93.3452 221.889
      vertex -0.997892 93.3078 221.829
      vertex 0.323498 94.8537 221.408
    endloop
  endfacet
  facet normal 0.100709 -0.279658 -0.954803
    outer loop
      vertex -0.38969 94.8078 221.335
      vertex -1.11202 94.7693 221.27
      vertex 0.165467 96.6171 220.863
    endloop
  endfacet
  facet normal 0.100674 -0.278365 -0.955185
    outer loop
      vertex -1.11202 94.7693 221.27
      vertex -0.38969 94.8078 221.335
      vertex -1.11422 94.7611 221.272
    endloop
  endfacet
  facet normal 0.116455 -0.28371 -0.951812
    outer loop
      vertex 0.323498 94.8537 221.408
      vertex -0.38969 94.8078 221.335
      vertex 0.165467 96.6171 220.863
    endloop
  endfacet
  facet normal 0.221141 -0.523351 -0.822922
    outer loop
      vertex 2.68877 93.5451 222.413
      vertex 1.15457 92.3041 222.79
      vertex 2.22671 93.5153 222.308
    endloop
  endfacet
  facet normal 0.227318 -0.416656 -0.880184
    outer loop
      vertex 2.68877 93.5451 222.413
      vertex 2.22671 93.5153 222.308
      vertex 4.13708 95.0991 222.052
    endloop
  endfacet
  facet normal 0.0967311 -0.187343 -0.97752
    outer loop
      vertex 0.66459 98.7288 220.418
      vertex -0.0365022 100.117 220.082
      vertex 0.0592772 100.894 219.943
    endloop
  endfacet
  facet normal 0.0967525 -0.187332 -0.97752
    outer loop
      vertex 0.66459 98.7288 220.418
      vertex -0.0690554 99.9499 220.111
      vertex -0.0365022 100.117 220.082
    endloop
  endfacet
  facet normal 0.0967353 -0.187342 -0.97752
    outer loop
      vertex -0.0690554 99.9499 220.111
      vertex 0.66459 98.7288 220.418
      vertex -0.276374 98.6682 220.336
    endloop
  endfacet
  facet normal 0.164027 -6.84481e-005 0.986456
    outer loop
      vertex 10.4703 138.102 229.486
      vertex 9.4307 138.035 229.659
      vertex 9.58094 134.565 229.634
    endloop
  endfacet
  facet normal 0.142191 -0.00103838 0.989839
    outer loop
      vertex 9.4307 138.035 229.659
      vertex 8.34291 137.965 229.815
      vertex 9.58094 134.565 229.634
    endloop
  endfacet
  facet normal 0.275855 0.00443441 0.961189
    outer loop
      vertex 14.8305 138.383 228.53
      vertex 14.6843 134.893 228.588
      vertex 15.7612 134.963 228.279
    endloop
  endfacet
  facet normal 0.275844 0.00443494 0.961192
    outer loop
      vertex 14.6843 134.893 228.588
      vertex 14.8305 138.383 228.53
      vertex 14.5569 138.365 228.609
    endloop
  endfacet
  facet normal 0.214827 -0.0116828 0.976582
    outer loop
      vertex 13.5231 134.819 228.88
      vertex 12.3322 130.235 229.087
      vertex 13.5575 130.314 228.818
    endloop
  endfacet
  facet normal 0.187824 0.000947626 0.982202
    outer loop
      vertex 11.1566 138.146 229.364
      vertex 10.9664 134.654 229.403
      vertex 12.2821 134.739 229.152
    endloop
  endfacet
  facet normal 0.187795 0.000949241 0.982208
    outer loop
      vertex 10.9664 134.654 229.403
      vertex 11.1566 138.146 229.364
      vertex 10.8223 138.125 229.428
    endloop
  endfacet
  facet normal 0.24487 -0.0273945 0.969169
    outer loop
      vertex 14.7041 130.388 228.531
      vertex 13.5575 130.314 228.818
      vertex 14.5692 126.048 228.442
    endloop
  endfacet
  facet normal 0.215692 -0.0267899 0.976094
    outer loop
      vertex 13.5575 130.314 228.818
      vertex 12.3322 130.235 229.087
      vertex 13.445 125.976 228.724
    endloop
  endfacet
  facet normal 0.103686 -0.0139841 0.994512
    outer loop
      vertex 6.62333 134.375 230.027
      vertex 5.06281 134.274 230.188
      vertex 6.74466 129.876 229.951
    endloop
  endfacet
  facet normal 0.103687 -0.0139837 0.994512
    outer loop
      vertex 6.74466 129.876 229.951
      vertex 5.06281 134.274 230.188
      vertex 5.20379 129.776 230.11
    endloop
  endfacet
  facet normal 0.12514 -0.0554727 0.990587
    outer loop
      vertex 8.1047 121.495 229.503
      vertex 6.68407 121.404 229.678
      vertex 7.87141 117.552 229.312
    endloop
  endfacet
  facet normal 0.214821 -0.0116812 0.976584
    outer loop
      vertex 13.5231 134.819 228.88
      vertex 12.2821 134.739 229.152
      vertex 12.3322 130.235 229.087
    endloop
  endfacet
  facet normal 0.934917 0.0265903 -0.353869
    outer loop
      vertex 21.0945 135.306 224.071
      vertex 20.9558 138.777 223.965
      vertex 20.9958 138.78 224.071
    endloop
  endfacet
  facet normal 0.934925 0.0265913 -0.353847
    outer loop
      vertex 20.9558 138.777 223.965
      vertex 21.0945 135.306 224.071
      vertex 20.9372 135.296 223.654
    endloop
  endfacet
  facet normal 0.993081 0.0282216 -0.113993
    outer loop
      vertex 21.0945 135.306 224.071
      vertex 20.9958 138.78 224.071
      vertex 21.0316 138.782 224.383
    endloop
  endfacet
  facet normal 0.280392 -0.0912682 0.955537
    outer loop
      vertex 14.8092 117.999 227.891
      vertex 13.83 117.936 228.172
      vertex 14.164 114.255 227.723
    endloop
  endfacet
  facet normal 0.358999 -0.0528558 0.93184
    outer loop
      vertex 16.5686 126.177 227.827
      vertex 16.2235 122.018 227.724
      vertex 17.0674 122.072 227.402
    endloop
  endfacet
  facet normal 0.358074 -0.0308123 0.933185
    outer loop
      vertex 16.7434 130.519 227.903
      vertex 16.5686 126.177 227.827
      vertex 17.628 130.576 227.565
    endloop
  endfacet
  facet normal 0.249339 -0.138518 0.958458
    outer loop
      vertex 12.4727 110.684 227.782
      vertex 10.6746 107.359 227.769
      vertex 11.5716 107.416 227.544
    endloop
  endfacet
  facet normal 0.21752 -0.061918 0.97409
    outer loop
      vertex 12.0149 121.747 228.853
      vertex 11.6457 117.795 228.684
      vertex 12.7741 117.868 228.437
    endloop
  endfacet
  facet normal 0.168336 -0.0765551 0.982752
    outer loop
      vertex 10.4493 117.718 228.913
      vertex 8.78739 113.909 228.901
      vertex 9.99266 113.987 228.701
    endloop
  endfacet
  facet normal 0.148533 -0.117284 0.981928
    outer loop
      vertex 7.07137 110.336 228.815
      vertex 6.50973 107.091 228.513
      vertex 8.26622 110.413 228.644
    endloop
  endfacet
  facet normal 0.249324 -0.13851 0.958464
    outer loop
      vertex 11.5156 110.622 228.022
      vertex 10.6746 107.359 227.769
      vertex 12.4727 110.684 227.782
    endloop
  endfacet
  facet normal 0.192206 -0.0792164 0.978152
    outer loop
      vertex 11.6457 117.795 228.684
      vertex 9.99266 113.987 228.701
      vertex 11.1373 114.06 228.482
    endloop
  endfacet
  facet normal 0.276765 -0.0111102 0.960873
    outer loop
      vertex 15.7612 134.963 228.279
      vertex 14.6843 134.893 228.588
      vertex 14.7041 130.388 228.531
    endloop
  endfacet
  facet normal 0.465297 0.0110966 0.885085
    outer loop
      vertex 18.8607 138.642 226.992
      vertex 18.3348 138.608 227.269
      vertex 18.4454 135.135 227.255
    endloop
  endfacet
  facet normal 0.357099 -0.0108068 0.934004
    outer loop
      vertex 17.6455 135.084 227.611
      vertex 16.7434 130.519 227.903
      vertex 17.628 130.576 227.565
    endloop
  endfacet
  facet normal 0.466425 -0.0108939 0.884494
    outer loop
      vertex 19.1461 135.181 226.886
      vertex 18.4454 135.135 227.255
      vertex 19.1097 130.671 226.849
    endloop
  endfacet
  facet normal 0.467392 -0.035102 0.883353
    outer loop
      vertex 19.1097 130.671 226.849
      vertex 18.4178 130.627 227.214
      vertex 18.8887 126.326 226.794
    endloop
  endfacet
  facet normal 0.467375 -0.0351048 0.883362
    outer loop
      vertex 18.4178 130.627 227.214
      vertex 18.2103 126.283 227.151
      vertex 18.8887 126.326 226.794
    endloop
  endfacet
  facet normal 0.13826 -0.0117587 -0.990326
    outer loop
      vertex 5.40954 129.79 218.299
      vertex 5.27118 134.288 218.226
      vertex 6.94392 129.888 218.512
    endloop
  endfacet
  facet normal 0.120438 -0.0123443 -0.992644
    outer loop
      vertex 5.40954 129.79 218.299
      vertex 3.82859 129.688 218.108
      vertex 5.27118 134.288 218.226
    endloop
  endfacet
  facet normal 0.137567 -0.00065862 -0.990492
    outer loop
      vertex 5.27118 134.288 218.226
      vertex 5.49643 137.782 218.255
      vertex 6.82514 134.388 218.442
    endloop
  endfacet
  facet normal 0.137554 -0.000657744 -0.990494
    outer loop
      vertex 5.49643 137.782 218.255
      vertex 5.27118 134.288 218.226
      vertex 5.10164 137.757 218.2
    endloop
  endfacet
  facet normal 0.0894833 -0.0516105 -0.99465
    outer loop
      vertex 2.35515 121.125 218.219
      vertex 0.868524 120.727 218.106
      vertex 0.873361 120.975 218.094
    endloop
  endfacet
  facet normal 0.0895985 -0.0516751 -0.994637
    outer loop
      vertex 2.35515 121.125 218.219
      vertex 0.894717 117.552 218.273
      vertex 0.902483 117.796 218.261
    endloop
  endfacet
  facet normal 0.0894718 -0.0516235 -0.994651
    outer loop
      vertex 0.894717 117.552 218.273
      vertex 2.35515 121.125 218.219
      vertex 0.894548 117.348 218.284
    endloop
  endfacet
  facet normal 0.0894875 -0.0516268 -0.994649
    outer loop
      vertex 0.868524 120.727 218.106
      vertex 2.35515 121.125 218.219
      vertex 0.902483 117.796 218.261
    endloop
  endfacet
  facet normal 0.0894815 -0.0515925 -0.994651
    outer loop
      vertex 2.35515 121.125 218.219
      vertex 0.873361 120.975 218.094
      vertex 0.872155 121.03 218.091
    endloop
  endfacet
  facet normal 0.182642 -0.115093 -0.97642
    outer loop
      vertex 7.77338 107.172 220.09
      vertex 6.65992 107.1 219.89
      vertex 8.41978 110.423 219.828
    endloop
  endfacet
  facet normal 0.182638 -0.115091 -0.976421
    outer loop
      vertex 8.41978 110.423 219.828
      vertex 6.65992 107.1 219.89
      vertex 7.23164 110.346 219.615
    endloop
  endfacet
  facet normal 0.0914051 -0.0847241 -0.992203
    outer loop
      vertex 2.21664 113.486 218.662
      vertex 0.833989 111.565 218.698
      vertex 0.864048 113.399 218.544
    endloop
  endfacet
  facet normal 0.0914842 -0.0847808 -0.992191
    outer loop
      vertex 2.21664 113.486 218.662
      vertex 0.819122 111.339 218.716
      vertex 0.833989 111.565 218.698
    endloop
  endfacet
  facet normal 0.0914051 -0.0847297 -0.992203
    outer loop
      vertex 0.819122 111.339 218.716
      vertex 2.21664 113.486 218.662
      vertex 0.780202 110.201 218.81
    endloop
  endfacet
  facet normal 0.108807 -0.105723 -0.988425
    outer loop
      vertex 3.06358 106.869 219.391
      vertex 1.79524 106.787 219.26
      vertex 2.04066 110.012 218.942
    endloop
  endfacet
  facet normal 0.110015 -0.129171 -0.985501
    outer loop
      vertex 3.06358 106.869 219.391
      vertex 1.48236 103.824 219.613
      vertex 1.79524 106.787 219.26
    endloop
  endfacet
  facet normal 0.109998 -0.129163 -0.985504
    outer loop
      vertex 2.65612 103.899 219.735
      vertex 1.48236 103.824 219.613
      vertex 3.06358 106.869 219.391
    endloop
  endfacet
  facet normal 0.207097 -0.216725 -0.954013
    outer loop
      vertex 5.98639 99.0713 221.208
      vertex 5.18276 99.0195 221.045
      vertex 6.14922 101.459 220.701
    endloop
  endfacet
  facet normal 0.205316 -0.146363 -0.96769
    outer loop
      vertex 7.99875 104.243 220.581
      vertex 7.01472 104.18 220.382
      vertex 7.77338 107.172 220.09
    endloop
  endfacet
  facet normal 0.164722 -0.167029 -0.972095
    outer loop
      vertex 5.20962 101.398 220.532
      vertex 4.23143 101.335 220.377
      vertex 4.91154 104.045 220.027
    endloop
  endfacet
  facet normal 0.206246 -0.178381 -0.962103
    outer loop
      vertex 7.99875 104.243 220.581
      vertex 6.14922 101.459 220.701
      vertex 7.01472 104.18 220.382
    endloop
  endfacet
  facet normal 0.93127 -0.349134 -0.104128
    outer loop
      vertex 17.7957 111.026 224.401
      vertex 16.56 107.737 224.376
      vertex 17.7565 111.024 224.058
    endloop
  endfacet
  facet normal 0.747947 -0.438723 0.498093
    outer loop
      vertex 14.979 104.692 224.937
      vertex 13.2285 101.914 225.119
      vertex 13.4114 101.926 224.855
    endloop
  endfacet
  facet normal 0.619991 -0.111965 0.776579
    outer loop
      vertex 19.5111 122.229 225.993
      vertex 18.4316 118.232 226.278
      vertex 18.8813 118.261 225.923
    endloop
  endfacet
  facet normal 0.466518 -0.200203 0.861556
    outer loop
      vertex 15.5729 110.883 226.683
      vertex 15.0181 107.638 226.229
      vertex 16.1505 110.92 226.379
    endloop
  endfacet
  facet normal 0.864596 -0.493323 -0.0954216
    outer loop
      vertex 15.1461 104.703 224.348
      vertex 13.5638 101.936 224.317
      vertex 15.112 104.701 224.05
    endloop
  endfacet
  facet normal 0.927091 -0.349403 0.135722
    outer loop
      vertex 17.7445 111.023 224.742
      vertex 16.56 107.737 224.376
      vertex 17.7957 111.026 224.401
    endloop
  endfacet
  facet normal 0.711106 -0.170628 0.682066
    outer loop
      vertex 18.8813 118.261 225.923
      vertex 18.3978 114.528 225.493
      vertex 19.2344 118.284 225.561
    endloop
  endfacet
  facet normal 0.538031 -0.0678398 0.840191
    outer loop
      vertex 18.8887 126.326 226.794
      vertex 18.4811 122.163 226.719
      vertex 19.4684 126.364 226.426
    endloop
  endfacet
  facet normal 0.685516 -0.334043 0.646903
    outer loop
      vertex 15.8627 107.692 225.634
      vertex 14.5008 104.662 225.512
      vertex 16.1627 107.712 225.326
    endloop
  endfacet
  facet normal 0.535807 -0.176597 0.825666
    outer loop
      vertex 17.1088 114.445 226.511
      vertex 16.6441 110.952 226.065
      vertex 17.6298 114.478 226.18
    endloop
  endfacet
  facet normal 0.195202 -0.154523 0.968514
    outer loop
      vertex 9.71601 107.297 227.979
      vertex 7.87191 104.235 227.863
      vertex 8.81249 104.296 227.683
    endloop
  endfacet
  facet normal 0.405889 -0.272893 0.872229
    outer loop
      vertex 12.6465 104.542 226.581
      vertex 11.2845 101.789 226.354
      vertex 13.2183 104.579 226.327
    endloop
  endfacet
  facet normal 0.468557 -0.0911257 0.878721
    outer loop
      vertex 18.4811 122.163 226.719
      vertex 17.821 122.12 227.066
      vertex 17.8871 118.197 226.624
    endloop
  endfacet
  facet normal 0.987278 -0.0592635 0.147544
    outer loop
      vertex 21.0806 130.798 224.48
      vertex 20.7609 126.447 224.872
      vertex 20.8211 126.451 224.471
    endloop
  endfacet
  facet normal 0.739438 0.0207516 -0.672905
    outer loop
      vertex 20.6709 135.279 223.239
      vertex 20.2896 138.734 222.927
      vertex 20.5704 138.752 223.236
    endloop
  endfacet
  facet normal 0.969242 -0.220441 -0.109435
    outer loop
      vertex 18.8453 114.556 224.423
      vertex 18.8038 114.554 224.061
      vertex 19.7021 118.314 224.442
    endloop
  endfacet
  facet normal 0.953202 -0.282719 -0.107131
    outer loop
      vertex 17.7957 111.026 224.401
      vertex 17.7565 111.024 224.058
      vertex 18.8038 114.554 224.061
    endloop
  endfacet
  facet normal 0.993421 -0.0133971 -0.113731
    outer loop
      vertex 21.1421 135.309 224.487
      vertex 21.0806 130.798 224.48
      vertex 21.0945 135.306 224.071
    endloop
  endfacet
  facet normal 0.988858 -0.0136911 0.14823
    outer loop
      vertex 21.1421 135.309 224.487
      vertex 21.08 135.305 224.901
      vertex 21.0806 130.798 224.48
    endloop
  endfacet
  facet normal 0.719982 -0.27297 -0.638055
    outer loop
      vertex 16.196 107.714 223.412
      vertex 15.9069 107.695 223.094
      vertex 17.0989 110.981 223.033
    endloop
  endfacet
  facet normal 0.707653 -0.332625 -0.623369
    outer loop
      vertex 16.196 107.714 223.412
      vertex 14.5418 104.664 223.162
      vertex 15.9069 107.695 223.094
    endloop
  endfacet
  facet normal 0.346019 0.00792767 -0.938194
    outer loop
      vertex 15.8966 134.971 220.508
      vertex 15.7746 138.444 220.493
      vertex 16.5073 138.491 220.763
    endloop
  endfacet
  facet normal 0.247893 0.00420727 -0.968778
    outer loop
      vertex 12.45 134.75 219.514
      vertex 12.6253 138.241 219.574
      vertex 13.6807 134.829 219.83
    endloop
  endfacet
  facet normal 0.247891 0.00420737 -0.968779
    outer loop
      vertex 12.6253 138.241 219.574
      vertex 12.45 134.75 219.514
      vertex 12.3126 138.221 219.494
    endloop
  endfacet
  facet normal 0.346044 0.00793341 -0.938185
    outer loop
      vertex 16.873 135.034 220.869
      vertex 16.5073 138.491 220.763
      vertex 16.7554 138.507 220.855
    endloop
  endfacet
  facet normal 0.34601 0.00792949 -0.938197
    outer loop
      vertex 16.5073 138.491 220.763
      vertex 16.873 135.034 220.869
      vertex 15.8966 134.971 220.508
    endloop
  endfacet
  facet normal 0.0623679 -0.770818 0.633995
    outer loop
      vertex -3.33692 91.1948 225.207
      vertex -3.02092 91.2163 225.202
      vertex -3.33545 91.1961 225.208
    endloop
  endfacet
  facet normal 0.062416 -0.771805 0.632788
    outer loop
      vertex -3.02092 91.2163 225.202
      vertex -3.33692 91.1948 225.207
      vertex -3.60815 90.6858 224.613
    endloop
  endfacet
  facet normal 0.666838 -0.470051 -0.578255
    outer loop
      vertex 11.5484 99.4292 223.556
      vertex 11.33 99.4152 223.315
      vertex 13.2567 101.916 223.504
    endloop
  endfacet
  facet normal 0.732251 -0.512286 -0.448745
    outer loop
      vertex 11.7039 99.4392 223.798
      vertex 11.5484 99.4292 223.556
      vertex 13.2567 101.916 223.504
    endloop
  endfacet
  facet normal 0.646311 -0.471374 0.600074
    outer loop
      vertex 12.9754 101.898 225.379
      vertex 11.2965 99.413 225.235
      vertex 13.2285 101.914 225.119
    endloop
  endfacet
  facet normal 0.89818 -0.419751 0.130701
    outer loop
      vertex 16.512 107.734 224.696
      vertex 15.1017 104.7 224.644
      vertex 16.56 107.737 224.376
    endloop
  endfacet
  facet normal 0.528459 -0.270972 0.804553
    outer loop
      vertex 15.0181 107.638 226.229
      vertex 13.7192 104.611 226.063
      vertex 14.1473 104.639 225.791
    endloop
  endfacet
  facet normal 0.573303 -0.634201 0.518761
    outer loop
      vertex 9.47461 97.2163 225.081
      vertex 7.52046 95.3168 224.919
      vertex 9.6731 97.229 224.877
    endloop
  endfacet
  facet normal 0.452999 -0.357671 0.816617
    outer loop
      vertex 11.8059 101.823 226.122
      vertex 10.2491 99.3456 225.9
      vertex 12.2627 101.852 225.881
    endloop
  endfacet
  facet normal 0.511232 -0.391272 0.765211
    outer loop
      vertex 12.2627 101.852 225.881
      vertex 10.6582 99.3719 225.685
      vertex 11.0078 99.3944 225.463
    endloop
  endfacet
  facet normal 0.356643 -0.304312 0.883289
    outer loop
      vertex 11.2845 101.789 226.354
      vertex 9.25909 99.2819 226.308
      vertex 9.78211 99.3155 226.108
    endloop
  endfacet
  facet normal 0.281945 -0.265991 0.921822
    outer loop
      vertex 9.35434 101.665 226.991
      vertex 8.05337 99.2043 226.679
      vertex 8.68208 99.2448 226.498
    endloop
  endfacet
  facet normal 0.318316 -0.234367 0.918557
    outer loop
      vertex 11.2995 104.456 227.059
      vertex 10.0563 101.71 226.789
      vertex 10.7006 101.752 226.577
    endloop
  endfacet
  facet normal 0.360434 -0.104271 0.926938
    outer loop
      vertex 16.5225 118.109 227.283
      vertex 15.7079 118.057 227.594
      vertex 15.8033 114.361 227.141
    endloop
  endfacet
  facet normal 0.270714 -0.478865 0.835106
    outer loop
      vertex 5.10755 95.1616 225.993
      vertex 3.47914 93.5959 225.623
      vertex 5.57531 95.1917 225.859
    endloop
  endfacet
  facet normal 0.277283 -0.391459 0.877424
    outer loop
      vertex 6.63496 97.0335 226.345
      vertex 5.57531 95.1917 225.859
      vertex 7.18544 97.0689 226.187
    endloop
  endfacet
  facet normal 0.757193 -0.648028 -0.0819685
    outer loop
      vertex 9.93603 97.246 224.249
      vertex 9.91166 97.2444 224.036
      vertex 11.7957 99.4451 224.041
    endloop
  endfacet
  facet normal 0.733455 -0.627288 -0.261828
    outer loop
      vertex 11.7957 99.4451 224.041
      vertex 9.91166 97.2444 224.036
      vertex 11.7039 99.4392 223.798
    endloop
  endfacet
  facet normal 0.684138 -0.725688 -0.0730241
    outer loop
      vertex 9.93603 97.246 224.249
      vertex 7.89183 95.3408 224.031
      vertex 9.91166 97.2444 224.036
    endloop
  endfacet
  facet normal 0.684138 -0.725688 -0.0730275
    outer loop
      vertex 7.91253 95.3421 224.211
      vertex 7.89183 95.3408 224.031
      vertex 9.93603 97.246 224.249
    endloop
  endfacet
  facet normal 0.383505 -0.473329 0.793022
    outer loop
      vertex 8.5575 97.1572 225.664
      vertex 6.39374 95.2443 225.568
      vertex 6.74117 95.2667 225.414
    endloop
  endfacet
  facet normal 0.365153 -0.567158 0.738238
    outer loop
      vertex 6.39374 95.2443 225.568
      vertex 4.52662 93.6634 225.277
      vertex 6.74117 95.2667 225.414
    endloop
  endfacet
  facet normal 0.573303 -0.634202 0.51876
    outer loop
      vertex 9.6731 97.229 224.877
      vertex 7.52046 95.3168 224.919
      vertex 7.68912 95.3277 224.746
    endloop
  endfacet
  facet normal 0.473305 -0.548066 0.689642
    outer loop
      vertex 9.22181 97.2 225.281
      vertex 7.04555 95.2863 225.253
      vertex 7.30565 95.303 225.088
    endloop
  endfacet
  facet normal 0.307662 -0.389494 -0.868123
    outer loop
      vertex 5.6341 95.1954 222.483
      vertex 5.17131 95.1657 222.333
      vertex 6.70999 97.0383 222.038
    endloop
  endfacet
  facet normal 0.279343 -0.369106 -0.886413
    outer loop
      vertex 6.70999 97.0383 222.038
      vertex 5.17131 95.1657 222.333
      vertex 6.12195 97.0005 221.868
    endloop
  endfacet
  facet normal 0.255013 -0.724757 -0.640074
    outer loop
      vertex 2.08414 92.364 223.058
      vertex 0.169635 91.4216 223.362
      vertex 1.79677 92.3455 222.965
    endloop
  endfacet
  facet normal 0.249667 -0.434081 -0.865586
    outer loop
      vertex 4.67165 95.1335 222.189
      vertex 3.12413 93.5731 222.525
      vertex 4.13708 95.0991 222.052
    endloop
  endfacet
  facet normal 0.230337 -0.274717 -0.933528
    outer loop
      vertex 5.49285 96.96 221.707
      vertex 4.82515 96.917 221.555
      vertex 6.74897 99.1203 221.381
    endloop
  endfacet
  facet normal 0.254988 -0.287495 -0.923216
    outer loop
      vertex 6.12195 97.0005 221.868
      vertex 5.49285 96.96 221.707
      vertex 6.74897 99.1203 221.381
    endloop
  endfacet
  facet normal 0.150016 -0.295368 -0.943532
    outer loop
      vertex 2.61757 96.775 221.159
      vertex 1.69391 94.9419 221.586
      vertex 1.82323 96.7238 221.049
    endloop
  endfacet
  facet normal 0.168087 -0.303184 -0.937991
    outer loop
      vertex 3.38467 96.8243 221.28
      vertex 1.69391 94.9419 221.586
      vertex 2.61757 96.775 221.159
    endloop
  endfacet
  facet normal 0.207692 -0.323512 -0.923149
    outer loop
      vertex 4.82515 96.917 221.555
      vertex 3.56973 95.0626 221.922
      vertex 4.1215 96.8717 221.413
    endloop
  endfacet
  facet normal 0.229694 -0.336447 -0.91326
    outer loop
      vertex 5.49285 96.96 221.707
      vertex 3.56973 95.0626 221.922
      vertex 4.82515 96.917 221.555
    endloop
  endfacet
  facet normal 0.578249 -0.78545 0.220672
    outer loop
      vertex 7.81098 95.3355 224.57
      vertex 5.68084 93.7376 224.464
      vertex 5.74157 93.7416 224.319
    endloop
  endfacet
  facet normal 0.482631 -0.857388 0.178754
    outer loop
      vertex 5.68084 93.7376 224.464
      vertex 3.43587 92.451 224.354
      vertex 5.74157 93.7416 224.319
    endloop
  endfacet
  facet normal 0.488599 -0.857002 -0.163766
    outer loop
      vertex 5.74669 93.7419 224.025
      vertex 3.44365 92.4515 223.907
      vertex 5.69105 93.7383 223.878
    endloop
  endfacet
  facet normal 0.475718 -0.836919 -0.270662
    outer loop
      vertex 5.69105 93.7383 223.878
      vertex 3.44365 92.4515 223.907
      vertex 5.59687 93.7322 223.731
    endloop
  endfacet
  facet normal 0.36221 -0.889997 -0.276965
    outer loop
      vertex 3.37184 92.4468 223.795
      vertex 0.973009 91.4733 223.786
      vertex 3.27092 92.4403 223.684
    endloop
  endfacet
  facet normal 0.45719 -0.809687 -0.367945
    outer loop
      vertex 3.37184 92.4468 223.795
      vertex 3.27092 92.4403 223.684
      vertex 5.4645 93.7237 223.585
    endloop
  endfacet
  facet normal 0.49807 -0.681659 -0.535973
    outer loop
      vertex 5.4645 93.7237 223.585
      vertex 5.29447 93.7128 223.441
      vertex 7.54533 95.3185 223.491
    endloop
  endfacet
  facet normal 0.532931 -0.721573 -0.441948
    outer loop
      vertex 5.59687 93.7322 223.731
      vertex 5.4645 93.7237 223.585
      vertex 7.54533 95.3185 223.491
    endloop
  endfacet
  facet normal 0.381985 -0.364807 -0.849119
    outer loop
      vertex 9.84688 99.3197 222.39
      vertex 8.20533 97.1346 222.59
      vertex 9.33112 99.2865 222.172
    endloop
  endfacet
  facet normal 0.423443 -0.39294 -0.816268
    outer loop
      vertex 8.60762 97.1605 222.786
      vertex 8.20533 97.1346 222.59
      vertex 9.84688 99.3197 222.39
    endloop
  endfacet
  facet normal 0.410916 -0.471573 -0.780235
    outer loop
      vertex 6.78376 95.2694 222.969
      vertex 6.44193 95.2474 222.802
      vertex 8.60762 97.1605 222.786
    endloop
  endfacet
  facet normal 0.452326 -0.507025 -0.733707
    outer loop
      vertex 7.08237 95.2887 223.14
      vertex 6.78376 95.2694 222.969
      vertex 8.60762 97.1605 222.786
    endloop
  endfacet
  facet normal 0.338812 -0.413106 -0.84531
    outer loop
      vertex 6.0582 95.2227 222.64
      vertex 5.6341 95.1954 222.483
      vertex 7.75374 97.1055 222.399
    endloop
  endfacet
  facet normal 0.373114 -0.440334 -0.816635
    outer loop
      vertex 8.20533 97.1346 222.59
      vertex 6.0582 95.2227 222.64
      vertex 7.75374 97.1055 222.399
    endloop
  endfacet
  facet normal 0.288721 -0.772092 -0.56614
    outer loop
      vertex 2.58576 92.3962 223.256
      vertex 0.509198 91.4435 223.496
      vertex 2.34748 92.3809 223.156
    endloop
  endfacet
  facet normal 0.271822 -0.747824 -0.605699
    outer loop
      vertex 2.34748 92.3809 223.156
      vertex 0.347901 91.4331 223.428
      vertex 2.08414 92.364 223.058
    endloop
  endfacet
  facet normal 0.241038 -0.542438 -0.804774
    outer loop
      vertex 3.12413 93.5731 222.525
      vertex 1.15457 92.3041 222.79
      vertex 2.68877 93.5451 222.413
    endloop
  endfacet
  facet normal 0.253477 -0.351544 -0.901203
    outer loop
      vertex 4.67165 95.1335 222.189
      vertex 4.13708 95.0991 222.052
      vertex 6.12195 97.0005 221.868
    endloop
  endfacet
  facet normal 0.155427 -0.390621 0.907335
    outer loop
      vertex 2.26127 94.9784 226.537
      vertex 1.16109 93.4468 226.067
      vertex 2.8909 95.0189 226.447
    endloop
  endfacet
  facet normal 0.0975915 -0.237397 0.966498
    outer loop
      vertex 2.43627 98.8428 227.613
      vertex 1.49817 98.7824 227.693
      vertex 1.71672 96.717 227.163
    endloop
  endfacet
  facet normal 0.152221 -0.211291 0.965497
    outer loop
      vertex 5.08288 101.39 227.808
      vertex 4.22771 98.9581 227.411
      vertex 6.02777 101.451 227.672
    endloop
  endfacet
  facet normal 0.132209 -0.204957 0.969801
    outer loop
      vertex 5.08288 101.39 227.808
      vertex 3.34732 98.9014 227.519
      vertex 4.22771 98.9581 227.411
    endloop
  endfacet
  facet normal 0.0957048 -0.195466 0.97603
    outer loop
      vertex 2.03527 101.194 228.123
      vertex 1.49817 98.7824 227.693
      vertex 2.43627 98.8428 227.613
    endloop
  endfacet
  facet normal 0.0997754 -0.291046 0.951492
    outer loop
      vertex 0.895339 96.6641 227.233
      vertex 0.230496 94.8477 226.747
      vertex 1.71672 96.717 227.163
    endloop
  endfacet
  facet normal 0.136709 -0.379538 0.91502
    outer loop
      vertex 2.26127 94.9784 226.537
      vertex 0.627633 93.4124 226.132
      vertex 1.16109 93.4468 226.067
    endloop
  endfacet
  facet normal 0.137213 -0.481093 0.865865
    outer loop
      vertex 0.627633 93.4124 226.132
      vertex -0.41694 92.203 225.626
      vertex 1.16109 93.4468 226.067
    endloop
  endfacet
  facet normal 0.0520691 -0.278814 0.958932
    outer loop
      vertex -1.81818 94.8584 226.896
      vertex -1.21468 94.7547 226.834
      vertex -1.53408 95.9565 227.2
    endloop
  endfacet
  facet normal 0.0520229 -0.279044 0.958868
    outer loop
      vertex -1.83077 94.8225 226.887
      vertex -1.21468 94.7547 226.834
      vertex -1.81818 94.8584 226.896
    endloop
  endfacet
  facet normal 0.0520571 -0.27879 0.95894
    outer loop
      vertex -1.21468 94.7547 226.834
      vertex -1.83077 94.8225 226.887
      vertex -1.8658 94.7128 226.857
    endloop
  endfacet
  facet normal 0.0556565 -0.347346 0.936084
    outer loop
      vertex -2.16359 93.7394 226.513
      vertex -1.21468 94.7547 226.834
      vertex -1.8658 94.7128 226.857
    endloop
  endfacet
  facet normal 0.055661 -0.347349 0.936082
    outer loop
      vertex -1.21468 94.7547 226.834
      vertex -2.16359 93.7394 226.513
      vertex -2.2737 93.2257 226.329
    endloop
  endfacet
  facet normal 0.110512 -0.136102 0.984512
    outer loop
      vertex 4.13941 106.938 228.78
      vertex 3.65173 103.963 228.424
      vertex 4.76728 104.035 228.308
    endloop
  endfacet
  facet normal 0.110514 -0.136101 0.984512
    outer loop
      vertex 5.34484 107.016 228.656
      vertex 4.13941 106.938 228.78
      vertex 4.76728 104.035 228.308
    endloop
  endfacet
  facet normal 0.057978 -0.106884 0.99258
    outer loop
      vertex 1.86013 110 229.306
      vertex 0.475069 109.911 229.377
      vertex 1.62606 106.776 228.972
    endloop
  endfacet
  facet normal 0.0901959 -0.0886996 0.991966
    outer loop
      vertex 3.45882 113.566 229.503
      vertex 3.21758 110.088 229.214
      vertex 4.54206 110.173 229.101
    endloop
  endfacet
  facet normal 0.0435717 -0.128927 0.990696
    outer loop
      vertex 0.0344327 106.067 228.971
      vertex 0.124593 103.736 228.663
      vertex 0.32806 106.693 229.039
    endloop
  endfacet
  facet normal 0.0435668 -0.128927 0.990697
    outer loop
      vertex 0.124593 103.736 228.663
      vertex 0.0344327 106.067 228.971
      vertex -0.207602 103.715 228.675
    endloop
  endfacet
  facet normal 0.0593034 -0.12989 0.989753
    outer loop
      vertex 0.32806 106.693 229.039
      vertex 0.124593 103.736 228.663
      vertex 1.3258 103.814 228.602
    endloop
  endfacet
  facet normal 0.0608404 -0.156947 0.985731
    outer loop
      vertex 1.3258 103.814 228.602
      vertex -0.133534 101.055 228.252
      vertex 0.961785 101.125 228.196
    endloop
  endfacet
  facet normal 0.0626362 -0.189538 0.979873
    outer loop
      vertex 0.961785 101.125 228.196
      vertex -0.133534 101.055 228.252
      vertex 0.536726 98.7205 227.758
    endloop
  endfacet
  facet normal 0.111897 -0.16499 0.979927
    outer loop
      vertex 4.76728 104.035 228.308
      vertex 3.08268 101.261 228.034
      vertex 4.09989 101.327 227.929
    endloop
  endfacet
  facet normal 0.113444 -0.199721 0.973264
    outer loop
      vertex 4.09989 101.327 227.929
      vertex 3.08268 101.261 228.034
      vertex 3.34732 98.9014 227.519
    endloop
  endfacet
  facet normal 0.0788238 -0.192094 0.978206
    outer loop
      vertex 2.03527 101.194 228.123
      vertex 0.536726 98.7205 227.758
      vertex 1.49817 98.7824 227.693
    endloop
  endfacet
  facet normal 0.115177 -0.242662 0.963249
    outer loop
      vertex 2.43627 98.8428 227.613
      vertex 1.71672 96.717 227.163
      vertex 3.34732 98.9014 227.519
    endloop
  endfacet
  facet normal 0.171498 -0.148539 0.973922
    outer loop
      vertex 7.62946 107.163 228.352
      vertex 6.88154 104.171 228.027
      vertex 7.87191 104.235 227.863
    endloop
  endfacet
  facet normal 0.221994 -0.196741 0.954993
    outer loop
      vertex 8.81249 104.296 227.683
      vertex 7.78851 101.564 227.358
      vertex 8.59741 101.616 227.181
    endloop
  endfacet
  facet normal 0.148542 -0.117288 0.981926
    outer loop
      vertex 8.26622 110.413 228.644
      vertex 6.50973 107.091 228.513
      vertex 7.62946 107.163 228.352
    endloop
  endfacet
  facet normal 0.150937 -0.174357 0.973046
    outer loop
      vertex 6.88154 104.171 228.027
      vertex 5.8453 104.105 228.176
      vertex 6.02777 101.451 227.672
    endloop
  endfacet
  facet normal 0.282333 -0.616454 0.735032
    outer loop
      vertex 3.86009 93.6205 225.514
      vertex 2.04764 92.3616 225.154
      vertex 4.20971 93.643 225.398
    endloop
  endfacet
  facet normal 0.299724 -0.504906 0.809466
    outer loop
      vertex 5.57531 95.1917 225.859
      vertex 3.86009 93.6205 225.514
      vertex 4.20971 93.643 225.398
    endloop
  endfacet
  facet normal 0.185564 -0.873438 0.450192
    outer loop
      vertex -0.0516992 91.4074 224.838
      vertex -1.94214 90.793 224.425
      vertex 0.144921 91.4201 224.781
    endloop
  endfacet
  facet normal 0.175297 -0.860619 0.478128
    outer loop
      vertex -0.263713 91.3938 224.891
      vertex -1.94214 90.793 224.425
      vertex -0.0516992 91.4074 224.838
    endloop
  endfacet
  facet normal 0.331174 -0.5343 0.777719
    outer loop
      vertex 6.0046 95.2193 225.717
      vertex 4.20971 93.643 225.398
      vertex 4.52662 93.6634 225.277
    endloop
  endfacet
  facet normal 0.282326 -0.616445 0.735042
    outer loop
      vertex 4.20971 93.643 225.398
      vertex 2.04764 92.3616 225.154
      vertex 2.3142 92.3788 225.066
    endloop
  endfacet
  facet normal 0.248583 -0.959938 0.129327
    outer loop
      vertex 1.08467 91.4805 224.239
      vertex -1.39174 90.8284 224.159
      vertex -1.36576 90.8301 224.121
    endloop
  endfacet
  facet normal 0.243773 -0.953435 0.177586
    outer loop
      vertex 0.962553 91.4727 224.386
      vertex -1.4277 90.8261 224.196
      vertex -1.39174 90.8284 224.159
    endloop
  endfacet
  facet normal 0.352366 -0.890612 0.287487
    outer loop
      vertex 3.25547 92.4393 224.57
      vertex 0.962553 91.4727 224.386
      vertex 3.3602 92.4461 224.463
    endloop
  endfacet
  facet normal 0.444121 -0.810516 0.381865
    outer loop
      vertex 5.44424 93.7224 224.748
      vertex 3.3602 92.4461 224.463
      vertex 5.5816 93.7313 224.607
    endloop
  endfacet
  facet normal 0.439938 -0.642392 0.627524
    outer loop
      vertex 7.04555 95.2863 225.253
      vertex 5.05747 93.6975 225.021
      vertex 5.2693 93.7112 224.886
    endloop
  endfacet
  facet normal 0.401569 -0.603375 0.688971
    outer loop
      vertex 7.04555 95.2863 225.253
      vertex 4.80958 93.6816 225.151
      vertex 5.05747 93.6975 225.021
    endloop
  endfacet
  facet normal 0.277249 -0.391444 0.877442
    outer loop
      vertex 6.63496 97.0335 226.345
      vertex 5.10755 95.1616 225.993
      vertex 5.57531 95.1917 225.859
    endloop
  endfacet
  facet normal 0.250042 -0.170236 0.953152
    outer loop
      vertex 10.6746 107.359 227.769
      vertex 9.69959 104.353 227.488
      vertex 10.5297 104.406 227.28
    endloop
  endfacet
  facet normal 0.120167 -0.610912 0.782525
    outer loop
      vertex -0.41694 92.203 225.626
      vertex -1.80837 91.2943 225.13
      vertex -1.52345 91.3127 225.1
    endloop
  endfacet
  facet normal 0.122983 -0.805751 0.579345
    outer loop
      vertex -1.52345 91.3127 225.1
      vertex -2.54899 90.7539 224.541
      vertex -1.24812 91.3304 225.067
    endloop
  endfacet
  facet normal 0.0821342 -0.778675 0.622028
    outer loop
      vertex -2.70922 91.2364 225.191
      vertex -3.13447 90.7162 224.596
      vertex -2.40242 91.2561 225.175
    endloop
  endfacet
  facet normal 0.124687 -0.990426 0.0592417
    outer loop
      vertex -1.4277 90.8261 224.196
      vertex -3.90993 90.5019 224
      vertex -1.39174 90.8284 224.159
    endloop
  endfacet
  facet normal 0.379458 -0.924483 -0.0366282
    outer loop
      vertex 3.49893 92.455 224.131
      vertex 1.12736 91.4833 224.089
      vertex 3.48607 92.4542 224.019
    endloop
  endfacet
  facet normal 0.222965 -0.924055 0.310496
    outer loop
      vertex 0.762927 91.4598 224.527
      vertex -1.59384 90.8154 224.301
      vertex -1.52895 90.8196 224.267
    endloop
  endfacet
  facet normal 0.418649 -0.778863 0.467017
    outer loop
      vertex 5.44424 93.7224 224.748
      vertex 3.12208 92.4308 224.676
      vertex 3.25547 92.4393 224.57
    endloop
  endfacet
  facet normal 0.143086 -0.804423 -0.576568
    outer loop
      vertex -1.21262 91.3327 223.029
      vertex -2.53098 90.7551 223.507
      vertex -1.48661 91.315 222.985
    endloop
  endfacet
  facet normal 0.147409 -0.609193 -0.779201
    outer loop
      vertex -0.362512 92.2065 222.501
      vertex -1.77033 91.2968 222.946
      vertex -0.781629 92.1795 222.443
    endloop
  endfacet
  facet normal 0.3054 -0.797056 -0.520991
    outer loop
      vertex 0.652889 91.4527 223.567
      vertex 0.509198 91.4435 223.496
      vertex 2.58576 92.3962 223.256
    endloop
  endfacet
  facet normal 0.218562 -0.898512 -0.380667
    outer loop
      vertex 0.509198 91.4435 223.496
      vertex -1.73946 90.806 223.71
      vertex 0.347901 91.4331 223.428
    endloop
  endfacet
  facet normal 0.350508 -0.869652 -0.347634
    outer loop
      vertex 3.27092 92.4403 223.684
      vertex 0.885252 91.4677 223.712
      vertex 3.14128 92.432 223.574
    endloop
  endfacet
  facet normal 0.233706 -0.923418 -0.304436
    outer loop
      vertex -1.5211 90.8201 223.817
      vertex -1.58476 90.816 223.78
      vertex 0.778404 91.4608 223.638
    endloop
  endfacet
  facet normal 0.27187 -0.747879 -0.605611
    outer loop
      vertex 0.347901 91.4331 223.428
      vertex 0.169635 91.4216 223.362
      vertex 2.08414 92.364 223.058
    endloop
  endfacet
  facet normal 0.210098 -0.885502 -0.414422
    outer loop
      vertex 0.347901 91.4331 223.428
      vertex -1.73946 90.806 223.71
      vertex 0.169635 91.4216 223.362
    endloop
  endfacet
  facet normal 0.133693 -0.599493 -0.789135
    outer loop
      vertex -1.77033 91.2968 222.946
      vertex -2.06265 91.278 222.911
      vertex -0.781629 92.1795 222.443
    endloop
  endfacet
  facet normal 0.206321 -0.664837 -0.71793
    outer loop
      vertex -0.459632 91.3811 223.181
      vertex -0.698117 91.3658 223.127
      vertex 1.15457 92.3041 222.79
    endloop
  endfacet
  facet normal 0.371261 -0.906557 -0.200799
    outer loop
      vertex 1.08994 91.4809 223.937
      vertex 1.04133 91.4777 223.861
      vertex 3.37184 92.4468 223.795
    endloop
  endfacet
  facet normal 0.252979 -0.959659 -0.122708
    outer loop
      vertex 1.08994 91.4809 223.937
      vertex -1.38774 90.8287 223.93
      vertex 1.04133 91.4777 223.861
    endloop
  endfacet
  facet normal 0.377989 -0.924578 0.0477378
    outer loop
      vertex 3.48217 92.4539 224.243
      vertex 1.12736 91.4833 224.089
      vertex 3.49893 92.455 224.131
    endloop
  endfacet
  facet normal 0.377146 -0.918329 -0.120133
    outer loop
      vertex 3.48607 92.4542 224.019
      vertex 1.08994 91.4809 223.937
      vertex 3.44365 92.4515 223.907
    endloop
  endfacet
  facet normal 0.105695 -0.445689 -0.888926
    outer loop
      vertex -0.997892 93.3078 221.829
      vertex -1.72001 92.8764 221.96
      vertex -1.57771 93.2705 221.779
    endloop
  endfacet
  facet normal 0.105811 -0.445854 -0.88883
    outer loop
      vertex -0.997892 93.3078 221.829
      vertex -1.74296 92.8286 221.981
      vertex -1.72001 92.8764 221.96
    endloop
  endfacet
  facet normal 0.105683 -0.445687 -0.888929
    outer loop
      vertex -1.74296 92.8286 221.981
      vertex -0.997892 93.3078 221.829
      vertex -2.02584 92.1844 222.27
    endloop
  endfacet
  facet normal 0.186934 -0.388581 -0.902253
    outer loop
      vertex 2.97182 95.0241 221.801
      vertex 1.22987 93.4512 222.118
      vertex 2.34573 94.9838 221.689
    endloop
  endfacet
  facet normal 0.190931 -0.648313 -0.737045
    outer loop
      vertex 0.802273 92.2815 222.71
      vertex -0.949443 91.3496 223.076
      vertex 0.431005 92.2576 222.635
    endloop
  endfacet
  facet normal 0.12335 -0.788697 -0.602281
    outer loop
      vertex -1.77033 91.2968 222.946
      vertex -2.81386 90.7369 223.465
      vertex -2.06265 91.278 222.911
    endloop
  endfacet
  facet normal 0.14742 -0.609204 -0.77919
    outer loop
      vertex -1.48661 91.315 222.985
      vertex -1.77033 91.2968 222.946
      vertex -0.362512 92.2065 222.501
    endloop
  endfacet
  facet normal 0.151073 -0.368127 -0.91742
    outer loop
      vertex 0.699019 93.417 222.034
      vertex 0.149319 93.3816 221.958
      vertex 1.69391 94.9419 221.586
    endloop
  endfacet
  facet normal 0.151015 -0.468324 -0.870555
    outer loop
      vertex 0.699019 93.417 222.034
      vertex -0.362512 92.2065 222.501
      vertex 0.149319 93.3816 221.958
    endloop
  endfacet
  facet normal 0.116475 -0.283708 -0.951811
    outer loop
      vertex 0.323498 94.8537 221.408
      vertex 0.165467 96.6171 220.863
      vertex 1.00479 96.6712 220.95
    endloop
  endfacet
  facet normal 0.132868 -0.288915 -0.94809
    outer loop
      vertex 1.82323 96.7238 221.049
      vertex 0.323498 94.8537 221.408
      vertex 1.00479 96.6712 220.95
    endloop
  endfacet
  facet normal 0.249644 -0.43407 -0.865599
    outer loop
      vertex 3.12413 93.5731 222.525
      vertex 2.68877 93.5451 222.413
      vertex 4.13708 95.0991 222.052
    endloop
  endfacet
  facet normal 0.262131 -0.564034 -0.783041
    outer loop
      vertex 1.79677 92.3455 222.965
      vertex 1.48651 92.3255 222.875
      vertex 3.53106 93.5993 222.642
    endloop
  endfacet
  facet normal 0.0985565 -0.227768 -0.968715
    outer loop
      vertex 0.165467 96.6171 220.863
      vertex -0.67458 96.5889 220.784
      vertex 0.66459 98.7288 220.418
    endloop
  endfacet
  facet normal 0.0985532 -0.22748 -0.968783
    outer loop
      vertex -0.67458 96.5889 220.784
      vertex 0.165467 96.6171 220.863
      vertex -0.680119 96.5627 220.79
    endloop
  endfacet
  facet normal 0.128239 -0.159391 -0.978851
    outer loop
      vertex 3.21851 101.27 220.236
      vertex 2.17484 101.203 220.111
      vertex 2.65612 103.899 219.735
    endloop
  endfacet
  facet normal 0.112869 -0.18991 -0.975292
    outer loop
      vertex 1.62318 98.7904 220.516
      vertex 0.66459 98.7288 220.418
      vertex 2.17484 101.203 220.111
    endloop
  endfacet
  facet normal 0.165911 -0.202789 -0.965065
    outer loop
      vertex 5.20962 101.398 220.532
      vertex 3.46513 98.909 220.755
      vertex 4.23143 101.335 220.377
    endloop
  endfacet
  facet normal 0.123421 -0.0260723 0.992012
    outer loop
      vertex 8.2337 129.971 229.768
      vertex 6.74466 129.876 229.951
      vertex 8.22534 125.64 229.656
    endloop
  endfacet
  facet normal 0.142187 -0.00103957 0.989839
    outer loop
      vertex 8.34291 137.965 229.815
      vertex 8.13136 134.472 229.842
      vertex 9.58094 134.565 229.634
    endloop
  endfacet
  facet normal 0.142174 -0.00103877 0.989841
    outer loop
      vertex 8.13136 134.472 229.842
      vertex 8.34291 137.965 229.815
      vertex 7.97463 137.942 229.868
    endloop
  endfacet
  facet normal 0.466433 -0.0108923 0.88449
    outer loop
      vertex 18.4454 135.135 227.255
      vertex 18.4178 130.627 227.214
      vertex 19.1097 130.671 226.849
    endloop
  endfacet
  facet normal 0.313168 0.00581385 0.94968
    outer loop
      vertex 16.3803 138.483 228.053
      vertex 16.7496 135.026 227.953
      vertex 16.6314 138.499 227.97
    endloop
  endfacet
  facet normal 0.313141 0.00581066 0.949689
    outer loop
      vertex 16.7496 135.026 227.953
      vertex 16.3803 138.483 228.053
      vertex 15.7612 134.963 228.279
    endloop
  endfacet
  facet normal 0.164051 -6.57208e-005 0.986452
    outer loop
      vertex 10.4703 138.102 229.486
      vertex 10.9664 134.654 229.403
      vertex 10.8223 138.125 229.428
    endloop
  endfacet
  facet normal 0.164029 -6.89132e-005 0.986455
    outer loop
      vertex 10.9664 134.654 229.403
      vertex 10.4703 138.102 229.486
      vertex 9.58094 134.565 229.634
    endloop
  endfacet
  facet normal 0.164793 -0.012468 0.986249
    outer loop
      vertex 10.9664 134.654 229.403
      vertex 9.58094 134.565 229.634
      vertex 11.033 130.152 229.335
    endloop
  endfacet
  facet normal 0.188617 -0.0120501 0.981977
    outer loop
      vertex 12.2821 134.739 229.152
      vertex 10.9664 134.654 229.403
      vertex 12.3322 130.235 229.087
    endloop
  endfacet
  facet normal 0.188614 -0.012051 0.981977
    outer loop
      vertex 12.3322 130.235 229.087
      vertex 10.9664 134.654 229.403
      vertex 11.033 130.152 229.335
    endloop
  endfacet
  facet normal 0.24761 -0.0864408 0.964996
    outer loop
      vertex 13.83 117.936 228.172
      vertex 12.7741 117.868 228.437
      vertex 13.2272 114.195 227.992
    endloop
  endfacet
  facet normal 0.244865 -0.0273958 0.96917
    outer loop
      vertex 13.5575 130.314 228.818
      vertex 13.445 125.976 228.724
      vertex 14.5692 126.048 228.442
    endloop
  endfacet
  facet normal 0.142925 -0.0129303 0.989649
    outer loop
      vertex 9.58094 134.565 229.634
      vertex 8.13136 134.472 229.842
      vertex 8.2337 129.971 229.768
    endloop
  endfacet
  facet normal 0.165607 -0.026139 0.985845
    outer loop
      vertex 9.66502 130.063 229.563
      vertex 9.62867 125.73 229.454
      vertex 11.033 130.152 229.335
    endloop
  endfacet
  facet normal 0.145453 -0.056537 0.987748
    outer loop
      vertex 8.1047 121.495 229.503
      vertex 7.87141 117.552 229.312
      vertex 9.47028 121.583 229.307
    endloop
  endfacet
  facet normal 0.12425 -0.0400183 0.991444
    outer loop
      vertex 8.22534 125.64 229.656
      vertex 6.68407 121.404 229.678
      vertex 8.1047 121.495 229.503
    endloop
  endfacet
  facet normal 0.280398 -0.0912675 0.955535
    outer loop
      vertex 13.83 117.936 228.172
      vertex 13.2272 114.195 227.992
      vertex 14.164 114.255 227.723
    endloop
  endfacet
  facet normal 0.279525 -0.0680203 0.957726
    outer loop
      vertex 14.2779 121.892 228.323
      vertex 13.83 117.936 228.172
      vertex 14.8092 117.999 227.891
    endloop
  endfacet
  facet normal 0.250049 -0.170236 0.95315
    outer loop
      vertex 10.6746 107.359 227.769
      vertex 10.5297 104.406 227.28
      vertex 11.5716 107.416 227.544
    endloop
  endfacet
  facet normal 0.248507 -0.110863 0.962265
    outer loop
      vertex 13.2272 114.195 227.992
      vertex 12.2169 114.13 228.245
      vertex 12.4727 110.684 227.782
    endloop
  endfacet
  facet normal 0.192197 -0.0792127 0.978154
    outer loop
      vertex 10.4493 117.718 228.913
      vertex 9.99266 113.987 228.701
      vertex 11.6457 117.795 228.684
    endloop
  endfacet
  facet normal 0.247619 -0.0864394 0.964994
    outer loop
      vertex 12.7741 117.868 228.437
      vertex 12.2169 114.13 228.245
      vertex 13.2272 114.195 227.992
    endloop
  endfacet
  facet normal 0.146414 -0.0744123 0.986421
    outer loop
      vertex 7.87141 117.552 229.312
      vertex 7.5263 113.828 229.082
      vertex 8.78739 113.909 228.901
    endloop
  endfacet
  facet normal 0.1261 -0.0727107 0.989349
    outer loop
      vertex 7.87141 117.552 229.312
      vertex 6.21435 113.743 229.243
      vertex 7.5263 113.828 229.082
    endloop
  endfacet
  facet normal 0.128245 -0.114074 0.98516
    outer loop
      vertex 7.07137 110.336 228.815
      vertex 5.34484 107.016 228.656
      vertex 6.50973 107.091 228.513
    endloop
  endfacet
  facet normal 0.171491 -0.148539 0.973923
    outer loop
      vertex 8.69963 107.231 228.174
      vertex 7.62946 107.163 228.352
      vertex 7.87191 104.235 227.863
    endloop
  endfacet
  facet normal 0.16834 -0.0765566 0.982752
    outer loop
      vertex 9.18951 117.637 229.123
      vertex 8.78739 113.909 228.901
      vertex 10.4493 117.718 228.913
    endloop
  endfacet
  facet normal 0.167381 -0.0579353 0.984189
    outer loop
      vertex 10.7754 121.667 229.09
      vertex 9.18951 117.637 229.123
      vertex 10.4493 117.718 228.913
    endloop
  endfacet
  facet normal 0.213997 0.00202474 0.976832
    outer loop
      vertex 13.3905 138.29 228.902
      vertex 12.4593 138.23 229.106
      vertex 13.5231 134.819 228.88
    endloop
  endfacet
  facet normal 0.536634 -0.0111321 0.843742
    outer loop
      vertex 19.1461 135.181 226.886
      vertex 19.1097 130.671 226.849
      vertex 19.7449 135.219 226.505
    endloop
  endfacet
  facet normal 0.537514 -0.0381438 0.842392
    outer loop
      vertex 19.1097 130.671 226.849
      vertex 18.8887 126.326 226.794
      vertex 19.701 130.709 226.474
    endloop
  endfacet
  facet normal 0.465358 0.0110978 0.885053
    outer loop
      vertex 18.8607 138.642 226.992
      vertex 19.1461 135.181 226.886
      vertex 19.0387 138.654 226.899
    endloop
  endfacet
  facet normal 0.465316 0.0110937 0.885075
    outer loop
      vertex 19.1461 135.181 226.886
      vertex 18.8607 138.642 226.992
      vertex 18.4454 135.135 227.255
    endloop
  endfacet
  facet normal 0.537517 -0.0381446 0.84239
    outer loop
      vertex 19.701 130.709 226.474
      vertex 18.8887 126.326 226.794
      vertex 19.4684 126.364 226.426
    endloop
  endfacet
  facet normal 0.40728 -0.010792 0.913239
    outer loop
      vertex 18.4454 135.135 227.255
      vertex 17.6455 135.084 227.611
      vertex 18.4178 130.627 227.214
    endloop
  endfacet
  facet normal 0.91865 -0.103114 0.381378
    outer loop
      vertex 20.7609 126.447 224.872
      vertex 20.1412 122.27 225.235
      vertex 20.303 122.28 224.849
    endloop
  endfacet
  facet normal 0.536633 -0.0111319 0.843742
    outer loop
      vertex 19.7449 135.219 226.505
      vertex 19.1097 130.671 226.849
      vertex 19.701 130.709 226.474
    endloop
  endfacet
  facet normal 0.156444 0.000247191 -0.987687
    outer loop
      vertex 8.3258 134.484 218.68
      vertex 7.78869 137.93 218.595
      vertex 8.16994 137.954 218.656
    endloop
  endfacet
  facet normal 0.156432 0.000245282 -0.987689
    outer loop
      vertex 7.78869 137.93 218.595
      vertex 8.3258 134.484 218.68
      vertex 6.82514 134.388 218.442
    endloop
  endfacet
  facet normal 0.157141 -0.0112167 -0.987512
    outer loop
      vertex 6.94392 129.888 218.512
      vertex 6.82514 134.388 218.442
      vertex 8.3258 134.484 218.68
    endloop
  endfacet
  facet normal 0.162494 -0.111876 -0.980347
    outer loop
      vertex 6.65992 107.1 219.89
      vertex 5.50073 107.026 219.707
      vertex 7.23164 110.346 219.615
    endloop
  endfacet
  facet normal 0.181638 -0.0922848 -0.979026
    outer loop
      vertex 8.41978 110.423 219.828
      vertex 7.23164 110.346 219.615
      vertex 8.94947 113.919 219.596
    endloop
  endfacet
  facet normal 0.180682 -0.0722067 -0.980887
    outer loop
      vertex 8.94947 113.919 219.596
      vertex 7.69545 113.839 219.371
      vertex 8.04821 117.564 219.162
    endloop
  endfacet
  facet normal 0.18164 -0.0922859 -0.979025
    outer loop
      vertex 8.94947 113.919 219.596
      vertex 7.23164 110.346 219.615
      vertex 7.69545 113.839 219.371
    endloop
  endfacet
  facet normal 0.203407 -0.0952795 -0.974447
    outer loop
      vertex 9.55442 110.496 220.057
      vertex 8.41978 110.423 219.828
      vertex 8.94947 113.919 219.596
    endloop
  endfacet
  facet normal 0.204365 -0.119026 -0.971632
    outer loop
      vertex 9.55442 110.496 220.057
      vertex 7.77338 107.172 220.09
      vertex 8.41978 110.423 219.828
    endloop
  endfacet
  facet normal 0.107696 -0.0854153 -0.990508
    outer loop
      vertex 3.6451 113.578 218.809
      vertex 2.04066 110.012 218.942
      vertex 2.21664 113.486 218.662
    endloop
  endfacet
  facet normal 0.1077 -0.0854175 -0.990507
    outer loop
      vertex 3.39407 110.099 219.082
      vertex 2.04066 110.012 218.942
      vertex 3.6451 113.578 218.809
    endloop
  endfacet
  facet normal 0.25513 -0.194606 -0.947121
    outer loop
      vertex 8.70017 101.623 221.282
      vertex 7.89794 101.571 221.076
      vertex 8.9325 104.303 220.794
    endloop
  endfacet
  facet normal 0.229595 -0.185791 -0.955389
    outer loop
      vertex 8.9325 104.303 220.794
      vertex 7.89794 101.571 221.076
      vertex 7.99875 104.243 220.581
    endloop
  endfacet
  facet normal 0.183686 -0.141373 -0.972766
    outer loop
      vertex 7.01472 104.18 220.382
      vertex 5.98429 104.114 220.197
      vertex 7.77338 107.172 220.09
    endloop
  endfacet
  facet normal 0.18474 -0.172184 -0.967587
    outer loop
      vertex 6.14922 101.459 220.701
      vertex 5.98429 104.114 220.197
      vertex 7.01472 104.18 220.382
    endloop
  endfacet
  facet normal 0.980445 -0.162402 -0.111148
    outer loop
      vertex 19.7021 118.314 224.442
      vertex 19.6587 118.311 224.064
      vertex 20.3166 122.281 224.066
    endloop
  endfacet
  facet normal 0.591814 -0.361419 0.720509
    outer loop
      vertex 14.5008 104.662 225.512
      vertex 12.6531 101.877 225.633
      vertex 12.9754 101.898 225.379
    endloop
  endfacet
  facet normal 0.714547 -0.125431 0.688251
    outer loop
      vertex 19.8769 122.253 225.617
      vertex 18.8813 118.261 225.923
      vertex 19.2344 118.284 225.561
    endloop
  endfacet
  facet normal 0.537377 -0.13662 0.832202
    outer loop
      vertex 17.8871 118.197 226.624
      vertex 17.6298 114.478 226.18
      vertex 18.4316 118.232 226.278
    endloop
  endfacet
  facet normal 0.902203 -0.419492 -0.100276
    outer loop
      vertex 15.1461 104.703 224.348
      vertex 15.112 104.701 224.05
      vertex 16.56 107.737 224.376
    endloop
  endfacet
  facet normal 0.931269 -0.349134 -0.10413
    outer loop
      vertex 16.56 107.737 224.376
      vertex 16.5232 107.735 224.055
      vertex 17.7565 111.024 224.058
    endloop
  endfacet
  facet normal 0.409109 -0.0568144 0.910715
    outer loop
      vertex 18.2103 126.283 227.151
      vertex 17.0674 122.072 227.402
      vertex 17.821 122.12 227.066
    endloop
  endfacet
  facet normal 0.40967 -0.18286 0.893718
    outer loop
      vertex 14.9135 110.841 226.976
      vertex 14.4768 107.603 226.514
      vertex 15.5729 110.883 226.683
    endloop
  endfacet
  facet normal 0.468535 -0.123628 0.874752
    outer loop
      vertex 17.8871 118.197 226.624
      vertex 16.4992 114.405 226.832
      vertex 17.1088 114.445 226.511
    endloop
  endfacet
  facet normal 0.467938 -0.159769 0.8692
    outer loop
      vertex 16.4992 114.405 226.832
      vertex 15.5729 110.883 226.683
      vertex 17.1088 114.445 226.511
    endloop
  endfacet
  facet normal 0.528462 -0.270973 0.804551
    outer loop
      vertex 15.0181 107.638 226.229
      vertex 14.1473 104.639 225.791
      vertex 15.4807 107.668 225.935
    endloop
  endfacet
  facet normal 0.789453 -0.304812 0.53278
    outer loop
      vertex 17.3718 110.999 225.415
      vertex 16.3794 107.726 225.013
      vertex 17.603 111.014 225.081
    endloop
  endfacet
  facet normal 0.463949 -0.245838 0.851067
    outer loop
      vertex 14.4768 107.603 226.514
      vertex 13.2183 104.579 226.327
      vertex 13.7192 104.611 226.063
    endloop
  endfacet
  facet normal 0.521547 -0.327256 0.787967
    outer loop
      vertex 13.7192 104.611 226.063
      vertex 12.6531 101.877 225.633
      vertex 14.1473 104.639 225.791
    endloop
  endfacet
  facet normal 0.849116 -0.400596 0.344276
    outer loop
      vertex 16.3794 107.726 225.013
      vertex 15.1017 104.7 224.644
      vertex 16.512 107.734 224.696
    endloop
  endfacet
  facet normal 0.802227 -0.245364 0.544269
    outer loop
      vertex 18.3978 114.528 225.493
      vertex 17.3718 110.999 225.415
      vertex 17.603 111.014 225.081
    endloop
  endfacet
  facet normal 0.591819 -0.361423 0.720502
    outer loop
      vertex 14.1473 104.639 225.791
      vertex 12.6531 101.877 225.633
      vertex 14.5008 104.662 225.512
    endloop
  endfacet
  facet normal 0.669036 -0.399521 0.626717
    outer loop
      vertex 14.5008 104.662 225.512
      vertex 12.9754 101.898 225.379
      vertex 13.2285 101.914 225.119
    endloop
  endfacet
  facet normal 0.41019 -0.145894 0.900255
    outer loop
      vertex 15.8033 114.361 227.141
      vertex 15.5729 110.883 226.683
      vertex 16.4992 114.405 226.832
    endloop
  endfacet
  facet normal 0.410177 -0.112983 0.90498
    outer loop
      vertex 16.5225 118.109 227.283
      vertex 15.8033 114.361 227.141
      vertex 17.2499 118.156 226.96
    endloop
  endfacet
  facet normal 0.281189 -0.117299 0.952457
    outer loop
      vertex 13.2272 114.195 227.992
      vertex 12.4727 110.684 227.782
      vertex 14.164 114.255 227.723
    endloop
  endfacet
  facet normal 0.318261 -0.125067 0.939717
    outer loop
      vertex 14.164 114.255 227.723
      vertex 13.3604 110.741 227.527
      vertex 15.0239 114.31 227.439
    endloop
  endfacet
  facet normal 0.891248 -0.268534 0.365467
    outer loop
      vertex 18.6419 114.543 225.141
      vertex 17.603 111.014 225.081
      vertex 18.7913 114.553 224.784
    endloop
  endfacet
  facet normal 0.969242 -0.220441 -0.109436
    outer loop
      vertex 19.7021 118.314 224.442
      vertex 18.8038 114.554 224.061
      vertex 19.6587 118.311 224.064
    endloop
  endfacet
  facet normal 0.988859 -0.0136904 0.148222
    outer loop
      vertex 21.08 135.305 224.901
      vertex 21.0193 130.794 224.889
      vertex 21.0806 130.798 224.48
    endloop
  endfacet
  facet normal 0.620574 -0.0419284 0.783026
    outer loop
      vertex 20.1893 130.741 226.089
      vertex 19.4684 126.364 226.426
      vertex 19.9472 126.395 226.048
    endloop
  endfacet
  facet normal 0.277598 -0.00920098 -0.960653
    outer loop
      vertex 13.7132 130.324 219.882
      vertex 13.6807 134.829 219.83
      vertex 14.8311 134.903 220.161
    endloop
  endfacet
  facet normal 0.248702 -0.00950094 -0.968533
    outer loop
      vertex 13.7132 130.324 219.882
      vertex 12.4979 130.246 219.571
      vertex 13.6807 134.829 219.83
    endloop
  endfacet
  facet normal 0.276745 0.00534201 -0.960928
    outer loop
      vertex 14.8311 134.903 220.161
      vertex 14.4121 138.356 220.06
      vertex 14.7044 138.375 220.144
    endloop
  endfacet
  facet normal 0.276742 0.00534159 -0.960929
    outer loop
      vertex 14.4121 138.356 220.06
      vertex 14.8311 134.903 220.161
      vertex 13.6807 134.829 219.83
    endloop
  endfacet
  facet normal 0.276735 0.00534313 -0.960931
    outer loop
      vertex 13.6807 134.829 219.83
      vertex 13.5488 138.3 219.811
      vertex 14.4121 138.356 220.06
    endloop
  endfacet
  facet normal 0.309166 0.00657383 -0.950985
    outer loop
      vertex 14.8311 134.903 220.161
      vertex 14.9751 138.392 220.232
      vertex 15.8966 134.971 220.508
    endloop
  endfacet
  facet normal 0.309156 0.00657429 -0.950989
    outer loop
      vertex 14.9751 138.392 220.232
      vertex 14.8311 134.903 220.161
      vertex 14.7044 138.375 220.144
    endloop
  endfacet
  facet normal 0.309173 0.00657586 -0.950983
    outer loop
      vertex 15.8966 134.971 220.508
      vertex 14.9751 138.392 220.232
      vertex 15.7746 138.444 220.493
    endloop
  endfacet
  facet normal 0.401679 -0.328824 0.854709
    outer loop
      vertex 11.8059 101.823 226.122
      vertex 9.78211 99.3155 226.108
      vertex 10.2491 99.3456 225.9
    endloop
  endfacet
  facet normal 0.394765 -0.394783 0.829642
    outer loop
      vertex 9.78211 99.3155 226.108
      vertex 8.5575 97.1572 225.664
      vertex 10.2491 99.3456 225.9
    endloop
  endfacet
  facet normal 0.314324 -0.342677 0.88531
    outer loop
      vertex 8.68208 99.2448 226.498
      vertex 7.18544 97.0689 226.187
      vertex 9.25909 99.2819 226.308
    endloop
  endfacet
  facet normal 0.352189 -0.366723 0.861091
    outer loop
      vertex 9.25909 99.2819 226.308
      vertex 8.14862 97.1309 225.846
      vertex 9.78211 99.3155 226.108
    endloop
  endfacet
  facet normal 0.360876 -0.1685 0.917266
    outer loop
      vertex 14.9135 110.841 226.976
      vertex 13.1669 107.519 227.053
      vertex 13.8589 107.564 226.789
    endloop
  endfacet
  facet normal 0.360879 -0.168502 0.917264
    outer loop
      vertex 14.1751 110.793 227.258
      vertex 13.1669 107.519 227.053
      vertex 14.9135 110.841 226.976
    endloop
  endfacet
  facet normal 0.250676 -0.251125 0.934932
    outer loop
      vertex 8.59741 101.616 227.181
      vertex 7.37544 99.1607 226.849
      vertex 9.35434 101.665 226.991
    endloop
  endfacet
  facet normal 0.250671 -0.25112 0.934935
    outer loop
      vertex 9.35434 101.665 226.991
      vertex 7.37544 99.1607 226.849
      vertex 8.05337 99.2043 226.679
    endloop
  endfacet
  facet normal 0.3604 -0.207253 0.909482
    outer loop
      vertex 13.1669 107.519 227.053
      vertex 12.0061 104.501 226.826
      vertex 13.8589 107.564 226.789
    endloop
  endfacet
  facet normal 0.317031 -0.283562 0.905033
    outer loop
      vertex 10.0563 101.71 226.789
      vertex 8.68208 99.2448 226.498
      vertex 9.25909 99.2819 226.308
    endloop
  endfacet
  facet normal 0.197066 -0.227874 0.95354
    outer loop
      vertex 6.93084 101.509 227.522
      vertex 5.8828 99.0646 227.155
      vertex 7.78851 101.564 227.358
    endloop
  endfacet
  facet normal 0.173742 -0.21887 0.960161
    outer loop
      vertex 6.02777 101.451 227.672
      vertex 5.8828 99.0646 227.155
      vertex 6.93084 101.509 227.522
    endloop
  endfacet
  facet normal 0.15354 -0.256801 0.95419
    outer loop
      vertex 5.07399 99.0125 227.289
      vertex 3.28528 96.8179 226.986
      vertex 4.02626 96.8656 226.88
    endloop
  endfacet
  facet normal 0.175438 -0.325593 0.929091
    outer loop
      vertex 4.02626 96.8656 226.88
      vertex 3.49266 95.0576 226.347
      vertex 4.73445 96.9112 226.762
    endloop
  endfacet
  facet normal 0.219373 -0.436022 0.872789
    outer loop
      vertex 4.06417 95.0944 226.238
      vertex 2.62939 93.5413 225.822
      vertex 3.06836 93.5695 225.726
    endloop
  endfacet
  facet normal 0.172958 -0.508415 0.843564
    outer loop
      vertex 1.67386 93.4798 225.993
      vertex 0.380756 92.2543 225.519
      vertex 0.754416 92.2784 225.457
    endloop
  endfacet
  facet normal 0.308146 -0.645607 0.69874
    outer loop
      vertex 4.52662 93.6634 225.277
      vertex 2.3142 92.3788 225.066
      vertex 2.55584 92.3943 224.974
    endloop
  endfacet
  facet normal 0.30919 -0.415019 0.855664
    outer loop
      vertex 7.69066 97.1015 226.021
      vertex 5.57531 95.1917 225.859
      vertex 6.0046 95.2193 225.717
    endloop
  endfacet
  facet normal 0.439929 -0.642385 0.627538
    outer loop
      vertex 7.04555 95.2863 225.253
      vertex 5.2693 93.7112 224.886
      vertex 7.30565 95.303 225.088
    endloop
  endfacet
  facet normal 0.522969 -0.590615 0.614555
    outer loop
      vertex 9.22181 97.2 225.281
      vertex 7.30565 95.303 225.088
      vertex 7.52046 95.3168 224.919
    endloop
  endfacet
  facet normal 0.49593 -0.464468 0.733705
    outer loop
      vertex 10.6582 99.3719 225.685
      vertex 9.22181 97.2 225.281
      vertex 11.0078 99.3944 225.463
    endloop
  endfacet
  facet normal 0.473306 -0.548068 0.689639
    outer loop
      vertex 8.9157 97.1803 225.475
      vertex 7.04555 95.2863 225.253
      vertex 9.22181 97.2 225.281
    endloop
  endfacet
  facet normal 0.723909 -0.627899 0.28583
    outer loop
      vertex 11.687 99.4381 224.766
      vertex 9.81651 97.2383 224.67
      vertex 9.90427 97.2439 224.46
    endloop
  endfacet
  facet normal 0.517249 -0.722587 0.458607
    outer loop
      vertex 7.52046 95.3168 224.919
      vertex 5.5816 93.7313 224.607
      vertex 7.68912 95.3277 224.746
    endloop
  endfacet
  facet normal 0.338821 -0.413116 -0.845302
    outer loop
      vertex 7.75374 97.1055 222.399
      vertex 5.6341 95.1954 222.483
      vertex 7.25464 97.0734 222.215
    endloop
  endfacet
  facet normal 0.307682 -0.389503 -0.868112
    outer loop
      vertex 7.25464 97.0734 222.215
      vertex 5.6341 95.1954 222.483
      vertex 6.70999 97.0383 222.038
    endloop
  endfacet
  facet normal 0.238444 -0.703173 -0.669845
    outer loop
      vertex 1.79677 92.3455 222.965
      vertex -0.234931 91.3956 223.239
      vertex 1.48651 92.3255 222.875
    endloop
  endfacet
  facet normal 0.222158 -0.683123 -0.695693
    outer loop
      vertex 1.48651 92.3255 222.875
      vertex -0.234931 91.3956 223.239
      vertex 1.15457 92.3041 222.79
    endloop
  endfacet
  facet normal 0.151074 -0.368127 -0.91742
    outer loop
      vertex 1.69391 94.9419 221.586
      vertex 0.149319 93.3816 221.958
      vertex 1.01895 94.8984 221.492
    endloop
  endfacet
  facet normal 0.150018 -0.295369 -0.943532
    outer loop
      vertex 1.69391 94.9419 221.586
      vertex 1.01895 94.8984 221.492
      vertex 1.82323 96.7238 221.049
    endloop
  endfacet
  facet normal 0.187262 -0.312509 -0.931274
    outer loop
      vertex 4.1215 96.8717 221.413
      vertex 2.97182 95.0241 221.801
      vertex 3.38467 96.8243 221.28
    endloop
  endfacet
  facet normal 0.207693 -0.323512 -0.923149
    outer loop
      vertex 3.56973 95.0626 221.922
      vertex 2.97182 95.0241 221.801
      vertex 4.1215 96.8717 221.413
    endloop
  endfacet
  facet normal 0.358083 -0.532568 -0.766908
    outer loop
      vertex 6.44193 95.2474 222.802
      vertex 4.56587 93.6659 223.024
      vertex 6.0582 95.2227 222.64
    endloop
  endfacet
  facet normal 0.390672 -0.565522 -0.726333
    outer loop
      vertex 6.78376 95.2694 222.969
      vertex 4.56587 93.6659 223.024
      vertex 6.44193 95.2474 222.802
    endloop
  endfacet
  facet normal 0.117074 -0.297485 0.947521
    outer loop
      vertex 1.71672 96.717 227.163
      vertex 0.928439 94.8926 226.688
      vertex 1.60626 94.9362 226.618
    endloop
  endfacet
  facet normal 0.099774 -0.291045 0.951493
    outer loop
      vertex 1.71672 96.717 227.163
      vertex 0.230496 94.8477 226.747
      vertex 0.928439 94.8926 226.688
    endloop
  endfacet
  facet normal 0.172998 -0.508436 0.843543
    outer loop
      vertex 1.67386 93.4798 225.993
      vertex 0.754416 92.2784 225.457
      vertex 2.16394 93.5113 225.911
    endloop
  endfacet
  facet normal 0.175304 -0.403576 0.897995
    outer loop
      vertex 2.8909 95.0189 226.447
      vertex 1.67386 93.4798 225.993
      vertex 2.16394 93.5113 225.911
    endloop
  endfacet
  facet normal 0.135321 -0.305282 0.942598
    outer loop
      vertex 3.28528 96.8179 226.986
      vertex 1.60626 94.9362 226.618
      vertex 2.26127 94.9784 226.537
    endloop
  endfacet
  facet normal 0.154723 -0.314603 0.936529
    outer loop
      vertex 3.28528 96.8179 226.986
      vertex 2.8909 95.0189 226.447
      vertex 4.02626 96.8656 226.88
    endloop
  endfacet
  facet normal 0.0706692 -0.351084 0.933673
    outer loop
      vertex -0.48482 94.8016 226.796
      vertex -1.21468 94.7547 226.834
      vertex -1.07537 93.3028 226.277
    endloop
  endfacet
  facet normal 0.0861373 -0.356073 0.93048
    outer loop
      vertex -0.48482 94.8016 226.796
      vertex -1.07537 93.3028 226.277
      vertex 0.230496 94.8477 226.747
    endloop
  endfacet
  facet normal 0.0647944 -0.229952 0.971043
    outer loop
      vertex -0.444275 98.6574 227.809
      vertex -0.805437 96.5547 227.335
      vertex 0.536726 98.7205 227.758
    endloop
  endfacet
  facet normal 0.0492654 -0.227614 0.972504
    outer loop
      vertex -1.15428 97.6737 227.614
      vertex -1.40172 96.5163 227.356
      vertex -0.805437 96.5547 227.335
    endloop
  endfacet
  facet normal 0.109267 -0.111495 0.98774
    outer loop
      vertex 4.54206 110.173 229.101
      vertex 4.13941 106.938 228.78
      vertex 5.82835 110.256 228.968
    endloop
  endfacet
  facet normal 0.108132 -0.0901636 0.990039
    outer loop
      vertex 6.21435 113.743 229.243
      vertex 4.54206 110.173 229.101
      vertex 5.82835 110.256 228.968
    endloop
  endfacet
  facet normal 0.0743113 -0.107945 0.991376
    outer loop
      vertex 1.86013 110 229.306
      vertex 1.62606 106.776 228.972
      vertex 2.89818 106.858 228.886
    endloop
  endfacet
  facet normal 0.0743116 -0.107945 0.991376
    outer loop
      vertex 3.21758 110.088 229.214
      vertex 1.86013 110 229.306
      vertex 2.89818 106.858 228.886
    endloop
  endfacet
  facet normal 0.0626476 -0.189535 0.979873
    outer loop
      vertex -0.133534 101.055 228.252
      vertex -0.444275 98.6574 227.809
      vertex 0.536726 98.7205 227.758
    endloop
  endfacet
  facet normal 0.0469834 -0.18773 0.981096
    outer loop
      vertex -0.751405 99.8913 228.059
      vertex -0.444275 98.6574 227.809
      vertex -0.133534 101.055 228.252
    endloop
  endfacet
  facet normal 0.046995 -0.187728 0.981096
    outer loop
      vertex -0.444275 98.6574 227.809
      vertex -0.751405 99.8913 228.059
      vertex -0.970803 98.6235 227.827
    endloop
  endfacet
  facet normal 0.0788271 -0.192096 0.978205
    outer loop
      vertex 0.961785 101.125 228.196
      vertex 0.536726 98.7205 227.758
      vertex 2.03527 101.194 228.123
    endloop
  endfacet
  facet normal 0.0771048 -0.158929 0.984275
    outer loop
      vertex 1.3258 103.814 228.602
      vertex 0.961785 101.125 228.196
      vertex 2.03527 101.194 228.123
    endloop
  endfacet
  facet normal 0.0808584 -0.233188 0.969064
    outer loop
      vertex 1.49817 98.7824 227.693
      vertex 0.0535127 96.6099 227.29
      vertex 0.895339 96.6641 227.233
    endloop
  endfacet
  facet normal 0.0976005 -0.237396 0.966498
    outer loop
      vertex 1.49817 98.7824 227.693
      vertex 0.895339 96.6641 227.233
      vertex 1.71672 96.717 227.163
    endloop
  endfacet
  facet normal 0.222004 -0.196741 0.954991
    outer loop
      vertex 8.81249 104.296 227.683
      vertex 8.59741 101.616 227.181
      vertex 9.69959 104.353 227.488
    endloop
  endfacet
  facet normal 0.282416 -0.219609 0.933816
    outer loop
      vertex 11.2995 104.456 227.059
      vertex 9.35434 101.665 226.991
      vertex 10.0563 101.71 226.789
    endloop
  endfacet
  facet normal 0.170402 -0.121209 0.977891
    outer loop
      vertex 8.26622 110.413 228.644
      vertex 7.62946 107.163 228.352
      vertex 9.40817 110.486 228.454
    endloop
  endfacet
  facet normal 0.195216 -0.154531 0.96851
    outer loop
      vertex 8.69963 107.231 228.174
      vertex 7.87191 104.235 227.863
      vertex 9.71601 107.297 227.979
    endloop
  endfacet
  facet normal 0.335216 -0.677192 0.655012
    outer loop
      vertex 4.52662 93.6634 225.277
      vertex 2.55584 92.3943 224.974
      vertex 2.77158 92.4082 224.878
    endloop
  endfacet
  facet normal 0.335209 -0.677185 0.655023
    outer loop
      vertex 4.52662 93.6634 225.277
      vertex 2.77158 92.4082 224.878
      vertex 4.80958 93.6816 225.151
    endloop
  endfacet
  facet normal 0.270716 -0.478868 0.835104
    outer loop
      vertex 5.57531 95.1917 225.859
      vertex 3.47914 93.5959 225.623
      vertex 3.86009 93.6205 225.514
    endloop
  endfacet
  facet normal 0.257802 -0.589784 0.765306
    outer loop
      vertex 3.47914 93.5959 225.623
      vertex 2.04764 92.3616 225.154
      vertex 3.86009 93.6205 225.514
    endloop
  endfacet
  facet normal 0.195548 -0.886409 0.41957
    outer loop
      vertex 0.144921 91.4201 224.781
      vertex -1.75089 90.8053 224.366
      vertex 0.325372 91.4317 224.722
    endloop
  endfacet
  facet normal 0.205208 -0.899378 0.386018
    outer loop
      vertex 0.325372 91.4317 224.722
      vertex -1.75089 90.8053 224.366
      vertex 0.488942 91.4422 224.659
    endloop
  endfacet
  facet normal 0.165203 -0.650012 0.74175
    outer loop
      vertex 0.754416 92.2784 225.457
      vertex -0.983458 91.3474 225.029
      vertex -0.730513 91.3637 224.987
    endloop
  endfacet
  facet normal 0.181195 -0.666424 0.72322
    outer loop
      vertex 1.10929 92.3012 225.389
      vertex -0.730513 91.3637 224.987
      vertex -0.490281 91.3792 224.941
    endloop
  endfacet
  facet normal 0.372773 -0.918617 0.131086
    outer loop
      vertex 3.48217 92.4539 224.243
      vertex 1.08467 91.4805 224.239
      vertex 1.11602 91.4826 224.164
    endloop
  endfacet
  facet normal 0.372767 -0.918602 0.131207
    outer loop
      vertex 3.43587 92.451 224.354
      vertex 1.08467 91.4805 224.239
      vertex 3.48217 92.4539 224.243
    endloop
  endfacet
  facet normal 0.322269 -0.847653 0.421458
    outer loop
      vertex 2.96057 92.4204 224.778
      vertex 0.87226 91.4669 224.457
      vertex 3.12208 92.4308 224.676
    endloop
  endfacet
  facet normal 0.322254 -0.847635 0.421506
    outer loop
      vertex 2.96057 92.4204 224.778
      vertex 0.762927 91.4598 224.527
      vertex 0.87226 91.4669 224.457
    endloop
  endfacet
  facet normal 0.338231 -0.870456 0.35764
    outer loop
      vertex 3.12208 92.4308 224.676
      vertex 0.87226 91.4669 224.457
      vertex 3.25547 92.4393 224.57
    endloop
  endfacet
  facet normal 0.338243 -0.870477 0.357578
    outer loop
      vertex 3.25547 92.4393 224.57
      vertex 0.87226 91.4669 224.457
      vertex 0.962553 91.4727 224.386
    endloop
  endfacet
  facet normal 0.25013 -0.304544 0.919069
    outer loop
      vertex 7.37544 99.1607 226.849
      vertex 6.63496 97.0335 226.345
      vertex 8.05337 99.2043 226.679
    endloop
  endfacet
  facet normal 0.248328 -0.371109 0.894769
    outer loop
      vertex 6.04137 96.9953 226.494
      vertex 5.10755 95.1616 225.993
      vertex 6.63496 97.0335 226.345
    endloop
  endfacet
  facet normal 0.0594662 -0.964068 0.258913
    outer loop
      vertex -3.76935 90.6754 224.614
      vertex -3.93114 90.665 224.612
      vertex -3.90993 90.5019 224
    endloop
  endfacet
  facet normal 0.0901247 -0.970121 0.225261
    outer loop
      vertex -2.68864 90.7449 224.558
      vertex -3.90993 90.5019 224
      vertex -2.54899 90.7539 224.541
    endloop
  endfacet
  facet normal 0.134714 -0.622267 0.771126
    outer loop
      vertex -0.41694 92.203 225.626
      vertex -1.52345 91.3127 225.1
      vertex -1.24812 91.3304 225.067
    endloop
  endfacet
  facet normal 0.102341 -0.790051 0.604438
    outer loop
      vertex -2.10175 91.2755 225.155
      vertex -2.98196 90.7261 224.586
      vertex -2.83316 90.7356 224.573
    endloop
  endfacet
  facet normal 0.0526989 -0.770089 0.635755
    outer loop
      vertex -3.60815 90.6858 224.613
      vertex -3.3381 91.1938 225.206
      vertex -3.76935 90.6754 224.614
    endloop
  endfacet
  facet normal 0.0514396 -0.769862 0.636134
    outer loop
      vertex -3.3381 91.1938 225.206
      vertex -3.60815 90.6858 224.613
      vertex -3.33692 91.1948 225.207
    endloop
  endfacet
  facet normal 0.12753 -0.991809 -0.00714954
    outer loop
      vertex -1.3441 90.8315 224.045
      vertex -3.90993 90.5019 224
      vertex -1.34852 90.8312 224.007
    endloop
  endfacet
  facet normal 0.254827 -0.964241 -0.0728169
    outer loop
      vertex -1.34852 90.8312 224.007
      vertex -1.36308 90.8302 223.968
      vertex 1.08994 91.4809 223.937
    endloop
  endfacet
  facet normal 0.205208 -0.899379 0.386015
    outer loop
      vertex 0.488942 91.4422 224.659
      vertex -1.75089 90.8053 224.366
      vertex -1.66792 90.8106 224.334
    endloop
  endfacet
  facet normal 0.222962 -0.924049 0.310518
    outer loop
      vertex 0.634987 91.4516 224.594
      vertex -1.59384 90.8154 224.301
      vertex 0.762927 91.4598 224.527
    endloop
  endfacet
  facet normal 0.195542 -0.886402 0.419588
    outer loop
      vertex 0.144921 91.4201 224.781
      vertex -1.84241 90.7994 224.396
      vertex -1.75089 90.8053 224.366
    endloop
  endfacet
  facet normal 0.214377 -0.912007 0.349693
    outer loop
      vertex 0.488942 91.4422 224.659
      vertex -1.66792 90.8106 224.334
      vertex 0.634987 91.4516 224.594
    endloop
  endfacet
  facet normal 0.23779 -0.945068 0.22428
    outer loop
      vertex 0.87226 91.4669 224.457
      vertex -1.47349 90.8231 224.232
      vertex -1.4277 90.8261 224.196
    endloop
  endfacet
  facet normal 0.121629 -0.988366 0.0913174
    outer loop
      vertex -1.52895 90.8196 224.267
      vertex -3.90993 90.5019 224
      vertex -1.47349 90.8231 224.232
    endloop
  endfacet
  facet normal 0.117813 -0.981932 -0.148088
    outer loop
      vertex -1.73946 90.806 223.71
      vertex -3.90993 90.5019 224
      vertex -1.82988 90.8002 223.677
    endloop
  endfacet
  facet normal 0.210029 -0.885414 -0.414644
    outer loop
      vertex -1.73946 90.806 223.71
      vertex -1.82988 90.8002 223.677
      vertex 0.169635 91.4216 223.362
    endloop
  endfacet
  facet normal 0.350516 -0.869669 -0.347583
    outer loop
      vertex 0.973009 91.4733 223.786
      vertex 0.885252 91.4677 223.712
      vertex 3.27092 92.4403 223.684
    endloop
  endfacet
  facet normal 0.336775 -0.846704 -0.411917
    outer loop
      vertex 0.885252 91.4677 223.712
      vertex 0.778404 91.4608 223.638
      vertex 2.98344 92.4218 223.466
    endloop
  endfacet
  facet normal 0.383876 -0.709222 -0.591306
    outer loop
      vertex 5.08745 93.6995 223.299
      vertex 2.79802 92.4099 223.36
      vertex 4.84427 93.6838 223.16
    endloop
  endfacet
  facet normal 0.383879 -0.709228 -0.591297
    outer loop
      vertex 2.98344 92.4218 223.466
      vertex 2.79802 92.4099 223.36
      vertex 5.08745 93.6995 223.299
    endloop
  endfacet
  facet normal 0.255314 -0.966608 -0.021981
    outer loop
      vertex -1.3441 90.8315 224.045
      vertex -1.34852 90.8312 224.007
      vertex 1.12736 91.4833 224.089
    endloop
  endfacet
  facet normal 0.254826 -0.964239 -0.0728502
    outer loop
      vertex 1.11866 91.4827 224.013
      vertex -1.34852 90.8312 224.007
      vertex 1.08994 91.4809 223.937
    endloop
  endfacet
  facet normal 0.255319 -0.966603 -0.0221685
    outer loop
      vertex 1.12736 91.4833 224.089
      vertex -1.34852 90.8312 224.007
      vertex 1.11866 91.4827 224.013
    endloop
  endfacet
  facet normal 0.379455 -0.924482 -0.0367015
    outer loop
      vertex 1.12736 91.4833 224.089
      vertex 1.11866 91.4827 224.013
      vertex 3.48607 92.4542 224.019
    endloop
  endfacet
  facet normal 0.184361 -0.491852 -0.850936
    outer loop
      vertex 1.73977 93.484 222.209
      vertex 0.0422319 92.2325 222.565
      vertex 1.22987 93.4512 222.118
    endloop
  endfacet
  facet normal 0.22113 -0.523344 -0.82293
    outer loop
      vertex 1.15457 92.3041 222.79
      vertex 0.802273 92.2815 222.71
      vertex 2.22671 93.5153 222.308
    endloop
  endfacet
  facet normal 0.176004 -0.633572 -0.753398
    outer loop
      vertex 0.431005 92.2576 222.635
      vertex -1.21262 91.3327 223.029
      vertex 0.0422319 92.2325 222.565
    endloop
  endfacet
  facet normal 0.16147 -0.620513 -0.767392
    outer loop
      vertex 0.0422319 92.2325 222.565
      vertex -1.21262 91.3327 223.029
      vertex -0.362512 92.2065 222.501
    endloop
  endfacet
  facet normal 0.135372 -0.459195 -0.87796
    outer loop
      vertex -0.781629 92.1795 222.443
      vertex -1.21347 92.1517 222.391
      vertex 0.149319 93.3816 221.958
    endloop
  endfacet
  facet normal 0.133696 -0.599496 -0.789133
    outer loop
      vertex -0.781629 92.1795 222.443
      vertex -2.06265 91.278 222.911
      vertex -1.21347 92.1517 222.391
    endloop
  endfacet
  facet normal 0.118491 -0.353982 -0.927716
    outer loop
      vertex 0.323498 94.8537 221.408
      vertex -0.997892 93.3078 221.829
      vertex -0.38969 94.8078 221.335
    endloop
  endfacet
  facet normal 0.103153 -0.348988 -0.931433
    outer loop
      vertex -1.117 94.7512 221.275
      vertex -0.38969 94.8078 221.335
      vertex -0.997892 93.3078 221.829
    endloop
  endfacet
  facet normal 0.103179 -0.34954 -0.931223
    outer loop
      vertex -0.38969 94.8078 221.335
      vertex -1.117 94.7512 221.275
      vertex -1.11422 94.7611 221.272
    endloop
  endfacet
  facet normal 0.262103 -0.563995 -0.783079
    outer loop
      vertex 3.53106 93.5993 222.642
      vertex 1.48651 92.3255 222.875
      vertex 3.12413 93.5731 222.525
    endloop
  endfacet
  facet normal 0.241043 -0.542443 -0.804769
    outer loop
      vertex 1.48651 92.3255 222.875
      vertex 1.15457 92.3041 222.79
      vertex 3.12413 93.5731 222.525
    endloop
  endfacet
  facet normal 0.167085 -0.246936 -0.954518
    outer loop
      vertex 3.38467 96.8243 221.28
      vertex 2.61757 96.775 221.159
      vertex 3.46513 98.909 220.755
    endloop
  endfacet
  facet normal 0.148659 -0.240503 -0.959197
    outer loop
      vertex 2.61757 96.775 221.159
      vertex 1.82323 96.7238 221.049
      vertex 3.46513 98.909 220.755
    endloop
  endfacet
  facet normal 0.129652 -0.193284 -0.972539
    outer loop
      vertex 2.55792 98.8506 220.629
      vertex 1.62318 98.7904 220.516
      vertex 2.17484 101.203 220.111
    endloop
  endfacet
  facet normal 0.129659 -0.193283 -0.972538
    outer loop
      vertex 2.55792 98.8506 220.629
      vertex 2.17484 101.203 220.111
      vertex 3.21851 101.27 220.236
    endloop
  endfacet
  facet normal 0.0985742 -0.227773 -0.968712
    outer loop
      vertex 0.66459 98.7288 220.418
      vertex -0.442363 97.6633 220.555
      vertex -0.276374 98.6682 220.336
    endloop
  endfacet
  facet normal 0.0985771 -0.227776 -0.968711
    outer loop
      vertex 0.66459 98.7288 220.418
      vertex -0.47734 97.521 220.585
      vertex -0.442363 97.6633 220.555
    endloop
  endfacet
  facet normal 0.0985893 -0.227787 -0.968707
    outer loop
      vertex -0.47734 97.521 220.585
      vertex 0.66459 98.7288 220.418
      vertex -0.67458 96.5889 220.784
    endloop
  endfacet
  facet normal 0.0967466 -0.187338 -0.97752
    outer loop
      vertex 0.0592772 100.894 219.943
      vertex 1.10455 101.134 220
      vertex 0.66459 98.7288 220.418
    endloop
  endfacet
  facet normal 0.0967446 -0.187329 -0.977521
    outer loop
      vertex 1.10455 101.134 220
      vertex 0.0592772 100.894 219.943
      vertex 0.0807228 101.068 219.911
    endloop
  endfacet
  facet normal 0.0951475 -0.154741 -0.983363
    outer loop
      vertex 1.10455 101.134 220
      vertex 0.100254 101.23 219.888
      vertex 1.48236 103.824 219.613
    endloop
  endfacet
  facet normal 0.0951514 -0.154705 -0.983368
    outer loop
      vertex 0.100254 101.23 219.888
      vertex 1.10455 101.134 220
      vertex 0.0807228 101.068 219.911
    endloop
  endfacet
  facet normal 0.314098 -0.0109194 0.949328
    outer loop
      vertex 16.7496 135.026 227.953
      vertex 15.7612 134.963 228.279
      vertex 16.7434 130.519 227.903
    endloop
  endfacet
  facet normal 0.315055 -0.0293527 0.948619
    outer loop
      vertex 15.7674 130.456 228.225
      vertex 15.6118 126.116 228.143
      vertex 16.7434 130.519 227.903
    endloop
  endfacet
  facet normal 0.356094 0.00735057 0.934421
    outer loop
      vertex 17.3037 138.542 227.714
      vertex 17.6455 135.084 227.611
      vertex 17.5313 138.557 227.627
    endloop
  endfacet
  facet normal 0.356101 0.00735142 0.934418
    outer loop
      vertex 17.6455 135.084 227.611
      vertex 17.3037 138.542 227.714
      vertex 16.7496 135.026 227.953
    endloop
  endfacet
  facet normal 0.35711 -0.0108094 0.934
    outer loop
      vertex 16.7496 135.026 227.953
      vertex 16.7434 130.519 227.903
      vertex 17.6455 135.084 227.611
    endloop
  endfacet
  facet normal 0.191252 -0.0597068 0.979723
    outer loop
      vertex 10.7754 121.667 229.09
      vertex 10.4493 117.718 228.913
      vertex 12.0149 121.747 228.853
    endloop
  endfacet
  facet normal 0.189452 -0.0263805 0.981536
    outer loop
      vertex 11.033 130.152 229.335
      vertex 10.9699 125.817 229.231
      vertex 12.3322 130.235 229.087
    endloop
  endfacet
  facet normal 0.278613 -0.0471218 0.959247
    outer loop
      vertex 15.6118 126.116 228.143
      vertex 14.5692 126.048 228.442
      vertex 15.2924 121.958 228.031
    endloop
  endfacet
  facet normal 0.31598 -0.0496763 0.947465
    outer loop
      vertex 15.6118 126.116 228.143
      vertex 15.2924 121.958 228.031
      vertex 16.5686 126.177 227.827
    endloop
  endfacet
  facet normal 0.12265 -0.0134356 0.992359
    outer loop
      vertex 8.13136 134.472 229.842
      vertex 6.74466 129.876 229.951
      vertex 8.2337 129.971 229.768
    endloop
  endfacet
  facet normal 0.124251 -0.0400185 0.991444
    outer loop
      vertex 6.76542 125.546 229.835
      vertex 6.68407 121.404 229.678
      vertex 8.22534 125.64 229.656
    endloop
  endfacet
  facet normal 0.194196 -0.125951 0.972843
    outer loop
      vertex 9.40817 110.486 228.454
      vertex 8.69963 107.231 228.174
      vertex 10.4927 110.556 228.246
    endloop
  endfacet
  facet normal 0.194206 -0.125956 0.972841
    outer loop
      vertex 10.4927 110.556 228.246
      vertex 8.69963 107.231 228.174
      vertex 9.71601 107.297 227.979
    endloop
  endfacet
  facet normal 0.218451 -0.0824702 0.972357
    outer loop
      vertex 12.7741 117.868 228.437
      vertex 11.1373 114.06 228.482
      vertex 12.2169 114.13 228.245
    endloop
  endfacet
  facet normal 0.219399 -0.105533 0.969911
    outer loop
      vertex 11.1373 114.06 228.482
      vertex 10.4927 110.556 228.246
      vertex 12.2169 114.13 228.245
    endloop
  endfacet
  facet normal 0.21751 -0.0619203 0.974092
    outer loop
      vertex 13.184 121.822 228.597
      vertex 12.0149 121.747 228.853
      vertex 12.7741 117.868 228.437
    endloop
  endfacet
  facet normal 0.191242 -0.0597031 0.979725
    outer loop
      vertex 12.0149 121.747 228.853
      vertex 10.4493 117.718 228.913
      vertex 11.6457 117.795 228.684
    endloop
  endfacet
  facet normal 0.147437 -0.0944873 0.984548
    outer loop
      vertex 7.5263 113.828 229.082
      vertex 7.07137 110.336 228.815
      vertex 8.78739 113.909 228.901
    endloop
  endfacet
  facet normal 0.127132 -0.0920755 0.987603
    outer loop
      vertex 7.5263 113.828 229.082
      vertex 6.21435 113.743 229.243
      vertex 7.07137 110.336 228.815
    endloop
  endfacet
  facet normal 0.145461 -0.0565402 0.987747
    outer loop
      vertex 9.47028 121.583 229.307
      vertex 7.87141 117.552 229.312
      vertex 9.18951 117.637 229.123
    endloop
  endfacet
  facet normal 0.167376 -0.0579333 0.98419
    outer loop
      vertex 9.47028 121.583 229.307
      vertex 9.18951 117.637 229.123
      vertex 10.7754 121.667 229.09
    endloop
  endfacet
  facet normal 0.243107 0.00317958 0.969994
    outer loop
      vertex 14.2619 138.346 228.683
      vertex 13.3905 138.29 228.902
      vertex 13.5231 134.819 228.88
    endloop
  endfacet
  facet normal 0.356097 0.00735217 0.93442
    outer loop
      vertex 17.3037 138.542 227.714
      vertex 16.6314 138.499 227.97
      vertex 16.7496 135.026 227.953
    endloop
  endfacet
  facet normal 0.40728 -0.0107921 0.91324
    outer loop
      vertex 17.6455 135.084 227.611
      vertex 17.628 130.576 227.565
      vertex 18.4178 130.627 227.214
    endloop
  endfacet
  facet normal 0.358082 -0.0308144 0.933182
    outer loop
      vertex 17.628 130.576 227.565
      vertex 16.5686 126.177 227.827
      vertex 17.4359 126.233 227.496
    endloop
  endfacet
  facet normal 0.406217 0.00909419 0.913731
    outer loop
      vertex 18.1316 138.595 227.36
      vertex 17.5313 138.557 227.627
      vertex 17.6455 135.084 227.611
    endloop
  endfacet
  facet normal 0.922042 0.0257628 0.386232
    outer loop
      vertex 20.9377 138.776 225.009
      vertex 21.08 135.305 224.901
      vertex 20.9813 138.779 224.905
    endloop
  endfacet
  facet normal 0.922034 0.0257619 0.386251
    outer loop
      vertex 21.08 135.305 224.901
      vertex 20.9377 138.776 225.009
      vertex 20.9083 135.294 225.311
    endloop
  endfacet
  facet normal 0.922633 -0.0133947 0.385447
    outer loop
      vertex 21.08 135.305 224.901
      vertex 20.9083 135.294 225.311
      vertex 21.0193 130.794 224.889
    endloop
  endfacet
  facet normal 0.176575 0.00117358 -0.984287
    outer loop
      vertex 8.3258 134.484 218.68
      vertex 8.53615 137.978 218.721
      vertex 9.76725 134.577 218.938
    endloop
  endfacet
  facet normal 0.176564 0.00117424 -0.984288
    outer loop
      vertex 8.53615 137.978 218.721
      vertex 8.3258 134.484 218.68
      vertex 8.16994 137.954 218.656
    endloop
  endfacet
  facet normal 0.177306 -0.010719 -0.984097
    outer loop
      vertex 8.42569 129.984 218.747
      vertex 8.3258 134.484 218.68
      vertex 9.76725 134.577 218.938
    endloop
  endfacet
  facet normal 0.0937376 -0.127676 -0.987376
    outer loop
      vertex 0.593912 106.429 219.192
      vertex 1.79524 106.787 219.26
      vertex 1.48236 103.824 219.613
    endloop
  endfacet
  facet normal 0.0937404 -0.127686 -0.987375
    outer loop
      vertex 1.79524 106.787 219.26
      vertex 0.593912 106.429 219.192
      vertex 0.610352 106.711 219.157
    endloop
  endfacet
  facet normal 0.0924804 -0.10467 -0.990198
    outer loop
      vertex 1.79524 106.787 219.26
      vertex 0.722795 108.551 218.973
      vertex 0.760884 109.642 218.862
    endloop
  endfacet
  facet normal 0.0925106 -0.104651 -0.990197
    outer loop
      vertex 1.79524 106.787 219.26
      vertex 0.703548 108.335 218.994
      vertex 0.722795 108.551 218.973
    endloop
  endfacet
  facet normal 0.0925028 -0.104657 -0.990197
    outer loop
      vertex 0.703548 108.335 218.994
      vertex 1.79524 106.787 219.26
      vertex 0.610352 106.711 219.157
    endloop
  endfacet
  facet normal 0.163587 -0.137251 -0.976935
    outer loop
      vertex 5.98429 104.114 220.197
      vertex 5.50073 107.026 219.707
      vertex 6.65992 107.1 219.89
    endloop
  endfacet
  facet normal 0.183678 -0.141369 -0.972768
    outer loop
      vertex 7.77338 107.172 220.09
      vertex 5.98429 104.114 220.197
      vertex 6.65992 107.1 219.89
    endloop
  endfacet
  facet normal 0.903449 -0.267749 -0.334798
    outer loop
      vertex 17.7565 111.024 224.058
      vertex 17.6268 111.015 223.715
      vertex 18.8038 114.554 224.061
    endloop
  endfacet
  facet normal 0.903447 -0.267748 -0.334805
    outer loop
      vertex 18.8038 114.554 224.061
      vertex 17.6268 111.015 223.715
      vertex 18.667 114.545 223.699
    endloop
  endfacet
  facet normal 0.716381 -0.0841587 0.692615
    outer loop
      vertex 20.3231 126.419 225.662
      vertex 19.5111 122.229 225.993
      vertex 19.8769 122.253 225.617
    endloop
  endfacet
  facet normal 0.714552 -0.125432 0.688246
    outer loop
      vertex 19.5111 122.229 225.993
      vertex 18.8813 118.261 225.923
      vertex 19.8769 122.253 225.617
    endloop
  endfacet
  facet normal 0.697315 -0.274423 0.662151
    outer loop
      vertex 17.0517 110.978 225.743
      vertex 16.1627 107.712 225.326
      vertex 17.3718 110.999 225.415
    endloop
  endfacet
  facet normal 0.711111 -0.170628 0.68206
    outer loop
      vertex 18.8813 118.261 225.923
      vertex 18.06 114.506 225.84
      vertex 18.3978 114.528 225.493
    endloop
  endfacet
  facet normal 0.902203 -0.419492 -0.10028
    outer loop
      vertex 16.56 107.737 224.376
      vertex 15.112 104.701 224.05
      vertex 16.5232 107.735 224.055
    endloop
  endfacet
  facet normal 0.860605 -0.399855 -0.315397
    outer loop
      vertex 16.5232 107.735 224.055
      vertex 15.112 104.701 224.05
      vertex 16.4017 107.727 223.733
    endloop
  endfacet
  facet normal 0.468129 -0.0617429 0.8815
    outer loop
      vertex 18.8887 126.326 226.794
      vertex 17.821 122.12 227.066
      vertex 18.4811 122.163 226.719
    endloop
  endfacet
  facet normal 0.468113 -0.0617383 0.881509
    outer loop
      vertex 18.2103 126.283 227.151
      vertex 17.821 122.12 227.066
      vertex 18.8887 126.326 226.794
    endloop
  endfacet
  facet normal 0.35899 -0.0528573 0.931844
    outer loop
      vertex 17.4359 126.233 227.496
      vertex 16.5686 126.177 227.827
      vertex 17.0674 122.072 227.402
    endloop
  endfacet
  facet normal 0.409125 -0.0568192 0.910707
    outer loop
      vertex 17.4359 126.233 227.496
      vertex 17.0674 122.072 227.402
      vertex 18.2103 126.283 227.151
    endloop
  endfacet
  facet normal 0.3598 -0.0772235 0.929828
    outer loop
      vertex 16.2235 122.018 227.724
      vertex 15.7079 118.057 227.594
      vertex 17.0674 122.072 227.402
    endloop
  endfacet
  facet normal 0.316839 -0.0721513 0.945731
    outer loop
      vertex 16.2235 122.018 227.724
      vertex 15.2924 121.958 228.031
      vertex 15.7079 118.057 227.594
    endloop
  endfacet
  facet normal 0.360834 -0.134477 0.922884
    outer loop
      vertex 15.8033 114.361 227.141
      vertex 14.1751 110.793 227.258
      vertex 14.9135 110.841 226.976
    endloop
  endfacet
  facet normal 0.409781 -0.0834547 0.908358
    outer loop
      vertex 17.0674 122.072 227.402
      vertex 16.5225 118.109 227.283
      vertex 17.2499 118.156 226.96
    endloop
  endfacet
  facet normal 0.618263 -0.152294 0.771076
    outer loop
      vertex 18.8813 118.261 225.923
      vertex 17.6298 114.478 226.18
      vertex 18.06 114.506 225.84
    endloop
  endfacet
  facet normal 0.618251 -0.15229 0.771086
    outer loop
      vertex 18.4316 118.232 226.278
      vertex 17.6298 114.478 226.18
      vertex 18.8813 118.261 225.923
    endloop
  endfacet
  facet normal 0.459702 -0.297819 0.836647
    outer loop
      vertex 13.2183 104.579 226.327
      vertex 11.8059 101.823 226.122
      vertex 13.7192 104.611 226.063
    endloop
  endfacet
  facet normal 0.459696 -0.297815 0.836652
    outer loop
      vertex 13.7192 104.611 226.063
      vertex 11.8059 101.823 226.122
      vertex 12.2627 101.852 225.881
    endloop
  endfacet
  facet normal 0.77179 -0.369214 0.517708
    outer loop
      vertex 16.1627 107.712 225.326
      vertex 14.7784 104.68 225.227
      vertex 16.3794 107.726 225.013
    endloop
  endfacet
  facet normal 0.747945 -0.438722 0.498097
    outer loop
      vertex 14.7784 104.68 225.227
      vertex 13.2285 101.914 225.119
      vertex 14.979 104.692 224.937
    endloop
  endfacet
  facet normal 0.873291 -0.332368 0.356221
    outer loop
      vertex 17.7445 111.023 224.742
      vertex 16.3794 107.726 225.013
      vertex 16.512 107.734 224.696
    endloop
  endfacet
  facet normal 0.771794 -0.369217 0.517699
    outer loop
      vertex 16.3794 107.726 225.013
      vertex 14.7784 104.68 225.227
      vertex 14.979 104.692 224.937
    endloop
  endfacet
  facet normal 0.873285 -0.332364 0.356239
    outer loop
      vertex 17.603 111.014 225.081
      vertex 16.3794 107.726 225.013
      vertex 17.7445 111.023 224.742
    endloop
  endfacet
  facet normal 0.975986 -0.162688 0.144858
    outer loop
      vertex 20.303 122.28 224.849
      vertex 19.6456 118.31 224.819
      vertex 19.7021 118.314 224.442
    endloop
  endfacet
  facet normal 0.789443 -0.304811 0.532794
    outer loop
      vertex 17.3718 110.999 225.415
      vertex 16.1627 107.712 225.326
      vertex 16.3794 107.726 225.013
    endloop
  endfacet
  facet normal 0.705562 -0.220136 0.673589
    outer loop
      vertex 18.06 114.506 225.84
      vertex 17.0517 110.978 225.743
      vertex 17.3718 110.999 225.415
    endloop
  endfacet
  facet normal 0.318774 -0.192638 0.928048
    outer loop
      vertex 12.4034 107.47 227.305
      vertex 11.2995 104.456 227.059
      vertex 12.0061 104.501 226.826
    endloop
  endfacet
  facet normal 0.318684 -0.156608 0.934834
    outer loop
      vertex 13.3604 110.741 227.527
      vertex 13.1669 107.519 227.053
      vertex 14.1751 110.793 227.258
    endloop
  endfacet
  facet normal 0.922028 0.0257631 0.386264
    outer loop
      vertex 20.9377 138.776 225.009
      vertex 20.8088 138.768 225.317
      vertex 20.9083 135.294 225.311
    endloop
  endfacet
  facet normal 0.821598 0.0225767 0.56962
    outer loop
      vertex 20.8088 138.768 225.317
      vertex 20.5983 138.754 225.621
      vertex 20.9083 135.294 225.311
    endloop
  endfacet
  facet normal 0.913048 -0.153996 0.377663
    outer loop
      vertex 20.1412 122.27 225.235
      vertex 19.4895 118.3 225.192
      vertex 19.6456 118.31 224.819
    endloop
  endfacet
  facet normal 0.811161 -0.190589 0.552896
    outer loop
      vertex 19.2344 118.284 225.561
      vertex 18.3978 114.528 225.493
      vertex 19.4895 118.3 225.192
    endloop
  endfacet
  facet normal 0.822261 -0.0515425 0.566771
    outer loop
      vertex 20.5727 130.765 225.695
      vertex 20.3231 126.419 225.662
      vertex 20.8498 130.783 225.295
    endloop
  endfacet
  facet normal 0.983205 -0.108885 0.146465
    outer loop
      vertex 20.7609 126.447 224.872
      vertex 20.303 122.28 224.849
      vertex 20.3615 122.284 224.458
    endloop
  endfacet
  facet normal 0.0535721 -0.578091 0.814212
    outer loop
      vertex -3.04222 91.5678 225.453
      vertex -2.62905 92.0606 225.776
      vertex -2.81867 92.0484 225.78
    endloop
  endfacet
  facet normal 0.0536078 -0.57811 0.814196
    outer loop
      vertex -2.62905 92.0606 225.776
      vertex -3.04222 91.5678 225.453
      vertex -3.02092 91.2163 225.202
    endloop
  endfacet
  facet normal 0.0541948 -0.578068 0.814187
    outer loop
      vertex -3.02092 91.2163 225.202
      vertex -3.04222 91.5678 225.453
      vertex -3.05179 91.5559 225.445
    endloop
  endfacet
  facet normal 0.0792181 -0.586655 0.805953
    outer loop
      vertex -2.1686 92.0903 225.759
      vertex -2.40242 91.2561 225.175
      vertex -1.71539 92.1194 225.736
    endloop
  endfacet
  facet normal 0.0431539 -0.769552 0.637124
    outer loop
      vertex -3.70768 90.943 224.933
      vertex -3.87213 90.9174 224.913
      vertex -3.76935 90.6754 224.614
    endloop
  endfacet
  facet normal 0.344487 -0.442198 0.828124
    outer loop
      vertex 8.14862 97.1309 225.846
      vertex 6.0046 95.2193 225.717
      vertex 6.39374 95.2443 225.568
    endloop
  endfacet
  facet normal 0.383514 -0.473338 0.793012
    outer loop
      vertex 8.14862 97.1309 225.846
      vertex 6.39374 95.2443 225.568
      vertex 8.5575 97.1572 225.664
    endloop
  endfacet
  facet normal 0.463932 -0.245836 0.851077
    outer loop
      vertex 14.4768 107.603 226.514
      vertex 13.7192 104.611 226.063
      vertex 15.0181 107.638 226.229
    endloop
  endfacet
  facet normal 0.466514 -0.200202 0.861559
    outer loop
      vertex 15.5729 110.883 226.683
      vertex 14.4768 107.603 226.514
      vertex 15.0181 107.638 226.229
    endloop
  endfacet
  facet normal 0.281954 -0.265993 0.921819
    outer loop
      vertex 9.35434 101.665 226.991
      vertex 8.68208 99.2448 226.498
      vertex 10.0563 101.71 226.789
    endloop
  endfacet
  facet normal 0.359131 -0.251944 0.898638
    outer loop
      vertex 12.0061 104.501 226.826
      vertex 11.2845 101.789 226.354
      vertex 12.6465 104.542 226.581
    endloop
  endfacet
  facet normal 0.360393 -0.207249 0.909486
    outer loop
      vertex 13.8589 107.564 226.789
      vertex 12.0061 104.501 226.826
      vertex 12.6465 104.542 226.581
    endloop
  endfacet
  facet normal 0.281848 -0.146735 0.948172
    outer loop
      vertex 12.4727 110.684 227.782
      vertex 12.4034 107.47 227.305
      vertex 13.3604 110.741 227.527
    endloop
  endfacet
  facet normal 0.19707 -0.227877 0.953539
    outer loop
      vertex 7.78851 101.564 227.358
      vertex 5.8828 99.0646 227.155
      vertex 6.65096 99.114 227.008
    endloop
  endfacet
  facet normal 0.1977 -0.276823 0.940364
    outer loop
      vertex 5.8828 99.0646 227.155
      vertex 4.73445 96.9112 226.762
      vertex 6.65096 99.114 227.008
    endloop
  endfacet
  facet normal 0.153545 -0.256805 0.954188
    outer loop
      vertex 4.22771 98.9581 227.411
      vertex 3.28528 96.8179 226.986
      vertex 5.07399 99.0125 227.289
    endloop
  endfacet
  facet normal 0.133748 -0.249082 0.959203
    outer loop
      vertex 3.34732 98.9014 227.519
      vertex 3.28528 96.8179 226.986
      vertex 4.22771 98.9581 227.411
    endloop
  endfacet
  facet normal 0.22194 -0.353567 0.908699
    outer loop
      vertex 6.04137 96.9953 226.494
      vertex 4.06417 95.0944 226.238
      vertex 4.60317 95.1291 226.12
    endloop
  endfacet
  facet normal 0.219375 -0.436023 0.872788
    outer loop
      vertex 4.06417 95.0944 226.238
      vertex 3.06836 93.5695 225.726
      vertex 4.60317 95.1291 226.12
    endloop
  endfacet
  facet normal 0.17528 -0.403567 0.898003
    outer loop
      vertex 2.8909 95.0189 226.447
      vertex 2.16394 93.5113 225.911
      vertex 3.49266 95.0576 226.347
    endloop
  endfacet
  facet normal 0.196553 -0.418642 0.886626
    outer loop
      vertex 3.49266 95.0576 226.347
      vertex 2.16394 93.5113 225.911
      vertex 4.06417 95.0944 226.238
    endloop
  endfacet
  facet normal 0.401591 -0.603404 0.688933
    outer loop
      vertex 6.74117 95.2667 225.414
      vertex 4.80958 93.6816 225.151
      vertex 7.04555 95.2863 225.253
    endloop
  endfacet
  facet normal 0.426527 -0.50869 0.74787
    outer loop
      vertex 8.5575 97.1572 225.664
      vertex 6.74117 95.2667 225.414
      vertex 7.04555 95.2863 225.253
    endloop
  endfacet
  facet normal 0.495921 -0.464464 0.733714
    outer loop
      vertex 10.6582 99.3719 225.685
      vertex 8.9157 97.1803 225.475
      vertex 9.22181 97.2 225.281
    endloop
  endfacet
  facet normal 0.442593 -0.427292 0.788373
    outer loop
      vertex 10.6582 99.3719 225.685
      vertex 8.5575 97.1572 225.664
      vertex 8.9157 97.1803 225.475
    endloop
  endfacet
  facet normal 0.554205 -0.505869 0.661025
    outer loop
      vertex 11.0078 99.3944 225.463
      vertex 9.22181 97.2 225.281
      vertex 9.47461 97.2163 225.081
    endloop
  endfacet
  facet normal 0.522978 -0.59062 0.614542
    outer loop
      vertex 9.22181 97.2 225.281
      vertex 7.52046 95.3168 224.919
      vertex 9.47461 97.2163 225.081
    endloop
  endfacet
  facet normal 0.168519 -0.377491 -0.91055
    outer loop
      vertex 2.34573 94.9838 221.689
      vertex 0.699019 93.417 222.034
      vertex 1.69391 94.9419 221.586
    endloop
  endfacet
  facet normal 0.168082 -0.30318 -0.937993
    outer loop
      vertex 2.34573 94.9838 221.689
      vertex 1.69391 94.9419 221.586
      vertex 3.38467 96.8243 221.28
    endloop
  endfacet
  facet normal 0.32776 -0.503105 -0.799662
    outer loop
      vertex 4.25336 93.6458 222.892
      vertex 3.90797 93.6235 222.765
      vertex 5.6341 95.1954 222.483
    endloop
  endfacet
  facet normal 0.327746 -0.503095 -0.799673
    outer loop
      vertex 6.0582 95.2227 222.64
      vertex 4.25336 93.6458 222.892
      vertex 5.6341 95.1954 222.483
    endloop
  endfacet
  facet normal 0.0409375 -0.0866157 0.9954
    outer loop
      vertex 0.339572 110.239 229.411
      vertex 0.323018 109.902 229.383
      vertex 0.475069 109.911 229.377
    endloop
  endfacet
  facet normal 0.0421322 -0.106251 0.993446
    outer loop
      vertex 0.305282 109.534 229.344
      vertex 0.475069 109.911 229.377
      vertex 0.323018 109.902 229.383
    endloop
  endfacet
  facet normal 0.0414573 -0.105953 0.993507
    outer loop
      vertex 0.475069 109.911 229.377
      vertex 0.305282 109.534 229.344
      vertex 0.304603 109.527 229.343
    endloop
  endfacet
  facet normal 0.250544 -0.20719 0.945674
    outer loop
      vertex 9.69959 104.353 227.488
      vertex 9.35434 101.665 226.991
      vertex 10.5297 104.406 227.28
    endloop
  endfacet
  facet normal 0.282405 -0.219601 0.933822
    outer loop
      vertex 10.5297 104.406 227.28
      vertex 9.35434 101.665 226.991
      vertex 11.2995 104.456 227.059
    endloop
  endfacet
  facet normal 0.220329 -0.13166 0.966499
    outer loop
      vertex 11.5156 110.622 228.022
      vertex 10.4927 110.556 228.246
      vertex 10.6746 107.359 227.769
    endloop
  endfacet
  facet normal 0.220324 -0.131661 0.9665
    outer loop
      vertex 10.4927 110.556 228.246
      vertex 9.71601 107.297 227.979
      vertex 10.6746 107.359 227.769
    endloop
  endfacet
  facet normal 0.221225 -0.16169 0.961726
    outer loop
      vertex 10.6746 107.359 227.769
      vertex 8.81249 104.296 227.683
      vertex 9.69959 104.353 227.488
    endloop
  endfacet
  facet normal 0.22121 -0.161682 0.96173
    outer loop
      vertex 9.71601 107.297 227.979
      vertex 8.81249 104.296 227.683
      vertex 10.6746 107.359 227.769
    endloop
  endfacet
  facet normal 0.149705 -0.14356 0.978253
    outer loop
      vertex 6.50973 107.091 228.513
      vertex 5.8453 104.105 228.176
      vertex 7.62946 107.163 228.352
    endloop
  endfacet
  facet normal 0.149703 -0.143559 0.978254
    outer loop
      vertex 7.62946 107.163 228.352
      vertex 5.8453 104.105 228.176
      vertex 6.88154 104.171 228.027
    endloop
  endfacet
  facet normal 0.232606 -0.726215 0.64692
    outer loop
      vertex 1.75718 92.3429 225.238
      vertex -0.0516992 91.4074 224.838
      vertex 0.144921 91.4201 224.781
    endloop
  endfacet
  facet normal 0.214952 -0.704615 0.676249
    outer loop
      vertex 1.75718 92.3429 225.238
      vertex -0.263713 91.3938 224.891
      vertex -0.0516992 91.4074 224.838
    endloop
  endfacet
  facet normal 0.154451 -0.836467 0.525802
    outer loop
      vertex -0.730513 91.3637 224.987
      vertex -2.28645 90.7708 224.5
      vertex -2.1646 90.7787 224.477
    endloop
  endfacet
  facet normal 0.100593 -0.975086 0.197707
    outer loop
      vertex -2.28645 90.7708 224.5
      vertex -3.90993 90.5019 224
      vertex -2.1646 90.7787 224.477
    endloop
  endfacet
  facet normal 0.165152 -0.649948 0.741817
    outer loop
      vertex 0.380756 92.2543 225.519
      vertex -0.983458 91.3474 225.029
      vertex 0.754416 92.2784 225.457
    endloop
  endfacet
  facet normal 0.149645 -0.635218 0.757697
    outer loop
      vertex 0.380756 92.2543 225.519
      vertex -1.24812 91.3304 225.067
      vertex -0.983458 91.3474 225.029
    endloop
  endfacet
  facet normal 0.364074 -0.907015 0.211597
    outer loop
      vertex 3.3602 92.4461 224.463
      vertex 1.03345 91.4772 224.313
      vertex 1.08467 91.4805 224.239
    endloop
  endfacet
  facet normal 0.352369 -0.890617 0.287466
    outer loop
      vertex 3.3602 92.4461 224.463
      vertex 0.962553 91.4727 224.386
      vertex 1.03345 91.4772 224.313
    endloop
  endfacet
  facet normal 0.125806 -0.991124 0.0429587
    outer loop
      vertex -1.39174 90.8284 224.159
      vertex -3.90993 90.5019 224
      vertex -1.36576 90.8301 224.121
    endloop
  endfacet
  facet normal 0.252176 -0.964416 0.0794274
    outer loop
      vertex 1.08467 91.4805 224.239
      vertex -1.34986 90.8311 224.083
      vertex 1.11602 91.4826 224.164
    endloop
  endfacet
  facet normal 0.222697 -0.289574 0.930888
    outer loop
      vertex 6.65096 99.114 227.008
      vertex 6.04137 96.9953 226.494
      vertex 7.37544 99.1607 226.849
    endloop
  endfacet
  facet normal 0.19777 -0.338507 0.919946
    outer loop
      vertex 5.40704 96.9545 226.633
      vertex 3.49266 95.0576 226.347
      vertex 4.06417 95.0944 226.238
    endloop
  endfacet
  facet normal 0.0971807 -0.973325 0.207832
    outer loop
      vertex -2.41475 90.7626 224.522
      vertex -3.90993 90.5019 224
      vertex -2.28645 90.7708 224.5
    endloop
  endfacet
  facet normal 0.112581 -0.797358 0.592914
    outer loop
      vertex -1.80837 91.2943 225.13
      vertex -2.83316 90.7356 224.573
      vertex -1.52345 91.3127 225.1
    endloop
  endfacet
  facet normal 0.127539 -0.991542 -0.0240529
    outer loop
      vertex -1.34852 90.8312 224.007
      vertex -3.90993 90.5019 224
      vertex -1.36308 90.8302 223.968
    endloop
  endfacet
  facet normal 0.127263 -0.991032 -0.0407402
    outer loop
      vertex -1.36308 90.8302 223.968
      vertex -3.90993 90.5019 224
      vertex -1.38774 90.8287 223.93
    endloop
  endfacet
  facet normal 0.115229 -0.98399 0.135965
    outer loop
      vertex -1.75089 90.8053 224.366
      vertex -3.90993 90.5019 224
      vertex -1.66792 90.8106 224.334
    endloop
  endfacet
  facet normal 0.117586 -0.985586 0.121632
    outer loop
      vertex -1.66792 90.8106 224.334
      vertex -3.90993 90.5019 224
      vertex -1.59384 90.8154 224.301
    endloop
  endfacet
  facet normal 0.268876 -0.773379 0.5741
    outer loop
      vertex 2.3142 92.3788 225.066
      vertex 0.325372 91.4317 224.722
      vertex 0.488942 91.4422 224.659
    endloop
  endfacet
  facet normal 0.250614 -0.749209 0.613089
    outer loop
      vertex 2.04764 92.3616 225.154
      vertex 0.325372 91.4317 224.722
      vertex 2.3142 92.3788 225.066
    endloop
  endfacet
  facet normal 0.185557 -0.873428 0.450213
    outer loop
      vertex 0.144921 91.4201 224.781
      vertex -1.94214 90.793 224.425
      vertex -1.84241 90.7994 224.396
    endloop
  endfacet
  facet normal 0.109882 -0.98051 0.162871
    outer loop
      vertex -1.94214 90.793 224.425
      vertex -3.90993 90.5019 224
      vertex -1.84241 90.7994 224.396
    endloop
  endfacet
  facet normal 0.230813 -0.935178 0.26864
    outer loop
      vertex 0.87226 91.4669 224.457
      vertex -1.52895 90.8196 224.267
      vertex -1.47349 90.8231 224.232
    endloop
  endfacet
  facet normal 0.23081 -0.935171 0.268666
    outer loop
      vertex 0.762927 91.4598 224.527
      vertex -1.52895 90.8196 224.267
      vertex 0.87226 91.4669 224.457
    endloop
  endfacet
  facet normal 0.240062 -0.934578 -0.262551
    outer loop
      vertex 0.885252 91.4677 223.712
      vertex -1.5211 90.8201 223.817
      vertex 0.778404 91.4608 223.638
    endloop
  endfacet
  facet normal 0.226458 -0.911224 -0.344075
    outer loop
      vertex 0.652889 91.4527 223.567
      vertex -1.65765 90.8113 223.745
      vertex 0.509198 91.4435 223.496
    endloop
  endfacet
  facet normal 0.123348 -0.788696 -0.602282
    outer loop
      vertex -2.81386 90.7369 223.465
      vertex -2.96214 90.7273 223.447
      vertex -2.06265 91.278 222.911
    endloop
  endfacet
  facet normal 0.133229 -0.79606 -0.590372
    outer loop
      vertex -1.48661 91.315 222.985
      vertex -2.81386 90.7369 223.465
      vertex -1.77033 91.2968 222.946
    endloop
  endfacet
  facet normal 0.133184 -0.796015 -0.590442
    outer loop
      vertex -2.66996 90.7461 223.485
      vertex -2.81386 90.7369 223.465
      vertex -1.48661 91.315 222.985
    endloop
  endfacet
  facet normal 0.409815 -0.743714 -0.528149
    outer loop
      vertex 5.29447 93.7128 223.441
      vertex 3.14128 92.432 223.574
      vertex 5.08745 93.6995 223.299
    endloop
  endfacet
  facet normal 0.434692 -0.777838 -0.453884
    outer loop
      vertex 5.4645 93.7237 223.585
      vertex 3.14128 92.432 223.574
      vertex 5.29447 93.7128 223.441
    endloop
  endfacet
  facet normal 0.37798 -0.924576 0.0478566
    outer loop
      vertex 3.48217 92.4539 224.243
      vertex 1.11602 91.4826 224.164
      vertex 1.12736 91.4833 224.089
    endloop
  endfacet
  facet normal 0.252169 -0.964412 0.0795045
    outer loop
      vertex 1.08467 91.4805 224.239
      vertex -1.36576 90.8301 224.121
      vertex -1.34986 90.8311 224.083
    endloop
  endfacet
  facet normal 0.184387 -0.49188 -0.850914
    outer loop
      vertex 0.431005 92.2576 222.635
      vertex 0.0422319 92.2325 222.565
      vertex 1.73977 93.484 222.209
    endloop
  endfacet
  facet normal 0.167299 -0.479152 -0.861641
    outer loop
      vertex 0.0422319 92.2325 222.565
      vertex -0.362512 92.2065 222.501
      vertex 1.22987 93.4512 222.118
    endloop
  endfacet
  facet normal 0.107265 -0.58475 -0.80409
    outer loop
      vertex -1.65632 92.1232 222.345
      vertex -2.08589 92.0514 222.34
      vertex -2.06423 92.097 222.31
    endloop
  endfacet
  facet normal 0.107281 -0.584848 -0.804017
    outer loop
      vertex -1.65632 92.1232 222.345
      vertex -2.10667 92.0175 222.362
      vertex -2.08589 92.0514 222.34
    endloop
  endfacet
  facet normal 0.107279 -0.584841 -0.804023
    outer loop
      vertex -1.65632 92.1232 222.345
      vertex -2.16051 91.9228 222.423
      vertex -2.10667 92.0175 222.362
    endloop
  endfacet
  facet normal 0.107287 -0.584856 -0.80401
    outer loop
      vertex -2.16051 91.9228 222.423
      vertex -1.65632 92.1232 222.345
      vertex -2.36244 91.2587 222.88
    endloop
  endfacet
  facet normal 0.105686 -0.445689 -0.888927
    outer loop
      vertex -1.65632 92.1232 222.345
      vertex -2.02584 92.1844 222.27
      vertex -0.997892 93.3078 221.829
    endloop
  endfacet
  facet normal 0.105664 -0.445773 -0.888888
    outer loop
      vertex -2.02584 92.1844 222.27
      vertex -1.65632 92.1232 222.345
      vertex -2.06423 92.097 222.31
    endloop
  endfacet
  facet normal 0.135354 -0.459179 -0.877971
    outer loop
      vertex 0.149319 93.3816 221.958
      vertex -1.21347 92.1517 222.391
      vertex -0.417064 93.3452 221.889
    endloop
  endfacet
  facet normal 0.120296 -0.451678 -0.884034
    outer loop
      vertex -0.417064 93.3452 221.889
      vertex -1.21347 92.1517 222.391
      vertex -0.997892 93.3078 221.829
    endloop
  endfacet
  facet normal 0.0937725 -0.127664 -0.987375
    outer loop
      vertex 1.48236 103.824 219.613
      vertex 0.546577 105.619 219.292
      vertex 0.593912 106.429 219.192
    endloop
  endfacet
  facet normal 0.0937669 -0.127667 -0.987375
    outer loop
      vertex 1.48236 103.824 219.613
      vertex 0.522404 105.415 219.317
      vertex 0.546577 105.619 219.292
    endloop
  endfacet
  facet normal 0.0937512 -0.127677 -0.987375
    outer loop
      vertex 0.522404 105.415 219.317
      vertex 1.48236 103.824 219.613
      vertex 0.379187 103.753 219.518
    endloop
  endfacet
  facet normal 0.147276 -0.197545 -0.969168
    outer loop
      vertex 3.46513 98.909 220.755
      vertex 2.55792 98.8506 220.629
      vertex 3.21851 101.27 220.236
    endloop
  endfacet
  facet normal 0.148656 -0.240501 -0.959198
    outer loop
      vertex 3.46513 98.909 220.755
      vertex 1.82323 96.7238 221.049
      vertex 2.55792 98.8506 220.629
    endloop
  endfacet
  facet normal 0.216585 -0.0434581 0.975296
    outer loop
      vertex 13.445 125.976 228.724
      vertex 12.0149 121.747 228.853
      vertex 13.184 121.822 228.597
    endloop
  endfacet
  facet normal 0.189457 -0.0263821 0.981534
    outer loop
      vertex 12.3322 130.235 229.087
      vertex 10.9699 125.817 229.231
      vertex 12.2437 125.899 228.987
    endloop
  endfacet
  facet normal 0.279524 -0.0680204 0.957726
    outer loop
      vertex 15.2924 121.958 228.031
      vertex 14.2779 121.892 228.323
      vertex 14.8092 117.999 227.891
    endloop
  endfacet
  facet normal 0.278616 -0.0471212 0.959246
    outer loop
      vertex 14.5692 126.048 228.442
      vertex 14.2779 121.892 228.323
      vertex 15.2924 121.958 228.031
    endloop
  endfacet
  facet normal 0.315053 -0.0293522 0.94862
    outer loop
      vertex 16.7434 130.519 227.903
      vertex 15.6118 126.116 228.143
      vertex 16.5686 126.177 227.827
    endloop
  endfacet
  facet normal 0.277688 -0.0282341 0.960256
    outer loop
      vertex 15.7674 130.456 228.225
      vertex 14.5692 126.048 228.442
      vertex 15.6118 126.116 228.143
    endloop
  endfacet
  facet normal 0.143717 -0.0260415 0.989276
    outer loop
      vertex 9.66502 130.063 229.563
      vertex 8.22534 125.64 229.656
      vertex 9.62867 125.73 229.454
    endloop
  endfacet
  facet normal 0.143713 -0.0260403 0.989277
    outer loop
      vertex 8.2337 129.971 229.768
      vertex 8.22534 125.64 229.656
      vertex 9.66502 130.063 229.563
    endloop
  endfacet
  facet normal 0.24397 -0.0113664 0.969716
    outer loop
      vertex 14.6843 134.893 228.588
      vertex 13.5231 134.819 228.88
      vertex 13.5575 130.314 228.818
    endloop
  endfacet
  facet normal 0.243976 -0.0113677 0.969715
    outer loop
      vertex 14.6843 134.893 228.588
      vertex 13.5575 130.314 228.818
      vertex 14.7041 130.388 228.531
    endloop
  endfacet
  facet normal 0.275846 0.00443174 0.961192
    outer loop
      vertex 15.6386 138.435 228.298
      vertex 14.8305 138.383 228.53
      vertex 15.7612 134.963 228.279
    endloop
  endfacet
  facet normal 0.313136 0.00581153 0.94969
    outer loop
      vertex 16.3803 138.483 228.053
      vertex 15.6386 138.435 228.298
      vertex 15.7612 134.963 228.279
    endloop
  endfacet
  facet normal 0.620578 -0.0419292 0.783023
    outer loop
      vertex 19.701 130.709 226.474
      vertex 19.4684 126.364 226.426
      vertex 20.1893 130.741 226.089
    endloop
  endfacet
  facet normal 0.716964 -0.0464765 0.695559
    outer loop
      vertex 20.1893 130.741 226.089
      vertex 19.9472 126.395 226.048
      vertex 20.3231 126.419 225.662
    endloop
  endfacet
  facet normal 0.925652 -0.153185 -0.34598
    outer loop
      vertex 19.6587 118.311 224.064
      vertex 19.5157 118.302 223.686
      vertex 20.1684 122.272 223.674
    endloop
  endfacet
  facet normal 0.925649 -0.153186 -0.345989
    outer loop
      vertex 20.3166 122.281 224.066
      vertex 19.6587 118.311 224.064
      vertex 20.1684 122.272 223.674
    endloop
  endfacet
  facet normal 0.620681 -0.0753008 0.780439
    outer loop
      vertex 19.9472 126.395 226.048
      vertex 19.4684 126.364 226.426
      vertex 19.5111 122.229 225.993
    endloop
  endfacet
  facet normal 0.620685 -0.0753004 0.780435
    outer loop
      vertex 19.4684 126.364 226.426
      vertex 19.0452 122.199 226.36
      vertex 19.5111 122.229 225.993
    endloop
  endfacet
  facet normal 0.538035 -0.100537 0.836905
    outer loop
      vertex 18.4811 122.163 226.719
      vertex 18.4316 118.232 226.278
      vertex 19.0452 122.199 226.36
    endloop
  endfacet
  facet normal 0.53804 -0.100537 0.836902
    outer loop
      vertex 18.4811 122.163 226.719
      vertex 17.8871 118.197 226.624
      vertex 18.4316 118.232 226.278
    endloop
  endfacet
  facet normal 0.468556 -0.0911259 0.878722
    outer loop
      vertex 17.821 122.12 227.066
      vertex 17.2499 118.156 226.96
      vertex 17.8871 118.197 226.624
    endloop
  endfacet
  facet normal 0.409775 -0.0834552 0.908361
    outer loop
      vertex 17.821 122.12 227.066
      vertex 17.0674 122.072 227.402
      vertex 17.2499 118.156 226.96
    endloop
  endfacet
  facet normal 0.4102 -0.145894 0.900251
    outer loop
      vertex 15.8033 114.361 227.141
      vertex 14.9135 110.841 226.976
      vertex 15.5729 110.883 226.683
    endloop
  endfacet
  facet normal 0.359797 -0.0772223 0.92983
    outer loop
      vertex 17.0674 122.072 227.402
      vertex 15.7079 118.057 227.594
      vertex 16.5225 118.109 227.283
    endloop
  endfacet
  facet normal 0.360436 -0.104271 0.926938
    outer loop
      vertex 15.7079 118.057 227.594
      vertex 15.0239 114.31 227.439
      vertex 15.8033 114.361 227.141
    endloop
  endfacet
  facet normal 0.360833 -0.134477 0.922884
    outer loop
      vertex 15.0239 114.31 227.439
      vertex 14.1751 110.793 227.258
      vertex 15.8033 114.361 227.141
    endloop
  endfacet
  facet normal 0.615131 -0.196751 0.763481
    outer loop
      vertex 17.6298 114.478 226.18
      vertex 16.6441 110.952 226.065
      vertex 18.06 114.506 225.84
    endloop
  endfacet
  facet normal 0.537383 -0.13662 0.832198
    outer loop
      vertex 17.8871 118.197 226.624
      vertex 17.1088 114.445 226.511
      vertex 17.6298 114.478 226.18
    endloop
  endfacet
  facet normal 0.532996 -0.221095 0.816721
    outer loop
      vertex 16.1505 110.92 226.379
      vertex 15.0181 107.638 226.229
      vertex 16.6441 110.952 226.065
    endloop
  endfacet
  facet normal 0.610152 -0.245915 0.753154
    outer loop
      vertex 17.0517 110.978 225.743
      vertex 15.4807 107.668 225.935
      vertex 15.8627 107.692 225.634
    endloop
  endfacet
  facet normal 0.817322 -0.472985 0.329045
    outer loop
      vertex 14.979 104.692 224.937
      vertex 13.4114 101.926 224.855
      vertex 15.1017 104.7 224.644
    endloop
  endfacet
  facet normal 0.849112 -0.400595 0.344286
    outer loop
      vertex 16.3794 107.726 225.013
      vertex 14.979 104.692 224.937
      vertex 15.1017 104.7 224.644
    endloop
  endfacet
  facet normal 0.860767 -0.493569 0.124375
    outer loop
      vertex 15.1017 104.7 224.644
      vertex 13.5233 101.933 224.587
      vertex 13.5638 101.936 224.317
    endloop
  endfacet
  facet normal 0.860768 -0.493569 0.12437
    outer loop
      vertex 15.1017 104.7 224.644
      vertex 13.5638 101.936 224.317
      vertex 15.1461 104.703 224.348
    endloop
  endfacet
  facet normal 0.318762 -0.192637 0.928053
    outer loop
      vertex 12.4034 107.47 227.305
      vertex 12.0061 104.501 226.826
      vertex 13.1669 107.519 227.053
    endloop
  endfacet
  facet normal 0.281184 -0.117297 0.952458
    outer loop
      vertex 14.164 114.255 227.723
      vertex 12.4727 110.684 227.782
      vertex 13.3604 110.741 227.527
    endloop
  endfacet
  facet normal 0.282296 -0.180436 0.942206
    outer loop
      vertex 11.5716 107.416 227.544
      vertex 10.5297 104.406 227.28
      vertex 12.4034 107.47 227.305
    endloop
  endfacet
  facet normal 0.282293 -0.180435 0.942207
    outer loop
      vertex 12.4034 107.47 227.305
      vertex 10.5297 104.406 227.28
      vertex 11.2995 104.456 227.059
    endloop
  endfacet
  facet normal 0.922626 -0.0133964 0.385463
    outer loop
      vertex 20.9083 135.294 225.311
      vertex 20.8498 130.783 225.295
      vertex 21.0193 130.794 224.889
    endloop
  endfacet
  facet normal 0.821622 0.022582 0.569585
    outer loop
      vertex 20.527 138.75 225.724
      vertex 20.9083 135.294 225.311
      vertex 20.5983 138.754 225.621
    endloop
  endfacet
  facet normal 0.821595 0.0225742 0.569625
    outer loop
      vertex 20.9083 135.294 225.311
      vertex 20.527 138.75 225.724
      vertex 20.6278 135.276 225.717
    endloop
  endfacet
  facet normal 0.61876 0.0161167 0.785415
    outer loop
      vertex 20.0113 138.716 226.224
      vertex 19.6402 138.692 226.517
      vertex 19.7449 135.219 226.505
    endloop
  endfacet
  facet normal 0.891248 -0.268533 0.365469
    outer loop
      vertex 18.7913 114.553 224.784
      vertex 17.603 111.014 225.081
      vertex 17.7445 111.023 224.742
    endloop
  endfacet
  facet normal 0.948902 -0.282995 0.139636
    outer loop
      vertex 18.7913 114.553 224.784
      vertex 17.7445 111.023 224.742
      vertex 17.7957 111.026 224.401
    endloop
  endfacet
  facet normal 0.820597 -0.0939365 0.563734
    outer loop
      vertex 20.3231 126.419 225.662
      vertex 19.8769 122.253 225.617
      vertex 20.1412 122.27 225.235
    endloop
  endfacet
  facet normal 0.81707 -0.140201 0.559232
    outer loop
      vertex 19.8769 122.253 225.617
      vertex 19.2344 118.284 225.561
      vertex 20.1412 122.27 225.235
    endloop
  endfacet
  facet normal 0.91865 -0.103113 0.381379
    outer loop
      vertex 20.5947 126.436 225.269
      vertex 20.1412 122.27 225.235
      vertex 20.7609 126.447 224.872
    endloop
  endfacet
  facet normal 0.822259 -0.051542 0.566774
    outer loop
      vertex 20.8498 130.783 225.295
      vertex 20.3231 126.419 225.662
      vertex 20.5947 126.436 225.269
    endloop
  endfacet
  facet normal 0.0747027 -0.447703 0.891056
    outer loop
      vertex -1.66978 93.2646 226.308
      vertex -2.1686 92.0903 225.759
      vertex -1.07537 93.3028 226.277
    endloop
  endfacet
  facet normal 0.060338 -0.443166 0.894407
    outer loop
      vertex -1.66978 93.2646 226.308
      vertex -2.2737 93.2257 226.329
      vertex -2.1686 92.0903 225.759
    endloop
  endfacet
  facet normal 0.0527579 -0.770105 0.635732
    outer loop
      vertex -3.76935 90.6754 224.614
      vertex -3.63674 90.9533 224.939
      vertex -3.70768 90.943 224.933
    endloop
  endfacet
  facet normal 0.052738 -0.770102 0.635738
    outer loop
      vertex -3.62145 90.9545 224.94
      vertex -3.76935 90.6754 224.614
      vertex -3.3381 91.1938 225.206
    endloop
  endfacet
  facet normal 0.0527559 -0.770105 0.635732
    outer loop
      vertex -3.63674 90.9533 224.939
      vertex -3.76935 90.6754 224.614
      vertex -3.62145 90.9545 224.94
    endloop
  endfacet
  facet normal 0.0633252 -0.96406 0.258027
    outer loop
      vertex -3.76935 90.6754 224.614
      vertex -3.90993 90.5019 224
      vertex -3.60815 90.6858 224.613
    endloop
  endfacet
  facet normal 0.352197 -0.366726 0.861086
    outer loop
      vertex 9.25909 99.2819 226.308
      vertex 7.69066 97.1015 226.021
      vertex 8.14862 97.1309 225.846
    endloop
  endfacet
  facet normal 0.314309 -0.342664 0.88532
    outer loop
      vertex 9.25909 99.2819 226.308
      vertex 7.18544 97.0689 226.187
      vertex 7.69066 97.1015 226.021
    endloop
  endfacet
  facet normal 0.408365 -0.224795 0.884707
    outer loop
      vertex 13.8589 107.564 226.789
      vertex 12.6465 104.542 226.581
      vertex 14.4768 107.603 226.514
    endloop
  endfacet
  facet normal 0.409677 -0.18286 0.893715
    outer loop
      vertex 14.9135 110.841 226.976
      vertex 13.8589 107.564 226.789
      vertex 14.4768 107.603 226.514
    endloop
  endfacet
  facet normal 0.31702 -0.283559 0.905038
    outer loop
      vertex 10.0563 101.71 226.789
      vertex 9.25909 99.2819 226.308
      vertex 10.7006 101.752 226.577
    endloop
  endfacet
  facet normal 0.356657 -0.304323 0.88328
    outer loop
      vertex 10.7006 101.752 226.577
      vertex 9.25909 99.2819 226.308
      vertex 11.2845 101.789 226.354
    endloop
  endfacet
  facet normal 0.248341 -0.371114 0.894763
    outer loop
      vertex 6.04137 96.9953 226.494
      vertex 4.60317 95.1291 226.12
      vertex 5.10755 95.1616 225.993
    endloop
  endfacet
  facet normal 0.244045 -0.456028 0.855851
    outer loop
      vertex 4.60317 95.1291 226.12
      vertex 3.47914 93.5959 225.623
      vertex 5.10755 95.1616 225.993
    endloop
  endfacet
  facet normal 0.192368 -0.525206 0.828947
    outer loop
      vertex 2.16394 93.5113 225.911
      vertex 0.754416 92.2784 225.457
      vertex 1.10929 92.3012 225.389
    endloop
  endfacet
  facet normal 0.196551 -0.418639 0.886628
    outer loop
      vertex 4.06417 95.0944 226.238
      vertex 2.16394 93.5113 225.911
      vertex 2.62939 93.5413 225.822
    endloop
  endfacet
  facet normal 0.620389 -0.675047 0.399287
    outer loop
      vertex 9.6731 97.229 224.877
      vertex 7.81098 95.3355 224.57
      vertex 9.81651 97.2383 224.67
    endloop
  endfacet
  facet normal 0.658468 -0.707616 0.256319
    outer loop
      vertex 9.81651 97.2383 224.67
      vertex 7.81098 95.3355 224.57
      vertex 9.90427 97.2439 224.46
    endloop
  endfacet
  facet normal 0.615273 -0.549802 0.564939
    outer loop
      vertex 11.2965 99.413 225.235
      vertex 9.47461 97.2163 225.081
      vertex 9.6731 97.229 224.877
    endloop
  endfacet
  facet normal 0.554184 -0.505859 0.66105
    outer loop
      vertex 11.0078 99.3944 225.463
      vertex 9.47461 97.2163 225.081
      vertex 11.2965 99.413 225.235
    endloop
  endfacet
  facet normal 0.248585 -0.959941 0.129305
    outer loop
      vertex 1.03345 91.4772 224.313
      vertex -1.39174 90.8284 224.159
      vertex 1.08467 91.4805 224.239
    endloop
  endfacet
  facet normal 0.243756 -0.953416 0.17771
    outer loop
      vertex 0.962553 91.4727 224.386
      vertex -1.39174 90.8284 224.159
      vertex 1.03345 91.4772 224.313
    endloop
  endfacet
  facet normal 0.126662 -0.991597 0.026298
    outer loop
      vertex -1.36576 90.8301 224.121
      vertex -3.90993 90.5019 224
      vertex -1.34986 90.8311 224.083
    endloop
  endfacet
  facet normal 0.127241 -0.991827 0.00942302
    outer loop
      vertex -1.34986 90.8311 224.083
      vertex -3.90993 90.5019 224
      vertex -1.3441 90.8315 224.045
    endloop
  endfacet
  facet normal 0.222676 -0.28957 0.930895
    outer loop
      vertex 6.65096 99.114 227.008
      vertex 5.40704 96.9545 226.633
      vertex 6.04137 96.9953 226.494
    endloop
  endfacet
  facet normal 0.197703 -0.276826 0.940362
    outer loop
      vertex 6.65096 99.114 227.008
      vertex 4.73445 96.9112 226.762
      vertex 5.40704 96.9545 226.633
    endloop
  endfacet
  facet normal 0.0921868 -0.783815 0.614113
    outer loop
      vertex -2.40242 91.2561 225.175
      vertex -3.13447 90.7162 224.596
      vertex -2.10175 91.2755 225.155
    endloop
  endfacet
  facet normal 0.074999 -0.965435 0.24962
    outer loop
      vertex -3.29009 90.7062 224.604
      vertex -3.90993 90.5019 224
      vertex -3.13447 90.7162 224.596
    endloop
  endfacet
  facet normal 0.143925 -0.825364 0.545949
    outer loop
      vertex -0.983458 91.3474 225.029
      vertex -2.28645 90.7708 224.5
      vertex -0.730513 91.3637 224.987
    endloop
  endfacet
  facet normal 0.122984 -0.805752 0.579344
    outer loop
      vertex -1.52345 91.3127 225.1
      vertex -2.68864 90.7449 224.558
      vertex -2.54899 90.7539 224.541
    endloop
  endfacet
  facet normal 0.240061 -0.934575 -0.262563
    outer loop
      vertex -1.4669 90.8236 223.854
      vertex -1.5211 90.8201 223.817
      vertex 0.885252 91.4677 223.712
    endloop
  endfacet
  facet normal 0.124771 -0.988159 -0.0893005
    outer loop
      vertex -1.4669 90.8236 223.854
      vertex -3.90993 90.5019 224
      vertex -1.5211 90.8201 223.817
    endloop
  endfacet
  facet normal 0.107388 -0.974601 -0.196519
    outer loop
      vertex -3.63068 90.5459 223.934
      vertex -3.90993 90.5019 224
      vertex -3.66536 90.5421 223.934
    endloop
  endfacet
  facet normal 0.107551 -0.974708 -0.1959
    outer loop
      vertex -3.54309 90.5623 223.901
      vertex -2.14905 90.7797 223.585
      vertex -3.58118 90.5537 223.922
    endloop
  endfacet
  facet normal 0.107435 -0.974629 -0.196359
    outer loop
      vertex -2.14905 90.7797 223.585
      vertex -3.54309 90.5623 223.901
      vertex -2.27002 90.7719 223.557
    endloop
  endfacet
  facet normal 0.112998 -0.978294 -0.1737
    outer loop
      vertex -1.92855 90.7939 223.645
      vertex -3.90993 90.5019 224
      vertex -2.03508 90.787 223.614
    endloop
  endfacet
  facet normal 0.107272 -0.584854 -0.804014
    outer loop
      vertex -2.36244 91.2587 222.88
      vertex -2.43255 91.4445 222.735
      vertex -2.16051 91.9228 222.423
    endloop
  endfacet
  facet normal 0.107078 -0.584914 -0.803996
    outer loop
      vertex -2.36244 91.2587 222.88
      vertex -2.44964 91.4202 222.751
      vertex -2.43255 91.4445 222.735
    endloop
  endfacet
  facet normal 0.107255 -0.584841 -0.804025
    outer loop
      vertex -2.44964 91.4202 222.751
      vertex -2.36244 91.2587 222.88
      vertex -2.56406 91.2457 222.862
    endloop
  endfacet
  facet normal 0.091164 -0.966954 -0.238094
    outer loop
      vertex -3.77598 90.5306 223.935
      vertex -3.90993 90.5019 224
      vertex -3.79862 90.5284 223.935
    endloop
  endfacet
  facet normal 0.0909747 -0.966885 -0.238448
    outer loop
      vertex -3.11647 90.6906 223.537
      vertex -2.81386 90.7369 223.465
      vertex -3.21056 90.6518 223.659
    endloop
  endfacet
  facet normal 0.0909736 -0.966884 -0.238452
    outer loop
      vertex -2.81386 90.7369 223.465
      vertex -3.11647 90.6906 223.537
      vertex -2.96214 90.7273 223.447
    endloop
  endfacet
  facet normal 0.0839898 -0.964947 -0.248642
    outer loop
      vertex -3.8198 90.5263 223.936
      vertex -3.90993 90.5019 224
      vertex -3.83974 90.5244 223.936
    endloop
  endfacet
  facet normal 0.186925 -0.388573 -0.902258
    outer loop
      vertex 1.73977 93.484 222.209
      vertex 1.22987 93.4512 222.118
      vertex 2.97182 95.0241 221.801
    endloop
  endfacet
  facet normal 0.206492 -0.401573 -0.892244
    outer loop
      vertex 2.22671 93.5153 222.308
      vertex 1.73977 93.484 222.209
      vertex 2.97182 95.0241 221.801
    endloop
  endfacet
  facet normal 0.120292 -0.451677 -0.884035
    outer loop
      vertex -1.21347 92.1517 222.391
      vertex -1.65632 92.1232 222.345
      vertex -0.997892 93.3078 221.829
    endloop
  endfacet
  facet normal 0.120337 -0.591396 -0.797352
    outer loop
      vertex -1.21347 92.1517 222.391
      vertex -2.36244 91.2587 222.88
      vertex -1.65632 92.1232 222.345
    endloop
  endfacet
  facet normal 0.215683 -0.0267925 0.976096
    outer loop
      vertex 12.3322 130.235 229.087
      vertex 12.2437 125.899 228.987
      vertex 13.445 125.976 228.724
    endloop
  endfacet
  facet normal 0.190336 -0.0421887 0.980812
    outer loop
      vertex 12.2437 125.899 228.987
      vertex 10.9699 125.817 229.231
      vertex 12.0149 121.747 228.853
    endloop
  endfacet
  facet normal 0.245782 -0.0450784 0.968276
    outer loop
      vertex 13.445 125.976 228.724
      vertex 13.184 121.822 228.597
      vertex 14.2779 121.892 228.323
    endloop
  endfacet
  facet normal 0.245779 -0.0450791 0.968277
    outer loop
      vertex 14.5692 126.048 228.442
      vertex 13.445 125.976 228.724
      vertex 14.2779 121.892 228.323
    endloop
  endfacet
  facet normal 0.314102 -0.0109184 0.949326
    outer loop
      vertex 16.7434 130.519 227.903
      vertex 15.7612 134.963 228.279
      vertex 15.7674 130.456 228.225
    endloop
  endfacet
  facet normal 0.276757 -0.0111082 0.960876
    outer loop
      vertex 15.7612 134.963 228.279
      vertex 14.7041 130.388 228.531
      vertex 15.7674 130.456 228.225
    endloop
  endfacet
  facet normal 0.822474 -0.0127666 0.568659
    outer loop
      vertex 20.9083 135.294 225.311
      vertex 20.6278 135.276 225.717
      vertex 20.8498 130.783 225.295
    endloop
  endfacet
  facet normal 0.716605 -0.0120901 0.697374
    outer loop
      vertex 20.2395 135.251 226.115
      vertex 20.1893 130.741 226.089
      vertex 20.6278 135.276 225.717
    endloop
  endfacet
  facet normal 0.410176 -0.112982 0.904981
    outer loop
      vertex 17.2499 118.156 226.96
      vertex 15.8033 114.361 227.141
      vertex 16.4992 114.405 226.832
    endloop
  endfacet
  facet normal 0.468552 -0.123635 0.874742
    outer loop
      vertex 17.2499 118.156 226.96
      vertex 16.4992 114.405 226.832
      vertex 17.8871 118.197 226.624
    endloop
  endfacet
  facet normal 0.615128 -0.19675 0.763484
    outer loop
      vertex 18.06 114.506 225.84
      vertex 16.6441 110.952 226.065
      vertex 17.0517 110.978 225.743
    endloop
  endfacet
  facet normal 0.610145 -0.245911 0.753161
    outer loop
      vertex 16.6441 110.952 226.065
      vertex 15.4807 107.668 225.935
      vertex 17.0517 110.978 225.743
    endloop
  endfacet
  facet normal 0.535812 -0.176597 0.825663
    outer loop
      vertex 17.1088 114.445 226.511
      vertex 16.1505 110.92 226.379
      vertex 16.6441 110.952 226.065
    endloop
  endfacet
  facet normal 0.46794 -0.15977 0.869198
    outer loop
      vertex 17.1088 114.445 226.511
      vertex 15.5729 110.883 226.683
      vertex 16.1505 110.92 226.379
    endloop
  endfacet
  facet normal 0.602678 -0.300532 0.739229
    outer loop
      vertex 15.4807 107.668 225.935
      vertex 14.1473 104.639 225.791
      vertex 14.5008 104.662 225.512
    endloop
  endfacet
  facet normal 0.602679 -0.300532 0.739229
    outer loop
      vertex 15.4807 107.668 225.935
      vertex 14.5008 104.662 225.512
      vertex 15.8627 107.692 225.634
    endloop
  endfacet
  facet normal 0.685512 -0.33404 0.646908
    outer loop
      vertex 16.1627 107.712 225.326
      vertex 14.5008 104.662 225.512
      vertex 14.7784 104.68 225.227
    endloop
  endfacet
  facet normal 0.669021 -0.399516 0.626736
    outer loop
      vertex 14.5008 104.662 225.512
      vertex 13.2285 101.914 225.119
      vertex 14.7784 104.68 225.227
    endloop
  endfacet
  facet normal 0.921658 -0.0563087 0.383896
    outer loop
      vertex 20.8498 130.783 225.295
      vertex 20.5947 126.436 225.269
      vertex 20.7609 126.447 224.872
    endloop
  endfacet
  facet normal 0.921655 -0.0563093 0.383902
    outer loop
      vertex 20.8498 130.783 225.295
      vertex 20.7609 126.447 224.872
      vertex 21.0193 130.794 224.889
    endloop
  endfacet
  facet normal 0.619875 -0.0115296 0.784616
    outer loop
      vertex 20.2395 135.251 226.115
      vertex 19.7449 135.219 226.505
      vertex 20.1893 130.741 226.089
    endloop
  endfacet
  facet normal 0.715534 0.0192124 0.698314
    outer loop
      vertex 20.527 138.75 225.724
      vertex 20.2356 138.731 226.023
      vertex 20.6278 135.276 225.717
    endloop
  endfacet
  facet normal 0.964852 -0.220724 0.142626
    outer loop
      vertex 19.7021 118.314 224.442
      vertex 18.7913 114.553 224.784
      vertex 18.8453 114.556 224.423
    endloop
  endfacet
  facet normal 0.948903 -0.282995 0.139634
    outer loop
      vertex 18.7913 114.553 224.784
      vertex 17.7957 111.026 224.401
      vertex 18.8453 114.556 224.423
    endloop
  endfacet
  facet normal 0.904181 -0.209096 0.372472
    outer loop
      vertex 19.4895 118.3 225.192
      vertex 18.7913 114.553 224.784
      vertex 19.6456 118.31 224.819
    endloop
  endfacet
  facet normal 0.964852 -0.220724 0.142627
    outer loop
      vertex 19.6456 118.31 224.819
      vertex 18.7913 114.553 224.784
      vertex 19.7021 118.314 224.442
    endloop
  endfacet
  facet normal 0.90418 -0.209096 0.372474
    outer loop
      vertex 19.4895 118.3 225.192
      vertex 18.6419 114.543 225.141
      vertex 18.7913 114.553 224.784
    endloop
  endfacet
  facet normal 0.811147 -0.190584 0.552918
    outer loop
      vertex 19.4895 118.3 225.192
      vertex 18.3978 114.528 225.493
      vertex 18.6419 114.543 225.141
    endloop
  endfacet
  facet normal 0.0662867 -0.581645 0.810737
    outer loop
      vertex -2.62905 92.0606 225.776
      vertex -3.02092 91.2163 225.202
      vertex -2.1686 92.0903 225.759
    endloop
  endfacet
  facet normal 0.0603526 -0.443164 0.894406
    outer loop
      vertex -2.2737 93.2257 226.329
      vertex -2.62905 92.0606 225.776
      vertex -2.1686 92.0903 225.759
    endloop
  endfacet
  facet normal 0.359145 -0.251946 0.898631
    outer loop
      vertex 12.0061 104.501 226.826
      vertex 10.7006 101.752 226.577
      vertex 11.2845 101.789 226.354
    endloop
  endfacet
  facet normal 0.318325 -0.234369 0.918553
    outer loop
      vertex 11.2995 104.456 227.059
      vertex 10.7006 101.752 226.577
      vertex 12.0061 104.501 226.826
    endloop
  endfacet
  facet normal 0.192376 -0.525211 0.828942
    outer loop
      vertex 2.16394 93.5113 225.911
      vertex 1.10929 92.3012 225.389
      vertex 2.62939 93.5413 225.822
    endloop
  endfacet
  facet normal 0.212895 -0.544259 0.811454
    outer loop
      vertex 2.62939 93.5413 225.822
      vertex 1.10929 92.3012 225.389
      vertex 3.06836 93.5695 225.726
    endloop
  endfacet
  facet normal 0.0722426 -0.774671 0.628224
    outer loop
      vertex -3.02092 91.2163 225.202
      vertex -3.44819 90.6961 224.61
      vertex -3.29009 90.7062 224.604
    endloop
  endfacet
  facet normal 0.0711289 -0.964753 0.25336
    outer loop
      vertex -3.44819 90.6961 224.61
      vertex -3.90993 90.5019 224
      vertex -3.29009 90.7062 224.604
    endloop
  endfacet
  facet normal 0.0921458 -0.783785 0.614158
    outer loop
      vertex -2.10175 91.2755 225.155
      vertex -3.13447 90.7162 224.596
      vertex -2.98196 90.7261 224.586
    endloop
  endfacet
  facet normal 0.0788089 -0.966319 0.244982
    outer loop
      vertex -3.13447 90.7162 224.596
      vertex -3.90993 90.5019 224
      vertex -2.98196 90.7261 224.586
    endloop
  endfacet
  facet normal 0.0792439 -0.586659 0.805948
    outer loop
      vertex -2.1686 92.0903 225.759
      vertex -2.70922 91.2364 225.191
      vertex -2.40242 91.2561 225.175
    endloop
  endfacet
  facet normal 0.0662819 -0.581642 0.81074
    outer loop
      vertex -2.1686 92.0903 225.759
      vertex -3.02092 91.2163 225.202
      vertex -2.70922 91.2364 225.191
    endloop
  endfacet
  facet normal 0.143886 -0.825331 0.546009
    outer loop
      vertex -0.983458 91.3474 225.029
      vertex -2.41475 90.7626 224.522
      vertex -2.28645 90.7708 224.5
    endloop
  endfacet
  facet normal 0.133383 -0.81506 0.563814
    outer loop
      vertex -1.24812 91.3304 225.067
      vertex -2.54899 90.7539 224.541
      vertex -0.983458 91.3474 225.029
    endloop
  endfacet
  facet normal 0.164898 -0.848235 0.503295
    outer loop
      vertex -0.263713 91.3938 224.891
      vertex -2.1646 90.7787 224.477
      vertex -2.04968 90.7861 224.452
    endloop
  endfacet
  facet normal 0.103821 -0.976871 0.186932
    outer loop
      vertex -2.1646 90.7787 224.477
      vertex -3.90993 90.5019 224
      vertex -2.04968 90.7861 224.452
    endloop
  endfacet
  facet normal 0.245495 -0.944574 -0.217974
    outer loop
      vertex 0.973009 91.4733 223.786
      vertex -1.42239 90.8264 223.891
      vertex 0.885252 91.4677 223.712
    endloop
  endfacet
  facet normal 0.249832 -0.953018 -0.171292
    outer loop
      vertex -1.38774 90.8287 223.93
      vertex -1.42239 90.8264 223.891
      vertex 0.973009 91.4733 223.786
    endloop
  endfacet
  facet normal 0.121773 -0.985301 -0.119809
    outer loop
      vertex -1.58476 90.816 223.78
      vertex -3.90993 90.5019 224
      vertex -1.65765 90.8113 223.745
    endloop
  endfacet
  facet normal 0.226446 -0.911199 -0.344148
    outer loop
      vertex -1.58476 90.816 223.78
      vertex -1.65765 90.8113 223.745
      vertex 0.652889 91.4527 223.567
    endloop
  endfacet
  facet normal 0.233679 -0.923361 -0.304629
    outer loop
      vertex 0.778404 91.4608 223.638
      vertex -1.58476 90.816 223.78
      vertex 0.652889 91.4527 223.567
    endloop
  endfacet
  facet normal 0.32157 -0.82219 -0.469676
    outer loop
      vertex 0.778404 91.4608 223.638
      vertex 0.652889 91.4527 223.567
      vertex 2.98344 92.4218 223.466
    endloop
  endfacet
  facet normal 0.19186 -0.859528 -0.47371
    outer loop
      vertex -1.92855 90.7939 223.645
      vertex -2.03508 90.787 223.614
      vertex -0.234931 91.3956 223.239
    endloop
  endfacet
  facet normal 0.255004 -0.724747 -0.64009
    outer loop
      vertex 0.169635 91.4216 223.362
      vertex -0.0248985 91.4091 223.299
      vertex 1.79677 92.3455 222.965
    endloop
  endfacet
  facet normal 0.162876 -0.824137 -0.542467
    outer loop
      vertex -0.698117 91.3658 223.127
      vertex -2.27002 90.7719 223.557
      vertex -0.949443 91.3496 223.076
    endloop
  endfacet
  facet normal 0.110369 -0.976493 -0.185149
    outer loop
      vertex -3.63068 90.5459 223.934
      vertex -3.60363 90.5488 223.935
      vertex -3.90993 90.5019 224
    endloop
  endfacet
  facet normal 0.110336 -0.976771 -0.183698
    outer loop
      vertex -3.60363 90.5488 223.935
      vertex -3.63068 90.5459 223.934
      vertex -3.62074 90.547 223.934
    endloop
  endfacet
  facet normal 0.11023 -0.976397 -0.185737
    outer loop
      vertex -3.60363 90.5488 223.935
      vertex -2.03508 90.787 223.614
      vertex -3.90993 90.5019 224
    endloop
  endfacet
  facet normal 0.110345 -0.976479 -0.185236
    outer loop
      vertex -3.58118 90.5537 223.922
      vertex -2.03508 90.787 223.614
      vertex -3.60363 90.5488 223.935
    endloop
  endfacet
  facet normal 0.110335 -0.976472 -0.18528
    outer loop
      vertex -2.03508 90.787 223.614
      vertex -3.58118 90.5537 223.922
      vertex -2.14905 90.7797 223.585
    endloop
  endfacet
  facet normal 0.068906 -0.963488 -0.258734
    outer loop
      vertex -3.89356 90.5196 223.938
      vertex -3.90993 90.5019 224
      vertex -3.90992 90.5182 223.939
    endloop
  endfacet
  facet normal 0.0759787 -0.963717 -0.255886
    outer loop
      vertex -3.85858 90.5227 223.937
      vertex -3.90993 90.5019 224
      vertex -3.87648 90.5211 223.938
    endloop
  endfacet
  facet normal 0.152987 -0.813814 -0.560627
    outer loop
      vertex -2.3975 90.7637 223.531
      vertex -2.53098 90.7551 223.507
      vertex -0.949443 91.3496 223.076
    endloop
  endfacet
  facet normal 0.101344 -0.971238 -0.215469
    outer loop
      vertex -3.69674 90.5388 223.934
      vertex -3.90993 90.5019 224
      vertex -3.72536 90.5358 223.934
    endloop
  endfacet
  facet normal 0.101254 -0.971193 -0.215714
    outer loop
      vertex -3.38349 90.5985 223.812
      vertex -2.3975 90.7637 223.531
      vertex -3.48472 90.5755 223.868
    endloop
  endfacet
  facet normal 0.101229 -0.971177 -0.215795
    outer loop
      vertex -2.3975 90.7637 223.531
      vertex -3.38349 90.5985 223.812
      vertex -2.53098 90.7551 223.507
    endloop
  endfacet
  facet normal 0.10389 -0.777353 -0.620427
    outer loop
      vertex -2.36244 91.2587 222.88
      vertex -2.74708 91.0115 223.125
      vertex -2.73217 91.0259 223.109
    endloop
  endfacet
  facet normal 0.103796 -0.777295 -0.620515
    outer loop
      vertex -2.74708 91.0115 223.125
      vertex -2.36244 91.2587 222.88
      vertex -2.84171 90.9137 223.232
    endloop
  endfacet
  facet normal 0.103756 -0.777268 -0.620555
    outer loop
      vertex -2.36244 91.2587 222.88
      vertex -2.73217 91.0259 223.109
      vertex -2.56406 91.2457 222.862
    endloop
  endfacet
  facet normal 0.113532 -0.782431 -0.612301
    outer loop
      vertex -2.84171 90.9137 223.232
      vertex -2.06265 91.278 222.911
      vertex -2.94396 90.8083 223.347
    endloop
  endfacet
  facet normal 0.113542 -0.78244 -0.612287
    outer loop
      vertex -2.06265 91.278 222.911
      vertex -2.84171 90.9137 223.232
      vertex -2.36244 91.2587 222.88
    endloop
  endfacet
  facet normal 0.716605 -0.0120901 0.697375
    outer loop
      vertex 20.6278 135.276 225.717
      vertex 20.1893 130.741 226.089
      vertex 20.5727 130.765 225.695
    endloop
  endfacet
  facet normal 0.716959 -0.0464772 0.695564
    outer loop
      vertex 20.5727 130.765 225.695
      vertex 20.1893 130.741 226.089
      vertex 20.3231 126.419 225.662
    endloop
  endfacet
  facet normal 0.715573 0.0192203 0.698274
    outer loop
      vertex 20.137 138.724 226.125
      vertex 20.6278 135.276 225.717
      vertex 20.2356 138.731 226.023
    endloop
  endfacet
  facet normal 0.715544 0.0192127 0.698303
    outer loop
      vertex 20.6278 135.276 225.717
      vertex 20.137 138.724 226.125
      vertex 20.2395 135.251 226.115
    endloop
  endfacet
  facet normal 0.618711 0.0161171 0.785453
    outer loop
      vertex 20.0113 138.716 226.224
      vertex 20.2395 135.251 226.115
      vertex 20.137 138.724 226.125
    endloop
  endfacet
  facet normal 0.618739 0.0161196 0.785431
    outer loop
      vertex 20.2395 135.251 226.115
      vertex 20.0113 138.716 226.224
      vertex 19.7449 135.219 226.505
    endloop
  endfacet
  facet normal 0.0671984 -0.964288 0.256188
    outer loop
      vertex -3.60815 90.6858 224.613
      vertex -3.90993 90.5019 224
      vertex -3.44819 90.6961 224.61
    endloop
  endfacet
  facet normal 0.0623936 -0.771796 0.632802
    outer loop
      vertex -3.02092 91.2163 225.202
      vertex -3.60815 90.6858 224.613
      vertex -3.44819 90.6961 224.61
    endloop
  endfacet
  facet normal 0.0821478 -0.778679 0.622022
    outer loop
      vertex -2.70922 91.2364 225.191
      vertex -3.29009 90.7062 224.604
      vertex -3.13447 90.7162 224.596
    endloop
  endfacet
  facet normal 0.0722077 -0.774666 0.628235
    outer loop
      vertex -3.02092 91.2163 225.202
      vertex -3.29009 90.7062 224.604
      vertex -2.70922 91.2364 225.191
    endloop
  endfacet
  facet normal 0.112601 -0.797376 0.592885
    outer loop
      vertex -1.52345 91.3127 225.1
      vertex -2.83316 90.7356 224.573
      vertex -2.68864 90.7449 224.558
    endloop
  endfacet
  facet normal 0.0864018 -0.968683 0.232782
    outer loop
      vertex -2.83316 90.7356 224.573
      vertex -3.90993 90.5019 224
      vertex -2.68864 90.7449 224.558
    endloop
  endfacet
  facet normal 0.133381 -0.815057 0.563818
    outer loop
      vertex -0.983458 91.3474 225.029
      vertex -2.54899 90.7539 224.541
      vertex -2.41475 90.7626 224.522
    endloop
  endfacet
  facet normal 0.0936728 -0.971656 0.217051
    outer loop
      vertex -2.54899 90.7539 224.541
      vertex -3.90993 90.5019 224
      vertex -2.41475 90.7626 224.522
    endloop
  endfacet
  facet normal 0.106964 -0.978713 0.175154
    outer loop
      vertex -2.04968 90.7861 224.452
      vertex -3.90993 90.5019 224
      vertex -1.94214 90.793 224.425
    endloop
  endfacet
  facet normal 0.175312 -0.860635 0.478093
    outer loop
      vertex -0.263713 91.3938 224.891
      vertex -2.04968 90.7861 224.452
      vertex -1.94214 90.793 224.425
    endloop
  endfacet
  facet normal 0.245486 -0.944559 -0.218047
    outer loop
      vertex -1.42239 90.8264 223.891
      vertex -1.4669 90.8236 223.854
      vertex 0.885252 91.4677 223.712
    endloop
  endfacet
  facet normal 0.12587 -0.98932 -0.0734968
    outer loop
      vertex -1.42239 90.8264 223.891
      vertex -3.90993 90.5019 224
      vertex -1.4669 90.8236 223.854
    endloop
  endfacet
  facet normal 0.11995 -0.983702 -0.133949
    outer loop
      vertex -1.65765 90.8113 223.745
      vertex -3.90993 90.5019 224
      vertex -1.73946 90.806 223.71
    endloop
  endfacet
  facet normal 0.218588 -0.89856 -0.380538
    outer loop
      vertex -1.65765 90.8113 223.745
      vertex -1.73946 90.806 223.71
      vertex 0.509198 91.4435 223.496
    endloop
  endfacet
  facet normal 0.115557 -0.98017 -0.160973
    outer loop
      vertex -1.82988 90.8002 223.677
      vertex -3.90993 90.5019 224
      vertex -1.92855 90.7939 223.645
    endloop
  endfacet
  facet normal 0.201207 -0.872504 -0.445255
    outer loop
      vertex -1.82988 90.8002 223.677
      vertex -1.92855 90.7939 223.645
      vertex 0.169635 91.4216 223.362
    endloop
  endfacet
  facet normal 0.191877 -0.859547 -0.473669
    outer loop
      vertex -0.0248985 91.4091 223.299
      vertex -1.92855 90.7939 223.645
      vertex -0.234931 91.3956 223.239
    endloop
  endfacet
  facet normal 0.238403 -0.703109 -0.669927
    outer loop
      vertex -0.0248985 91.4091 223.299
      vertex -0.234931 91.3956 223.239
      vertex 1.79677 92.3455 222.965
    endloop
  endfacet
  facet normal 0.172666 -0.835255 -0.52205
    outer loop
      vertex -2.14905 90.7797 223.585
      vertex -2.27002 90.7719 223.557
      vertex -0.698117 91.3658 223.127
    endloop
  endfacet
  facet normal 0.172671 -0.83526 -0.52204
    outer loop
      vertex -0.459632 91.3811 223.181
      vertex -2.14905 90.7797 223.585
      vertex -0.698117 91.3658 223.127
    endloop
  endfacet
  facet normal 0.0799994 -0.964212 -0.252776
    outer loop
      vertex -3.83974 90.5244 223.936
      vertex -3.90993 90.5019 224
      vertex -3.85858 90.5227 223.937
    endloop
  endfacet
  facet normal 0.143105 -0.804436 -0.576545
    outer loop
      vertex -2.53098 90.7551 223.507
      vertex -2.66996 90.7461 223.485
      vertex -1.48661 91.315 222.985
    endloop
  endfacet
  facet normal 0.0980728 -0.969683 -0.223824
    outer loop
      vertex -3.72536 90.5358 223.934
      vertex -3.90993 90.5019 224
      vertex -3.75166 90.5331 223.934
    endloop
  endfacet
  facet normal 0.102287 -0.970827 -0.216871
    outer loop
      vertex -3.28837 90.6201 223.76
      vertex -3.38349 90.5985 223.812
      vertex -3.30406 90.6167 223.768
    endloop
  endfacet
  facet normal 0.0977666 -0.969526 -0.224636
    outer loop
      vertex -3.28837 90.6201 223.76
      vertex -2.53098 90.7551 223.507
      vertex -3.38349 90.5985 223.812
    endloop
  endfacet
  facet normal 0.0980266 -0.969646 -0.224002
    outer loop
      vertex -2.66996 90.7461 223.485
      vertex -3.28837 90.6201 223.76
      vertex -3.2681 90.6283 223.734
    endloop
  endfacet
  facet normal 0.0979132 -0.969603 -0.224238
    outer loop
      vertex -3.28837 90.6201 223.76
      vertex -2.66996 90.7461 223.485
      vertex -2.53098 90.7551 223.507
    endloop
  endfacet
  facet normal 0.0870391 -0.965696 -0.244656
    outer loop
      vertex -3.79862 90.5284 223.935
      vertex -3.90993 90.5019 224
      vertex -3.8198 90.5263 223.936
    endloop
  endfacet
  facet normal 0.0873106 -0.965766 -0.244279
    outer loop
      vertex -2.96214 90.7273 223.447
      vertex -3.11647 90.6906 223.537
      vertex -3.04012 90.7223 223.439
    endloop
  endfacet
  facet normal 0.113542 -0.782494 -0.612218
    outer loop
      vertex -3.01955 90.7361 223.426
      vertex -2.96214 90.7273 223.447
      vertex -3.04012 90.7223 223.439
    endloop
  endfacet
  facet normal 0.113455 -0.782641 -0.612047
    outer loop
      vertex -3.00488 90.7455 223.416
      vertex -2.96214 90.7273 223.447
      vertex -3.01955 90.7361 223.426
    endloop
  endfacet
  facet normal 0.113711 -0.782426 -0.612274
    outer loop
      vertex -2.94396 90.8083 223.347
      vertex -2.96214 90.7273 223.447
      vertex -3.00488 90.7455 223.416
    endloop
  endfacet
  facet normal 0.113526 -0.782426 -0.612308
    outer loop
      vertex -2.96214 90.7273 223.447
      vertex -2.94396 90.8083 223.347
      vertex -2.06265 91.278 222.911
    endloop
  endfacet
  facet normal -0.0642197 0.997936 -5.8275e-006
    outer loop
      vertex 0.191458 137.441 227.404
      vertex 1.62405 137.533 230.466
      vertex 2.85989 137.612 230.382
    endloop
  endfacet
  facet normal -0.0642313 0.997935 -3.97089e-007
    outer loop
      vertex 1.62405 137.533 230.466
      vertex 0.191458 137.441 227.404
      vertex 0.363077 137.452 230.531
    endloop
  endfacet
  facet normal -0.0642358 0.997935 8.68194e-006
    outer loop
      vertex 0.191458 137.441 227.404
      vertex 2.85989 137.612 230.382
      vertex 3.27828 137.639 230.353
    endloop
  endfacet
  facet normal -0.0642312 0.997935 3.77067e-006
    outer loop
      vertex 0.191458 137.441 227.404
      vertex 3.27828 137.639 230.353
      vertex 3.68651 137.666 230.319
    endloop
  endfacet
  facet normal -0.0642268 0.997935 -1.99808e-006
    outer loop
      vertex 0.19789 137.441 227.128
      vertex 3.68651 137.666 230.319
      vertex 4.89234 137.743 230.216
    endloop
  endfacet
  facet normal -0.0642197 0.997936 -1.28789e-005
    outer loop
      vertex 0.19789 137.441 227.128
      vertex 4.89234 137.743 230.216
      vertex 5.2888 137.769 230.175
    endloop
  endfacet
  facet normal -0.064223 0.997936 -7.24869e-006
    outer loop
      vertex 0.19789 137.441 227.128
      vertex 5.2888 137.769 230.175
      vertex 6.45985 137.844 230.054
    endloop
  endfacet
  facet normal -0.0642243 0.997935 6.21544e-008
    outer loop
      vertex 6.66256 137.857 218.417
      vertex 6.45985 137.844 230.054
      vertex 7.59151 137.917 229.915
    endloop
  endfacet
  facet normal -0.0642281 0.997935 4.11294e-007
    outer loop
      vertex 7.78869 137.93 218.595
      vertex 7.59151 137.917 229.915
      vertex 7.97463 137.942 229.868
    endloop
  endfacet
  facet normal -0.0642541 0.997934 -1.8985e-007
    outer loop
      vertex 8.16994 137.954 218.656
      vertex 7.97463 137.942 229.868
      vertex 8.34291 137.965 229.815
    endloop
  endfacet
  facet normal -0.0642241 0.997936 -5.60604e-008
    outer loop
      vertex 8.53615 137.978 218.721
      vertex 8.34291 137.965 229.815
      vertex 9.4307 138.035 229.659
    endloop
  endfacet
  facet normal -0.0642256 0.997935 -4.5343e-007
    outer loop
      vertex 9.61784 138.047 218.916
      vertex 9.4307 138.035 229.659
      vertex 10.4703 138.102 229.486
    endloop
  endfacet
  facet normal -0.0642021 0.997937 4.01627e-008
    outer loop
      vertex 10.6508 138.114 219.125
      vertex 10.4703 138.102 229.486
      vertex 10.8223 138.125 229.428
    endloop
  endfacet
  facet normal -0.0642288 0.997935 3.09129e-007
    outer loop
      vertex 11.0006 138.136 219.196
      vertex 10.8223 138.125 229.428
      vertex 11.1566 138.146 229.364
    endloop
  endfacet
  facet normal -0.0642317 0.997935 6.44947e-007
    outer loop
      vertex 11.3324 138.158 219.271
      vertex 11.1566 138.146 229.364
      vertex 12.144 138.21 229.175
    endloop
  endfacet
  facet normal -0.0642379 0.997935 -5.63693e-007
    outer loop
      vertex 12.3126 138.221 219.494
      vertex 12.144 138.21 229.175
      vertex 12.4593 138.23 229.106
    endloop
  endfacet
  facet normal -0.0642133 0.997936 -1.94628e-007
    outer loop
      vertex 12.6253 138.241 219.574
      vertex 12.4593 138.23 229.106
      vertex 13.3905 138.29 228.902
    endloop
  endfacet
  facet normal -0.0642358 0.997935 2.19846e-008
    outer loop
      vertex 13.5488 138.3 219.811
      vertex 13.3905 138.29 228.902
      vertex 14.2619 138.346 228.683
    endloop
  endfacet
  facet normal -0.0642096 0.997936 -6.60649e-007
    outer loop
      vertex 14.4121 138.356 220.06
      vertex 14.2619 138.346 228.683
      vertex 14.5569 138.365 228.609
    endloop
  endfacet
  facet normal -0.0642271 0.997935 1.45904e-007
    outer loop
      vertex 14.7044 138.375 220.144
      vertex 14.5569 138.365 228.609
      vertex 14.8305 138.383 228.53
    endloop
  endfacet
  facet normal -0.0642336 0.997935 4.91574e-007
    outer loop
      vertex 14.9751 138.392 220.232
      vertex 14.8305 138.383 228.53
      vertex 15.6386 138.435 228.298
    endloop
  endfacet
  facet normal -0.0642206 0.997936 -8.36864e-007
    outer loop
      vertex 15.7746 138.444 220.493
      vertex 15.6386 138.435 228.298
      vertex 16.3803 138.483 228.053
    endloop
  endfacet
  facet normal -0.0642208 0.997936 9.04669e-007
    outer loop
      vertex 16.5073 138.491 220.763
      vertex 16.3803 138.483 228.053
      vertex 16.6314 138.499 227.97
    endloop
  endfacet
  facet normal -0.0642341 0.997935 3.13969e-007
    outer loop
      vertex 16.7554 138.507 220.855
      vertex 16.6314 138.499 227.97
      vertex 17.3037 138.542 227.714
    endloop
  endfacet
  facet normal -0.0642257 0.997935 -8.63869e-007
    outer loop
      vertex 17.4183 138.549 221.135
      vertex 17.3037 138.542 227.714
      vertex 17.5313 138.557 227.627
    endloop
  endfacet
  facet normal -0.0642366 0.997935 -1.00792e-007
    outer loop
      vertex 0.363077 137.452 230.531
      vertex 0.191458 137.441 227.404
      vertex 0.15471 137.438 230.542
    endloop
  endfacet
  facet normal -0.0642057 0.997937 2.85788e-007
    outer loop
      vertex 17.6428 138.564 221.23
      vertex 17.5313 138.557 227.627
      vertex 18.1316 138.595 227.36
    endloop
  endfacet
  facet normal -0.0642892 0.997931 8.92232e-007
    outer loop
      vertex 18.2334 138.602 221.518
      vertex 18.1316 138.595 227.36
      vertex 18.3348 138.608 227.269
    endloop
  endfacet
  facet normal -0.0642405 0.997934 4.90351e-007
    outer loop
      vertex 11.1566 138.146 229.364
      vertex 11.3324 138.158 219.271
      vertex 11.0006 138.136 219.196
    endloop
  endfacet
  facet normal -0.0642278 0.997935 -1.14145e-006
    outer loop
      vertex 18.4333 138.615 221.615
      vertex 18.3348 138.608 227.269
      vertex 18.8607 138.642 226.992
    endloop
  endfacet
  facet normal -0.0636282 0.997973 0.000995013
    outer loop
      vertex 19.1908 138.664 226.802
      vertex 18.8607 138.642 226.992
      vertex 19.0387 138.654 226.899
    endloop
  endfacet
  facet normal -0.0642001 0.997937 -7.2762e-007
    outer loop
      vertex 18.8607 138.642 226.992
      vertex 19.1908 138.664 226.802
      vertex 18.9492 138.648 221.91
    endloop
  endfacet
  facet normal -0.0642461 0.997934 9.93857e-007
    outer loop
      vertex 19.2725 138.669 222.112
      vertex 19.1908 138.664 226.802
      vertex 19.6402 138.692 226.517
    endloop
  endfacet
  facet normal -0.0642145 0.997936 -1.64424e-006
    outer loop
      vertex 19.7117 138.697 222.413
      vertex 19.6402 138.692 226.517
      vertex 20.0113 138.716 226.224
    endloop
  endfacet
  facet normal -0.064311 0.99793 -9.88708e-005
    outer loop
      vertex 20.2356 138.731 226.023
      vertex 20.0113 138.716 226.224
      vertex 20.137 138.724 226.125
    endloop
  endfacet
  facet normal -0.0642251 0.997935 -2.26037e-006
    outer loop
      vertex 20.0113 138.716 226.224
      vertex 20.2356 138.731 226.023
      vertex 20.0724 138.72 222.719
    endloop
  endfacet
  facet normal -0.0640182 0.997949 0.00019935
    outer loop
      vertex 20.5983 138.754 225.621
      vertex 20.2356 138.731 226.023
      vertex 20.527 138.75 225.724
    endloop
  endfacet
  facet normal -0.0642414 0.997934 -2.76972e-006
    outer loop
      vertex 20.2356 138.731 226.023
      vertex 20.5983 138.754 225.621
      vertex 20.2896 138.734 222.927
    endloop
  endfacet
  facet normal -0.0642976 0.997931 -4.89634e-005
    outer loop
      vertex 20.9377 138.776 225.009
      vertex 20.5983 138.754 225.621
      vertex 20.8088 138.768 225.317
    endloop
  endfacet
  facet normal -0.0642155 0.997936 -3.22217e-006
    outer loop
      vertex 20.5983 138.754 225.621
      vertex 20.9377 138.776 225.009
      vertex 20.638 138.757 223.341
    endloop
  endfacet
  facet normal -0.0641813 0.997938 2.43541e-005
    outer loop
      vertex 21.0279 138.782 224.594
      vertex 20.9377 138.776 225.009
      vertex 20.9813 138.779 224.905
    endloop
  endfacet
  facet normal -0.0642763 0.997932 3.61893e-006
    outer loop
      vertex 20.9558 138.777 223.965
      vertex 20.9377 138.776 225.009
      vertex 21.0279 138.782 224.594
    endloop
  endfacet
  facet normal -0.0638645 0.997959 -2.93747e-005
    outer loop
      vertex 21.0316 138.782 224.383
      vertex 21.0279 138.782 224.594
      vertex 21.0437 138.783 224.489
    endloop
  endfacet
  facet normal -0.063973 0.997952 -3.1273e-005
    outer loop
      vertex 20.9558 138.777 223.965
      vertex 21.0279 138.782 224.594
      vertex 21.0316 138.782 224.383
    endloop
  endfacet
  facet normal -0.063913 0.997955 -4.21963e-005
    outer loop
      vertex 20.9558 138.777 223.965
      vertex 21.0316 138.782 224.383
      vertex 20.9958 138.78 224.071
    endloop
  endfacet
  facet normal -0.0642554 0.997933 3.98381e-006
    outer loop
      vertex 20.9377 138.776 225.009
      vertex 20.9558 138.777 223.965
      vertex 20.638 138.757 223.341
    endloop
  endfacet
  facet normal -0.0642328 0.997935 -7.55269e-006
    outer loop
      vertex 20.638 138.757 223.341
      vertex 20.9558 138.777 223.965
      vertex 20.8378 138.77 223.653
    endloop
  endfacet
  facet normal -0.0642345 0.997935 -3.5557e-006
    outer loop
      vertex 20.5983 138.754 225.621
      vertex 20.638 138.757 223.341
      vertex 20.2896 138.734 222.927
    endloop
  endfacet
  facet normal -0.0645106 0.997917 0.000229513
    outer loop
      vertex 20.2896 138.734 222.927
      vertex 20.638 138.757 223.341
      vertex 20.5704 138.752 223.236
    endloop
  endfacet
  facet normal -0.0642217 0.997936 -2.42653e-006
    outer loop
      vertex 20.2356 138.731 226.023
      vertex 20.2896 138.734 222.927
      vertex 20.0724 138.72 222.719
    endloop
  endfacet
  facet normal -0.0641808 0.997938 -4.53629e-005
    outer loop
      vertex 20.0724 138.72 222.719
      vertex 20.2896 138.734 222.927
      vertex 20.1945 138.728 222.822
    endloop
  endfacet
  facet normal -0.0642101 0.997936 -1.99744e-006
    outer loop
      vertex 20.0113 138.716 226.224
      vertex 20.0724 138.72 222.719
      vertex 19.7117 138.697 222.413
    endloop
  endfacet
  facet normal -0.0642146 0.997936 -1.64608e-006
    outer loop
      vertex 19.6402 138.692 226.517
      vertex 19.7117 138.697 222.413
      vertex 19.2725 138.669 222.112
    endloop
  endfacet
  facet normal -0.0642377 0.997935 1.14036e-006
    outer loop
      vertex 19.1908 138.664 226.802
      vertex 19.2725 138.669 222.112
      vertex 18.9492 138.648 221.91
    endloop
  endfacet
  facet normal -0.0644587 0.99792 0.000356656
    outer loop
      vertex 18.9492 138.648 221.91
      vertex 19.2725 138.669 222.112
      vertex 19.1238 138.659 222.01
    endloop
  endfacet
  facet normal -0.064227 0.997935 -1.199e-006
    outer loop
      vertex 18.8607 138.642 226.992
      vertex 18.9492 138.648 221.91
      vertex 18.4333 138.615 221.615
    endloop
  endfacet
  facet normal -0.0642009 0.997937 -6.71781e-007
    outer loop
      vertex 18.3348 138.608 227.269
      vertex 18.4333 138.615 221.615
      vertex 18.2334 138.602 221.518
    endloop
  endfacet
  facet normal -0.0642269 0.997935 1.98206e-006
    outer loop
      vertex 18.1316 138.595 227.36
      vertex 18.2334 138.602 221.518
      vertex 17.6428 138.564 221.23
    endloop
  endfacet
  facet normal -0.0642486 0.997934 -4.64076e-007
    outer loop
      vertex 17.5313 138.557 227.627
      vertex 17.6428 138.564 221.23
      vertex 17.4183 138.549 221.135
    endloop
  endfacet
  facet normal -0.0642205 0.997936 -7.7342e-007
    outer loop
      vertex 17.3037 138.542 227.714
      vertex 17.4183 138.549 221.135
      vertex 16.7554 138.507 220.855
    endloop
  endfacet
  facet normal -0.0642105 0.997936 7.26822e-007
    outer loop
      vertex 16.6314 138.499 227.97
      vertex 16.7554 138.507 220.855
      vertex 16.5073 138.491 220.763
    endloop
  endfacet
  facet normal -0.0642384 0.997935 5.96786e-007
    outer loop
      vertex 16.3803 138.483 228.053
      vertex 16.5073 138.491 220.763
      vertex 15.7746 138.444 220.493
    endloop
  endfacet
  facet normal -0.0642181 0.997936 -7.93236e-007
    outer loop
      vertex 15.6386 138.435 228.298
      vertex 15.7746 138.444 220.493
      vertex 14.9751 138.392 220.232
    endloop
  endfacet
  facet normal -0.0642412 0.997934 3.58587e-007
    outer loop
      vertex 14.8305 138.383 228.53
      vertex 14.9751 138.392 220.232
      vertex 14.7044 138.375 220.144
    endloop
  endfacet
  facet normal -0.0642419 0.997934 -1.11674e-007
    outer loop
      vertex 14.5569 138.365 228.609
      vertex 14.7044 138.375 220.144
      vertex 14.4121 138.356 220.06
    endloop
  endfacet
  facet normal -0.0642242 0.997935 -9.16333e-007
    outer loop
      vertex 14.2619 138.346 228.683
      vertex 14.4121 138.356 220.06
      vertex 13.5488 138.3 219.811
    endloop
  endfacet
  facet normal -0.0642194 0.997936 3.08977e-007
    outer loop
      vertex 13.3905 138.29 228.902
      vertex 13.5488 138.3 219.811
      vertex 12.6253 138.241 219.574
    endloop
  endfacet
  facet normal -0.064236 0.997935 -5.92292e-007
    outer loop
      vertex 12.4593 138.23 229.106
      vertex 12.6253 138.241 219.574
      vertex 12.3126 138.221 219.494
    endloop
  endfacet
  facet normal -0.0642207 0.997936 -2.61838e-007
    outer loop
      vertex 12.144 138.21 229.175
      vertex 12.3126 138.221 219.494
      vertex 11.3324 138.158 219.271
    endloop
  endfacet
  facet normal -0.0642236 0.997936 3.99204e-007
    outer loop
      vertex 10.8223 138.125 229.428
      vertex 11.0006 138.136 219.196
      vertex 10.6508 138.114 219.125
    endloop
  endfacet
  facet normal -0.0642264 0.997935 -3.84608e-007
    outer loop
      vertex 10.4703 138.102 229.486
      vertex 10.6508 138.114 219.125
      vertex 9.61784 138.047 218.916
    endloop
  endfacet
  facet normal -0.0642221 0.997936 -7.11634e-006
    outer loop
      vertex 3.68651 137.666 230.319
      vertex 0.19789 137.441 227.128
      vertex 0.191458 137.441 227.404
    endloop
  endfacet
  facet normal -0.0642204 0.997936 -3.62816e-007
    outer loop
      vertex 9.4307 138.035 229.659
      vertex 9.61784 138.047 218.916
      vertex 8.53615 137.978 218.721
    endloop
  endfacet
  facet normal -0.0642423 0.997934 -3.74081e-007
    outer loop
      vertex 8.34291 137.965 229.815
      vertex 8.53615 137.978 218.721
      vertex 8.16994 137.954 218.656
    endloop
  endfacet
  facet normal -0.0642238 0.997936 3.40716e-007
    outer loop
      vertex 7.97463 137.942 229.868
      vertex 8.16994 137.954 218.656
      vertex 7.78869 137.93 218.595
    endloop
  endfacet
  facet normal -0.0642285 0.997935 4.03694e-007
    outer loop
      vertex 7.59151 137.917 229.915
      vertex 7.78869 137.93 218.595
      vertex 6.66256 137.857 218.417
    endloop
  endfacet
  facet normal -0.0642264 0.997935 2.51305e-008
    outer loop
      vertex 6.45985 137.844 230.054
      vertex 6.66256 137.857 218.417
      vertex 0.19789 137.441 227.128
    endloop
  endfacet
  facet normal -0.0642202 0.997936 4.66924e-006
    outer loop
      vertex 5.49643 137.782 218.255
      vertex 0.19789 137.441 227.128
      vertex 6.66256 137.857 218.417
    endloop
  endfacet
  facet normal -0.0642204 0.997936 4.55241e-006
    outer loop
      vertex 5.10164 137.757 218.2
      vertex 0.19789 137.441 227.128
      vertex 5.49643 137.782 218.255
    endloop
  endfacet
  facet normal -0.0642289 0.997935 -1.7747e-007
    outer loop
      vertex 3.90013 137.679 218.055
      vertex 0.19789 137.441 227.128
      vertex 5.10164 137.757 218.2
    endloop
  endfacet
  facet normal -0.0642369 0.997935 -3.44848e-006
    outer loop
      vertex 3.49336 137.653 218.006
      vertex 0.19789 137.441 227.128
      vertex 3.90013 137.679 218.055
    endloop
  endfacet
  facet normal -0.0642225 0.997936 1.76541e-006
    outer loop
      vertex 0.19789 137.441 227.128
      vertex 3.49336 137.653 218.006
      vertex 0.284201 137.447 218.697
    endloop
  endfacet
  facet normal -0.0642137 0.997936 4.3063e-005
    outer loop
      vertex 3.07621 137.626 217.963
      vertex 0.284201 137.447 218.697
      vertex 3.49336 137.653 218.006
    endloop
  endfacet
  facet normal -0.0642254 0.997935 -1.69637e-006
    outer loop
      vertex 1.84405 137.547 217.836
      vertex 0.284201 137.447 218.697
      vertex 3.07621 137.626 217.963
    endloop
  endfacet
  facet normal -0.064228 0.997935 -6.41656e-006
    outer loop
      vertex 0.586103 137.466 217.727
      vertex 0.284201 137.447 218.697
      vertex 1.84405 137.547 217.836
    endloop
  endfacet
  facet normal -0.0642253 0.997935 -5.56354e-006
    outer loop
      vertex 0.284201 137.447 218.697
      vertex 0.586103 137.466 217.727
      vertex 0.299197 137.448 218.008
    endloop
  endfacet
  facet normal -0.0642503 0.997934 -3.12404e-005
    outer loop
      vertex 0.299197 137.448 218.008
      vertex 0.586103 137.466 217.727
      vertex 0.301953 137.448 217.703
    endloop
  endfacet
  facet normal -0.997783 -0.064217 -0.0174519
    outer loop
      vertex -3.90992 90.5182 223.939
      vertex -3.93114 90.665 224.612
      vertex -3.95168 90.905 224.903
    endloop
  endfacet
  facet normal -0.997783 -0.0642297 -0.0174491
    outer loop
      vertex -3.93114 90.665 224.612
      vertex -3.90992 90.5182 223.939
      vertex -3.90993 90.5019 224
    endloop
  endfacet
  facet normal -0.013174 -0.0664745 0.997701
    outer loop
      vertex 0.850743 119.277 219.796
      vertex 1.65164 119.198 219.801
      vertex 1.64979 119.329 219.81
    endloop
  endfacet
  facet normal -0.013174 -0.0664745 0.997701
    outer loop
      vertex 1.65164 119.198 219.801
      vertex 0.850743 119.277 219.796
      vertex 0.852591 119.147 219.787
    endloop
  endfacet
  facet normal 0.0215816 -0.0641685 -0.997706
    outer loop
      vertex 0.808289 119.275 221.778
      vertex 1.60882 119.195 221.801
      vertex 0.809771 119.144 221.787
    endloop
  endfacet
  facet normal 0.0215816 -0.0641685 -0.997706
    outer loop
      vertex 1.60882 119.195 221.801
      vertex 0.808289 119.275 221.778
      vertex 1.60734 119.326 221.792
    endloop
  endfacet
  facet normal 0.0652218 -0.995727 -0.065381
    outer loop
      vertex 0.81574 120.138 220.919
      vertex 1.61747 120.198 220.802
      vertex 1.61479 120.189 220.933
    endloop
  endfacet
  facet normal 0.0652229 -0.995727 -0.0653733
    outer loop
      vertex 1.61747 120.198 220.802
      vertex 0.81574 120.138 220.919
      vertex 0.818425 120.147 220.788
    endloop
  endfacet
  facet normal -0.0629455 0.99587 -0.0654245
    outer loop
      vertex 0.830218 118.143 220.786
      vertex 1.6265 118.203 220.93
      vertex 1.62984 118.195 220.8
    endloop
  endfacet
  facet normal -0.0629562 0.995873 -0.0653667
    outer loop
      vertex 1.6265 118.203 220.93
      vertex 0.830218 118.143 220.786
      vertex 0.826879 118.152 220.917
    endloop
  endfacet
  facet normal -0.0292608 0.658841 -0.751713
    outer loop
      vertex 0.809746 118.534 221.58
      vertex 1.61162 118.487 221.507
      vertex 0.812001 118.436 221.493
    endloop
  endfacet
  facet normal -0.0292608 0.658841 -0.751713
    outer loop
      vertex 1.61162 118.487 221.507
      vertex 0.809746 118.534 221.58
      vertex 1.60936 118.585 221.594
    endloop
  endfacet
  facet normal 0.0368102 -0.75106 0.659207
    outer loop
      vertex 0.8373 119.854 220.081
      vertex 1.63314 119.992 220.193
      vertex 0.834095 119.941 220.179
    endloop
  endfacet
  facet normal 0.0368006 -0.751032 0.65924
    outer loop
      vertex 1.63314 119.992 220.193
      vertex 0.8373 119.854 220.081
      vertex 1.63635 119.906 220.095
    endloop
  endfacet
  facet normal 0.0597768 -0.749577 -0.659212
    outer loop
      vertex 0.807022 119.852 221.495
      vertex 1.60707 119.99 221.41
      vertex 1.60607 119.904 221.509
    endloop
  endfacet
  facet normal 0.0597536 -0.749499 -0.659304
    outer loop
      vertex 1.60707 119.99 221.41
      vertex 0.807022 119.852 221.495
      vertex 0.808027 119.939 221.396
    endloop
  endfacet
  facet normal 0.0653114 -0.894556 -0.442157
    outer loop
      vertex 0.809429 120.012 221.288
      vertex 1.61025 120.121 221.185
      vertex 1.60848 120.063 221.302
    endloop
  endfacet
  facet normal 0.0653023 -0.894534 -0.442204
    outer loop
      vertex 1.61025 120.121 221.185
      vertex 0.809429 120.012 221.288
      vertex 0.811203 120.07 221.171
    endloop
  endfacet
  facet normal 0.0127896 -0.44241 0.896722
    outer loop
      vertex 0.843345 119.647 219.922
      vertex 1.64513 119.581 219.878
      vertex 1.64239 119.699 219.936
    endloop
  endfacet
  facet normal 0.0127871 -0.442433 0.89671
    outer loop
      vertex 1.64513 119.581 219.878
      vertex 0.843345 119.647 219.922
      vertex 0.84608 119.53 219.864
    endloop
  endfacet
  facet normal -0.00455838 -0.195718 0.98065
    outer loop
      vertex 0.84856 119.406 219.822
      vertex 1.64979 119.329 219.81
      vertex 1.64761 119.457 219.836
    endloop
  endfacet
  facet normal -0.00455838 -0.195718 0.98065
    outer loop
      vertex 1.64979 119.329 219.81
      vertex 0.84856 119.406 219.822
      vertex 0.850743 119.277 219.796
    endloop
  endfacet
  facet normal 0.0552149 -0.945338 0.321385
    outer loop
      vertex 0.827589 120.071 220.405
      vertex 1.62345 120.164 220.543
      vertex 0.824401 120.113 220.529
    endloop
  endfacet
  facet normal 0.0552259 -0.945355 0.321333
    outer loop
      vertex 1.62345 120.164 220.543
      vertex 0.827589 120.071 220.405
      vertex 1.62664 120.122 220.419
    endloop
  endfacet
  facet normal 0.059589 -0.978976 0.19508
    outer loop
      vertex 0.824401 120.113 220.529
      vertex 1.62038 120.19 220.672
      vertex 0.821329 120.138 220.658
    endloop
  endfacet
  facet normal 0.059589 -0.978976 0.19508
    outer loop
      vertex 1.62038 120.19 220.672
      vertex 0.824401 120.113 220.529
      vertex 1.62345 120.164 220.543
    endloop
  endfacet
  facet normal 0.0437189 -0.830345 0.555532
    outer loop
      vertex 0.834095 119.941 220.179
      vertex 1.62989 120.065 220.302
      vertex 0.830839 120.013 220.288
    endloop
  endfacet
  facet normal 0.0437292 -0.830372 0.555491
    outer loop
      vertex 1.62989 120.065 220.302
      vertex 0.834095 119.941 220.179
      vertex 1.63314 119.992 220.193
    endloop
  endfacet
  facet normal 0.0440252 -0.440288 -0.896776
    outer loop
      vertex 0.806261 119.645 221.653
      vertex 1.60557 119.579 221.725
      vertex 0.806519 119.527 221.711
    endloop
  endfacet
  facet normal 0.0440105 -0.440405 -0.89672
    outer loop
      vertex 1.60557 119.579 221.725
      vertex 0.806261 119.645 221.653
      vertex 1.60531 119.696 221.667
    endloop
  endfacet
  facet normal 0.0554448 -0.657128 -0.751737
    outer loop
      vertex 1.60548 119.805 221.595
      vertex 0.807022 119.852 221.495
      vertex 1.60607 119.904 221.509
    endloop
  endfacet
  facet normal 0.0554448 -0.657128 -0.751737
    outer loop
      vertex 0.807022 119.852 221.495
      vertex 1.60548 119.805 221.595
      vertex 0.80643 119.754 221.581
    endloop
  endfacet
  facet normal 0.0630628 -0.829093 -0.555544
    outer loop
      vertex 0.808027 119.939 221.396
      vertex 1.60848 120.063 221.302
      vertex 1.60707 119.99 221.41
    endloop
  endfacet
  facet normal 0.0630836 -0.829155 -0.555449
    outer loop
      vertex 1.60848 120.063 221.302
      vertex 0.808027 119.939 221.396
      vertex 0.809429 120.012 221.288
    endloop
  endfacet
  facet normal 0.0663947 -0.978546 -0.195038
    outer loop
      vertex 0.813318 120.112 221.047
      vertex 1.61479 120.189 220.933
      vertex 1.61236 120.164 221.061
    endloop
  endfacet
  facet normal 0.066382 -0.978531 -0.195117
    outer loop
      vertex 1.61479 120.189 220.933
      vertex 0.813318 120.112 221.047
      vertex 0.81574 120.138 220.919
    endloop
  endfacet
  facet normal -0.0652255 0.995725 0.065408
    outer loop
      vertex 0.833548 118.152 220.656
      vertex 1.62984 118.195 220.8
      vertex 1.63317 118.203 220.67
    endloop
  endfacet
  facet normal -0.0652255 0.995725 0.065408
    outer loop
      vertex 1.62984 118.195 220.8
      vertex 0.833548 118.152 220.656
      vertex 0.830218 118.143 220.786
    endloop
  endfacet
  facet normal -0.0296154 0.193649 0.980624
    outer loop
      vertex 0.854073 119.016 219.796
      vertex 1.65421 118.939 219.835
      vertex 1.65312 119.067 219.81
    endloop
  endfacet
  facet normal -0.0296166 0.193638 0.980626
    outer loop
      vertex 1.65421 118.939 219.835
      vertex 0.854073 119.016 219.796
      vertex 0.855164 118.888 219.821
    endloop
  endfacet
  facet normal -0.0552302 0.945343 -0.321368
    outer loop
      vertex 0.823589 118.177 221.045
      vertex 1.62002 118.27 221.183
      vertex 1.62321 118.228 221.059
    endloop
  endfacet
  facet normal -0.0552192 0.945325 -0.32142
    outer loop
      vertex 1.62002 118.27 221.183
      vertex 0.823589 118.177 221.045
      vertex 0.820403 118.219 221.169
    endloop
  endfacet
  facet normal -0.012795 0.442377 -0.896738
    outer loop
      vertex 0.806293 118.76 221.71
      vertex 1.60745 118.694 221.666
      vertex 0.807833 118.643 221.652
    endloop
  endfacet
  facet normal -0.012795 0.442377 -0.896738
    outer loop
      vertex 1.60745 118.694 221.666
      vertex 0.806293 118.76 221.71
      vertex 1.60591 118.812 221.724
    endloop
  endfacet
  facet normal 0.0131867 0.0664917 -0.9977
    outer loop
      vertex 1.60782 119.065 221.792
      vertex 0.806792 119.013 221.778
      vertex 0.809984 119.129 221.786
    endloop
  endfacet
  facet normal 0.013176 0.0663586 -0.997709
    outer loop
      vertex 0.809984 119.129 221.786
      vertex 1.6097 119.133 221.797
      vertex 1.60782 119.065 221.792
    endloop
  endfacet
  facet normal 0.0131794 0.0657943 -0.997746
    outer loop
      vertex 0.809771 119.144 221.787
      vertex 1.6097 119.133 221.797
      vertex 0.809984 119.129 221.786
    endloop
  endfacet
  facet normal 0.0131858 0.0662941 -0.997713
    outer loop
      vertex 1.6097 119.133 221.797
      vertex 0.809771 119.144 221.787
      vertex 1.60882 119.195 221.801
    endloop
  endfacet
  facet normal 0.0041483 -0.321809 0.946796
    outer loop
      vertex 0.84608 119.53 219.864
      vertex 1.64761 119.457 219.836
      vertex 1.64513 119.581 219.878
    endloop
  endfacet
  facet normal 0.0041483 -0.321809 0.946796
    outer loop
      vertex 1.64761 119.457 219.836
      vertex 0.84608 119.53 219.864
      vertex 0.84856 119.406 219.822
    endloop
  endfacet
  facet normal 0.0292498 -0.658836 0.751718
    outer loop
      vertex 0.8373 119.854 220.081
      vertex 1.63945 119.807 220.008
      vertex 1.63635 119.906 220.095
    endloop
  endfacet
  facet normal 0.0292498 -0.658836 0.751718
    outer loop
      vertex 1.63945 119.807 220.008
      vertex 0.8373 119.854 220.081
      vertex 0.840402 119.756 219.995
    endloop
  endfacet
  facet normal 0.0211981 -0.555362 0.831338
    outer loop
      vertex 0.840402 119.756 219.995
      vertex 1.64239 119.699 219.936
      vertex 1.63945 119.807 220.008
    endloop
  endfacet
  facet normal 0.0212013 -0.555335 0.831356
    outer loop
      vertex 1.64239 119.699 219.936
      vertex 0.840402 119.756 219.995
      vertex 0.843345 119.647 219.922
    endloop
  endfacet
  facet normal 0.0629451 -0.995873 0.0653818
    outer loop
      vertex 0.818425 120.147 220.788
      vertex 1.62038 120.19 220.672
      vertex 1.61747 120.198 220.802
    endloop
  endfacet
  facet normal 0.0629451 -0.995873 0.0653818
    outer loop
      vertex 1.62038 120.19 220.672
      vertex 0.818425 120.147 220.788
      vertex 0.821329 120.138 220.658
    endloop
  endfacet
  facet normal 0.0499039 -0.89552 0.442213
    outer loop
      vertex 0.830839 120.013 220.288
      vertex 1.62664 120.122 220.419
      vertex 0.827589 120.071 220.405
    endloop
  endfacet
  facet normal 0.0498931 -0.895498 0.44226
    outer loop
      vertex 1.62664 120.122 220.419
      vertex 0.830839 120.013 220.288
      vertex 1.62989 120.065 220.302
    endloop
  endfacet
  facet normal 0.0501654 -0.553465 -0.831361
    outer loop
      vertex 1.60531 119.696 221.667
      vertex 0.80643 119.754 221.581
      vertex 1.60548 119.805 221.595
    endloop
  endfacet
  facet normal 0.05015 -0.553572 -0.83129
    outer loop
      vertex 0.80643 119.754 221.581
      vertex 1.60531 119.696 221.667
      vertex 0.806261 119.645 221.653
    endloop
  endfacet
  facet normal 0.0371417 -0.319754 -0.946772
    outer loop
      vertex 0.806519 119.527 221.711
      vertex 1.60625 119.455 221.767
      vertex 0.807199 119.403 221.753
    endloop
  endfacet
  facet normal 0.0371417 -0.319754 -0.946772
    outer loop
      vertex 1.60625 119.455 221.767
      vertex 0.806519 119.527 221.711
      vertex 1.60557 119.579 221.725
    endloop
  endfacet
  facet normal 0.0296086 -0.193537 -0.980646
    outer loop
      vertex 0.807199 119.403 221.753
      vertex 1.60734 119.326 221.792
      vertex 0.808289 119.275 221.778
    endloop
  endfacet
  facet normal 0.0296098 -0.193526 -0.980648
    outer loop
      vertex 1.60734 119.326 221.792
      vertex 0.807199 119.403 221.753
      vertex 1.60625 119.455 221.767
    endloop
  endfacet
  facet normal 0.0664117 -0.9446 -0.321435
    outer loop
      vertex 0.811203 120.07 221.171
      vertex 1.61236 120.164 221.061
      vertex 1.61025 120.121 221.185
    endloop
  endfacet
  facet normal 0.0664209 -0.944617 -0.321383
    outer loop
      vertex 1.61236 120.164 221.061
      vertex 0.811203 120.07 221.171
      vertex 0.813318 120.112 221.047
    endloop
  endfacet
  facet normal -0.0215816 0.0641685 0.997706
    outer loop
      vertex 0.852591 119.147 219.787
      vertex 1.65312 119.067 219.81
      vertex 1.65164 119.198 219.801
    endloop
  endfacet
  facet normal -0.0215816 0.0641685 0.997706
    outer loop
      vertex 1.65312 119.067 219.81
      vertex 0.852591 119.147 219.787
      vertex 0.854073 119.016 219.796
    endloop
  endfacet
  facet normal -0.0663846 0.978548 0.195033
    outer loop
      vertex 0.836812 118.178 220.527
      vertex 1.63317 118.203 220.67
      vertex 1.63643 118.229 220.541
    endloop
  endfacet
  facet normal -0.0663885 0.978543 0.195055
    outer loop
      vertex 1.63317 118.203 220.67
      vertex 0.836812 118.178 220.527
      vertex 0.833548 118.152 220.656
    endloop
  endfacet
  facet normal -0.059767 0.749579 0.659211
    outer loop
      vertex 0.853408 118.438 220.08
      vertex 1.64813 118.403 220.192
      vertex 1.65438 118.489 220.094
    endloop
  endfacet
  facet normal -0.0596644 0.74716 0.66196
    outer loop
      vertex 0.853408 118.438 220.08
      vertex 1.65438 118.489 220.094
      vertex 1.65439 118.49 220.094
    endloop
  endfacet
  facet normal -0.0597684 0.749572 0.659219
    outer loop
      vertex 1.64813 118.403 220.192
      vertex 0.853408 118.438 220.08
      vertex 0.847107 118.351 220.178
    endloop
  endfacet
  facet normal -0.065298 0.894521 0.442231
    outer loop
      vertex 0.84292 118.278 220.286
      vertex 1.63957 118.272 220.418
      vertex 1.64254 118.33 220.3
    endloop
  endfacet
  facet normal -0.0653057 0.894498 0.442277
    outer loop
      vertex 1.63957 118.272 220.418
      vertex 0.84292 118.278 220.286
      vertex 0.839954 118.22 220.404
    endloop
  endfacet
  facet normal -0.0554448 0.657128 0.751737
    outer loop
      vertex 0.855933 118.537 219.993
      vertex 1.65439 118.49 220.094
      vertex 1.65498 118.588 220.007
    endloop
  endfacet
  facet normal -0.0554312 0.65721 0.751667
    outer loop
      vertex 0.855544 118.472 220.05
      vertex 1.65439 118.49 220.094
      vertex 0.855933 118.537 219.993
    endloop
  endfacet
  facet normal -0.0554356 0.65704 0.751814
    outer loop
      vertex 1.65439 118.49 220.094
      vertex 0.855544 118.472 220.05
      vertex 0.853408 118.438 220.08
    endloop
  endfacet
  facet normal -0.0368028 0.751008 -0.659267
    outer loop
      vertex 0.814559 118.349 221.395
      vertex 1.61162 118.487 221.507
      vertex 1.61418 118.401 221.409
    endloop
  endfacet
  facet normal -0.03681 0.751029 -0.659242
    outer loop
      vertex 1.61162 118.487 221.507
      vertex 0.814559 118.349 221.395
      vertex 0.812001 118.436 221.493
    endloop
  endfacet
  facet normal -0.0499016 0.895512 -0.442232
    outer loop
      vertex 0.820403 118.219 221.169
      vertex 1.61699 118.328 221.3
      vertex 1.62002 118.27 221.183
    endloop
  endfacet
  facet normal -0.0499017 0.895512 -0.442231
    outer loop
      vertex 1.61699 118.328 221.3
      vertex 0.820403 118.219 221.169
      vertex 0.817375 118.277 221.286
    endloop
  endfacet
  facet normal -0.0595992 0.978978 -0.195065
    outer loop
      vertex 0.826879 118.152 220.917
      vertex 1.62321 118.228 221.059
      vertex 1.6265 118.203 220.93
    endloop
  endfacet
  facet normal -0.0596035 0.978982 -0.195043
    outer loop
      vertex 1.62321 118.228 221.059
      vertex 0.826879 118.152 220.917
      vertex 0.823589 118.177 221.045
    endloop
  endfacet
  facet normal -0.0212077 0.555339 -0.831354
    outer loop
      vertex 0.807833 118.643 221.652
      vertex 1.60936 118.585 221.594
      vertex 0.809746 118.534 221.58
    endloop
  endfacet
  facet normal -0.0212077 0.555339 -0.831354
    outer loop
      vertex 1.60936 118.585 221.594
      vertex 0.807833 118.643 221.652
      vertex 1.60745 118.694 221.666
    endloop
  endfacet
  facet normal 0.00456269 0.195848 -0.980624
    outer loop
      vertex 1.60491 118.936 221.766
      vertex 0.806792 119.013 221.778
      vertex 1.60782 119.065 221.792
    endloop
  endfacet
  facet normal 0.0045507 0.195882 -0.980617
    outer loop
      vertex 0.804903 118.929 221.761
      vertex 1.60491 118.936 221.766
      vertex 0.805154 118.884 221.752
    endloop
  endfacet
  facet normal 0.00455205 0.195741 -0.980645
    outer loop
      vertex 1.60491 118.936 221.766
      vertex 0.804903 118.929 221.761
      vertex 0.806792 119.013 221.778
    endloop
  endfacet
  facet normal -0.0664157 0.944613 0.321395
    outer loop
      vertex 0.839954 118.22 220.404
      vertex 1.63643 118.229 220.541
      vertex 1.63957 118.272 220.418
    endloop
  endfacet
  facet normal -0.0664097 0.944626 0.32136
    outer loop
      vertex 1.63643 118.229 220.541
      vertex 0.839954 118.22 220.404
      vertex 0.836812 118.178 220.527
    endloop
  endfacet
  facet normal -0.063072 0.829201 0.55538
    outer loop
      vertex 1.64307 118.344 220.279
      vertex 0.84292 118.278 220.286
      vertex 1.64254 118.33 220.3
    endloop
  endfacet
  facet normal -0.0630694 0.829174 0.555422
    outer loop
      vertex 1.64307 118.344 220.279
      vertex 0.844542 118.321 220.222
      vertex 0.84292 118.278 220.286
    endloop
  endfacet
  facet normal -0.0630739 0.829113 0.555512
    outer loop
      vertex 0.847107 118.351 220.178
      vertex 1.64307 118.344 220.279
      vertex 1.64813 118.403 220.192
    endloop
  endfacet
  facet normal -0.0630743 0.829111 0.555514
    outer loop
      vertex 1.64307 118.344 220.279
      vertex 0.847107 118.351 220.178
      vertex 0.844542 118.321 220.222
    endloop
  endfacet
  facet normal -0.0437279 0.830382 -0.555477
    outer loop
      vertex 0.817375 118.277 221.286
      vertex 1.61418 118.401 221.409
      vertex 1.61699 118.328 221.3
    endloop
  endfacet
  facet normal -0.0437279 0.830382 -0.555477
    outer loop
      vertex 1.61418 118.401 221.409
      vertex 0.817375 118.277 221.286
      vertex 0.814559 118.349 221.395
    endloop
  endfacet
  facet normal -0.00415713 0.321758 -0.946813
    outer loop
      vertex 0.805154 118.884 221.752
      vertex 1.60591 118.812 221.724
      vertex 0.806293 118.76 221.71
    endloop
  endfacet
  facet normal -0.00414452 0.321881 -0.946771
    outer loop
      vertex 1.60591 118.812 221.724
      vertex 0.805154 118.884 221.752
      vertex 1.60482 118.93 221.765
    endloop
  endfacet
  facet normal -0.00409802 0.321141 -0.947022
    outer loop
      vertex 1.60482 118.93 221.765
      vertex 0.805154 118.884 221.752
      vertex 1.60491 118.936 221.766
    endloop
  endfacet
  facet normal -0.0440305 0.440382 0.89673
    outer loop
      vertex 0.855843 118.763 219.863
      vertex 1.65515 118.697 219.935
      vertex 1.65489 118.815 219.877
    endloop
  endfacet
  facet normal -0.0440275 0.440405 0.896719
    outer loop
      vertex 1.65515 118.697 219.935
      vertex 0.855843 118.763 219.863
      vertex 0.856101 118.646 219.921
    endloop
  endfacet
  facet normal -0.0501616 0.553491 0.831343
    outer loop
      vertex 0.856101 118.646 219.921
      vertex 1.65498 118.588 220.007
      vertex 1.65515 118.697 219.935
    endloop
  endfacet
  facet normal -0.0501654 0.553465 0.831361
    outer loop
      vertex 1.65498 118.588 220.007
      vertex 0.856101 118.646 219.921
      vertex 0.855933 118.537 219.993
    endloop
  endfacet
  facet normal -0.0371356 0.319649 0.946808
    outer loop
      vertex 0.855164 118.888 219.821
      vertex 1.65489 118.815 219.877
      vertex 1.65421 118.939 219.835
    endloop
  endfacet
  facet normal -0.0371356 0.319649 0.946808
    outer loop
      vertex 1.65489 118.815 219.877
      vertex 0.855164 118.888 219.821
      vertex 0.855843 118.763 219.863
    endloop
  endfacet
  facet normal -0.0131708 -0.0663201 0.997711
    outer loop
      vertex 0.622448 129.264 219.803
      vertex 1.42539 129.185 219.809
      vertex 1.4203 129.316 219.817
    endloop
  endfacet
  facet normal -0.013183 -0.0664445 0.997703
    outer loop
      vertex 1.42539 129.185 219.809
      vertex 0.622448 129.264 219.803
      vertex 0.627539 129.134 219.795
    endloop
  endfacet
  facet normal 0.021583 -0.0640614 -0.997713
    outer loop
      vertex 0.595756 129.263 221.786
      vertex 1.39847 129.184 221.808
      vertex 0.600616 129.132 221.794
    endloop
  endfacet
  facet normal 0.0215706 -0.0641855 -0.997705
    outer loop
      vertex 1.39847 129.184 221.808
      vertex 0.595756 129.263 221.786
      vertex 1.39361 129.314 221.8
    endloop
  endfacet
  facet normal 0.0629462 -0.995872 0.0653936
    outer loop
      vertex 0.575957 130.133 220.795
      vertex 1.37589 130.176 220.678
      vertex 1.37381 130.184 220.809
    endloop
  endfacet
  facet normal 0.0629451 -0.995873 0.0653859
    outer loop
      vertex 1.37589 130.176 220.678
      vertex 0.575957 130.133 220.795
      vertex 0.57804 130.124 220.665
    endloop
  endfacet
  facet normal -0.0629387 0.995874 -0.0653701
    outer loop
      vertex 1.44116 128.184 220.808
      vertex 0.640685 128.141 220.924
      vertex 1.43887 128.193 220.938
    endloop
  endfacet
  facet normal -0.0629551 0.995866 -0.0654863
    outer loop
      vertex 0.640685 128.141 220.924
      vertex 1.44116 128.184 220.808
      vertex 0.642977 128.133 220.794
    endloop
  endfacet
  facet normal 0.0292663 -0.658766 0.751778
    outer loop
      vertex 0.596641 129.841 220.088
      vertex 1.3994 129.794 220.016
      vertex 1.39449 129.892 220.102
    endloop
  endfacet
  facet normal 0.0292493 -0.658891 0.75167
    outer loop
      vertex 1.3994 129.794 220.016
      vertex 0.596641 129.841 220.088
      vertex 0.601551 129.742 220.002
    endloop
  endfacet
  facet normal 0.0597724 -0.749527 -0.65927
    outer loop
      vertex 0.577603 129.839 221.502
      vertex 1.37349 129.977 221.418
      vertex 1.37546 129.891 221.516
    endloop
  endfacet
  facet normal 0.0597724 -0.749527 -0.65927
    outer loop
      vertex 1.37349 129.977 221.418
      vertex 0.577603 129.839 221.502
      vertex 0.575639 129.926 221.404
    endloop
  endfacet
  facet normal 0.0664087 -0.944626 -0.321359
    outer loop
      vertex 0.573707 130.056 221.178
      vertex 1.37163 130.15 221.068
      vertex 1.37156 130.108 221.192
    endloop
  endfacet
  facet normal 0.066415 -0.944638 -0.321324
    outer loop
      vertex 1.37163 130.15 221.068
      vertex 0.573707 130.056 221.178
      vertex 0.573771 130.098 221.054
    endloop
  endfacet
  facet normal -0.0554299 0.657129 0.751738
    outer loop
      vertex 0.647964 128.525 220.001
      vertex 1.44841 128.478 220.101
      vertex 1.44582 128.577 220.015
    endloop
  endfacet
  facet normal -0.055441 0.657062 0.751795
    outer loop
      vertex 1.44841 128.478 220.101
      vertex 0.647964 128.525 220.001
      vertex 0.650552 128.427 220.087
    endloop
  endfacet
  facet normal -0.0041586 0.321741 -0.946819
    outer loop
      vertex 0.610283 128.874 221.76
      vertex 1.41019 128.892 221.763
      vertex 1.4111 128.801 221.732
    endloop
  endfacet
  facet normal -0.00414456 0.321878 -0.946772
    outer loop
      vertex 0.610283 128.874 221.76
      vertex 1.4111 128.801 221.732
      vertex 0.611514 128.749 221.718
    endloop
  endfacet
  facet normal -0.00416208 0.321883 -0.94677
    outer loop
      vertex 1.41019 128.892 221.763
      vertex 0.610283 128.874 221.76
      vertex 1.4088 128.925 221.774
    endloop
  endfacet
  facet normal 0.012797 -0.442416 0.896718
    outer loop
      vertex 0.606675 129.634 219.929
      vertex 1.40978 129.568 219.885
      vertex 1.40453 129.685 219.943
    endloop
  endfacet
  facet normal 0.012797 -0.442416 0.896718
    outer loop
      vertex 1.40978 129.568 219.885
      vertex 0.606675 129.634 219.929
      vertex 0.611926 129.516 219.871
    endloop
  endfacet
  facet normal 0.0211948 -0.555392 0.831319
    outer loop
      vertex 0.601551 129.742 220.002
      vertex 1.40453 129.685 219.943
      vertex 1.3994 129.794 220.016
    endloop
  endfacet
  facet normal 0.0212045 -0.555311 0.831372
    outer loop
      vertex 1.40453 129.685 219.943
      vertex 0.601551 129.742 220.002
      vertex 0.606675 129.634 219.929
    endloop
  endfacet
  facet normal 0.0498953 -0.895546 0.442162
    outer loop
      vertex 0.587795 129.999 220.295
      vertex 1.38186 130.108 220.426
      vertex 0.58401 130.057 220.412
    endloop
  endfacet
  facet normal 0.0498953 -0.895546 0.442162
    outer loop
      vertex 1.38186 130.108 220.426
      vertex 0.587795 129.999 220.295
      vertex 1.38565 130.051 220.309
    endloop
  endfacet
  facet normal 0.0552326 -0.945349 0.321349
    outer loop
      vertex 0.58401 130.057 220.412
      vertex 1.37859 130.15 220.55
      vertex 0.58074 130.099 220.536
    endloop
  endfacet
  facet normal 0.0552105 -0.945315 0.321453
    outer loop
      vertex 1.37859 130.15 220.55
      vertex 0.58401 130.057 220.412
      vertex 1.38186 130.108 220.426
    endloop
  endfacet
  facet normal 0.0437152 -0.830343 0.555535
    outer loop
      vertex 0.592029 129.927 220.186
      vertex 1.38565 130.051 220.309
      vertex 0.587795 129.999 220.295
    endloop
  endfacet
  facet normal 0.0437152 -0.830343 0.555535
    outer loop
      vertex 1.38565 130.051 220.309
      vertex 0.592029 129.927 220.186
      vertex 1.38988 129.978 220.2
    endloop
  endfacet
  facet normal 0.0440186 -0.440435 -0.896705
    outer loop
      vertex 0.583359 129.632 221.661
      vertex 1.38491 129.566 221.732
      vertex 0.587053 129.515 221.719
    endloop
  endfacet
  facet normal 0.0440244 -0.440388 -0.896727
    outer loop
      vertex 1.38491 129.566 221.732
      vertex 0.583359 129.632 221.661
      vertex 1.38121 129.684 221.675
    endloop
  endfacet
  facet normal 0.0554327 -0.657186 -0.751687
    outer loop
      vertex 0.577603 129.839 221.502
      vertex 1.37805 129.792 221.602
      vertex 0.580191 129.741 221.588
    endloop
  endfacet
  facet normal 0.0554438 -0.65712 -0.751745
    outer loop
      vertex 1.37805 129.792 221.602
      vertex 0.577603 129.839 221.502
      vertex 1.37546 129.891 221.516
    endloop
  endfacet
  facet normal 0.0653059 -0.894534 -0.442204
    outer loop
      vertex 0.574333 129.998 221.295
      vertex 1.37156 130.108 221.192
      vertex 1.37219 130.05 221.309
    endloop
  endfacet
  facet normal 0.0652968 -0.894511 -0.442251
    outer loop
      vertex 1.37156 130.108 221.192
      vertex 0.574333 129.998 221.295
      vertex 0.573707 130.056 221.178
    endloop
  endfacet
  facet normal 0.0663873 -0.978546 -0.19504
    outer loop
      vertex 0.573771 130.098 221.054
      vertex 1.37238 130.175 220.939
      vertex 1.37163 130.15 221.068
    endloop
  endfacet
  facet normal 0.0663837 -0.978542 -0.195062
    outer loop
      vertex 1.37238 130.175 220.939
      vertex 0.573771 130.098 221.054
      vertex 0.574526 130.124 220.926
    endloop
  endfacet
  facet normal -0.0371452 0.319749 0.946774
    outer loop
      vertex 0.636947 128.875 219.829
      vertex 1.43896 128.803 219.885
      vertex 1.4348 128.927 219.843
    endloop
  endfacet
  facet normal -0.0371452 0.319749 0.946774
    outer loop
      vertex 1.43896 128.803 219.885
      vertex 0.636947 128.875 219.829
      vertex 0.641103 128.751 219.871
    endloop
  endfacet
  facet normal -0.0501524 0.553502 0.831336
    outer loop
      vertex 0.644796 128.634 219.928
      vertex 1.44582 128.577 220.015
      vertex 1.44265 128.685 219.942
    endloop
  endfacet
  facet normal -0.0501524 0.553502 0.831336
    outer loop
      vertex 1.44582 128.577 220.015
      vertex 0.644796 128.634 219.928
      vertex 0.647964 128.525 220.001
    endloop
  endfacet
  facet normal -0.0296038 0.193652 0.980624
    outer loop
      vertex 0.6324 129.004 219.803
      vertex 1.4348 128.927 219.843
      vertex 1.43025 129.055 219.817
    endloop
  endfacet
  facet normal -0.0296157 0.193539 0.980645
    outer loop
      vertex 1.4348 128.927 219.843
      vertex 0.6324 129.004 219.803
      vertex 0.636947 128.875 219.829
    endloop
  endfacet
  facet normal -0.0552079 0.945332 -0.321403
    outer loop
      vertex 0.637898 128.167 221.053
      vertex 1.43285 128.26 221.191
      vertex 1.43608 128.218 221.067
    endloop
  endfacet
  facet normal -0.05523 0.945366 -0.321299
    outer loop
      vertex 1.43285 128.26 221.191
      vertex 0.637898 128.167 221.053
      vertex 0.634665 128.209 221.177
    endloop
  endfacet
  facet normal 0.0131715 0.0663279 -0.997711
    outer loop
      vertex 0.600616 129.132 221.794
      vertex 1.40356 129.053 221.8
      vertex 0.605707 129.002 221.786
    endloop
  endfacet
  facet normal 0.0131822 0.0664367 -0.997704
    outer loop
      vertex 1.40356 129.053 221.8
      vertex 0.600616 129.132 221.794
      vertex 1.39847 129.184 221.808
    endloop
  endfacet
  facet normal 0.00416191 -0.321837 0.946786
    outer loop
      vertex 0.611926 129.516 219.871
      vertex 1.41507 129.444 219.843
      vertex 1.40978 129.568 219.885
    endloop
  endfacet
  facet normal 0.00416555 -0.321801 0.946798
    outer loop
      vertex 1.41507 129.444 219.843
      vertex 0.611926 129.516 219.871
      vertex 0.617214 129.393 219.829
    endloop
  endfacet
  facet normal -0.00453871 -0.195776 0.980638
    outer loop
      vertex 0.617214 129.393 219.829
      vertex 1.4203 129.316 219.817
      vertex 1.41507 129.444 219.843
    endloop
  endfacet
  facet normal -0.00453871 -0.195776 0.980638
    outer loop
      vertex 1.4203 129.316 219.817
      vertex 0.617214 129.393 219.829
      vertex 0.622448 129.264 219.803
    endloop
  endfacet
  facet normal 0.0595905 -0.978991 0.195003
    outer loop
      vertex 0.57804 130.124 220.665
      vertex 1.37859 130.15 220.55
      vertex 1.37589 130.176 220.678
    endloop
  endfacet
  facet normal 0.0596057 -0.978967 0.195115
    outer loop
      vertex 1.37859 130.15 220.55
      vertex 0.57804 130.124 220.665
      vertex 0.58074 130.099 220.536
    endloop
  endfacet
  facet normal 0.0367927 -0.750988 0.65929
    outer loop
      vertex 0.596641 129.841 220.088
      vertex 1.38988 129.978 220.2
      vertex 0.592029 129.927 220.186
    endloop
  endfacet
  facet normal 0.0368287 -0.751094 0.659167
    outer loop
      vertex 1.38988 129.978 220.2
      vertex 0.596641 129.841 220.088
      vertex 1.39449 129.892 220.102
    endloop
  endfacet
  facet normal 0.0501601 -0.553448 -0.831372
    outer loop
      vertex 0.580191 129.741 221.588
      vertex 1.38121 129.684 221.675
      vertex 0.583359 129.632 221.661
    endloop
  endfacet
  facet normal 0.0501524 -0.553502 -0.831336
    outer loop
      vertex 1.38121 129.684 221.675
      vertex 0.580191 129.741 221.588
      vertex 1.37805 129.792 221.602
    endloop
  endfacet
  facet normal 0.0371391 -0.319645 -0.946809
    outer loop
      vertex 0.587053 129.515 221.719
      vertex 1.38906 129.442 221.774
      vertex 0.591208 129.391 221.761
    endloop
  endfacet
  facet normal 0.0371272 -0.31975 -0.946774
    outer loop
      vertex 1.38906 129.442 221.774
      vertex 0.587053 129.515 221.719
      vertex 1.38491 129.566 221.732
    endloop
  endfacet
  facet normal 0.0296038 -0.193652 -0.980624
    outer loop
      vertex 0.591208 129.391 221.761
      vertex 1.39361 129.314 221.8
      vertex 0.595756 129.263 221.786
    endloop
  endfacet
  facet normal 0.0296157 -0.193539 -0.980645
    outer loop
      vertex 1.39361 129.314 221.8
      vertex 0.591208 129.391 221.761
      vertex 1.38906 129.442 221.774
    endloop
  endfacet
  facet normal 0.0630791 -0.829128 -0.555488
    outer loop
      vertex 0.575639 129.926 221.404
      vertex 1.37219 130.05 221.309
      vertex 1.37349 129.977 221.418
    endloop
  endfacet
  facet normal 0.0630791 -0.829128 -0.555488
    outer loop
      vertex 1.37219 130.05 221.309
      vertex 0.575639 129.926 221.404
      vertex 0.574333 129.998 221.295
    endloop
  endfacet
  facet normal 0.0652232 -0.995725 -0.0654104
    outer loop
      vertex 0.574526 130.124 220.926
      vertex 1.37381 130.184 220.809
      vertex 1.37238 130.175 220.939
    endloop
  endfacet
  facet normal 0.0652232 -0.995725 -0.0654104
    outer loop
      vertex 1.37381 130.184 220.809
      vertex 0.574526 130.124 220.926
      vertex 0.575957 130.133 220.795
    endloop
  endfacet
  facet normal -0.065235 0.995727 0.0653633
    outer loop
      vertex 1.44292 128.193 220.677
      vertex 0.642977 128.133 220.794
      vertex 1.44116 128.184 220.808
    endloop
  endfacet
  facet normal -0.0652176 0.99572 0.0654795
    outer loop
      vertex 0.642977 128.133 220.794
      vertex 1.44292 128.193 220.677
      vertex 0.644735 128.142 220.663
    endloop
  endfacet
  facet normal -0.0664065 0.944689 0.321175
    outer loop
      vertex 1.44418 128.223 220.536
      vertex 0.645929 128.167 220.535
      vertex 1.44411 128.219 220.549
    endloop
  endfacet
  facet normal -0.0664052 0.944669 0.321234
    outer loop
      vertex 1.44418 128.223 220.536
      vertex 0.646305 128.193 220.459
      vertex 0.645929 128.167 220.535
    endloop
  endfacet
  facet normal -0.0664159 0.944624 0.321362
    outer loop
      vertex 1.44718 128.261 220.425
      vertex 0.646305 128.193 220.459
      vertex 1.44418 128.223 220.536
    endloop
  endfacet
  facet normal -0.0664025 0.94456 0.321553
    outer loop
      vertex 0.646305 128.193 220.459
      vertex 1.44718 128.261 220.425
      vertex 0.647594 128.21 220.411
    endloop
  endfacet
  facet normal -0.0597624 0.749585 0.659205
    outer loop
      vertex 1.44841 128.478 220.101
      vertex 0.652516 128.341 220.186
      vertex 1.45037 128.392 220.199
    endloop
  endfacet
  facet normal -0.0597772 0.749635 0.659146
    outer loop
      vertex 0.652516 128.341 220.186
      vertex 1.44841 128.478 220.101
      vertex 0.650552 128.427 220.087
    endloop
  endfacet
  facet normal -0.0652998 0.894497 0.44228
    outer loop
      vertex 0.650763 128.268 220.294
      vertex 1.44718 128.261 220.425
      vertex 1.45035 128.319 220.308
    endloop
  endfacet
  facet normal -0.065292 0.89452 0.442234
    outer loop
      vertex 1.44718 128.261 220.425
      vertex 0.650763 128.268 220.294
      vertex 0.647594 128.21 220.411
    endloop
  endfacet
  facet normal -0.0440279 0.440294 0.896773
    outer loop
      vertex 0.641103 128.751 219.871
      vertex 1.44265 128.685 219.942
      vertex 1.43896 128.803 219.885
    endloop
  endfacet
  facet normal -0.044016 0.440389 0.896728
    outer loop
      vertex 1.44265 128.685 219.942
      vertex 0.641103 128.751 219.871
      vertex 0.644796 128.634 219.928
    endloop
  endfacet
  facet normal -0.0215823 0.0640689 0.997712
    outer loop
      vertex 0.627539 129.134 219.795
      vertex 1.43025 129.055 219.817
      vertex 1.42539 129.185 219.809
    endloop
  endfacet
  facet normal -0.0215706 0.0641855 0.997705
    outer loop
      vertex 1.43025 129.055 219.817
      vertex 0.627539 129.134 219.795
      vertex 0.6324 129.004 219.803
    endloop
  endfacet
  facet normal -0.0368119 0.751053 -0.659215
    outer loop
      vertex 0.627086 128.339 221.403
      vertex 1.42105 128.477 221.515
      vertex 1.42527 128.39 221.417
    endloop
  endfacet
  facet normal -0.0368119 0.751053 -0.659215
    outer loop
      vertex 1.42105 128.477 221.515
      vertex 0.627086 128.339 221.403
      vertex 0.622871 128.425 221.501
    endloop
  endfacet
  facet normal -0.0499049 0.895504 -0.442247
    outer loop
      vertex 0.634665 128.209 221.177
      vertex 1.42922 128.318 221.308
      vertex 1.43285 128.26 221.191
    endloop
  endfacet
  facet normal -0.0499049 0.895504 -0.442247
    outer loop
      vertex 1.42922 128.318 221.308
      vertex 0.634665 128.209 221.177
      vertex 0.631041 128.266 221.294
    endloop
  endfacet
  facet normal -0.0595829 0.978979 -0.195064
    outer loop
      vertex 1.43887 128.193 220.938
      vertex 0.637898 128.167 221.053
      vertex 1.43608 128.218 221.067
    endloop
  endfacet
  facet normal -0.0595829 0.978979 -0.195064
    outer loop
      vertex 0.637898 128.167 221.053
      vertex 1.43887 128.193 220.938
      vertex 0.640685 128.141 220.924
    endloop
  endfacet
  facet normal -0.0127921 0.442566 -0.896645
    outer loop
      vertex 0.612731 128.663 221.676
      vertex 1.41276 128.684 221.674
      vertex 0.613945 128.632 221.66
    endloop
  endfacet
  facet normal -0.0127862 0.442326 -0.896763
    outer loop
      vertex 0.611514 128.749 221.718
      vertex 1.41276 128.684 221.674
      vertex 0.612731 128.663 221.676
    endloop
  endfacet
  facet normal -0.0127768 0.442413 -0.89672
    outer loop
      vertex 1.41276 128.684 221.674
      vertex 0.611514 128.749 221.718
      vertex 1.4111 128.801 221.732
    endloop
  endfacet
  facet normal -0.0292554 0.658802 -0.751747
    outer loop
      vertex 0.618465 128.523 221.587
      vertex 1.42105 128.477 221.515
      vertex 0.622871 128.425 221.501
    endloop
  endfacet
  facet normal -0.0292554 0.658802 -0.751747
    outer loop
      vertex 1.42105 128.477 221.515
      vertex 0.618465 128.523 221.587
      vertex 1.41665 128.575 221.601
    endloop
  endfacet
  facet normal 0.00453176 0.195989 -0.980596
    outer loop
      vertex 0.610167 128.893 221.764
      vertex 1.4088 128.925 221.774
      vertex 0.610283 128.874 221.76
    endloop
  endfacet
  facet normal 0.0045414 0.195766 -0.98064
    outer loop
      vertex 0.605707 129.002 221.786
      vertex 1.4088 128.925 221.774
      vertex 0.610167 128.893 221.764
    endloop
  endfacet
  facet normal 0.00454245 0.195776 -0.980638
    outer loop
      vertex 1.4088 128.925 221.774
      vertex 0.605707 129.002 221.786
      vertex 1.40356 129.053 221.8
    endloop
  endfacet
  facet normal -0.066379 0.978537 0.195089
    outer loop
      vertex 1.44411 128.219 220.549
      vertex 0.644735 128.142 220.663
      vertex 1.44292 128.193 220.677
    endloop
  endfacet
  facet normal -0.066379 0.978537 0.195089
    outer loop
      vertex 0.644735 128.142 220.663
      vertex 1.44411 128.219 220.549
      vertex 0.645929 128.167 220.535
    endloop
  endfacet
  facet normal -0.0630742 0.82912 0.555501
    outer loop
      vertex 1.45127 128.342 220.274
      vertex 0.650763 128.268 220.294
      vertex 1.45035 128.319 220.308
    endloop
  endfacet
  facet normal -0.0630739 0.829118 0.555504
    outer loop
      vertex 1.45127 128.342 220.274
      vertex 0.652878 128.32 220.216
      vertex 0.650763 128.268 220.294
    endloop
  endfacet
  facet normal -0.0630731 0.829128 0.555489
    outer loop
      vertex 1.45037 128.392 220.199
      vertex 0.652878 128.32 220.216
      vertex 1.45127 128.342 220.274
    endloop
  endfacet
  facet normal -0.0630664 0.829073 0.555573
    outer loop
      vertex 0.652878 128.32 220.216
      vertex 1.45037 128.392 220.199
      vertex 0.652516 128.341 220.186
    endloop
  endfacet
  facet normal -0.0437321 0.830376 -0.555484
    outer loop
      vertex 0.631041 128.266 221.294
      vertex 1.42527 128.39 221.417
      vertex 1.42922 128.318 221.308
    endloop
  endfacet
  facet normal -0.0437321 0.830376 -0.555484
    outer loop
      vertex 1.42527 128.39 221.417
      vertex 0.631041 128.266 221.294
      vertex 0.627086 128.339 221.403
    endloop
  endfacet
  facet normal -0.0212012 0.555312 -0.831372
    outer loop
      vertex 0.613945 128.632 221.66
      vertex 1.41665 128.575 221.601
      vertex 0.618465 128.523 221.587
    endloop
  endfacet
  facet normal -0.0211888 0.555415 -0.831303
    outer loop
      vertex 1.41665 128.575 221.601
      vertex 0.613945 128.632 221.66
      vertex 1.41329 128.656 221.655
    endloop
  endfacet
  facet normal -0.0211844 0.55524 -0.83142
    outer loop
      vertex 1.41329 128.656 221.655
      vertex 0.613945 128.632 221.66
      vertex 1.41276 128.684 221.674
    endloop
  endfacet
  facet normal -0.0131734 -0.0664745 0.997701
    outer loop
      vertex 0.655227 123.432 226.452
      vertex 1.45612 123.353 226.458
      vertex 1.45427 123.484 226.466
    endloop
  endfacet
  facet normal -0.0131734 -0.0664745 0.997701
    outer loop
      vertex 1.45612 123.353 226.458
      vertex 0.655227 123.432 226.452
      vertex 0.657076 123.302 226.444
    endloop
  endfacet
  facet normal 0.0131816 0.0663586 -0.997709
    outer loop
      vertex 0.614255 123.299 228.443
      vertex 1.41515 123.22 228.449
      vertex 0.616103 123.168 228.435
    endloop
  endfacet
  facet normal 0.0131812 0.0663548 -0.997709
    outer loop
      vertex 1.41515 123.22 228.449
      vertex 0.614255 123.299 228.443
      vertex 1.4133 123.35 228.457
    endloop
  endfacet
  facet normal 0.0652237 -0.995723 -0.0654313
    outer loop
      vertex 0.620224 124.293 227.575
      vertex 1.42196 124.353 227.458
      vertex 1.41927 124.344 227.589
    endloop
  endfacet
  facet normal 0.0652324 -0.995726 -0.0653731
    outer loop
      vertex 1.42196 124.353 227.458
      vertex 0.620224 124.293 227.575
      vertex 0.622909 124.301 227.444
    endloop
  endfacet
  facet normal -0.0652324 0.995726 0.0653731
    outer loop
      vertex 1.45015 122.359 227.326
      vertex 0.648422 122.299 227.443
      vertex 1.44747 122.35 227.457
    endloop
  endfacet
  facet normal -0.0652324 0.995726 0.0653731
    outer loop
      vertex 0.648422 122.299 227.443
      vertex 1.45015 122.359 227.326
      vertex 0.651107 122.308 227.312
    endloop
  endfacet
  facet normal -0.0368006 0.751032 -0.65924
    outer loop
      vertex 0.632752 122.505 228.051
      vertex 1.42859 122.643 228.164
      vertex 1.4318 122.556 228.065
    endloop
  endfacet
  facet normal -0.0368102 0.75106 -0.659207
    outer loop
      vertex 1.42859 122.643 228.164
      vertex 0.632752 122.505 228.051
      vertex 0.629546 122.591 228.15
    endloop
  endfacet
  facet normal 0.0368006 -0.751032 0.65924
    outer loop
      vertex 0.641784 124.009 226.737
      vertex 1.43763 124.147 226.85
      vertex 0.638579 124.095 226.836
    endloop
  endfacet
  facet normal 0.0368006 -0.751032 0.65924
    outer loop
      vertex 1.43763 124.147 226.85
      vertex 0.641784 124.009 226.737
      vertex 1.44083 124.061 226.751
    endloop
  endfacet
  facet normal 0.0554386 -0.657128 -0.751737
    outer loop
      vertex 1.40996 123.96 228.251
      vertex 0.611506 124.007 228.151
      vertex 1.41055 124.059 228.165
    endloop
  endfacet
  facet normal 0.0554386 -0.657128 -0.751737
    outer loop
      vertex 0.611506 124.007 228.151
      vertex 1.40996 123.96 228.251
      vertex 0.610914 123.909 228.237
    endloop
  endfacet
  facet normal 0.0653023 -0.894534 -0.442204
    outer loop
      vertex 0.613913 124.167 227.944
      vertex 1.41473 124.276 227.841
      vertex 1.41296 124.218 227.958
    endloop
  endfacet
  facet normal 0.0653114 -0.894556 -0.442157
    outer loop
      vertex 1.41473 124.276 227.841
      vertex 0.613913 124.167 227.944
      vertex 0.615687 124.225 227.827
    endloop
  endfacet
  facet normal -0.0127802 0.442339 -0.896757
    outer loop
      vertex 0.620767 122.916 228.367
      vertex 1.42255 122.85 228.323
      vertex 0.623502 122.798 228.309
    endloop
  endfacet
  facet normal -0.0127828 0.442316 -0.896768
    outer loop
      vertex 1.42255 122.85 228.323
      vertex 0.620767 122.916 228.367
      vertex 1.41981 122.967 228.381
    endloop
  endfacet
  facet normal 0.0127871 -0.442433 0.89671
    outer loop
      vertex 0.647829 123.802 226.578
      vertex 1.44961 123.736 226.534
      vertex 1.44688 123.853 226.592
    endloop
  endfacet
  facet normal 0.0127896 -0.44241 0.896722
    outer loop
      vertex 1.44961 123.736 226.534
      vertex 0.647829 123.802 226.578
      vertex 0.650564 123.685 226.52
    endloop
  endfacet
  facet normal 0.0552234 -0.945355 0.321333
    outer loop
      vertex 0.632073 124.226 227.062
      vertex 1.42879 124.319 227.2
      vertex 0.628885 124.268 227.186
    endloop
  endfacet
  facet normal 0.0552098 -0.945334 0.321397
    outer loop
      vertex 1.42879 124.319 227.2
      vertex 0.632073 124.226 227.062
      vertex 1.43218 124.277 227.076
    endloop
  endfacet
  facet normal 0.0437239 -0.830331 0.555553
    outer loop
      vertex 0.635323 124.168 226.944
      vertex 1.43688 124.163 226.875
      vertex 1.43507 124.219 226.958
    endloop
  endfacet
  facet normal 0.0437183 -0.830372 0.555491
    outer loop
      vertex 0.638579 124.095 226.836
      vertex 1.43688 124.163 226.875
      vertex 0.635323 124.168 226.944
    endloop
  endfacet
  facet normal 0.0437253 -0.830416 0.555425
    outer loop
      vertex 1.43688 124.163 226.875
      vertex 0.638579 124.095 226.836
      vertex 1.43763 124.147 226.85
    endloop
  endfacet
  facet normal 0.0371386 -0.319754 -0.946773
    outer loop
      vertex 0.611003 123.682 228.368
      vertex 1.41073 123.609 228.423
      vertex 0.611683 123.558 228.409
    endloop
  endfacet
  facet normal 0.0371386 -0.319754 -0.946773
    outer loop
      vertex 1.41073 123.609 228.423
      vertex 0.611003 123.682 228.368
      vertex 1.41005 123.733 228.381
    endloop
  endfacet
  facet normal 0.0501658 -0.553572 -0.831289
    outer loop
      vertex 1.40979 123.851 228.324
      vertex 0.610914 123.909 228.237
      vertex 1.40996 123.96 228.251
    endloop
  endfacet
  facet normal 0.0501697 -0.553545 -0.831307
    outer loop
      vertex 0.610914 123.909 228.237
      vertex 1.40979 123.851 228.324
      vertex 0.610745 123.8 228.31
    endloop
  endfacet
  facet normal 0.0296098 -0.193526 -0.980648
    outer loop
      vertex 0.611683 123.558 228.409
      vertex 1.41182 123.481 228.449
      vertex 0.612773 123.429 228.435
    endloop
  endfacet
  facet normal 0.0296086 -0.193537 -0.980646
    outer loop
      vertex 1.41182 123.481 228.449
      vertex 0.611683 123.558 228.409
      vertex 1.41073 123.609 228.423
    endloop
  endfacet
  facet normal 0.0663855 -0.978542 -0.19506
    outer loop
      vertex 0.617802 124.267 227.703
      vertex 1.41927 124.344 227.589
      vertex 1.41685 124.318 227.717
    endloop
  endfacet
  facet normal 0.0663855 -0.978542 -0.19506
    outer loop
      vertex 1.41927 124.344 227.589
      vertex 0.617802 124.267 227.703
      vertex 0.620224 124.293 227.575
    endloop
  endfacet
  facet normal -0.0371325 0.319649 0.946808
    outer loop
      vertex 0.659648 123.042 226.478
      vertex 1.45937 122.97 226.533
      vertex 1.45869 123.094 226.492
    endloop
  endfacet
  facet normal -0.0371325 0.319649 0.946808
    outer loop
      vertex 1.45937 122.97 226.533
      vertex 0.659648 123.042 226.478
      vertex 0.660327 122.918 226.519
    endloop
  endfacet
  facet normal -0.0663948 0.978541 0.19506
    outer loop
      vertex 1.45257 122.385 227.198
      vertex 0.651107 122.308 227.312
      vertex 1.45015 122.359 227.326
    endloop
  endfacet
  facet normal -0.0663857 0.978531 0.195116
    outer loop
      vertex 0.651107 122.308 227.312
      vertex 1.45257 122.385 227.198
      vertex 0.653528 122.333 227.184
    endloop
  endfacet
  facet normal -0.0552245 0.945343 -0.321368
    outer loop
      vertex 0.642446 122.333 227.701
      vertex 1.4383 122.426 227.839
      vertex 1.44149 122.384 227.715
    endloop
  endfacet
  facet normal -0.0552135 0.945326 -0.32142
    outer loop
      vertex 1.4383 122.426 227.839
      vertex 0.642446 122.333 227.701
      vertex 0.639257 122.375 227.825
    endloop
  endfacet
  facet normal -0.0437325 0.830408 -0.555438
    outer loop
      vertex 0.636008 122.432 227.943
      vertex 1.4318 122.556 228.065
      vertex 1.43505 122.484 227.957
    endloop
  endfacet
  facet normal -0.0437221 0.830381 -0.555478
    outer loop
      vertex 1.4318 122.556 228.065
      vertex 0.636008 122.432 227.943
      vertex 0.632752 122.505 228.051
    endloop
  endfacet
  facet normal -0.0595983 0.978975 -0.19508
    outer loop
      vertex 0.645518 122.307 227.573
      vertex 1.44149 122.384 227.715
      vertex 1.44456 122.359 227.587
    endloop
  endfacet
  facet normal -0.0595983 0.978975 -0.19508
    outer loop
      vertex 1.44149 122.384 227.715
      vertex 0.645518 122.307 227.573
      vertex 0.642446 122.333 227.701
    endloop
  endfacet
  facet normal 0.00455078 0.19583 -0.980627
    outer loop
      vertex 0.616103 123.168 228.435
      vertex 1.41733 123.091 228.423
      vertex 0.618286 123.04 228.409
    endloop
  endfacet
  facet normal 0.00455078 0.19583 -0.980627
    outer loop
      vertex 1.41733 123.091 228.423
      vertex 0.616103 123.168 228.435
      vertex 1.41515 123.22 228.449
    endloop
  endfacet
  facet normal 0.00415137 -0.321809 0.946796
    outer loop
      vertex 0.650564 123.685 226.52
      vertex 1.45209 123.612 226.492
      vertex 1.44961 123.736 226.534
    endloop
  endfacet
  facet normal 0.00415137 -0.321809 0.946796
    outer loop
      vertex 1.45209 123.612 226.492
      vertex 0.650564 123.685 226.52
      vertex 0.653044 123.561 226.478
    endloop
  endfacet
  facet normal -0.00455651 -0.195718 0.98065
    outer loop
      vertex 0.653044 123.561 226.478
      vertex 1.45427 123.484 226.466
      vertex 1.45209 123.612 226.492
    endloop
  endfacet
  facet normal -0.00455651 -0.195718 0.98065
    outer loop
      vertex 1.45427 123.484 226.466
      vertex 0.653044 123.561 226.478
      vertex 0.655227 123.432 226.452
    endloop
  endfacet
  facet normal 0.0292521 -0.658864 0.751693
    outer loop
      vertex 0.641784 124.009 226.737
      vertex 1.44393 123.962 226.665
      vertex 1.44083 124.061 226.751
    endloop
  endfacet
  facet normal 0.029256 -0.658835 0.751718
    outer loop
      vertex 1.44393 123.962 226.665
      vertex 0.641784 124.009 226.737
      vertex 0.644886 123.911 226.651
    endloop
  endfacet
  facet normal 0.0212013 -0.555335 0.831356
    outer loop
      vertex 0.644886 123.911 226.651
      vertex 1.44688 123.853 226.592
      vertex 1.44393 123.962 226.665
    endloop
  endfacet
  facet normal 0.0211981 -0.555362 0.831338
    outer loop
      vertex 1.44688 123.853 226.592
      vertex 0.644886 123.911 226.651
      vertex 0.647829 123.802 226.578
    endloop
  endfacet
  facet normal 0.0595908 -0.978975 0.19508
    outer loop
      vertex 0.628885 124.268 227.186
      vertex 1.42496 124.344 227.328
      vertex 0.625813 124.293 227.314
    endloop
  endfacet
  facet normal 0.0595966 -0.978981 0.19505
    outer loop
      vertex 1.42496 124.344 227.328
      vertex 0.628885 124.268 227.186
      vertex 1.42879 124.319 227.2
    endloop
  endfacet
  facet normal 0.0629547 -0.995873 0.0653778
    outer loop
      vertex 0.622909 124.301 227.444
      vertex 1.42463 124.345 227.338
      vertex 1.42196 124.353 227.458
    endloop
  endfacet
  facet normal 0.0629552 -0.995872 0.065382
    outer loop
      vertex 0.625813 124.293 227.314
      vertex 1.42463 124.345 227.338
      vertex 0.622909 124.301 227.444
    endloop
  endfacet
  facet normal 0.062932 -0.995829 0.0660589
    outer loop
      vertex 1.42463 124.345 227.338
      vertex 0.625813 124.293 227.314
      vertex 1.42496 124.344 227.328
    endloop
  endfacet
  facet normal 0.0498867 -0.895498 0.44226
    outer loop
      vertex 0.635323 124.168 226.944
      vertex 1.43218 124.277 227.076
      vertex 0.632073 124.226 227.062
    endloop
  endfacet
  facet normal 0.0499042 -0.895535 0.442185
    outer loop
      vertex 1.43218 124.277 227.076
      vertex 0.635323 124.168 226.944
      vertex 1.43507 124.219 226.958
    endloop
  endfacet
  facet normal 0.0440223 -0.440311 -0.896765
    outer loop
      vertex 0.610745 123.8 228.31
      vertex 1.41005 123.733 228.381
      vertex 0.611003 123.682 228.368
    endloop
  endfacet
  facet normal 0.0440252 -0.440288 -0.896776
    outer loop
      vertex 1.41005 123.733 228.381
      vertex 0.610745 123.8 228.31
      vertex 1.40979 123.851 228.324
    endloop
  endfacet
  facet normal 0.0215822 -0.0641685 -0.997706
    outer loop
      vertex 0.612773 123.429 228.435
      vertex 1.4133 123.35 228.457
      vertex 0.614255 123.299 228.443
    endloop
  endfacet
  facet normal 0.0215822 -0.0641685 -0.997706
    outer loop
      vertex 1.4133 123.35 228.457
      vertex 0.612773 123.429 228.435
      vertex 1.41182 123.481 228.449
    endloop
  endfacet
  facet normal 0.0630747 -0.829128 -0.555489
    outer loop
      vertex 0.612511 124.094 228.053
      vertex 1.41296 124.218 227.958
      vertex 1.41156 124.145 228.067
    endloop
  endfacet
  facet normal 0.0630747 -0.829128 -0.555489
    outer loop
      vertex 1.41296 124.218 227.958
      vertex 0.612511 124.094 228.053
      vertex 0.613913 124.167 227.944
    endloop
  endfacet
  facet normal 0.0597674 -0.749527 -0.65927
    outer loop
      vertex 0.611506 124.007 228.151
      vertex 1.41156 124.145 228.067
      vertex 1.41055 124.059 228.165
    endloop
  endfacet
  facet normal 0.0597674 -0.749527 -0.65927
    outer loop
      vertex 1.41156 124.145 228.067
      vertex 0.611506 124.007 228.151
      vertex 0.612511 124.094 228.053
    endloop
  endfacet
  facet normal 0.0664209 -0.944617 -0.321383
    outer loop
      vertex 0.615687 124.225 227.827
      vertex 1.41685 124.318 227.717
      vertex 1.41473 124.276 227.841
    endloop
  endfacet
  facet normal 0.0664117 -0.9446 -0.321435
    outer loop
      vertex 1.41685 124.318 227.717
      vertex 0.615687 124.225 227.827
      vertex 0.617802 124.267 227.703
    endloop
  endfacet
  facet normal -0.0664119 0.944612 0.3214
    outer loop
      vertex 1.45469 122.427 227.074
      vertex 0.653528 122.333 227.184
      vertex 1.45257 122.385 227.198
    endloop
  endfacet
  facet normal -0.0664211 0.944629 0.321347
    outer loop
      vertex 0.653528 122.333 227.184
      vertex 1.45469 122.427 227.074
      vertex 0.655644 122.376 227.06
    endloop
  endfacet
  facet normal -0.0554386 0.657128 0.751737
    outer loop
      vertex 0.660417 122.692 226.65
      vertex 1.45887 122.645 226.75
      vertex 1.45946 122.743 226.664
    endloop
  endfacet
  facet normal -0.0554386 0.657128 0.751737
    outer loop
      vertex 1.45887 122.645 226.75
      vertex 0.660417 122.692 226.65
      vertex 0.659825 122.593 226.736
    endloop
  endfacet
  facet normal -0.0630747 0.829128 0.555489
    outer loop
      vertex 1.45787 122.558 226.848
      vertex 0.657418 122.434 226.943
      vertex 1.45646 122.485 226.957
    endloop
  endfacet
  facet normal -0.0630836 0.829154 0.555449
    outer loop
      vertex 0.657418 122.434 226.943
      vertex 1.45787 122.558 226.848
      vertex 0.658819 122.507 226.834
    endloop
  endfacet
  facet normal -0.0501654 0.553465 0.831361
    outer loop
      vertex 0.660585 122.801 226.577
      vertex 1.45946 122.743 226.664
      vertex 1.45963 122.852 226.591
    endloop
  endfacet
  facet normal -0.0501616 0.553491 0.831343
    outer loop
      vertex 1.45946 122.743 226.664
      vertex 0.660585 122.801 226.577
      vertex 0.660417 122.692 226.65
    endloop
  endfacet
  facet normal -0.0498931 0.895498 -0.44226
    outer loop
      vertex 0.639257 122.375 227.825
      vertex 1.43505 122.484 227.957
      vertex 1.4383 122.426 227.839
    endloop
  endfacet
  facet normal -0.0499039 0.89552 -0.442213
    outer loop
      vertex 1.43505 122.484 227.957
      vertex 0.639257 122.375 227.825
      vertex 0.636008 122.432 227.943
    endloop
  endfacet
  facet normal -0.0629546 0.995872 -0.065382
    outer loop
      vertex 1.44747 122.35 227.457
      vertex 0.645518 122.307 227.573
      vertex 1.44456 122.359 227.587
    endloop
  endfacet
  facet normal -0.0629546 0.995872 -0.065382
    outer loop
      vertex 0.645518 122.307 227.573
      vertex 1.44747 122.35 227.457
      vertex 0.648422 122.299 227.443
    endloop
  endfacet
  facet normal -0.0212013 0.555335 -0.831356
    outer loop
      vertex 0.623502 122.798 228.309
      vertex 1.42549 122.741 228.25
      vertex 0.626445 122.69 228.236
    endloop
  endfacet
  facet normal -0.0211981 0.555362 -0.831338
    outer loop
      vertex 1.42549 122.741 228.25
      vertex 0.623502 122.798 228.309
      vertex 1.42255 122.85 228.323
    endloop
  endfacet
  facet normal -0.00415137 0.321809 -0.946796
    outer loop
      vertex 0.618286 123.04 228.409
      vertex 1.41981 122.967 228.381
      vertex 0.620767 122.916 228.367
    endloop
  endfacet
  facet normal -0.00414954 0.321827 -0.94679
    outer loop
      vertex 1.41981 122.967 228.381
      vertex 0.618286 123.04 228.409
      vertex 1.41733 123.091 228.423
    endloop
  endfacet
  facet normal -0.0653108 0.894534 0.442204
    outer loop
      vertex 1.45646 122.485 226.957
      vertex 0.655644 122.376 227.06
      vertex 1.45469 122.427 227.074
    endloop
  endfacet
  facet normal -0.0653016 0.894511 0.442251
    outer loop
      vertex 0.655644 122.376 227.06
      vertex 1.45646 122.485 226.957
      vertex 0.657418 122.434 226.943
    endloop
  endfacet
  facet normal -0.0597768 0.749577 0.659212
    outer loop
      vertex 1.45887 122.645 226.75
      vertex 0.658819 122.507 226.834
      vertex 1.45787 122.558 226.848
    endloop
  endfacet
  facet normal -0.0597684 0.749549 0.659245
    outer loop
      vertex 0.658819 122.507 226.834
      vertex 1.45887 122.645 226.75
      vertex 0.659825 122.593 226.736
    endloop
  endfacet
  facet normal -0.0296166 0.193638 0.980626
    outer loop
      vertex 0.658557 123.171 226.452
      vertex 1.45869 123.094 226.492
      vertex 1.4576 123.222 226.466
    endloop
  endfacet
  facet normal -0.0296154 0.193649 0.980624
    outer loop
      vertex 1.45869 123.094 226.492
      vertex 0.658557 123.171 226.452
      vertex 0.659648 123.042 226.478
    endloop
  endfacet
  facet normal -0.0440275 0.440405 0.896719
    outer loop
      vertex 0.660327 122.918 226.519
      vertex 1.45963 122.852 226.591
      vertex 1.45937 122.97 226.533
    endloop
  endfacet
  facet normal -0.0440305 0.440382 0.89673
    outer loop
      vertex 1.45963 122.852 226.591
      vertex 0.660327 122.918 226.519
      vertex 0.660585 122.801 226.577
    endloop
  endfacet
  facet normal -0.029256 0.658835 -0.751718
    outer loop
      vertex 0.626445 122.69 228.236
      vertex 1.42859 122.643 228.164
      vertex 0.629546 122.591 228.15
    endloop
  endfacet
  facet normal -0.029256 0.658835 -0.751718
    outer loop
      vertex 1.42859 122.643 228.164
      vertex 0.626445 122.69 228.236
      vertex 1.42549 122.741 228.25
    endloop
  endfacet
  facet normal -0.0215822 0.0641685 0.997706
    outer loop
      vertex 0.657076 123.302 226.444
      vertex 1.4576 123.222 226.466
      vertex 1.45612 123.353 226.458
    endloop
  endfacet
  facet normal -0.0215822 0.0641685 0.997706
    outer loop
      vertex 1.4576 123.222 226.466
      vertex 0.657076 123.302 226.444
      vertex 0.658557 123.171 226.452
    endloop
  endfacet
  facet normal -0.0131715 -0.0663279 0.997711
    outer loop
      vertex 0.469459 130.922 226.458
      vertex 1.2724 130.842 226.463
      vertex 1.26731 130.973 226.471
    endloop
  endfacet
  facet normal -0.013183 -0.0664445 0.997703
    outer loop
      vertex 1.2724 130.842 226.463
      vertex 0.469459 130.922 226.458
      vertex 0.47455 130.791 226.449
    endloop
  endfacet
  facet normal 0.0131766 0.0664403 -0.997703
    outer loop
      vertex 0.44115 130.789 228.449
      vertex 1.24354 130.71 228.454
      vertex 0.445354 130.658 228.44
    endloop
  endfacet
  facet normal 0.0131766 0.0664403 -0.997703
    outer loop
      vertex 1.24354 130.71 228.454
      vertex 0.44115 130.789 228.449
      vertex 1.23933 130.84 228.463
    endloop
  endfacet
  facet normal 0.0652243 -0.995725 -0.0654027
    outer loop
      vertex 0.421536 131.781 227.58
      vertex 1.22082 131.841 227.463
      vertex 1.21939 131.833 227.594
    endloop
  endfacet
  facet normal 0.0652232 -0.995725 -0.0654104
    outer loop
      vertex 1.22082 131.841 227.463
      vertex 0.421536 131.781 227.58
      vertex 0.422967 131.79 227.449
    endloop
  endfacet
  facet normal -0.065235 0.995727 0.0653633
    outer loop
      vertex 1.2878 129.85 227.332
      vertex 0.487856 129.79 227.448
      vertex 1.28604 129.841 227.462
    endloop
  endfacet
  facet normal -0.065235 0.995727 0.0653633
    outer loop
      vertex 0.487856 129.79 227.448
      vertex 1.2878 129.85 227.332
      vertex 0.489614 129.799 227.318
    endloop
  endfacet
  facet normal 0.0367927 -0.750988 0.65929
    outer loop
      vertex 0.443651 131.498 226.742
      vertex 1.23689 131.635 226.854
      vertex 0.43904 131.584 226.84
    endloop
  endfacet
  facet normal 0.0368095 -0.751038 0.659233
    outer loop
      vertex 1.23689 131.635 226.854
      vertex 0.443651 131.498 226.742
      vertex 1.24151 131.549 226.756
    endloop
  endfacet
  facet normal 0.0554442 -0.657128 -0.751737
    outer loop
      vertex 0.424614 131.496 228.156
      vertex 1.22506 131.449 228.256
      vertex 0.427202 131.398 228.242
    endloop
  endfacet
  facet normal 0.0554442 -0.657128 -0.751737
    outer loop
      vertex 1.22506 131.449 228.256
      vertex 0.424614 131.496 228.156
      vertex 1.22247 131.548 228.17
    endloop
  endfacet
  facet normal 0.0653236 -0.894556 -0.442157
    outer loop
      vertex 0.421344 131.656 227.949
      vertex 1.21857 131.765 227.846
      vertex 1.2192 131.707 227.963
    endloop
  endfacet
  facet normal 0.0653052 -0.894511 -0.442251
    outer loop
      vertex 1.21857 131.765 227.846
      vertex 0.421344 131.656 227.949
      vertex 0.420717 131.713 227.832
    endloop
  endfacet
  facet normal 0.012802 -0.44237 0.896741
    outer loop
      vertex 0.453686 131.291 226.583
      vertex 1.25679 131.225 226.539
      vertex 1.25154 131.342 226.597
    endloop
  endfacet
  facet normal 0.012797 -0.442416 0.896718
    outer loop
      vertex 1.25679 131.225 226.539
      vertex 0.453686 131.291 226.583
      vertex 0.458937 131.174 226.525
    endloop
  endfacet
  facet normal 0.0552146 -0.94535 0.321349
    outer loop
      vertex 0.43102 131.714 227.067
      vertex 1.2256 131.807 227.204
      vertex 0.42775 131.756 227.19
    endloop
  endfacet
  facet normal 0.0552146 -0.94535 0.321349
    outer loop
      vertex 1.2256 131.807 227.204
      vertex 0.43102 131.714 227.067
      vertex 1.22887 131.765 227.081
    endloop
  endfacet
  facet normal 0.0595871 -0.978969 0.195115
    outer loop
      vertex 0.42505 131.781 227.319
      vertex 1.2256 131.807 227.204
      vertex 1.2229 131.833 227.333
    endloop
  endfacet
  facet normal 0.0595871 -0.978969 0.195115
    outer loop
      vertex 1.2256 131.807 227.204
      vertex 0.42505 131.781 227.319
      vertex 0.42775 131.756 227.19
    endloop
  endfacet
  facet normal 0.0437201 -0.830397 0.555455
    outer loop
      vertex 0.43904 131.584 226.84
      vertex 1.23266 131.708 226.963
      vertex 0.434805 131.656 226.949
    endloop
  endfacet
  facet normal 0.0437201 -0.830397 0.555455
    outer loop
      vertex 1.23266 131.708 226.963
      vertex 0.43904 131.584 226.84
      vertex 1.23689 131.635 226.854
    endloop
  endfacet
  facet normal 0.0371427 -0.319758 -0.946771
    outer loop
      vertex 0.430394 131.172 228.373
      vertex 1.23179 131.099 228.429
      vertex 0.433605 131.048 228.415
    endloop
  endfacet
  facet normal 0.0371386 -0.319793 -0.946759
    outer loop
      vertex 1.23179 131.099 228.429
      vertex 0.430394 131.172 228.373
      vertex 1.22858 131.223 228.387
    endloop
  endfacet
  facet normal 0.0501762 -0.553446 -0.831373
    outer loop
      vertex 0.427202 131.398 228.242
      vertex 1.22822 131.341 228.329
      vertex 0.429821 131.308 228.302
    endloop
  endfacet
  facet normal 0.0501806 -0.553682 -0.831215
    outer loop
      vertex 0.429821 131.308 228.302
      vertex 1.22822 131.341 228.329
      vertex 0.429489 131.289 228.315
    endloop
  endfacet
  facet normal 0.0501682 -0.553501 -0.831336
    outer loop
      vertex 1.22822 131.341 228.329
      vertex 0.427202 131.398 228.242
      vertex 1.22506 131.449 228.256
    endloop
  endfacet
  facet normal 0.0296115 -0.193548 -0.980644
    outer loop
      vertex 0.433605 131.048 228.415
      vertex 1.23539 130.971 228.454
      vertex 0.437211 130.92 228.44
    endloop
  endfacet
  facet normal 0.0296115 -0.193548 -0.980644
    outer loop
      vertex 1.23539 130.971 228.454
      vertex 0.433605 131.048 228.415
      vertex 1.23179 131.099 228.429
    endloop
  endfacet
  facet normal 0.0663874 -0.978542 -0.195062
    outer loop
      vertex 0.420782 131.756 227.708
      vertex 1.21939 131.833 227.594
      vertex 1.21864 131.807 227.722
    endloop
  endfacet
  facet normal 0.0663874 -0.978542 -0.195062
    outer loop
      vertex 1.21939 131.833 227.594
      vertex 0.420782 131.756 227.708
      vertex 0.421536 131.781 227.58
    endloop
  endfacet
  facet normal -0.0296341 0.193842 0.980585
    outer loop
      vertex 1.27726 130.712 226.471
      vertex 0.47941 130.661 226.457
      vertex 0.480538 130.629 226.464
    endloop
  endfacet
  facet normal -0.0296012 0.193521 0.98065
    outer loop
      vertex 0.480538 130.629 226.464
      vertex 1.27992 130.637 226.486
      vertex 1.27726 130.712 226.471
    endloop
  endfacet
  facet normal -0.0296021 0.193695 0.980615
    outer loop
      vertex 1.27992 130.637 226.486
      vertex 0.480538 130.629 226.464
      vertex 1.27966 130.584 226.497
    endloop
  endfacet
  facet normal -0.0296135 0.193517 0.98065
    outer loop
      vertex 1.27966 130.584 226.497
      vertex 0.480538 130.629 226.464
      vertex 0.480076 130.532 226.483
    endloop
  endfacet
  facet normal -0.0212053 0.555365 -0.831336
    outer loop
      vertex 0.458824 130.289 228.314
      vertex 1.26153 130.232 228.256
      vertex 0.463344 130.18 228.242
    endloop
  endfacet
  facet normal -0.0212053 0.555365 -0.831336
    outer loop
      vertex 1.26153 130.232 228.256
      vertex 0.458824 130.289 228.314
      vertex 1.25701 130.34 228.328
    endloop
  endfacet
  facet normal -0.0663975 0.97854 0.195066
    outer loop
      vertex 1.28899 129.876 227.203
      vertex 0.489614 129.799 227.318
      vertex 1.2878 129.85 227.332
    endloop
  endfacet
  facet normal -0.0663975 0.97854 0.195066
    outer loop
      vertex 0.489614 129.799 227.318
      vertex 1.28899 129.876 227.203
      vertex 0.490808 129.824 227.189
    endloop
  endfacet
  facet normal 0.00415457 -0.321732 0.946821
    outer loop
      vertex 0.458937 131.174 226.525
      vertex 1.26208 131.101 226.497
      vertex 1.25679 131.225 226.539
    endloop
  endfacet
  facet normal 0.00414385 -0.321838 0.946786
    outer loop
      vertex 1.26208 131.101 226.497
      vertex 0.458937 131.174 226.525
      vertex 0.464225 131.05 226.483
    endloop
  endfacet
  facet normal -0.00455356 -0.195889 0.980616
    outer loop
      vertex 0.464225 131.05 226.483
      vertex 1.26731 130.973 226.471
      vertex 1.26208 131.101 226.497
    endloop
  endfacet
  facet normal -0.00454245 -0.195776 0.980638
    outer loop
      vertex 1.26731 130.973 226.471
      vertex 0.464225 131.05 226.483
      vertex 0.469459 130.922 226.458
    endloop
  endfacet
  facet normal 0.0292584 -0.658824 0.751728
    outer loop
      vertex 0.443651 131.498 226.742
      vertex 1.24642 131.451 226.67
      vertex 1.24151 131.549 226.756
    endloop
  endfacet
  facet normal 0.0292572 -0.658833 0.75172
    outer loop
      vertex 1.24642 131.451 226.67
      vertex 0.443651 131.498 226.742
      vertex 0.448561 131.399 226.656
    endloop
  endfacet
  facet normal 0.0212054 -0.555392 0.831319
    outer loop
      vertex 0.448561 131.399 226.656
      vertex 1.25154 131.342 226.597
      vertex 1.24642 131.451 226.67
    endloop
  endfacet
  facet normal 0.0212151 -0.55531 0.831373
    outer loop
      vertex 1.25154 131.342 226.597
      vertex 0.448561 131.399 226.656
      vertex 0.453686 131.291 226.583
    endloop
  endfacet
  facet normal 0.0629462 -0.995872 0.0653935
    outer loop
      vertex 0.422967 131.79 227.449
      vertex 1.2229 131.833 227.333
      vertex 1.22082 131.841 227.463
    endloop
  endfacet
  facet normal 0.0629451 -0.995873 0.0653859
    outer loop
      vertex 1.2229 131.833 227.333
      vertex 0.422967 131.79 227.449
      vertex 0.42505 131.781 227.319
    endloop
  endfacet
  facet normal 0.0498907 -0.8955 0.442256
    outer loop
      vertex 0.434805 131.656 226.949
      vertex 1.22887 131.765 227.081
      vertex 0.43102 131.714 227.067
    endloop
  endfacet
  facet normal 0.0498907 -0.8955 0.442256
    outer loop
      vertex 1.22887 131.765 227.081
      vertex 0.434805 131.656 226.949
      vertex 1.23266 131.708 226.963
    endloop
  endfacet
  facet normal 0.0440154 -0.440243 -0.896799
    outer loop
      vertex 0.428834 131.238 228.34
      vertex 1.22858 131.223 228.387
      vertex 0.430394 131.172 228.373
    endloop
  endfacet
  facet normal 0.0440248 -0.440481 -0.896682
    outer loop
      vertex 0.429489 131.289 228.315
      vertex 1.22883 131.321 228.338
      vertex 1.22792 131.251 228.373
    endloop
  endfacet
  facet normal 0.0440266 -0.440005 -0.896915
    outer loop
      vertex 1.22858 131.223 228.387
      vertex 0.428834 131.238 228.34
      vertex 1.22792 131.251 228.373
    endloop
  endfacet
  facet normal 0.0440246 -0.440484 -0.89668
    outer loop
      vertex 0.429489 131.289 228.315
      vertex 1.22792 131.251 228.373
      vertex 0.428834 131.238 228.34
    endloop
  endfacet
  facet normal 0.0440112 -0.439955 -0.896941
    outer loop
      vertex 1.22883 131.321 228.338
      vertex 0.429489 131.289 228.315
      vertex 1.22822 131.341 228.329
    endloop
  endfacet
  facet normal 0.0215824 -0.0641908 -0.997704
    outer loop
      vertex 0.437211 130.92 228.44
      vertex 1.23933 130.84 228.463
      vertex 0.44115 130.789 228.449
    endloop
  endfacet
  facet normal 0.0215831 -0.0641834 -0.997705
    outer loop
      vertex 1.23933 130.84 228.463
      vertex 0.437211 130.92 228.44
      vertex 1.23539 130.971 228.454
    endloop
  endfacet
  facet normal 0.0630949 -0.829127 -0.555488
    outer loop
      vertex 0.42265 131.583 228.058
      vertex 1.2192 131.707 227.963
      vertex 1.2205 131.634 228.072
    endloop
  endfacet
  facet normal 0.0630949 -0.829127 -0.555488
    outer loop
      vertex 1.2192 131.707 227.963
      vertex 0.42265 131.583 228.058
      vertex 0.421344 131.656 227.949
    endloop
  endfacet
  facet normal 0.0597724 -0.749527 -0.65927
    outer loop
      vertex 0.424614 131.496 228.156
      vertex 1.2205 131.634 228.072
      vertex 1.22247 131.548 228.17
    endloop
  endfacet
  facet normal 0.0597893 -0.749584 -0.659204
    outer loop
      vertex 1.2205 131.634 228.072
      vertex 0.424614 131.496 228.156
      vertex 0.42265 131.583 228.058
    endloop
  endfacet
  facet normal 0.0664145 -0.944602 -0.321428
    outer loop
      vertex 0.420717 131.713 227.832
      vertex 1.21864 131.807 227.722
      vertex 1.21857 131.765 227.846
    endloop
  endfacet
  facet normal 0.0664145 -0.944602 -0.321428
    outer loop
      vertex 1.21864 131.807 227.722
      vertex 0.420717 131.713 227.832
      vertex 0.420782 131.756 227.708
    endloop
  endfacet
  facet normal -0.063069 0.829126 0.555492
    outer loop
      vertex 1.28904 130.049 226.854
      vertex 0.491434 129.924 226.948
      vertex 1.28962 129.976 226.962
    endloop
  endfacet
  facet normal -0.063069 0.829126 0.555492
    outer loop
      vertex 0.491434 129.924 226.948
      vertex 1.28904 130.049 226.854
      vertex 0.490854 129.997 226.84
    endloop
  endfacet
  facet normal -0.0554325 0.657097 0.751765
    outer loop
      vertex 0.487961 130.182 226.655
      vertex 1.28787 130.135 226.755
      vertex 1.28614 130.233 226.669
    endloop
  endfacet
  facet normal -0.0554214 0.657164 0.751708
    outer loop
      vertex 1.28787 130.135 226.755
      vertex 0.487961 130.182 226.655
      vertex 0.48969 130.084 226.741
    endloop
  endfacet
  facet normal -0.0371305 0.319524 0.946851
    outer loop
      vertex 0.480076 130.532 226.483
      vertex 1.27922 130.533 226.514
      vertex 1.27966 130.584 226.497
    endloop
  endfacet
  facet normal -0.0371286 0.319671 0.946801
    outer loop
      vertex 1.27922 130.533 226.514
      vertex 0.480076 130.532 226.483
      vertex 0.479988 130.522 226.486
    endloop
  endfacet
  facet normal -0.0371287 0.319717 0.946785
    outer loop
      vertex 1.27922 130.533 226.514
      vertex 0.479988 130.522 226.486
      vertex 0.482934 130.408 226.525
    endloop
  endfacet
  facet normal -0.0371374 0.319771 0.946767
    outer loop
      vertex 1.28112 130.46 226.539
      vertex 1.27922 130.533 226.514
      vertex 0.482934 130.408 226.525
    endloop
  endfacet
  facet normal 0.00455222 0.195771 -0.980639
    outer loop
      vertex 0.445354 130.658 228.44
      vertex 1.24793 130.582 228.428
      vertex 0.449751 130.53 228.414
    endloop
  endfacet
  facet normal 0.00455444 0.195793 -0.980635
    outer loop
      vertex 1.24793 130.582 228.428
      vertex 0.445354 130.658 228.44
      vertex 1.24354 130.71 228.454
    endloop
  endfacet
  facet normal -0.0215891 0.0641773 0.997705
    outer loop
      vertex 0.47455 130.791 226.449
      vertex 1.27726 130.712 226.471
      vertex 1.2724 130.842 226.463
    endloop
  endfacet
  facet normal -0.0215891 0.0641773 0.997705
    outer loop
      vertex 1.27726 130.712 226.471
      vertex 0.47455 130.791 226.449
      vertex 0.47941 130.661 226.457
    endloop
  endfacet
  facet normal -0.0501579 0.553494 0.831341
    outer loop
      vertex 0.485696 130.291 226.583
      vertex 1.28614 130.233 226.669
      vertex 1.28388 130.342 226.597
    endloop
  endfacet
  facet normal -0.0501579 0.553494 0.831341
    outer loop
      vertex 1.28614 130.233 226.669
      vertex 0.485696 130.291 226.583
      vertex 0.487961 130.182 226.655
    endloop
  endfacet
  facet normal -0.0367884 0.750946 -0.659338
    outer loop
      vertex 0.471966 129.996 228.057
      vertex 1.26593 130.133 228.169
      vertex 1.27015 130.047 228.071
    endloop
  endfacet
  facet normal -0.0368076 0.751003 -0.659273
    outer loop
      vertex 1.26593 130.133 228.169
      vertex 0.471966 129.996 228.057
      vertex 0.46775 130.082 228.155
    endloop
  endfacet
  facet normal -0.00414977 0.321858 -0.946779
    outer loop
      vertex 0.449751 130.53 228.414
      vertex 1.25245 130.458 228.386
      vertex 0.454267 130.406 228.372
    endloop
  endfacet
  facet normal -0.00415342 0.321823 -0.946791
    outer loop
      vertex 1.25245 130.458 228.386
      vertex 0.449751 130.53 228.414
      vertex 1.24793 130.582 228.428
    endloop
  endfacet
  facet normal -0.0127825 0.442293 -0.89678
    outer loop
      vertex 0.454267 130.406 228.372
      vertex 1.25701 130.34 228.328
      vertex 0.458824 130.289 228.314
    endloop
  endfacet
  facet normal -0.0127774 0.442339 -0.896757
    outer loop
      vertex 1.25701 130.34 228.328
      vertex 0.454267 130.406 228.372
      vertex 1.25245 130.458 228.386
    endloop
  endfacet
  facet normal -0.0653134 0.894537 0.442196
    outer loop
      vertex 1.28962 129.976 226.962
      vertex 0.491418 129.866 227.066
      vertex 1.2896 129.918 227.08
    endloop
  endfacet
  facet normal -0.065295 0.894492 0.442291
    outer loop
      vertex 0.491418 129.866 227.066
      vertex 1.28962 129.976 226.962
      vertex 0.491434 129.924 226.948
    endloop
  endfacet
  facet normal -0.0664234 0.944608 0.32141
    outer loop
      vertex 1.2896 129.918 227.08
      vertex 0.490808 129.824 227.189
      vertex 1.28899 129.876 227.203
    endloop
  endfacet
  facet normal -0.0664234 0.944608 0.32141
    outer loop
      vertex 0.490808 129.824 227.189
      vertex 1.2896 129.918 227.08
      vertex 0.491418 129.866 227.066
    endloop
  endfacet
  facet normal -0.0440237 0.440392 0.896726
    outer loop
      vertex 0.482934 130.408 226.525
      vertex 1.28388 130.342 226.597
      vertex 1.28112 130.46 226.539
    endloop
  endfacet
  facet normal -0.0440237 0.440392 0.896726
    outer loop
      vertex 1.28388 130.342 226.597
      vertex 0.482934 130.408 226.525
      vertex 0.485696 130.291 226.583
    endloop
  endfacet
  facet normal -0.0597653 0.749595 0.659193
    outer loop
      vertex 1.28787 130.135 226.755
      vertex 0.490854 129.997 226.84
      vertex 1.28904 130.049 226.854
    endloop
  endfacet
  facet normal -0.0597505 0.749545 0.659251
    outer loop
      vertex 0.490854 129.997 226.84
      vertex 1.28787 130.135 226.755
      vertex 0.48969 130.084 226.741
    endloop
  endfacet
  facet normal -0.0552245 0.945319 -0.321438
    outer loop
      vertex 0.482777 129.824 227.707
      vertex 1.27773 129.917 227.845
      vertex 1.28096 129.875 227.721
    endloop
  endfacet
  facet normal -0.0552245 0.945319 -0.321438
    outer loop
      vertex 1.27773 129.917 227.845
      vertex 0.482777 129.824 227.707
      vertex 0.479544 129.866 227.831
    endloop
  endfacet
  facet normal -0.043737 0.83043 -0.555404
    outer loop
      vertex 0.47592 129.923 227.948
      vertex 1.27015 130.047 228.071
      vertex 1.2741 129.975 227.962
    endloop
  endfacet
  facet normal -0.0437163 0.830377 -0.555484
    outer loop
      vertex 1.27015 130.047 228.071
      vertex 0.47592 129.923 227.948
      vertex 0.471966 129.996 228.057
    endloop
  endfacet
  facet normal -0.0292606 0.658868 -0.75169
    outer loop
      vertex 0.463344 130.18 228.242
      vertex 1.26593 130.133 228.169
      vertex 0.46775 130.082 228.155
    endloop
  endfacet
  facet normal -0.0292606 0.658868 -0.75169
    outer loop
      vertex 1.26593 130.133 228.169
      vertex 0.463344 130.18 228.242
      vertex 1.26153 130.232 228.256
    endloop
  endfacet
  facet normal -0.0629575 0.995873 -0.065378
    outer loop
      vertex 1.28604 129.841 227.462
      vertex 0.485564 129.798 227.579
      vertex 1.28375 129.85 227.593
    endloop
  endfacet
  facet normal -0.0629575 0.995873 -0.065378
    outer loop
      vertex 0.485564 129.798 227.579
      vertex 1.28604 129.841 227.462
      vertex 0.487856 129.79 227.448
    endloop
  endfacet
  facet normal -0.0499071 0.895526 -0.442201
    outer loop
      vertex 0.479544 129.866 227.831
      vertex 1.2741 129.975 227.962
      vertex 1.27773 129.917 227.845
    endloop
  endfacet
  facet normal -0.0499071 0.895526 -0.442201
    outer loop
      vertex 1.2741 129.975 227.962
      vertex 0.479544 129.866 227.831
      vertex 0.47592 129.923 227.948
    endloop
  endfacet
  facet normal -0.0596022 0.978982 -0.195042
    outer loop
      vertex 1.28375 129.85 227.593
      vertex 0.482777 129.824 227.707
      vertex 1.28096 129.875 227.721
    endloop
  endfacet
  facet normal -0.0596022 0.978982 -0.195042
    outer loop
      vertex 0.482777 129.824 227.707
      vertex 1.28375 129.85 227.593
      vertex 0.485564 129.798 227.579
    endloop
  endfacet
  facet normal -0.0131691 -0.066402 0.997706
    outer loop
      vertex 0.480536 107.585 223.104
      vertex 1.27609 107.505 223.109
      vertex 1.28264 107.636 223.118
    endloop
  endfacet
  facet normal -0.0131691 -0.066402 0.997706
    outer loop
      vertex 1.27609 107.505 223.109
      vertex 0.480536 107.585 223.104
      vertex 0.473989 107.454 223.095
    endloop
  endfacet
  facet normal 0.0652247 -0.995725 -0.0654055
    outer loop
      vertex 0.482351 108.456 224.097
      vertex 1.27816 108.499 224.241
      vertex 0.476058 108.447 224.227
    endloop
  endfacet
  facet normal 0.065226 -0.995724 -0.065413
    outer loop
      vertex 1.27816 108.499 224.241
      vertex 0.482351 108.456 224.097
      vertex 1.28446 108.508 224.111
    endloop
  endfacet
  facet normal -0.0652201 0.995729 0.0653502
    outer loop
      vertex 0.351691 106.452 223.962
      vertex 1.14721 106.495 224.106
      vertex 1.15504 106.504 223.976
    endloop
  endfacet
  facet normal -0.0652302 0.995724 0.0654075
    outer loop
      vertex 1.14721 106.495 224.106
      vertex 0.351691 106.452 223.962
      vertex 0.343858 106.443 224.092
    endloop
  endfacet
  facet normal -0.036798 0.751035 -0.659237
    outer loop
      vertex 1.1304 106.701 224.715
      vertex 0.32857 106.736 224.799
      vertex 1.13192 106.787 224.813
    endloop
  endfacet
  facet normal -0.0368027 0.751006 -0.659269
    outer loop
      vertex 0.32857 106.736 224.799
      vertex 1.1304 106.701 224.715
      vertex 0.327055 106.649 224.701
    endloop
  endfacet
  facet normal 0.0368061 -0.751003 0.659272
    outer loop
      vertex 0.498609 108.25 223.488
      vertex 1.30053 108.215 223.403
      vertex 1.30071 108.302 223.502
    endloop
  endfacet
  facet normal 0.0367978 -0.751054 0.659215
    outer loop
      vertex 1.30053 108.215 223.403
      vertex 0.498609 108.25 223.488
      vertex 0.498429 108.164 223.389
    endloop
  endfacet
  facet normal 0.0554326 -0.657128 -0.751738
    outer loop
      vertex 1.2282 108.112 224.903
      vertex 0.435173 108.16 224.803
      vertex 1.23728 108.211 224.817
    endloop
  endfacet
  facet normal 0.0554375 -0.657099 -0.751763
    outer loop
      vertex 0.435173 108.16 224.803
      vertex 1.2282 108.112 224.903
      vertex 0.426094 108.061 224.889
    endloop
  endfacet
  facet normal 0.0652996 -0.894527 -0.442218
    outer loop
      vertex 0.461192 108.379 224.479
      vertex 1.25498 108.372 224.61
      vertex 0.452873 108.32 224.596
    endloop
  endfacet
  facet normal 0.0652996 -0.894527 -0.442218
    outer loop
      vertex 1.25498 108.372 224.61
      vertex 0.461192 108.379 224.479
      vertex 1.2633 108.43 224.493
    endloop
  endfacet
  facet normal -0.0554326 0.657184 0.751689
    outer loop
      vertex 0.418608 106.84 223.3
      vertex 1.20936 106.792 223.4
      vertex 1.22196 106.892 223.314
    endloop
  endfacet
  facet normal -0.0554436 0.657119 0.751745
    outer loop
      vertex 1.20936 106.792 223.4
      vertex 0.418608 106.84 223.3
      vertex 0.406016 106.741 223.386
    endloop
  endfacet
  facet normal 0.0127941 -0.442399 0.896727
    outer loop
      vertex 0.494542 107.956 223.23
      vertex 1.29301 107.89 223.186
      vertex 1.29665 108.008 223.244
    endloop
  endfacet
  facet normal 0.0127966 -0.442376 0.896738
    outer loop
      vertex 1.29301 107.89 223.186
      vertex 0.494542 107.956 223.23
      vertex 0.490901 107.838 223.172
    endloop
  endfacet
  facet normal -0.00454078 -0.195833 0.980627
    outer loop
      vertex 0.486206 107.714 223.13
      vertex 1.28264 107.636 223.118
      vertex 1.28831 107.765 223.144
    endloop
  endfacet
  facet normal -0.00454078 -0.195833 0.980627
    outer loop
      vertex 1.28264 107.636 223.118
      vertex 0.486206 107.714 223.13
      vertex 0.480536 107.585 223.104
    endloop
  endfacet
  facet normal 0.0552235 -0.945344 0.321364
    outer loop
      vertex 0.495427 108.381 223.714
      vertex 1.29422 108.474 223.852
      vertex 0.492119 108.423 223.838
    endloop
  endfacet
  facet normal 0.0552125 -0.945327 0.321416
    outer loop
      vertex 1.29422 108.474 223.852
      vertex 0.495427 108.381 223.714
      vertex 1.29753 108.432 223.728
    endloop
  endfacet
  facet normal 0.0498949 -0.89554 0.442175
    outer loop
      vertex 0.495427 108.381 223.714
      vertex 1.29971 108.375 223.611
      vertex 1.29753 108.432 223.728
    endloop
  endfacet
  facet normal 0.049901 -0.895517 0.442221
    outer loop
      vertex 1.29971 108.375 223.611
      vertex 0.495427 108.381 223.714
      vertex 0.497603 108.323 223.597
    endloop
  endfacet
  facet normal 0.037149 -0.319718 -0.946784
    outer loop
      vertex 0.407309 107.833 225.019
      vertex 1.20857 107.858 225.042
      vertex 1.19547 107.759 225.074
    endloop
  endfacet
  facet normal 0.0371516 -0.319834 -0.946745
    outer loop
      vertex 1.20857 107.858 225.042
      vertex 0.407309 107.833 225.019
      vertex 1.21036 107.884 225.033
    endloop
  endfacet
  facet normal 0.0371451 -0.319752 -0.946773
    outer loop
      vertex 1.19547 107.759 225.074
      vertex 0.394408 107.736 225.051
      vertex 0.407309 107.833 225.019
    endloop
  endfacet
  facet normal 0.0371434 -0.319664 -0.946803
    outer loop
      vertex 0.394408 107.736 225.051
      vertex 1.19547 107.759 225.074
      vertex 0.391681 107.708 225.06
    endloop
  endfacet
  facet normal 0.0501602 -0.553496 -0.83134
    outer loop
      vertex 1.21917 108.003 224.975
      vertex 0.426094 108.061 224.889
      vertex 1.2282 108.112 224.903
    endloop
  endfacet
  facet normal 0.0501602 -0.553496 -0.83134
    outer loop
      vertex 0.426094 108.061 224.889
      vertex 1.21917 108.003 224.975
      vertex 0.417069 107.951 224.961
    endloop
  endfacet
  facet normal 0.0664107 -0.944618 -0.321381
    outer loop
      vertex 0.468965 108.421 224.355
      vertex 1.2633 108.43 224.493
      vertex 0.461192 108.379 224.479
    endloop
  endfacet
  facet normal 0.0664107 -0.944618 -0.321381
    outer loop
      vertex 1.2633 108.43 224.493
      vertex 0.468965 108.421 224.355
      vertex 1.27107 108.473 224.369
    endloop
  endfacet
  facet normal -0.0663889 0.978534 0.195099
    outer loop
      vertex 0.360758 106.478 223.833
      vertex 1.15504 106.504 223.976
      vertex 1.16411 106.53 223.847
    endloop
  endfacet
  facet normal -0.0663832 0.978541 0.195066
    outer loop
      vertex 1.15504 106.504 223.976
      vertex 0.360758 106.478 223.833
      vertex 0.351691 106.452 223.962
    endloop
  endfacet
  facet normal -0.0437259 0.830368 -0.555498
    outer loop
      vertex 1.13054 106.628 224.606
      vertex 0.327055 106.649 224.701
      vertex 1.1304 106.701 224.715
    endloop
  endfacet
  facet normal -0.0437259 0.830368 -0.555498
    outer loop
      vertex 0.327055 106.649 224.701
      vertex 1.13054 106.628 224.606
      vertex 0.327196 106.576 224.592
    endloop
  endfacet
  facet normal -0.059597 0.978986 -0.195026
    outer loop
      vertex 0.337395 106.451 224.222
      vertex 1.13576 106.528 224.365
      vertex 1.14074 106.503 224.236
    endloop
  endfacet
  facet normal -0.0595861 0.978975 -0.195082
    outer loop
      vertex 1.13576 106.528 224.365
      vertex 0.337395 106.451 224.222
      vertex 0.332411 106.477 224.351
    endloop
  endfacet
  facet normal -0.0212014 0.55537 -0.831333
    outer loop
      vertex 1.13506 106.886 224.9
      vertex 0.336438 106.944 224.959
      vertex 1.13979 106.995 224.973
    endloop
  endfacet
  facet normal -0.0212014 0.55537 -0.831333
    outer loop
      vertex 0.336438 106.944 224.959
      vertex 1.13506 106.886 224.9
      vertex 0.331715 106.834 224.886
    endloop
  endfacet
  facet normal 0.00455565 0.195758 -0.980642
    outer loop
      vertex 1.15361 107.238 225.073
      vertex 0.359132 107.315 225.085
      vertex 1.16248 107.367 225.099
    endloop
  endfacet
  facet normal 0.00455565 0.195758 -0.980642
    outer loop
      vertex 0.359132 107.315 225.085
      vertex 1.15361 107.238 225.073
      vertex 0.350264 107.186 225.059
    endloop
  endfacet
  facet normal 0.00415888 -0.321777 0.946806
    outer loop
      vertex 0.490901 107.838 223.172
      vertex 1.28831 107.765 223.144
      vertex 1.29301 107.89 223.186
    endloop
  endfacet
  facet normal 0.00415706 -0.321795 0.9468
    outer loop
      vertex 1.28831 107.765 223.144
      vertex 0.490901 107.838 223.172
      vertex 0.486206 107.714 223.13
    endloop
  endfacet
  facet normal 0.0292426 -0.658818 0.751734
    outer loop
      vertex 0.498429 108.164 223.389
      vertex 1.29917 108.117 223.317
      vertex 1.30053 108.215 223.403
    endloop
  endfacet
  facet normal 0.0292426 -0.658818 0.751734
    outer loop
      vertex 1.29917 108.117 223.317
      vertex 0.498429 108.164 223.389
      vertex 0.497066 108.065 223.303
    endloop
  endfacet
  facet normal 0.0211961 -0.555424 0.831297
    outer loop
      vertex 0.497066 108.065 223.303
      vertex 1.29665 108.008 223.244
      vertex 1.29917 108.117 223.317
    endloop
  endfacet
  facet normal 0.0212058 -0.555344 0.83135
    outer loop
      vertex 1.29665 108.008 223.244
      vertex 0.497066 108.065 223.303
      vertex 0.494542 107.956 223.23
    endloop
  endfacet
  facet normal 0.0595986 -0.978976 0.195072
    outer loop
      vertex 0.492119 108.423 223.838
      vertex 1.28984 108.5 223.98
      vertex 0.487735 108.448 223.966
    endloop
  endfacet
  facet normal 0.0595986 -0.978976 0.195072
    outer loop
      vertex 1.28984 108.5 223.98
      vertex 0.492119 108.423 223.838
      vertex 1.29422 108.474 223.852
    endloop
  endfacet
  facet normal 0.0629453 -0.995869 0.0654365
    outer loop
      vertex 0.487735 108.448 223.966
      vertex 1.28446 108.508 224.111
      vertex 0.482351 108.456 224.097
    endloop
  endfacet
  facet normal 0.0629559 -0.995873 0.0653789
    outer loop
      vertex 1.28446 108.508 224.111
      vertex 0.487735 108.448 223.966
      vertex 1.28984 108.5 223.98
    endloop
  endfacet
  facet normal 0.0437271 -0.830359 0.55551
    outer loop
      vertex 0.497603 108.323 223.597
      vertex 1.30071 108.302 223.502
      vertex 1.29971 108.375 223.611
    endloop
  endfacet
  facet normal 0.0437271 -0.830359 0.55551
    outer loop
      vertex 1.30071 108.302 223.502
      vertex 0.497603 108.323 223.597
      vertex 0.498609 108.25 223.488
    endloop
  endfacet
  facet normal 0.0440242 -0.440409 -0.896717
    outer loop
      vertex 1.21036 107.884 225.033
      vertex 0.417069 107.951 224.961
      vertex 1.21917 108.003 224.975
    endloop
  endfacet
  facet normal 0.0440243 -0.440408 -0.896718
    outer loop
      vertex 1.21036 107.884 225.033
      vertex 0.409275 107.847 225.012
      vertex 0.417069 107.951 224.961
    endloop
  endfacet
  facet normal 0.0440054 -0.439863 -0.896986
    outer loop
      vertex 0.409275 107.847 225.012
      vertex 1.21036 107.884 225.033
      vertex 0.407309 107.833 225.019
    endloop
  endfacet
  facet normal 0.0295971 -0.193178 -0.980717
    outer loop
      vertex 1.19383 107.746 225.077
      vertex 0.391681 107.708 225.06
      vertex 1.19547 107.759 225.074
    endloop
  endfacet
  facet normal 0.0296155 -0.193599 -0.980634
    outer loop
      vertex 1.18337 107.63 225.1
      vertex 0.391681 107.708 225.06
      vertex 1.19383 107.746 225.077
    endloop
  endfacet
  facet normal 0.0296151 -0.193602 -0.980633
    outer loop
      vertex 0.391681 107.708 225.06
      vertex 1.18337 107.63 225.1
      vertex 0.380019 107.578 225.085
    endloop
  endfacet
  facet normal 0.0215847 -0.0641911 -0.997704
    outer loop
      vertex 1.17245 107.499 225.108
      vertex 0.380019 107.578 225.085
      vertex 1.18337 107.63 225.1
    endloop
  endfacet
  facet normal 0.0215847 -0.0641911 -0.997704
    outer loop
      vertex 0.380019 107.578 225.085
      vertex 1.17245 107.499 225.108
      vertex 0.369107 107.447 225.094
    endloop
  endfacet
  facet normal 0.0131792 0.0664092 -0.997705
    outer loop
      vertex 1.16248 107.367 225.099
      vertex 0.369107 107.447 225.094
      vertex 1.17245 107.499 225.108
    endloop
  endfacet
  facet normal 0.0131792 0.0664092 -0.997705
    outer loop
      vertex 0.369107 107.447 225.094
      vertex 1.16248 107.367 225.099
      vertex 0.359132 107.315 225.085
    endloop
  endfacet
  facet normal 0.0630815 -0.829126 -0.555491
    outer loop
      vertex 0.452873 108.32 224.596
      vertex 1.24625 108.298 224.719
      vertex 0.44415 108.247 224.705
    endloop
  endfacet
  facet normal 0.0630723 -0.829163 -0.555438
    outer loop
      vertex 1.24625 108.298 224.719
      vertex 0.452873 108.32 224.596
      vertex 1.25498 108.372 224.61
    endloop
  endfacet
  facet normal 0.0597642 -0.749563 -0.659229
    outer loop
      vertex 0.44415 108.247 224.705
      vertex 1.23728 108.211 224.817
      vertex 0.435173 108.16 224.803
    endloop
  endfacet
  facet normal 0.0597744 -0.749512 -0.659286
    outer loop
      vertex 1.23728 108.211 224.817
      vertex 0.44415 108.247 224.705
      vertex 1.24625 108.298 224.719
    endloop
  endfacet
  facet normal 0.0663856 -0.978537 -0.195086
    outer loop
      vertex 0.476058 108.447 224.227
      vertex 1.27107 108.473 224.369
      vertex 0.468965 108.421 224.355
    endloop
  endfacet
  facet normal 0.0663856 -0.978537 -0.195086
    outer loop
      vertex 1.27107 108.473 224.369
      vertex 0.476058 108.447 224.227
      vertex 1.27816 108.499 224.241
    endloop
  endfacet
  facet normal -0.0664127 0.944616 0.321389
    outer loop
      vertex 0.370906 106.521 223.71
      vertex 1.16411 106.53 223.847
      vertex 1.17425 106.573 223.724
    endloop
  endfacet
  facet normal -0.0664127 0.944616 0.321389
    outer loop
      vertex 1.16411 106.53 223.847
      vertex 0.370906 106.521 223.71
      vertex 0.360758 106.478 223.833
    endloop
  endfacet
  facet normal -0.0630814 0.829136 0.555476
    outer loop
      vertex 0.39373 106.653 223.484
      vertex 1.18531 106.632 223.607
      vertex 1.19708 106.705 223.498
    endloop
  endfacet
  facet normal -0.0630814 0.829136 0.555476
    outer loop
      vertex 1.18531 106.632 223.607
      vertex 0.39373 106.653 223.484
      vertex 0.381959 106.58 223.593
    endloop
  endfacet
  facet normal -0.0501631 0.553427 0.831386
    outer loop
      vertex 0.43129 106.95 223.228
      vertex 1.22196 106.892 223.314
      vertex 1.23464 107.002 223.242
    endloop
  endfacet
  facet normal -0.0501515 0.553507 0.831333
    outer loop
      vertex 1.22196 106.892 223.314
      vertex 0.43129 106.95 223.228
      vertex 0.418608 106.84 223.3
    endloop
  endfacet
  facet normal -0.0296034 0.19357 0.98064
    outer loop
      vertex 0.466677 107.322 223.104
      vertex 1.26083 107.245 223.143
      vertex 1.26878 107.374 223.118
    endloop
  endfacet
  facet normal -0.0296022 0.193581 0.980638
    outer loop
      vertex 1.26083 107.245 223.143
      vertex 0.466677 107.322 223.104
      vertex 0.458724 107.193 223.129
    endloop
  endfacet
  facet normal -0.0499 0.895511 -0.442232
    outer loop
      vertex 1.13234 106.57 224.489
      vertex 0.327196 106.576 224.592
      vertex 1.13054 106.628 224.606
    endloop
  endfacet
  facet normal -0.0499 0.895511 -0.442232
    outer loop
      vertex 0.327196 106.576 224.592
      vertex 1.13234 106.57 224.489
      vertex 0.328992 106.519 224.475
    endloop
  endfacet
  facet normal -0.0629518 0.995873 -0.0653831
    outer loop
      vertex 0.343858 106.443 224.092
      vertex 1.14074 106.503 224.236
      vertex 1.14721 106.495 224.106
    endloop
  endfacet
  facet normal -0.0629518 0.995873 -0.0653831
    outer loop
      vertex 1.14074 106.503 224.236
      vertex 0.343858 106.443 224.092
      vertex 0.337395 106.451 224.222
    endloop
  endfacet
  facet normal -0.0292517 0.658816 -0.751735
    outer loop
      vertex 1.13192 106.787 224.813
      vertex 0.331715 106.834 224.886
      vertex 1.13506 106.886 224.9
    endloop
  endfacet
  facet normal -0.0292478 0.658845 -0.75171
    outer loop
      vertex 0.331715 106.834 224.886
      vertex 1.13192 106.787 224.813
      vertex 0.32857 106.736 224.799
    endloop
  endfacet
  facet normal -0.00415257 0.321856 -0.94678
    outer loop
      vertex 1.146 107.113 225.031
      vertex 0.350264 107.186 225.059
      vertex 1.15361 107.238 225.073
    endloop
  endfacet
  facet normal -0.00415257 0.321856 -0.94678
    outer loop
      vertex 0.350264 107.186 225.059
      vertex 1.146 107.113 225.031
      vertex 0.342656 107.062 225.017
    endloop
  endfacet
  facet normal -0.0653082 0.894509 0.442254
    outer loop
      vertex 0.381959 106.58 223.593
      vertex 1.17425 106.573 223.724
      vertex 1.18531 106.632 223.607
    endloop
  endfacet
  facet normal -0.0653005 0.894532 0.442208
    outer loop
      vertex 1.17425 106.573 223.724
      vertex 0.381959 106.58 223.593
      vertex 0.370906 106.521 223.71
    endloop
  endfacet
  facet normal -0.0597744 0.74955 0.659243
    outer loop
      vertex 0.406016 106.741 223.386
      vertex 1.19708 106.705 223.498
      vertex 1.20936 106.792 223.4
    endloop
  endfacet
  facet normal -0.0597744 0.74955 0.659243
    outer loop
      vertex 1.19708 106.705 223.498
      vertex 0.406016 106.741 223.386
      vertex 0.39373 106.653 223.484
    endloop
  endfacet
  facet normal -0.0440332 0.440323 0.896759
    outer loop
      vertex 0.446752 107.068 223.17
      vertex 1.2348 107.003 223.241
      vertex 1.25153 107.12 223.185
    endloop
  endfacet
  facet normal -0.0436347 0.443472 0.895226
    outer loop
      vertex 0.446752 107.068 223.17
      vertex 1.23464 107.002 223.242
      vertex 1.2348 107.003 223.241
    endloop
  endfacet
  facet normal -0.0440259 0.440441 0.896702
    outer loop
      vertex 0.435534 106.99 223.208
      vertex 1.23464 107.002 223.242
      vertex 0.446752 107.068 223.17
    endloop
  endfacet
  facet normal -0.0440267 0.440314 0.896764
    outer loop
      vertex 1.23464 107.002 223.242
      vertex 0.435534 106.99 223.208
      vertex 0.43129 106.95 223.228
    endloop
  endfacet
  facet normal -0.0215727 0.0641781 0.997705
    outer loop
      vertex 0.473989 107.454 223.095
      vertex 1.26878 107.374 223.118
      vertex 1.27609 107.505 223.109
    endloop
  endfacet
  facet normal -0.0215731 0.0641744 0.997705
    outer loop
      vertex 1.26878 107.374 223.118
      vertex 0.473989 107.454 223.095
      vertex 0.466677 107.322 223.104
    endloop
  endfacet
  facet normal -0.0552111 0.94533 -0.321408
    outer loop
      vertex 0.332411 106.477 224.351
      vertex 1.13234 106.57 224.489
      vertex 1.13576 106.528 224.365
    endloop
  endfacet
  facet normal -0.055222 0.945347 -0.321356
    outer loop
      vertex 1.13234 106.57 224.489
      vertex 0.332411 106.477 224.351
      vertex 0.328992 106.519 224.475
    endloop
  endfacet
  facet normal -0.0127863 0.442397 -0.896728
    outer loop
      vertex 1.13979 106.995 224.973
      vertex 0.342656 107.062 225.017
      vertex 1.146 107.113 225.031
    endloop
  endfacet
  facet normal -0.0127863 0.442397 -0.896728
    outer loop
      vertex 0.342656 107.062 225.017
      vertex 1.13979 106.995 224.973
      vertex 0.336438 106.944 224.959
    endloop
  endfacet
  facet normal -0.0371321 0.319787 0.946762
    outer loop
      vertex 0.458724 107.193 223.129
      vertex 1.25325 107.133 223.18
      vertex 1.26083 107.245 223.143
    endloop
  endfacet
  facet normal -0.0371173 0.319939 0.946711
    outer loop
      vertex 1.25325 107.133 223.18
      vertex 0.458724 107.193 223.129
      vertex 1.25153 107.12 223.185
    endloop
  endfacet
  facet normal -0.0371401 0.319742 0.946777
    outer loop
      vertex 0.453914 107.122 223.152
      vertex 1.25153 107.12 223.185
      vertex 0.458724 107.193 223.129
    endloop
  endfacet
  facet normal -0.0371418 0.319639 0.946811
    outer loop
      vertex 1.25153 107.12 223.185
      vertex 0.453914 107.122 223.152
      vertex 0.446752 107.068 223.17
    endloop
  endfacet
  facet normal -0.0131679 -0.066403 0.997706
    outer loop
      vertex -0.419631 99.1921 223.079
      vertex 0.368136 99.112 223.084
      vertex 0.386896 99.244 223.093
    endloop
  endfacet
  facet normal -0.0131679 -0.066403 0.997706
    outer loop
      vertex 0.368136 99.112 223.084
      vertex -0.419631 99.1921 223.079
      vertex -0.438391 99.0601 223.07
    endloop
  endfacet
  facet normal 0.065231 -0.995724 -0.0654041
    outer loop
      vertex -0.370442 100.067 224.072
      vertex 0.424226 100.109 224.217
      vertex -0.382302 100.057 224.203
    endloop
  endfacet
  facet normal 0.0652323 -0.995724 -0.0654116
    outer loop
      vertex 0.424226 100.109 224.217
      vertex -0.370442 100.067 224.072
      vertex 0.436086 100.118 224.086
    endloop
  endfacet
  facet normal -0.0652308 0.995724 0.0654077
    outer loop
      vertex -0.701904 98.0496 223.934
      vertex 0.0921756 98.0922 224.078
      vertex 0.106652 98.1017 223.948
    endloop
  endfacet
  facet normal -0.0652194 0.995729 0.0653433
    outer loop
      vertex 0.0921756 98.0922 224.078
      vertex -0.701904 98.0496 223.934
      vertex -0.71638 98.0401 224.064
    endloop
  endfacet
  facet normal 0.0368136 -0.751024 0.659248
    outer loop
      vertex -0.351874 99.8607 223.464
      vertex 0.449774 99.8258 223.379
      vertex 0.454653 99.9126 223.478
    endloop
  endfacet
  facet normal 0.0368053 -0.751074 0.659191
    outer loop
      vertex 0.449774 99.8258 223.379
      vertex -0.351874 99.8607 223.464
      vertex -0.356753 99.7739 223.365
    endloop
  endfacet
  facet normal 0.0554343 -0.657221 -0.751656
    outer loop
      vertex 0.313437 99.7185 224.877
      vertex -0.471438 99.7665 224.777
      vertex 0.335089 99.8185 224.792
    endloop
  endfacet
  facet normal 0.0554502 -0.657129 -0.751736
    outer loop
      vertex -0.471438 99.7665 224.777
      vertex 0.313437 99.7185 224.877
      vertex -0.49309 99.6666 224.863
    endloop
  endfacet
  facet normal 0.0653132 -0.894529 -0.442213
    outer loop
      vertex -0.41282 99.9875 224.454
      vertex 0.37557 99.9803 224.585
      vertex -0.430957 99.9284 224.571
    endloop
  endfacet
  facet normal 0.0653055 -0.894552 -0.442168
    outer loop
      vertex 0.37557 99.9803 224.585
      vertex -0.41282 99.9875 224.454
      vertex 0.393707 100.039 224.468
    endloop
  endfacet
  facet normal -0.0501944 0.554115 0.830926
    outer loop
      vertex -0.534711 98.5529 223.202
      vertex 0.272231 98.5986 223.22
      vertex 0.274104 98.6049 223.216
    endloop
  endfacet
  facet normal -0.0501674 0.553464 0.831361
    outer loop
      vertex -0.534711 98.5529 223.202
      vertex 0.245695 98.4941 223.288
      vertex 0.272231 98.5986 223.22
    endloop
  endfacet
  facet normal -0.0501662 0.553472 0.831355
    outer loop
      vertex 0.245695 98.4941 223.288
      vertex -0.534711 98.5529 223.202
      vertex -0.56286 98.4421 223.274
    endloop
  endfacet
  facet normal -0.0127834 0.44236 -0.896746
    outer loop
      vertex 0.103676 98.594 224.945
      vertex -0.687902 98.6606 224.989
      vertex 0.120654 98.7126 225.003
    endloop
  endfacet
  facet normal -0.0127834 0.44236 -0.896746
    outer loop
      vertex -0.687902 98.6606 224.989
      vertex 0.103676 98.594 224.945
      vertex -0.70488 98.5419 224.931
    endloop
  endfacet
  facet normal 0.0127833 -0.442428 0.896713
    outer loop
      vertex -0.374734 99.5652 223.206
      vertex 0.419 99.4988 223.161
      vertex 0.431793 99.6171 223.22
    endloop
  endfacet
  facet normal 0.012791 -0.442358 0.896747
    outer loop
      vertex 0.419 99.4988 223.161
      vertex -0.374734 99.5652 223.206
      vertex -0.387528 99.4469 223.147
    endloop
  endfacet
  facet normal -0.00455799 -0.195815 0.98063
    outer loop
      vertex -0.402579 99.3218 223.105
      vertex 0.386896 99.244 223.093
      vertex 0.403948 99.3737 223.119
    endloop
  endfacet
  facet normal -0.00454798 -0.195717 0.98065
    outer loop
      vertex 0.386896 99.244 223.093
      vertex -0.402579 99.3218 223.105
      vertex -0.419631 99.1921 223.079
    endloop
  endfacet
  facet normal 0.0552171 -0.945334 0.321395
    outer loop
      vertex -0.350754 99.9915 223.69
      vertex 0.451996 100.085 223.828
      vertex -0.354532 100.033 223.814
    endloop
  endfacet
  facet normal 0.055228 -0.945351 0.321343
    outer loop
      vertex 0.451996 100.085 223.828
      vertex -0.350754 99.9915 223.69
      vertex 0.455774 100.043 223.704
    endloop
  endfacet
  facet normal 0.049906 -0.895502 0.442251
    outer loop
      vertex -0.350754 99.9915 223.69
      vertex 0.456665 99.9855 223.587
      vertex 0.455774 100.043 223.704
    endloop
  endfacet
  facet normal 0.0498999 -0.895525 0.442204
    outer loop
      vertex 0.456665 99.9855 223.587
      vertex -0.350754 99.9915 223.69
      vertex -0.349863 99.9336 223.573
    endloop
  endfacet
  facet normal 0.0371313 -0.319745 -0.946776
    outer loop
      vertex -0.53737 99.4372 224.993
      vertex 0.260055 99.4369 225.024
      vertex 0.240984 99.3632 225.048
    endloop
  endfacet
  facet normal 0.037134 -0.319549 -0.946842
    outer loop
      vertex 0.260055 99.4369 225.024
      vertex -0.53737 99.4372 224.993
      vertex 0.269157 99.4891 225.007
    endloop
  endfacet
  facet normal 0.0371789 -0.319344 -0.946909
    outer loop
      vertex 0.240984 99.3632 225.048
      vertex -0.53934 99.4259 224.997
      vertex -0.53737 99.4372 224.993
    endloop
  endfacet
  facet normal 0.0371369 -0.319754 -0.946773
    outer loop
      vertex 0.240984 99.3632 225.048
      vertex -0.56233 99.3371 225.026
      vertex -0.53934 99.4259 224.997
    endloop
  endfacet
  facet normal 0.0371414 -0.319948 -0.946707
    outer loop
      vertex -0.56233 99.3371 225.026
      vertex 0.240984 99.3632 225.048
      vertex -0.568114 99.3111 225.034
    endloop
  endfacet
  facet normal 0.0501722 -0.553478 -0.831351
    outer loop
      vertex 0.291334 99.6081 224.95
      vertex -0.49309 99.6666 224.863
      vertex 0.313437 99.7185 224.877
    endloop
  endfacet
  facet normal 0.0501684 -0.553504 -0.831334
    outer loop
      vertex -0.49309 99.6666 224.863
      vertex 0.291334 99.6081 224.95
      vertex -0.515193 99.5562 224.935
    endloop
  endfacet
  facet normal 0.0664136 -0.944616 -0.321387
    outer loop
      vertex -0.396509 100.031 224.331
      vertex 0.393707 100.039 224.468
      vertex -0.41282 99.9875 224.454
    endloop
  endfacet
  facet normal 0.0664136 -0.944616 -0.321387
    outer loop
      vertex 0.393707 100.039 224.468
      vertex -0.396509 100.031 224.331
      vertex 0.410018 100.083 224.345
    endloop
  endfacet
  facet normal -0.0663932 0.978537 0.195081
    outer loop
      vertex -0.68437 98.0763 223.806
      vertex 0.106652 98.1017 223.948
      vertex 0.124186 98.1284 223.82
    endloop
  endfacet
  facet normal -0.0663932 0.978537 0.195081
    outer loop
      vertex 0.106652 98.1017 223.948
      vertex -0.68437 98.0763 223.806
      vertex -0.701904 98.0496 223.934
    endloop
  endfacet
  facet normal -0.0552214 0.945338 -0.321382
    outer loop
      vertex -0.735226 98.0731 224.323
      vertex 0.0692823 98.167 224.461
      vertex 0.0733295 98.1251 224.337
    endloop
  endfacet
  facet normal -0.0552214 0.945338 -0.321382
    outer loop
      vertex 0.0692823 98.167 224.461
      vertex -0.735226 98.0731 224.323
      vertex -0.739274 98.1149 224.447
    endloop
  endfacet
  facet normal -0.0437272 0.83038 -0.555479
    outer loop
      vertex 0.0689318 98.2249 224.578
      vertex -0.736272 98.2459 224.673
      vertex 0.0722844 98.298 224.687
    endloop
  endfacet
  facet normal -0.0437272 0.83038 -0.555479
    outer loop
      vertex -0.736272 98.2459 224.673
      vertex 0.0689318 98.2249 224.578
      vertex -0.739624 98.1729 224.564
    endloop
  endfacet
  facet normal -0.0595963 0.978978 -0.195064
    outer loop
      vertex -0.727552 98.048 224.194
      vertex 0.0733295 98.1251 224.337
      vertex 0.0810043 98.1 224.209
    endloop
  endfacet
  facet normal -0.0595963 0.978978 -0.195064
    outer loop
      vertex 0.0733295 98.1251 224.337
      vertex -0.727552 98.048 224.194
      vertex -0.735226 98.0731 224.323
    endloop
  endfacet
  facet normal 0.0045401 0.19572 -0.980649
    outer loop
      vertex 0.14045 98.838 225.046
      vertex -0.645831 98.916 225.058
      vertex 0.162725 98.968 225.072
    endloop
  endfacet
  facet normal 0.00455122 0.195829 -0.980627
    outer loop
      vertex -0.645831 98.916 225.058
      vertex 0.14045 98.838 225.046
      vertex -0.668106 98.786 225.032
    endloop
  endfacet
  facet normal 0.00415876 -0.321815 0.946793
    outer loop
      vertex -0.387528 99.4469 223.147
      vertex 0.403948 99.3737 223.119
      vertex 0.419 99.4988 223.161
    endloop
  endfacet
  facet normal 0.00414987 -0.3219 0.946764
    outer loop
      vertex 0.403948 99.3737 223.119
      vertex -0.387528 99.4469 223.147
      vertex -0.402579 99.3218 223.105
    endloop
  endfacet
  facet normal 0.0292471 -0.658807 0.751743
    outer loop
      vertex -0.356753 99.7739 223.365
      vertex 0.44211 99.7268 223.293
      vertex 0.449774 99.8258 223.379
    endloop
  endfacet
  facet normal 0.0292471 -0.658807 0.751743
    outer loop
      vertex 0.44211 99.7268 223.293
      vertex -0.356753 99.7739 223.365
      vertex -0.364417 99.6749 223.279
    endloop
  endfacet
  facet normal 0.0211946 -0.555342 0.831352
    outer loop
      vertex -0.364417 99.6749 223.279
      vertex 0.431793 99.6171 223.22
      vertex 0.44211 99.7268 223.293
    endloop
  endfacet
  facet normal 0.0211946 -0.555342 0.831352
    outer loop
      vertex 0.431793 99.6171 223.22
      vertex -0.364417 99.6749 223.279
      vertex -0.374734 99.5652 223.206
    endloop
  endfacet
  facet normal 0.0595998 -0.978978 0.195066
    outer loop
      vertex -0.354532 100.033 223.814
      vertex 0.445395 100.11 223.956
      vertex -0.361132 100.059 223.942
    endloop
  endfacet
  facet normal 0.0595889 -0.978967 0.195121
    outer loop
      vertex 0.445395 100.11 223.956
      vertex -0.354532 100.033 223.814
      vertex 0.451996 100.085 223.828
    endloop
  endfacet
  facet normal 0.0629528 -0.995872 0.0653894
    outer loop
      vertex -0.361132 100.059 223.942
      vertex 0.436086 100.118 224.086
      vertex -0.370442 100.067 224.072
    endloop
  endfacet
  facet normal 0.0629542 -0.995872 0.0653818
    outer loop
      vertex 0.436086 100.118 224.086
      vertex -0.361132 100.059 223.942
      vertex 0.445395 100.11 223.956
    endloop
  endfacet
  facet normal 0.0437256 -0.830391 0.555463
    outer loop
      vertex -0.349863 99.9336 223.573
      vertex 0.454653 99.9126 223.478
      vertex 0.456665 99.9855 223.587
    endloop
  endfacet
  facet normal 0.0437329 -0.830355 0.555516
    outer loop
      vertex 0.454653 99.9126 223.478
      vertex -0.349863 99.9336 223.573
      vertex -0.351874 99.8607 223.464
    endloop
  endfacet
  facet normal 0.0440319 -0.440362 -0.89674
    outer loop
      vertex 0.269157 99.4891 225.007
      vertex -0.515193 99.5562 224.935
      vertex 0.291334 99.6081 224.95
    endloop
  endfacet
  facet normal 0.0440319 -0.440362 -0.89674
    outer loop
      vertex -0.515193 99.5562 224.935
      vertex 0.269157 99.4891 225.007
      vertex -0.53737 99.4372 224.993
    endloop
  endfacet
  facet normal 0.0296242 -0.193946 -0.980565
    outer loop
      vertex 0.237178 99.3476 225.051
      vertex -0.568114 99.3111 225.034
      vertex 0.240984 99.3632 225.048
    endloop
  endfacet
  facet normal 0.0296059 -0.1935 -0.980653
    outer loop
      vertex 0.213152 99.2328 225.073
      vertex -0.568114 99.3111 225.034
      vertex 0.237178 99.3476 225.051
    endloop
  endfacet
  facet normal 0.0295964 -0.193587 -0.980637
    outer loop
      vertex -0.568114 99.3111 225.034
      vertex 0.213152 99.2328 225.073
      vertex -0.595403 99.1808 225.059
    endloop
  endfacet
  facet normal 0.0215688 -0.0642282 -0.997702
    outer loop
      vertex 0.187098 99.1004 225.081
      vertex -0.595403 99.1808 225.059
      vertex 0.213152 99.2328 225.073
    endloop
  endfacet
  facet normal 0.0215802 -0.0641196 -0.997709
    outer loop
      vertex -0.595403 99.1808 225.059
      vertex 0.187098 99.1004 225.081
      vertex -0.621457 99.0483 225.067
    endloop
  endfacet
  facet normal 0.0131765 0.0664679 -0.997702
    outer loop
      vertex 0.162725 98.968 225.072
      vertex -0.621457 99.0483 225.067
      vertex 0.187098 99.1004 225.081
    endloop
  endfacet
  facet normal 0.0131646 0.0663518 -0.997709
    outer loop
      vertex -0.621457 99.0483 225.067
      vertex 0.162725 98.968 225.072
      vertex -0.645831 98.916 225.058
    endloop
  endfacet
  facet normal 0.063086 -0.829124 -0.555494
    outer loop
      vertex -0.430957 99.9284 224.571
      vertex 0.355919 99.9062 224.694
      vertex -0.450608 99.8543 224.68
    endloop
  endfacet
  facet normal 0.063086 -0.829124 -0.555494
    outer loop
      vertex 0.355919 99.9062 224.694
      vertex -0.430957 99.9284 224.571
      vertex 0.37557 99.9803 224.585
    endloop
  endfacet
  facet normal 0.0597614 -0.74957 -0.659222
    outer loop
      vertex -0.450608 99.8543 224.68
      vertex 0.335089 99.8185 224.792
      vertex -0.471438 99.7665 224.777
    endloop
  endfacet
  facet normal 0.0597774 -0.749491 -0.65931
    outer loop
      vertex 0.335089 99.8185 224.792
      vertex -0.450608 99.8543 224.68
      vertex 0.355919 99.9062 224.694
    endloop
  endfacet
  facet normal 0.066386 -0.978544 -0.195048
    outer loop
      vertex -0.382302 100.057 224.203
      vertex 0.410018 100.083 224.345
      vertex -0.396509 100.031 224.331
    endloop
  endfacet
  facet normal 0.0663917 -0.978537 -0.195081
    outer loop
      vertex 0.410018 100.083 224.345
      vertex -0.382302 100.057 224.203
      vertex 0.424226 100.109 224.217
    endloop
  endfacet
  facet normal -0.0664107 0.944621 0.321373
    outer loop
      vertex -0.664079 98.1198 223.682
      vertex 0.124186 98.1284 223.82
      vertex 0.144477 98.1718 223.696
    endloop
  endfacet
  facet normal -0.0664193 0.944603 0.321424
    outer loop
      vertex 0.124186 98.1284 223.82
      vertex -0.664079 98.1198 223.682
      vertex -0.68437 98.0763 223.806
    endloop
  endfacet
  facet normal -0.0554439 0.657109 0.751754
    outer loop
      vertex -0.56286 98.4421 223.274
      vertex 0.218225 98.3938 223.374
      vertex 0.245695 98.4941 223.288
    endloop
  endfacet
  facet normal -0.0554329 0.657173 0.751699
    outer loop
      vertex 0.218225 98.3938 223.374
      vertex -0.56286 98.4421 223.274
      vertex -0.590331 98.3418 223.359
    endloop
  endfacet
  facet normal -0.0630823 0.829138 0.555473
    outer loop
      vertex -0.616654 98.2536 223.457
      vertex 0.167179 98.2313 223.58
      vertex 0.191902 98.3057 223.471
    endloop
  endfacet
  facet normal -0.0630823 0.829138 0.555473
    outer loop
      vertex 0.167179 98.2313 223.58
      vertex -0.616654 98.2536 223.457
      vertex -0.641377 98.1792 223.565
    endloop
  endfacet
  facet normal -0.0296031 0.193596 0.980635
    outer loop
      vertex -0.458539 98.928 223.078
      vertex 0.326797 98.85 223.117
      vertex 0.347988 98.9799 223.092
    endloop
  endfacet
  facet normal -0.0296031 0.193596 0.980635
    outer loop
      vertex 0.326797 98.85 223.117
      vertex -0.458539 98.928 223.078
      vertex -0.47973 98.7981 223.103
    endloop
  endfacet
  facet normal -0.0499015 0.895524 -0.442207
    outer loop
      vertex 0.0692823 98.167 224.461
      vertex -0.739624 98.1729 224.564
      vertex 0.0689318 98.2249 224.578
    endloop
  endfacet
  facet normal -0.0499015 0.895524 -0.442207
    outer loop
      vertex -0.739624 98.1729 224.564
      vertex 0.0692823 98.167 224.461
      vertex -0.739274 98.1149 224.447
    endloop
  endfacet
  facet normal -0.0629434 0.995871 -0.0654208
    outer loop
      vertex -0.71638 98.0401 224.064
      vertex 0.0810043 98.1 224.209
      vertex 0.0921756 98.0922 224.078
    endloop
  endfacet
  facet normal -0.0629526 0.995873 -0.0653711
    outer loop
      vertex 0.0810043 98.1 224.209
      vertex -0.71638 98.0401 224.064
      vertex -0.727552 98.048 224.194
    endloop
  endfacet
  facet normal -0.0211986 0.555335 -0.831356
    outer loop
      vertex 0.0898064 98.4841 224.872
      vertex -0.70488 98.5419 224.931
      vertex 0.103676 98.594 224.945
    endloop
  endfacet
  facet normal -0.0211986 0.555335 -0.831356
    outer loop
      vertex -0.70488 98.5419 224.931
      vertex 0.0898064 98.4841 224.872
      vertex -0.718749 98.432 224.858
    endloop
  endfacet
  facet normal -0.0368022 0.750999 -0.659277
    outer loop
      vertex 0.0722844 98.298 224.687
      vertex -0.729273 98.3328 224.771
      vertex 0.0792825 98.3848 224.786
    endloop
  endfacet
  facet normal -0.0368022 0.750999 -0.659277
    outer loop
      vertex -0.729273 98.3328 224.771
      vertex 0.0722844 98.298 224.687
      vertex -0.736272 98.2459 224.673
    endloop
  endfacet
  facet normal -0.00415221 0.321856 -0.94678
    outer loop
      vertex 0.120654 98.7126 225.003
      vertex -0.668106 98.786 225.032
      vertex 0.14045 98.838 225.046
    endloop
  endfacet
  facet normal -0.00415221 0.321856 -0.94678
    outer loop
      vertex -0.668106 98.786 225.032
      vertex 0.120654 98.7126 225.003
      vertex -0.687902 98.6606 224.989
    endloop
  endfacet
  facet normal -0.0653094 0.894523 0.442226
    outer loop
      vertex -0.641377 98.1792 223.565
      vertex 0.144477 98.1718 223.696
      vertex 0.167179 98.2313 223.58
    endloop
  endfacet
  facet normal -0.0653016 0.894546 0.44218
    outer loop
      vertex 0.144477 98.1718 223.696
      vertex -0.641377 98.1792 223.565
      vertex -0.664079 98.1198 223.682
    endloop
  endfacet
  facet normal -0.0597635 0.749565 0.659227
    outer loop
      vertex -0.590331 98.3418 223.359
      vertex 0.191902 98.3057 223.471
      vertex 0.218225 98.3938 223.374
    endloop
  endfacet
  facet normal -0.0597737 0.749516 0.659282
    outer loop
      vertex 0.191902 98.3057 223.471
      vertex -0.590331 98.3418 223.359
      vertex -0.616654 98.2536 223.457
    endloop
  endfacet
  facet normal -0.0440389 0.440649 0.896599
    outer loop
      vertex -0.502992 98.6725 223.144
      vertex 0.300545 98.701 223.17
      vertex 0.304927 98.7245 223.159
    endloop
  endfacet
  facet normal -0.0440322 0.440309 0.896766
    outer loop
      vertex 0.300545 98.701 223.17
      vertex -0.502992 98.6725 223.144
      vertex 0.274104 98.6049 223.216
    endloop
  endfacet
  facet normal -0.04403 0.440325 0.896758
    outer loop
      vertex -0.527125 98.5848 223.186
      vertex 0.274104 98.6049 223.216
      vertex -0.502992 98.6725 223.144
    endloop
  endfacet
  facet normal -0.0440311 0.440485 0.89668
    outer loop
      vertex 0.274104 98.6049 223.216
      vertex -0.527125 98.5848 223.186
      vertex -0.534711 98.5529 223.202
    endloop
  endfacet
  facet normal -0.0215691 0.0641448 0.997707
    outer loop
      vertex -0.438391 99.0601 223.07
      vertex 0.347988 98.9799 223.092
      vertex 0.368136 99.112 223.084
    endloop
  endfacet
  facet normal -0.0215695 0.0641412 0.997708
    outer loop
      vertex 0.347988 98.9799 223.092
      vertex -0.438391 99.0601 223.07
      vertex -0.458539 98.928 223.078
    endloop
  endfacet
  facet normal -0.0292551 0.658859 -0.751698
    outer loop
      vertex 0.0792825 98.3848 224.786
      vertex -0.718749 98.432 224.858
      vertex 0.0898064 98.4841 224.872
    endloop
  endfacet
  facet normal -0.0292551 0.658859 -0.751698
    outer loop
      vertex -0.718749 98.432 224.858
      vertex 0.0792825 98.3848 224.786
      vertex -0.729273 98.3328 224.771
    endloop
  endfacet
  facet normal -0.0371293 0.319723 0.946783
    outer loop
      vertex -0.47973 98.7981 223.103
      vertex 0.304927 98.7245 223.159
      vertex 0.326797 98.85 223.117
    endloop
  endfacet
  facet normal -0.0371309 0.319709 0.946788
    outer loop
      vertex -0.498782 98.6887 223.139
      vertex 0.304927 98.7245 223.159
      vertex -0.47973 98.7981 223.103
    endloop
  endfacet
  facet normal -0.0371267 0.319593 0.946827
    outer loop
      vertex 0.304927 98.7245 223.159
      vertex -0.498782 98.6887 223.139
      vertex -0.502992 98.6725 223.144
    endloop
  endfacet
  facet normal -0.999182 -0.0381114 -0.0134858
    outer loop
      vertex 1.37589 130.176 220.678
      vertex 1.37238 130.175 220.939
      vertex 1.37381 130.184 220.809
    endloop
  endfacet
  facet normal -0.999183 -0.0380989 -0.0134858
    outer loop
      vertex 1.37859 130.15 220.55
      vertex 1.37238 130.175 220.939
      vertex 1.37589 130.176 220.678
    endloop
  endfacet
  facet normal -0.999183 -0.0381069 -0.0134853
    outer loop
      vertex 1.37859 130.15 220.55
      vertex 1.37163 130.15 221.068
      vertex 1.37238 130.175 220.939
    endloop
  endfacet
  facet normal -0.999183 -0.0380902 -0.0134853
    outer loop
      vertex 1.38186 130.108 220.426
      vertex 1.37163 130.15 221.068
      vertex 1.37859 130.15 220.55
    endloop
  endfacet
  facet normal -0.999183 -0.0381008 -0.0134846
    outer loop
      vertex 1.38186 130.108 220.426
      vertex 1.37156 130.108 221.192
      vertex 1.37163 130.15 221.068
    endloop
  endfacet
  facet normal -0.999183 -0.038102 -0.0134846
    outer loop
      vertex 1.38565 130.051 220.309
      vertex 1.37156 130.108 221.192
      vertex 1.38186 130.108 220.426
    endloop
  endfacet
  facet normal -0.999183 -0.0380993 -0.0134848
    outer loop
      vertex 1.38565 130.051 220.309
      vertex 1.37219 130.05 221.309
      vertex 1.37156 130.108 221.192
    endloop
  endfacet
  facet normal -0.999183 -0.0380964 -0.0134848
    outer loop
      vertex 1.38988 129.978 220.2
      vertex 1.37219 130.05 221.309
      vertex 1.38565 130.051 220.309
    endloop
  endfacet
  facet normal -0.999183 -0.0380988 -0.0134846
    outer loop
      vertex 1.38988 129.978 220.2
      vertex 1.37349 129.977 221.418
      vertex 1.37219 130.05 221.309
    endloop
  endfacet
  facet normal -0.999183 -0.0381004 -0.0134846
    outer loop
      vertex 1.39449 129.892 220.102
      vertex 1.37349 129.977 221.418
      vertex 1.38988 129.978 220.2
    endloop
  endfacet
  facet normal -0.999183 -0.0380967 -0.0134848
    outer loop
      vertex 1.39449 129.892 220.102
      vertex 1.37546 129.891 221.516
      vertex 1.37349 129.977 221.418
    endloop
  endfacet
  facet normal -0.999183 -0.038098 -0.0134848
    outer loop
      vertex 1.3994 129.794 220.016
      vertex 1.37546 129.891 221.516
      vertex 1.39449 129.892 220.102
    endloop
  endfacet
  facet normal -0.999183 -0.0380991 -0.0134848
    outer loop
      vertex 1.3994 129.794 220.016
      vertex 1.37805 129.792 221.602
      vertex 1.37546 129.891 221.516
    endloop
  endfacet
  facet normal -0.999183 -0.0380976 -0.0134848
    outer loop
      vertex 1.40453 129.685 219.943
      vertex 1.37805 129.792 221.602
      vertex 1.3994 129.794 220.016
    endloop
  endfacet
  facet normal -0.999183 -0.0380997 -0.0134846
    outer loop
      vertex 1.40453 129.685 219.943
      vertex 1.38121 129.684 221.675
      vertex 1.37805 129.792 221.602
    endloop
  endfacet
  facet normal -0.999183 -0.0380981 -0.0134846
    outer loop
      vertex 1.40978 129.568 219.885
      vertex 1.38121 129.684 221.675
      vertex 1.40453 129.685 219.943
    endloop
  endfacet
  facet normal -0.999183 -0.0380982 -0.0134846
    outer loop
      vertex 1.40978 129.568 219.885
      vertex 1.38491 129.566 221.732
      vertex 1.38121 129.684 221.675
    endloop
  endfacet
  facet normal -0.999183 -0.0381 -0.0134846
    outer loop
      vertex 1.41507 129.444 219.843
      vertex 1.38491 129.566 221.732
      vertex 1.40978 129.568 219.885
    endloop
  endfacet
  facet normal -0.999183 -0.0380987 -0.0134847
    outer loop
      vertex 1.41507 129.444 219.843
      vertex 1.38906 129.442 221.774
      vertex 1.38491 129.566 221.732
    endloop
  endfacet
  facet normal -0.999183 -0.0380986 -0.0134847
    outer loop
      vertex 1.4203 129.316 219.817
      vertex 1.38906 129.442 221.774
      vertex 1.41507 129.444 219.843
    endloop
  endfacet
  facet normal -0.999183 -0.0380977 -0.0134848
    outer loop
      vertex 1.4203 129.316 219.817
      vertex 1.39361 129.314 221.8
      vertex 1.38906 129.442 221.774
    endloop
  endfacet
  facet normal -0.999183 -0.0380964 -0.0134848
    outer loop
      vertex 1.42539 129.185 219.809
      vertex 1.39361 129.314 221.8
      vertex 1.4203 129.316 219.817
    endloop
  endfacet
  facet normal -0.999183 -0.0381005 -0.0134845
    outer loop
      vertex 1.42539 129.185 219.809
      vertex 1.39847 129.184 221.808
      vertex 1.39361 129.314 221.8
    endloop
  endfacet
  facet normal -0.999183 -0.0380989 -0.0134845
    outer loop
      vertex 1.43025 129.055 219.817
      vertex 1.39847 129.184 221.808
      vertex 1.42539 129.185 219.809
    endloop
  endfacet
  facet normal -0.999183 -0.0380949 -0.0134848
    outer loop
      vertex 1.43025 129.055 219.817
      vertex 1.40356 129.053 221.8
      vertex 1.39847 129.184 221.808
    endloop
  endfacet
  facet normal -0.999183 -0.0380993 -0.0134848
    outer loop
      vertex 1.4348 128.927 219.843
      vertex 1.40356 129.053 221.8
      vertex 1.43025 129.055 219.817
    endloop
  endfacet
  facet normal -0.999183 -0.038098 -0.0134849
    outer loop
      vertex 1.41019 128.892 221.763
      vertex 1.40356 129.053 221.8
      vertex 1.4348 128.927 219.843
    endloop
  endfacet
  facet normal -0.999183 -0.0381104 -0.0134307
    outer loop
      vertex 1.40356 129.053 221.8
      vertex 1.41019 128.892 221.763
      vertex 1.4088 128.925 221.774
    endloop
  endfacet
  facet normal -0.999183 -0.0380987 -0.0134849
    outer loop
      vertex 1.43896 128.803 219.885
      vertex 1.41019 128.892 221.763
      vertex 1.4348 128.927 219.843
    endloop
  endfacet
  facet normal -0.999183 -0.0380966 -0.013485
    outer loop
      vertex 1.44265 128.685 219.942
      vertex 1.41019 128.892 221.763
      vertex 1.43896 128.803 219.885
    endloop
  endfacet
  facet normal -0.999183 -0.0380997 -0.0134846
    outer loop
      vertex 1.44582 128.577 220.015
      vertex 1.41019 128.892 221.763
      vertex 1.44265 128.685 219.942
    endloop
  endfacet
  facet normal -0.999183 -0.0380968 -0.0134851
    outer loop
      vertex 1.44841 128.478 220.101
      vertex 1.41019 128.892 221.763
      vertex 1.44582 128.577 220.015
    endloop
  endfacet
  facet normal -0.999182 -0.0381122 -0.0134937
    outer loop
      vertex 1.45127 128.342 220.274
      vertex 1.44841 128.478 220.101
      vertex 1.45037 128.392 220.199
    endloop
  endfacet
  facet normal -0.999183 -0.0381002 -0.0134843
    outer loop
      vertex 1.44841 128.478 220.101
      vertex 1.45127 128.342 220.274
      vertex 1.41019 128.892 221.763
    endloop
  endfacet
  facet normal -0.999183 -0.0381095 -0.013485
    outer loop
      vertex 1.2229 131.833 227.333
      vertex 1.21939 131.833 227.594
      vertex 1.22082 131.841 227.463
    endloop
  endfacet
  facet normal -0.999184 -0.0380848 -0.013485
    outer loop
      vertex 1.2256 131.807 227.204
      vertex 1.21939 131.833 227.594
      vertex 1.2229 131.833 227.333
    endloop
  endfacet
  facet normal -0.999183 -0.0380978 -0.0134841
    outer loop
      vertex 1.2256 131.807 227.204
      vertex 1.21864 131.807 227.722
      vertex 1.21939 131.833 227.594
    endloop
  endfacet
  facet normal -0.999183 -0.0381073 -0.0134842
    outer loop
      vertex 1.22887 131.765 227.081
      vertex 1.21864 131.807 227.722
      vertex 1.2256 131.807 227.204
    endloop
  endfacet
  facet normal -0.999183 -0.0380934 -0.0134851
    outer loop
      vertex 1.22887 131.765 227.081
      vertex 1.21857 131.765 227.846
      vertex 1.21864 131.807 227.722
    endloop
  endfacet
  facet normal -0.999183 -0.038091 -0.0134851
    outer loop
      vertex 1.23266 131.708 226.963
      vertex 1.21857 131.765 227.846
      vertex 1.22887 131.765 227.081
    endloop
  endfacet
  facet normal -0.999183 -0.0381046 -0.0134842
    outer loop
      vertex 1.23266 131.708 226.963
      vertex 1.2192 131.707 227.963
      vertex 1.21857 131.765 227.846
    endloop
  endfacet
  facet normal -0.999183 -0.0381052 -0.0134842
    outer loop
      vertex 1.23689 131.635 226.854
      vertex 1.2192 131.707 227.963
      vertex 1.23266 131.708 226.963
    endloop
  endfacet
  facet normal -0.999183 -0.0380988 -0.0134846
    outer loop
      vertex 1.23689 131.635 226.854
      vertex 1.2205 131.634 228.072
      vertex 1.2192 131.707 227.963
    endloop
  endfacet
  facet normal -0.999183 -0.0380923 -0.0134846
    outer loop
      vertex 1.24151 131.549 226.756
      vertex 1.2205 131.634 228.072
      vertex 1.23689 131.635 226.854
    endloop
  endfacet
  facet normal -0.999183 -0.0380949 -0.0134844
    outer loop
      vertex 1.24151 131.549 226.756
      vertex 1.22247 131.548 228.17
      vertex 1.2205 131.634 228.072
    endloop
  endfacet
  facet normal -0.999183 -0.0381055 -0.0134844
    outer loop
      vertex 1.24642 131.451 226.67
      vertex 1.22247 131.548 228.17
      vertex 1.24151 131.549 226.756
    endloop
  endfacet
  facet normal -0.999183 -0.0380967 -0.013485
    outer loop
      vertex 1.24642 131.451 226.67
      vertex 1.22506 131.449 228.256
      vertex 1.22247 131.548 228.17
    endloop
  endfacet
  facet normal -0.999183 -0.0380975 -0.013485
    outer loop
      vertex 1.25154 131.342 226.597
      vertex 1.22506 131.449 228.256
      vertex 1.24642 131.451 226.67
    endloop
  endfacet
  facet normal -0.999183 -0.0381002 -0.0134848
    outer loop
      vertex 1.22883 131.321 228.338
      vertex 1.22506 131.449 228.256
      vertex 1.25154 131.342 226.597
    endloop
  endfacet
  facet normal -0.999183 -0.0381068 -0.0134951
    outer loop
      vertex 1.22506 131.449 228.256
      vertex 1.22883 131.321 228.338
      vertex 1.22822 131.341 228.329
    endloop
  endfacet
  facet normal -0.999183 -0.0380941 -0.0134848
    outer loop
      vertex 1.25679 131.225 226.539
      vertex 1.22883 131.321 228.338
      vertex 1.25154 131.342 226.597
    endloop
  endfacet
  facet normal -0.999183 -0.0380998 -0.0134844
    outer loop
      vertex 1.26208 131.101 226.497
      vertex 1.22883 131.321 228.338
      vertex 1.25679 131.225 226.539
    endloop
  endfacet
  facet normal -0.999183 -0.038098 -0.0134847
    outer loop
      vertex 1.26731 130.973 226.471
      vertex 1.22883 131.321 228.338
      vertex 1.26208 131.101 226.497
    endloop
  endfacet
  facet normal -0.999183 -0.0381009 -0.0134841
    outer loop
      vertex 1.2724 130.842 226.463
      vertex 1.22883 131.321 228.338
      vertex 1.26731 130.973 226.471
    endloop
  endfacet
  facet normal -0.999183 -0.0380954 -0.013474
    outer loop
      vertex 1.27992 130.637 226.486
      vertex 1.2724 130.842 226.463
      vertex 1.27726 130.712 226.471
    endloop
  endfacet
  facet normal -0.999183 -0.0380967 -0.0134852
    outer loop
      vertex 1.2724 130.842 226.463
      vertex 1.27992 130.637 226.486
      vertex 1.22883 131.321 228.338
    endloop
  endfacet
  facet normal -0.970476 0.215973 -0.107388
    outer loop
      vertex 0.260055 99.4369 225.024
      vertex 0.237178 99.3476 225.051
      vertex 0.240984 99.3632 225.048
    endloop
  endfacet
  facet normal -0.970493 0.216106 -0.106962
    outer loop
      vertex 0.300545 98.701 223.17
      vertex 0.237178 99.3476 225.051
      vertex 0.260055 99.4369 225.024
    endloop
  endfacet
  facet normal -0.97049 0.216676 -0.105832
    outer loop
      vertex 0.272231 98.5986 223.22
      vertex 0.300545 98.701 223.17
      vertex 0.274104 98.6049 223.216
    endloop
  endfacet
  facet normal -0.970489 0.216122 -0.106967
    outer loop
      vertex 0.300545 98.701 223.17
      vertex 0.272231 98.5986 223.22
      vertex 0.237178 99.3476 225.051
    endloop
  endfacet
  facet normal -0.977812 0.186579 -0.0952518
    outer loop
      vertex 0.237178 99.3476 225.051
      vertex 0.187098 99.1004 225.081
      vertex 0.213152 99.2328 225.073
    endloop
  endfacet
  facet normal -0.977831 0.186616 -0.0949735
    outer loop
      vertex 0.237178 99.3476 225.051
      vertex 0.162725 98.968 225.072
      vertex 0.187098 99.1004 225.081
    endloop
  endfacet
  facet normal -0.977824 0.18661 -0.0950663
    outer loop
      vertex 0.237178 99.3476 225.051
      vertex 0.14045 98.838 225.046
      vertex 0.162725 98.968 225.072
    endloop
  endfacet
  facet normal -0.977826 0.18661 -0.0950451
    outer loop
      vertex 0.237178 99.3476 225.051
      vertex 0.120654 98.7126 225.003
      vertex 0.14045 98.838 225.046
    endloop
  endfacet
  facet normal -0.977827 0.186609 -0.0950376
    outer loop
      vertex 0.272231 98.5986 223.22
      vertex 0.120654 98.7126 225.003
      vertex 0.237178 99.3476 225.051
    endloop
  endfacet
  facet normal -0.977827 0.186605 -0.0950374
    outer loop
      vertex 0.272231 98.5986 223.22
      vertex 0.103676 98.594 224.945
      vertex 0.120654 98.7126 225.003
    endloop
  endfacet
  facet normal -0.977826 0.186612 -0.0950373
    outer loop
      vertex 0.245695 98.4941 223.288
      vertex 0.103676 98.594 224.945
      vertex 0.272231 98.5986 223.22
    endloop
  endfacet
  facet normal -0.977827 0.186606 -0.095037
    outer loop
      vertex 0.245695 98.4941 223.288
      vertex 0.0898064 98.4841 224.872
      vertex 0.103676 98.594 224.945
    endloop
  endfacet
  facet normal -0.977826 0.186611 -0.0950369
    outer loop
      vertex 0.218225 98.3938 223.374
      vertex 0.0898064 98.4841 224.872
      vertex 0.245695 98.4941 223.288
    endloop
  endfacet
  facet normal -0.977826 0.186614 -0.095037
    outer loop
      vertex 0.218225 98.3938 223.374
      vertex 0.0792825 98.3848 224.786
      vertex 0.0898064 98.4841 224.872
    endloop
  endfacet
  facet normal -0.977828 0.186602 -0.0950373
    outer loop
      vertex 0.191902 98.3057 223.471
      vertex 0.0792825 98.3848 224.786
      vertex 0.218225 98.3938 223.374
    endloop
  endfacet
  facet normal -0.977829 0.186598 -0.0950372
    outer loop
      vertex 0.191902 98.3057 223.471
      vertex 0.0722844 98.298 224.687
      vertex 0.0792825 98.3848 224.786
    endloop
  endfacet
  facet normal -0.977824 0.186622 -0.0950366
    outer loop
      vertex 0.167179 98.2313 223.58
      vertex 0.0722844 98.298 224.687
      vertex 0.191902 98.3057 223.471
    endloop
  endfacet
  facet normal -0.977826 0.186611 -0.0950361
    outer loop
      vertex 0.167179 98.2313 223.58
      vertex 0.0689318 98.2249 224.578
      vertex 0.0722844 98.298 224.687
    endloop
  endfacet
  facet normal -0.977833 0.186577 -0.0950369
    outer loop
      vertex 0.144477 98.1718 223.696
      vertex 0.0689318 98.2249 224.578
      vertex 0.167179 98.2313 223.58
    endloop
  endfacet
  facet normal -0.977825 0.186616 -0.0950386
    outer loop
      vertex 0.144477 98.1718 223.696
      vertex 0.0692823 98.167 224.461
      vertex 0.0689318 98.2249 224.578
    endloop
  endfacet
  facet normal -0.97782 0.186641 -0.095038
    outer loop
      vertex 0.124186 98.1284 223.82
      vertex 0.0692823 98.167 224.461
      vertex 0.144477 98.1718 223.696
    endloop
  endfacet
  facet normal -0.977826 0.186611 -0.0950367
    outer loop
      vertex 0.124186 98.1284 223.82
      vertex 0.0733295 98.1251 224.337
      vertex 0.0692823 98.167 224.461
    endloop
  endfacet
  facet normal -0.977828 0.186602 -0.0950369
    outer loop
      vertex 0.106652 98.1017 223.948
      vertex 0.0733295 98.1251 224.337
      vertex 0.124186 98.1284 223.82
    endloop
  endfacet
  facet normal -0.977829 0.186596 -0.0950366
    outer loop
      vertex 0.106652 98.1017 223.948
      vertex 0.0810043 98.1 224.209
      vertex 0.0733295 98.1251 224.337
    endloop
  endfacet
  facet normal -0.977827 0.186608 -0.0950363
    outer loop
      vertex 0.0810043 98.1 224.209
      vertex 0.106652 98.1017 223.948
      vertex 0.0921756 98.0922 224.078
    endloop
  endfacet
  facet normal -0.986155 0.14563 -0.0793082
    outer loop
      vertex 0.445395 100.11 223.956
      vertex 0.424226 100.109 224.217
      vertex 0.436086 100.118 224.086
    endloop
  endfacet
  facet normal -0.986173 0.145506 -0.0793103
    outer loop
      vertex 0.451996 100.085 223.828
      vertex 0.424226 100.109 224.217
      vertex 0.445395 100.11 223.956
    endloop
  endfacet
  facet normal -0.986165 0.145561 -0.0793131
    outer loop
      vertex 0.451996 100.085 223.828
      vertex 0.410018 100.083 224.345
      vertex 0.424226 100.109 224.217
    endloop
  endfacet
  facet normal -0.986159 0.145605 -0.0793123
    outer loop
      vertex 0.455774 100.043 223.704
      vertex 0.410018 100.083 224.345
      vertex 0.451996 100.085 223.828
    endloop
  endfacet
  facet normal -0.986162 0.145583 -0.0793112
    outer loop
      vertex 0.455774 100.043 223.704
      vertex 0.393707 100.039 224.468
      vertex 0.410018 100.083 224.345
    endloop
  endfacet
  facet normal -0.986165 0.145564 -0.0793115
    outer loop
      vertex 0.456665 99.9855 223.587
      vertex 0.393707 100.039 224.468
      vertex 0.455774 100.043 223.704
    endloop
  endfacet
  facet normal -0.986161 0.145585 -0.0793126
    outer loop
      vertex 0.456665 99.9855 223.587
      vertex 0.37557 99.9803 224.585
      vertex 0.393707 100.039 224.468
    endloop
  endfacet
  facet normal -0.986161 0.145587 -0.0793126
    outer loop
      vertex 0.454653 99.9126 223.478
      vertex 0.37557 99.9803 224.585
      vertex 0.456665 99.9855 223.587
    endloop
  endfacet
  facet normal -0.986163 0.145577 -0.0793121
    outer loop
      vertex 0.454653 99.9126 223.478
      vertex 0.355919 99.9062 224.694
      vertex 0.37557 99.9803 224.585
    endloop
  endfacet
  facet normal -0.986163 0.145578 -0.0793121
    outer loop
      vertex 0.449774 99.8258 223.379
      vertex 0.355919 99.9062 224.694
      vertex 0.454653 99.9126 223.478
    endloop
  endfacet
  facet normal -0.986161 0.145587 -0.0793125
    outer loop
      vertex 0.449774 99.8258 223.379
      vertex 0.335089 99.8185 224.792
      vertex 0.355919 99.9062 224.694
    endloop
  endfacet
  facet normal -0.986163 0.145574 -0.0793128
    outer loop
      vertex 0.44211 99.7268 223.293
      vertex 0.335089 99.8185 224.792
      vertex 0.449774 99.8258 223.379
    endloop
  endfacet
  facet normal -0.986163 0.145576 -0.0793128
    outer loop
      vertex 0.44211 99.7268 223.293
      vertex 0.313437 99.7185 224.877
      vertex 0.335089 99.8185 224.792
    endloop
  endfacet
  facet normal -0.986163 0.145578 -0.0793128
    outer loop
      vertex 0.431793 99.6171 223.22
      vertex 0.313437 99.7185 224.877
      vertex 0.44211 99.7268 223.293
    endloop
  endfacet
  facet normal -0.986163 0.145574 -0.0793126
    outer loop
      vertex 0.431793 99.6171 223.22
      vertex 0.291334 99.6081 224.95
      vertex 0.313437 99.7185 224.877
    endloop
  endfacet
  facet normal -0.986162 0.145583 -0.0793125
    outer loop
      vertex 0.419 99.4988 223.161
      vertex 0.291334 99.6081 224.95
      vertex 0.431793 99.6171 223.22
    endloop
  endfacet
  facet normal -0.986161 0.145587 -0.0793126
    outer loop
      vertex 0.260055 99.4369 225.024
      vertex 0.291334 99.6081 224.95
      vertex 0.419 99.4988 223.161
    endloop
  endfacet
  facet normal -0.986164 0.145667 -0.0791315
    outer loop
      vertex 0.291334 99.6081 224.95
      vertex 0.260055 99.4369 225.024
      vertex 0.269157 99.4891 225.007
    endloop
  endfacet
  facet normal -0.986162 0.145582 -0.0793129
    outer loop
      vertex 0.403948 99.3737 223.119
      vertex 0.260055 99.4369 225.024
      vertex 0.419 99.4988 223.161
    endloop
  endfacet
  facet normal -0.986163 0.145576 -0.0793127
    outer loop
      vertex 0.386896 99.244 223.093
      vertex 0.260055 99.4369 225.024
      vertex 0.403948 99.3737 223.119
    endloop
  endfacet
  facet normal -0.986162 0.14558 -0.0793131
    outer loop
      vertex 0.368136 99.112 223.084
      vertex 0.260055 99.4369 225.024
      vertex 0.386896 99.244 223.093
    endloop
  endfacet
  facet normal -0.986161 0.145586 -0.0793141
    outer loop
      vertex 0.347988 98.9799 223.092
      vertex 0.260055 99.4369 225.024
      vertex 0.368136 99.112 223.084
    endloop
  endfacet
  facet normal -0.986162 0.14558 -0.0793128
    outer loop
      vertex 0.326797 98.85 223.117
      vertex 0.260055 99.4369 225.024
      vertex 0.347988 98.9799 223.092
    endloop
  endfacet
  facet normal -0.986163 0.14556 -0.0793457
    outer loop
      vertex 0.300545 98.701 223.17
      vertex 0.326797 98.85 223.117
      vertex 0.304927 98.7245 223.159
    endloop
  endfacet
  facet normal -0.986164 0.145572 -0.0793104
    outer loop
      vertex 0.326797 98.85 223.117
      vertex 0.300545 98.701 223.17
      vertex 0.260055 99.4369 225.024
    endloop
  endfacet
  facet normal -0.991769 0.109535 -0.0663107
    outer loop
      vertex 1.20857 107.858 225.042
      vertex 1.19383 107.746 225.077
      vertex 1.19547 107.759 225.074
    endloop
  endfacet
  facet normal -0.991764 0.10949 -0.0664499
    outer loop
      vertex 1.25325 107.133 223.18
      vertex 1.19383 107.746 225.077
      vertex 1.20857 107.858 225.042
    endloop
  endfacet
  facet normal -0.991764 0.109476 -0.0664771
    outer loop
      vertex 1.2348 107.003 223.241
      vertex 1.25325 107.133 223.18
      vertex 1.25153 107.12 223.185
    endloop
  endfacet
  facet normal -0.991764 0.109489 -0.0664494
    outer loop
      vertex 1.25325 107.133 223.18
      vertex 1.2348 107.003 223.241
      vertex 1.19383 107.746 225.077
    endloop
  endfacet
  facet normal -0.995377 0.0791995 -0.0543328
    outer loop
      vertex 1.19383 107.746 225.077
      vertex 1.17245 107.499 225.108
      vertex 1.18337 107.63 225.1
    endloop
  endfacet
  facet normal -0.99538 0.079208 -0.0542669
    outer loop
      vertex 1.19383 107.746 225.077
      vertex 1.16248 107.367 225.099
      vertex 1.17245 107.499 225.108
    endloop
  endfacet
  facet normal -0.995379 0.0792071 -0.0542806
    outer loop
      vertex 1.19383 107.746 225.077
      vertex 1.15361 107.238 225.073
      vertex 1.16248 107.367 225.099
    endloop
  endfacet
  facet normal -0.99538 0.0792071 -0.0542735
    outer loop
      vertex 1.19383 107.746 225.077
      vertex 1.146 107.113 225.031
      vertex 1.15361 107.238 225.073
    endloop
  endfacet
  facet normal -0.99538 0.0792072 -0.0542745
    outer loop
      vertex 1.2348 107.003 223.241
      vertex 1.146 107.113 225.031
      vertex 1.19383 107.746 225.077
    endloop
  endfacet
  facet normal -0.995378 0.0789227 -0.0547148
    outer loop
      vertex 1.22196 106.892 223.314
      vertex 1.2348 107.003 223.241
      vertex 1.23464 107.002 223.242
    endloop
  endfacet
  facet normal -0.995379 0.0792091 -0.0542746
    outer loop
      vertex 1.2348 107.003 223.241
      vertex 1.13979 106.995 224.973
      vertex 1.146 107.113 225.031
    endloop
  endfacet
  facet normal -0.995379 0.0792118 -0.0542745
    outer loop
      vertex 1.2348 107.003 223.241
      vertex 1.22196 106.892 223.314
      vertex 1.13979 106.995 224.973
    endloop
  endfacet
  facet normal -0.995379 0.0792085 -0.0542743
    outer loop
      vertex 1.22196 106.892 223.314
      vertex 1.13506 106.886 224.9
      vertex 1.13979 106.995 224.973
    endloop
  endfacet
  facet normal -0.99538 0.0792046 -0.0542744
    outer loop
      vertex 1.20936 106.792 223.4
      vertex 1.13506 106.886 224.9
      vertex 1.22196 106.892 223.314
    endloop
  endfacet
  facet normal -0.99538 0.0792049 -0.0542744
    outer loop
      vertex 1.20936 106.792 223.4
      vertex 1.13192 106.787 224.813
      vertex 1.13506 106.886 224.9
    endloop
  endfacet
  facet normal -0.99538 0.0792015 -0.0542744
    outer loop
      vertex 1.19708 106.705 223.498
      vertex 1.13192 106.787 224.813
      vertex 1.20936 106.792 223.4
    endloop
  endfacet
  facet normal -0.995379 0.0792085 -0.0542748
    outer loop
      vertex 1.19708 106.705 223.498
      vertex 1.1304 106.701 224.715
      vertex 1.13192 106.787 224.813
    endloop
  endfacet
  facet normal -0.995379 0.0792094 -0.0542748
    outer loop
      vertex 1.18531 106.632 223.607
      vertex 1.1304 106.701 224.715
      vertex 1.19708 106.705 223.498
    endloop
  endfacet
  facet normal -0.99538 0.0792063 -0.0542746
    outer loop
      vertex 1.18531 106.632 223.607
      vertex 1.13054 106.628 224.606
      vertex 1.1304 106.701 224.715
    endloop
  endfacet
  facet normal -0.995379 0.0792159 -0.0542746
    outer loop
      vertex 1.17425 106.573 223.724
      vertex 1.13054 106.628 224.606
      vertex 1.18531 106.632 223.607
    endloop
  endfacet
  facet normal -0.99538 0.0792031 -0.0542738
    outer loop
      vertex 1.17425 106.573 223.724
      vertex 1.13234 106.57 224.489
      vertex 1.13054 106.628 224.606
    endloop
  endfacet
  facet normal -0.995379 0.079214 -0.0542737
    outer loop
      vertex 1.16411 106.53 223.847
      vertex 1.13234 106.57 224.489
      vertex 1.17425 106.573 223.724
    endloop
  endfacet
  facet normal -0.99538 0.079199 -0.0542729
    outer loop
      vertex 1.16411 106.53 223.847
      vertex 1.13576 106.528 224.365
      vertex 1.13234 106.57 224.489
    endloop
  endfacet
  facet normal -0.995381 0.0791924 -0.0542729
    outer loop
      vertex 1.15504 106.504 223.976
      vertex 1.13576 106.528 224.365
      vertex 1.16411 106.53 223.847
    endloop
  endfacet
  facet normal -0.995379 0.0792133 -0.0542741
    outer loop
      vertex 1.15504 106.504 223.976
      vertex 1.14074 106.503 224.236
      vertex 1.13576 106.528 224.365
    endloop
  endfacet
  facet normal -0.995377 0.0792374 -0.0542739
    outer loop
      vertex 1.14074 106.503 224.236
      vertex 1.15504 106.504 223.976
      vertex 1.14721 106.495 224.106
    endloop
  endfacet
  facet normal -0.997613 0.0527986 -0.0444992
    outer loop
      vertex 1.28984 108.5 223.98
      vertex 1.27816 108.499 224.241
      vertex 1.28446 108.508 224.111
    endloop
  endfacet
  facet normal -0.997615 0.0527694 -0.0444993
    outer loop
      vertex 1.29422 108.474 223.852
      vertex 1.27816 108.499 224.241
      vertex 1.28984 108.5 223.98
    endloop
  endfacet
  facet normal -0.997615 0.0527623 -0.0444989
    outer loop
      vertex 1.29422 108.474 223.852
      vertex 1.27107 108.473 224.369
      vertex 1.27816 108.499 224.241
    endloop
  endfacet
  facet normal -0.997615 0.0527587 -0.0444989
    outer loop
      vertex 1.29753 108.432 223.728
      vertex 1.27107 108.473 224.369
      vertex 1.29422 108.474 223.852
    endloop
  endfacet
  facet normal -0.997615 0.0527634 -0.0444992
    outer loop
      vertex 1.29753 108.432 223.728
      vertex 1.2633 108.43 224.493
      vertex 1.27107 108.473 224.369
    endloop
  endfacet
  facet normal -0.997614 0.0527773 -0.0444991
    outer loop
      vertex 1.29971 108.375 223.611
      vertex 1.2633 108.43 224.493
      vertex 1.29753 108.432 223.728
    endloop
  endfacet
  facet normal -0.997615 0.0527646 -0.0444983
    outer loop
      vertex 1.29971 108.375 223.611
      vertex 1.25498 108.372 224.61
      vertex 1.2633 108.43 224.493
    endloop
  endfacet
  facet normal -0.997615 0.052762 -0.0444984
    outer loop
      vertex 1.30071 108.302 223.502
      vertex 1.25498 108.372 224.61
      vertex 1.29971 108.375 223.611
    endloop
  endfacet
  facet normal -0.997615 0.0527663 -0.0444986
    outer loop
      vertex 1.30071 108.302 223.502
      vertex 1.24625 108.298 224.719
      vertex 1.25498 108.372 224.61
    endloop
  endfacet
  facet normal -0.997615 0.0527626 -0.0444986
    outer loop
      vertex 1.30053 108.215 223.403
      vertex 1.24625 108.298 224.719
      vertex 1.30071 108.302 223.502
    endloop
  endfacet
  facet normal -0.997615 0.0527688 -0.044499
    outer loop
      vertex 1.30053 108.215 223.403
      vertex 1.23728 108.211 224.817
      vertex 1.24625 108.298 224.719
    endloop
  endfacet
  facet normal -0.997615 0.0527651 -0.044499
    outer loop
      vertex 1.29917 108.117 223.317
      vertex 1.23728 108.211 224.817
      vertex 1.30053 108.215 223.403
    endloop
  endfacet
  facet normal -0.997615 0.0527721 -0.0444995
    outer loop
      vertex 1.29917 108.117 223.317
      vertex 1.2282 108.112 224.903
      vertex 1.23728 108.211 224.817
    endloop
  endfacet
  facet normal -0.997615 0.0527724 -0.0444995
    outer loop
      vertex 1.29665 108.008 223.244
      vertex 1.2282 108.112 224.903
      vertex 1.29917 108.117 223.317
    endloop
  endfacet
  facet normal -0.997615 0.052766 -0.0444991
    outer loop
      vertex 1.29665 108.008 223.244
      vertex 1.21917 108.003 224.975
      vertex 1.2282 108.112 224.903
    endloop
  endfacet
  facet normal -0.997615 0.0527691 -0.0444991
    outer loop
      vertex 1.29301 107.89 223.186
      vertex 1.21917 108.003 224.975
      vertex 1.29665 108.008 223.244
    endloop
  endfacet
  facet normal -0.997615 0.0527606 -0.0444985
    outer loop
      vertex 1.20857 107.858 225.042
      vertex 1.21917 108.003 224.975
      vertex 1.29301 107.89 223.186
    endloop
  endfacet
  facet normal -0.997615 0.052759 -0.0445021
    outer loop
      vertex 1.21917 108.003 224.975
      vertex 1.20857 107.858 225.042
      vertex 1.21036 107.884 225.033
    endloop
  endfacet
  facet normal -0.997615 0.0527618 -0.0444985
    outer loop
      vertex 1.28831 107.765 223.144
      vertex 1.20857 107.858 225.042
      vertex 1.29301 107.89 223.186
    endloop
  endfacet
  facet normal -0.997615 0.0527687 -0.0444988
    outer loop
      vertex 1.28264 107.636 223.118
      vertex 1.20857 107.858 225.042
      vertex 1.28831 107.765 223.144
    endloop
  endfacet
  facet normal -0.997615 0.0527667 -0.0444986
    outer loop
      vertex 1.27609 107.505 223.109
      vertex 1.20857 107.858 225.042
      vertex 1.28264 107.636 223.118
    endloop
  endfacet
  facet normal -0.997615 0.0527671 -0.0444987
    outer loop
      vertex 1.26878 107.374 223.118
      vertex 1.20857 107.858 225.042
      vertex 1.27609 107.505 223.109
    endloop
  endfacet
  facet normal -0.997615 0.0527656 -0.0444983
    outer loop
      vertex 1.26083 107.245 223.143
      vertex 1.20857 107.858 225.042
      vertex 1.26878 107.374 223.118
    endloop
  endfacet
  facet normal -0.997615 0.0527631 -0.0444975
    outer loop
      vertex 1.20857 107.858 225.042
      vertex 1.26083 107.245 223.143
      vertex 1.25325 107.133 223.18
    endloop
  endfacet
  facet normal -0.998843 0.0300205 -0.0375606
    outer loop
      vertex 1.60482 118.93 221.765
      vertex 1.60782 119.065 221.792
      vertex 1.6097 119.133 221.797
    endloop
  endfacet
  facet normal -0.998832 0.0300728 -0.0378162
    outer loop
      vertex 1.60782 119.065 221.792
      vertex 1.60482 118.93 221.765
      vertex 1.60491 118.936 221.766
    endloop
  endfacet
  facet normal -0.998843 0.03002 -0.0375688
    outer loop
      vertex 1.64307 118.344 220.279
      vertex 1.6097 119.133 221.797
      vertex 1.65438 118.489 220.094
    endloop
  endfacet
  facet normal -0.998843 0.0300033 -0.037582
    outer loop
      vertex 1.64307 118.344 220.279
      vertex 1.65438 118.489 220.094
      vertex 1.64813 118.403 220.192
    endloop
  endfacet
  facet normal -0.998843 0.030022 -0.0375699
    outer loop
      vertex 1.6097 119.133 221.797
      vertex 1.64307 118.344 220.279
      vertex 1.60482 118.93 221.765
    endloop
  endfacet
  facet normal -0.999674 -0.000496512 -0.0255424
    outer loop
      vertex 1.60482 118.93 221.765
      vertex 1.60745 118.694 221.666
      vertex 1.60591 118.812 221.724
    endloop
  endfacet
  facet normal -0.999673 -0.000492091 -0.025553
    outer loop
      vertex 1.60482 118.93 221.765
      vertex 1.60936 118.585 221.594
      vertex 1.60745 118.694 221.666
    endloop
  endfacet
  facet normal -0.999674 -0.000497578 -0.0255419
    outer loop
      vertex 1.60482 118.93 221.765
      vertex 1.61162 118.487 221.507
      vertex 1.60936 118.585 221.594
    endloop
  endfacet
  facet normal -0.999673 -0.000493572 -0.0255488
    outer loop
      vertex 1.60482 118.93 221.765
      vertex 1.61418 118.401 221.409
      vertex 1.61162 118.487 221.507
    endloop
  endfacet
  facet normal -0.999674 -0.000496469 -0.0255445
    outer loop
      vertex 1.64307 118.344 220.279
      vertex 1.61418 118.401 221.409
      vertex 1.60482 118.93 221.765
    endloop
  endfacet
  facet normal -0.999673 -0.000513217 -0.0255531
    outer loop
      vertex 1.63957 118.272 220.418
      vertex 1.64307 118.344 220.279
      vertex 1.64254 118.33 220.3
    endloop
  endfacet
  facet normal -0.999674 -0.000495645 -0.0255446
    outer loop
      vertex 1.64307 118.344 220.279
      vertex 1.61699 118.328 221.3
      vertex 1.61418 118.401 221.409
    endloop
  endfacet
  facet normal -0.999674 -0.000496892 -0.0255446
    outer loop
      vertex 1.64307 118.344 220.279
      vertex 1.63957 118.272 220.418
      vertex 1.61699 118.328 221.3
    endloop
  endfacet
  facet normal -0.999674 -0.000493394 -0.0255448
    outer loop
      vertex 1.63957 118.272 220.418
      vertex 1.62002 118.27 221.183
      vertex 1.61699 118.328 221.3
    endloop
  endfacet
  facet normal -0.999674 -0.000494767 -0.0255448
    outer loop
      vertex 1.63643 118.229 220.541
      vertex 1.62002 118.27 221.183
      vertex 1.63957 118.272 220.418
    endloop
  endfacet
  facet normal -0.999674 -0.000500207 -0.0255445
    outer loop
      vertex 1.63643 118.229 220.541
      vertex 1.62321 118.228 221.059
      vertex 1.62002 118.27 221.183
    endloop
  endfacet
  facet normal -0.999674 -0.000506074 -0.0255445
    outer loop
      vertex 1.63317 118.203 220.67
      vertex 1.62321 118.228 221.059
      vertex 1.63643 118.229 220.541
    endloop
  endfacet
  facet normal -0.999674 -0.000492275 -0.0255454
    outer loop
      vertex 1.63317 118.203 220.67
      vertex 1.6265 118.203 220.93
      vertex 1.62321 118.228 221.059
    endloop
  endfacet
  facet normal -0.999674 -0.000505348 -0.0255454
    outer loop
      vertex 1.6265 118.203 220.93
      vertex 1.63317 118.203 220.67
      vertex 1.62984 118.195 220.8
    endloop
  endfacet
  facet normal -0.999283 0.0178506 -0.033391
    outer loop
      vertex 1.42879 124.319 227.2
      vertex 1.42463 124.345 227.338
      vertex 1.42496 124.344 227.328
    endloop
  endfacet
  facet normal -0.999283 0.0178289 -0.033387
    outer loop
      vertex 1.43218 124.277 227.076
      vertex 1.42463 124.345 227.338
      vertex 1.42879 124.319 227.2
    endloop
  endfacet
  facet normal -0.999285 0.0177739 -0.0333601
    outer loop
      vertex 1.43688 124.163 226.875
      vertex 1.43218 124.277 227.076
      vertex 1.43507 124.219 226.958
    endloop
  endfacet
  facet normal -0.999284 0.0178151 -0.0333834
    outer loop
      vertex 1.43218 124.277 227.076
      vertex 1.43688 124.163 226.875
      vertex 1.42463 124.345 227.338
    endloop
  endfacet
  facet normal -0.99969 -0.0127015 -0.0214262
    outer loop
      vertex 1.62038 120.19 220.672
      vertex 1.61479 120.189 220.933
      vertex 1.61747 120.198 220.802
    endloop
  endfacet
  facet normal -0.999689 -0.0127232 -0.0214262
    outer loop
      vertex 1.62345 120.164 220.543
      vertex 1.61479 120.189 220.933
      vertex 1.62038 120.19 220.672
    endloop
  endfacet
  facet normal -0.999689 -0.0127258 -0.0214261
    outer loop
      vertex 1.62345 120.164 220.543
      vertex 1.61236 120.164 221.061
      vertex 1.61479 120.189 220.933
    endloop
  endfacet
  facet normal -0.99969 -0.0127106 -0.0214261
    outer loop
      vertex 1.62664 120.122 220.419
      vertex 1.61236 120.164 221.061
      vertex 1.62345 120.164 220.543
    endloop
  endfacet
  facet normal -0.99969 -0.0127135 -0.0214259
    outer loop
      vertex 1.62664 120.122 220.419
      vertex 1.61025 120.121 221.185
      vertex 1.61236 120.164 221.061
    endloop
  endfacet
  facet normal -0.99969 -0.0127167 -0.0214259
    outer loop
      vertex 1.62989 120.065 220.302
      vertex 1.61025 120.121 221.185
      vertex 1.62664 120.122 220.419
    endloop
  endfacet
  facet normal -0.999689 -0.0127223 -0.0214255
    outer loop
      vertex 1.62989 120.065 220.302
      vertex 1.60848 120.063 221.302
      vertex 1.61025 120.121 221.185
    endloop
  endfacet
  facet normal -0.99969 -0.0127202 -0.0214255
    outer loop
      vertex 1.63314 119.992 220.193
      vertex 1.60848 120.063 221.302
      vertex 1.62989 120.065 220.302
    endloop
  endfacet
  facet normal -0.99969 -0.0127134 -0.0214259
    outer loop
      vertex 1.63314 119.992 220.193
      vertex 1.60707 119.99 221.41
      vertex 1.60848 120.063 221.302
    endloop
  endfacet
  facet normal -0.99969 -0.0127175 -0.021426
    outer loop
      vertex 1.63635 119.906 220.095
      vertex 1.60707 119.99 221.41
      vertex 1.63314 119.992 220.193
    endloop
  endfacet
  facet normal -0.99969 -0.0127189 -0.0214259
    outer loop
      vertex 1.63635 119.906 220.095
      vertex 1.60607 119.904 221.509
      vertex 1.60707 119.99 221.41
    endloop
  endfacet
  facet normal -0.99969 -0.0127154 -0.0214259
    outer loop
      vertex 1.63945 119.807 220.008
      vertex 1.60607 119.904 221.509
      vertex 1.63635 119.906 220.095
    endloop
  endfacet
  facet normal -0.99969 -0.0127169 -0.0214258
    outer loop
      vertex 1.63945 119.807 220.008
      vertex 1.60548 119.805 221.595
      vertex 1.60607 119.904 221.509
    endloop
  endfacet
  facet normal -0.99969 -0.0127182 -0.0214258
    outer loop
      vertex 1.64239 119.699 219.936
      vertex 1.60548 119.805 221.595
      vertex 1.63945 119.807 220.008
    endloop
  endfacet
  facet normal -0.99969 -0.012716 -0.0214259
    outer loop
      vertex 1.64239 119.699 219.936
      vertex 1.60531 119.696 221.667
      vertex 1.60548 119.805 221.595
    endloop
  endfacet
  facet normal -0.99969 -0.0127153 -0.0214259
    outer loop
      vertex 1.64513 119.581 219.878
      vertex 1.60531 119.696 221.667
      vertex 1.64239 119.699 219.936
    endloop
  endfacet
  facet normal -0.99969 -0.0127182 -0.0214257
    outer loop
      vertex 1.64513 119.581 219.878
      vertex 1.60557 119.579 221.725
      vertex 1.60531 119.696 221.667
    endloop
  endfacet
  facet normal -0.99969 -0.0127177 -0.0214257
    outer loop
      vertex 1.64761 119.457 219.836
      vertex 1.60557 119.579 221.725
      vertex 1.64513 119.581 219.878
    endloop
  endfacet
  facet normal -0.99969 -0.0127183 -0.0214257
    outer loop
      vertex 1.64761 119.457 219.836
      vertex 1.60625 119.455 221.767
      vertex 1.60557 119.579 221.725
    endloop
  endfacet
  facet normal -0.99969 -0.0127191 -0.0214257
    outer loop
      vertex 1.64979 119.329 219.81
      vertex 1.60625 119.455 221.767
      vertex 1.64761 119.457 219.836
    endloop
  endfacet
  facet normal -0.99969 -0.012717 -0.0214258
    outer loop
      vertex 1.6097 119.133 221.797
      vertex 1.60625 119.455 221.767
      vertex 1.64979 119.329 219.81
    endloop
  endfacet
  facet normal -0.99969 -0.0127156 -0.0214257
    outer loop
      vertex 1.6097 119.133 221.797
      vertex 1.64979 119.329 219.81
      vertex 1.65164 119.198 219.801
    endloop
  endfacet
  facet normal -0.999689 -0.0127185 -0.0214421
    outer loop
      vertex 1.60625 119.455 221.767
      vertex 1.6097 119.133 221.797
      vertex 1.60734 119.326 221.792
    endloop
  endfacet
  facet normal -0.999689 -0.0127183 -0.0214315
    outer loop
      vertex 1.60734 119.326 221.792
      vertex 1.6097 119.133 221.797
      vertex 1.60882 119.195 221.801
    endloop
  endfacet
  facet normal -0.99969 -0.0127179 -0.0214258
    outer loop
      vertex 1.65312 119.067 219.81
      vertex 1.6097 119.133 221.797
      vertex 1.65164 119.198 219.801
    endloop
  endfacet
  facet normal -0.99969 -0.0127186 -0.0214257
    outer loop
      vertex 1.65421 118.939 219.835
      vertex 1.6097 119.133 221.797
      vertex 1.65312 119.067 219.81
    endloop
  endfacet
  facet normal -0.99969 -0.0127157 -0.021426
    outer loop
      vertex 1.65489 118.815 219.877
      vertex 1.6097 119.133 221.797
      vertex 1.65421 118.939 219.835
    endloop
  endfacet
  facet normal -0.99969 -0.0127174 -0.0214257
    outer loop
      vertex 1.65515 118.697 219.935
      vertex 1.6097 119.133 221.797
      vertex 1.65489 118.815 219.877
    endloop
  endfacet
  facet normal -0.99969 -0.0127169 -0.0214259
    outer loop
      vertex 1.65498 118.588 220.007
      vertex 1.6097 119.133 221.797
      vertex 1.65515 118.697 219.935
    endloop
  endfacet
  facet normal -0.999665 -0.013363 -0.0221652
    outer loop
      vertex 1.65438 118.489 220.094
      vertex 1.65498 118.588 220.007
      vertex 1.65439 118.49 220.094
    endloop
  endfacet
  facet normal -0.99969 -0.0127159 -0.0214262
    outer loop
      vertex 1.65498 118.588 220.007
      vertex 1.65438 118.489 220.094
      vertex 1.6097 119.133 221.797
    endloop
  endfacet
  facet normal -0.99969 -0.0127187 -0.0214256
    outer loop
      vertex 1.42463 124.345 227.338
      vertex 1.41927 124.344 227.589
      vertex 1.42196 124.353 227.458
    endloop
  endfacet
  facet normal -0.99969 -0.0127106 -0.0214256
    outer loop
      vertex 1.42463 124.345 227.338
      vertex 1.41685 124.318 227.717
      vertex 1.41927 124.344 227.589
    endloop
  endfacet
  facet normal -0.99969 -0.0127196 -0.0214262
    outer loop
      vertex 1.42463 124.345 227.338
      vertex 1.41473 124.276 227.841
      vertex 1.41685 124.318 227.717
    endloop
  endfacet
  facet normal -0.99969 -0.0127202 -0.0214263
    outer loop
      vertex 1.42463 124.345 227.338
      vertex 1.41296 124.218 227.958
      vertex 1.41473 124.276 227.841
    endloop
  endfacet
  facet normal -0.99969 -0.0127177 -0.0214258
    outer loop
      vertex 1.43688 124.163 226.875
      vertex 1.41296 124.218 227.958
      vertex 1.42463 124.345 227.338
    endloop
  endfacet
  facet normal -0.99969 -0.0127099 -0.0214315
    outer loop
      vertex 1.44083 124.061 226.751
      vertex 1.43688 124.163 226.875
      vertex 1.43763 124.147 226.85
    endloop
  endfacet
  facet normal -0.99969 -0.0127176 -0.0214258
    outer loop
      vertex 1.43688 124.163 226.875
      vertex 1.41156 124.145 228.067
      vertex 1.41296 124.218 227.958
    endloop
  endfacet
  facet normal -0.99969 -0.0127206 -0.0214225
    outer loop
      vertex 1.44393 123.962 226.665
      vertex 1.43688 124.163 226.875
      vertex 1.44083 124.061 226.751
    endloop
  endfacet
  facet normal -0.99969 -0.012715 -0.0214257
    outer loop
      vertex 1.43688 124.163 226.875
      vertex 1.41055 124.059 228.165
      vertex 1.41156 124.145 228.067
    endloop
  endfacet
  facet normal -0.99969 -0.0127171 -0.0214259
    outer loop
      vertex 1.43688 124.163 226.875
      vertex 1.44393 123.962 226.665
      vertex 1.41055 124.059 228.165
    endloop
  endfacet
  facet normal -0.99969 -0.012717 -0.0214259
    outer loop
      vertex 1.44393 123.962 226.665
      vertex 1.40996 123.96 228.251
      vertex 1.41055 124.059 228.165
    endloop
  endfacet
  facet normal -0.99969 -0.0127161 -0.0214259
    outer loop
      vertex 1.44688 123.853 226.592
      vertex 1.40996 123.96 228.251
      vertex 1.44393 123.962 226.665
    endloop
  endfacet
  facet normal -0.99969 -0.0127197 -0.0214257
    outer loop
      vertex 1.44688 123.853 226.592
      vertex 1.40979 123.851 228.324
      vertex 1.40996 123.96 228.251
    endloop
  endfacet
  facet normal -0.99969 -0.0127173 -0.0214257
    outer loop
      vertex 1.44961 123.736 226.534
      vertex 1.40979 123.851 228.324
      vertex 1.44688 123.853 226.592
    endloop
  endfacet
  facet normal -0.99969 -0.0127146 -0.0214258
    outer loop
      vertex 1.44961 123.736 226.534
      vertex 1.41005 123.733 228.381
      vertex 1.40979 123.851 228.324
    endloop
  endfacet
  facet normal -0.99969 -0.0127167 -0.0214258
    outer loop
      vertex 1.45209 123.612 226.492
      vertex 1.41005 123.733 228.381
      vertex 1.44961 123.736 226.534
    endloop
  endfacet
  facet normal -0.99969 -0.0127183 -0.0214257
    outer loop
      vertex 1.45209 123.612 226.492
      vertex 1.41073 123.609 228.423
      vertex 1.41005 123.733 228.381
    endloop
  endfacet
  facet normal -0.99969 -0.0127191 -0.0214257
    outer loop
      vertex 1.45427 123.484 226.466
      vertex 1.41073 123.609 228.423
      vertex 1.45209 123.612 226.492
    endloop
  endfacet
  facet normal -0.99969 -0.0127161 -0.0214259
    outer loop
      vertex 1.45427 123.484 226.466
      vertex 1.41182 123.481 228.449
      vertex 1.41073 123.609 228.423
    endloop
  endfacet
  facet normal -0.99969 -0.0127156 -0.0214259
    outer loop
      vertex 1.45612 123.353 226.458
      vertex 1.41182 123.481 228.449
      vertex 1.45427 123.484 226.466
    endloop
  endfacet
  facet normal -0.99969 -0.0127179 -0.0214258
    outer loop
      vertex 1.45612 123.353 226.458
      vertex 1.4133 123.35 228.457
      vertex 1.41182 123.481 228.449
    endloop
  endfacet
  facet normal -0.99969 -0.0127179 -0.0214258
    outer loop
      vertex 1.4576 123.222 226.466
      vertex 1.4133 123.35 228.457
      vertex 1.45612 123.353 226.458
    endloop
  endfacet
  facet normal -0.99969 -0.0127173 -0.0214258
    outer loop
      vertex 1.4576 123.222 226.466
      vertex 1.41515 123.22 228.449
      vertex 1.4133 123.35 228.457
    endloop
  endfacet
  facet normal -0.99969 -0.0127179 -0.0214258
    outer loop
      vertex 1.45869 123.094 226.492
      vertex 1.41515 123.22 228.449
      vertex 1.4576 123.222 226.466
    endloop
  endfacet
  facet normal -0.99969 -0.0127166 -0.0214259
    outer loop
      vertex 1.45869 123.094 226.492
      vertex 1.41733 123.091 228.423
      vertex 1.41515 123.22 228.449
    endloop
  endfacet
  facet normal -0.99969 -0.0127157 -0.0214259
    outer loop
      vertex 1.45937 122.97 226.533
      vertex 1.41733 123.091 228.423
      vertex 1.45869 123.094 226.492
    endloop
  endfacet
  facet normal -0.99969 -0.0127185 -0.0214257
    outer loop
      vertex 1.45937 122.97 226.533
      vertex 1.41981 122.967 228.381
      vertex 1.41733 123.091 228.423
    endloop
  endfacet
  facet normal -0.99969 -0.0127182 -0.0214257
    outer loop
      vertex 1.45963 122.852 226.591
      vertex 1.41981 122.967 228.381
      vertex 1.45937 122.97 226.533
    endloop
  endfacet
  facet normal -0.99969 -0.0127182 -0.0214257
    outer loop
      vertex 1.45963 122.852 226.591
      vertex 1.42255 122.85 228.323
      vertex 1.41981 122.967 228.381
    endloop
  endfacet
  facet normal -0.99969 -0.0127159 -0.0214257
    outer loop
      vertex 1.45946 122.743 226.664
      vertex 1.42255 122.85 228.323
      vertex 1.45963 122.852 226.591
    endloop
  endfacet
  facet normal -0.99969 -0.0127183 -0.0214256
    outer loop
      vertex 1.45946 122.743 226.664
      vertex 1.42549 122.741 228.25
      vertex 1.42255 122.85 228.323
    endloop
  endfacet
  facet normal -0.99969 -0.0127167 -0.0214256
    outer loop
      vertex 1.45887 122.645 226.75
      vertex 1.42549 122.741 228.25
      vertex 1.45946 122.743 226.664
    endloop
  endfacet
  facet normal -0.99969 -0.0127156 -0.0214256
    outer loop
      vertex 1.45887 122.645 226.75
      vertex 1.42859 122.643 228.164
      vertex 1.42549 122.741 228.25
    endloop
  endfacet
  facet normal -0.99969 -0.0127187 -0.0214256
    outer loop
      vertex 1.45787 122.558 226.848
      vertex 1.42859 122.643 228.164
      vertex 1.45887 122.645 226.75
    endloop
  endfacet
  facet normal -0.99969 -0.0127178 -0.0214257
    outer loop
      vertex 1.45787 122.558 226.848
      vertex 1.4318 122.556 228.065
      vertex 1.42859 122.643 228.164
    endloop
  endfacet
  facet normal -0.99969 -0.0127175 -0.0214257
    outer loop
      vertex 1.45646 122.485 226.957
      vertex 1.4318 122.556 228.065
      vertex 1.45787 122.558 226.848
    endloop
  endfacet
  facet normal -0.99969 -0.0127153 -0.0214258
    outer loop
      vertex 1.45646 122.485 226.957
      vertex 1.43505 122.484 227.957
      vertex 1.4318 122.556 228.065
    endloop
  endfacet
  facet normal -0.99969 -0.0127173 -0.0214258
    outer loop
      vertex 1.45469 122.427 227.074
      vertex 1.43505 122.484 227.957
      vertex 1.45646 122.485 226.957
    endloop
  endfacet
  facet normal -0.99969 -0.0127167 -0.0214259
    outer loop
      vertex 1.45469 122.427 227.074
      vertex 1.4383 122.426 227.839
      vertex 1.43505 122.484 227.957
    endloop
  endfacet
  facet normal -0.99969 -0.0127212 -0.0214259
    outer loop
      vertex 1.45257 122.385 227.198
      vertex 1.4383 122.426 227.839
      vertex 1.45469 122.427 227.074
    endloop
  endfacet
  facet normal -0.99969 -0.0127184 -0.0214261
    outer loop
      vertex 1.45257 122.385 227.198
      vertex 1.44149 122.384 227.715
      vertex 1.4383 122.426 227.839
    endloop
  endfacet
  facet normal -0.99969 -0.012713 -0.0214261
    outer loop
      vertex 1.45015 122.359 227.326
      vertex 1.44149 122.384 227.715
      vertex 1.45257 122.385 227.198
    endloop
  endfacet
  facet normal -0.999689 -0.0127295 -0.021425
    outer loop
      vertex 1.45015 122.359 227.326
      vertex 1.44456 122.359 227.587
      vertex 1.44149 122.384 227.715
    endloop
  endfacet
  facet normal -0.99969 -0.0127206 -0.021425
    outer loop
      vertex 1.44456 122.359 227.587
      vertex 1.45015 122.359 227.326
      vertex 1.44747 122.35 227.457
    endloop
  endfacet
  facet normal -0.999626 -0.00063286 -0.0273315
    outer loop
      vertex 1.41329 128.656 221.655
      vertex 1.4111 128.801 221.732
      vertex 1.41019 128.892 221.763
    endloop
  endfacet
  facet normal -0.999625 -0.000612621 -0.0273699
    outer loop
      vertex 1.4111 128.801 221.732
      vertex 1.41329 128.656 221.655
      vertex 1.41276 128.684 221.674
    endloop
  endfacet
  facet normal -0.999626 -0.000628978 -0.0273401
    outer loop
      vertex 1.45127 128.342 220.274
      vertex 1.41329 128.656 221.655
      vertex 1.41019 128.892 221.763
    endloop
  endfacet
  facet normal -0.999625 -0.00070087 -0.02738
    outer loop
      vertex 1.44718 128.261 220.425
      vertex 1.45127 128.342 220.274
      vertex 1.45035 128.319 220.308
    endloop
  endfacet
  facet normal -0.999626 -0.000618061 -0.0273356
    outer loop
      vertex 1.44418 128.223 220.536
      vertex 1.45127 128.342 220.274
      vertex 1.44718 128.261 220.425
    endloop
  endfacet
  facet normal -0.999626 -0.000628264 -0.0273402
    outer loop
      vertex 1.45127 128.342 220.274
      vertex 1.44418 128.223 220.536
      vertex 1.41329 128.656 221.655
    endloop
  endfacet
  facet normal -0.999626 -0.000630336 -0.0273397
    outer loop
      vertex 1.27992 130.637 226.486
      vertex 1.22792 131.251 228.373
      vertex 1.22883 131.321 228.338
    endloop
  endfacet
  facet normal -0.999624 -0.000648525 -0.0274243
    outer loop
      vertex 1.27922 130.533 226.514
      vertex 1.27992 130.637 226.486
      vertex 1.27966 130.584 226.497
    endloop
  endfacet
  facet normal -0.999626 -0.000626371 -0.0273409
    outer loop
      vertex 1.27992 130.637 226.486
      vertex 1.27922 130.533 226.514
      vertex 1.22792 131.251 228.373
    endloop
  endfacet
  facet normal -0.999393 -0.0311677 -0.0155317
    outer loop
      vertex 1.41329 128.656 221.655
      vertex 1.42105 128.477 221.515
      vertex 1.41665 128.575 221.601
    endloop
  endfacet
  facet normal -0.999394 -0.0311644 -0.0155358
    outer loop
      vertex 1.41329 128.656 221.655
      vertex 1.42527 128.39 221.417
      vertex 1.42105 128.477 221.515
    endloop
  endfacet
  facet normal -0.999393 -0.0311685 -0.0155313
    outer loop
      vertex 1.41329 128.656 221.655
      vertex 1.42922 128.318 221.308
      vertex 1.42527 128.39 221.417
    endloop
  endfacet
  facet normal -0.999394 -0.0311574 -0.0155421
    outer loop
      vertex 1.41329 128.656 221.655
      vertex 1.43285 128.26 221.191
      vertex 1.42922 128.318 221.308
    endloop
  endfacet
  facet normal -0.999394 -0.0311628 -0.0155375
    outer loop
      vertex 1.44418 128.223 220.536
      vertex 1.43285 128.26 221.191
      vertex 1.41329 128.656 221.655
    endloop
  endfacet
  facet normal -0.999391 -0.031248 -0.0155576
    outer loop
      vertex 1.44292 128.193 220.677
      vertex 1.44418 128.223 220.536
      vertex 1.44411 128.219 220.549
    endloop
  endfacet
  facet normal -0.999394 -0.0311532 -0.015538
    outer loop
      vertex 1.44418 128.223 220.536
      vertex 1.43608 128.218 221.067
      vertex 1.43285 128.26 221.191
    endloop
  endfacet
  facet normal -0.999394 -0.0311562 -0.015538
    outer loop
      vertex 1.44418 128.223 220.536
      vertex 1.44292 128.193 220.677
      vertex 1.43608 128.218 221.067
    endloop
  endfacet
  facet normal -0.999393 -0.0311728 -0.015537
    outer loop
      vertex 1.44292 128.193 220.677
      vertex 1.43887 128.193 220.938
      vertex 1.43608 128.218 221.067
    endloop
  endfacet
  facet normal -0.999393 -0.0311754 -0.015537
    outer loop
      vertex 1.43887 128.193 220.938
      vertex 1.44292 128.193 220.677
      vertex 1.44116 128.184 220.808
    endloop
  endfacet
  facet normal -0.99939 -0.0312091 -0.0156673
    outer loop
      vertex 1.22792 131.251 228.373
      vertex 1.23179 131.099 228.429
      vertex 1.22858 131.223 228.387
    endloop
  endfacet
  facet normal -0.999394 -0.0311619 -0.0155385
    outer loop
      vertex 1.22792 131.251 228.373
      vertex 1.23539 130.971 228.454
      vertex 1.23179 131.099 228.429
    endloop
  endfacet
  facet normal -0.999394 -0.0311587 -0.0155273
    outer loop
      vertex 1.22792 131.251 228.373
      vertex 1.23933 130.84 228.463
      vertex 1.23539 130.971 228.454
    endloop
  endfacet
  facet normal -0.999394 -0.0311613 -0.0155391
    outer loop
      vertex 1.22792 131.251 228.373
      vertex 1.24354 130.71 228.454
      vertex 1.23933 130.84 228.463
    endloop
  endfacet
  facet normal -0.999393 -0.0311627 -0.0155485
    outer loop
      vertex 1.22792 131.251 228.373
      vertex 1.24793 130.582 228.428
      vertex 1.24354 130.71 228.454
    endloop
  endfacet
  facet normal -0.999394 -0.0311618 -0.0155377
    outer loop
      vertex 1.27922 130.533 226.514
      vertex 1.24793 130.582 228.428
      vertex 1.22792 131.251 228.373
    endloop
  endfacet
  facet normal -0.999394 -0.031157 -0.0155269
    outer loop
      vertex 1.28388 130.342 226.597
      vertex 1.27922 130.533 226.514
      vertex 1.28112 130.46 226.539
    endloop
  endfacet
  facet normal -0.999394 -0.0311594 -0.0155378
    outer loop
      vertex 1.27922 130.533 226.514
      vertex 1.25245 130.458 228.386
      vertex 1.24793 130.582 228.428
    endloop
  endfacet
  facet normal -0.999394 -0.0311617 -0.0155379
    outer loop
      vertex 1.27922 130.533 226.514
      vertex 1.28388 130.342 226.597
      vertex 1.25245 130.458 228.386
    endloop
  endfacet
  facet normal -0.999394 -0.0311638 -0.0155377
    outer loop
      vertex 1.28388 130.342 226.597
      vertex 1.25701 130.34 228.328
      vertex 1.25245 130.458 228.386
    endloop
  endfacet
  facet normal -0.999394 -0.0311616 -0.0155377
    outer loop
      vertex 1.28614 130.233 226.669
      vertex 1.25701 130.34 228.328
      vertex 1.28388 130.342 226.597
    endloop
  endfacet
  facet normal -0.999394 -0.0311637 -0.0155376
    outer loop
      vertex 1.28614 130.233 226.669
      vertex 1.26153 130.232 228.256
      vertex 1.25701 130.34 228.328
    endloop
  endfacet
  facet normal -0.999394 -0.0311604 -0.0155376
    outer loop
      vertex 1.28787 130.135 226.755
      vertex 1.26153 130.232 228.256
      vertex 1.28614 130.233 226.669
    endloop
  endfacet
  facet normal -0.999394 -0.0311613 -0.0155375
    outer loop
      vertex 1.28787 130.135 226.755
      vertex 1.26593 130.133 228.169
      vertex 1.26153 130.232 228.256
    endloop
  endfacet
  facet normal -0.999394 -0.0311643 -0.0155375
    outer loop
      vertex 1.28904 130.049 226.854
      vertex 1.26593 130.133 228.169
      vertex 1.28787 130.135 226.755
    endloop
  endfacet
  facet normal -0.999394 -0.0311579 -0.0155379
    outer loop
      vertex 1.28904 130.049 226.854
      vertex 1.27015 130.047 228.071
      vertex 1.26593 130.133 228.169
    endloop
  endfacet
  facet normal -0.999394 -0.0311627 -0.0155379
    outer loop
      vertex 1.28962 129.976 226.962
      vertex 1.27015 130.047 228.071
      vertex 1.28904 130.049 226.854
    endloop
  endfacet
  facet normal -0.999393 -0.0311672 -0.0155377
    outer loop
      vertex 1.28962 129.976 226.962
      vertex 1.2741 129.975 227.962
      vertex 1.27015 130.047 228.071
    endloop
  endfacet
  facet normal -0.999394 -0.0311619 -0.0155377
    outer loop
      vertex 1.2896 129.918 227.08
      vertex 1.2741 129.975 227.962
      vertex 1.28962 129.976 226.962
    endloop
  endfacet
  facet normal -0.999394 -0.0311624 -0.0155376
    outer loop
      vertex 1.2896 129.918 227.08
      vertex 1.27773 129.917 227.845
      vertex 1.2741 129.975 227.962
    endloop
  endfacet
  facet normal -0.999394 -0.0311605 -0.0155376
    outer loop
      vertex 1.28899 129.876 227.203
      vertex 1.27773 129.917 227.845
      vertex 1.2896 129.918 227.08
    endloop
  endfacet
  facet normal -0.999394 -0.0311564 -0.0155379
    outer loop
      vertex 1.28899 129.876 227.203
      vertex 1.28096 129.875 227.721
      vertex 1.27773 129.917 227.845
    endloop
  endfacet
  facet normal -0.999394 -0.0311633 -0.0155379
    outer loop
      vertex 1.2878 129.85 227.332
      vertex 1.28096 129.875 227.721
      vertex 1.28899 129.876 227.203
    endloop
  endfacet
  facet normal -0.999394 -0.0311636 -0.0155379
    outer loop
      vertex 1.2878 129.85 227.332
      vertex 1.28375 129.85 227.593
      vertex 1.28096 129.875 227.721
    endloop
  endfacet
  facet normal -0.999393 -0.0311892 -0.0155379
    outer loop
      vertex 1.28375 129.85 227.593
      vertex 1.2878 129.85 227.332
      vertex 1.28604 129.841 227.462
    endloop
  endfacet
  facet normal -0.999654 -0.00756975 -0.0252036
    outer loop
      vertex 0.601863 130.73 217.785
      vertex 0.245648 135.352 230.525
      vertex 0.245282 135.399 230.526
    endloop
  endfacet
  facet normal -0.999654 -0.00756544 -0.0252052
    outer loop
      vertex 0.245648 135.352 230.525
      vertex 0.601863 130.73 217.785
      vertex 0.60375 130.468 217.789
    endloop
  endfacet
  facet normal -0.999183 -0.0380981 -0.0134846
    outer loop
      vertex 0.60375 130.468 217.789
      vertex 0.57804 130.124 220.665
      vertex 0.575957 130.133 220.795
    endloop
  endfacet
  facet normal -0.999183 -0.0380895 -0.0134836
    outer loop
      vertex 0.60375 130.468 217.789
      vertex 0.58074 130.099 220.536
      vertex 0.57804 130.124 220.665
    endloop
  endfacet
  facet normal -0.999183 -0.0381034 -0.0134855
    outer loop
      vertex 0.60375 130.468 217.789
      vertex 0.58401 130.057 220.412
      vertex 0.58074 130.099 220.536
    endloop
  endfacet
  facet normal -0.999183 -0.0381002 -0.013485
    outer loop
      vertex 0.60375 130.468 217.789
      vertex 0.587795 129.999 220.295
      vertex 0.58401 130.057 220.412
    endloop
  endfacet
  facet normal -0.999183 -0.0380976 -0.0134845
    outer loop
      vertex 0.60375 130.468 217.789
      vertex 0.592029 129.927 220.186
      vertex 0.587795 129.999 220.295
    endloop
  endfacet
  facet normal -0.999183 -0.0380959 -0.0134841
    outer loop
      vertex 0.60375 130.468 217.789
      vertex 0.596641 129.841 220.088
      vertex 0.592029 129.927 220.186
    endloop
  endfacet
  facet normal -0.999183 -0.0381017 -0.0134857
    outer loop
      vertex 0.60375 130.468 217.789
      vertex 0.601551 129.742 220.002
      vertex 0.596641 129.841 220.088
    endloop
  endfacet
  facet normal -0.999183 -0.038099 -0.0134848
    outer loop
      vertex 0.60375 130.468 217.789
      vertex 0.606675 129.634 219.929
      vertex 0.601551 129.742 220.002
    endloop
  endfacet
  facet normal -0.999183 -0.038099 -0.0134848
    outer loop
      vertex 0.60375 130.468 217.789
      vertex 0.611926 129.516 219.871
      vertex 0.606675 129.634 219.929
    endloop
  endfacet
  facet normal -0.999183 -0.0380984 -0.0134845
    outer loop
      vertex 0.641091 129.483 217.805
      vertex 0.611926 129.516 219.871
      vertex 0.60375 130.468 217.789
    endloop
  endfacet
  facet normal -0.999183 -0.0380944 -0.0134846
    outer loop
      vertex 0.641091 129.483 217.805
      vertex 0.617214 129.393 219.829
      vertex 0.611926 129.516 219.871
    endloop
  endfacet
  facet normal -0.999183 -0.0380991 -0.0134848
    outer loop
      vertex 0.641091 129.483 217.805
      vertex 0.622448 129.264 219.803
      vertex 0.617214 129.393 219.829
    endloop
  endfacet
  facet normal -0.999183 -0.0380993 -0.0134848
    outer loop
      vertex 0.641091 129.483 217.805
      vertex 0.627539 129.134 219.795
      vertex 0.622448 129.264 219.803
    endloop
  endfacet
  facet normal -0.999183 -0.038101 -0.0134851
    outer loop
      vertex 0.641091 129.483 217.805
      vertex 0.6324 129.004 219.803
      vertex 0.627539 129.134 219.795
    endloop
  endfacet
  facet normal -0.999183 -0.0380976 -0.0134843
    outer loop
      vertex 0.641091 129.483 217.805
      vertex 0.636947 128.875 219.829
      vertex 0.6324 129.004 219.803
    endloop
  endfacet
  facet normal -0.999183 -0.0380985 -0.0134846
    outer loop
      vertex 0.717765 127.451 217.863
      vertex 0.636947 128.875 219.829
      vertex 0.641091 129.483 217.805
    endloop
  endfacet
  facet normal -0.999183 -0.0380986 -0.0134845
    outer loop
      vertex 0.636947 128.875 219.829
      vertex 0.717765 127.451 217.863
      vertex 0.641103 128.751 219.871
    endloop
  endfacet
  facet normal -0.999183 -0.0380978 -0.013485
    outer loop
      vertex 0.641103 128.751 219.871
      vertex 0.717765 127.451 217.863
      vertex 0.644796 128.634 219.928
    endloop
  endfacet
  facet normal -0.999183 -0.0380994 -0.0134841
    outer loop
      vertex 0.644796 128.634 219.928
      vertex 0.717765 127.451 217.863
      vertex 0.647964 128.525 220.001
    endloop
  endfacet
  facet normal -0.999183 -0.0380951 -0.0134862
    outer loop
      vertex 0.647964 128.525 220.001
      vertex 0.717765 127.451 217.863
      vertex 0.650552 128.427 220.087
    endloop
  endfacet
  facet normal -0.999183 -0.0381033 -0.0134826
    outer loop
      vertex 0.650552 128.427 220.087
      vertex 0.717765 127.451 217.863
      vertex 0.652516 128.341 220.186
    endloop
  endfacet
  facet normal -0.999183 -0.0380935 -0.0134864
    outer loop
      vertex 0.652516 128.341 220.186
      vertex 0.717765 127.451 217.863
      vertex 0.652878 128.32 220.216
    endloop
  endfacet
  facet normal -0.999183 -0.0380986 -0.0134846
    outer loop
      vertex 0.421536 131.781 227.58
      vertex 0.298562 133.968 230.515
      vertex 0.245648 135.352 230.525
    endloop
  endfacet
  facet normal -0.999183 -0.0380985 -0.0134847
    outer loop
      vertex 0.420782 131.756 227.708
      vertex 0.298562 133.968 230.515
      vertex 0.421536 131.781 227.58
    endloop
  endfacet
  facet normal -0.999183 -0.0380977 -0.0134858
    outer loop
      vertex 0.421536 131.781 227.58
      vertex 0.245648 135.352 230.525
      vertex 0.422967 131.79 227.449
    endloop
  endfacet
  facet normal -0.999183 -0.0380991 -0.0134841
    outer loop
      vertex 0.245648 135.352 230.525
      vertex 0.42505 131.781 227.319
      vertex 0.422967 131.79 227.449
    endloop
  endfacet
  facet normal -0.999183 -0.0381013 -0.0134817
    outer loop
      vertex 0.245648 135.352 230.525
      vertex 0.42775 131.756 227.19
      vertex 0.42505 131.781 227.319
    endloop
  endfacet
  facet normal -0.999183 -0.0380952 -0.0134883
    outer loop
      vertex 0.245648 135.352 230.525
      vertex 0.43102 131.714 227.067
      vertex 0.42775 131.756 227.19
    endloop
  endfacet
  facet normal -0.999183 -0.0381055 -0.0134774
    outer loop
      vertex 0.245648 135.352 230.525
      vertex 0.434805 131.656 226.949
      vertex 0.43102 131.714 227.067
    endloop
  endfacet
  facet normal -0.999183 -0.0380984 -0.0134847
    outer loop
      vertex 0.575957 130.133 220.795
      vertex 0.434805 131.656 226.949
      vertex 0.245648 135.352 230.525
    endloop
  endfacet
  facet normal -0.999183 -0.0380963 -0.0134853
    outer loop
      vertex 0.574526 130.124 220.926
      vertex 0.434805 131.656 226.949
      vertex 0.575957 130.133 220.795
    endloop
  endfacet
  facet normal -0.999183 -0.0380985 -0.0134847
    outer loop
      vertex 0.575957 130.133 220.795
      vertex 0.245648 135.352 230.525
      vertex 0.60375 130.468 217.789
    endloop
  endfacet
  facet normal -0.999183 -0.0381081 -0.0134823
    outer loop
      vertex 0.434805 131.656 226.949
      vertex 0.574526 130.124 220.926
      vertex 0.43904 131.584 226.84
    endloop
  endfacet
  facet normal -0.999183 -0.0380972 -0.013485
    outer loop
      vertex 0.573771 130.098 221.054
      vertex 0.43904 131.584 226.84
      vertex 0.574526 130.124 220.926
    endloop
  endfacet
  facet normal -0.999183 -0.0380945 -0.0134857
    outer loop
      vertex 0.43904 131.584 226.84
      vertex 0.573771 130.098 221.054
      vertex 0.443651 131.498 226.742
    endloop
  endfacet
  facet normal -0.999183 -0.0381037 -0.0134834
    outer loop
      vertex 0.573707 130.056 221.178
      vertex 0.443651 131.498 226.742
      vertex 0.573771 130.098 221.054
    endloop
  endfacet
  facet normal -0.999183 -0.0380961 -0.0134854
    outer loop
      vertex 0.443651 131.498 226.742
      vertex 0.573707 130.056 221.178
      vertex 0.448561 131.399 226.656
    endloop
  endfacet
  facet normal -0.999183 -0.0380966 -0.0134852
    outer loop
      vertex 0.574333 129.998 221.295
      vertex 0.448561 131.399 226.656
      vertex 0.573707 130.056 221.178
    endloop
  endfacet
  facet normal -0.999183 -0.0380994 -0.0134845
    outer loop
      vertex 0.448561 131.399 226.656
      vertex 0.574333 129.998 221.295
      vertex 0.453686 131.291 226.583
    endloop
  endfacet
  facet normal -0.999183 -0.0380989 -0.0134846
    outer loop
      vertex 0.575639 129.926 221.404
      vertex 0.453686 131.291 226.583
      vertex 0.574333 129.998 221.295
    endloop
  endfacet
  facet normal -0.999183 -0.0380989 -0.0134846
    outer loop
      vertex 0.453686 131.291 226.583
      vertex 0.575639 129.926 221.404
      vertex 0.458937 131.174 226.525
    endloop
  endfacet
  facet normal -0.999183 -0.0380965 -0.0134852
    outer loop
      vertex 0.577603 129.839 221.502
      vertex 0.458937 131.174 226.525
      vertex 0.575639 129.926 221.404
    endloop
  endfacet
  facet normal -0.999183 -0.0380988 -0.0134846
    outer loop
      vertex 0.458937 131.174 226.525
      vertex 0.577603 129.839 221.502
      vertex 0.464225 131.05 226.483
    endloop
  endfacet
  facet normal -0.999183 -0.0381017 -0.0134839
    outer loop
      vertex 0.580191 129.741 221.588
      vertex 0.464225 131.05 226.483
      vertex 0.577603 129.839 221.502
    endloop
  endfacet
  facet normal -0.999183 -0.0380994 -0.0134845
    outer loop
      vertex 0.464225 131.05 226.483
      vertex 0.580191 129.741 221.588
      vertex 0.469459 130.922 226.458
    endloop
  endfacet
  facet normal -0.999183 -0.0380946 -0.0134857
    outer loop
      vertex 0.583359 129.632 221.661
      vertex 0.469459 130.922 226.458
      vertex 0.580191 129.741 221.588
    endloop
  endfacet
  facet normal -0.999183 -0.0380996 -0.0134843
    outer loop
      vertex 0.469459 130.922 226.458
      vertex 0.583359 129.632 221.661
      vertex 0.47455 130.791 226.449
    endloop
  endfacet
  facet normal -0.999183 -0.0381026 -0.0134836
    outer loop
      vertex 0.587053 129.515 221.719
      vertex 0.47455 130.791 226.449
      vertex 0.583359 129.632 221.661
    endloop
  endfacet
  facet normal -0.999183 -0.0380959 -0.0134854
    outer loop
      vertex 0.47455 130.791 226.449
      vertex 0.587053 129.515 221.719
      vertex 0.47941 130.661 226.457
    endloop
  endfacet
  facet normal -0.999183 -0.0380971 -0.0134851
    outer loop
      vertex 0.591208 129.391 221.761
      vertex 0.47941 130.661 226.457
      vertex 0.587053 129.515 221.719
    endloop
  endfacet
  facet normal -0.999183 -0.0381114 -0.0134812
    outer loop
      vertex 0.47941 130.661 226.457
      vertex 0.591208 129.391 221.761
      vertex 0.480538 130.629 226.464
    endloop
  endfacet
  facet normal -0.999183 -0.0380992 -0.0134845
    outer loop
      vertex 0.595756 129.263 221.786
      vertex 0.480538 130.629 226.464
      vertex 0.591208 129.391 221.761
    endloop
  endfacet
  facet normal -0.999183 -0.0380946 -0.0134858
    outer loop
      vertex 0.600616 129.132 221.794
      vertex 0.480538 130.629 226.464
      vertex 0.595756 129.263 221.786
    endloop
  endfacet
  facet normal -0.999183 -0.0381014 -0.0134836
    outer loop
      vertex 0.605707 129.002 221.786
      vertex 0.480538 130.629 226.464
      vertex 0.600616 129.132 221.794
    endloop
  endfacet
  facet normal -0.999183 -0.038101 -0.0134838
    outer loop
      vertex 0.480538 130.629 226.464
      vertex 0.605707 129.002 221.786
      vertex 0.610167 128.893 221.764
    endloop
  endfacet
  facet normal -0.999183 -0.0380988 -0.0134845
    outer loop
      vertex 0.298562 133.968 230.515
      vertex 0.420782 131.756 227.708
      vertex 0.315899 133.516 230.507
    endloop
  endfacet
  facet normal -0.999183 -0.0380968 -0.0134858
    outer loop
      vertex 0.315899 133.516 230.507
      vertex 0.420782 131.756 227.708
      vertex 0.420717 131.713 227.832
    endloop
  endfacet
  facet normal -0.999183 -0.038097 -0.0134856
    outer loop
      vertex 0.421344 131.656 227.949
      vertex 0.315899 133.516 230.507
      vertex 0.420717 131.713 227.832
    endloop
  endfacet
  facet normal -0.999183 -0.0380982 -0.0134847
    outer loop
      vertex 0.42265 131.583 228.058
      vertex 0.315899 133.516 230.507
      vertex 0.421344 131.656 227.949
    endloop
  endfacet
  facet normal -0.999183 -0.0380984 -0.0134846
    outer loop
      vertex 0.315899 133.516 230.507
      vertex 0.42265 131.583 228.058
      vertex 0.369714 132.113 230.482
    endloop
  endfacet
  facet normal -0.999183 -0.038102 -0.0134838
    outer loop
      vertex 0.424614 131.496 228.156
      vertex 0.369714 132.113 230.482
      vertex 0.42265 131.583 228.058
    endloop
  endfacet
  facet normal -0.999183 -0.0380969 -0.0134852
    outer loop
      vertex 0.427202 131.398 228.242
      vertex 0.369714 132.113 230.482
      vertex 0.424614 131.496 228.156
    endloop
  endfacet
  facet normal -0.999183 -0.0380975 -0.013485
    outer loop
      vertex 0.369714 132.113 230.482
      vertex 0.427202 131.398 228.242
      vertex 0.429821 131.308 228.302
    endloop
  endfacet
  facet normal -0.999632 -0.0137385 -0.0233704
    outer loop
      vertex 0.465249 133.978 217.728
      vertex 0.19789 137.441 227.128
      vertex 0.464622 134.024 217.728
    endloop
  endfacet
  facet normal -0.999632 -0.0137434 -0.0233686
    outer loop
      vertex 0.468167 133.761 217.732
      vertex 0.19789 137.441 227.128
      vertex 0.465249 133.978 217.728
    endloop
  endfacet
  facet normal -0.999632 -0.0137425 -0.023369
    outer loop
      vertex 0.19789 137.441 227.128
      vertex 0.468167 133.761 217.732
      vertex 0.191458 137.441 227.404
    endloop
  endfacet
  facet normal -0.998951 -0.0442736 -0.0117329
    outer loop
      vertex 0.191458 137.441 227.404
      vertex 0.245282 135.399 230.526
      vertex 0.15471 137.438 230.542
    endloop
  endfacet
  facet normal -0.998951 -0.044273 -0.0117331
    outer loop
      vertex 0.471357 133.688 217.733
      vertex 0.191458 137.441 227.404
      vertex 0.468167 133.761 217.732
    endloop
  endfacet
  facet normal -0.998951 -0.0442737 -0.0117329
    outer loop
      vertex 0.601863 130.73 217.785
      vertex 0.191458 137.441 227.404
      vertex 0.471357 133.688 217.733
    endloop
  endfacet
  facet normal -0.998951 -0.0442736 -0.0117329
    outer loop
      vertex 0.191458 137.441 227.404
      vertex 0.601863 130.73 217.785
      vertex 0.245282 135.399 230.526
    endloop
  endfacet
  facet normal -0.999577 -0.0192209 -0.0218058
    outer loop
      vertex 0.313034 137.072 217.705
      vertex 0.299197 137.448 218.008
      vertex 0.307957 137.338 217.704
    endloop
  endfacet
  facet normal -0.999577 -0.0192216 -0.021805
    outer loop
      vertex 0.299197 137.448 218.008
      vertex 0.313034 137.072 217.705
      vertex 0.284201 137.447 218.697
    endloop
  endfacet
  facet normal -0.998709 -0.0497466 -0.0102553
    outer loop
      vertex 0.464622 134.024 217.728
      vertex 0.284201 137.447 218.697
      vertex 0.313034 137.072 217.705
    endloop
  endfacet
  facet normal -0.998709 -0.0497465 -0.0102558
    outer loop
      vertex 0.284201 137.447 218.697
      vertex 0.464622 134.024 217.728
      vertex 0.19789 137.441 227.128
    endloop
  endfacet
  facet normal -0.998469 -0.0545642 -0.00903304
    outer loop
      vertex 0.307957 137.338 217.704
      vertex 0.299197 137.448 218.008
      vertex 0.301953 137.448 217.703
    endloop
  endfacet
  facet normal -0.0703078 0.924462 -0.374736
    outer loop
      vertex -3.60363 90.5488 223.935
      vertex -3.63674 90.9533 224.939
      vertex -3.62145 90.9545 224.94
    endloop
  endfacet
  facet normal -0.0701811 0.924472 -0.374735
    outer loop
      vertex -3.63674 90.9533 224.939
      vertex -3.60363 90.5488 223.935
      vertex -3.62074 90.547 223.934
    endloop
  endfacet
  facet normal -0.0987082 0.92207 -0.374223
    outer loop
      vertex -3.63068 90.5459 223.934
      vertex -3.70768 90.943 224.933
      vertex -3.63674 90.9533 224.939
    endloop
  endfacet
  facet normal -0.0986823 0.922074 -0.374221
    outer loop
      vertex -3.72536 90.5358 223.934
      vertex -3.70768 90.943 224.933
      vertex -3.69674 90.5388 223.934
    endloop
  endfacet
  facet normal -0.0987625 0.922063 -0.374227
    outer loop
      vertex -3.77598 90.5306 223.935
      vertex -3.87213 90.9174 224.913
      vertex -3.75166 90.5331 223.934
    endloop
  endfacet
  facet normal -0.0989938 0.922038 -0.374227
    outer loop
      vertex -3.95168 90.905 224.903
      vertex -3.89356 90.5196 223.938
      vertex -3.90992 90.5182 223.939
    endloop
  endfacet
  facet normal -0.0984554 0.922099 -0.374219
    outer loop
      vertex -3.95168 90.905 224.903
      vertex -3.87648 90.5211 223.938
      vertex -3.89356 90.5196 223.938
    endloop
  endfacet
  facet normal -0.0985785 0.922085 -0.374222
    outer loop
      vertex -3.87213 90.9174 224.913
      vertex -3.87648 90.5211 223.938
      vertex -3.95168 90.905 224.903
    endloop
  endfacet
  facet normal -0.0985535 0.922087 -0.374223
    outer loop
      vertex -3.87648 90.5211 223.938
      vertex -3.87213 90.9174 224.913
      vertex -3.85858 90.5227 223.937
    endloop
  endfacet
  facet normal -0.0984506 0.922097 -0.374226
    outer loop
      vertex -3.85858 90.5227 223.937
      vertex -3.87213 90.9174 224.913
      vertex -3.83974 90.5244 223.936
    endloop
  endfacet
  facet normal -0.0989907 0.922041 -0.374221
    outer loop
      vertex -3.83974 90.5244 223.936
      vertex -3.87213 90.9174 224.913
      vertex -3.8198 90.5263 223.936
    endloop
  endfacet
  facet normal -0.0984333 0.922103 -0.374216
    outer loop
      vertex -3.8198 90.5263 223.936
      vertex -3.87213 90.9174 224.913
      vertex -3.79862 90.5284 223.935
    endloop
  endfacet
  facet normal -0.0986867 0.922073 -0.374223
    outer loop
      vertex -3.79862 90.5284 223.935
      vertex -3.87213 90.9174 224.913
      vertex -3.77598 90.5306 223.935
    endloop
  endfacet
  facet normal -0.0991115 0.922032 -0.37421
    outer loop
      vertex -3.63068 90.5459 223.934
      vertex -3.63674 90.9533 224.939
      vertex -3.62074 90.547 223.934
    endloop
  endfacet
  facet normal -0.098643 0.922078 -0.374221
    outer loop
      vertex -3.70768 90.943 224.933
      vertex -3.63068 90.5459 223.934
      vertex -3.66536 90.5421 223.934
    endloop
  endfacet
  facet normal -0.0987074 0.92207 -0.374223
    outer loop
      vertex -3.87213 90.9174 224.913
      vertex -3.72536 90.5358 223.934
      vertex -3.75166 90.5331 223.934
    endloop
  endfacet
  facet normal -0.0986874 0.922073 -0.374221
    outer loop
      vertex -3.70768 90.943 224.933
      vertex -3.66536 90.5421 223.934
      vertex -3.69674 90.5388 223.934
    endloop
  endfacet
  facet normal -0.0986848 0.922074 -0.374221
    outer loop
      vertex -3.70768 90.943 224.933
      vertex -3.72536 90.5358 223.934
      vertex -3.87213 90.9174 224.913
    endloop
  endfacet
  facet normal -0.362346 0.861915 -0.354693
    outer loop
      vertex -3.31463 91.208 225.216
      vertex -3.30406 90.6167 223.768
      vertex -3.32775 91.2007 225.211
    endloop
  endfacet
  facet normal -0.362687 0.861792 -0.354645
    outer loop
      vertex -3.30406 90.6167 223.768
      vertex -3.31463 91.208 225.216
      vertex -3.28837 90.6201 223.76
    endloop
  endfacet
  facet normal -0.3877 0.850868 -0.354559
    outer loop
      vertex -3.32775 91.2007 225.211
      vertex -3.33692 91.1948 225.207
      vertex -3.33545 91.1961 225.208
    endloop
  endfacet
  facet normal -0.390604 0.851697 -0.349344
    outer loop
      vertex -3.32775 91.2007 225.211
      vertex -3.3381 91.1938 225.206
      vertex -3.33692 91.1948 225.207
    endloop
  endfacet
  facet normal -0.390249 0.851617 -0.349936
    outer loop
      vertex -3.32775 91.2007 225.211
      vertex -3.62145 90.9545 224.94
      vertex -3.3381 91.1938 225.206
    endloop
  endfacet
  facet normal -0.389298 0.851625 -0.350972
    outer loop
      vertex -3.30406 90.6167 223.768
      vertex -3.62145 90.9545 224.94
      vertex -3.32775 91.2007 225.211
    endloop
  endfacet
  facet normal -0.389487 0.851551 -0.350942
    outer loop
      vertex -3.62145 90.9545 224.94
      vertex -3.58118 90.5537 223.922
      vertex -3.60363 90.5488 223.935
    endloop
  endfacet
  facet normal -0.389156 0.851686 -0.350982
    outer loop
      vertex -3.62145 90.9545 224.94
      vertex -3.54309 90.5623 223.901
      vertex -3.58118 90.5537 223.922
    endloop
  endfacet
  facet normal -0.389287 0.851631 -0.350971
    outer loop
      vertex -3.62145 90.9545 224.94
      vertex -3.48472 90.5755 223.868
      vertex -3.54309 90.5623 223.901
    endloop
  endfacet
  facet normal -0.389288 0.851631 -0.350971
    outer loop
      vertex -3.62145 90.9545 224.94
      vertex -3.38349 90.5985 223.812
      vertex -3.48472 90.5755 223.868
    endloop
  endfacet
  facet normal -0.389285 0.851632 -0.350971
    outer loop
      vertex -3.62145 90.9545 224.94
      vertex -3.30406 90.6167 223.768
      vertex -3.38349 90.5985 223.812
    endloop
  endfacet
  facet normal -0.699924 0.688449 -0.190115
    outer loop
      vertex -3.04222 91.5678 225.453
      vertex -3.0536 91.5537 225.444
      vertex -3.05179 91.5559 225.445
    endloop
  endfacet
  facet normal -0.638204 0.709748 -0.29825
    outer loop
      vertex -3.00488 90.7455 223.416
      vertex -3.0536 91.5537 225.444
      vertex -3.04222 91.5678 225.453
    endloop
  endfacet
  facet normal -0.637973 0.709928 -0.298316
    outer loop
      vertex -3.0536 91.5537 225.444
      vertex -3.00488 90.7455 223.416
      vertex -3.01955 90.7361 223.426
    endloop
  endfacet
  facet normal -0.661004 0.691549 -0.291262
    outer loop
      vertex -3.0536 91.5537 225.444
      vertex -3.28837 90.6201 223.76
      vertex -3.31463 91.208 225.216
    endloop
  endfacet
  facet normal -0.660993 0.691557 -0.291269
    outer loop
      vertex -3.0536 91.5537 225.444
      vertex -3.2681 90.6283 223.734
      vertex -3.28837 90.6201 223.76
    endloop
  endfacet
  facet normal -0.660988 0.69156 -0.291271
    outer loop
      vertex -3.0536 91.5537 225.444
      vertex -3.21056 90.6518 223.659
      vertex -3.2681 90.6283 223.734
    endloop
  endfacet
  facet normal -0.660996 0.691554 -0.291267
    outer loop
      vertex -3.0536 91.5537 225.444
      vertex -3.11647 90.6906 223.537
      vertex -3.21056 90.6518 223.659
    endloop
  endfacet
  facet normal -0.66105 0.691512 -0.291246
    outer loop
      vertex -3.01955 90.7361 223.426
      vertex -3.11647 90.6906 223.537
      vertex -3.0536 91.5537 225.444
    endloop
  endfacet
  facet normal -0.660992 0.691604 -0.291158
    outer loop
      vertex -3.11647 90.6906 223.537
      vertex -3.01955 90.7361 223.426
      vertex -3.04012 90.7223 223.439
    endloop
  endfacet
  facet normal -0.794304 0.558124 -0.239958
    outer loop
      vertex -2.73217 91.0259 223.109
      vertex -2.79313 92.0969 225.802
      vertex -2.78251 92.1158 225.811
    endloop
  endfacet
  facet normal -0.794228 0.558216 -0.239993
    outer loop
      vertex -2.79313 92.0969 225.802
      vertex -2.73217 91.0259 223.109
      vertex -2.74708 91.0115 223.125
    endloop
  endfacet
  facet normal -0.812519 0.535075 -0.231317
    outer loop
      vertex -2.79313 92.0969 225.802
      vertex -3.04222 91.5678 225.453
      vertex -2.81867 92.0484 225.78
    endloop
  endfacet
  facet normal -0.812773 0.534889 -0.230854
    outer loop
      vertex -2.74708 91.0115 223.125
      vertex -3.04222 91.5678 225.453
      vertex -2.79313 92.0969 225.802
    endloop
  endfacet
  facet normal -0.81277 0.534894 -0.230855
    outer loop
      vertex -2.84171 90.9137 223.232
      vertex -3.04222 91.5678 225.453
      vertex -2.74708 91.0115 223.125
    endloop
  endfacet
  facet normal -0.812773 0.53489 -0.230854
    outer loop
      vertex -2.94396 90.8083 223.347
      vertex -3.04222 91.5678 225.453
      vertex -2.84171 90.9137 223.232
    endloop
  endfacet
  facet normal -0.812783 0.534876 -0.230849
    outer loop
      vertex -3.04222 91.5678 225.453
      vertex -2.94396 90.8083 223.347
      vertex -3.00488 90.7455 223.416
    endloop
  endfacet
  facet normal -0.856879 0.472313 -0.206587
    outer loop
      vertex -2.43255 91.4445 222.735
      vertex -2.5084 92.7908 226.128
      vertex -2.4972 92.8164 226.14
    endloop
  endfacet
  facet normal -0.856993 0.472136 -0.20652
    outer loop
      vertex -2.5084 92.7908 226.128
      vertex -2.43255 91.4445 222.735
      vertex -2.44964 91.4202 222.751
    endloop
  endfacet
  facet normal -0.872834 0.446718 -0.196479
    outer loop
      vertex -2.44964 91.4202 222.751
      vertex -2.78251 92.1158 225.811
      vertex -2.5084 92.7908 226.128
    endloop
  endfacet
  facet normal -0.87283 0.446733 -0.196464
    outer loop
      vertex -2.73217 91.0259 223.109
      vertex -2.44964 91.4202 222.751
      vertex -2.56406 91.2457 222.862
    endloop
  endfacet
  facet normal -0.872832 0.446721 -0.19648
    outer loop
      vertex -2.44964 91.4202 222.751
      vertex -2.73217 91.0259 223.109
      vertex -2.78251 92.1158 225.811
    endloop
  endfacet
  facet normal -0.886366 0.423314 -0.187511
    outer loop
      vertex -2.08589 92.0514 222.34
      vertex -2.17929 93.6979 226.499
      vertex -2.16684 93.7288 226.509
    endloop
  endfacet
  facet normal -0.886375 0.423298 -0.187505
    outer loop
      vertex -2.17929 93.6979 226.499
      vertex -2.08589 92.0514 222.34
      vertex -2.10667 92.0175 222.362
    endloop
  endfacet
  facet normal -0.900666 0.396826 -0.177003
    outer loop
      vertex -2.10667 92.0175 222.362
      vertex -2.35673 93.2204 226.331
      vertex -2.17929 93.6979 226.499
    endloop
  endfacet
  facet normal -0.900657 0.396844 -0.177008
    outer loop
      vertex -2.35673 93.2204 226.331
      vertex -2.10667 92.0175 222.362
      vertex -2.43801 92.9866 226.22
    endloop
  endfacet
  facet normal -0.900668 0.396822 -0.177003
    outer loop
      vertex -2.43801 92.9866 226.22
      vertex -2.10667 92.0175 222.362
      vertex -2.4972 92.8164 226.14
    endloop
  endfacet
  facet normal -0.900658 0.396842 -0.177006
    outer loop
      vertex -2.16051 91.9228 222.423
      vertex -2.4972 92.8164 226.14
      vertex -2.10667 92.0175 222.362
    endloop
  endfacet
  facet normal -0.900662 0.396835 -0.177005
    outer loop
      vertex -2.4972 92.8164 226.14
      vertex -2.16051 91.9228 222.423
      vertex -2.43255 91.4445 222.735
    endloop
  endfacet
  facet normal -0.915841 0.366003 -0.165159
    outer loop
      vertex -1.72001 92.8764 221.96
      vertex -1.83077 94.8225 226.887
      vertex -1.81818 94.8584 226.896
    endloop
  endfacet
  facet normal -0.915876 0.365928 -0.16513
    outer loop
      vertex -1.83077 94.8225 226.887
      vertex -1.72001 92.8764 221.96
      vertex -1.74296 92.8286 221.981
    endloop
  endfacet
  facet normal -0.928292 0.338391 -0.154159
    outer loop
      vertex -1.74296 92.8286 221.981
      vertex -1.8658 94.7128 226.857
      vertex -1.83077 94.8225 226.887
    endloop
  endfacet
  facet normal -0.928287 0.338402 -0.154164
    outer loop
      vertex -1.8658 94.7128 226.857
      vertex -1.74296 92.8286 221.981
      vertex -2.16359 93.7394 226.513
    endloop
  endfacet
  facet normal -0.928239 0.338527 -0.154184
    outer loop
      vertex -2.16359 93.7394 226.513
      vertex -1.74296 92.8286 221.981
      vertex -2.16684 93.7288 226.509
    endloop
  endfacet
  facet normal -0.928287 0.338404 -0.154164
    outer loop
      vertex -2.02584 92.1844 222.27
      vertex -2.16684 93.7288 226.509
      vertex -1.74296 92.8286 221.981
    endloop
  endfacet
  facet normal -0.928292 0.338331 -0.154295
    outer loop
      vertex -2.08589 92.0514 222.34
      vertex -2.02584 92.1844 222.27
      vertex -2.06423 92.097 222.31
    endloop
  endfacet
  facet normal -0.928289 0.338399 -0.154162
    outer loop
      vertex -2.02584 92.1844 222.27
      vertex -2.08589 92.0514 222.34
      vertex -2.16684 93.7288 226.509
    endloop
  endfacet
  facet normal -0.939541 0.310848 -0.143652
    outer loop
      vertex -1.34017 93.9536 221.549
      vertex -1.46959 96.2057 227.269
      vertex -1.45717 96.2487 227.281
    endloop
  endfacet
  facet normal -0.939538 0.310855 -0.143655
    outer loop
      vertex -1.46959 96.2057 227.269
      vertex -1.34017 93.9536 221.549
      vertex -1.3652 93.888 221.571
    endloop
  endfacet
  facet normal -0.950121 0.282437 -0.132289
    outer loop
      vertex -1.3652 93.888 221.571
      vertex -1.53408 95.9565 227.2
      vertex -1.46959 96.2057 227.269
    endloop
  endfacet
  facet normal -0.95012 0.282439 -0.13229
    outer loop
      vertex -1.3652 93.888 221.571
      vertex -1.81818 94.8584 226.896
      vertex -1.53408 95.9565 227.2
    endloop
  endfacet
  facet normal -0.95012 0.282437 -0.13229
    outer loop
      vertex -1.57771 93.2705 221.779
      vertex -1.81818 94.8584 226.896
      vertex -1.3652 93.888 221.571
    endloop
  endfacet
  facet normal -0.95012 0.282439 -0.13229
    outer loop
      vertex -1.81818 94.8584 226.896
      vertex -1.57771 93.2705 221.779
      vertex -1.72001 92.8764 221.96
    endloop
  endfacet
  facet normal -0.957395 0.26072 -0.124173
    outer loop
      vertex -0.910768 95.5002 221.077
      vertex -1.06395 98.0962 227.709
      vertex -1.05068 98.1507 227.721
    endloop
  endfacet
  facet normal -0.957392 0.260731 -0.124177
    outer loop
      vertex -1.06395 98.0962 227.709
      vertex -0.910768 95.5002 221.077
      vertex -0.940759 95.4023 221.102
    endloop
  endfacet
  facet normal -0.966262 0.231694 -0.112502
    outer loop
      vertex -0.940759 95.4023 221.102
      vertex -1.15428 97.6737 227.614
      vertex -1.06395 98.0962 227.709
    endloop
  endfacet
  facet normal -0.966261 0.231694 -0.112502
    outer loop
      vertex -1.15428 97.6737 227.614
      vertex -0.940759 95.4023 221.102
      vertex -1.40172 96.5163 227.356
    endloop
  endfacet
  facet normal -0.966263 0.23169 -0.112501
    outer loop
      vertex -1.40172 96.5163 227.356
      vertex -0.940759 95.4023 221.102
      vertex -1.45717 96.2487 227.281
    endloop
  endfacet
  facet normal -0.966262 0.231693 -0.112502
    outer loop
      vertex -1.11202 94.7693 221.27
      vertex -1.45717 96.2487 227.281
      vertex -0.940759 95.4023 221.102
    endloop
  endfacet
  facet normal -0.966339 0.232443 -0.110267
    outer loop
      vertex -1.117 94.7512 221.275
      vertex -1.11202 94.7693 221.27
      vertex -1.11422 94.7611 221.272
    endloop
  endfacet
  facet normal -0.966252 0.231729 -0.11251
    outer loop
      vertex -1.11202 94.7693 221.27
      vertex -1.117 94.7512 221.275
      vertex -1.45717 96.2487 227.281
    endloop
  endfacet
  facet normal -0.966262 0.231693 -0.112502
    outer loop
      vertex -1.45717 96.2487 227.281
      vertex -1.117 94.7512 221.275
      vertex -1.34017 93.9536 221.549
    endloop
  endfacet
  facet normal -0.970481 0.216151 -0.106979
    outer loop
      vertex -0.442363 97.6633 220.555
      vertex -0.502992 98.6725 223.144
      vertex -0.498782 98.6887 223.139
    endloop
  endfacet
  facet normal -0.970489 0.216123 -0.106968
    outer loop
      vertex -0.442363 97.6633 220.555
      vertex -0.527125 98.5848 223.186
      vertex -0.502992 98.6725 223.144
    endloop
  endfacet
  facet normal -0.970488 0.216127 -0.10697
    outer loop
      vertex -0.527125 98.5848 223.186
      vertex -0.442363 97.6633 220.555
      vertex -0.47734 97.521 220.585
    endloop
  endfacet
  facet normal -0.970494 0.216105 -0.106961
    outer loop
      vertex -0.53934 99.4259 224.997
      vertex -0.622998 100.633 228.195
      vertex -0.609453 100.7 228.207
    endloop
  endfacet
  facet normal -0.970487 0.216132 -0.106971
    outer loop
      vertex -0.622998 100.633 228.195
      vertex -0.53934 99.4259 224.997
      vertex -0.56233 99.3371 225.026
    endloop
  endfacet
  facet normal -0.977828 0.186605 -0.0950342
    outer loop
      vertex -0.641377 98.1792 223.565
      vertex -0.910768 95.5002 221.077
      vertex -0.664079 98.1198 223.682
    endloop
  endfacet
  facet normal -0.977827 0.186608 -0.0950375
    outer loop
      vertex -0.910768 95.5002 221.077
      vertex -0.641377 98.1792 223.565
      vertex -0.680119 96.5627 220.79
    endloop
  endfacet
  facet normal -0.977825 0.186615 -0.0950415
    outer loop
      vertex -0.616654 98.2536 223.457
      vertex -0.680119 96.5627 220.79
      vertex -0.641377 98.1792 223.565
    endloop
  endfacet
  facet normal -0.977826 0.186611 -0.0950387
    outer loop
      vertex -0.680119 96.5627 220.79
      vertex -0.616654 98.2536 223.457
      vertex -0.67458 96.5889 220.784
    endloop
  endfacet
  facet normal -0.977825 0.186614 -0.0950408
    outer loop
      vertex -0.590331 98.3418 223.359
      vertex -0.67458 96.5889 220.784
      vertex -0.616654 98.2536 223.457
    endloop
  endfacet
  facet normal -0.977827 0.186608 -0.0950368
    outer loop
      vertex -0.67458 96.5889 220.784
      vertex -0.590331 98.3418 223.359
      vertex -0.47734 97.521 220.585
    endloop
  endfacet
  facet normal -0.977829 0.1866 -0.0950344
    outer loop
      vertex -0.56286 98.4421 223.274
      vertex -0.47734 97.521 220.585
      vertex -0.590331 98.3418 223.359
    endloop
  endfacet
  facet normal -0.977827 0.186606 -0.0950363
    outer loop
      vertex -0.534711 98.5529 223.202
      vertex -0.47734 97.521 220.585
      vertex -0.56286 98.4421 223.274
    endloop
  endfacet
  facet normal -0.977826 0.186612 -0.0950386
    outer loop
      vertex -0.47734 97.521 220.585
      vertex -0.534711 98.5529 223.202
      vertex -0.527125 98.5848 223.186
    endloop
  endfacet
  facet normal -0.977826 0.186611 -0.0950379
    outer loop
      vertex -0.56233 99.3371 225.026
      vertex -0.751405 99.8913 228.059
      vertex -0.622998 100.633 228.195
    endloop
  endfacet
  facet normal -0.977832 0.186582 -0.095033
    outer loop
      vertex -0.568114 99.3111 225.034
      vertex -0.751405 99.8913 228.059
      vertex -0.56233 99.3371 225.026
    endloop
  endfacet
  facet normal -0.977828 0.186604 -0.095037
    outer loop
      vertex -0.595403 99.1808 225.059
      vertex -0.751405 99.8913 228.059
      vertex -0.568114 99.3111 225.034
    endloop
  endfacet
  facet normal -0.977825 0.186617 -0.0950362
    outer loop
      vertex -0.970803 98.6235 227.827
      vertex -0.595403 99.1808 225.059
      vertex -0.621457 99.0483 225.067
    endloop
  endfacet
  facet normal -0.977828 0.186599 -0.0950393
    outer loop
      vertex -0.970803 98.6235 227.827
      vertex -0.621457 99.0483 225.067
      vertex -0.645831 98.916 225.058
    endloop
  endfacet
  facet normal -0.977826 0.186616 -0.0950357
    outer loop
      vertex -1.05068 98.1507 227.721
      vertex -0.645831 98.916 225.058
      vertex -0.668106 98.786 225.032
    endloop
  endfacet
  facet normal -0.977827 0.186608 -0.0950377
    outer loop
      vertex -1.05068 98.1507 227.721
      vertex -0.668106 98.786 225.032
      vertex -0.687902 98.6606 224.989
    endloop
  endfacet
  facet normal -0.977827 0.186609 -0.095038
    outer loop
      vertex -0.595403 99.1808 225.059
      vertex -0.970803 98.6235 227.827
      vertex -0.751405 99.8913 228.059
    endloop
  endfacet
  facet normal -0.977827 0.186606 -0.0950382
    outer loop
      vertex -1.05068 98.1507 227.721
      vertex -0.687902 98.6606 224.989
      vertex -0.70488 98.5419 224.931
    endloop
  endfacet
  facet normal -0.977827 0.186607 -0.0950379
    outer loop
      vertex -1.05068 98.1507 227.721
      vertex -0.70488 98.5419 224.931
      vertex -0.718749 98.432 224.858
    endloop
  endfacet
  facet normal -0.977826 0.186614 -0.0950371
    outer loop
      vertex -1.05068 98.1507 227.721
      vertex -0.718749 98.432 224.858
      vertex -0.729273 98.3328 224.771
    endloop
  endfacet
  facet normal -0.977828 0.186599 -0.0950383
    outer loop
      vertex -1.05068 98.1507 227.721
      vertex -0.729273 98.3328 224.771
      vertex -0.736272 98.2459 224.673
    endloop
  endfacet
  facet normal -0.977826 0.186613 -0.0950376
    outer loop
      vertex -1.05068 98.1507 227.721
      vertex -0.736272 98.2459 224.673
      vertex -0.739624 98.1729 224.564
    endloop
  endfacet
  facet normal -0.977827 0.186608 -0.0950381
    outer loop
      vertex -0.645831 98.916 225.058
      vertex -1.05068 98.1507 227.721
      vertex -0.970803 98.6235 227.827
    endloop
  endfacet
  facet normal -0.977826 0.186614 -0.0950376
    outer loop
      vertex -0.739274 98.1149 224.447
      vertex -1.05068 98.1507 227.721
      vertex -0.739624 98.1729 224.564
    endloop
  endfacet
  facet normal -0.977826 0.186613 -0.0950376
    outer loop
      vertex -0.735226 98.0731 224.323
      vertex -1.05068 98.1507 227.721
      vertex -0.739274 98.1149 224.447
    endloop
  endfacet
  facet normal -0.977826 0.186611 -0.0950391
    outer loop
      vertex -0.910768 95.5002 221.077
      vertex -0.735226 98.0731 224.323
      vertex -0.727552 98.048 224.194
    endloop
  endfacet
  facet normal -0.977827 0.186608 -0.0950366
    outer loop
      vertex -0.910768 95.5002 221.077
      vertex -0.727552 98.048 224.194
      vertex -0.71638 98.0401 224.064
    endloop
  endfacet
  facet normal -0.977826 0.18661 -0.0950389
    outer loop
      vertex -0.664079 98.1198 223.682
      vertex -0.910768 95.5002 221.077
      vertex -0.68437 98.0763 223.806
    endloop
  endfacet
  facet normal -0.977827 0.186607 -0.0950361
    outer loop
      vertex -0.68437 98.0763 223.806
      vertex -0.910768 95.5002 221.077
      vertex -0.701904 98.0496 223.934
    endloop
  endfacet
  facet normal -0.977827 0.186607 -0.0950364
    outer loop
      vertex -0.701904 98.0496 223.934
      vertex -0.910768 95.5002 221.077
      vertex -0.71638 98.0401 224.064
    endloop
  endfacet
  facet normal -0.977827 0.186609 -0.0950376
    outer loop
      vertex -0.735226 98.0731 224.323
      vertex -0.910768 95.5002 221.077
      vertex -1.05068 98.1507 227.721
    endloop
  endfacet
  facet normal -0.980241 0.175434 -0.0913763
    outer loop
      vertex -0.0365022 100.117 220.082
      vertex -0.241035 103.427 228.631
      vertex -0.229942 103.494 228.641
    endloop
  endfacet
  facet normal -0.980239 0.175443 -0.0913797
    outer loop
      vertex -0.241035 103.427 228.631
      vertex -0.0365022 100.117 220.082
      vertex -0.0690554 99.9499 220.111
    endloop
  endfacet
  facet normal -0.986162 0.145579 -0.0793127
    outer loop
      vertex -0.450608 99.8543 224.68
      vertex -0.566118 101.027 228.268
      vertex -0.447355 101.904 228.401
    endloop
  endfacet
  facet normal -0.986162 0.14558 -0.0793131
    outer loop
      vertex -0.396509 100.031 224.331
      vertex -0.447355 101.904 228.401
      vertex -0.241035 103.427 228.631
    endloop
  endfacet
  facet normal -0.986165 0.145568 -0.079304
    outer loop
      vertex -0.382302 100.057 224.203
      vertex -0.241035 103.427 228.631
      vertex -0.370442 100.067 224.072
    endloop
  endfacet
  facet normal -0.986162 0.145583 -0.079315
    outer loop
      vertex -0.241035 103.427 228.631
      vertex -0.361132 100.059 223.942
      vertex -0.370442 100.067 224.072
    endloop
  endfacet
  facet normal -0.986161 0.145585 -0.0793165
    outer loop
      vertex -0.241035 103.427 228.631
      vertex -0.354532 100.033 223.814
      vertex -0.361132 100.059 223.942
    endloop
  endfacet
  facet normal -0.986162 0.145579 -0.0793125
    outer loop
      vertex -0.0690554 99.9499 220.111
      vertex -0.354532 100.033 223.814
      vertex -0.241035 103.427 228.631
    endloop
  endfacet
  facet normal -0.986162 0.145579 -0.0793125
    outer loop
      vertex -0.354532 100.033 223.814
      vertex -0.0690554 99.9499 220.111
      vertex -0.350754 99.9915 223.69
    endloop
  endfacet
  facet normal -0.986161 0.145587 -0.0793125
    outer loop
      vertex -0.0690554 99.9499 220.111
      vertex -0.349863 99.9336 223.573
      vertex -0.350754 99.9915 223.69
    endloop
  endfacet
  facet normal -0.986164 0.14557 -0.0793128
    outer loop
      vertex -0.0690554 99.9499 220.111
      vertex -0.351874 99.8607 223.464
      vertex -0.349863 99.9336 223.573
    endloop
  endfacet
  facet normal -0.986161 0.145592 -0.079312
    outer loop
      vertex -0.0690554 99.9499 220.111
      vertex -0.356753 99.7739 223.365
      vertex -0.351874 99.8607 223.464
    endloop
  endfacet
  facet normal -0.986163 0.145575 -0.0793131
    outer loop
      vertex -0.0690554 99.9499 220.111
      vertex -0.364417 99.6749 223.279
      vertex -0.356753 99.7739 223.365
    endloop
  endfacet
  facet normal -0.986163 0.145578 -0.0793128
    outer loop
      vertex -0.0690554 99.9499 220.111
      vertex -0.374734 99.5652 223.206
      vertex -0.364417 99.6749 223.279
    endloop
  endfacet
  facet normal -0.986162 0.145582 -0.0793122
    outer loop
      vertex -0.0690554 99.9499 220.111
      vertex -0.387528 99.4469 223.147
      vertex -0.374734 99.5652 223.206
    endloop
  endfacet
  facet normal -0.986162 0.145583 -0.0793121
    outer loop
      vertex -0.0690554 99.9499 220.111
      vertex -0.402579 99.3218 223.105
      vertex -0.387528 99.4469 223.147
    endloop
  endfacet
  facet normal -0.986163 0.145576 -0.0793137
    outer loop
      vertex -0.0690554 99.9499 220.111
      vertex -0.419631 99.1921 223.079
      vertex -0.402579 99.3218 223.105
    endloop
  endfacet
  facet normal -0.986162 0.14558 -0.0793125
    outer loop
      vertex -0.276374 98.6682 220.336
      vertex -0.419631 99.1921 223.079
      vertex -0.0690554 99.9499 220.111
    endloop
  endfacet
  facet normal -0.986162 0.14558 -0.0793124
    outer loop
      vertex -0.419631 99.1921 223.079
      vertex -0.276374 98.6682 220.336
      vertex -0.438391 99.0601 223.07
    endloop
  endfacet
  facet normal -0.986163 0.145578 -0.0793122
    outer loop
      vertex -0.438391 99.0601 223.07
      vertex -0.276374 98.6682 220.336
      vertex -0.458539 98.928 223.078
    endloop
  endfacet
  facet normal -0.986162 0.145581 -0.0793124
    outer loop
      vertex -0.458539 98.928 223.078
      vertex -0.276374 98.6682 220.336
      vertex -0.47973 98.7981 223.103
    endloop
  endfacet
  facet normal -0.986162 0.145579 -0.0793123
    outer loop
      vertex -0.442363 97.6633 220.555
      vertex -0.47973 98.7981 223.103
      vertex -0.276374 98.6682 220.336
    endloop
  endfacet
  facet normal -0.986163 0.145578 -0.0793119
    outer loop
      vertex -0.47973 98.7981 223.103
      vertex -0.442363 97.6633 220.555
      vertex -0.498782 98.6887 223.139
    endloop
  endfacet
  facet normal -0.986159 0.145594 -0.0793238
    outer loop
      vertex -0.396509 100.031 224.331
      vertex -0.241035 103.427 228.631
      vertex -0.382302 100.057 224.203
    endloop
  endfacet
  facet normal -0.986162 0.145579 -0.0793127
    outer loop
      vertex -0.447355 101.904 228.401
      vertex -0.396509 100.031 224.331
      vertex -0.41282 99.9875 224.454
    endloop
  endfacet
  facet normal -0.986163 0.145573 -0.0793098
    outer loop
      vertex -0.447355 101.904 228.401
      vertex -0.41282 99.9875 224.454
      vertex -0.430957 99.9284 224.571
    endloop
  endfacet
  facet normal -0.986163 0.145577 -0.0793117
    outer loop
      vertex -0.450608 99.8543 224.68
      vertex -0.447355 101.904 228.401
      vertex -0.430957 99.9284 224.571
    endloop
  endfacet
  facet normal -0.986161 0.145584 -0.0793144
    outer loop
      vertex -0.471438 99.7665 224.777
      vertex -0.566118 101.027 228.268
      vertex -0.450608 99.8543 224.68
    endloop
  endfacet
  facet normal -0.986162 0.145579 -0.0793124
    outer loop
      vertex -0.566118 101.027 228.268
      vertex -0.471438 99.7665 224.777
      vertex -0.609453 100.7 228.207
    endloop
  endfacet
  facet normal -0.986163 0.145577 -0.079312
    outer loop
      vertex -0.49309 99.6666 224.863
      vertex -0.609453 100.7 228.207
      vertex -0.471438 99.7665 224.777
    endloop
  endfacet
  facet normal -0.986162 0.145583 -0.0793138
    outer loop
      vertex -0.515193 99.5562 224.935
      vertex -0.609453 100.7 228.207
      vertex -0.49309 99.6666 224.863
    endloop
  endfacet
  facet normal -0.986162 0.145579 -0.0793125
    outer loop
      vertex -0.53737 99.4372 224.993
      vertex -0.609453 100.7 228.207
      vertex -0.515193 99.5562 224.935
    endloop
  endfacet
  facet normal -0.986171 0.145532 -0.0792942
    outer loop
      vertex -0.609453 100.7 228.207
      vertex -0.53737 99.4372 224.993
      vertex -0.53934 99.4259 224.997
    endloop
  endfacet
  facet normal -0.987 0.140468 -0.0780989
    outer loop
      vertex 0.293916 102.78 219.663
      vertex 0.0670055 106.383 229.01
      vertex 0.0756835 106.449 229.019
    endloop
  endfacet
  facet normal -0.987003 0.140454 -0.0780937
    outer loop
      vertex 0.0670055 106.383 229.01
      vertex 0.293916 102.78 219.663
      vertex 0.265239 102.594 219.689
    endloop
  endfacet
  facet normal -0.991703 0.110346 -0.0659528
    outer loop
      vertex 0.265239 102.594 219.689
      vertex 0.0344327 106.067 228.971
      vertex 0.0670055 106.383 229.01
    endloop
  endfacet
  facet normal -0.991702 0.110347 -0.0659532
    outer loop
      vertex 0.0344327 106.067 228.971
      vertex 0.265239 102.594 219.689
      vertex -0.207602 103.715 228.675
    endloop
  endfacet
  facet normal -0.991702 0.11035 -0.0659536
    outer loop
      vertex -0.207602 103.715 228.675
      vertex 0.265239 102.594 219.689
      vertex -0.229942 103.494 228.641
    endloop
  endfacet
  facet normal -0.991702 0.110347 -0.0659533
    outer loop
      vertex 0.100254 101.23 219.888
      vertex -0.229942 103.494 228.641
      vertex 0.265239 102.594 219.689
    endloop
  endfacet
  facet normal -0.991702 0.11035 -0.065954
    outer loop
      vertex 0.0807228 101.068 219.911
      vertex -0.229942 103.494 228.641
      vertex 0.100254 101.23 219.888
    endloop
  endfacet
  facet normal -0.991702 0.110348 -0.0659534
    outer loop
      vertex 0.0592772 100.894 219.943
      vertex -0.229942 103.494 228.641
      vertex 0.0807228 101.068 219.911
    endloop
  endfacet
  facet normal -0.991702 0.110347 -0.0659533
    outer loop
      vertex -0.229942 103.494 228.641
      vertex 0.0592772 100.894 219.943
      vertex -0.0365022 100.117 220.082
    endloop
  endfacet
  facet normal -0.991765 0.109482 -0.0664471
    outer loop
      vertex 0.546577 105.619 219.292
      vertex 0.446752 107.068 223.17
      vertex 0.453914 107.122 223.152
    endloop
  endfacet
  facet normal -0.991765 0.109488 -0.0664493
    outer loop
      vertex 0.546577 105.619 219.292
      vertex 0.435534 106.99 223.208
      vertex 0.446752 107.068 223.17
    endloop
  endfacet
  facet normal -0.991765 0.109488 -0.0664491
    outer loop
      vertex 0.435534 106.99 223.208
      vertex 0.546577 105.619 219.292
      vertex 0.522404 105.415 219.317
    endloop
  endfacet
  facet normal -0.991767 0.109471 -0.066443
    outer loop
      vertex 0.409275 107.847 225.012
      vertex 0.304603 109.527 229.343
      vertex 0.305282 109.534 229.344
    endloop
  endfacet
  facet normal -0.991766 0.109476 -0.066445
    outer loop
      vertex 0.304603 109.527 229.343
      vertex 0.409275 107.847 225.012
      vertex 0.29873 109.47 229.337
    endloop
  endfacet
  facet normal -0.991756 0.109547 -0.0664714
    outer loop
      vertex 0.407309 107.833 225.019
      vertex 0.29873 109.47 229.337
      vertex 0.409275 107.847 225.012
    endloop
  endfacet
  facet normal -0.991764 0.10949 -0.06645
    outer loop
      vertex 0.29873 109.47 229.337
      vertex 0.407309 107.833 225.019
      vertex 0.394408 107.736 225.051
    endloop
  endfacet
  facet normal -0.995379 0.0792079 -0.0542751
    outer loop
      vertex 0.370906 106.521 223.71
      vertex 0.293916 102.78 219.663
      vertex 0.360758 106.478 223.833
    endloop
  endfacet
  facet normal -0.99538 0.0792073 -0.0542746
    outer loop
      vertex 0.293916 102.78 219.663
      vertex 0.370906 106.521 223.71
      vertex 0.379187 103.753 219.518
    endloop
  endfacet
  facet normal -0.99538 0.0792054 -0.0542733
    outer loop
      vertex 0.381959 106.58 223.593
      vertex 0.379187 103.753 219.518
      vertex 0.370906 106.521 223.71
    endloop
  endfacet
  facet normal -0.995379 0.0792087 -0.0542756
    outer loop
      vertex 0.39373 106.653 223.484
      vertex 0.379187 103.753 219.518
      vertex 0.381959 106.58 223.593
    endloop
  endfacet
  facet normal -0.99538 0.079204 -0.0542722
    outer loop
      vertex 0.406016 106.741 223.386
      vertex 0.379187 103.753 219.518
      vertex 0.39373 106.653 223.484
    endloop
  endfacet
  facet normal -0.99538 0.079207 -0.0542745
    outer loop
      vertex 0.379187 103.753 219.518
      vertex 0.406016 106.741 223.386
      vertex 0.522404 105.415 219.317
    endloop
  endfacet
  facet normal -0.995379 0.0792108 -0.0542757
    outer loop
      vertex 0.418608 106.84 223.3
      vertex 0.522404 105.415 219.317
      vertex 0.406016 106.741 223.386
    endloop
  endfacet
  facet normal -0.99538 0.0792064 -0.0542742
    outer loop
      vertex 0.43129 106.95 223.228
      vertex 0.522404 105.415 219.317
      vertex 0.418608 106.84 223.3
    endloop
  endfacet
  facet normal -0.99538 0.0792031 -0.0542729
    outer loop
      vertex 0.522404 105.415 219.317
      vertex 0.43129 106.95 223.228
      vertex 0.435534 106.99 223.208
    endloop
  endfacet
  facet normal -0.99538 0.0792079 -0.0542747
    outer loop
      vertex 0.391681 107.708 225.06
      vertex 0.29873 109.47 229.337
      vertex 0.394408 107.736 225.051
    endloop
  endfacet
  facet normal -0.99538 0.0792056 -0.0542749
    outer loop
      vertex 0.0922944 106.678 229.048
      vertex 0.391681 107.708 225.06
      vertex 0.380019 107.578 225.085
    endloop
  endfacet
  facet normal -0.99538 0.0792036 -0.0542754
    outer loop
      vertex 0.0922944 106.678 229.048
      vertex 0.380019 107.578 225.085
      vertex 0.369107 107.447 225.094
    endloop
  endfacet
  facet normal -0.99538 0.0792078 -0.0542746
    outer loop
      vertex 0.0922944 106.678 229.048
      vertex 0.369107 107.447 225.094
      vertex 0.359132 107.315 225.085
    endloop
  endfacet
  facet normal -0.99538 0.0792064 -0.0542748
    outer loop
      vertex 0.0922944 106.678 229.048
      vertex 0.359132 107.315 225.085
      vertex 0.350264 107.186 225.059
    endloop
  endfacet
  facet normal -0.99538 0.0792077 -0.0542745
    outer loop
      vertex 0.0756835 106.449 229.019
      vertex 0.350264 107.186 225.059
      vertex 0.342656 107.062 225.017
    endloop
  endfacet
  facet normal -0.995379 0.0792089 -0.0542743
    outer loop
      vertex 0.0756835 106.449 229.019
      vertex 0.342656 107.062 225.017
      vertex 0.336438 106.944 224.959
    endloop
  endfacet
  facet normal -0.995379 0.0792085 -0.0542743
    outer loop
      vertex 0.0756835 106.449 229.019
      vertex 0.336438 106.944 224.959
      vertex 0.331715 106.834 224.886
    endloop
  endfacet
  facet normal -0.995379 0.0792102 -0.0542742
    outer loop
      vertex 0.0756835 106.449 229.019
      vertex 0.331715 106.834 224.886
      vertex 0.32857 106.736 224.799
    endloop
  endfacet
  facet normal -0.99538 0.0792073 -0.0542745
    outer loop
      vertex 0.391681 107.708 225.06
      vertex 0.0922944 106.678 229.048
      vertex 0.29873 109.47 229.337
    endloop
  endfacet
  facet normal -0.99538 0.0792025 -0.0542747
    outer loop
      vertex 0.0756835 106.449 229.019
      vertex 0.32857 106.736 224.799
      vertex 0.327055 106.649 224.701
    endloop
  endfacet
  facet normal -0.99538 0.0792062 -0.0542746
    outer loop
      vertex 0.0756835 106.449 229.019
      vertex 0.327055 106.649 224.701
      vertex 0.327196 106.576 224.592
    endloop
  endfacet
  facet normal -0.99538 0.0792042 -0.0542746
    outer loop
      vertex 0.0756835 106.449 229.019
      vertex 0.327196 106.576 224.592
      vertex 0.328992 106.519 224.475
    endloop
  endfacet
  facet normal -0.995379 0.0792173 -0.0542744
    outer loop
      vertex 0.0756835 106.449 229.019
      vertex 0.328992 106.519 224.475
      vertex 0.332411 106.477 224.351
    endloop
  endfacet
  facet normal -0.995379 0.0792119 -0.0542783
    outer loop
      vertex 0.293916 102.78 219.663
      vertex 0.332411 106.477 224.351
      vertex 0.337395 106.451 224.222
    endloop
  endfacet
  facet normal -0.99538 0.0792055 -0.0542749
    outer loop
      vertex 0.350264 107.186 225.059
      vertex 0.0756835 106.449 229.019
      vertex 0.0922944 106.678 229.048
    endloop
  endfacet
  facet normal -0.99538 0.079204 -0.054272
    outer loop
      vertex 0.293916 102.78 219.663
      vertex 0.337395 106.451 224.222
      vertex 0.343858 106.443 224.092
    endloop
  endfacet
  facet normal -0.995379 0.0792133 -0.0542799
    outer loop
      vertex 0.360758 106.478 223.833
      vertex 0.293916 102.78 219.663
      vertex 0.351691 106.452 223.962
    endloop
  endfacet
  facet normal -0.99538 0.0792041 -0.054272
    outer loop
      vertex 0.351691 106.452 223.962
      vertex 0.293916 102.78 219.663
      vertex 0.343858 106.443 224.092
    endloop
  endfacet
  facet normal -0.99538 0.079207 -0.0542745
    outer loop
      vertex 0.332411 106.477 224.351
      vertex 0.293916 102.78 219.663
      vertex 0.0756835 106.449 229.019
    endloop
  endfacet
  facet normal -0.994924 0.0831569 -0.056665
    outer loop
      vertex 0.722795 108.551 218.973
      vertex 0.455911 112.608 229.613
      vertex 0.460633 112.668 229.618
    endloop
  endfacet
  facet normal -0.994924 0.0831541 -0.056664
    outer loop
      vertex 0.455911 112.608 229.613
      vertex 0.722795 108.551 218.973
      vertex 0.703548 108.335 218.994
    endloop
  endfacet
  facet normal -0.997615 0.0527661 -0.0444989
    outer loop
      vertex 0.435173 108.16 224.803
      vertex 0.323018 109.902 229.383
      vertex 0.339572 110.239 229.411
    endloop
  endfacet
  facet normal -0.997615 0.0527662 -0.0444989
    outer loop
      vertex 0.461192 108.379 224.479
      vertex 0.339572 110.239 229.411
      vertex 0.455911 112.608 229.613
    endloop
  endfacet
  facet normal -0.997615 0.0527626 -0.0444961
    outer loop
      vertex 0.476058 108.447 224.227
      vertex 0.455911 112.608 229.613
      vertex 0.482351 108.456 224.097
    endloop
  endfacet
  facet normal -0.997615 0.0527687 -0.0445007
    outer loop
      vertex 0.455911 112.608 229.613
      vertex 0.487735 108.448 223.966
      vertex 0.482351 108.456 224.097
    endloop
  endfacet
  facet normal -0.997615 0.0527669 -0.0444993
    outer loop
      vertex 0.455911 112.608 229.613
      vertex 0.492119 108.423 223.838
      vertex 0.487735 108.448 223.966
    endloop
  endfacet
  facet normal -0.997615 0.0527664 -0.0444989
    outer loop
      vertex 0.703548 108.335 218.994
      vertex 0.492119 108.423 223.838
      vertex 0.455911 112.608 229.613
    endloop
  endfacet
  facet normal -0.997615 0.0527699 -0.044499
    outer loop
      vertex 0.492119 108.423 223.838
      vertex 0.703548 108.335 218.994
      vertex 0.495427 108.381 223.714
    endloop
  endfacet
  facet normal -0.997615 0.0527646 -0.0444989
    outer loop
      vertex 0.703548 108.335 218.994
      vertex 0.497603 108.323 223.597
      vertex 0.495427 108.381 223.714
    endloop
  endfacet
  facet normal -0.997615 0.0527628 -0.0444989
    outer loop
      vertex 0.703548 108.335 218.994
      vertex 0.498609 108.25 223.488
      vertex 0.497603 108.323 223.597
    endloop
  endfacet
  facet normal -0.997615 0.0527703 -0.0444988
    outer loop
      vertex 0.703548 108.335 218.994
      vertex 0.498429 108.164 223.389
      vertex 0.498609 108.25 223.488
    endloop
  endfacet
  facet normal -0.997615 0.052765 -0.044499
    outer loop
      vertex 0.703548 108.335 218.994
      vertex 0.497066 108.065 223.303
      vertex 0.498429 108.164 223.389
    endloop
  endfacet
  facet normal -0.997615 0.0527658 -0.0444989
    outer loop
      vertex 0.703548 108.335 218.994
      vertex 0.494542 107.956 223.23
      vertex 0.497066 108.065 223.303
    endloop
  endfacet
  facet normal -0.997615 0.0527652 -0.044499
    outer loop
      vertex 0.703548 108.335 218.994
      vertex 0.490901 107.838 223.172
      vertex 0.494542 107.956 223.23
    endloop
  endfacet
  facet normal -0.997615 0.0527647 -0.0444991
    outer loop
      vertex 0.703548 108.335 218.994
      vertex 0.486206 107.714 223.13
      vertex 0.490901 107.838 223.172
    endloop
  endfacet
  facet normal -0.997615 0.0527688 -0.0444984
    outer loop
      vertex 0.703548 108.335 218.994
      vertex 0.480536 107.585 223.104
      vertex 0.486206 107.714 223.13
    endloop
  endfacet
  facet normal -0.997615 0.0527664 -0.0444989
    outer loop
      vertex 0.610352 106.711 219.157
      vertex 0.480536 107.585 223.104
      vertex 0.703548 108.335 218.994
    endloop
  endfacet
  facet normal -0.997615 0.0527663 -0.0444988
    outer loop
      vertex 0.480536 107.585 223.104
      vertex 0.610352 106.711 219.157
      vertex 0.473989 107.454 223.095
    endloop
  endfacet
  facet normal -0.997615 0.0527633 -0.0444983
    outer loop
      vertex 0.473989 107.454 223.095
      vertex 0.610352 106.711 219.157
      vertex 0.466677 107.322 223.104
    endloop
  endfacet
  facet normal -0.997615 0.0527683 -0.0444991
    outer loop
      vertex 0.466677 107.322 223.104
      vertex 0.610352 106.711 219.157
      vertex 0.458724 107.193 223.129
    endloop
  endfacet
  facet normal -0.997615 0.0527648 -0.0444986
    outer loop
      vertex 0.593912 106.429 219.192
      vertex 0.458724 107.193 223.129
      vertex 0.610352 106.711 219.157
    endloop
  endfacet
  facet normal -0.997615 0.0527672 -0.0444991
    outer loop
      vertex 0.458724 107.193 223.129
      vertex 0.593912 106.429 219.192
      vertex 0.453914 107.122 223.152
    endloop
  endfacet
  facet normal -0.997615 0.0527665 -0.044499
    outer loop
      vertex 0.453914 107.122 223.152
      vertex 0.593912 106.429 219.192
      vertex 0.546577 105.619 219.292
    endloop
  endfacet
  facet normal -0.997615 0.0527654 -0.0444982
    outer loop
      vertex 0.468965 108.421 224.355
      vertex 0.455911 112.608 229.613
      vertex 0.476058 108.447 224.227
    endloop
  endfacet
  facet normal -0.997615 0.0527652 -0.0444981
    outer loop
      vertex 0.461192 108.379 224.479
      vertex 0.455911 112.608 229.613
      vertex 0.468965 108.421 224.355
    endloop
  endfacet
  facet normal -0.997615 0.0527647 -0.0444983
    outer loop
      vertex 0.339572 110.239 229.411
      vertex 0.461192 108.379 224.479
      vertex 0.452873 108.32 224.596
    endloop
  endfacet
  facet normal -0.997615 0.0527713 -0.0445009
    outer loop
      vertex 0.44415 108.247 224.705
      vertex 0.339572 110.239 229.411
      vertex 0.452873 108.32 224.596
    endloop
  endfacet
  facet normal -0.997615 0.0527624 -0.0444972
    outer loop
      vertex 0.435173 108.16 224.803
      vertex 0.339572 110.239 229.411
      vertex 0.44415 108.247 224.705
    endloop
  endfacet
  facet normal -0.997615 0.0527671 -0.0444992
    outer loop
      vertex 0.323018 109.902 229.383
      vertex 0.435173 108.16 224.803
      vertex 0.305282 109.534 229.344
    endloop
  endfacet
  facet normal -0.997615 0.0527676 -0.0444994
    outer loop
      vertex 0.426094 108.061 224.889
      vertex 0.305282 109.534 229.344
      vertex 0.435173 108.16 224.803
    endloop
  endfacet
  facet normal -0.997615 0.0527664 -0.044499
    outer loop
      vertex 0.417069 107.951 224.961
      vertex 0.305282 109.534 229.344
      vertex 0.426094 108.061 224.889
    endloop
  endfacet
  facet normal -0.997615 0.052763 -0.0444977
    outer loop
      vertex 0.305282 109.534 229.344
      vertex 0.417069 107.951 224.961
      vertex 0.409275 107.847 225.012
    endloop
  endfacet
  facet normal -0.996908 0.0616058 -0.0487818
    outer loop
      vertex 0.833989 111.565 218.698
      vertex 0.549642 115.789 229.844
      vertex 0.552975 115.846 229.847
    endloop
  endfacet
  facet normal -0.996909 0.0615903 -0.048776
    outer loop
      vertex 0.549642 115.789 229.844
      vertex 0.833989 111.565 218.698
      vertex 0.819122 111.339 218.716
    endloop
  endfacet
  facet normal -0.998843 0.0311354 -0.0366424
    outer loop
      vertex 0.819122 111.339 218.716
      vertex 0.480426 113.374 229.678
      vertex 0.549642 115.789 229.844
    endloop
  endfacet
  facet normal -0.998843 0.031135 -0.0366423
    outer loop
      vertex 0.480426 113.374 229.678
      vertex 0.819122 111.339 218.716
      vertex 0.460633 112.668 229.618
    endloop
  endfacet
  facet normal -0.998843 0.0311355 -0.0366424
    outer loop
      vertex 0.780202 110.201 218.81
      vertex 0.460633 112.668 229.618
      vertex 0.819122 111.339 218.716
    endloop
  endfacet
  facet normal -0.998843 0.0311359 -0.0366425
    outer loop
      vertex 0.770965 109.93 218.832
      vertex 0.460633 112.668 229.618
      vertex 0.780202 110.201 218.81
    endloop
  endfacet
  facet normal -0.998843 0.0311367 -0.0366427
    outer loop
      vertex 0.760884 109.642 218.862
      vertex 0.460633 112.668 229.618
      vertex 0.770965 109.93 218.832
    endloop
  endfacet
  facet normal -0.998843 0.0311351 -0.0366423
    outer loop
      vertex 0.460633 112.668 229.618
      vertex 0.760884 109.642 218.862
      vertex 0.722795 108.551 218.973
    endloop
  endfacet
  facet normal -0.99811 0.0443107 -0.0425818
    outer loop
      vertex 0.891337 114.655 218.462
      vertex 0.591015 119.013 230.036
      vertex 0.593317 119.068 230.039
    endloop
  endfacet
  facet normal -0.998109 0.0443205 -0.0425855
    outer loop
      vertex 0.591015 119.013 230.036
      vertex 0.891337 114.655 218.462
      vertex 0.880218 114.419 218.477
    endloop
  endfacet
  facet normal -0.999439 0.0138258 -0.0304995
    outer loop
      vertex 0.880218 114.419 218.477
      vertex 0.584445 118.475 230.008
      vertex 0.591015 119.013 230.036
    endloop
  endfacet
  facet normal -0.999439 0.013825 -0.0304992
    outer loop
      vertex 0.584445 118.475 230.008
      vertex 0.880218 114.419 218.477
      vertex 0.567466 117.082 229.933
    endloop
  endfacet
  facet normal -0.999439 0.0138193 -0.0304979
    outer loop
      vertex 0.567466 117.082 229.933
      vertex 0.880218 114.419 218.477
      vertex 0.566665 117.014 229.928
    endloop
  endfacet
  facet normal -0.999439 0.0138251 -0.0304992
    outer loop
      vertex 0.566665 117.014 229.928
      vertex 0.880218 114.419 218.477
      vertex 0.552975 115.846 229.847
    endloop
  endfacet
  facet normal -0.999439 0.0138249 -0.0304992
    outer loop
      vertex 0.868177 113.66 218.527
      vertex 0.552975 115.846 229.847
      vertex 0.880218 114.419 218.477
    endloop
  endfacet
  facet normal -0.999439 0.0138247 -0.0304992
    outer loop
      vertex 0.864048 113.399 218.544
      vertex 0.552975 115.846 229.847
      vertex 0.868177 113.66 218.527
    endloop
  endfacet
  facet normal -0.999439 0.0138252 -0.0304993
    outer loop
      vertex 0.552975 115.846 229.847
      vertex 0.864048 113.399 218.544
      vertex 0.833989 111.565 218.698
    endloop
  endfacet
  facet normal -0.998843 0.0300296 -0.0375725
    outer loop
      vertex 0.902483 117.796 218.261
      vertex 0.853408 118.438 220.08
      vertex 0.855544 118.472 220.05
    endloop
  endfacet
  facet normal -0.998843 0.0300191 -0.0375688
    outer loop
      vertex 0.894717 117.552 218.273
      vertex 0.853408 118.438 220.08
      vertex 0.902483 117.796 218.261
    endloop
  endfacet
  facet normal -0.998843 0.030019 -0.0375687
    outer loop
      vertex 0.853408 118.438 220.08
      vertex 0.894717 117.552 218.273
      vertex 0.847107 118.351 220.178
    endloop
  endfacet
  facet normal -0.998843 0.0300201 -0.0375692
    outer loop
      vertex 0.847107 118.351 220.178
      vertex 0.894717 117.552 218.273
      vertex 0.844542 118.321 220.222
    endloop
  endfacet
  facet normal -0.998843 0.0300231 -0.0375703
    outer loop
      vertex 0.809984 119.129 221.786
      vertex 0.587767 122.258 230.194
      vertex 0.589262 122.31 230.196
    endloop
  endfacet
  facet normal -0.998843 0.0300259 -0.0375714
    outer loop
      vertex 0.806792 119.013 221.778
      vertex 0.587767 122.258 230.194
      vertex 0.809984 119.129 221.786
    endloop
  endfacet
  facet normal -0.998843 0.0300189 -0.0375687
    outer loop
      vertex 0.587767 122.258 230.194
      vertex 0.806792 119.013 221.778
      vertex 0.804903 118.929 221.761
    endloop
  endfacet
  facet normal -0.999674 -0.000499788 -0.0255429
    outer loop
      vertex 0.839954 118.22 220.404
      vertex 0.894346 117.103 218.297
      vertex 0.836812 118.178 220.527
    endloop
  endfacet
  facet normal -0.999674 -0.000493571 -0.0255462
    outer loop
      vertex 0.84292 118.278 220.286
      vertex 0.894346 117.103 218.297
      vertex 0.839954 118.22 220.404
    endloop
  endfacet
  facet normal -0.999674 -0.000497598 -0.0255438
    outer loop
      vertex 0.844542 118.321 220.222
      vertex 0.894346 117.103 218.297
      vertex 0.84292 118.278 220.286
    endloop
  endfacet
  facet normal -0.999674 -0.000495829 -0.0255449
    outer loop
      vertex 0.894346 117.103 218.297
      vertex 0.844542 118.321 220.222
      vertex 0.894548 117.348 218.284
    endloop
  endfacet
  facet normal -0.999674 -0.000496264 -0.0255447
    outer loop
      vertex 0.894548 117.348 218.284
      vertex 0.844542 118.321 220.222
      vertex 0.894717 117.552 218.273
    endloop
  endfacet
  facet normal -0.999674 -0.000498718 -0.025544
    outer loop
      vertex 0.804903 118.929 221.761
      vertex 0.589663 121.011 230.144
      vertex 0.589566 121.075 230.147
    endloop
  endfacet
  facet normal -0.999674 -0.000496648 -0.0255445
    outer loop
      vertex 0.804903 118.929 221.761
      vertex 0.589566 121.075 230.147
      vertex 0.587767 122.258 230.194
    endloop
  endfacet
  facet normal -0.999674 -0.000496387 -0.0255446
    outer loop
      vertex 0.589663 121.011 230.144
      vertex 0.804903 118.929 221.761
      vertex 0.593317 119.068 230.039
    endloop
  endfacet
  facet normal -0.999674 -0.000493078 -0.0255446
    outer loop
      vertex 0.805154 118.884 221.752
      vertex 0.593317 119.068 230.039
      vertex 0.804903 118.929 221.761
    endloop
  endfacet
  facet normal -0.999674 -0.000498968 -0.0255445
    outer loop
      vertex 0.806293 118.76 221.71
      vertex 0.593317 119.068 230.039
      vertex 0.805154 118.884 221.752
    endloop
  endfacet
  facet normal -0.999674 -0.000496444 -0.0255446
    outer loop
      vertex 0.807833 118.643 221.652
      vertex 0.593317 119.068 230.039
      vertex 0.806293 118.76 221.71
    endloop
  endfacet
  facet normal -0.999674 -0.000497201 -0.0255445
    outer loop
      vertex 0.809746 118.534 221.58
      vertex 0.593317 119.068 230.039
      vertex 0.807833 118.643 221.652
    endloop
  endfacet
  facet normal -0.999674 -0.000495825 -0.0255446
    outer loop
      vertex 0.812001 118.436 221.493
      vertex 0.593317 119.068 230.039
      vertex 0.809746 118.534 221.58
    endloop
  endfacet
  facet normal -0.999674 -0.000494385 -0.0255447
    outer loop
      vertex 0.814559 118.349 221.395
      vertex 0.593317 119.068 230.039
      vertex 0.812001 118.436 221.493
    endloop
  endfacet
  facet normal -0.999674 -0.00049667 -0.0255444
    outer loop
      vertex 0.891337 114.655 218.462
      vertex 0.814559 118.349 221.395
      vertex 0.817375 118.277 221.286
    endloop
  endfacet
  facet normal -0.999673 -0.000494628 -0.0255471
    outer loop
      vertex 0.891337 114.655 218.462
      vertex 0.817375 118.277 221.286
      vertex 0.820403 118.219 221.169
    endloop
  endfacet
  facet normal -0.999674 -0.000495863 -0.0255454
    outer loop
      vertex 0.891337 114.655 218.462
      vertex 0.820403 118.219 221.169
      vertex 0.823589 118.177 221.045
    endloop
  endfacet
  facet normal -0.999674 -0.000498735 -0.0255415
    outer loop
      vertex 0.891337 114.655 218.462
      vertex 0.823589 118.177 221.045
      vertex 0.826879 118.152 220.917
    endloop
  endfacet
  facet normal -0.999674 -0.0004942 -0.0255456
    outer loop
      vertex 0.836812 118.178 220.527
      vertex 0.894346 117.103 218.297
      vertex 0.833548 118.152 220.656
    endloop
  endfacet
  facet normal -0.999674 -0.000496582 -0.0255445
    outer loop
      vertex 0.891337 114.655 218.462
      vertex 0.833548 118.152 220.656
      vertex 0.894346 117.103 218.297
    endloop
  endfacet
  facet normal -0.999674 -0.000496702 -0.0255443
    outer loop
      vertex 0.833548 118.152 220.656
      vertex 0.891337 114.655 218.462
      vertex 0.830218 118.143 220.786
    endloop
  endfacet
  facet normal -0.999674 -0.000495891 -0.0255456
    outer loop
      vertex 0.830218 118.143 220.786
      vertex 0.891337 114.655 218.462
      vertex 0.826879 118.152 220.917
    endloop
  endfacet
  facet normal -0.999674 -0.000496575 -0.0255446
    outer loop
      vertex 0.814559 118.349 221.395
      vertex 0.891337 114.655 218.462
      vertex 0.593317 119.068 230.039
    endloop
  endfacet
  facet normal -0.999284 0.0178219 -0.0333851
    outer loop
      vertex 0.873361 120.975 218.094
      vertex 0.545799 125.515 230.322
      vertex 0.546651 125.565 230.323
    endloop
  endfacet
  facet normal -0.999284 0.0178124 -0.0333815
    outer loop
      vertex 0.545799 125.515 230.322
      vertex 0.873361 120.975 218.094
      vertex 0.868524 120.727 218.106
    endloop
  endfacet
  facet normal -0.99969 -0.012717 -0.0214257
    outer loop
      vertex 0.868524 120.727 218.106
      vertex 0.821329 120.138 220.658
      vertex 0.818425 120.147 220.788
    endloop
  endfacet
  facet normal -0.99969 -0.012719 -0.0214261
    outer loop
      vertex 0.868524 120.727 218.106
      vertex 0.824401 120.113 220.529
      vertex 0.821329 120.138 220.658
    endloop
  endfacet
  facet normal -0.99969 -0.0127135 -0.0214248
    outer loop
      vertex 0.868524 120.727 218.106
      vertex 0.827589 120.071 220.405
      vertex 0.824401 120.113 220.529
    endloop
  endfacet
  facet normal -0.99969 -0.0127181 -0.021426
    outer loop
      vertex 0.868524 120.727 218.106
      vertex 0.830839 120.013 220.288
      vertex 0.827589 120.071 220.405
    endloop
  endfacet
  facet normal -0.99969 -0.0127186 -0.0214262
    outer loop
      vertex 0.868524 120.727 218.106
      vertex 0.834095 119.941 220.179
      vertex 0.830839 120.013 220.288
    endloop
  endfacet
  facet normal -0.99969 -0.0127175 -0.0214258
    outer loop
      vertex 0.868524 120.727 218.106
      vertex 0.8373 119.854 220.081
      vertex 0.834095 119.941 220.179
    endloop
  endfacet
  facet normal -0.99969 -0.0127169 -0.0214255
    outer loop
      vertex 0.868524 120.727 218.106
      vertex 0.840402 119.756 219.995
      vertex 0.8373 119.854 220.081
    endloop
  endfacet
  facet normal -0.99969 -0.0127165 -0.0214253
    outer loop
      vertex 0.868524 120.727 218.106
      vertex 0.843345 119.647 219.922
      vertex 0.840402 119.756 219.995
    endloop
  endfacet
  facet normal -0.99969 -0.0127168 -0.0214255
    outer loop
      vertex 0.868524 120.727 218.106
      vertex 0.84608 119.53 219.864
      vertex 0.843345 119.647 219.922
    endloop
  endfacet
  facet normal -0.99969 -0.0127176 -0.021426
    outer loop
      vertex 0.868524 120.727 218.106
      vertex 0.84856 119.406 219.822
      vertex 0.84608 119.53 219.864
    endloop
  endfacet
  facet normal -0.99969 -0.0127189 -0.021427
    outer loop
      vertex 0.868524 120.727 218.106
      vertex 0.850743 119.277 219.796
      vertex 0.84856 119.406 219.822
    endloop
  endfacet
  facet normal -0.99969 -0.0127152 -0.0214239
    outer loop
      vertex 0.868524 120.727 218.106
      vertex 0.852591 119.147 219.787
      vertex 0.850743 119.277 219.796
    endloop
  endfacet
  facet normal -0.99969 -0.0127173 -0.0214258
    outer loop
      vertex 0.902483 117.796 218.261
      vertex 0.852591 119.147 219.787
      vertex 0.868524 120.727 218.106
    endloop
  endfacet
  facet normal -0.99969 -0.0127179 -0.0214252
    outer loop
      vertex 0.852591 119.147 219.787
      vertex 0.902483 117.796 218.261
      vertex 0.854073 119.016 219.796
    endloop
  endfacet
  facet normal -0.99969 -0.0127182 -0.021425
    outer loop
      vertex 0.854073 119.016 219.796
      vertex 0.902483 117.796 218.261
      vertex 0.855164 118.888 219.821
    endloop
  endfacet
  facet normal -0.99969 -0.0127156 -0.0214269
    outer loop
      vertex 0.855164 118.888 219.821
      vertex 0.902483 117.796 218.261
      vertex 0.855843 118.763 219.863
    endloop
  endfacet
  facet normal -0.99969 -0.0127184 -0.0214251
    outer loop
      vertex 0.855843 118.763 219.863
      vertex 0.902483 117.796 218.261
      vertex 0.856101 118.646 219.921
    endloop
  endfacet
  facet normal -0.99969 -0.0127203 -0.0214245
    outer loop
      vertex 0.855933 118.537 219.993
      vertex 0.902483 117.796 218.261
      vertex 0.855544 118.472 220.05
    endloop
  endfacet
  facet normal -0.99969 -0.0127162 -0.0214262
    outer loop
      vertex 0.856101 118.646 219.921
      vertex 0.902483 117.796 218.261
      vertex 0.855933 118.537 219.993
    endloop
  endfacet
  facet normal -0.99969 -0.0127178 -0.0214256
    outer loop
      vertex 0.613913 124.167 227.944
      vertex 0.54804 125.347 230.317
      vertex 0.545799 125.515 230.322
    endloop
  endfacet
  facet normal -0.99969 -0.0127194 -0.0214249
    outer loop
      vertex 0.620224 124.293 227.575
      vertex 0.545799 125.515 230.322
      vertex 0.622909 124.301 227.444
    endloop
  endfacet
  facet normal -0.99969 -0.0127178 -0.0214256
    outer loop
      vertex 0.545799 125.515 230.322
      vertex 0.625813 124.293 227.314
      vertex 0.622909 124.301 227.444
    endloop
  endfacet
  facet normal -0.99969 -0.0127141 -0.0214271
    outer loop
      vertex 0.545799 125.515 230.322
      vertex 0.628885 124.268 227.186
      vertex 0.625813 124.293 227.314
    endloop
  endfacet
  facet normal -0.999689 -0.0127438 -0.0214153
    outer loop
      vertex 0.545799 125.515 230.322
      vertex 0.632073 124.226 227.062
      vertex 0.628885 124.268 227.186
    endloop
  endfacet
  facet normal -0.99969 -0.0127173 -0.0214257
    outer loop
      vertex 0.660327 122.918 226.519
      vertex 0.80643 119.754 221.581
      vertex 0.660585 122.801 226.577
    endloop
  endfacet
  facet normal -0.99969 -0.012717 -0.0214259
    outer loop
      vertex 0.80643 119.754 221.581
      vertex 0.660327 122.918 226.519
      vertex 0.807022 119.852 221.495
    endloop
  endfacet
  facet normal -0.99969 -0.0127159 -0.0214266
    outer loop
      vertex 0.659648 123.042 226.478
      vertex 0.807022 119.852 221.495
      vertex 0.660327 122.918 226.519
    endloop
  endfacet
  facet normal -0.99969 -0.0127153 -0.021427
    outer loop
      vertex 0.807022 119.852 221.495
      vertex 0.659648 123.042 226.478
      vertex 0.808027 119.939 221.396
    endloop
  endfacet
  facet normal -0.99969 -0.0127189 -0.0214248
    outer loop
      vertex 0.658557 123.171 226.452
      vertex 0.808027 119.939 221.396
      vertex 0.659648 123.042 226.478
    endloop
  endfacet
  facet normal -0.99969 -0.0127178 -0.0214255
    outer loop
      vertex 0.808027 119.939 221.396
      vertex 0.658557 123.171 226.452
      vertex 0.809429 120.012 221.288
    endloop
  endfacet
  facet normal -0.99969 -0.0127175 -0.0214257
    outer loop
      vertex 0.657076 123.302 226.444
      vertex 0.809429 120.012 221.288
      vertex 0.658557 123.171 226.452
    endloop
  endfacet
  facet normal -0.99969 -0.0127186 -0.021425
    outer loop
      vertex 0.809429 120.012 221.288
      vertex 0.657076 123.302 226.444
      vertex 0.811203 120.07 221.171
    endloop
  endfacet
  facet normal -0.99969 -0.0127155 -0.0214269
    outer loop
      vertex 0.655227 123.432 226.452
      vertex 0.811203 120.07 221.171
      vertex 0.657076 123.302 226.444
    endloop
  endfacet
  facet normal -0.99969 -0.0127171 -0.0214258
    outer loop
      vertex 0.811203 120.07 221.171
      vertex 0.655227 123.432 226.452
      vertex 0.813318 120.112 221.047
    endloop
  endfacet
  facet normal -0.99969 -0.0127194 -0.0214245
    outer loop
      vertex 0.653044 123.561 226.478
      vertex 0.813318 120.112 221.047
      vertex 0.655227 123.432 226.452
    endloop
  endfacet
  facet normal -0.99969 -0.012715 -0.0214272
    outer loop
      vertex 0.813318 120.112 221.047
      vertex 0.653044 123.561 226.478
      vertex 0.81574 120.138 220.919
    endloop
  endfacet
  facet normal -0.99969 -0.0127171 -0.0214259
    outer loop
      vertex 0.650564 123.685 226.52
      vertex 0.81574 120.138 220.919
      vertex 0.653044 123.561 226.478
    endloop
  endfacet
  facet normal -0.99969 -0.0127188 -0.0214249
    outer loop
      vertex 0.81574 120.138 220.919
      vertex 0.650564 123.685 226.52
      vertex 0.818425 120.147 220.788
    endloop
  endfacet
  facet normal -0.99969 -0.0127174 -0.0214258
    outer loop
      vertex 0.818425 120.147 220.788
      vertex 0.650564 123.685 226.52
      vertex 0.868524 120.727 218.106
    endloop
  endfacet
  facet normal -0.99969 -0.0127162 -0.0214262
    outer loop
      vertex 0.647829 123.802 226.578
      vertex 0.868524 120.727 218.106
      vertex 0.650564 123.685 226.52
    endloop
  endfacet
  facet normal -0.99969 -0.012717 -0.0214259
    outer loop
      vertex 0.644886 123.911 226.651
      vertex 0.868524 120.727 218.106
      vertex 0.647829 123.802 226.578
    endloop
  endfacet
  facet normal -0.99969 -0.0127165 -0.0214261
    outer loop
      vertex 0.641784 124.009 226.737
      vertex 0.868524 120.727 218.106
      vertex 0.644886 123.911 226.651
    endloop
  endfacet
  facet normal -0.99969 -0.0127156 -0.0214264
    outer loop
      vertex 0.638579 124.095 226.836
      vertex 0.868524 120.727 218.106
      vertex 0.641784 124.009 226.737
    endloop
  endfacet
  facet normal -0.99969 -0.0127234 -0.0214234
    outer loop
      vertex 0.635323 124.168 226.944
      vertex 0.868524 120.727 218.106
      vertex 0.638579 124.095 226.836
    endloop
  endfacet
  facet normal -0.99969 -0.0127204 -0.0214245
    outer loop
      vertex 0.632073 124.226 227.062
      vertex 0.868524 120.727 218.106
      vertex 0.635323 124.168 226.944
    endloop
  endfacet
  facet normal -0.99969 -0.012716 -0.0214263
    outer loop
      vertex 0.868524 120.727 218.106
      vertex 0.632073 124.226 227.062
      vertex 0.545799 125.515 230.322
    endloop
  endfacet
  facet normal -0.99969 -0.0127157 -0.0214266
    outer loop
      vertex 0.617802 124.267 227.703
      vertex 0.545799 125.515 230.322
      vertex 0.620224 124.293 227.575
    endloop
  endfacet
  facet normal -0.99969 -0.0127162 -0.0214263
    outer loop
      vertex 0.615687 124.225 227.827
      vertex 0.545799 125.515 230.322
      vertex 0.617802 124.267 227.703
    endloop
  endfacet
  facet normal -0.99969 -0.0127195 -0.0214246
    outer loop
      vertex 0.613913 124.167 227.944
      vertex 0.545799 125.515 230.322
      vertex 0.615687 124.225 227.827
    endloop
  endfacet
  facet normal -0.99969 -0.0127171 -0.0214259
    outer loop
      vertex 0.612511 124.094 228.053
      vertex 0.54804 125.347 230.317
      vertex 0.613913 124.167 227.944
    endloop
  endfacet
  facet normal -0.99969 -0.0127178 -0.0214256
    outer loop
      vertex 0.54804 125.347 230.317
      vertex 0.612511 124.094 228.053
      vertex 0.550708 125.146 230.312
    endloop
  endfacet
  facet normal -0.99969 -0.0127158 -0.0214265
    outer loop
      vertex 0.611506 124.007 228.151
      vertex 0.550708 125.146 230.312
      vertex 0.612511 124.094 228.053
    endloop
  endfacet
  facet normal -0.99969 -0.012717 -0.0214259
    outer loop
      vertex 0.610914 123.909 228.237
      vertex 0.550708 125.146 230.312
      vertex 0.611506 124.007 228.151
    endloop
  endfacet
  facet normal -0.99969 -0.0127188 -0.0214248
    outer loop
      vertex 0.610745 123.8 228.31
      vertex 0.550708 125.146 230.312
      vertex 0.610914 123.909 228.237
    endloop
  endfacet
  facet normal -0.99969 -0.0127159 -0.0214267
    outer loop
      vertex 0.611003 123.682 228.368
      vertex 0.550708 125.146 230.312
      vertex 0.610745 123.8 228.31
    endloop
  endfacet
  facet normal -0.99969 -0.0127181 -0.0214251
    outer loop
      vertex 0.611683 123.558 228.409
      vertex 0.550708 125.146 230.312
      vertex 0.611003 123.682 228.368
    endloop
  endfacet
  facet normal -0.99969 -0.0127156 -0.0214272
    outer loop
      vertex 0.612773 123.429 228.435
      vertex 0.550708 125.146 230.312
      vertex 0.611683 123.558 228.409
    endloop
  endfacet
  facet normal -0.99969 -0.012718 -0.0214261
    outer loop
      vertex 0.589262 122.31 230.196
      vertex 0.612773 123.429 228.435
      vertex 0.614255 123.299 228.443
    endloop
  endfacet
  facet normal -0.99969 -0.012718 -0.0214261
    outer loop
      vertex 0.589262 122.31 230.196
      vertex 0.614255 123.299 228.443
      vertex 0.616103 123.168 228.435
    endloop
  endfacet
  facet normal -0.99969 -0.0127162 -0.0214252
    outer loop
      vertex 0.589262 122.31 230.196
      vertex 0.616103 123.168 228.435
      vertex 0.618286 123.04 228.409
    endloop
  endfacet
  facet normal -0.99969 -0.0127177 -0.0214258
    outer loop
      vertex 0.589262 122.31 230.196
      vertex 0.618286 123.04 228.409
      vertex 0.620767 122.916 228.367
    endloop
  endfacet
  facet normal -0.99969 -0.0127192 -0.0214263
    outer loop
      vertex 0.589262 122.31 230.196
      vertex 0.620767 122.916 228.367
      vertex 0.623502 122.798 228.309
    endloop
  endfacet
  facet normal -0.99969 -0.0127168 -0.0214257
    outer loop
      vertex 0.589262 122.31 230.196
      vertex 0.623502 122.798 228.309
      vertex 0.626445 122.69 228.236
    endloop
  endfacet
  facet normal -0.99969 -0.0127173 -0.0214256
    outer loop
      vertex 0.612773 123.429 228.435
      vertex 0.589262 122.31 230.196
      vertex 0.550708 125.146 230.312
    endloop
  endfacet
  facet normal -0.99969 -0.0127163 -0.0214256
    outer loop
      vertex 0.629546 122.591 228.15
      vertex 0.589262 122.31 230.196
      vertex 0.626445 122.69 228.236
    endloop
  endfacet
  facet normal -0.99969 -0.0127181 -0.0214259
    outer loop
      vertex 0.632752 122.505 228.051
      vertex 0.589262 122.31 230.196
      vertex 0.629546 122.591 228.15
    endloop
  endfacet
  facet normal -0.99969 -0.0127144 -0.0214255
    outer loop
      vertex 0.636008 122.432 227.943
      vertex 0.589262 122.31 230.196
      vertex 0.632752 122.505 228.051
    endloop
  endfacet
  facet normal -0.99969 -0.0127186 -0.0214258
    outer loop
      vertex 0.639257 122.375 227.825
      vertex 0.589262 122.31 230.196
      vertex 0.636008 122.432 227.943
    endloop
  endfacet
  facet normal -0.99969 -0.0127184 -0.0214258
    outer loop
      vertex 0.642446 122.333 227.701
      vertex 0.589262 122.31 230.196
      vertex 0.639257 122.375 227.825
    endloop
  endfacet
  facet normal -0.999689 -0.0127231 -0.0214258
    outer loop
      vertex 0.645518 122.307 227.573
      vertex 0.589262 122.31 230.196
      vertex 0.642446 122.333 227.701
    endloop
  endfacet
  facet normal -0.99969 -0.0127185 -0.0214251
    outer loop
      vertex 0.809984 119.129 221.786
      vertex 0.645518 122.307 227.573
      vertex 0.648422 122.299 227.443
    endloop
  endfacet
  facet normal -0.99969 -0.012717 -0.021426
    outer loop
      vertex 0.660585 122.801 226.577
      vertex 0.806261 119.645 221.653
      vertex 0.660417 122.692 226.65
    endloop
  endfacet
  facet normal -0.99969 -0.0127195 -0.0214244
    outer loop
      vertex 0.806261 119.645 221.653
      vertex 0.660585 122.801 226.577
      vertex 0.80643 119.754 221.581
    endloop
  endfacet
  facet normal -0.99969 -0.0127152 -0.0214271
    outer loop
      vertex 0.806519 119.527 221.711
      vertex 0.660417 122.692 226.65
      vertex 0.806261 119.645 221.653
    endloop
  endfacet
  facet normal -0.99969 -0.012717 -0.0214259
    outer loop
      vertex 0.660417 122.692 226.65
      vertex 0.806519 119.527 221.711
      vertex 0.659825 122.593 226.736
    endloop
  endfacet
  facet normal -0.99969 -0.0127181 -0.0214253
    outer loop
      vertex 0.807199 119.403 221.753
      vertex 0.659825 122.593 226.736
      vertex 0.806519 119.527 221.711
    endloop
  endfacet
  facet normal -0.99969 -0.0127176 -0.0214256
    outer loop
      vertex 0.659825 122.593 226.736
      vertex 0.807199 119.403 221.753
      vertex 0.658819 122.507 226.834
    endloop
  endfacet
  facet normal -0.99969 -0.0127162 -0.0214265
    outer loop
      vertex 0.808289 119.275 221.778
      vertex 0.658819 122.507 226.834
      vertex 0.807199 119.403 221.753
    endloop
  endfacet
  facet normal -0.99969 -0.0127181 -0.0214252
    outer loop
      vertex 0.658819 122.507 226.834
      vertex 0.808289 119.275 221.778
      vertex 0.657418 122.434 226.943
    endloop
  endfacet
  facet normal -0.99969 -0.0127179 -0.0214254
    outer loop
      vertex 0.809771 119.144 221.787
      vertex 0.657418 122.434 226.943
      vertex 0.808289 119.275 221.778
    endloop
  endfacet
  facet normal -0.99969 -0.0127161 -0.0214265
    outer loop
      vertex 0.657418 122.434 226.943
      vertex 0.809771 119.144 221.787
      vertex 0.655644 122.376 227.06
    endloop
  endfacet
  facet normal -0.99969 -0.0127263 -0.0214203
    outer loop
      vertex 0.809984 119.129 221.786
      vertex 0.655644 122.376 227.06
      vertex 0.809771 119.144 221.787
    endloop
  endfacet
  facet normal -0.99969 -0.0127194 -0.0214245
    outer loop
      vertex 0.655644 122.376 227.06
      vertex 0.809984 119.129 221.786
      vertex 0.653528 122.333 227.184
    endloop
  endfacet
  facet normal -0.99969 -0.0127155 -0.0214268
    outer loop
      vertex 0.653528 122.333 227.184
      vertex 0.809984 119.129 221.786
      vertex 0.651107 122.308 227.312
    endloop
  endfacet
  facet normal -0.99969 -0.0127182 -0.0214253
    outer loop
      vertex 0.651107 122.308 227.312
      vertex 0.809984 119.129 221.786
      vertex 0.648422 122.299 227.443
    endloop
  endfacet
  facet normal -0.99969 -0.0127172 -0.0214258
    outer loop
      vertex 0.645518 122.307 227.573
      vertex 0.809984 119.129 221.786
      vertex 0.589262 122.31 230.196
    endloop
  endfacet
  facet normal -0.999521 0.00761641 -0.0299828
    outer loop
      vertex 0.809706 124.196 217.965
      vertex 0.471202 128.784 230.415
      vertex 0.471537 128.833 230.417
    endloop
  endfacet
  facet normal -0.999521 0.00762297 -0.0299852
    outer loop
      vertex 0.471202 128.784 230.415
      vertex 0.809706 124.196 217.965
      vertex 0.80749 123.942 217.975
    endloop
  endfacet
  facet normal -0.999574 -0.0229111 -0.0181037
    outer loop
      vertex 0.80749 123.942 217.975
      vertex 0.546651 125.565 230.323
      vertex 0.471202 128.784 230.415
    endloop
  endfacet
  facet normal -0.999574 -0.0229111 -0.0181037
    outer loop
      vertex 0.866751 121.273 218.081
      vertex 0.546651 125.565 230.323
      vertex 0.80749 123.942 217.975
    endloop
  endfacet
  facet normal -0.999574 -0.0229118 -0.0181035
    outer loop
      vertex 0.872155 121.03 218.091
      vertex 0.546651 125.565 230.323
      vertex 0.866751 121.273 218.081
    endloop
  endfacet
  facet normal -0.999574 -0.022909 -0.0181046
    outer loop
      vertex 0.546651 125.565 230.323
      vertex 0.872155 121.03 218.091
      vertex 0.873361 120.975 218.094
    endloop
  endfacet
  facet normal -0.999626 -0.000627454 -0.0273406
    outer loop
      vertex 0.717749 127.193 217.87
      vertex 0.652878 128.32 220.216
      vertex 0.717765 127.451 217.863
    endloop
  endfacet
  facet normal -0.999626 -0.000625836 -0.0273414
    outer loop
      vertex 0.652878 128.32 220.216
      vertex 0.717749 127.193 217.87
      vertex 0.650763 128.268 220.294
    endloop
  endfacet
  facet normal -0.999626 -0.000628205 -0.0273404
    outer loop
      vertex 0.650763 128.268 220.294
      vertex 0.717749 127.193 217.87
      vertex 0.647594 128.21 220.411
    endloop
  endfacet
  facet normal -0.999626 -0.000623308 -0.0273423
    outer loop
      vertex 0.647594 128.21 220.411
      vertex 0.717749 127.193 217.87
      vertex 0.646305 128.193 220.459
    endloop
  endfacet
  facet normal -0.999626 -0.000625547 -0.0273414
    outer loop
      vertex 0.610167 128.893 221.764
      vertex 0.480076 130.532 226.483
      vertex 0.480538 130.629 226.464
    endloop
  endfacet
  facet normal -0.999626 -0.000626278 -0.0273411
    outer loop
      vertex 0.610167 128.893 221.764
      vertex 0.479988 130.522 226.486
      vertex 0.480076 130.532 226.483
    endloop
  endfacet
  facet normal -0.999626 -0.00061845 -0.0273438
    outer loop
      vertex 0.610283 128.874 221.76
      vertex 0.479988 130.522 226.486
      vertex 0.610167 128.893 221.764
    endloop
  endfacet
  facet normal -0.999626 -0.000625661 -0.0273413
    outer loop
      vertex 0.611514 128.749 221.718
      vertex 0.479988 130.522 226.486
      vertex 0.610283 128.874 221.76
    endloop
  endfacet
  facet normal -0.999626 -0.00062861 -0.0273402
    outer loop
      vertex 0.479988 130.522 226.486
      vertex 0.611514 128.749 221.718
      vertex 0.612731 128.663 221.676
    endloop
  endfacet
  facet normal -0.999626 -0.000622621 -0.0273423
    outer loop
      vertex 0.429821 131.308 228.302
      vertex 0.369766 132.065 230.481
      vertex 0.369714 132.113 230.482
    endloop
  endfacet
  facet normal -0.999626 -0.000634892 -0.027338
    outer loop
      vertex 0.429489 131.289 228.315
      vertex 0.369766 132.065 230.481
      vertex 0.429821 131.308 228.302
    endloop
  endfacet
  facet normal -0.999626 -0.000629352 -0.02734
    outer loop
      vertex 0.369766 132.065 230.481
      vertex 0.429489 131.289 228.315
      vertex 0.428834 131.238 228.34
    endloop
  endfacet
  facet normal -0.999394 -0.0311602 -0.0155396
    outer loop
      vertex 0.645929 128.167 220.535
      vertex 0.773262 125.388 217.92
      vertex 0.644735 128.142 220.663
    endloop
  endfacet
  facet normal -0.999394 -0.0311667 -0.0155327
    outer loop
      vertex 0.646305 128.193 220.459
      vertex 0.773262 125.388 217.92
      vertex 0.645929 128.167 220.535
    endloop
  endfacet
  facet normal -0.999394 -0.031162 -0.0155379
    outer loop
      vertex 0.773262 125.388 217.92
      vertex 0.646305 128.193 220.459
      vertex 0.717749 127.193 217.87
    endloop
  endfacet
  facet normal -0.999394 -0.0311557 -0.0155359
    outer loop
      vertex 0.471537 128.833 230.417
      vertex 0.487856 129.79 227.448
      vertex 0.489614 129.799 227.318
    endloop
  endfacet
  facet normal -0.999394 -0.0311613 -0.0155377
    outer loop
      vertex 0.487856 129.79 227.448
      vertex 0.471537 128.833 230.417
      vertex 0.451375 129.47 230.435
    endloop
  endfacet
  facet normal -0.999394 -0.0311618 -0.0155378
    outer loop
      vertex 0.627086 128.339 221.403
      vertex 0.489614 129.799 227.318
      vertex 0.490808 129.824 227.189
    endloop
  endfacet
  facet normal -0.999394 -0.0311629 -0.0155373
    outer loop
      vertex 0.612731 128.663 221.676
      vertex 0.482934 130.408 226.525
      vertex 0.479988 130.522 226.486
    endloop
  endfacet
  facet normal -0.999394 -0.0311616 -0.0155378
    outer loop
      vertex 0.612731 128.663 221.676
      vertex 0.485696 130.291 226.583
      vertex 0.482934 130.408 226.525
    endloop
  endfacet
  facet normal -0.999394 -0.0311619 -0.0155377
    outer loop
      vertex 0.612731 128.663 221.676
      vertex 0.487961 130.182 226.655
      vertex 0.485696 130.291 226.583
    endloop
  endfacet
  facet normal -0.999394 -0.0311629 -0.0155374
    outer loop
      vertex 0.612731 128.663 221.676
      vertex 0.48969 130.084 226.741
      vertex 0.487961 130.182 226.655
    endloop
  endfacet
  facet normal -0.999394 -0.0311618 -0.0155377
    outer loop
      vertex 0.612731 128.663 221.676
      vertex 0.490854 129.997 226.84
      vertex 0.48969 130.084 226.741
    endloop
  endfacet
  facet normal -0.999393 -0.0311715 -0.0155352
    outer loop
      vertex 0.613945 128.632 221.66
      vertex 0.490854 129.997 226.84
      vertex 0.612731 128.663 221.676
    endloop
  endfacet
  facet normal -0.999394 -0.0311616 -0.0155378
    outer loop
      vertex 0.490854 129.997 226.84
      vertex 0.613945 128.632 221.66
      vertex 0.491434 129.924 226.948
    endloop
  endfacet
  facet normal -0.999394 -0.03116 -0.0155382
    outer loop
      vertex 0.618465 128.523 221.587
      vertex 0.491434 129.924 226.948
      vertex 0.613945 128.632 221.66
    endloop
  endfacet
  facet normal -0.999394 -0.0311576 -0.0155388
    outer loop
      vertex 0.491434 129.924 226.948
      vertex 0.618465 128.523 221.587
      vertex 0.491418 129.866 227.066
    endloop
  endfacet
  facet normal -0.999394 -0.0311617 -0.0155378
    outer loop
      vertex 0.622871 128.425 221.501
      vertex 0.491418 129.866 227.066
      vertex 0.618465 128.523 221.587
    endloop
  endfacet
  facet normal -0.999394 -0.031161 -0.015538
    outer loop
      vertex 0.491418 129.866 227.066
      vertex 0.622871 128.425 221.501
      vertex 0.490808 129.824 227.189
    endloop
  endfacet
  facet normal -0.999394 -0.0311623 -0.0155377
    outer loop
      vertex 0.627086 128.339 221.403
      vertex 0.490808 129.824 227.189
      vertex 0.622871 128.425 221.501
    endloop
  endfacet
  facet normal -0.999394 -0.0311619 -0.0155378
    outer loop
      vertex 0.489614 129.799 227.318
      vertex 0.627086 128.339 221.403
      vertex 0.471537 128.833 230.417
    endloop
  endfacet
  facet normal -0.999394 -0.0311594 -0.0155379
    outer loop
      vertex 0.631041 128.266 221.294
      vertex 0.471537 128.833 230.417
      vertex 0.627086 128.339 221.403
    endloop
  endfacet
  facet normal -0.999394 -0.0311593 -0.0155412
    outer loop
      vertex 0.809706 124.196 217.965
      vertex 0.631041 128.266 221.294
      vertex 0.634665 128.209 221.177
    endloop
  endfacet
  facet normal -0.999394 -0.0311613 -0.0155386
    outer loop
      vertex 0.809706 124.196 217.965
      vertex 0.634665 128.209 221.177
      vertex 0.637898 128.167 221.053
    endloop
  endfacet
  facet normal -0.999394 -0.0311603 -0.0155399
    outer loop
      vertex 0.809706 124.196 217.965
      vertex 0.637898 128.167 221.053
      vertex 0.640685 128.141 220.924
    endloop
  endfacet
  facet normal -0.999394 -0.0311598 -0.01554
    outer loop
      vertex 0.644735 128.142 220.663
      vertex 0.773262 125.388 217.92
      vertex 0.642977 128.133 220.794
    endloop
  endfacet
  facet normal -0.999394 -0.0311611 -0.0155388
    outer loop
      vertex 0.780227 125.161 217.926
      vertex 0.642977 128.133 220.794
      vertex 0.773262 125.388 217.92
    endloop
  endfacet
  facet normal -0.999394 -0.0311662 -0.0155335
    outer loop
      vertex 0.642977 128.133 220.794
      vertex 0.780227 125.161 217.926
      vertex 0.640685 128.141 220.924
    endloop
  endfacet
  facet normal -0.999394 -0.031162 -0.0155376
    outer loop
      vertex 0.809706 124.196 217.965
      vertex 0.640685 128.141 220.924
      vertex 0.780227 125.161 217.926
    endloop
  endfacet
  facet normal -0.999394 -0.0311621 -0.0155378
    outer loop
      vertex 0.631041 128.266 221.294
      vertex 0.809706 124.196 217.965
      vertex 0.471537 128.833 230.417
    endloop
  endfacet
  facet normal -0.999394 -0.0311592 -0.0155389
    outer loop
      vertex 0.430394 131.172 228.373
      vertex 0.369766 132.065 230.481
      vertex 0.428834 131.238 228.34
    endloop
  endfacet
  facet normal -0.999394 -0.0311619 -0.0155378
    outer loop
      vertex 0.433605 131.048 228.415
      vertex 0.369766 132.065 230.481
      vertex 0.430394 131.172 228.373
    endloop
  endfacet
  facet normal -0.999394 -0.0311614 -0.015538
    outer loop
      vertex 0.437211 130.92 228.44
      vertex 0.369766 132.065 230.481
      vertex 0.433605 131.048 228.415
    endloop
  endfacet
  facet normal -0.999394 -0.0311636 -0.0155368
    outer loop
      vertex 0.44115 130.789 228.449
      vertex 0.369766 132.065 230.481
      vertex 0.437211 130.92 228.44
    endloop
  endfacet
  facet normal -0.999394 -0.0311614 -0.0155374
    outer loop
      vertex 0.451375 129.47 230.435
      vertex 0.44115 130.789 228.449
      vertex 0.445354 130.658 228.44
    endloop
  endfacet
  facet normal -0.999394 -0.031161 -0.0155372
    outer loop
      vertex 0.451375 129.47 230.435
      vertex 0.445354 130.658 228.44
      vertex 0.449751 130.53 228.414
    endloop
  endfacet
  facet normal -0.999394 -0.0311628 -0.0155382
    outer loop
      vertex 0.451375 129.47 230.435
      vertex 0.449751 130.53 228.414
      vertex 0.454267 130.406 228.372
    endloop
  endfacet
  facet normal -0.999394 -0.0311601 -0.015537
    outer loop
      vertex 0.451375 129.47 230.435
      vertex 0.454267 130.406 228.372
      vertex 0.458824 130.289 228.314
    endloop
  endfacet
  facet normal -0.999394 -0.0311638 -0.0155383
    outer loop
      vertex 0.451375 129.47 230.435
      vertex 0.458824 130.289 228.314
      vertex 0.463344 130.18 228.242
    endloop
  endfacet
  facet normal -0.999394 -0.0311604 -0.0155373
    outer loop
      vertex 0.451375 129.47 230.435
      vertex 0.463344 130.18 228.242
      vertex 0.46775 130.082 228.155
    endloop
  endfacet
  facet normal -0.999393 -0.0311643 -0.0155383
    outer loop
      vertex 0.451375 129.47 230.435
      vertex 0.46775 130.082 228.155
      vertex 0.471966 129.996 228.057
    endloop
  endfacet
  facet normal -0.999394 -0.031162 -0.0155378
    outer loop
      vertex 0.44115 130.789 228.449
      vertex 0.451375 129.47 230.435
      vertex 0.369766 132.065 230.481
    endloop
  endfacet
  facet normal -0.999394 -0.0311602 -0.0155374
    outer loop
      vertex 0.47592 129.923 227.948
      vertex 0.451375 129.47 230.435
      vertex 0.471966 129.996 228.057
    endloop
  endfacet
  facet normal -0.999394 -0.0311614 -0.0155376
    outer loop
      vertex 0.479544 129.866 227.831
      vertex 0.451375 129.47 230.435
      vertex 0.47592 129.923 227.948
    endloop
  endfacet
  facet normal -0.999394 -0.03116 -0.0155374
    outer loop
      vertex 0.482777 129.824 227.707
      vertex 0.451375 129.47 230.435
      vertex 0.479544 129.866 227.831
    endloop
  endfacet
  facet normal -0.999394 -0.0311629 -0.0155378
    outer loop
      vertex 0.485564 129.798 227.579
      vertex 0.451375 129.47 230.435
      vertex 0.482777 129.824 227.707
    endloop
  endfacet
  facet normal -0.999393 -0.0311717 -0.0155388
    outer loop
      vertex 0.451375 129.47 230.435
      vertex 0.485564 129.798 227.579
      vertex 0.487856 129.79 227.448
    endloop
  endfacet
endsolid OpenSCAD_Model
