solid OpenSCAD_Model
  facet normal 0.955567 0.0893003 -0.280923
    outer loop
      vertex 218.443 5.73818 296
      vertex 218.44 5.76855 296
      vertex 227.259 6.63397 326.272
    endloop
  endfacet
  facet normal 0.952712 0.116016 -0.280855
    outer loop
      vertex 227.259 6.63397 326.272
      vertex 218.44 5.76897 296
      vertex 228.823 6.79286 331.642
    endloop
  endfacet
  facet normal 0.95401 0.104669 -0.280909
    outer loop
      vertex 218.44 5.76897 296
      vertex 227.259 6.63397 326.272
      vertex 218.44 5.76855 296
    endloop
  endfacet
  facet normal 0.959456 0.0293387 -0.280329
    outer loop
      vertex 274.698 11.4542 489.143
      vertex 281.742 12.3469 513.344
      vertex 281.839 12.0451 513.646
    endloop
  endfacet
  facet normal 0.959456 0.029328 -0.280328
    outer loop
      vertex 281.742 12.3469 513.344
      vertex 274.698 11.4542 489.143
      vertex 219.707 11.8536 300.971
    endloop
  endfacet
  facet normal 0.959456 0.0293142 -0.280329
    outer loop
      vertex 228.823 6.79286 331.642
      vertex 219.707 11.8536 300.971
      vertex 274.698 11.4542 489.143
    endloop
  endfacet
  facet normal 0.959456 0.0293136 -0.280329
    outer loop
      vertex 218.44 5.76897 296
      vertex 219.707 11.8536 300.971
      vertex 228.823 6.79286 331.642
    endloop
  endfacet
  facet normal 0.959456 0.029315 -0.28033
    outer loop
      vertex 219.707 11.8536 300.971
      vertex 218.44 5.76897 296
      vertex 218.258 11.7384 296
    endloop
  endfacet
  facet normal 0.958201 0.0586038 -0.28003
    outer loop
      vertex 281.742 12.3469 513.344
      vertex 256.44 14.791 427.278
      vertex 280.206 16.691 509
    endloop
  endfacet
  facet normal 0.958201 0.0586084 -0.28003
    outer loop
      vertex 256.44 14.791 427.278
      vertex 281.742 12.3469 513.344
      vertex 219.707 11.8536 300.971
    endloop
  endfacet
  facet normal 0.0380994 -0.999206 0.0116961
    outer loop
      vertex 137.404 -0.0982975 296
      vertex 219.328 5.64793 520.043
      vertex 134.18 -0.221219 296
    endloop
  endfacet
  facet normal 0.0381044 -0.999205 0.0116942
    outer loop
      vertex 219.328 5.64793 520.043
      vertex 137.404 -0.0982975 296
      vertex 219.419 5.65136 520.04
    endloop
  endfacet
  facet normal 0.0686153 -0.997643 5.77634e-005
    outer loop
      vertex 134.18 -0.221219 296
      vertex 216.897 5.48078 520.211
      vertex 134.151 -0.223246 296
    endloop
  endfacet
  facet normal 0.0686006 -0.997644 6.32117e-005
    outer loop
      vertex 216.897 5.48078 520.211
      vertex 134.18 -0.221219 296
      vertex 219.328 5.64793 520.043
    endloop
  endfacet
  facet normal 0.0442744 -0.998972 0.00976694
    outer loop
      vertex 140.665 0.0471158 296
      vertex 221.848 5.8338 519.857
      vertex 137.434 -0.0960823 296
    endloop
  endfacet
  facet normal 0.044273 -0.998972 0.00976747
    outer loop
      vertex 221.848 5.8338 519.857
      vertex 140.665 0.0471158 296
      vertex 221.941 5.83791 519.853
    endloop
  endfacet
  facet normal 0.0747787 -0.997199 -0.00178267
    outer loop
      vertex 137.434 -0.0960823 296
      vertex 219.419 5.65136 520.04
      vertex 137.404 -0.0982975 296
    endloop
  endfacet
  facet normal 0.0747644 -0.9972 -0.00177741
    outer loop
      vertex 219.419 5.65136 520.04
      vertex 137.434 -0.0960823 296
      vertex 221.848 5.8338 519.857
    endloop
  endfacet
  facet normal 0.0497475 -0.998729 0.0081117
    outer loop
      vertex 143.932 0.210791 296
      vertex 224.369 6.03395 519.657
      vertex 140.694 0.0494987 296
    endloop
  endfacet
  facet normal 0.0497518 -0.998729 0.00811017
    outer loop
      vertex 224.369 6.03395 519.657
      vertex 143.932 0.210791 296
      vertex 224.465 6.0387 519.653
    endloop
  endfacet
  facet normal 0.0802387 -0.99677 -0.0033479
    outer loop
      vertex 140.694 0.0494987 296
      vertex 221.941 5.83791 519.853
      vertex 140.665 0.0471158 296
    endloop
  endfacet
  facet normal 0.0802265 -0.996771 -0.00334343
    outer loop
      vertex 221.941 5.83791 519.853
      vertex 140.694 0.0494987 296
      vertex 224.369 6.03395 519.657
    endloop
  endfacet
  facet normal 0.0545592 -0.998488 0.00671199
    outer loop
      vertex 147.208 0.390697 296
      vertex 226.892 6.24681 519.445
      vertex 143.962 0.213324 296
    endloop
  endfacet
  facet normal 0.0545596 -0.998488 0.00671183
    outer loop
      vertex 226.892 6.24681 519.445
      vertex 147.208 0.390697 296
      vertex 226.992 6.2522 519.439
    endloop
  endfacet
  facet normal 0.0850625 -0.996365 -0.00466609
    outer loop
      vertex 143.962 0.213324 296
      vertex 224.465 6.0387 519.653
      vertex 143.932 0.210791 296
    endloop
  endfacet
  facet normal 0.0850272 -0.996368 -0.00465328
    outer loop
      vertex 224.465 6.0387 519.653
      vertex 143.962 0.213324 296
      vertex 226.892 6.24681 519.445
    endloop
  endfacet
  facet normal 0.0587325 -0.998258 0.00555588
    outer loop
      vertex 150.492 0.584828 296
      vertex 229.419 6.47085 519.22
      vertex 147.238 0.393361 296
    endloop
  endfacet
  facet normal 0.0587272 -0.998259 0.00555778
    outer loop
      vertex 229.419 6.47085 519.22
      vertex 150.492 0.584828 296
      vertex 229.522 6.47684 519.214
    endloop
  endfacet
  facet normal 0.0892125 -0.995996 -0.00572706
    outer loop
      vertex 147.238 0.393361 296
      vertex 226.992 6.2522 519.439
      vertex 147.208 0.390697 296
    endloop
  endfacet
  facet normal 0.0891912 -0.995998 -0.00571938
    outer loop
      vertex 226.992 6.2522 519.439
      vertex 147.238 0.393361 296
      vertex 229.419 6.47085 519.22
    endloop
  endfacet
  facet normal 0.0623205 -0.998045 0.00462085
    outer loop
      vertex 153.784 0.791279 296
      vertex 231.95 6.70456 518.987
      vertex 150.522 0.587606 296
    endloop
  endfacet
  facet normal 0.0623195 -0.998046 0.00462123
    outer loop
      vertex 231.95 6.70456 518.987
      vertex 153.784 0.791279 296
      vertex 232.056 6.71114 518.98
    endloop
  endfacet
  facet normal 0.0927566 -0.995667 -0.00655882
    outer loop
      vertex 150.522 0.587606 296
      vertex 229.522 6.47684 519.214
      vertex 150.492 0.584828 296
    endloop
  endfacet
  facet normal 0.092769 -0.995666 -0.00656322
    outer loop
      vertex 229.522 6.47684 519.214
      vertex 150.522 0.587606 296
      vertex 231.95 6.70456 518.987
    endloop
  endfacet
  facet normal 0.0653268 -0.997856 0.00390216
    outer loop
      vertex 157.081 1.00808 296
      vertex 234.483 6.9464 518.745
      vertex 153.814 0.794152 296
    endloop
  endfacet
  facet normal 0.0653304 -0.997856 0.00390091
    outer loop
      vertex 234.483 6.9464 518.745
      vertex 157.081 1.00808 296
      vertex 234.592 6.95353 518.738
    endloop
  endfacet
  facet normal 0.0957239 -0.995382 -0.00717529
    outer loop
      vertex 153.814 0.794152 296
      vertex 232.056 6.71114 518.98
      vertex 153.784 0.791279 296
    endloop
  endfacet
  facet normal 0.0957673 -0.995378 -0.00719066
    outer loop
      vertex 232.056 6.71114 518.98
      vertex 153.814 0.794152 296
      vertex 234.483 6.9464 518.745
    endloop
  endfacet
  facet normal 0.0678912 -0.997687 0.00334735
    outer loop
      vertex 160.383 1.23365 296
      vertex 237.019 7.1951 518.496
      vertex 157.111 1.01103 296
    endloop
  endfacet
  facet normal 0.0678923 -0.997687 0.00334695
    outer loop
      vertex 237.019 7.1951 518.496
      vertex 160.383 1.23365 296
      vertex 237.131 7.20275 518.489
    endloop
  endfacet
  facet normal 0.0983369 -0.995124 -0.00765803
    outer loop
      vertex 157.111 1.01103 296
      vertex 234.592 6.95353 518.738
      vertex 157.081 1.00808 296
    endloop
  endfacet
  facet normal 0.0983248 -0.995125 -0.00765379
    outer loop
      vertex 234.592 6.95353 518.738
      vertex 157.111 1.01103 296
      vertex 237.019 7.1951 518.496
    endloop
  endfacet
  facet normal 0.0701803 -0.99753 0.0028959
    outer loop
      vertex 163.687 1.46704 296
      vertex 239.555 7.44987 518.241
      vertex 160.413 1.23667 296
    endloop
  endfacet
  facet normal 0.0701789 -0.99753 0.0028964
    outer loop
      vertex 239.555 7.44987 518.241
      vertex 163.687 1.46704 296
      vertex 239.672 7.45804 518.233
    endloop
  endfacet
  facet normal 0.100596 -0.994895 -0.00800932
    outer loop
      vertex 160.413 1.23667 296
      vertex 237.131 7.20275 518.489
      vertex 160.383 1.23365 296
    endloop
  endfacet
  facet normal 0.100608 -0.994894 -0.00801338
    outer loop
      vertex 237.131 7.20275 518.489
      vertex 160.413 1.23667 296
      vertex 239.555 7.44987 518.241
    endloop
  endfacet
  facet normal 0.072188 -0.997388 0.00254848
    outer loop
      vertex 166.995 1.70737 296
      vertex 242.095 7.71006 517.981
      vertex 163.717 1.47013 296
    endloop
  endfacet
  facet normal 0.0721892 -0.997388 0.00254806
    outer loop
      vertex 242.095 7.71006 517.981
      vertex 166.995 1.70737 296
      vertex 242.215 7.71873 517.973
    endloop
  endfacet
  facet normal 0.102599 -0.994688 -0.00826499
    outer loop
      vertex 163.717 1.47013 296
      vertex 239.672 7.45804 518.233
      vertex 163.687 1.46704 296
    endloop
  endfacet
  facet normal 0.10261 -0.994687 -0.00826896
    outer loop
      vertex 239.672 7.45804 518.233
      vertex 163.717 1.47013 296
      vertex 242.095 7.71006 517.981
    endloop
  endfacet
  facet normal 0.0738571 -0.997266 0.00232298
    outer loop
      vertex 170.308 1.95363 296
      vertex 244.637 7.97493 517.716
      vertex 167.025 1.71051 296
    endloop
  endfacet
  facet normal 0.0738551 -0.997266 0.00232366
    outer loop
      vertex 244.637 7.97493 517.716
      vertex 170.308 1.95363 296
      vertex 244.761 7.98408 517.707
    endloop
  endfacet
  facet normal 0.104254 -0.994515 -0.00839552
    outer loop
      vertex 167.025 1.71051 296
      vertex 242.215 7.71873 517.973
      vertex 166.995 1.70737 296
    endloop
  endfacet
  facet normal 0.104274 -0.994513 -0.00840236
    outer loop
      vertex 242.215 7.71873 517.973
      vertex 167.025 1.71051 296
      vertex 244.637 7.97493 517.716
    endloop
  endfacet
  facet normal 0.0751399 -0.99717 0.00223347
    outer loop
      vertex 173.625 2.20452 296
      vertex 247.184 8.24345 517.448
      vertex 170.338 1.95682 296
    endloop
  endfacet
  facet normal 0.075138 -0.997171 0.00223411
    outer loop
      vertex 247.184 8.24345 517.448
      vertex 173.625 2.20452 296
      vertex 247.312 8.25305 517.438
    endloop
  endfacet
  facet normal 0.10551 -0.994383 -0.00838498
    outer loop
      vertex 170.338 1.95682 296
      vertex 244.761 7.98408 517.707
      vertex 170.308 1.95363 296
    endloop
  endfacet
  facet normal 0.105553 -0.994378 -0.00839985
    outer loop
      vertex 244.761 7.98408 517.707
      vertex 170.338 1.95682 296
      vertex 247.184 8.24345 517.448
    endloop
  endfacet
  facet normal 0.0761168 -0.997096 0.00225059
    outer loop
      vertex 176.945 2.45888 296
      vertex 249.734 8.5147 517.177
      vertex 173.655 2.20774 296
    endloop
  endfacet
  facet normal 0.0761221 -0.997096 0.00224882
    outer loop
      vertex 249.734 8.5147 517.177
      vertex 176.945 2.45888 296
      vertex 249.865 8.52473 517.167
    endloop
  endfacet
  facet normal 0.106509 -0.994277 -0.00828425
    outer loop
      vertex 173.655 2.20774 296
      vertex 247.312 8.25305 517.438
      vertex 173.625 2.20452 296
    endloop
  endfacet
  facet normal 0.106527 -0.994275 -0.00829024
    outer loop
      vertex 247.312 8.25305 517.438
      vertex 173.655 2.20774 296
      vertex 249.734 8.5147 517.177
    endloop
  endfacet
  facet normal 0.0769839 -0.99703 0.00230718
    outer loop
      vertex 180.265 2.71621 296
      vertex 252.285 8.78822 516.903
      vertex 176.975 2.46213 296
    endloop
  endfacet
  facet normal 0.0769794 -0.99703 0.00230865
    outer loop
      vertex 252.285 8.78822 516.903
      vertex 180.265 2.71621 296
      vertex 252.42 8.79866 516.893
    endloop
  endfacet
  facet normal 0.107398 -0.994183 -0.00814308
    outer loop
      vertex 176.975 2.46213 296
      vertex 249.865 8.52473 517.167
      vertex 176.945 2.45888 296
    endloop
  endfacet
  facet normal 0.107393 -0.994183 -0.00814122
    outer loop
      vertex 249.865 8.52473 517.167
      vertex 176.975 2.46213 296
      vertex 252.285 8.78822 516.903
    endloop
  endfacet
  facet normal 0.0777366 -0.996971 0.00240416
    outer loop
      vertex 183.587 2.97616 296
      vertex 254.838 9.06377 516.628
      vertex 180.295 2.71948 296
    endloop
  endfacet
  facet normal 0.0777331 -0.996971 0.00240531
    outer loop
      vertex 254.838 9.06377 516.628
      vertex 183.587 2.97616 296
      vertex 254.977 9.07461 516.617
    endloop
  endfacet
  facet normal 0.108139 -0.994104 -0.00795024
    outer loop
      vertex 180.295 2.71948 296
      vertex 252.42 8.79866 516.893
      vertex 180.265 2.71621 296
    endloop
  endfacet
  facet normal 0.108144 -0.994103 -0.00795172
    outer loop
      vertex 252.42 8.79866 516.893
      vertex 180.295 2.71948 296
      vertex 254.838 9.06377 516.628
    endloop
  endfacet
  facet normal 0.0786489 -0.996881 0.006595
    outer loop
      vertex 183.979 3.01915 296
      vertex 228.823 6.79286 331.642
      vertex 274.698 11.4542 489.143
    endloop
  endfacet
  facet normal 0.078649 -0.996881 0.00659489
    outer loop
      vertex 183.979 3.01915 296
      vertex 227.259 6.63397 326.272
      vertex 228.823 6.79286 331.642
    endloop
  endfacet
  facet normal 0.0786489 -0.996881 0.006595
    outer loop
      vertex 227.259 6.63397 326.272
      vertex 183.979 3.01915 296
      vertex 218.443 5.73818 296
    endloop
  endfacet
  facet normal 0.109055 -0.994005 -0.00781202
    outer loop
      vertex 254.977 9.07461 516.617
      vertex 274.698 11.4542 489.143
      vertex 281.839 12.0451 513.646
    endloop
  endfacet
  facet normal 0.109055 -0.994005 -0.00781202
    outer loop
      vertex 183.587 2.97616 296
      vertex 274.698 11.4542 489.143
      vertex 254.977 9.07461 516.617
    endloop
  endfacet
  facet normal 0.109056 -0.994005 -0.00781252
    outer loop
      vertex 274.698 11.4542 489.143
      vertex 183.587 2.97616 296
      vertex 183.979 3.01915 296
    endloop
  endfacet
  facet normal 0.107574 0.992709 -0.0543717
    outer loop
      vertex 218.23 11.7413 296
      vertex 219.707 11.8536 300.971
      vertex 218.258 11.7384 296
    endloop
  endfacet
  facet normal 0.107512 0.992717 -0.0543536
    outer loop
      vertex 219.707 11.8536 300.971
      vertex 218.23 11.7413 296
      vertex 256.44 14.791 427.278
    endloop
  endfacet
  facet normal 0.10933 0.992508 -0.0545344
    outer loop
      vertex 218.2 11.7437 296
      vertex 277.49 16.9045 508.787
      vertex 277.751 16.8772 508.814
    endloop
  endfacet
  facet normal 0.10933 0.992508 -0.0545344
    outer loop
      vertex 277.49 16.9045 508.787
      vertex 218.2 11.7437 296
      vertex 214.922 12.1049 296
    endloop
  endfacet
  facet normal 0.0790026 0.995807 -0.0461276
    outer loop
      vertex 256.44 14.791 427.278
      vertex 277.751 16.8772 508.814
      vertex 280.206 16.691 509
    endloop
  endfacet
  facet normal 0.0790112 0.995806 -0.04613
    outer loop
      vertex 218.2 11.7437 296
      vertex 256.44 14.791 427.278
      vertex 218.23 11.7413 296
    endloop
  endfacet
  facet normal 0.0790034 0.995807 -0.0461278
    outer loop
      vertex 256.44 14.791 427.278
      vertex 218.2 11.7437 296
      vertex 277.751 16.8772 508.814
    endloop
  endfacet
  facet normal 0.109976 0.992464 -0.0540356
    outer loop
      vertex 214.862 12.1097 296
      vertex 272.006 17.3392 508.352
      vertex 272.542 17.2829 508.408
    endloop
  endfacet
  facet normal 0.109983 0.992463 -0.0540375
    outer loop
      vertex 272.006 17.3392 508.352
      vertex 214.862 12.1097 296
      vertex 208.298 12.837 296
    endloop
  endfacet
  facet normal 0.0796565 0.995766 -0.0458826
    outer loop
      vertex 214.922 12.1049 296
      vertex 272.542 17.2829 508.408
      vertex 277.49 16.9045 508.787
    endloop
  endfacet
  facet normal 0.0796681 0.995765 -0.0458858
    outer loop
      vertex 272.542 17.2829 508.408
      vertex 214.922 12.1049 296
      vertex 214.862 12.1097 296
    endloop
  endfacet
  facet normal 0.108359 0.992687 -0.0532128
    outer loop
      vertex 208.268 12.8394 296
      vertex 269.278 17.5514 508.14
      vertex 269.548 17.5235 508.168
    endloop
  endfacet
  facet normal 0.108362 0.992686 -0.0532137
    outer loop
      vertex 269.278 17.5514 508.14
      vertex 208.268 12.8394 296
      vertex 205.004 13.1957 296
    endloop
  endfacet
  facet normal 0.0780295 0.995956 -0.0445251
    outer loop
      vertex 208.298 12.837 296
      vertex 269.548 17.5235 508.168
      vertex 272.006 17.3392 508.352
    endloop
  endfacet
  facet normal 0.078015 0.995958 -0.0445209
    outer loop
      vertex 269.548 17.5235 508.168
      vertex 208.298 12.837 296
      vertex 208.268 12.8394 296
    endloop
  endfacet
  facet normal 0.105717 0.993032 -0.0520789
    outer loop
      vertex 204.975 13.1979 296
      vertex 266.563 17.7561 507.935
      vertex 266.835 17.7286 507.963
    endloop
  endfacet
  facet normal 0.105714 0.993032 -0.0520782
    outer loop
      vertex 266.563 17.7561 507.935
      vertex 204.975 13.1979 296
      vertex 201.724 13.544 296
    endloop
  endfacet
  facet normal 0.0753707 0.996215 -0.0432905
    outer loop
      vertex 205.004 13.1957 296
      vertex 266.835 17.7286 507.963
      vertex 269.278 17.5514 508.14
    endloop
  endfacet
  facet normal 0.07534 0.996218 -0.0432816
    outer loop
      vertex 266.835 17.7286 507.963
      vertex 205.004 13.1957 296
      vertex 204.975 13.1979 296
    endloop
  endfacet
  facet normal 0.102234 0.993468 -0.0506827
    outer loop
      vertex 201.694 13.5461 296
      vertex 263.858 17.9512 507.74
      vertex 264.131 17.9244 507.767
    endloop
  endfacet
  facet normal 0.102234 0.993468 -0.0506825
    outer loop
      vertex 263.858 17.9512 507.74
      vertex 201.694 13.5461 296
      vertex 198.453 13.8796 296
    endloop
  endfacet
  facet normal 0.0718763 0.996537 -0.0417955
    outer loop
      vertex 201.724 13.544 296
      vertex 264.131 17.9244 507.767
      vertex 266.563 17.7561 507.935
    endloop
  endfacet
  facet normal 0.0718243 0.996542 -0.0417802
    outer loop
      vertex 264.131 17.9244 507.767
      vertex 201.724 13.544 296
      vertex 201.694 13.5461 296
    endloop
  endfacet
  facet normal 0.0980225 0.993975 -0.0490528
    outer loop
      vertex 198.424 13.8816 296
      vertex 261.16 18.1351 507.556
      vertex 261.436 18.1092 507.582
    endloop
  endfacet
  facet normal 0.0980163 0.993975 -0.0490509
    outer loop
      vertex 261.16 18.1351 507.556
      vertex 198.424 13.8816 296
      vertex 195.19 14.2006 296
    endloop
  endfacet
  facet normal 0.0676424 0.996905 -0.0400637
    outer loop
      vertex 198.453 13.8796 296
      vertex 261.436 18.1092 507.582
      vertex 263.858 17.9512 507.74
    endloop
  endfacet
  facet normal 0.0676189 0.996907 -0.0400568
    outer loop
      vertex 261.436 18.1092 507.582
      vertex 198.453 13.8796 296
      vertex 198.424 13.8816 296
    endloop
  endfacet
  facet normal 0.0931407 0.994533 -0.0472031
    outer loop
      vertex 195.16 14.2024 296
      vertex 258.472 18.306 507.385
      vertex 258.749 18.2812 507.41
    endloop
  endfacet
  facet normal 0.0931378 0.994534 -0.0472022
    outer loop
      vertex 258.472 18.306 507.385
      vertex 195.16 14.2024 296
      vertex 191.932 14.5047 296
    endloop
  endfacet
  facet normal 0.0627462 0.997301 -0.0381143
    outer loop
      vertex 195.19 14.2006 296
      vertex 258.749 18.2812 507.41
      vertex 261.16 18.1351 507.556
    endloop
  endfacet
  facet normal 0.0627164 0.997304 -0.0381054
    outer loop
      vertex 258.749 18.2812 507.41
      vertex 195.19 14.2006 296
      vertex 195.16 14.2024 296
    endloop
  endfacet
  facet normal 0.0876704 0.995126 -0.0451548
    outer loop
      vertex 191.903 14.5064 296
      vertex 255.792 18.4625 507.229
      vertex 256.07 18.439 507.252
    endloop
  endfacet
  facet normal 0.0876699 0.995126 -0.0451546
    outer loop
      vertex 255.792 18.4625 507.229
      vertex 191.903 14.5064 296
      vertex 188.681 14.7902 296
    endloop
  endfacet
  facet normal 0.0572607 0.997711 -0.035966
    outer loop
      vertex 191.932 14.5047 296
      vertex 256.07 18.439 507.252
      vertex 258.472 18.306 507.385
    endloop
  endfacet
  facet normal 0.0572437 0.997712 -0.0359609
    outer loop
      vertex 256.07 18.439 507.252
      vertex 191.932 14.5047 296
      vertex 191.903 14.5064 296
    endloop
  endfacet
  facet normal 0.0816772 0.995734 -0.0429248
    outer loop
      vertex 188.651 14.7917 296
      vertex 253.12 18.6033 507.088
      vertex 253.399 18.5813 507.11
    endloop
  endfacet
  facet normal 0.0816823 0.995734 -0.0429263
    outer loop
      vertex 253.12 18.6033 507.088
      vertex 188.651 14.7917 296
      vertex 185.434 15.0557 296
    endloop
  endfacet
  facet normal 0.0512541 0.998119 -0.0336368
    outer loop
      vertex 188.681 14.7902 296
      vertex 253.399 18.5813 507.11
      vertex 255.792 18.4625 507.229
    endloop
  endfacet
  facet normal 0.0512336 0.99812 -0.0336305
    outer loop
      vertex 253.399 18.5813 507.11
      vertex 188.681 14.7902 296
      vertex 188.651 14.7917 296
    endloop
  endfacet
  facet normal 0.0753672 0.99633 -0.0405753
    outer loop
      vertex 185.404 15.057 296
      vertex 250.455 18.7277 506.964
      vertex 250.735 18.7073 506.984
    endloop
  endfacet
  facet normal 0.0753717 0.99633 -0.0405767
    outer loop
      vertex 250.455 18.7277 506.964
      vertex 185.404 15.057 296
      vertex 182.189 15.3003 296
    endloop
  endfacet
  facet normal 0.0449258 0.998503 -0.0311868
    outer loop
      vertex 185.434 15.0557 296
      vertex 250.735 18.7073 506.984
      vertex 253.12 18.6033 507.088
    endloop
  endfacet
  facet normal 0.0449494 0.998502 -0.0311941
    outer loop
      vertex 250.735 18.7073 506.984
      vertex 185.434 15.0557 296
      vertex 185.404 15.057 296
    endloop
  endfacet
  facet normal 0.0688285 0.996899 -0.0381327
    outer loop
      vertex 182.159 15.3014 296
      vertex 247.795 18.8352 506.856
      vertex 248.077 18.8165 506.875
    endloop
  endfacet
  facet normal 0.0688273 0.9969 -0.0381323
    outer loop
      vertex 247.795 18.8352 506.856
      vertex 182.159 15.3014 296
      vertex 178.945 15.5233 296
    endloop
  endfacet
  facet normal 0.0383638 0.998853 -0.0286423
    outer loop
      vertex 182.189 15.3003 296
      vertex 248.077 18.8165 506.875
      vertex 250.455 18.7277 506.964
    endloop
  endfacet
  facet normal 0.0383677 0.998853 -0.0286435
    outer loop
      vertex 248.077 18.8165 506.875
      vertex 182.189 15.3003 296
      vertex 182.159 15.3014 296
    endloop
  endfacet
  facet normal 0.0620805 0.997436 -0.035602
    outer loop
      vertex 178.915 15.5243 296
      vertex 245.142 18.9253 506.766
      vertex 245.424 18.9083 506.783
    endloop
  endfacet
  facet normal 0.0620808 0.997436 -0.0356021
    outer loop
      vertex 245.142 18.9253 506.766
      vertex 178.915 15.5243 296
      vertex 175.701 15.7243 296
    endloop
  endfacet
  facet normal 0.0316008 0.999162 -0.0260123
    outer loop
      vertex 178.945 15.5233 296
      vertex 245.424 18.9083 506.783
      vertex 247.795 18.8352 506.856
    endloop
  endfacet
  facet normal 0.0315631 0.999164 -0.0260005
    outer loop
      vertex 245.424 18.9083 506.783
      vertex 178.945 15.5233 296
      vertex 178.915 15.5243 296
    endloop
  endfacet
  facet normal 0.0551794 0.997931 -0.0330002
    outer loop
      vertex 175.672 15.725 296
      vertex 242.495 18.9975 506.694
      vertex 242.778 18.9823 506.709
    endloop
  endfacet
  facet normal 0.0551748 0.997931 -0.0329987
    outer loop
      vertex 242.495 18.9975 506.694
      vertex 175.672 15.725 296
      vertex 172.458 15.9027 296
    endloop
  endfacet
  facet normal 0.0246809 0.999424 -0.0233102
    outer loop
      vertex 175.701 15.7243 296
      vertex 242.778 18.9823 506.709
      vertex 245.142 18.9253 506.766
    endloop
  endfacet
  facet normal 0.0247011 0.999423 -0.0233166
    outer loop
      vertex 242.778 18.9823 506.709
      vertex 175.701 15.7243 296
      vertex 175.672 15.725 296
    endloop
  endfacet
  facet normal 0.0481423 0.99838 -0.0303322
    outer loop
      vertex 172.428 15.9032 296
      vertex 239.855 19.0514 506.64
      vertex 240.138 19.0382 506.653
    endloop
  endfacet
  facet normal 0.0481397 0.99838 -0.0303314
    outer loop
      vertex 239.855 19.0514 506.64
      vertex 172.428 15.9032 296
      vertex 169.216 16.0581 296
    endloop
  endfacet
  facet normal 0.0176313 0.999633 -0.0205438
    outer loop
      vertex 172.458 15.9027 296
      vertex 240.138 19.0382 506.653
      vertex 242.495 18.9975 506.694
    endloop
  endfacet
  facet normal 0.0176334 0.999633 -0.0205445
    outer loop
      vertex 240.138 19.0382 506.653
      vertex 172.458 15.9027 296
      vertex 172.428 15.9032 296
    endloop
  endfacet
  facet normal 0.0408648 0.998784 -0.0275624
    outer loop
      vertex 169.187 16.0584 296
      vertex 237.223 19.0866 506.605
      vertex 237.506 19.0753 506.616
    endloop
  endfacet
  facet normal 0.0408656 0.998784 -0.0275627
    outer loop
      vertex 237.223 19.0866 506.605
      vertex 169.187 16.0584 296
      vertex 165.976 16.1898 296
    endloop
  endfacet
  facet normal 0.0103474 0.99979 -0.0176776
    outer loop
      vertex 169.216 16.0581 296
      vertex 237.506 19.0753 506.616
      vertex 239.855 19.0514 506.64
    endloop
  endfacet
  facet normal 0.0103659 0.99979 -0.0176836
    outer loop
      vertex 237.506 19.0753 506.616
      vertex 169.216 16.0581 296
      vertex 169.187 16.0584 296
    endloop
  endfacet
  facet normal 0.0333252 0.99914 -0.0246819
    outer loop
      vertex 165.947 16.1899 296
      vertex 234.601 19.1022 506.589
      vertex 234.883 19.093 506.598
    endloop
  endfacet
  facet normal 0.0333221 0.99914 -0.0246809
    outer loop
      vertex 234.601 19.1022 506.589
      vertex 165.947 16.1899 296
      vertex 162.739 16.2969 296
    endloop
  endfacet
  facet normal 0.00279487 0.999888 -0.0146985
    outer loop
      vertex 165.976 16.1898 296
      vertex 234.883 19.093 506.598
      vertex 237.223 19.0866 506.605
    endloop
  endfacet
  facet normal 0.002789 0.999888 -0.0146966
    outer loop
      vertex 234.883 19.093 506.598
      vertex 165.976 16.1898 296
      vertex 165.947 16.1899 296
    endloop
  endfacet
  facet normal 0.0254523 0.999441 -0.0216653
    outer loop
      vertex 162.71 16.2967 296
      vertex 231.991 19.0975 506.594
      vertex 232.271 19.0905 506.601
    endloop
  endfacet
  facet normal 0.0254527 0.999441 -0.0216654
    outer loop
      vertex 231.991 19.0975 506.594
      vertex 162.71 16.2967 296
      vertex 159.507 16.3783 296
    endloop
  endfacet
  facet normal -0.00508143 0.99992 -0.0115864
    outer loop
      vertex 162.739 16.2969 296
      vertex 232.271 19.0905 506.601
      vertex 234.601 19.1022 506.589
    endloop
  endfacet
  facet normal -0.00513479 0.99992 -0.0115687
    outer loop
      vertex 232.271 19.0905 506.601
      vertex 162.739 16.2969 296
      vertex 162.71 16.2967 296
    endloop
  endfacet
  facet normal 0.0171228 0.999683 -0.018468
    outer loop
      vertex 159.478 16.3779 296
      vertex 229.393 19.0713 506.62
      vertex 229.672 19.0666 506.625
    endloop
  endfacet
  facet normal 0.0171195 0.999683 -0.0184669
    outer loop
      vertex 229.393 19.0713 506.62
      vertex 159.478 16.3779 296
      vertex 156.281 16.4326 296
    endloop
  endfacet
  facet normal -0.0134197 0.999876 -0.00829173
    outer loop
      vertex 159.507 16.3783 296
      vertex 229.672 19.0666 506.625
      vertex 231.991 19.0975 506.594
    endloop
  endfacet
  facet normal -0.0134098 0.999876 -0.00829504
    outer loop
      vertex 229.672 19.0666 506.625
      vertex 159.507 16.3783 296
      vertex 159.478 16.3779 296
    endloop
  endfacet
  facet normal 0.0083215 0.999852 -0.0150821
    outer loop
      vertex 156.252 16.432 296
      vertex 226.808 19.0226 506.669
      vertex 227.085 19.0203 506.671
    endloop
  endfacet
  facet normal 0.00832301 0.999852 -0.0150826
    outer loop
      vertex 226.808 19.0226 506.669
      vertex 156.252 16.432 296
      vertex 153.061 16.4585 296
    endloop
  endfacet
  facet normal -0.0222175 0.999742 -0.00481276
    outer loop
      vertex 156.281 16.4326 296
      vertex 227.085 19.0203 506.671
      vertex 229.393 19.0713 506.62
    endloop
  endfacet
  facet normal -0.0222411 0.999741 -0.00480483
    outer loop
      vertex 227.085 19.0203 506.671
      vertex 156.281 16.4326 296
      vertex 156.252 16.432 296
    endloop
  endfacet
  facet normal -0.000954448 0.999933 -0.0115036
    outer loop
      vertex 153.032 16.4576 296
      vertex 224.237 18.95 506.741
      vertex 224.512 18.9503 506.741
    endloop
  endfacet
  facet normal -0.000955556 0.999933 -0.0115033
    outer loop
      vertex 224.237 18.95 506.741
      vertex 153.032 16.4576 296
      vertex 149.846 16.4546 296
    endloop
  endfacet
  facet normal -0.0314937 0.999503 -0.00114008
    outer loop
      vertex 153.061 16.4585 296
      vertex 224.512 18.9503 506.741
      vertex 226.808 19.0226 506.669
    endloop
  endfacet
  facet normal -0.0314959 0.999503 -0.00113935
    outer loop
      vertex 224.512 18.9503 506.741
      vertex 153.061 16.4585 296
      vertex 153.032 16.4576 296
    endloop
  endfacet
  facet normal -0.0107286 0.999913 -0.00772168
    outer loop
      vertex 149.817 16.4534 296
      vertex 221.683 18.8526 506.839
      vertex 221.955 18.8555 506.836
    endloop
  endfacet
  facet normal -0.0107299 0.999913 -0.00772123
    outer loop
      vertex 221.683 18.8526 506.839
      vertex 149.817 16.4534 296
      vertex 146.64 16.4193 296
    endloop
  endfacet
  facet normal -0.0412615 0.999145 0.00273395
    outer loop
      vertex 149.846 16.4546 296
      vertex 221.955 18.8555 506.836
      vertex 224.237 18.95 506.741
    endloop
  endfacet
  facet normal -0.0412815 0.999144 0.00274082
    outer loop
      vertex 221.955 18.8555 506.836
      vertex 149.846 16.4546 296
      vertex 149.817 16.4534 296
    endloop
  endfacet
  facet normal -0.0212261 0.999768 -0.00365345
    outer loop
      vertex 146.611 16.4178 296
      vertex 219.15 18.7288 506.963
      vertex 219.418 18.7344 506.957
    endloop
  endfacet
  facet normal -0.0212273 0.999768 -0.00365303
    outer loop
      vertex 219.15 18.7288 506.963
      vertex 146.611 16.4178 296
      vertex 143.446 16.3506 296
    endloop
  endfacet
  facet normal -0.0517489 0.998636 0.00689331
    outer loop
      vertex 146.64 16.4193 296
      vertex 219.418 18.7344 506.957
      vertex 221.683 18.8526 506.839
    endloop
  endfacet
  facet normal -0.0517602 0.998636 0.00689721
    outer loop
      vertex 219.418 18.7344 506.957
      vertex 146.64 16.4193 296
      vertex 146.611 16.4178 296
    endloop
  endfacet
  facet normal -0.0328407 0.99946 0.000846561
    outer loop
      vertex 143.418 16.3488 296
      vertex 216.643 18.576 507.115
      vertex 216.906 18.5847 507.107
    endloop
  endfacet
  facet normal -0.0328451 0.99946 0.000848085
    outer loop
      vertex 216.643 18.576 507.115
      vertex 143.418 16.3488 296
      vertex 140.27 16.2453 296
    endloop
  endfacet
  facet normal -0.0633476 0.997925 0.0114826
    outer loop
      vertex 143.446 16.3506 296
      vertex 216.906 18.5847 507.107
      vertex 219.15 18.7288 506.963
    endloop
  endfacet
  facet normal -0.0633289 0.997927 0.0114761
    outer loop
      vertex 216.906 18.5847 507.107
      vertex 143.446 16.3506 296
      vertex 143.418 16.3488 296
    endloop
  endfacet
  facet normal -0.0455811 0.998944 0.00578809
    outer loop
      vertex 140.241 16.2431 296
      vertex 214.163 18.3918 507.299
      vertex 214.421 18.4037 507.288
    endloop
  endfacet
  facet normal -0.0455794 0.998944 0.00578751
    outer loop
      vertex 214.163 18.3918 507.299
      vertex 140.241 16.2431 296
      vertex 137.11 16.1003 296
    endloop
  endfacet
  facet normal -0.0760552 0.996967 0.0165074
    outer loop
      vertex 140.27 16.2453 296
      vertex 214.421 18.4037 507.288
      vertex 216.643 18.576 507.115
    endloop
  endfacet
  facet normal -0.0760612 0.996966 0.0165095
    outer loop
      vertex 214.421 18.4037 507.288
      vertex 140.27 16.2453 296
      vertex 140.241 16.2431 296
    endloop
  endfacet
  facet normal -0.0594311 0.99817 0.0111724
    outer loop
      vertex 137.082 16.0977 296
      vertex 211.711 18.1736 507.518
      vertex 211.964 18.1888 507.502
    endloop
  endfacet
  facet normal -0.0594317 0.99817 0.0111727
    outer loop
      vertex 211.711 18.1736 507.518
      vertex 137.082 16.0977 296
      vertex 133.968 15.9123 296
    endloop
  endfacet
  facet normal -0.0898707 0.995711 0.0219739
    outer loop
      vertex 137.11 16.1003 296
      vertex 211.964 18.1888 507.502
      vertex 214.163 18.3918 507.299
    endloop
  endfacet
  facet normal -0.0898941 0.995709 0.0219822
    outer loop
      vertex 211.964 18.1888 507.502
      vertex 137.11 16.1003 296
      vertex 137.082 16.0977 296
    endloop
  endfacet
  facet normal -0.0744066 0.997083 0.017012
    outer loop
      vertex 133.94 15.9093 296
      vertex 209.29 17.9191 507.772
      vertex 209.537 17.9378 507.754
    endloop
  endfacet
  facet normal -0.0744053 0.997083 0.0170115
    outer loop
      vertex 209.29 17.9191 507.772
      vertex 133.94 15.9093 296
      vertex 130.845 15.6784 296
    endloop
  endfacet
  facet normal -0.104794 0.994103 0.0278891
    outer loop
      vertex 133.968 15.9123 296
      vertex 209.537 17.9378 507.754
      vertex 211.711 18.1736 507.518
    endloop
  endfacet
  facet normal -0.104815 0.9941 0.0278966
    outer loop
      vertex 209.537 17.9378 507.754
      vertex 133.968 15.9123 296
      vertex 133.94 15.9093 296
    endloop
  endfacet
  facet normal -0.0906431 0.995609 0.0233639
    outer loop
      vertex 130.817 15.6749 296
      vertex 206.904 17.6256 508.066
      vertex 207.144 17.648 508.043
    endloop
  endfacet
  facet normal -0.0906428 0.995609 0.0233638
    outer loop
      vertex 206.904 17.6256 508.066
      vertex 130.817 15.6749 296
      vertex 127.743 15.3951 296
    endloop
  endfacet
  facet normal -0.120967 0.992063 0.0343121
    outer loop
      vertex 130.845 15.6784 296
      vertex 207.144 17.648 508.043
      vertex 209.29 17.9191 507.772
    endloop
  endfacet
  facet normal -0.120942 0.992067 0.0343032
    outer loop
      vertex 207.144 17.648 508.043
      vertex 130.845 15.6784 296
      vertex 130.817 15.6749 296
    endloop
  endfacet
  facet normal -0.108194 0.993669 0.0302553
    outer loop
      vertex 127.715 15.3912 296
      vertex 204.558 17.2909 508.4
      vertex 204.789 17.3169 508.374
    endloop
  endfacet
  facet normal -0.108193 0.993669 0.0302549
    outer loop
      vertex 204.558 17.2909 508.4
      vertex 127.715 15.3912 296
      vertex 124.668 15.0595 296
    endloop
  endfacet
  facet normal -0.138433 0.989512 0.0412673
    outer loop
      vertex 127.743 15.3951 296
      vertex 204.789 17.3169 508.374
      vertex 206.904 17.6256 508.066
    endloop
  endfacet
  facet normal -0.13845 0.989509 0.0412734
    outer loop
      vertex 204.789 17.3169 508.374
      vertex 127.743 15.3951 296
      vertex 127.715 15.3912 296
    endloop
  endfacet
  facet normal -0.127478 0.991119 0.0378521
    outer loop
      vertex 124.641 15.0551 296
      vertex 202.258 16.9119 508.779
      vertex 202.481 16.9417 508.75
    endloop
  endfacet
  facet normal -0.127479 0.991119 0.0378527
    outer loop
      vertex 202.258 16.9119 508.779
      vertex 124.641 15.0551 296
      vertex 121.627 14.6674 296
    endloop
  endfacet
  facet normal -0.15761 0.986289 0.0489198
    outer loop
      vertex 124.668 15.0595 296
      vertex 202.481 16.9417 508.75
      vertex 204.558 17.2909 508.4
    endloop
  endfacet
  facet normal -0.157564 0.986297 0.0489027
    outer loop
      vertex 202.481 16.9417 508.75
      vertex 124.668 15.0595 296
      vertex 124.641 15.0551 296
    endloop
  endfacet
  facet normal -0.148733 0.987795 0.0462553
    outer loop
      vertex 121.6 14.6625 296
      vertex 200.013 16.4855 509.206
      vertex 200.225 16.519 509.172
    endloop
  endfacet
  facet normal -0.148731 0.987795 0.0462543
    outer loop
      vertex 200.013 16.4855 509.206
      vertex 121.6 14.6625 296
      vertex 118.626 14.2147 296
    endloop
  endfacet
  facet normal -0.178725 0.982225 0.0573657
    outer loop
      vertex 121.627 14.6674 296
      vertex 200.225 16.519 509.172
      vertex 202.258 16.9119 508.779
    endloop
  endfacet
  facet normal -0.178709 0.982228 0.05736
    outer loop
      vertex 200.225 16.519 509.172
      vertex 121.627 14.6674 296
      vertex 121.6 14.6625 296
    endloop
  endfacet
  facet normal -0.172462 0.983442 0.0556688
    outer loop
      vertex 118.599 14.2092 296
      vertex 197.832 16.0081 509.683
      vertex 198.033 16.0454 509.646
    endloop
  endfacet
  facet normal -0.172463 0.983442 0.0556692
    outer loop
      vertex 197.832 16.0081 509.683
      vertex 118.599 14.2092 296
      vertex 115.675 13.6964 296
    endloop
  endfacet
  facet normal -0.202277 0.977047 0.0668089
    outer loop
      vertex 118.626 14.2147 296
      vertex 198.033 16.0454 509.646
      vertex 200.013 16.4855 509.206
    endloop
  endfacet
  facet normal -0.202247 0.977054 0.0667978
    outer loop
      vertex 198.033 16.0454 509.646
      vertex 118.626 14.2147 296
      vertex 118.599 14.2092 296
    endloop
  endfacet
  facet normal -0.199024 0.977753 0.0662464
    outer loop
      vertex 115.649 13.6903 296
      vertex 195.729 15.4769 510.214
      vertex 195.917 15.518 510.173
    endloop
  endfacet
  facet normal -0.19903 0.977751 0.066249
    outer loop
      vertex 195.729 15.4769 510.214
      vertex 115.649 13.6903 296
      vertex 112.791 13.1086 296
    endloop
  endfacet
  facet normal -0.228614 0.970436 0.0773986
    outer loop
      vertex 115.675 13.6964 296
      vertex 195.917 15.518 510.173
      vertex 197.832 16.0081 509.683
    endloop
  endfacet
  facet normal -0.22859 0.970442 0.0773899
    outer loop
      vertex 195.917 15.518 510.173
      vertex 115.675 13.6964 296
      vertex 115.649 13.6903 296
    endloop
  endfacet
  facet normal -0.229505 0.970143 0.0784277
    outer loop
      vertex 112.766 13.1018 296
      vertex 193.726 14.8894 510.802
      vertex 193.899 14.9339 510.757
    endloop
  endfacet
  facet normal -0.229509 0.970141 0.0784294
    outer loop
      vertex 193.726 14.8894 510.802
      vertex 112.766 13.1018 296
      vertex 109.998 12.4469 296
    endloop
  endfacet
  facet normal -0.258785 0.961774 0.089561
    outer loop
      vertex 112.791 13.1086 296
      vertex 193.899 14.9339 510.757
      vertex 195.729 15.4769 510.214
    endloop
  endfacet
  facet normal -0.258741 0.961787 0.0895442
    outer loop
      vertex 193.899 14.9339 510.757
      vertex 112.791 13.1086 296
      vertex 112.766 13.1018 296
    endloop
  endfacet
  facet normal -0.265092 0.959756 0.0927026
    outer loop
      vertex 109.974 12.4395 296
      vertex 191.849 14.2441 511.447
      vertex 192.005 14.2918 511.4
    endloop
  endfacet
  facet normal -0.265094 0.959756 0.0927032
    outer loop
      vertex 191.849 14.2441 511.447
      vertex 109.974 12.4395 296
      vertex 107.328 11.7087 296
    endloop
  endfacet
  facet normal -0.293954 0.950169 0.103777
    outer loop
      vertex 109.998 12.4469 296
      vertex 192.005 14.2918 511.4
      vertex 193.726 14.8894 510.802
    endloop
  endfacet
  facet normal -0.293932 0.950177 0.103768
    outer loop
      vertex 192.005 14.2918 511.4
      vertex 109.998 12.4469 296
      vertex 109.974 12.4395 296
    endloop
  endfacet
  facet normal -0.307569 0.945169 0.109806
    outer loop
      vertex 107.306 11.7007 296
      vertex 190.151 13.5488 512.143
      vertex 190.286 13.5986 512.093
    endloop
  endfacet
  facet normal -0.307573 0.945167 0.109807
    outer loop
      vertex 190.151 13.5488 512.143
      vertex 107.306 11.7007 296
      vertex 104.85 10.9015 296
    endloop
  endfacet
  facet normal -0.335865 0.934136 0.120768
    outer loop
      vertex 107.328 11.7087 296
      vertex 190.286 13.5986 512.093
      vertex 191.849 14.2441 511.447
    endloop
  endfacet
  facet normal -0.335791 0.934166 0.12074
    outer loop
      vertex 190.286 13.5986 512.093
      vertex 107.328 11.7087 296
      vertex 107.306 11.7007 296
    endloop
  endfacet
  facet normal -0.357522 0.924811 0.130013
    outer loop
      vertex 104.83 10.8931 296
      vertex 188.675 12.8177 512.874
      vertex 188.787 12.8681 512.823
    endloop
  endfacet
  facet normal -0.357484 0.924827 0.129998
    outer loop
      vertex 188.675 12.8177 512.874
      vertex 104.83 10.8931 296
      vertex 102.626 10.0411 296
    endloop
  endfacet
  facet normal -0.384986 0.912125 0.140763
    outer loop
      vertex 104.85 10.9015 296
      vertex 188.787 12.8681 512.823
      vertex 190.151 13.5488 512.143
    endloop
  endfacet
  facet normal -0.385042 0.912098 0.140785
    outer loop
      vertex 188.787 12.8681 512.823
      vertex 104.85 10.9015 296
      vertex 104.83 10.8931 296
    endloop
  endfacet
  facet normal -0.414436 0.897096 0.153168
    outer loop
      vertex 102.609 10.0324 296
      vertex 187.444 12.0678 513.623
      vertex 187.533 12.1172 513.574
    endloop
  endfacet
  facet normal -0.414445 0.897092 0.153171
    outer loop
      vertex 187.444 12.0678 513.623
      vertex 102.609 10.0324 296
      vertex 100.694 9.14765 296
    endloop
  endfacet
  facet normal -0.440896 0.882516 0.163635
    outer loop
      vertex 102.626 10.0411 296
      vertex 187.533 12.1172 513.574
      vertex 188.675 12.8177 512.874
    endloop
  endfacet
  facet normal -0.440761 0.882593 0.163582
    outer loop
      vertex 187.533 12.1172 513.574
      vertex 102.626 10.0411 296
      vertex 102.609 10.0324 296
    endloop
  endfacet
  facet normal -0.476212 0.861032 0.178453
    outer loop
      vertex 100.68 9.13962 296
      vertex 186.527 11.3715 514.32
      vertex 186.59 11.4154 514.276
    endloop
  endfacet
  facet normal -0.476176 0.861055 0.178439
    outer loop
      vertex 186.527 11.3715 514.32
      vertex 100.68 9.13962 296
      vertex 99.1783 8.30918 296
    endloop
  endfacet
  facet normal -0.50129 0.844498 0.188496
    outer loop
      vertex 100.694 9.14765 296
      vertex 186.59 11.4154 514.276
      vertex 187.444 12.0678 513.623
    endloop
  endfacet
  facet normal -0.501298 0.844493 0.188499
    outer loop
      vertex 186.59 11.4154 514.276
      vertex 100.694 9.14765 296
      vertex 100.68 9.13962 296
    endloop
  endfacet
  facet normal -0.54214 0.814743 0.205616
    outer loop
      vertex 99.1684 8.30215 296
      vertex 185.898 10.7621 514.929
      vertex 185.939 10.7989 514.892
    endloop
  endfacet
  facet normal -0.542095 0.814778 0.205597
    outer loop
      vertex 185.898 10.7621 514.929
      vertex 99.1684 8.30215 296
      vertex 98.0656 7.56843 296
    endloop
  endfacet
  facet normal -0.565477 0.796227 0.215077
    outer loop
      vertex 99.1684 8.30215 296
      vertex 186.527 11.3715 514.32
      vertex 99.1783 8.30918 296
    endloop
  endfacet
  facet normal -0.565528 0.796186 0.215098
    outer loop
      vertex 186.527 11.3715 514.32
      vertex 99.1684 8.30215 296
      vertex 185.939 10.7989 514.892
    endloop
  endfacet
  facet normal -0.609229 0.757847 0.23347
    outer loop
      vertex 97.2227 6.89039 296
      vertex 185.489 10.2409 515.45
      vertex 98.0582 7.56205 296
    endloop
  endfacet
  facet normal -0.609202 0.757872 0.233459
    outer loop
      vertex 185.489 10.2409 515.45
      vertex 97.2227 6.89039 296
      vertex 185.461 10.2088 515.482
    endloop
  endfacet
  facet normal -0.63041 0.737526 0.242155
    outer loop
      vertex 98.0582 7.56205 296
      vertex 185.898 10.7621 514.929
      vertex 98.0656 7.56843 296
    endloop
  endfacet
  facet normal -0.630686 0.737252 0.24227
    outer loop
      vertex 185.898 10.7621 514.929
      vertex 98.0582 7.56205 296
      vertex 185.489 10.2409 515.45
    endloop
  endfacet
  facet normal -0.665863 0.70034 0.257196
    outer loop
      vertex 96.5811 6.28007 296
      vertex 185.18 9.74152 515.95
      vertex 97.217 6.88467 296
    endloop
  endfacet
  facet normal -0.665862 0.700341 0.257196
    outer loop
      vertex 185.18 9.74152 515.95
      vertex 96.5811 6.28007 296
      vertex 185.161 9.71394 515.977
    endloop
  endfacet
  facet normal -0.685418 0.678097 0.265306
    outer loop
      vertex 97.217 6.88467 296
      vertex 185.461 10.2088 515.482
      vertex 97.2227 6.89039 296
    endloop
  endfacet
  facet normal -0.685394 0.678125 0.265296
    outer loop
      vertex 185.461 10.2088 515.482
      vertex 97.217 6.88467 296
      vertex 185.18 9.74152 515.95
    endloop
  endfacet
  facet normal -0.709047 0.649136 0.275454
    outer loop
      vertex 96.1115 5.76689 296
      vertex 184.976 9.32203 516.369
      vertex 96.577 6.27529 296
    endloop
  endfacet
  facet normal -0.709095 0.649075 0.275474
    outer loop
      vertex 184.976 9.32203 516.369
      vertex 96.1115 5.76689 296
      vertex 184.965 9.29975 516.392
    endloop
  endfacet
  facet normal -0.726882 0.625773 0.282931
    outer loop
      vertex 96.577 6.27529 296
      vertex 185.161 9.71394 515.977
      vertex 96.5811 6.28007 296
    endloop
  endfacet
  facet normal -0.726887 0.625766 0.282934
    outer loop
      vertex 185.161 9.71394 515.977
      vertex 96.577 6.27529 296
      vertex 184.976 9.32203 516.369
    endloop
  endfacet
  facet normal -0.760334 0.577481 0.297334
    outer loop
      vertex 95.781 5.33147 296
      vertex 184.858 8.96836 516.723
      vertex 96.1087 5.76285 296
    endloop
  endfacet
  facet normal -0.760426 0.57734 0.297373
    outer loop
      vertex 184.858 8.96836 516.723
      vertex 95.781 5.33147 296
      vertex 184.852 8.95012 516.741
    endloop
  endfacet
  facet normal -0.776196 0.55232 0.304078
    outer loop
      vertex 96.1087 5.76285 296
      vertex 184.965 9.29975 516.392
      vertex 96.1115 5.76689 296
    endloop
  endfacet
  facet normal -0.775897 0.55281 0.303949
    outer loop
      vertex 184.965 9.29975 516.392
      vertex 96.1087 5.76285 296
      vertex 184.858 8.96836 516.723
    endloop
  endfacet
  facet normal -0.828842 0.45394 0.327047
    outer loop
      vertex 95.5627 4.9326 296
      vertex 184.817 8.64813 517.043
      vertex 95.7792 5.32779 296
    endloop
  endfacet
  facet normal -0.828845 0.453934 0.327048
    outer loop
      vertex 184.817 8.64813 517.043
      vertex 95.5627 4.9326 296
      vertex 184.815 8.63196 517.059
    endloop
  endfacet
  facet normal -0.840262 0.428625 0.332025
    outer loop
      vertex 95.7792 5.32779 296
      vertex 184.852 8.95012 516.741
      vertex 95.781 5.33147 296
    endloop
  endfacet
  facet normal -0.840716 0.427578 0.332226
    outer loop
      vertex 184.852 8.95012 516.741
      vertex 95.7792 5.32779 296
      vertex 184.817 8.64813 517.043
    endloop
  endfacet
  facet normal -0.887574 0.295439 0.353452
    outer loop
      vertex 95.4338 4.54494 296
      vertex 184.844 8.34003 517.351
      vertex 95.5617 4.92905 296
    endloop
  endfacet
  facet normal -0.887584 0.295402 0.353456
    outer loop
      vertex 184.844 8.34003 517.351
      vertex 95.4338 4.54494 296
      vertex 184.845 8.32483 517.366
    endloop
  endfacet
  facet normal -0.895109 0.267175 0.356927
    outer loop
      vertex 95.5617 4.92905 296
      vertex 184.815 8.63196 517.059
      vertex 95.5627 4.9326 296
    endloop
  endfacet
  facet normal -0.894954 0.267791 0.356854
    outer loop
      vertex 184.815 8.63196 517.059
      vertex 95.5617 4.92905 296
      vertex 184.844 8.34003 517.351
    endloop
  endfacet
  facet normal -0.921413 0.118161 0.370183
    outer loop
      vertex 95.3855 4.16717 296
      vertex 184.931 8.0418 517.649
      vertex 95.4335 4.5415 296
    endloop
  endfacet
  facet normal -0.921396 0.118323 0.370173
    outer loop
      vertex 184.931 8.0418 517.649
      vertex 95.3855 4.16717 296
      vertex 184.935 8.02747 517.664
    endloop
  endfacet
  facet normal -0.923982 0.0901321 0.371663
    outer loop
      vertex 95.4335 4.5415 296
      vertex 184.845 8.32483 517.366
      vertex 95.4338 4.54494 296
    endloop
  endfacet
  facet normal -0.923996 0.0899579 0.371671
    outer loop
      vertex 184.845 8.32483 517.366
      vertex 95.4335 4.5415 296
      vertex 184.931 8.0418 517.649
    endloop
  endfacet
  facet normal -0.922061 -0.0986722 0.374255
    outer loop
      vertex 95.423 3.81766 296
      vertex 185.077 7.76725 517.924
      vertex 95.3859 4.16401 296
    endloop
  endfacet
  facet normal -0.921967 -0.099628 0.374234
    outer loop
      vertex 185.077 7.76725 517.924
      vertex 95.423 3.81766 296
      vertex 185.083 7.75439 517.937
    endloop
  endfacet
  facet normal -0.918989 -0.126432 0.373463
    outer loop
      vertex 95.3859 4.16401 296
      vertex 184.935 8.02747 517.664
      vertex 95.3855 4.16717 296
    endloop
  endfacet
  facet normal -0.91894 -0.126821 0.37345
    outer loop
      vertex 184.935 8.02747 517.664
      vertex 95.3859 4.16401 296
      vertex 185.077 7.76725 517.924
    endloop
  endfacet
  facet normal -0.851631 -0.389269 0.350989
    outer loop
      vertex 95.5641 3.5092 296
      vertex 185.29 7.527 518.164
      vertex 95.4243 3.8149 296
    endloop
  endfacet
  facet normal -0.85195 -0.388468 0.351103
    outer loop
      vertex 185.29 7.527 518.164
      vertex 95.5641 3.5092 296
      vertex 185.299 7.51597 518.175
    endloop
  endfacet
  facet normal -0.84061 -0.415912 0.346976
    outer loop
      vertex 95.4243 3.8149 296
      vertex 185.083 7.75439 517.937
      vertex 95.423 3.81766 296
    endloop
  endfacet
  facet normal -0.84069 -0.415725 0.347005
    outer loop
      vertex 185.083 7.75439 517.937
      vertex 95.4243 3.8149 296
      vertex 185.29 7.527 518.164
    endloop
  endfacet
  facet normal -0.69154 -0.661012 0.291267
    outer loop
      vertex 95.8258 3.23553 296
      vertex 185.585 7.31719 518.374
      vertex 95.5665 3.50679 296
    endloop
  endfacet
  facet normal -0.692177 -0.660237 0.29151
    outer loop
      vertex 185.585 7.31719 518.374
      vertex 95.8258 3.23553 296
      vertex 185.598 7.30765 518.384
    endloop
  endfacet
  facet normal -0.672711 -0.68322 0.284025
    outer loop
      vertex 95.5665 3.50679 296
      vertex 185.299 7.51597 518.175
      vertex 95.5641 3.5092 296
    endloop
  endfacet
  facet normal -0.672536 -0.68342 0.283958
    outer loop
      vertex 185.299 7.51597 518.175
      vertex 95.5665 3.50679 296
      vertex 185.585 7.31719 518.374
    endloop
  endfacet
  facet normal -0.534892 -0.81277 0.230858
    outer loop
      vertex 96.226 2.97229 296
      vertex 185.985 7.1197 518.572
      vertex 95.8295 3.23325 296
    endloop
  endfacet
  facet normal -0.535232 -0.812508 0.230991
    outer loop
      vertex 185.985 7.1197 518.572
      vertex 96.226 2.97229 296
      vertex 186.003 7.11074 518.581
    endloop
  endfacet
  facet normal -0.510615 -0.830831 0.22134
    outer loop
      vertex 95.8295 3.23325 296
      vertex 185.598 7.30765 518.384
      vertex 95.8258 3.23553 296
    endloop
  endfacet
  facet normal -0.510939 -0.830598 0.221467
    outer loop
      vertex 185.598 7.30765 518.384
      vertex 95.8295 3.23325 296
      vertex 185.985 7.1197 518.572
    endloop
  endfacet
  facet normal -0.44672 -0.872834 0.196475
    outer loop
      vertex 96.7892 2.68423 296
      vertex 186.521 6.90777 518.784
      vertex 96.2312 2.96983 296
    endloop
  endfacet
  facet normal -0.447058 -0.872631 0.196608
    outer loop
      vertex 186.521 6.90777 518.784
      vertex 96.7892 2.68423 296
      vertex 186.544 6.89823 518.793
    endloop
  endfacet
  facet normal -0.420817 -0.887821 0.186242
    outer loop
      vertex 96.2312 2.96983 296
      vertex 186.003 7.11074 518.581
      vertex 96.226 2.97229 296
    endloop
  endfacet
  facet normal -0.420702 -0.887885 0.186197
    outer loop
      vertex 186.003 7.11074 518.581
      vertex 96.2312 2.96983 296
      vertex 186.521 6.90777 518.784
    endloop
  endfacet
  facet normal -0.396834 -0.900665 0.176989
    outer loop
      vertex 97.5467 2.35076 296
      vertex 187.224 6.66547 519.026
      vertex 96.7962 2.68141 296
    endloop
  endfacet
  facet normal -0.397059 -0.900549 0.177077
    outer loop
      vertex 187.224 6.66547 519.026
      vertex 97.5467 2.35076 296
      vertex 187.253 6.65477 519.037
    endloop
  endfacet
  facet normal -0.369795 -0.914116 0.166266
    outer loop
      vertex 96.7962 2.68141 296
      vertex 186.544 6.89823 518.793
      vertex 96.7892 2.68423 296
    endloop
  endfacet
  facet normal -0.369839 -0.914095 0.166283
    outer loop
      vertex 186.544 6.89823 518.793
      vertex 96.7962 2.68141 296
      vertex 187.224 6.66547 519.026
    endloop
  endfacet
  facet normal -0.338404 -0.928293 0.154126
    outer loop
      vertex 98.5131 1.99877 296
      vertex 188.097 6.41269 519.279
      vertex 97.5555 2.34783 296
    endloop
  endfacet
  facet normal -0.338454 -0.928272 0.154146
    outer loop
      vertex 188.097 6.41269 519.279
      vertex 98.5131 1.99877 296
      vertex 188.132 6.40177 519.29
    endloop
  endfacet
  facet normal -0.310437 -0.939777 0.142994
    outer loop
      vertex 97.5555 2.34783 296
      vertex 187.253 6.65477 519.037
      vertex 97.5467 2.35076 296
    endloop
  endfacet
  facet normal -0.31042 -0.939784 0.142988
    outer loop
      vertex 187.253 6.65477 519.037
      vertex 97.5555 2.34783 296
      vertex 188.097 6.41269 519.279
    endloop
  endfacet
  facet normal -0.282443 -0.950127 0.132227
    outer loop
      vertex 99.7396 1.63452 296
      vertex 189.178 6.15623 519.535
      vertex 98.5243 1.9958 296
    endloop
  endfacet
  facet normal -0.282359 -0.950157 0.132194
    outer loop
      vertex 189.178 6.15623 519.535
      vertex 99.7396 1.63452 296
      vertex 189.22 6.14533 519.546
    endloop
  endfacet
  facet normal -0.253664 -0.959728 0.120735
    outer loop
      vertex 98.5243 1.9958 296
      vertex 188.132 6.40177 519.29
      vertex 98.5131 1.99877 296
    endloop
  endfacet
  facet normal -0.253667 -0.959727 0.120736
    outer loop
      vertex 188.132 6.40177 519.29
      vertex 98.5243 1.9958 296
      vertex 189.178 6.15623 519.535
    endloop
  endfacet
  facet normal -0.231696 -0.96627 0.112421
    outer loop
      vertex 101.453 1.22415 296
      vertex 190.65 5.87603 519.815
      vertex 99.7553 1.63127 296
    endloop
  endfacet
  facet normal -0.231796 -0.966242 0.112461
    outer loop
      vertex 190.65 5.87603 519.815
      vertex 101.453 1.22415 296
      vertex 190.705 5.86423 519.827
    endloop
  endfacet
  facet normal -0.202312 -0.974136 0.100637
    outer loop
      vertex 99.7553 1.63127 296
      vertex 189.22 6.14533 519.546
      vertex 99.7396 1.63452 296
    endloop
  endfacet
  facet normal -0.202335 -0.974131 0.100646
    outer loop
      vertex 189.22 6.14533 519.546
      vertex 99.7553 1.63127 296
      vertex 190.65 5.87603 519.815
    endloop
  endfacet
  facet normal -0.186611 -0.977837 0.0949282
    outer loop
      vertex 103.792 0.778394 296
      vertex 192.623 5.58237 520.109
      vertex 101.475 1.22075 296
    endloop
  endfacet
  facet normal -0.186618 -0.977835 0.094931
    outer loop
      vertex 192.623 5.58237 520.109
      vertex 103.792 0.778394 296
      vertex 192.694 5.57011 520.121
    endloop
  endfacet
  facet normal -0.156789 -0.984145 0.0829222
    outer loop
      vertex 101.475 1.22075 296
      vertex 190.705 5.86423 519.827
      vertex 101.453 1.22415 296
    endloop
  endfacet
  facet normal -0.15683 -0.984137 0.0829387
    outer loop
      vertex 190.705 5.86423 519.827
      vertex 101.475 1.22075 296
      vertex 192.623 5.58237 520.109
    endloop
  endfacet
  facet normal -0.145582 -0.986179 0.079103
    outer loop
      vertex 106.397 0.394639 296
      vertex 194.794 5.34079 520.351
      vertex 103.816 0.775627 296
    endloop
  endfacet
  facet normal -0.145559 -0.986183 0.0790941
    outer loop
      vertex 194.794 5.34079 520.351
      vertex 106.397 0.394639 296
      vertex 194.869 5.33063 520.361
    endloop
  endfacet
  facet normal -0.115523 -0.991042 0.0670124
    outer loop
      vertex 103.816 0.775627 296
      vertex 192.694 5.57011 520.121
      vertex 103.792 0.778394 296
    endloop
  endfacet
  facet normal -0.1155 -0.991045 0.0670034
    outer loop
      vertex 192.694 5.57011 520.121
      vertex 103.816 0.775627 296
      vertex 194.794 5.34079 520.351
    endloop
  endfacet
  facet normal -0.110349 -0.991724 0.0656214
    outer loop
      vertex 109.186 0.0851424 296
      vertex 197.086 5.16132 520.53
      vertex 106.422 0.392597 296
    endloop
  endfacet
  facet normal -0.110374 -0.991721 0.0656309
    outer loop
      vertex 197.086 5.16132 520.53
      vertex 109.186 0.0851424 296
      vertex 197.163 5.15336 520.538
    endloop
  endfacet
  facet normal -0.0800636 -0.995355 0.0534693
    outer loop
      vertex 106.422 0.392597 296
      vertex 194.869 5.33063 520.361
      vertex 106.397 0.394639 296
    endloop
  endfacet
  facet normal -0.0800704 -0.995354 0.053472
    outer loop
      vertex 194.869 5.33063 520.361
      vertex 106.422 0.392597 296
      vertex 197.086 5.16132 520.53
    endloop
  endfacet
  facet normal -0.0792093 -0.995405 0.0538077
    outer loop
      vertex 112.125 -0.147957 296
      vertex 199.472 5.04497 520.646
      vertex 109.212 0.0838348 296
    endloop
  endfacet
  facet normal -0.0791921 -0.995406 0.0538011
    outer loop
      vertex 199.472 5.04497 520.646
      vertex 112.125 -0.147957 296
      vertex 199.549 5.03909 520.652
    endloop
  endfacet
  facet normal -0.0487982 -0.99794 0.0416451
    outer loop
      vertex 109.212 0.0838348 296
      vertex 197.163 5.15336 520.538
      vertex 109.186 0.0851424 296
    endloop
  endfacet
  facet normal -0.0488026 -0.99794 0.0416468
    outer loop
      vertex 197.163 5.15336 520.538
      vertex 109.212 0.0838348 296
      vertex 199.472 5.04497 520.646
    endloop
  endfacet
  facet normal -0.0527677 -0.997642 0.0438809
    outer loop
      vertex 115.136 -0.306346 296
      vertex 201.889 4.98851 520.703
      vertex 112.153 -0.148568 296
    endloop
  endfacet
  facet normal -0.0527338 -0.997645 0.0438678
    outer loop
      vertex 201.889 4.98851 520.703
      vertex 115.136 -0.306346 296
      vertex 201.967 4.98455 520.707
    endloop
  endfacet
  facet normal -0.0222816 -0.999248 0.0317428
    outer loop
      vertex 112.153 -0.148568 296
      vertex 199.549 5.03909 520.652
      vertex 112.125 -0.147957 296
    endloop
  endfacet
  facet normal -0.0222872 -0.999247 0.031745
    outer loop
      vertex 199.549 5.03909 520.652
      vertex 112.153 -0.148568 296
      vertex 201.889 4.98851 520.703
    endloop
  endfacet
  facet normal -0.0311363 -0.998871 0.0358685
    outer loop
      vertex 118.208 -0.401262 296
      vertex 204.334 4.98312 520.708
      vertex 115.163 -0.306363 296
    endloop
  endfacet
  facet normal -0.0311381 -0.998871 0.0358692
    outer loop
      vertex 204.334 4.98312 520.708
      vertex 118.208 -0.401262 296
      vertex 204.413 4.98074 520.711
    endloop
  endfacet
  facet normal -0.000618288 -0.999717 0.023778
    outer loop
      vertex 115.163 -0.306363 296
      vertex 201.967 4.98455 520.707
      vertex 115.136 -0.306346 296
    endloop
  endfacet
  facet normal -0.000618407 -0.999717 0.0237781
    outer loop
      vertex 201.967 4.98455 520.707
      vertex 115.163 -0.306363 296
      vertex 204.334 4.98312 520.708
    endloop
  endfacet
  facet normal -0.0138254 -0.999467 0.0295654
    outer loop
      vertex 121.338 -0.443699 296
      vertex 206.807 5.02006 520.671
      vertex 118.236 -0.400787 296
    endloop
  endfacet
  facet normal -0.0138074 -0.999468 0.0295585
    outer loop
      vertex 206.807 5.02006 520.671
      vertex 121.338 -0.443699 296
      vertex 206.888 5.01898 520.672
    endloop
  endfacet
  facet normal 0.0167076 -0.999707 0.0175343
    outer loop
      vertex 118.236 -0.400787 296
      vertex 204.413 4.98074 520.711
      vertex 118.208 -0.401262 296
    endloop
  endfacet
  facet normal 0.016708 -0.999707 0.0175341
    outer loop
      vertex 204.413 4.98074 520.711
      vertex 118.236 -0.400787 296
      vertex 206.807 5.02006 520.671
    endloop
  endfacet
  facet normal 0.000496562 -0.999701 0.0244448
    outer loop
      vertex 124.504 -0.441249 296
      vertex 209.294 5.09278 520.599
      vertex 121.367 -0.442807 296
    endloop
  endfacet
  facet normal 0.000481786 -0.999701 0.0244504
    outer loop
      vertex 209.294 5.09278 520.599
      vertex 124.504 -0.441249 296
      vertex 209.376 5.09282 520.599
    endloop
  endfacet
  facet normal 0.0310365 -0.99944 0.0124825
    outer loop
      vertex 121.367 -0.442807 296
      vertex 206.888 5.01898 520.672
      vertex 121.338 -0.443699 296
    endloop
  endfacet
  facet normal 0.0310325 -0.99944 0.012484
    outer loop
      vertex 206.888 5.01898 520.672
      vertex 121.367 -0.442807 296
      vertex 209.294 5.09278 520.599
    endloop
  endfacet
  facet normal 0.0127176 -0.999716 0.0201568
    outer loop
      vertex 127.695 -0.39978 296
      vertex 211.789 5.19639 520.495
      vertex 124.533 -0.439996 296
    endloop
  endfacet
  facet normal 0.0127154 -0.999716 0.0201577
    outer loop
      vertex 211.789 5.19639 520.495
      vertex 127.695 -0.39978 296
      vertex 211.872 5.19743 520.494
    endloop
  endfacet
  facet normal 0.0432471 -0.99903 0.00827359
    outer loop
      vertex 124.533 -0.439996 296
      vertex 209.376 5.09282 520.599
      vertex 124.504 -0.441249 296
    endloop
  endfacet
  facet normal 0.0432489 -0.99903 0.00827289
    outer loop
      vertex 209.376 5.09282 520.599
      vertex 124.533 -0.439996 296
      vertex 211.789 5.19639 520.495
    endloop
  endfacet
  facet normal 0.0229118 -0.999599 0.016664
    outer loop
      vertex 130.911 -0.32516 296
      vertex 214.293 5.32635 520.365
      vertex 127.724 -0.398219 296
    endloop
  endfacet
  facet normal 0.0229036 -0.999599 0.016667
    outer loop
      vertex 214.293 5.32635 520.365
      vertex 130.911 -0.32516 296
      vertex 214.379 5.32829 520.363
    endloop
  endfacet
  facet normal 0.0534354 -0.998559 0.00486019
    outer loop
      vertex 127.724 -0.398219 296
      vertex 211.872 5.19743 520.494
      vertex 127.695 -0.39978 296
    endloop
  endfacet
  facet normal 0.0534339 -0.99856 0.00486074
    outer loop
      vertex 211.872 5.19743 520.494
      vertex 127.724 -0.398219 296
      vertex 214.293 5.32635 520.365
    endloop
  endfacet
  facet normal 0.0311626 -0.999417 0.013925
    outer loop
      vertex 134.151 -0.223246 296
      vertex 216.808 5.47806 520.213
      vertex 130.941 -0.323345 296
    endloop
  endfacet
  facet normal 0.0311684 -0.999417 0.0139228
    outer loop
      vertex 216.808 5.47806 520.213
      vertex 134.151 -0.223246 296
      vertex 216.897 5.48078 520.211
    endloop
  endfacet
  facet normal 0.061666 -0.998094 0.00220867
    outer loop
      vertex 130.941 -0.323345 296
      vertex 214.379 5.32829 520.363
      vertex 130.911 -0.32516 296
    endloop
  endfacet
  facet normal 0.0616749 -0.998094 0.00220532
    outer loop
      vertex 214.379 5.32829 520.363
      vertex 130.941 -0.323345 296
      vertex 216.808 5.47806 520.213
    endloop
  endfacet
  facet normal -0.0786428 0.996885 -0.00599403
    outer loop
      vertex 197.421 4.74366 296.6
      vertex 197.321 4.90363 324.516
      vertex 197.421 4.9128 324.729
    endloop
  endfacet
  facet normal -0.0786421 0.996885 -0.00599403
    outer loop
      vertex 197.321 4.90363 324.516
      vertex 197.421 4.74366 296.6
      vertex 197.321 4.73577 296.6
    endloop
  endfacet
  facet normal -0.109046 0.994001 0.00841071
    outer loop
      vertex 197.421 4.9128 324.729
      vertex 197.321 4.83607 332.5
      vertex 197.421 4.84704 332.5
    endloop
  endfacet
  facet normal -0.109047 0.994001 0.00841069
    outer loop
      vertex 197.321 4.83607 332.5
      vertex 197.421 4.9128 324.729
      vertex 197.321 4.90363 324.516
    endloop
  endfacet
  facet normal -0.098007 -0.993946 0.0496493
    outer loop
      vertex 197.421 13.3489 296.6
      vertex 197.321 13.6799 303.029
      vertex 197.321 13.3588 296.6
    endloop
  endfacet
  facet normal -0.0980084 -0.993946 0.0496493
    outer loop
      vertex 197.321 13.6799 303.029
      vertex 197.421 13.3489 296.6
      vertex 197.421 13.6861 303.35
    endloop
  endfacet
  facet normal -0.0931339 -0.994505 0.0478012
    outer loop
      vertex 197.321 14.1703 313.299
      vertex 197.421 13.7004 303.718
      vertex 197.421 14.1762 313.617
    endloop
  endfacet
  facet normal -0.0931239 -0.994506 0.0478013
    outer loop
      vertex 197.421 13.7004 303.718
      vertex 197.321 14.1703 313.299
      vertex 197.321 13.6938 303.386
    endloop
  endfacet
  facet normal -0.0627448 -0.997278 0.038714
    outer loop
      vertex 197.321 13.6938 303.386
      vertex 197.421 13.6861 303.35
      vertex 197.421 13.7004 303.718
    endloop
  endfacet
  facet normal -0.0627455 -0.997278 0.038712
    outer loop
      vertex 197.421 13.6861 303.35
      vertex 197.321 13.6938 303.386
      vertex 197.321 13.6799 303.029
    endloop
  endfacet
  facet normal -0.0876686 -0.995098 0.0457541
    outer loop
      vertex 197.321 14.6262 323.361
      vertex 197.421 14.2032 314.353
      vertex 197.421 14.6318 323.676
    endloop
  endfacet
  facet normal -0.087659 -0.995099 0.0457543
    outer loop
      vertex 197.421 14.2032 314.353
      vertex 197.321 14.6262 323.361
      vertex 197.321 14.1968 314.024
    endloop
  endfacet
  facet normal -0.0572555 -0.99769 0.0365643
    outer loop
      vertex 197.321 14.1968 314.024
      vertex 197.421 14.1762 313.617
      vertex 197.421 14.2032 314.353
    endloop
  endfacet
  facet normal -0.0572601 -0.99769 0.0365631
    outer loop
      vertex 197.421 14.1762 313.617
      vertex 197.321 14.1968 314.024
      vertex 197.321 14.1703 313.299
    endloop
  endfacet
  facet normal -0.081678 -0.995708 0.0435264
    outer loop
      vertex 197.321 15.0155 332.5
      vertex 197.421 14.6691 324.764
      vertex 197.421 15.0073 332.5
    endloop
  endfacet
  facet normal -0.0816716 -0.995708 0.0435265
    outer loop
      vertex 197.421 14.6691 324.764
      vertex 197.321 15.0155 332.5
      vertex 197.321 14.6631 324.438
    endloop
  endfacet
  facet normal -0.051247 -0.998099 0.0342346
    outer loop
      vertex 197.321 14.6631 324.438
      vertex 197.421 14.6318 323.676
      vertex 197.421 14.6691 324.764
    endloop
  endfacet
  facet normal -0.0512537 -0.998099 0.0342337
    outer loop
      vertex 197.421 14.6318 323.676
      vertex 197.321 14.6631 324.438
      vertex 197.321 14.6262 323.361
    endloop
  endfacet
  facet normal 0.0906476 -0.995623 -0.0227618
    outer loop
      vertex 128.31 14.7719 296.6
      vertex 128.21 14.7519 297.075
      vertex 128.21 14.7628 296.6
    endloop
  endfacet
  facet normal 0.0906464 -0.995623 -0.0227621
    outer loop
      vertex 128.21 14.7519 297.075
      vertex 128.31 14.7719 296.6
      vertex 128.31 14.7549 297.343
    endloop
  endfacet
  facet normal 0.1082 -0.993687 -0.0296541
    outer loop
      vertex 128.21 14.508 305.21
      vertex 128.31 14.7502 297.457
      vertex 128.31 14.5109 305.476
    endloop
  endfacet
  facet normal 0.108207 -0.993686 -0.029654
    outer loop
      vertex 128.31 14.7502 297.457
      vertex 128.21 14.508 305.21
      vertex 128.21 14.7476 297.182
    endloop
  endfacet
  facet normal 0.13845 -0.989534 -0.0406703
    outer loop
      vertex 128.21 14.7476 297.182
      vertex 128.31 14.7549 297.343
      vertex 128.31 14.7502 297.457
    endloop
  endfacet
  facet normal 0.138461 -0.989532 -0.0406773
    outer loop
      vertex 128.31 14.7549 297.343
      vertex 128.21 14.7476 297.182
      vertex 128.21 14.7519 297.075
    endloop
  endfacet
  facet normal 0.127496 -0.991139 -0.0372531
    outer loop
      vertex 128.21 14.2065 313.131
      vertex 128.31 14.4943 305.815
      vertex 128.31 14.2094 313.395
    endloop
  endfacet
  facet normal 0.1275 -0.991139 -0.0372531
    outer loop
      vertex 128.31 14.4943 305.815
      vertex 128.21 14.2065 313.131
      vertex 128.21 14.4917 305.542
    endloop
  endfacet
  facet normal 0.157638 -0.986314 -0.0483256
    outer loop
      vertex 128.21 14.4917 305.542
      vertex 128.31 14.5109 305.476
      vertex 128.31 14.4943 305.815
    endloop
  endfacet
  facet normal 0.157636 -0.986314 -0.0483285
    outer loop
      vertex 128.31 14.5109 305.476
      vertex 128.21 14.4917 305.542
      vertex 128.21 14.508 305.21
    endloop
  endfacet
  facet normal 0.148735 -0.987823 -0.0456527
    outer loop
      vertex 128.21 13.8443 320.832
      vertex 128.31 14.1778 313.943
      vertex 128.31 13.8472 321.094
    endloop
  endfacet
  facet normal 0.148737 -0.987822 -0.0456527
    outer loop
      vertex 128.31 14.1778 313.943
      vertex 128.21 13.8443 320.832
      vertex 128.21 14.1752 313.671
    endloop
  endfacet
  facet normal 0.178734 -0.982258 -0.056769
    outer loop
      vertex 128.21 14.1752 313.671
      vertex 128.31 14.2094 313.395
      vertex 128.31 14.1778 313.943
    endloop
  endfacet
  facet normal 0.178737 -0.982258 -0.0567681
    outer loop
      vertex 128.31 14.2094 313.395
      vertex 128.21 14.1752 313.671
      vertex 128.21 14.2065 313.131
    endloop
  endfacet
  facet normal 0.172494 -0.98347 -0.0550695
    outer loop
      vertex 128.21 13.4183 328.287
      vertex 128.31 13.7973 321.832
      vertex 128.31 13.4213 328.547
    endloop
  endfacet
  facet normal 0.172469 -0.983474 -0.0550702
    outer loop
      vertex 128.31 13.7973 321.832
      vertex 128.21 13.4183 328.287
      vertex 128.21 13.7948 321.563
    endloop
  endfacet
  facet normal 0.202284 -0.977086 -0.0662152
    outer loop
      vertex 128.21 13.7948 321.563
      vertex 128.31 13.8472 321.094
      vertex 128.31 13.7973 321.832
    endloop
  endfacet
  facet normal 0.202288 -0.977085 -0.0662144
    outer loop
      vertex 128.31 13.8472 321.094
      vertex 128.21 13.7948 321.563
      vertex 128.21 13.8443 320.832
    endloop
  endfacet
  facet normal 0.199058 -0.977786 -0.0656512
    outer loop
      vertex 128.21 13.1246 332.5
      vertex 128.31 13.3496 329.452
      vertex 128.31 13.145 332.5
    endloop
  endfacet
  facet normal 0.199066 -0.977785 -0.0656508
    outer loop
      vertex 128.31 13.3496 329.452
      vertex 128.21 13.1246 332.5
      vertex 128.21 13.3471 329.185
    endloop
  endfacet
  facet normal 0.228653 -0.970473 -0.076806
    outer loop
      vertex 128.21 13.3471 329.185
      vertex 128.31 13.4213 328.547
      vertex 128.31 13.3496 329.452
    endloop
  endfacet
  facet normal 0.228656 -0.970473 -0.0768056
    outer loop
      vertex 128.31 13.4213 328.547
      vertex 128.21 13.3471 329.185
      vertex 128.21 13.4183 328.287
    endloop
  endfacet
  facet normal 0.0527735 0.997668 -0.0432807
    outer loop
      vertex 128.31 1.13243 330.03
      vertex 128.21 1.24486 332.5
      vertex 128.31 1.23957 332.5
    endloop
  endfacet
  facet normal 0.0527757 0.997668 -0.0432806
    outer loop
      vertex 128.21 1.24486 332.5
      vertex 128.31 1.13243 330.03
      vertex 128.21 1.12649 329.771
    endloop
  endfacet
  facet normal 0.0311401 0.998893 -0.0352693
    outer loop
      vertex 128.31 0.871134 322.301
      vertex 128.21 1.10441 328.819
      vertex 128.31 1.1102 329.071
    endloop
  endfacet
  facet normal 0.0311499 0.998892 -0.0352692
    outer loop
      vertex 128.21 1.10441 328.819
      vertex 128.31 0.871134 322.301
      vertex 128.21 0.865046 322.04
    endloop
  endfacet
  facet normal 0.000621777 0.999731 -0.0231815
    outer loop
      vertex 128.31 1.1102 329.071
      vertex 128.21 1.12649 329.771
      vertex 128.31 1.13243 330.03
    endloop
  endfacet
  facet normal 0.000619318 0.999731 -0.0231819
    outer loop
      vertex 128.21 1.12649 329.771
      vertex 128.31 1.1102 329.071
      vertex 128.21 1.10441 328.819
    endloop
  endfacet
  facet normal 0.0138293 0.999485 -0.0289633
    outer loop
      vertex 128.31 0.648683 314.302
      vertex 128.21 0.852007 321.27
      vertex 128.31 0.857977 321.524
    endloop
  endfacet
  facet normal 0.0138226 0.999485 -0.0289634
    outer loop
      vertex 128.21 0.852007 321.27
      vertex 128.31 0.648683 314.302
      vertex 128.21 0.642455 314.039
    endloop
  endfacet
  facet normal -0.0167086 0.999717 -0.0169354
    outer loop
      vertex 128.31 0.857977 321.524
      vertex 128.21 0.865046 322.04
      vertex 128.31 0.871134 322.301
    endloop
  endfacet
  facet normal -0.0167087 0.999717 -0.0169354
    outer loop
      vertex 128.21 0.865046 322.04
      vertex 128.31 0.857977 321.524
      vertex 128.21 0.852007 321.27
    endloop
  endfacet
  facet normal -0.000498291 0.999716 -0.0238438
    outer loop
      vertex 128.31 0.459532 306.084
      vertex 128.21 0.635728 313.473
      vertex 128.31 0.641872 313.729
    endloop
  endfacet
  facet normal -0.000495318 0.999716 -0.0238438
    outer loop
      vertex 128.21 0.635728 313.473
      vertex 128.31 0.459532 306.084
      vertex 128.21 0.45317 305.819
    endloop
  endfacet
  facet normal -0.0310354 0.999448 -0.0118861
    outer loop
      vertex 128.31 0.641872 313.729
      vertex 128.21 0.642455 314.039
      vertex 128.31 0.648683 314.302
    endloop
  endfacet
  facet normal -0.0310357 0.999448 -0.0118862
    outer loop
      vertex 128.21 0.642455 314.039
      vertex 128.31 0.641872 313.729
      vertex 128.21 0.635728 313.473
    endloop
  endfacet
  facet normal -0.0127148 0.999728 -0.0195563
    outer loop
      vertex 128.31 0.299221 297.674
      vertex 128.21 0.45051 305.473
      vertex 128.31 0.456816 305.73
    endloop
  endfacet
  facet normal -0.0127178 0.999728 -0.0195564
    outer loop
      vertex 128.21 0.45051 305.473
      vertex 128.31 0.299221 297.674
      vertex 128.21 0.292731 297.407
    endloop
  endfacet
  facet normal -0.0432497 0.999035 -0.00767562
    outer loop
      vertex 128.31 0.456816 305.73
      vertex 128.21 0.45317 305.819
      vertex 128.31 0.459532 306.084
    endloop
  endfacet
  facet normal -0.0432496 0.999035 -0.00767555
    outer loop
      vertex 128.21 0.45317 305.819
      vertex 128.31 0.456816 305.73
      vertex 128.21 0.45051 305.473
    endloop
  endfacet
  facet normal -0.0229144 0.999608 -0.0160629
    outer loop
      vertex 128.31 0.283412 296.6
      vertex 128.21 0.29224 297.292
      vertex 128.31 0.298698 297.551
    endloop
  endfacet
  facet normal -0.0229135 0.999608 -0.0160628
    outer loop
      vertex 128.21 0.29224 297.292
      vertex 128.31 0.283412 296.6
      vertex 128.21 0.28112 296.6
    endloop
  endfacet
  facet normal -0.0534397 0.998562 -0.00426195
    outer loop
      vertex 128.31 0.298698 297.551
      vertex 128.21 0.292731 297.407
      vertex 128.31 0.299221 297.674
    endloop
  endfacet
  facet normal -0.0534396 0.998562 -0.00426198
    outer loop
      vertex 128.21 0.292731 297.407
      vertex 128.31 0.298698 297.551
      vertex 128.21 0.29224 297.292
    endloop
  endfacet
  facet normal 1 0 0
    outer loop
      vertex 197.321 10.3051 331
      vertex 197.321 14.6262 323.361
      vertex 197.321 14.6631 324.438
    endloop
  endfacet
  facet normal 1 -0 0
    outer loop
      vertex 197.321 10.3051 331
      vertex 197.321 14.6631 324.438
      vertex 197.321 15.0155 332.5
    endloop
  endfacet
  facet normal 1 0 0
    outer loop
      vertex 197.321 10.3051 331
      vertex 197.321 14.1703 313.299
      vertex 197.321 14.1968 314.024
    endloop
  endfacet
  facet normal 1 0 0
    outer loop
      vertex 197.321 14.6262 323.361
      vertex 197.321 10.3051 331
      vertex 197.321 14.1968 314.024
    endloop
  endfacet
  facet normal 1 0 0
    outer loop
      vertex 197.321 10.3051 296.6
      vertex 197.321 13.6799 303.029
      vertex 197.321 13.6938 303.386
    endloop
  endfacet
  facet normal 1 0 0
    outer loop
      vertex 197.321 14.1703 313.299
      vertex 197.321 10.3051 331
      vertex 197.321 10.3051 296.6
    endloop
  endfacet
  facet normal 1 0 0
    outer loop
      vertex 197.321 14.1703 313.299
      vertex 197.321 10.3051 296.6
      vertex 197.321 13.6938 303.386
    endloop
  endfacet
  facet normal 1 -0 0
    outer loop
      vertex 197.321 4.83607 332.5
      vertex 197.321 10.3051 331
      vertex 197.321 15.0155 332.5
    endloop
  endfacet
  facet normal 1 0 0
    outer loop
      vertex 197.321 7.11165 331
      vertex 197.321 4.90363 324.516
      vertex 197.321 7.11165 296.6
    endloop
  endfacet
  facet normal 1 0 0
    outer loop
      vertex 197.321 7.11165 331
      vertex 197.321 4.83607 332.5
      vertex 197.321 4.90363 324.516
    endloop
  endfacet
  facet normal 1 0 0
    outer loop
      vertex 197.321 10.3051 331
      vertex 197.321 4.83607 332.5
      vertex 197.321 7.11165 331
    endloop
  endfacet
  facet normal 1 0 0
    outer loop
      vertex 197.321 13.6799 303.029
      vertex 197.321 10.3051 296.6
      vertex 197.321 13.3588 296.6
    endloop
  endfacet
  facet normal 1 0 0
    outer loop
      vertex 197.321 7.11165 296.6
      vertex 197.321 4.90363 324.516
      vertex 197.321 4.73577 296.6
    endloop
  endfacet
  facet normal 0 0 -1
    outer loop
      vertex 197.321 15.0155 332.5
      vertex 197.421 4.84704 332.5
      vertex 197.321 4.83607 332.5
    endloop
  endfacet
  facet normal 0 0 -1
    outer loop
      vertex 197.421 4.84704 332.5
      vertex 197.321 15.0155 332.5
      vertex 197.421 15.0073 332.5
    endloop
  endfacet
  facet normal -1 0 0
    outer loop
      vertex 197.421 7.11165 296.6
      vertex 197.421 4.9128 324.729
      vertex 197.421 7.11165 331
    endloop
  endfacet
  facet normal -1 0 -0
    outer loop
      vertex 197.421 4.9128 324.729
      vertex 197.421 7.11165 296.6
      vertex 197.421 4.74366 296.6
    endloop
  endfacet
  facet normal -1 0 0
    outer loop
      vertex 197.421 10.3051 331
      vertex 197.421 14.6318 323.676
      vertex 197.421 14.2032 314.353
    endloop
  endfacet
  facet normal -1 0 0
    outer loop
      vertex 197.421 14.6318 323.676
      vertex 197.421 10.3051 331
      vertex 197.421 14.6691 324.764
    endloop
  endfacet
  facet normal -1 0 0
    outer loop
      vertex 197.421 10.3051 296.6
      vertex 197.421 14.1762 313.617
      vertex 197.421 13.7004 303.718
    endloop
  endfacet
  facet normal -1 0 0
    outer loop
      vertex 197.421 10.3051 331
      vertex 197.421 14.1762 313.617
      vertex 197.421 10.3051 296.6
    endloop
  endfacet
  facet normal -1 0 0
    outer loop
      vertex 197.421 10.3051 296.6
      vertex 197.421 13.6861 303.35
      vertex 197.421 13.3489 296.6
    endloop
  endfacet
  facet normal -1 -0 0
    outer loop
      vertex 197.421 13.6861 303.35
      vertex 197.421 10.3051 296.6
      vertex 197.421 13.7004 303.718
    endloop
  endfacet
  facet normal -1 0 0
    outer loop
      vertex 197.421 14.1762 313.617
      vertex 197.421 10.3051 331
      vertex 197.421 14.2032 314.353
    endloop
  endfacet
  facet normal -1 0 0
    outer loop
      vertex 197.421 14.6691 324.764
      vertex 197.421 10.3051 331
      vertex 197.421 15.0073 332.5
    endloop
  endfacet
  facet normal -1 0 0
    outer loop
      vertex 197.421 4.84704 332.5
      vertex 197.421 10.3051 331
      vertex 197.421 7.11165 331
    endloop
  endfacet
  facet normal -1 0 0
    outer loop
      vertex 197.421 10.3051 331
      vertex 197.421 4.84704 332.5
      vertex 197.421 15.0073 332.5
    endloop
  endfacet
  facet normal -1 0 0
    outer loop
      vertex 197.421 4.84704 332.5
      vertex 197.421 7.11165 331
      vertex 197.421 4.9128 324.729
    endloop
  endfacet
  facet normal -0 0 1
    outer loop
      vertex 197.371 7.10838 296.6
      vertex 197.421 4.74366 296.6
      vertex 197.421 7.11165 296.6
    endloop
  endfacet
  facet normal 0 0 1
    outer loop
      vertex 197.321 7.11165 296.6
      vertex 197.421 4.74366 296.6
      vertex 197.371 7.10838 296.6
    endloop
  endfacet
  facet normal 0 0 1
    outer loop
      vertex 197.421 4.74366 296.6
      vertex 197.321 7.11165 296.6
      vertex 197.321 4.73577 296.6
    endloop
  endfacet
  facet normal 0 0 1
    outer loop
      vertex 197.421 13.3489 296.6
      vertex 197.371 10.3084 296.6
      vertex 197.421 10.3051 296.6
    endloop
  endfacet
  facet normal 0 0 1
    outer loop
      vertex 197.321 10.3051 296.6
      vertex 197.421 13.3489 296.6
      vertex 197.321 13.3588 296.6
    endloop
  endfacet
  facet normal 0 0 1
    outer loop
      vertex 197.421 13.3489 296.6
      vertex 197.321 10.3051 296.6
      vertex 197.371 10.3084 296.6
    endloop
  endfacet
  facet normal -0.997859 -0.0653981 0
    outer loop
      vertex 198.971 8.70837 296
      vertex 198.957 8.91722 331
      vertex 198.957 8.91722 296
    endloop
  endfacet
  facet normal -0.997859 -0.0653981 0
    outer loop
      vertex 198.957 8.91722 331
      vertex 198.971 8.70837 296
      vertex 198.971 8.70837 331
    endloop
  endfacet
  facet normal 0.997859 -0.0653981 0
    outer loop
      vertex 195.771 8.70837 331
      vertex 195.784 8.91722 296
      vertex 195.784 8.91722 331
    endloop
  endfacet
  facet normal 0.997859 -0.0653981 0
    outer loop
      vertex 195.784 8.91722 296
      vertex 195.771 8.70837 331
      vertex 195.771 8.70837 296
    endloop
  endfacet
  facet normal 0.0654036 -0.997859 0
    outer loop
      vertex 197.162 10.2947 331
      vertex 197.321 10.3051 296.6
      vertex 197.321 10.3051 331
    endloop
  endfacet
  facet normal 0.0654036 -0.997859 0
    outer loop
      vertex 197.162 10.2947 296
      vertex 197.321 10.3051 296.6
      vertex 197.162 10.2947 331
    endloop
  endfacet
  facet normal 0.0654009 -0.997859 7.24129e-007
    outer loop
      vertex 197.371 10.3084 296
      vertex 197.321 10.3051 296.6
      vertex 197.162 10.2947 296
    endloop
  endfacet
  facet normal 0.0653922 -0.99786 0
    outer loop
      vertex 197.321 10.3051 296.6
      vertex 197.371 10.3084 296
      vertex 197.371 10.3084 296.6
    endloop
  endfacet
  facet normal -0.0654036 0.997859 0
    outer loop
      vertex 197.58 7.12206 331
      vertex 197.421 7.11165 296.6
      vertex 197.421 7.11165 331
    endloop
  endfacet
  facet normal -0.0654036 0.997859 0
    outer loop
      vertex 197.58 7.12206 296
      vertex 197.421 7.11165 296.6
      vertex 197.58 7.12206 331
    endloop
  endfacet
  facet normal -0.0654009 0.997859 7.24129e-007
    outer loop
      vertex 197.371 7.10838 296
      vertex 197.421 7.11165 296.6
      vertex 197.58 7.12206 296
    endloop
  endfacet
  facet normal -0.0653922 0.99786 0
    outer loop
      vertex 197.421 7.11165 296.6
      vertex 197.371 7.10838 296
      vertex 197.371 7.10838 296.6
    endloop
  endfacet
  facet normal -0.751862 0.659321 0
    outer loop
      vertex 198.502 7.577 296
      vertex 198.64 7.73436 331
      vertex 198.64 7.73436 296
    endloop
  endfacet
  facet normal -0.751862 0.659321 0
    outer loop
      vertex 198.64 7.73436 331
      vertex 198.502 7.577 296
      vertex 198.502 7.577 331
    endloop
  endfacet
  facet normal -0.65932 -0.751863 0
    outer loop
      vertex 198.345 9.97774 296
      vertex 198.502 9.83974 331
      vertex 198.345 9.97774 331
    endloop
  endfacet
  facet normal -0.65932 -0.751863 -0
    outer loop
      vertex 198.502 9.83974 331
      vertex 198.345 9.97774 296
      vertex 198.502 9.83974 296
    endloop
  endfacet
  facet normal 0.751825 -0.659362 0
    outer loop
      vertex 196.101 9.68239 331
      vertex 196.239 9.83974 296
      vertex 196.239 9.83974 331
    endloop
  endfacet
  facet normal 0.751825 -0.659362 0
    outer loop
      vertex 196.239 9.83974 296
      vertex 196.101 9.68239 331
      vertex 196.101 9.68239 296
    endloop
  endfacet
  facet normal 0.442275 -0.89688 0
    outer loop
      vertex 196.571 10.094 296
      vertex 196.758 10.1866 331
      vertex 196.571 10.094 331
    endloop
  endfacet
  facet normal 0.442275 -0.89688 0
    outer loop
      vertex 196.758 10.1866 331
      vertex 196.571 10.094 296
      vertex 196.758 10.1866 296
    endloop
  endfacet
  facet normal -0.896856 -0.442322 0
    outer loop
      vertex 198.849 9.32067 296
      vertex 198.756 9.50837 331
      vertex 198.756 9.50837 296
    endloop
  endfacet
  facet normal -0.896856 -0.442322 0
    outer loop
      vertex 198.756 9.50837 331
      vertex 198.849 9.32067 296
      vertex 198.849 9.32067 331
    endloop
  endfacet
  facet normal -0.831478 -0.555558 0
    outer loop
      vertex 198.756 9.50837 296
      vertex 198.64 9.68239 331
      vertex 198.64 9.68239 296
    endloop
  endfacet
  facet normal -0.831478 -0.555558 0
    outer loop
      vertex 198.64 9.68239 331
      vertex 198.756 9.50837 296
      vertex 198.756 9.50837 331
    endloop
  endfacet
  facet normal -0.321442 -0.946929 0
    outer loop
      vertex 197.785 10.2539 296
      vertex 197.983 10.1866 331
      vertex 197.785 10.2539 331
    endloop
  endfacet
  facet normal -0.321442 -0.946929 -0
    outer loop
      vertex 197.983 10.1866 331
      vertex 197.785 10.2539 296
      vertex 197.983 10.1866 296
    endloop
  endfacet
  facet normal -0.195098 -0.980784 0
    outer loop
      vertex 197.58 10.2947 296
      vertex 197.785 10.2539 331
      vertex 197.58 10.2947 331
    endloop
  endfacet
  facet normal -0.195098 -0.980784 -0
    outer loop
      vertex 197.785 10.2539 331
      vertex 197.58 10.2947 296
      vertex 197.785 10.2539 296
    endloop
  endfacet
  facet normal -0.442275 -0.89688 0
    outer loop
      vertex 197.983 10.1866 296
      vertex 198.171 10.094 331
      vertex 197.983 10.1866 331
    endloop
  endfacet
  facet normal -0.442275 -0.89688 -0
    outer loop
      vertex 198.171 10.094 331
      vertex 197.983 10.1866 296
      vertex 198.171 10.094 296
    endloop
  endfacet
  facet normal 0.946927 -0.321448 0
    outer loop
      vertex 195.825 9.12248 331
      vertex 195.893 9.32067 296
      vertex 195.893 9.32067 331
    endloop
  endfacet
  facet normal 0.946927 -0.321448 0
    outer loop
      vertex 195.893 9.32067 296
      vertex 195.825 9.12248 331
      vertex 195.825 9.12248 296
    endloop
  endfacet
  facet normal 0.896856 -0.442322 0
    outer loop
      vertex 195.893 9.32067 331
      vertex 195.985 9.50837 296
      vertex 195.985 9.50837 331
    endloop
  endfacet
  facet normal 0.896856 -0.442322 0
    outer loop
      vertex 195.985 9.50837 296
      vertex 195.893 9.32067 331
      vertex 195.893 9.32067 296
    endloop
  endfacet
  facet normal 0.980797 -0.195029 0
    outer loop
      vertex 195.784 8.91722 331
      vertex 195.825 9.12248 296
      vertex 195.825 9.12248 331
    endloop
  endfacet
  facet normal 0.980797 -0.195029 0
    outer loop
      vertex 195.825 9.12248 296
      vertex 195.784 8.91722 331
      vertex 195.784 8.91722 296
    endloop
  endfacet
  facet normal 0 0 -1
    outer loop
      vertex 198.957 8.49953 331
      vertex 198.957 8.91722 331
      vertex 198.971 8.70837 331
    endloop
  endfacet
  facet normal 0 0 -1
    outer loop
      vertex 198.916 8.29426 331
      vertex 198.957 8.91722 331
      vertex 198.957 8.49953 331
    endloop
  endfacet
  facet normal 0 0 -1
    outer loop
      vertex 198.916 8.29426 331
      vertex 198.916 9.12248 331
      vertex 198.957 8.91722 331
    endloop
  endfacet
  facet normal 0 0 -1
    outer loop
      vertex 198.849 8.09608 331
      vertex 198.916 9.12248 331
      vertex 198.916 8.29426 331
    endloop
  endfacet
  facet normal 0 0 -1
    outer loop
      vertex 198.849 8.09608 331
      vertex 198.849 9.32067 331
      vertex 198.916 9.12248 331
    endloop
  endfacet
  facet normal 0 0 -1
    outer loop
      vertex 198.756 7.90838 331
      vertex 198.849 9.32067 331
      vertex 198.849 8.09608 331
    endloop
  endfacet
  facet normal 0 0 -1
    outer loop
      vertex 198.756 7.90838 331
      vertex 198.756 9.50837 331
      vertex 198.849 9.32067 331
    endloop
  endfacet
  facet normal 0 0 -1
    outer loop
      vertex 198.64 7.73436 331
      vertex 198.756 9.50837 331
      vertex 198.756 7.90838 331
    endloop
  endfacet
  facet normal 0 0 -1
    outer loop
      vertex 198.64 7.73436 331
      vertex 198.64 9.68239 331
      vertex 198.756 9.50837 331
    endloop
  endfacet
  facet normal 0 0 -1
    outer loop
      vertex 198.502 7.577 331
      vertex 198.64 9.68239 331
      vertex 198.64 7.73436 331
    endloop
  endfacet
  facet normal 0 0 -1
    outer loop
      vertex 198.502 7.577 331
      vertex 198.502 9.83974 331
      vertex 198.64 9.68239 331
    endloop
  endfacet
  facet normal 0 0 -1
    outer loop
      vertex 198.345 7.43901 331
      vertex 198.502 9.83974 331
      vertex 198.502 7.577 331
    endloop
  endfacet
  facet normal 0 0 -1
    outer loop
      vertex 198.345 7.43901 331
      vertex 198.345 9.97774 331
      vertex 198.502 9.83974 331
    endloop
  endfacet
  facet normal 0 0 -1
    outer loop
      vertex 198.171 7.32273 331
      vertex 198.345 9.97774 331
      vertex 198.345 7.43901 331
    endloop
  endfacet
  facet normal 0 0 -1
    outer loop
      vertex 198.171 7.32273 331
      vertex 198.171 10.094 331
      vertex 198.345 9.97774 331
    endloop
  endfacet
  facet normal 0 0 -1
    outer loop
      vertex 197.983 7.23017 331
      vertex 198.171 10.094 331
      vertex 198.171 7.32273 331
    endloop
  endfacet
  facet normal 0 0 -1
    outer loop
      vertex 197.983 7.23017 331
      vertex 197.983 10.1866 331
      vertex 198.171 10.094 331
    endloop
  endfacet
  facet normal 0 0 -1
    outer loop
      vertex 197.785 7.16289 331
      vertex 197.983 10.1866 331
      vertex 197.983 7.23017 331
    endloop
  endfacet
  facet normal 0 0 -1
    outer loop
      vertex 197.785 7.16289 331
      vertex 197.785 10.2539 331
      vertex 197.983 10.1866 331
    endloop
  endfacet
  facet normal 0 0 -1
    outer loop
      vertex 197.421 7.11165 331
      vertex 197.785 7.16289 331
      vertex 197.58 7.12206 331
    endloop
  endfacet
  facet normal -0 0 -1
    outer loop
      vertex 197.785 7.16289 331
      vertex 197.421 7.11165 331
      vertex 197.785 10.2539 331
    endloop
  endfacet
  facet normal 0 0 -1
    outer loop
      vertex 197.421 10.3051 331
      vertex 197.785 10.2539 331
      vertex 197.421 7.11165 331
    endloop
  endfacet
  facet normal 0 0 -1
    outer loop
      vertex 197.785 10.2539 331
      vertex 197.421 10.3051 331
      vertex 197.58 10.2947 331
    endloop
  endfacet
  facet normal 0 0 -1
    outer loop
      vertex 196.957 7.16289 331
      vertex 197.321 7.11165 331
      vertex 197.162 7.12206 331
    endloop
  endfacet
  facet normal 0 0 -1
    outer loop
      vertex 197.321 7.11165 331
      vertex 196.957 7.16289 331
      vertex 197.321 10.3051 331
    endloop
  endfacet
  facet normal 0 0 -1
    outer loop
      vertex 196.957 10.2539 331
      vertex 197.321 10.3051 331
      vertex 196.957 7.16289 331
    endloop
  endfacet
  facet normal 0 0 -1
    outer loop
      vertex 197.321 10.3051 331
      vertex 196.957 10.2539 331
      vertex 197.162 10.2947 331
    endloop
  endfacet
  facet normal 0 0 -1
    outer loop
      vertex 196.758 7.23017 331
      vertex 196.957 10.2539 331
      vertex 196.957 7.16289 331
    endloop
  endfacet
  facet normal 0 0 -1
    outer loop
      vertex 196.758 7.23017 331
      vertex 196.758 10.1866 331
      vertex 196.957 10.2539 331
    endloop
  endfacet
  facet normal 0 0 -1
    outer loop
      vertex 196.571 7.32273 331
      vertex 196.758 10.1866 331
      vertex 196.758 7.23017 331
    endloop
  endfacet
  facet normal 0 0 -1
    outer loop
      vertex 196.571 7.32273 331
      vertex 196.571 10.094 331
      vertex 196.758 10.1866 331
    endloop
  endfacet
  facet normal 0 0 -1
    outer loop
      vertex 196.397 7.43901 331
      vertex 196.571 10.094 331
      vertex 196.571 7.32273 331
    endloop
  endfacet
  facet normal 0 0 -1
    outer loop
      vertex 196.397 7.43901 331
      vertex 196.397 9.97774 331
      vertex 196.571 10.094 331
    endloop
  endfacet
  facet normal 0 0 -1
    outer loop
      vertex 196.239 7.577 331
      vertex 196.397 9.97774 331
      vertex 196.397 7.43901 331
    endloop
  endfacet
  facet normal 0 0 -1
    outer loop
      vertex 196.239 7.577 331
      vertex 196.239 9.83974 331
      vertex 196.397 9.97774 331
    endloop
  endfacet
  facet normal 0 0 -1
    outer loop
      vertex 196.101 7.73436 331
      vertex 196.239 9.83974 331
      vertex 196.239 7.577 331
    endloop
  endfacet
  facet normal 0 0 -1
    outer loop
      vertex 196.101 7.73436 331
      vertex 196.101 9.68239 331
      vertex 196.239 9.83974 331
    endloop
  endfacet
  facet normal 0 0 -1
    outer loop
      vertex 195.985 7.90838 331
      vertex 196.101 9.68239 331
      vertex 196.101 7.73436 331
    endloop
  endfacet
  facet normal 0 0 -1
    outer loop
      vertex 195.985 7.90838 331
      vertex 195.985 9.50837 331
      vertex 196.101 9.68239 331
    endloop
  endfacet
  facet normal 0 0 -1
    outer loop
      vertex 195.893 8.09608 331
      vertex 195.985 9.50837 331
      vertex 195.985 7.90838 331
    endloop
  endfacet
  facet normal 0 0 -1
    outer loop
      vertex 195.893 8.09608 331
      vertex 195.893 9.32067 331
      vertex 195.985 9.50837 331
    endloop
  endfacet
  facet normal 0 0 -1
    outer loop
      vertex 195.825 8.29426 331
      vertex 195.893 9.32067 331
      vertex 195.893 8.09608 331
    endloop
  endfacet
  facet normal 0 0 -1
    outer loop
      vertex 195.825 8.29426 331
      vertex 195.825 9.12248 331
      vertex 195.893 9.32067 331
    endloop
  endfacet
  facet normal 0 0 -1
    outer loop
      vertex 195.784 8.49953 331
      vertex 195.825 9.12248 331
      vertex 195.825 8.29426 331
    endloop
  endfacet
  facet normal 0 0 -1
    outer loop
      vertex 195.784 8.49953 331
      vertex 195.784 8.91722 331
      vertex 195.825 9.12248 331
    endloop
  endfacet
  facet normal 0 -0 -1
    outer loop
      vertex 195.784 8.91722 331
      vertex 195.784 8.49953 331
      vertex 195.771 8.70837 331
    endloop
  endfacet
  facet normal 0.555584 -0.83146 0
    outer loop
      vertex 196.397 9.97774 296
      vertex 196.571 10.094 331
      vertex 196.397 9.97774 331
    endloop
  endfacet
  facet normal 0.555584 -0.83146 0
    outer loop
      vertex 196.571 10.094 331
      vertex 196.397 9.97774 296
      vertex 196.571 10.094 296
    endloop
  endfacet
  facet normal 0.321442 -0.946929 0
    outer loop
      vertex 196.758 10.1866 296
      vertex 196.957 10.2539 331
      vertex 196.758 10.1866 331
    endloop
  endfacet
  facet normal 0.321442 -0.946929 0
    outer loop
      vertex 196.957 10.2539 331
      vertex 196.758 10.1866 296
      vertex 196.957 10.2539 296
    endloop
  endfacet
  facet normal -0.195098 0.980784 0
    outer loop
      vertex 197.785 7.16289 296
      vertex 197.58 7.12206 331
      vertex 197.785 7.16289 331
    endloop
  endfacet
  facet normal -0.195098 0.980784 0
    outer loop
      vertex 197.58 7.12206 331
      vertex 197.785 7.16289 296
      vertex 197.58 7.12206 296
    endloop
  endfacet
  facet normal -0.946927 -0.321448 0
    outer loop
      vertex 198.916 9.12248 296
      vertex 198.849 9.32067 331
      vertex 198.849 9.32067 296
    endloop
  endfacet
  facet normal -0.946927 -0.321448 0
    outer loop
      vertex 198.849 9.32067 331
      vertex 198.916 9.12248 296
      vertex 198.916 9.12248 331
    endloop
  endfacet
  facet normal -0.980783 -0.1951 0
    outer loop
      vertex 198.957 8.91722 296
      vertex 198.916 9.12248 331
      vertex 198.916 9.12248 296
    endloop
  endfacet
  facet normal -0.980783 -0.1951 0
    outer loop
      vertex 198.916 9.12248 331
      vertex 198.957 8.91722 296
      vertex 198.957 8.91722 331
    endloop
  endfacet
  facet normal -0.751862 -0.659321 0
    outer loop
      vertex 198.64 9.68239 296
      vertex 198.502 9.83974 331
      vertex 198.502 9.83974 296
    endloop
  endfacet
  facet normal -0.751862 -0.659321 0
    outer loop
      vertex 198.502 9.83974 331
      vertex 198.64 9.68239 296
      vertex 198.64 9.68239 331
    endloop
  endfacet
  facet normal -0.0653922 -0.99786 -0
    outer loop
      vertex 197.371 10.3084 296.6
      vertex 197.371 10.3084 296
      vertex 197.421 10.3051 296.6
    endloop
  endfacet
  facet normal -0.0654036 -0.997859 0
    outer loop
      vertex 197.421 10.3051 296.6
      vertex 197.58 10.2947 331
      vertex 197.421 10.3051 331
    endloop
  endfacet
  facet normal -0.0654036 -0.997859 0
    outer loop
      vertex 197.421 10.3051 296.6
      vertex 197.58 10.2947 296
      vertex 197.58 10.2947 331
    endloop
  endfacet
  facet normal -0.0654009 -0.997859 7.24129e-007
    outer loop
      vertex 197.58 10.2947 296
      vertex 197.421 10.3051 296.6
      vertex 197.371 10.3084 296
    endloop
  endfacet
  facet normal -0.555584 -0.83146 0
    outer loop
      vertex 198.171 10.094 296
      vertex 198.345 9.97774 331
      vertex 198.171 10.094 331
    endloop
  endfacet
  facet normal -0.555584 -0.83146 -0
    outer loop
      vertex 198.345 9.97774 331
      vertex 198.171 10.094 296
      vertex 198.345 9.97774 296
    endloop
  endfacet
  facet normal 0.831478 -0.555558 0
    outer loop
      vertex 195.985 9.50837 331
      vertex 196.101 9.68239 296
      vertex 196.101 9.68239 331
    endloop
  endfacet
  facet normal 0.831478 -0.555558 0
    outer loop
      vertex 196.101 9.68239 296
      vertex 195.985 9.50837 331
      vertex 195.985 9.50837 296
    endloop
  endfacet
  facet normal 0.659356 -0.751831 0
    outer loop
      vertex 196.239 9.83974 296
      vertex 196.397 9.97774 331
      vertex 196.239 9.83974 331
    endloop
  endfacet
  facet normal 0.659356 -0.751831 0
    outer loop
      vertex 196.397 9.97774 331
      vertex 196.239 9.83974 296
      vertex 196.397 9.97774 296
    endloop
  endfacet
  facet normal 0.195098 -0.980784 0
    outer loop
      vertex 196.957 10.2539 296
      vertex 197.162 10.2947 331
      vertex 196.957 10.2539 331
    endloop
  endfacet
  facet normal 0.195098 -0.980784 0
    outer loop
      vertex 197.162 10.2947 331
      vertex 196.957 10.2539 296
      vertex 197.162 10.2947 296
    endloop
  endfacet
  facet normal -0.946927 0.321448 0
    outer loop
      vertex 198.849 8.09608 296
      vertex 198.916 8.29426 331
      vertex 198.916 8.29426 296
    endloop
  endfacet
  facet normal -0.946927 0.321448 0
    outer loop
      vertex 198.916 8.29426 331
      vertex 198.849 8.09608 296
      vertex 198.849 8.09608 331
    endloop
  endfacet
  facet normal -0.980783 0.1951 0
    outer loop
      vertex 198.916 8.29426 296
      vertex 198.957 8.49953 331
      vertex 198.957 8.49953 296
    endloop
  endfacet
  facet normal -0.980783 0.1951 0
    outer loop
      vertex 198.957 8.49953 331
      vertex 198.916 8.29426 296
      vertex 198.916 8.29426 331
    endloop
  endfacet
  facet normal 0.997859 0.0653981 0
    outer loop
      vertex 195.784 8.49953 331
      vertex 195.771 8.70837 296
      vertex 195.771 8.70837 331
    endloop
  endfacet
  facet normal 0.997859 0.0653981 0
    outer loop
      vertex 195.771 8.70837 296
      vertex 195.784 8.49953 331
      vertex 195.784 8.49953 296
    endloop
  endfacet
  facet normal -0.555584 0.83146 0
    outer loop
      vertex 198.345 7.43901 296
      vertex 198.171 7.32273 331
      vertex 198.345 7.43901 331
    endloop
  endfacet
  facet normal -0.555584 0.83146 0
    outer loop
      vertex 198.171 7.32273 331
      vertex 198.345 7.43901 296
      vertex 198.171 7.32273 296
    endloop
  endfacet
  facet normal -0.442275 0.89688 0
    outer loop
      vertex 198.171 7.32273 296
      vertex 197.983 7.23017 331
      vertex 198.171 7.32273 331
    endloop
  endfacet
  facet normal -0.442275 0.89688 0
    outer loop
      vertex 197.983 7.23017 331
      vertex 198.171 7.32273 296
      vertex 197.983 7.23017 296
    endloop
  endfacet
  facet normal -0.831478 0.555558 0
    outer loop
      vertex 198.64 7.73436 296
      vertex 198.756 7.90838 331
      vertex 198.756 7.90838 296
    endloop
  endfacet
  facet normal -0.831478 0.555558 0
    outer loop
      vertex 198.756 7.90838 331
      vertex 198.64 7.73436 296
      vertex 198.64 7.73436 331
    endloop
  endfacet
  facet normal -0.997859 0.0653981 0
    outer loop
      vertex 198.957 8.49953 296
      vertex 198.971 8.70837 331
      vertex 198.971 8.70837 296
    endloop
  endfacet
  facet normal -0.997859 0.0653981 0
    outer loop
      vertex 198.971 8.70837 331
      vertex 198.957 8.49953 296
      vertex 198.957 8.49953 331
    endloop
  endfacet
  facet normal 0.321442 0.946929 -0
    outer loop
      vertex 196.957 7.16289 296
      vertex 196.758 7.23017 331
      vertex 196.957 7.16289 331
    endloop
  endfacet
  facet normal 0.321442 0.946929 0
    outer loop
      vertex 196.758 7.23017 331
      vertex 196.957 7.16289 296
      vertex 196.758 7.23017 296
    endloop
  endfacet
  facet normal 0.751825 0.659362 0
    outer loop
      vertex 196.239 7.577 331
      vertex 196.101 7.73436 296
      vertex 196.101 7.73436 331
    endloop
  endfacet
  facet normal 0.751825 0.659362 0
    outer loop
      vertex 196.101 7.73436 296
      vertex 196.239 7.577 331
      vertex 196.239 7.577 296
    endloop
  endfacet
  facet normal 0.980797 0.195029 0
    outer loop
      vertex 195.825 8.29426 331
      vertex 195.784 8.49953 296
      vertex 195.784 8.49953 331
    endloop
  endfacet
  facet normal 0.980797 0.195029 0
    outer loop
      vertex 195.784 8.49953 296
      vertex 195.825 8.29426 331
      vertex 195.825 8.29426 296
    endloop
  endfacet
  facet normal 0.946927 0.321448 0
    outer loop
      vertex 195.893 8.09608 331
      vertex 195.825 8.29426 296
      vertex 195.825 8.29426 331
    endloop
  endfacet
  facet normal 0.946927 0.321448 0
    outer loop
      vertex 195.825 8.29426 296
      vertex 195.893 8.09608 331
      vertex 195.893 8.09608 296
    endloop
  endfacet
  facet normal -0.65932 0.751863 0
    outer loop
      vertex 198.502 7.577 296
      vertex 198.345 7.43901 331
      vertex 198.502 7.577 331
    endloop
  endfacet
  facet normal -0.65932 0.751863 0
    outer loop
      vertex 198.345 7.43901 331
      vertex 198.502 7.577 296
      vertex 198.345 7.43901 296
    endloop
  endfacet
  facet normal -0.321442 0.946929 0
    outer loop
      vertex 197.983 7.23017 296
      vertex 197.785 7.16289 331
      vertex 197.983 7.23017 331
    endloop
  endfacet
  facet normal -0.321442 0.946929 0
    outer loop
      vertex 197.785 7.16289 331
      vertex 197.983 7.23017 296
      vertex 197.785 7.16289 296
    endloop
  endfacet
  facet normal -0.896856 0.442323 0
    outer loop
      vertex 198.756 7.90838 296
      vertex 198.849 8.09608 331
      vertex 198.849 8.09608 296
    endloop
  endfacet
  facet normal -0.896856 0.442323 0
    outer loop
      vertex 198.849 8.09608 331
      vertex 198.756 7.90838 296
      vertex 198.756 7.90838 331
    endloop
  endfacet
  facet normal 0.555584 0.83146 -0
    outer loop
      vertex 196.571 7.32273 296
      vertex 196.397 7.43901 331
      vertex 196.571 7.32273 331
    endloop
  endfacet
  facet normal 0.555584 0.83146 0
    outer loop
      vertex 196.397 7.43901 331
      vertex 196.571 7.32273 296
      vertex 196.397 7.43901 296
    endloop
  endfacet
  facet normal 0.195098 0.980784 -0
    outer loop
      vertex 197.162 7.12206 296
      vertex 196.957 7.16289 331
      vertex 197.162 7.12206 331
    endloop
  endfacet
  facet normal 0.195098 0.980784 0
    outer loop
      vertex 196.957 7.16289 331
      vertex 197.162 7.12206 296
      vertex 196.957 7.16289 296
    endloop
  endfacet
  facet normal 0.659356 0.751831 -0
    outer loop
      vertex 196.397 7.43901 296
      vertex 196.239 7.577 331
      vertex 196.397 7.43901 331
    endloop
  endfacet
  facet normal 0.659356 0.751831 0
    outer loop
      vertex 196.239 7.577 331
      vertex 196.397 7.43901 296
      vertex 196.239 7.577 296
    endloop
  endfacet
  facet normal 0.831478 0.555558 0
    outer loop
      vertex 196.101 7.73436 331
      vertex 195.985 7.90838 296
      vertex 195.985 7.90838 331
    endloop
  endfacet
  facet normal 0.831478 0.555558 0
    outer loop
      vertex 195.985 7.90838 296
      vertex 196.101 7.73436 331
      vertex 196.101 7.73436 296
    endloop
  endfacet
  facet normal 0.896856 0.442323 0
    outer loop
      vertex 195.985 7.90838 331
      vertex 195.893 8.09608 296
      vertex 195.893 8.09608 331
    endloop
  endfacet
  facet normal 0.896856 0.442323 0
    outer loop
      vertex 195.893 8.09608 296
      vertex 195.985 7.90838 331
      vertex 195.985 7.90838 296
    endloop
  endfacet
  facet normal 0.0653922 0.99786 0
    outer loop
      vertex 197.371 7.10838 296.6
      vertex 197.371 7.10838 296
      vertex 197.321 7.11165 296.6
    endloop
  endfacet
  facet normal 0.0654036 0.997859 -0
    outer loop
      vertex 197.321 7.11165 296.6
      vertex 197.162 7.12206 331
      vertex 197.321 7.11165 331
    endloop
  endfacet
  facet normal 0.0654036 0.997859 0
    outer loop
      vertex 197.321 7.11165 296.6
      vertex 197.162 7.12206 296
      vertex 197.162 7.12206 331
    endloop
  endfacet
  facet normal 0.0654009 0.997859 7.24129e-007
    outer loop
      vertex 197.162 7.12206 296
      vertex 197.321 7.11165 296.6
      vertex 197.371 7.10838 296
    endloop
  endfacet
  facet normal 0.442275 0.89688 -0
    outer loop
      vertex 196.758 7.23017 296
      vertex 196.571 7.32273 331
      vertex 196.758 7.23017 331
    endloop
  endfacet
  facet normal 0.442275 0.89688 0
    outer loop
      vertex 196.571 7.32273 331
      vertex 196.758 7.23017 296
      vertex 196.571 7.32273 296
    endloop
  endfacet
  facet normal 1 -0 0
    outer loop
      vertex 128.21 1.24486 332.5
      vertex 128.21 8.16838 331
      vertex 128.21 13.1246 332.5
    endloop
  endfacet
  facet normal 1 0 0
    outer loop
      vertex 128.21 8.16838 331
      vertex 128.21 1.24486 332.5
      vertex 128.21 4.97494 331
    endloop
  endfacet
  facet normal 1 0 0
    outer loop
      vertex 128.21 1.12649 329.771
      vertex 128.21 4.97494 331
      vertex 128.21 1.24486 332.5
    endloop
  endfacet
  facet normal 1 0 0
    outer loop
      vertex 128.21 1.10441 328.819
      vertex 128.21 4.97494 331
      vertex 128.21 1.12649 329.771
    endloop
  endfacet
  facet normal 1 0 0
    outer loop
      vertex 128.21 0.865046 322.04
      vertex 128.21 4.97494 331
      vertex 128.21 1.10441 328.819
    endloop
  endfacet
  facet normal 1 0 0
    outer loop
      vertex 128.21 0.852007 321.27
      vertex 128.21 4.97494 331
      vertex 128.21 0.865046 322.04
    endloop
  endfacet
  facet normal 1 0 0
    outer loop
      vertex 128.21 0.642455 314.039
      vertex 128.21 4.97494 331
      vertex 128.21 0.852007 321.27
    endloop
  endfacet
  facet normal 1 0 0
    outer loop
      vertex 128.21 4.97494 331
      vertex 128.21 0.642455 314.039
      vertex 128.21 4.97494 296.6
    endloop
  endfacet
  facet normal 1 -0 0
    outer loop
      vertex 128.21 0.635728 313.473
      vertex 128.21 4.97494 296.6
      vertex 128.21 0.642455 314.039
    endloop
  endfacet
  facet normal 1 -0 0
    outer loop
      vertex 128.21 0.45317 305.819
      vertex 128.21 4.97494 296.6
      vertex 128.21 0.635728 313.473
    endloop
  endfacet
  facet normal 1 -0 0
    outer loop
      vertex 128.21 0.45051 305.473
      vertex 128.21 4.97494 296.6
      vertex 128.21 0.45317 305.819
    endloop
  endfacet
  facet normal 1 -0 0
    outer loop
      vertex 128.21 0.292731 297.407
      vertex 128.21 4.97494 296.6
      vertex 128.21 0.45051 305.473
    endloop
  endfacet
  facet normal 1 -0 0
    outer loop
      vertex 128.21 0.29224 297.292
      vertex 128.21 4.97494 296.6
      vertex 128.21 0.292731 297.407
    endloop
  endfacet
  facet normal 1 0 0
    outer loop
      vertex 128.21 4.97494 296.6
      vertex 128.21 0.29224 297.292
      vertex 128.21 0.28112 296.6
    endloop
  endfacet
  facet normal 1 0 0
    outer loop
      vertex 128.21 8.16838 296.6
      vertex 128.21 14.7519 297.075
      vertex 128.21 14.7476 297.182
    endloop
  endfacet
  facet normal 1 0 0
    outer loop
      vertex 128.21 8.16838 296.6
      vertex 128.21 14.7476 297.182
      vertex 128.21 14.508 305.21
    endloop
  endfacet
  facet normal 1 0 0
    outer loop
      vertex 128.21 8.16838 296.6
      vertex 128.21 14.508 305.21
      vertex 128.21 14.4917 305.542
    endloop
  endfacet
  facet normal 1 0 0
    outer loop
      vertex 128.21 8.16838 296.6
      vertex 128.21 14.4917 305.542
      vertex 128.21 14.2065 313.131
    endloop
  endfacet
  facet normal 1 0 0
    outer loop
      vertex 128.21 8.16838 296.6
      vertex 128.21 14.2065 313.131
      vertex 128.21 14.1752 313.671
    endloop
  endfacet
  facet normal 1 0 0
    outer loop
      vertex 128.21 8.16838 331
      vertex 128.21 14.1752 313.671
      vertex 128.21 13.8443 320.832
    endloop
  endfacet
  facet normal 1 0 0
    outer loop
      vertex 128.21 8.16838 331
      vertex 128.21 13.8443 320.832
      vertex 128.21 13.7948 321.563
    endloop
  endfacet
  facet normal 1 0 0
    outer loop
      vertex 128.21 8.16838 331
      vertex 128.21 13.7948 321.563
      vertex 128.21 13.4183 328.287
    endloop
  endfacet
  facet normal 1 0 0
    outer loop
      vertex 128.21 8.16838 331
      vertex 128.21 13.4183 328.287
      vertex 128.21 13.3471 329.185
    endloop
  endfacet
  facet normal 1 -0 0
    outer loop
      vertex 128.21 8.16838 331
      vertex 128.21 13.3471 329.185
      vertex 128.21 13.1246 332.5
    endloop
  endfacet
  facet normal 1 0 0
    outer loop
      vertex 128.21 14.1752 313.671
      vertex 128.21 8.16838 331
      vertex 128.21 8.16838 296.6
    endloop
  endfacet
  facet normal 1 0 0
    outer loop
      vertex 128.21 14.7519 297.075
      vertex 128.21 8.16838 296.6
      vertex 128.21 14.7628 296.6
    endloop
  endfacet
  facet normal 0 0 -1
    outer loop
      vertex 128.21 13.1246 332.5
      vertex 128.31 1.23957 332.5
      vertex 128.21 1.24486 332.5
    endloop
  endfacet
  facet normal 0 0 -1
    outer loop
      vertex 128.31 1.23957 332.5
      vertex 128.21 13.1246 332.5
      vertex 128.31 13.145 332.5
    endloop
  endfacet
  facet normal -1 0 0
    outer loop
      vertex 128.31 0.648683 314.302
      vertex 128.31 4.97494 331
      vertex 128.31 4.97494 296.6
    endloop
  endfacet
  facet normal -1 -0 0
    outer loop
      vertex 128.31 4.97494 331
      vertex 128.31 1.13243 330.03
      vertex 128.31 1.23957 332.5
    endloop
  endfacet
  facet normal -1 0 0
    outer loop
      vertex 128.31 4.97494 331
      vertex 128.31 1.1102 329.071
      vertex 128.31 1.13243 330.03
    endloop
  endfacet
  facet normal -1 0 0
    outer loop
      vertex 128.31 4.97494 331
      vertex 128.31 0.871134 322.301
      vertex 128.31 1.1102 329.071
    endloop
  endfacet
  facet normal -1 0 0
    outer loop
      vertex 128.31 4.97494 331
      vertex 128.31 0.857977 321.524
      vertex 128.31 0.871134 322.301
    endloop
  endfacet
  facet normal -1 0 0
    outer loop
      vertex 128.31 4.97494 331
      vertex 128.31 0.648683 314.302
      vertex 128.31 0.857977 321.524
    endloop
  endfacet
  facet normal -1 0 0
    outer loop
      vertex 128.31 4.97494 296.6
      vertex 128.31 0.641872 313.729
      vertex 128.31 0.648683 314.302
    endloop
  endfacet
  facet normal -1 0 0
    outer loop
      vertex 128.31 4.97494 296.6
      vertex 128.31 0.459532 306.084
      vertex 128.31 0.641872 313.729
    endloop
  endfacet
  facet normal -1 0 0
    outer loop
      vertex 128.31 4.97494 296.6
      vertex 128.31 0.456816 305.73
      vertex 128.31 0.459532 306.084
    endloop
  endfacet
  facet normal -1 0 0
    outer loop
      vertex 128.31 4.97494 296.6
      vertex 128.31 0.299221 297.674
      vertex 128.31 0.456816 305.73
    endloop
  endfacet
  facet normal -1 0 0
    outer loop
      vertex 128.31 4.97494 296.6
      vertex 128.31 0.298698 297.551
      vertex 128.31 0.299221 297.674
    endloop
  endfacet
  facet normal -1 0 -0
    outer loop
      vertex 128.31 0.298698 297.551
      vertex 128.31 4.97494 296.6
      vertex 128.31 0.283412 296.6
    endloop
  endfacet
  facet normal -1 0 0
    outer loop
      vertex 128.31 8.16838 296.6
      vertex 128.31 14.7549 297.343
      vertex 128.31 14.7719 296.6
    endloop
  endfacet
  facet normal -1 -0 0
    outer loop
      vertex 128.31 14.7549 297.343
      vertex 128.31 8.16838 296.6
      vertex 128.31 14.7502 297.457
    endloop
  endfacet
  facet normal -1 -0 0
    outer loop
      vertex 128.31 14.7502 297.457
      vertex 128.31 8.16838 296.6
      vertex 128.31 14.5109 305.476
    endloop
  endfacet
  facet normal -1 -0 0
    outer loop
      vertex 128.31 14.5109 305.476
      vertex 128.31 8.16838 296.6
      vertex 128.31 14.4943 305.815
    endloop
  endfacet
  facet normal -1 -0 0
    outer loop
      vertex 128.31 14.4943 305.815
      vertex 128.31 8.16838 296.6
      vertex 128.31 14.2094 313.395
    endloop
  endfacet
  facet normal -1 -0 0
    outer loop
      vertex 128.31 14.2094 313.395
      vertex 128.31 8.16838 296.6
      vertex 128.31 14.1778 313.943
    endloop
  endfacet
  facet normal -1 0 0
    outer loop
      vertex 128.31 8.16838 331
      vertex 128.31 14.1778 313.943
      vertex 128.31 8.16838 296.6
    endloop
  endfacet
  facet normal -1 0 0
    outer loop
      vertex 128.31 14.1778 313.943
      vertex 128.31 8.16838 331
      vertex 128.31 13.8472 321.094
    endloop
  endfacet
  facet normal -1 0 0
    outer loop
      vertex 128.31 13.8472 321.094
      vertex 128.31 8.16838 331
      vertex 128.31 13.7973 321.832
    endloop
  endfacet
  facet normal -1 0 0
    outer loop
      vertex 128.31 13.7973 321.832
      vertex 128.31 8.16838 331
      vertex 128.31 13.4213 328.547
    endloop
  endfacet
  facet normal -1 0 0
    outer loop
      vertex 128.31 13.4213 328.547
      vertex 128.31 8.16838 331
      vertex 128.31 13.3496 329.452
    endloop
  endfacet
  facet normal -1 0 0
    outer loop
      vertex 128.31 13.3496 329.452
      vertex 128.31 8.16838 331
      vertex 128.31 13.145 332.5
    endloop
  endfacet
  facet normal -1 0 0
    outer loop
      vertex 128.31 1.23957 332.5
      vertex 128.31 8.16838 331
      vertex 128.31 4.97494 331
    endloop
  endfacet
  facet normal -1 0 0
    outer loop
      vertex 128.31 8.16838 331
      vertex 128.31 1.23957 332.5
      vertex 128.31 13.145 332.5
    endloop
  endfacet
  facet normal -0 0 1
    outer loop
      vertex 128.26 4.97166 296.6
      vertex 128.31 0.283412 296.6
      vertex 128.31 4.97494 296.6
    endloop
  endfacet
  facet normal 0 0 1
    outer loop
      vertex 128.21 0.28112 296.6
      vertex 128.26 4.97166 296.6
      vertex 128.21 4.97494 296.6
    endloop
  endfacet
  facet normal 0 0 1
    outer loop
      vertex 128.26 4.97166 296.6
      vertex 128.21 0.28112 296.6
      vertex 128.31 0.283412 296.6
    endloop
  endfacet
  facet normal -0 0 1
    outer loop
      vertex 128.21 14.7628 296.6
      vertex 128.31 8.16838 296.6
      vertex 128.31 14.7719 296.6
    endloop
  endfacet
  facet normal 0 0 1
    outer loop
      vertex 128.31 8.16838 296.6
      vertex 128.21 14.7628 296.6
      vertex 128.26 8.17166 296.6
    endloop
  endfacet
  facet normal 0 0 1
    outer loop
      vertex 128.26 8.17166 296.6
      vertex 128.21 14.7628 296.6
      vertex 128.21 8.16838 296.6
    endloop
  endfacet
  facet normal -0.997859 -0.0653981 0
    outer loop
      vertex 129.86 6.57166 296
      vertex 129.846 6.7805 331
      vertex 129.846 6.7805 296
    endloop
  endfacet
  facet normal -0.997859 -0.0653981 0
    outer loop
      vertex 129.846 6.7805 331
      vertex 129.86 6.57166 296
      vertex 129.86 6.57166 331
    endloop
  endfacet
  facet normal 0.997859 -0.0653981 0
    outer loop
      vertex 126.66 6.57166 331
      vertex 126.674 6.7805 296
      vertex 126.674 6.7805 331
    endloop
  endfacet
  facet normal 0.997859 -0.0653981 0
    outer loop
      vertex 126.674 6.7805 296
      vertex 126.66 6.57166 331
      vertex 126.66 6.57166 296
    endloop
  endfacet
  facet normal 0.0654036 -0.997859 0
    outer loop
      vertex 128.051 8.15797 331
      vertex 128.21 8.16838 296.6
      vertex 128.21 8.16838 331
    endloop
  endfacet
  facet normal 0.0654036 -0.997859 0
    outer loop
      vertex 128.051 8.15797 296
      vertex 128.21 8.16838 296.6
      vertex 128.051 8.15797 331
    endloop
  endfacet
  facet normal 0.0654056 -0.997859 -5.40963e-007
    outer loop
      vertex 128.26 8.17166 296
      vertex 128.21 8.16838 296.6
      vertex 128.051 8.15797 296
    endloop
  endfacet
  facet normal 0.0654121 -0.997858 0
    outer loop
      vertex 128.21 8.16838 296.6
      vertex 128.26 8.17166 296
      vertex 128.26 8.17166 296.6
    endloop
  endfacet
  facet normal -0.0654006 0.997859 0
    outer loop
      vertex 128.469 4.98535 331
      vertex 128.31 4.97494 296.6
      vertex 128.31 4.97494 331
    endloop
  endfacet
  facet normal -0.0654006 0.997859 0
    outer loop
      vertex 128.469 4.98535 296
      vertex 128.31 4.97494 296.6
      vertex 128.469 4.98535 331
    endloop
  endfacet
  facet normal -0.0654009 0.997859 -6.88902e-008
    outer loop
      vertex 128.26 4.97166 296
      vertex 128.31 4.97494 296.6
      vertex 128.469 4.98535 296
    endloop
  endfacet
  facet normal -0.0654017 0.997859 0
    outer loop
      vertex 128.31 4.97494 296.6
      vertex 128.26 4.97166 296
      vertex 128.26 4.97166 296.6
    endloop
  endfacet
  facet normal -0.751862 0.659321 0
    outer loop
      vertex 129.391 5.44029 296
      vertex 129.529 5.59764 331
      vertex 129.529 5.59764 296
    endloop
  endfacet
  facet normal -0.751862 0.659321 0
    outer loop
      vertex 129.529 5.59764 331
      vertex 129.391 5.44029 296
      vertex 129.391 5.44029 331
    endloop
  endfacet
  facet normal -0.659356 -0.751831 0
    outer loop
      vertex 129.234 7.84102 296
      vertex 129.391 7.70303 331
      vertex 129.234 7.84102 331
    endloop
  endfacet
  facet normal -0.659356 -0.751831 -0
    outer loop
      vertex 129.391 7.70303 331
      vertex 129.234 7.84102 296
      vertex 129.391 7.70303 296
    endloop
  endfacet
  facet normal 0.751825 -0.659362 0
    outer loop
      vertex 126.991 7.54568 331
      vertex 127.129 7.70303 296
      vertex 127.129 7.70303 331
    endloop
  endfacet
  facet normal 0.751825 -0.659362 0
    outer loop
      vertex 127.129 7.70303 296
      vertex 126.991 7.54568 331
      vertex 126.991 7.54568 296
    endloop
  endfacet
  facet normal 0.442289 -0.896872 0
    outer loop
      vertex 127.46 7.9573 296
      vertex 127.648 8.04986 331
      vertex 127.46 7.9573 331
    endloop
  endfacet
  facet normal 0.442289 -0.896872 0
    outer loop
      vertex 127.648 8.04986 331
      vertex 127.46 7.9573 296
      vertex 127.648 8.04986 296
    endloop
  endfacet
  facet normal -0.896885 -0.442264 0
    outer loop
      vertex 129.738 7.18395 296
      vertex 129.646 7.37166 331
      vertex 129.646 7.37166 296
    endloop
  endfacet
  facet normal -0.896885 -0.442264 0
    outer loop
      vertex 129.646 7.37166 331
      vertex 129.738 7.18395 296
      vertex 129.738 7.18395 331
    endloop
  endfacet
  facet normal -0.831444 -0.555608 0
    outer loop
      vertex 129.646 7.37166 296
      vertex 129.529 7.54568 331
      vertex 129.529 7.54568 296
    endloop
  endfacet
  facet normal -0.831444 -0.555608 0
    outer loop
      vertex 129.529 7.54568 331
      vertex 129.646 7.37166 296
      vertex 129.646 7.37166 331
    endloop
  endfacet
  facet normal -0.32142 -0.946937 0
    outer loop
      vertex 128.674 8.11714 296
      vertex 128.872 8.04986 331
      vertex 128.674 8.11714 331
    endloop
  endfacet
  facet normal -0.32142 -0.946937 -0
    outer loop
      vertex 128.872 8.04986 331
      vertex 128.674 8.11714 296
      vertex 128.872 8.04986 296
    endloop
  endfacet
  facet normal -0.195098 -0.980784 0
    outer loop
      vertex 128.469 8.15797 296
      vertex 128.674 8.11714 331
      vertex 128.469 8.15797 331
    endloop
  endfacet
  facet normal -0.195098 -0.980784 -0
    outer loop
      vertex 128.674 8.11714 331
      vertex 128.469 8.15797 296
      vertex 128.674 8.11714 296
    endloop
  endfacet
  facet normal -0.442304 -0.896865 0
    outer loop
      vertex 128.872 8.04986 296
      vertex 129.06 7.9573 331
      vertex 128.872 8.04986 331
    endloop
  endfacet
  facet normal -0.442304 -0.896865 -0
    outer loop
      vertex 129.06 7.9573 331
      vertex 128.872 8.04986 296
      vertex 129.06 7.9573 296
    endloop
  endfacet
  facet normal 0.946927 -0.321448 0
    outer loop
      vertex 126.715 6.98577 331
      vertex 126.782 7.18395 296
      vertex 126.782 7.18395 331
    endloop
  endfacet
  facet normal 0.946927 -0.321448 0
    outer loop
      vertex 126.782 7.18395 296
      vertex 126.715 6.98577 331
      vertex 126.715 6.98577 296
    endloop
  endfacet
  facet normal 0.896871 -0.442293 0
    outer loop
      vertex 126.782 7.18395 331
      vertex 126.874 7.37166 296
      vertex 126.874 7.37166 331
    endloop
  endfacet
  facet normal 0.896871 -0.442293 0
    outer loop
      vertex 126.874 7.37166 296
      vertex 126.782 7.18395 331
      vertex 126.782 7.18395 296
    endloop
  endfacet
  facet normal 0.98079 -0.195064 0
    outer loop
      vertex 126.674 6.7805 331
      vertex 126.715 6.98577 296
      vertex 126.715 6.98577 331
    endloop
  endfacet
  facet normal 0.98079 -0.195064 0
    outer loop
      vertex 126.715 6.98577 296
      vertex 126.674 6.7805 331
      vertex 126.674 6.7805 296
    endloop
  endfacet
  facet normal 0 0 -1
    outer loop
      vertex 129.846 6.36282 331
      vertex 129.846 6.7805 331
      vertex 129.86 6.57166 331
    endloop
  endfacet
  facet normal 0 0 -1
    outer loop
      vertex 129.806 6.15755 331
      vertex 129.846 6.7805 331
      vertex 129.846 6.36282 331
    endloop
  endfacet
  facet normal 0 0 -1
    outer loop
      vertex 129.806 6.15755 331
      vertex 129.806 6.98577 331
      vertex 129.846 6.7805 331
    endloop
  endfacet
  facet normal 0 0 -1
    outer loop
      vertex 129.738 5.95936 331
      vertex 129.806 6.98577 331
      vertex 129.806 6.15755 331
    endloop
  endfacet
  facet normal 0 0 -1
    outer loop
      vertex 129.738 5.95936 331
      vertex 129.738 7.18395 331
      vertex 129.806 6.98577 331
    endloop
  endfacet
  facet normal 0 0 -1
    outer loop
      vertex 129.646 5.77166 331
      vertex 129.738 7.18395 331
      vertex 129.738 5.95936 331
    endloop
  endfacet
  facet normal 0 0 -1
    outer loop
      vertex 129.646 5.77166 331
      vertex 129.646 7.37166 331
      vertex 129.738 7.18395 331
    endloop
  endfacet
  facet normal 0 0 -1
    outer loop
      vertex 129.529 5.59764 331
      vertex 129.646 7.37166 331
      vertex 129.646 5.77166 331
    endloop
  endfacet
  facet normal 0 0 -1
    outer loop
      vertex 129.529 5.59764 331
      vertex 129.529 7.54568 331
      vertex 129.646 7.37166 331
    endloop
  endfacet
  facet normal 0 0 -1
    outer loop
      vertex 129.391 5.44029 331
      vertex 129.529 7.54568 331
      vertex 129.529 5.59764 331
    endloop
  endfacet
  facet normal 0 0 -1
    outer loop
      vertex 129.391 5.44029 331
      vertex 129.391 7.70303 331
      vertex 129.529 7.54568 331
    endloop
  endfacet
  facet normal 0 0 -1
    outer loop
      vertex 129.234 5.30229 331
      vertex 129.391 7.70303 331
      vertex 129.391 5.44029 331
    endloop
  endfacet
  facet normal 0 0 -1
    outer loop
      vertex 129.234 5.30229 331
      vertex 129.234 7.84102 331
      vertex 129.391 7.70303 331
    endloop
  endfacet
  facet normal 0 0 -1
    outer loop
      vertex 129.06 5.18602 331
      vertex 129.234 7.84102 331
      vertex 129.234 5.30229 331
    endloop
  endfacet
  facet normal 0 0 -1
    outer loop
      vertex 129.06 5.18602 331
      vertex 129.06 7.9573 331
      vertex 129.234 7.84102 331
    endloop
  endfacet
  facet normal 0 0 -1
    outer loop
      vertex 128.872 5.09345 331
      vertex 129.06 7.9573 331
      vertex 129.06 5.18602 331
    endloop
  endfacet
  facet normal 0 0 -1
    outer loop
      vertex 128.872 5.09345 331
      vertex 128.872 8.04986 331
      vertex 129.06 7.9573 331
    endloop
  endfacet
  facet normal 0 0 -1
    outer loop
      vertex 128.674 5.02618 331
      vertex 128.872 8.04986 331
      vertex 128.872 5.09345 331
    endloop
  endfacet
  facet normal 0 0 -1
    outer loop
      vertex 128.674 5.02618 331
      vertex 128.674 8.11714 331
      vertex 128.872 8.04986 331
    endloop
  endfacet
  facet normal 0 0 -1
    outer loop
      vertex 128.31 4.97494 331
      vertex 128.674 5.02618 331
      vertex 128.469 4.98535 331
    endloop
  endfacet
  facet normal -0 0 -1
    outer loop
      vertex 128.674 5.02618 331
      vertex 128.31 4.97494 331
      vertex 128.674 8.11714 331
    endloop
  endfacet
  facet normal 0 0 -1
    outer loop
      vertex 128.31 8.16838 331
      vertex 128.674 8.11714 331
      vertex 128.31 4.97494 331
    endloop
  endfacet
  facet normal 0 0 -1
    outer loop
      vertex 128.674 8.11714 331
      vertex 128.31 8.16838 331
      vertex 128.469 8.15797 331
    endloop
  endfacet
  facet normal 0 0 -1
    outer loop
      vertex 127.846 5.02618 331
      vertex 128.21 4.97494 331
      vertex 128.051 4.98535 331
    endloop
  endfacet
  facet normal 0 0 -1
    outer loop
      vertex 128.21 4.97494 331
      vertex 127.846 5.02618 331
      vertex 128.21 8.16838 331
    endloop
  endfacet
  facet normal 0 0 -1
    outer loop
      vertex 127.846 8.11714 331
      vertex 128.21 8.16838 331
      vertex 127.846 5.02618 331
    endloop
  endfacet
  facet normal 0 0 -1
    outer loop
      vertex 128.21 8.16838 331
      vertex 127.846 8.11714 331
      vertex 128.051 8.15797 331
    endloop
  endfacet
  facet normal 0 0 -1
    outer loop
      vertex 127.648 5.09345 331
      vertex 127.846 8.11714 331
      vertex 127.846 5.02618 331
    endloop
  endfacet
  facet normal 0 0 -1
    outer loop
      vertex 127.648 5.09345 331
      vertex 127.648 8.04986 331
      vertex 127.846 8.11714 331
    endloop
  endfacet
  facet normal 0 0 -1
    outer loop
      vertex 127.46 5.18602 331
      vertex 127.648 8.04986 331
      vertex 127.648 5.09345 331
    endloop
  endfacet
  facet normal 0 0 -1
    outer loop
      vertex 127.46 5.18602 331
      vertex 127.46 7.9573 331
      vertex 127.648 8.04986 331
    endloop
  endfacet
  facet normal 0 0 -1
    outer loop
      vertex 127.286 5.30229 331
      vertex 127.46 7.9573 331
      vertex 127.46 5.18602 331
    endloop
  endfacet
  facet normal 0 0 -1
    outer loop
      vertex 127.286 5.30229 331
      vertex 127.286 7.84102 331
      vertex 127.46 7.9573 331
    endloop
  endfacet
  facet normal 0 0 -1
    outer loop
      vertex 127.129 5.44029 331
      vertex 127.286 7.84102 331
      vertex 127.286 5.30229 331
    endloop
  endfacet
  facet normal 0 0 -1
    outer loop
      vertex 127.129 5.44029 331
      vertex 127.129 7.70303 331
      vertex 127.286 7.84102 331
    endloop
  endfacet
  facet normal 0 0 -1
    outer loop
      vertex 126.991 5.59764 331
      vertex 127.129 7.70303 331
      vertex 127.129 5.44029 331
    endloop
  endfacet
  facet normal 0 0 -1
    outer loop
      vertex 126.991 5.59764 331
      vertex 126.991 7.54568 331
      vertex 127.129 7.70303 331
    endloop
  endfacet
  facet normal 0 0 -1
    outer loop
      vertex 126.874 5.77166 331
      vertex 126.991 7.54568 331
      vertex 126.991 5.59764 331
    endloop
  endfacet
  facet normal 0 0 -1
    outer loop
      vertex 126.874 5.77166 331
      vertex 126.874 7.37166 331
      vertex 126.991 7.54568 331
    endloop
  endfacet
  facet normal 0 0 -1
    outer loop
      vertex 126.782 5.95936 331
      vertex 126.874 7.37166 331
      vertex 126.874 5.77166 331
    endloop
  endfacet
  facet normal 0 0 -1
    outer loop
      vertex 126.782 5.95936 331
      vertex 126.782 7.18395 331
      vertex 126.874 7.37166 331
    endloop
  endfacet
  facet normal 0 0 -1
    outer loop
      vertex 126.715 6.15755 331
      vertex 126.782 7.18395 331
      vertex 126.782 5.95936 331
    endloop
  endfacet
  facet normal 0 0 -1
    outer loop
      vertex 126.715 6.15755 331
      vertex 126.715 6.98577 331
      vertex 126.782 7.18395 331
    endloop
  endfacet
  facet normal 0 0 -1
    outer loop
      vertex 126.674 6.36282 331
      vertex 126.715 6.98577 331
      vertex 126.715 6.15755 331
    endloop
  endfacet
  facet normal 0 0 -1
    outer loop
      vertex 126.674 6.36282 331
      vertex 126.674 6.7805 331
      vertex 126.715 6.98577 331
    endloop
  endfacet
  facet normal 0 -0 -1
    outer loop
      vertex 126.674 6.7805 331
      vertex 126.674 6.36282 331
      vertex 126.66 6.57166 331
    endloop
  endfacet
  facet normal 0.555567 -0.831471 0
    outer loop
      vertex 127.286 7.84102 296
      vertex 127.46 7.9573 331
      vertex 127.286 7.84102 331
    endloop
  endfacet
  facet normal 0.555567 -0.831471 0
    outer loop
      vertex 127.46 7.9573 331
      vertex 127.286 7.84102 296
      vertex 127.46 7.9573 296
    endloop
  endfacet
  facet normal 0.321442 -0.946929 0
    outer loop
      vertex 127.648 8.04986 296
      vertex 127.846 8.11714 331
      vertex 127.648 8.04986 331
    endloop
  endfacet
  facet normal 0.321442 -0.946929 0
    outer loop
      vertex 127.846 8.11714 331
      vertex 127.648 8.04986 296
      vertex 127.846 8.11714 296
    endloop
  endfacet
  facet normal -0.195098 0.980784 0
    outer loop
      vertex 128.674 5.02618 296
      vertex 128.469 4.98535 331
      vertex 128.674 5.02618 331
    endloop
  endfacet
  facet normal -0.195098 0.980784 0
    outer loop
      vertex 128.469 4.98535 331
      vertex 128.674 5.02618 296
      vertex 128.469 4.98535 296
    endloop
  endfacet
  facet normal -0.946927 -0.321448 0
    outer loop
      vertex 129.806 6.98577 296
      vertex 129.738 7.18395 331
      vertex 129.738 7.18395 296
    endloop
  endfacet
  facet normal -0.946927 -0.321448 0
    outer loop
      vertex 129.738 7.18395 331
      vertex 129.806 6.98577 296
      vertex 129.806 6.98577 331
    endloop
  endfacet
  facet normal -0.980783 -0.1951 0
    outer loop
      vertex 129.846 6.7805 296
      vertex 129.806 6.98577 331
      vertex 129.806 6.98577 296
    endloop
  endfacet
  facet normal -0.980783 -0.1951 0
    outer loop
      vertex 129.806 6.98577 331
      vertex 129.846 6.7805 296
      vertex 129.846 6.7805 331
    endloop
  endfacet
  facet normal -0.751862 -0.659321 0
    outer loop
      vertex 129.529 7.54568 296
      vertex 129.391 7.70303 331
      vertex 129.391 7.70303 296
    endloop
  endfacet
  facet normal -0.751862 -0.659321 0
    outer loop
      vertex 129.391 7.70303 331
      vertex 129.529 7.54568 296
      vertex 129.529 7.54568 331
    endloop
  endfacet
  facet normal -0.0653922 -0.99786 -0
    outer loop
      vertex 128.26 8.17166 296.6
      vertex 128.26 8.17166 296
      vertex 128.31 8.16838 296.6
    endloop
  endfacet
  facet normal -0.0654036 -0.997859 0
    outer loop
      vertex 128.31 8.16838 296.6
      vertex 128.469 8.15797 331
      vertex 128.31 8.16838 331
    endloop
  endfacet
  facet normal -0.0654036 -0.997859 0
    outer loop
      vertex 128.31 8.16838 296.6
      vertex 128.469 8.15797 296
      vertex 128.469 8.15797 331
    endloop
  endfacet
  facet normal -0.0654009 -0.997859 7.24129e-007
    outer loop
      vertex 128.469 8.15797 296
      vertex 128.31 8.16838 296.6
      vertex 128.26 8.17166 296
    endloop
  endfacet
  facet normal -0.555551 -0.831483 0
    outer loop
      vertex 129.06 7.9573 296
      vertex 129.234 7.84102 331
      vertex 129.06 7.9573 331
    endloop
  endfacet
  facet normal -0.555551 -0.831483 -0
    outer loop
      vertex 129.234 7.84102 331
      vertex 129.06 7.9573 296
      vertex 129.234 7.84102 296
    endloop
  endfacet
  facet normal 0.831478 -0.555558 0
    outer loop
      vertex 126.874 7.37166 331
      vertex 126.991 7.54568 296
      vertex 126.991 7.54568 331
    endloop
  endfacet
  facet normal 0.831478 -0.555558 0
    outer loop
      vertex 126.991 7.54568 296
      vertex 126.874 7.37166 331
      vertex 126.874 7.37166 296
    endloop
  endfacet
  facet normal 0.659356 -0.751831 0
    outer loop
      vertex 127.129 7.70303 296
      vertex 127.286 7.84102 331
      vertex 127.129 7.70303 331
    endloop
  endfacet
  facet normal 0.659356 -0.751831 0
    outer loop
      vertex 127.286 7.84102 331
      vertex 127.129 7.70303 296
      vertex 127.286 7.84102 296
    endloop
  endfacet
  facet normal 0.195084 -0.980787 0
    outer loop
      vertex 127.846 8.11714 296
      vertex 128.051 8.15797 331
      vertex 127.846 8.11714 331
    endloop
  endfacet
  facet normal 0.195084 -0.980787 0
    outer loop
      vertex 128.051 8.15797 331
      vertex 127.846 8.11714 296
      vertex 128.051 8.15797 296
    endloop
  endfacet
  facet normal -0.946927 0.321448 0
    outer loop
      vertex 129.738 5.95936 296
      vertex 129.806 6.15755 331
      vertex 129.806 6.15755 296
    endloop
  endfacet
  facet normal -0.946927 0.321448 0
    outer loop
      vertex 129.806 6.15755 331
      vertex 129.738 5.95936 296
      vertex 129.738 5.95936 331
    endloop
  endfacet
  facet normal -0.980783 0.1951 0
    outer loop
      vertex 129.806 6.15755 296
      vertex 129.846 6.36282 331
      vertex 129.846 6.36282 296
    endloop
  endfacet
  facet normal -0.980783 0.1951 0
    outer loop
      vertex 129.846 6.36282 331
      vertex 129.806 6.15755 296
      vertex 129.806 6.15755 331
    endloop
  endfacet
  facet normal 0.997859 0.0653981 0
    outer loop
      vertex 126.674 6.36282 331
      vertex 126.66 6.57166 296
      vertex 126.66 6.57166 331
    endloop
  endfacet
  facet normal 0.997859 0.0653981 0
    outer loop
      vertex 126.66 6.57166 296
      vertex 126.674 6.36282 331
      vertex 126.674 6.36282 296
    endloop
  endfacet
  facet normal -0.555551 0.831483 0
    outer loop
      vertex 129.234 5.30229 296
      vertex 129.06 5.18602 331
      vertex 129.234 5.30229 331
    endloop
  endfacet
  facet normal -0.555551 0.831483 0
    outer loop
      vertex 129.06 5.18602 331
      vertex 129.234 5.30229 296
      vertex 129.06 5.18602 296
    endloop
  endfacet
  facet normal -0.442304 0.896865 0
    outer loop
      vertex 129.06 5.18602 296
      vertex 128.872 5.09345 331
      vertex 129.06 5.18602 331
    endloop
  endfacet
  facet normal -0.442304 0.896865 0
    outer loop
      vertex 128.872 5.09345 331
      vertex 129.06 5.18602 296
      vertex 128.872 5.09345 296
    endloop
  endfacet
  facet normal -0.831444 0.555608 0
    outer loop
      vertex 129.529 5.59764 296
      vertex 129.646 5.77166 331
      vertex 129.646 5.77166 296
    endloop
  endfacet
  facet normal -0.831444 0.555608 0
    outer loop
      vertex 129.646 5.77166 331
      vertex 129.529 5.59764 296
      vertex 129.529 5.59764 331
    endloop
  endfacet
  facet normal -0.997859 0.0653981 0
    outer loop
      vertex 129.846 6.36282 296
      vertex 129.86 6.57166 331
      vertex 129.86 6.57166 296
    endloop
  endfacet
  facet normal -0.997859 0.0653981 0
    outer loop
      vertex 129.86 6.57166 331
      vertex 129.846 6.36282 296
      vertex 129.846 6.36282 331
    endloop
  endfacet
  facet normal 0.321442 0.946929 -0
    outer loop
      vertex 127.846 5.02618 296
      vertex 127.648 5.09345 331
      vertex 127.846 5.02618 331
    endloop
  endfacet
  facet normal 0.321442 0.946929 0
    outer loop
      vertex 127.648 5.09345 331
      vertex 127.846 5.02618 296
      vertex 127.648 5.09345 296
    endloop
  endfacet
  facet normal 0.751825 0.659362 0
    outer loop
      vertex 127.129 5.44029 331
      vertex 126.991 5.59764 296
      vertex 126.991 5.59764 331
    endloop
  endfacet
  facet normal 0.751825 0.659362 0
    outer loop
      vertex 126.991 5.59764 296
      vertex 127.129 5.44029 331
      vertex 127.129 5.44029 296
    endloop
  endfacet
  facet normal 0.98079 0.195064 0
    outer loop
      vertex 126.715 6.15755 331
      vertex 126.674 6.36282 296
      vertex 126.674 6.36282 331
    endloop
  endfacet
  facet normal 0.98079 0.195064 0
    outer loop
      vertex 126.674 6.36282 296
      vertex 126.715 6.15755 331
      vertex 126.715 6.15755 296
    endloop
  endfacet
  facet normal 0.946927 0.321448 0
    outer loop
      vertex 126.782 5.95936 331
      vertex 126.715 6.15755 296
      vertex 126.715 6.15755 331
    endloop
  endfacet
  facet normal 0.946927 0.321448 0
    outer loop
      vertex 126.715 6.15755 296
      vertex 126.782 5.95936 331
      vertex 126.782 5.95936 296
    endloop
  endfacet
  facet normal -0.659356 0.751831 0
    outer loop
      vertex 129.391 5.44029 296
      vertex 129.234 5.30229 331
      vertex 129.391 5.44029 331
    endloop
  endfacet
  facet normal -0.659356 0.751831 0
    outer loop
      vertex 129.234 5.30229 331
      vertex 129.391 5.44029 296
      vertex 129.234 5.30229 296
    endloop
  endfacet
  facet normal -0.32142 0.946937 0
    outer loop
      vertex 128.872 5.09345 296
      vertex 128.674 5.02618 331
      vertex 128.872 5.09345 331
    endloop
  endfacet
  facet normal -0.32142 0.946937 0
    outer loop
      vertex 128.674 5.02618 331
      vertex 128.872 5.09345 296
      vertex 128.674 5.02618 296
    endloop
  endfacet
  facet normal -0.896885 0.442264 0
    outer loop
      vertex 129.646 5.77166 296
      vertex 129.738 5.95936 331
      vertex 129.738 5.95936 296
    endloop
  endfacet
  facet normal -0.896885 0.442264 0
    outer loop
      vertex 129.738 5.95936 331
      vertex 129.646 5.77166 296
      vertex 129.646 5.77166 331
    endloop
  endfacet
  facet normal 0.555567 0.831471 -0
    outer loop
      vertex 127.46 5.18602 296
      vertex 127.286 5.30229 331
      vertex 127.46 5.18602 331
    endloop
  endfacet
  facet normal 0.555567 0.831471 0
    outer loop
      vertex 127.286 5.30229 331
      vertex 127.46 5.18602 296
      vertex 127.286 5.30229 296
    endloop
  endfacet
  facet normal 0.195084 0.980787 -0
    outer loop
      vertex 128.051 4.98535 296
      vertex 127.846 5.02618 331
      vertex 128.051 4.98535 331
    endloop
  endfacet
  facet normal 0.195084 0.980787 0
    outer loop
      vertex 127.846 5.02618 331
      vertex 128.051 4.98535 296
      vertex 127.846 5.02618 296
    endloop
  endfacet
  facet normal 0.659356 0.751831 -0
    outer loop
      vertex 127.286 5.30229 296
      vertex 127.129 5.44029 331
      vertex 127.286 5.30229 331
    endloop
  endfacet
  facet normal 0.659356 0.751831 0
    outer loop
      vertex 127.129 5.44029 331
      vertex 127.286 5.30229 296
      vertex 127.129 5.44029 296
    endloop
  endfacet
  facet normal 0.831478 0.555558 0
    outer loop
      vertex 126.991 5.59764 331
      vertex 126.874 5.77166 296
      vertex 126.874 5.77166 331
    endloop
  endfacet
  facet normal 0.831478 0.555558 0
    outer loop
      vertex 126.874 5.77166 296
      vertex 126.991 5.59764 331
      vertex 126.991 5.59764 296
    endloop
  endfacet
  facet normal 0.896871 0.442293 0
    outer loop
      vertex 126.874 5.77166 331
      vertex 126.782 5.95936 296
      vertex 126.782 5.95936 331
    endloop
  endfacet
  facet normal 0.896871 0.442293 0
    outer loop
      vertex 126.782 5.95936 296
      vertex 126.874 5.77166 331
      vertex 126.874 5.77166 296
    endloop
  endfacet
  facet normal 0.0654216 0.997858 0
    outer loop
      vertex 128.26 4.97166 296.6
      vertex 128.26 4.97166 296
      vertex 128.21 4.97494 296.6
    endloop
  endfacet
  facet normal 0.0654006 0.997859 -0
    outer loop
      vertex 128.21 4.97494 296.6
      vertex 128.051 4.98535 331
      vertex 128.21 4.97494 331
    endloop
  endfacet
  facet normal 0.0654006 0.997859 0
    outer loop
      vertex 128.21 4.97494 296.6
      vertex 128.051 4.98535 296
      vertex 128.051 4.98535 331
    endloop
  endfacet
  facet normal 0.0654056 0.997859 -1.33398e-006
    outer loop
      vertex 128.051 4.98535 296
      vertex 128.21 4.97494 296.6
      vertex 128.26 4.97166 296
    endloop
  endfacet
  facet normal 0.442289 0.896872 -0
    outer loop
      vertex 127.648 5.09345 296
      vertex 127.46 5.18602 331
      vertex 127.648 5.09345 331
    endloop
  endfacet
  facet normal 0.442289 0.896872 0
    outer loop
      vertex 127.46 5.18602 331
      vertex 127.648 5.09345 296
      vertex 127.46 5.18602 296
    endloop
  endfacet
  facet normal 5.57401e-006 0.707106 0.707107
    outer loop
      vertex 211.964 18.1888 507.502
      vertex 212.518 14.2527 511.439
      vertex 214.163 18.3918 507.299
    endloop
  endfacet
  facet normal -5.28381e-005 0.707102 0.707111
    outer loop
      vertex 211.711 18.1736 507.518
      vertex 212.518 14.2527 511.439
      vertex 211.964 18.1888 507.502
    endloop
  endfacet
  facet normal 5.84856e-006 0.707108 0.707105
    outer loop
      vertex 209.537 17.9378 507.754
      vertex 212.518 14.2527 511.439
      vertex 211.711 18.1736 507.518
    endloop
  endfacet
  facet normal -1.09414e-005 0.707107 0.707107
    outer loop
      vertex 209.058 14.2527 511.439
      vertex 209.537 17.9378 507.754
      vertex 209.29 17.9191 507.772
    endloop
  endfacet
  facet normal 0 0.707106 0.707108
    outer loop
      vertex 209.537 17.9378 507.754
      vertex 209.058 14.2527 511.439
      vertex 212.518 14.2527 511.439
    endloop
  endfacet
  facet normal 4.26345e-005 0.70712 0.707094
    outer loop
      vertex 206.904 17.6256 508.066
      vertex 209.058 14.2527 511.439
      vertex 207.144 17.648 508.043
    endloop
  endfacet
  facet normal -4.33972e-006 0.707107 0.707107
    outer loop
      vertex 207.144 17.648 508.043
      vertex 209.058 14.2527 511.439
      vertex 209.29 17.9191 507.772
    endloop
  endfacet
  facet normal 1.51164e-006 0.707106 0.707108
    outer loop
      vertex 277.751 16.8772 508.814
      vertex 281.742 12.3469 513.344
      vertex 280.206 16.691 509
    endloop
  endfacet
  facet normal 2.23732e-005 0.707115 0.707098
    outer loop
      vertex 277.49 16.9045 508.787
      vertex 281.742 12.3469 513.344
      vertex 277.751 16.8772 508.814
    endloop
  endfacet
  facet normal 0.000120541 0.707161 0.707053
    outer loop
      vertex 281.742 12.3469 513.344
      vertex 277.49 16.9045 508.787
      vertex 281.839 12.0451 513.646
    endloop
  endfacet
  facet normal -1.73286e-006 0.707106 0.707107
    outer loop
      vertex 272.542 17.2829 508.408
      vertex 281.839 12.0451 513.646
      vertex 277.49 16.9045 508.787
    endloop
  endfacet
  facet normal 2.80897e-005 0.707133 0.707081
    outer loop
      vertex 272.006 17.3392 508.352
      vertex 281.839 12.0451 513.646
      vertex 272.542 17.2829 508.408
    endloop
  endfacet
  facet normal -5.78267e-006 0.707101 0.707112
    outer loop
      vertex 269.548 17.5235 508.168
      vertex 281.839 12.0451 513.646
      vertex 272.006 17.3392 508.352
    endloop
  endfacet
  facet normal 4.35279e-006 0.707104 0.70711
    outer loop
      vertex 254.977 9.07461 516.617
      vertex 269.548 17.5235 508.168
      vertex 269.278 17.5514 508.14
    endloop
  endfacet
  facet normal 5.97326e-006 0.707102 0.707111
    outer loop
      vertex 254.977 9.07461 516.617
      vertex 269.278 17.5514 508.14
      vertex 266.835 17.7286 507.963
    endloop
  endfacet
  facet normal -6.11292e-005 0.707148 0.707065
    outer loop
      vertex 254.977 9.07461 516.617
      vertex 266.835 17.7286 507.963
      vertex 266.563 17.7561 507.935
    endloop
  endfacet
  facet normal 6.68791e-006 0.707103 0.707111
    outer loop
      vertex 254.977 9.07461 516.617
      vertex 266.563 17.7561 507.935
      vertex 264.131 17.9244 507.767
    endloop
  endfacet
  facet normal -5.37977e-005 0.707134 0.707079
    outer loop
      vertex 254.977 9.07461 516.617
      vertex 264.131 17.9244 507.767
      vertex 263.858 17.9512 507.74
    endloop
  endfacet
  facet normal 1.64259e-006 0.707107 0.707107
    outer loop
      vertex 254.977 9.07461 516.617
      vertex 263.858 17.9512 507.74
      vertex 261.436 18.1092 507.582
    endloop
  endfacet
  facet normal 4.5983e-005 0.707091 0.707123
    outer loop
      vertex 254.977 9.07461 516.617
      vertex 261.436 18.1092 507.582
      vertex 261.16 18.1351 507.556
    endloop
  endfacet
  facet normal -7.02428e-006 0.707109 0.707105
    outer loop
      vertex 254.977 9.07461 516.617
      vertex 261.16 18.1351 507.556
      vertex 258.749 18.2812 507.41
    endloop
  endfacet
  facet normal 9.49983e-006 0.707105 0.707108
    outer loop
      vertex 254.977 9.07461 516.617
      vertex 258.749 18.2812 507.41
      vertex 258.472 18.306 507.385
    endloop
  endfacet
  facet normal 4.99779e-006 0.707106 0.707107
    outer loop
      vertex 254.977 9.07461 516.617
      vertex 258.472 18.306 507.385
      vertex 256.07 18.439 507.252
    endloop
  endfacet
  facet normal -4.69325e-005 0.707145 0.707069
    outer loop
      vertex 251.938 15.9782 509.713
      vertex 256.07 18.439 507.252
      vertex 255.792 18.4625 507.229
    endloop
  endfacet
  facet normal -1.12456e-007 0.707108 0.707106
    outer loop
      vertex 269.548 17.5235 508.168
      vertex 254.977 9.07461 516.617
      vertex 281.839 12.0451 513.646
    endloop
  endfacet
  facet normal -1.65293e-006 0.707107 0.707107
    outer loop
      vertex 256.07 18.439 507.252
      vertex 251.938 15.9782 509.713
      vertex 254.977 9.07461 516.617
    endloop
  endfacet
  facet normal 4.84821e-006 0.707105 0.707109
    outer loop
      vertex 251.938 15.9782 509.713
      vertex 255.792 18.4625 507.229
      vertex 253.399 18.5813 507.11
    endloop
  endfacet
  facet normal 9.10752e-006 0.707103 0.70711
    outer loop
      vertex 251.938 15.9782 509.713
      vertex 253.399 18.5813 507.11
      vertex 253.12 18.6033 507.088
    endloop
  endfacet
  facet normal 6.50455e-006 0.707108 0.707105
    outer loop
      vertex 251.938 11.1491 514.542
      vertex 254.977 9.07461 516.617
      vertex 251.938 15.9782 509.713
    endloop
  endfacet
  facet normal 2.51186e-006 0.70711 0.707104
    outer loop
      vertex 251.938 10.9148 514.777
      vertex 254.838 9.06377 516.628
      vertex 251.938 11.1491 514.542
    endloop
  endfacet
  facet normal 0.000113363 0.707187 0.707027
    outer loop
      vertex 254.977 9.07461 516.617
      vertex 251.938 11.1491 514.542
      vertex 254.838 9.06377 516.628
    endloop
  endfacet
  facet normal -7.33195e-006 0.707107 0.707107
    outer loop
      vertex 250.735 18.7073 506.984
      vertex 251.938 15.9782 509.713
      vertex 253.12 18.6033 507.088
    endloop
  endfacet
  facet normal 2.51066e-005 0.707114 0.707099
    outer loop
      vertex 250.455 18.7277 506.964
      vertex 251.938 15.9782 509.713
      vertex 250.735 18.7073 506.984
    endloop
  endfacet
  facet normal 0 0.707107 0.707106
    outer loop
      vertex 250.455 18.7277 506.964
      vertex 248.478 15.9782 509.713
      vertex 251.938 15.9782 509.713
    endloop
  endfacet
  facet normal 1.17466e-006 0.707108 0.707105
    outer loop
      vertex 242.778 18.9823 506.709
      vertex 248.478 11.1491 514.542
      vertex 248.478 15.9782 509.713
    endloop
  endfacet
  facet normal -3.87015e-005 0.707104 0.70711
    outer loop
      vertex 247.795 18.8352 506.856
      vertex 248.478 15.9782 509.713
      vertex 248.077 18.8165 506.875
    endloop
  endfacet
  facet normal 1.70172e-006 0.707107 0.707107
    outer loop
      vertex 248.077 18.8165 506.875
      vertex 248.478 15.9782 509.713
      vertex 250.455 18.7277 506.964
    endloop
  endfacet
  facet normal -8.97849e-006 0.707101 0.707113
    outer loop
      vertex 254.838 9.06377 516.628
      vertex 251.938 10.9148 514.777
      vertex 252.42 8.79866 516.893
    endloop
  endfacet
  facet normal 1.05563e-005 0.707103 0.707111
    outer loop
      vertex 252.42 8.79866 516.893
      vertex 251.938 10.9148 514.777
      vertex 252.285 8.78822 516.903
    endloop
  endfacet
  facet normal -1.44683e-006 0.707102 0.707112
    outer loop
      vertex 251.938 10.9148 514.777
      vertex 249.865 8.52473 517.167
      vertex 252.285 8.78822 516.903
    endloop
  endfacet
  facet normal -0 0.707101 0.707112
    outer loop
      vertex 248.478 10.9148 514.777
      vertex 249.865 8.52473 517.167
      vertex 251.938 10.9148 514.777
    endloop
  endfacet
  facet normal -8.26111e-005 0.707077 0.707136
    outer loop
      vertex 249.865 8.52473 517.167
      vertex 248.478 10.9148 514.777
      vertex 249.734 8.5147 517.177
    endloop
  endfacet
  facet normal 8.13273e-006 0.70711 0.707104
    outer loop
      vertex 245.424 18.9083 506.783
      vertex 248.478 15.9782 509.713
      vertex 247.795 18.8352 506.856
    endloop
  endfacet
  facet normal 4.24471e-006 0.7071 0.707114
    outer loop
      vertex 248.478 10.9148 514.777
      vertex 247.312 8.25305 517.438
      vertex 249.734 8.5147 517.177
    endloop
  endfacet
  facet normal -1.54847e-005 0.707097 0.707116
    outer loop
      vertex 245.142 18.9253 506.766
      vertex 248.478 15.9782 509.713
      vertex 245.424 18.9083 506.783
    endloop
  endfacet
  facet normal 0.000219243 0.707053 0.707161
    outer loop
      vertex 248.478 10.9148 514.777
      vertex 247.184 8.24345 517.448
      vertex 247.312 8.25305 517.438
    endloop
  endfacet
  facet normal -3.5585e-006 0.707104 0.70711
    outer loop
      vertex 242.778 18.9823 506.709
      vertex 248.478 15.9782 509.713
      vertex 245.142 18.9253 506.766
    endloop
  endfacet
  facet normal -5.01592e-006 0.707106 0.707107
    outer loop
      vertex 244.637 7.97493 517.716
      vertex 248.478 11.1491 514.542
      vertex 242.778 18.9823 506.709
    endloop
  endfacet
  facet normal -9.22299e-006 0.707108 0.707105
    outer loop
      vertex 248.478 10.9148 514.777
      vertex 244.761 7.98408 517.707
      vertex 247.184 8.24345 517.448
    endloop
  endfacet
  facet normal -1.14325e-005 0.70711 0.707104
    outer loop
      vertex 248.478 11.1491 514.542
      vertex 244.761 7.98408 517.707
      vertex 248.478 10.9148 514.777
    endloop
  endfacet
  facet normal 1.25418e-005 0.707096 0.707118
    outer loop
      vertex 244.761 7.98408 517.707
      vertex 248.478 11.1491 514.542
      vertex 244.637 7.97493 517.716
    endloop
  endfacet
  facet normal -1.41799e-005 0.707108 0.707106
    outer loop
      vertex 242.215 7.71873 517.973
      vertex 242.778 18.9823 506.709
      vertex 242.495 18.9975 506.694
    endloop
  endfacet
  facet normal 9.46585e-006 0.707107 0.707106
    outer loop
      vertex 242.778 18.9823 506.709
      vertex 242.215 7.71873 517.973
      vertex 244.637 7.97493 517.716
    endloop
  endfacet
  facet normal -8.59299e-006 0.707108 0.707106
    outer loop
      vertex 242.495 18.9975 506.694
      vertex 242.095 7.71006 517.981
      vertex 242.215 7.71873 517.973
    endloop
  endfacet
  facet normal 7.46931e-006 0.707108 0.707106
    outer loop
      vertex 240.138 19.0382 506.653
      vertex 242.095 7.71006 517.981
      vertex 242.495 18.9975 506.694
    endloop
  endfacet
  facet normal -2.857e-005 0.707107 0.707106
    outer loop
      vertex 239.672 7.45804 518.233
      vertex 240.138 19.0382 506.653
      vertex 239.855 19.0514 506.64
    endloop
  endfacet
  facet normal -2.91963e-006 0.707107 0.707107
    outer loop
      vertex 240.138 19.0382 506.653
      vertex 239.672 7.45804 518.233
      vertex 242.095 7.71006 517.981
    endloop
  endfacet
  facet normal 8.40629e-005 0.707106 0.707107
    outer loop
      vertex 239.855 19.0514 506.64
      vertex 239.555 7.44987 518.241
      vertex 239.672 7.45804 518.233
    endloop
  endfacet
  facet normal -1.1337e-006 0.707107 0.707106
    outer loop
      vertex 237.506 19.0753 506.616
      vertex 239.555 7.44987 518.241
      vertex 239.855 19.0514 506.64
    endloop
  endfacet
  facet normal -3.34335e-005 0.707107 0.707107
    outer loop
      vertex 237.131 7.20275 518.489
      vertex 237.506 19.0753 506.616
      vertex 237.223 19.0866 506.605
    endloop
  endfacet
  facet normal -1.46464e-005 0.707106 0.707107
    outer loop
      vertex 237.506 19.0753 506.616
      vertex 237.131 7.20275 518.489
      vertex 239.555 7.44987 518.241
    endloop
  endfacet
  facet normal 0.00024224 0.707106 0.707108
    outer loop
      vertex 237.223 19.0866 506.605
      vertex 237.019 7.1951 518.496
      vertex 237.131 7.20275 518.489
    endloop
  endfacet
  facet normal 2.3097e-006 0.707108 0.707106
    outer loop
      vertex 234.883 19.093 506.598
      vertex 237.019 7.1951 518.496
      vertex 237.223 19.0866 506.605
    endloop
  endfacet
  facet normal 4.3099e-005 0.707107 0.707106
    outer loop
      vertex 234.592 6.95353 518.738
      vertex 234.883 19.093 506.598
      vertex 234.601 19.1022 506.589
    endloop
  endfacet
  facet normal 2.47506e-006 0.707108 0.707106
    outer loop
      vertex 234.883 19.093 506.598
      vertex 234.592 6.95353 518.738
      vertex 237.019 7.1951 518.496
    endloop
  endfacet
  facet normal -0.000317762 0.707107 0.707106
    outer loop
      vertex 234.601 19.1022 506.589
      vertex 234.483 6.9464 518.745
      vertex 234.592 6.95353 518.738
    endloop
  endfacet
  facet normal -5.19903e-006 0.707106 0.707108
    outer loop
      vertex 232.271 19.0905 506.601
      vertex 234.483 6.9464 518.745
      vertex 234.601 19.1022 506.589
    endloop
  endfacet
  facet normal 8.16097e-006 0.707107 0.707107
    outer loop
      vertex 232.271 19.0905 506.601
      vertex 232.056 6.71114 518.98
      vertex 234.483 6.9464 518.745
    endloop
  endfacet
  facet normal 1.44257e-005 0.707107 0.707107
    outer loop
      vertex 231.991 19.0975 506.594
      vertex 232.056 6.71114 518.98
      vertex 232.271 19.0905 506.601
    endloop
  endfacet
  facet normal 7.3209e-005 0.707107 0.707107
    outer loop
      vertex 231.991 19.0975 506.594
      vertex 231.95 6.70456 518.987
      vertex 232.056 6.71114 518.98
    endloop
  endfacet
  facet normal 4.64233e-006 0.707107 0.707106
    outer loop
      vertex 229.672 19.0666 506.625
      vertex 231.95 6.70456 518.987
      vertex 231.991 19.0975 506.594
    endloop
  endfacet
  facet normal 1.09965e-006 0.707107 0.707107
    outer loop
      vertex 229.672 19.0666 506.625
      vertex 229.522 6.47684 519.214
      vertex 231.95 6.70456 518.987
    endloop
  endfacet
  facet normal -1.93296e-005 0.707107 0.707107
    outer loop
      vertex 229.393 19.0713 506.62
      vertex 229.522 6.47684 519.214
      vertex 229.672 19.0666 506.625
    endloop
  endfacet
  facet normal -0.00011507 0.707106 0.707107
    outer loop
      vertex 229.522 6.47684 519.214
      vertex 229.393 19.0713 506.62
      vertex 229.419 6.47085 519.22
    endloop
  endfacet
  facet normal -3.49831e-006 0.707107 0.707107
    outer loop
      vertex 227.085 19.0203 506.671
      vertex 229.419 6.47085 519.22
      vertex 229.393 19.0713 506.62
    endloop
  endfacet
  facet normal -5.48793e-006 0.707106 0.707107
    outer loop
      vertex 227.085 19.0203 506.671
      vertex 226.992 6.2522 519.439
      vertex 229.419 6.47085 519.22
    endloop
  endfacet
  facet normal 3.40694e-005 0.707106 0.707107
    outer loop
      vertex 226.808 19.0226 506.669
      vertex 226.992 6.2522 519.439
      vertex 227.085 19.0203 506.671
    endloop
  endfacet
  facet normal 0.000302035 0.707108 0.707105
    outer loop
      vertex 226.992 6.2522 519.439
      vertex 226.808 19.0226 506.669
      vertex 226.892 6.24681 519.445
    endloop
  endfacet
  facet normal 5.6154e-007 0.707107 0.707106
    outer loop
      vertex 224.512 18.9503 506.741
      vertex 226.892 6.24681 519.445
      vertex 226.808 19.0226 506.669
    endloop
  endfacet
  facet normal -1.03143e-005 0.707106 0.707107
    outer loop
      vertex 224.512 18.9503 506.741
      vertex 224.465 6.0387 519.653
      vertex 226.892 6.24681 519.445
    endloop
  endfacet
  facet normal -3.92761e-005 0.707106 0.707107
    outer loop
      vertex 224.237 18.95 506.741
      vertex 224.465 6.0387 519.653
      vertex 224.512 18.9503 506.741
    endloop
  endfacet
  facet normal 2.8016e-005 0.707107 0.707107
    outer loop
      vertex 224.465 6.0387 519.653
      vertex 224.237 18.95 506.741
      vertex 224.369 6.03395 519.657
    endloop
  endfacet
  facet normal 8.64446e-009 0.707107 0.707107
    outer loop
      vertex 221.955 18.8555 506.836
      vertex 224.369 6.03395 519.657
      vertex 224.237 18.95 506.741
    endloop
  endfacet
  facet normal 1.11126e-006 0.707107 0.707107
    outer loop
      vertex 221.955 18.8555 506.836
      vertex 221.941 5.83791 519.853
      vertex 224.369 6.03395 519.657
    endloop
  endfacet
  facet normal 1.48887e-005 0.707107 0.707107
    outer loop
      vertex 221.683 18.8526 506.839
      vertex 221.941 5.83791 519.853
      vertex 221.955 18.8555 506.836
    endloop
  endfacet
  facet normal -0.000100897 0.707106 0.707108
    outer loop
      vertex 221.941 5.83791 519.853
      vertex 221.683 18.8526 506.839
      vertex 221.848 5.8338 519.857
    endloop
  endfacet
  facet normal -4.11174e-006 0.707106 0.707107
    outer loop
      vertex 219.418 18.7344 506.957
      vertex 221.848 5.8338 519.857
      vertex 221.683 18.8526 506.839
    endloop
  endfacet
  facet normal -2.71421e-006 0.707106 0.707107
    outer loop
      vertex 221.848 5.8338 519.857
      vertex 219.418 18.7344 506.957
      vertex 219.419 5.65136 520.04
    endloop
  endfacet
  facet normal 2.01492e-005 0.707106 0.707107
    outer loop
      vertex 219.15 18.7288 506.963
      vertex 219.419 5.65136 520.04
      vertex 219.418 18.7344 506.957
    endloop
  endfacet
  facet normal 0.00041518 0.70711 0.707103
    outer loop
      vertex 219.419 5.65136 520.04
      vertex 219.15 18.7288 506.963
      vertex 219.328 5.64793 520.043
    endloop
  endfacet
  facet normal -1.28309e-007 0.707108 0.707106
    outer loop
      vertex 212.518 14.2527 511.439
      vertex 219.15 18.7288 506.963
      vertex 216.906 18.5847 507.107
    endloop
  endfacet
  facet normal 1.05807e-007 0.707108 0.707106
    outer loop
      vertex 219.15 18.7288 506.963
      vertex 212.518 14.2527 511.439
      vertex 219.328 5.64793 520.043
    endloop
  endfacet
  facet normal -1.2335e-005 0.707103 0.707111
    outer loop
      vertex 219.328 5.64793 520.043
      vertex 212.518 14.2527 511.439
      vertex 216.897 5.48078 520.211
    endloop
  endfacet
  facet normal 1.0529e-005 0.707102 0.707111
    outer loop
      vertex 212.518 14.2527 511.439
      vertex 216.906 18.5847 507.107
      vertex 216.643 18.576 507.115
    endloop
  endfacet
  facet normal 4.48426e-006 0.707105 0.707108
    outer loop
      vertex 212.518 14.2527 511.439
      vertex 216.643 18.576 507.115
      vertex 214.421 18.4037 507.288
    endloop
  endfacet
  facet normal -8.28005e-007 0.707106 0.707108
    outer loop
      vertex 212.518 7.92347 517.768
      vertex 216.897 5.48078 520.211
      vertex 212.518 14.2527 511.439
    endloop
  endfacet
  facet normal 0.000213264 0.707297 0.706916
    outer loop
      vertex 216.897 5.48078 520.211
      vertex 212.518 7.92347 517.768
      vertex 216.808 5.47806 520.213
    endloop
  endfacet
  facet normal -4.2618e-005 0.707116 0.707097
    outer loop
      vertex 212.518 14.2527 511.439
      vertex 214.421 18.4037 507.288
      vertex 214.163 18.3918 507.299
    endloop
  endfacet
  facet normal 3.48413e-006 0.707113 0.7071
    outer loop
      vertex 216.808 5.47806 520.213
      vertex 212.518 7.92347 517.768
      vertex 214.379 5.32829 520.363
    endloop
  endfacet
  facet normal -0.000370901 0.706979 0.707234
    outer loop
      vertex 214.379 5.32829 520.363
      vertex 212.518 7.92347 517.768
      vertex 214.293 5.32635 520.365
    endloop
  endfacet
  facet normal 1.24494e-005 0.70711 0.707103
    outer loop
      vertex 212.518 7.92347 517.768
      vertex 211.872 5.19743 520.494
      vertex 214.293 5.32635 520.365
    endloop
  endfacet
  facet normal -6.06635e-005 0.707119 0.707095
    outer loop
      vertex 212.518 7.92347 517.768
      vertex 211.789 5.19639 520.495
      vertex 211.872 5.19743 520.494
    endloop
  endfacet
  facet normal -0 0.707111 0.707103
    outer loop
      vertex 209.058 7.92347 517.768
      vertex 211.789 5.19639 520.495
      vertex 212.518 7.92347 517.768
    endloop
  endfacet
  facet normal 2.48866e-006 0.707112 0.707102
    outer loop
      vertex 211.789 5.19639 520.495
      vertex 209.058 7.92347 517.768
      vertex 209.376 5.09282 520.599
    endloop
  endfacet
  facet normal -0.00034077 0.707093 0.707121
    outer loop
      vertex 209.376 5.09282 520.599
      vertex 209.058 7.92347 517.768
      vertex 209.294 5.09278 520.599
    endloop
  endfacet
  facet normal -5.09014e-006 0.707105 0.707109
    outer loop
      vertex 204.789 17.3169 508.374
      vertex 209.058 14.2527 511.439
      vertex 206.904 17.6256 508.066
    endloop
  endfacet
  facet normal 9.81939e-006 0.707115 0.707099
    outer loop
      vertex 204.558 17.2909 508.4
      vertex 209.058 14.2527 511.439
      vertex 204.789 17.3169 508.374
    endloop
  endfacet
  facet normal -2.66255e-006 0.707107 0.707107
    outer loop
      vertex 209.058 7.92347 517.768
      vertex 206.888 5.01898 520.672
      vertex 209.294 5.09278 520.599
    endloop
  endfacet
  facet normal 0.000397454 0.706957 0.707256
    outer loop
      vertex 209.058 7.92347 517.768
      vertex 206.807 5.02006 520.671
      vertex 206.888 5.01898 520.672
    endloop
  endfacet
  facet normal 2.8802e-006 0.70711 0.707104
    outer loop
      vertex 202.481 16.9417 508.75
      vertex 209.058 14.2527 511.439
      vertex 204.558 17.2909 508.4
    endloop
  endfacet
  facet normal -5.91744e-007 0.707106 0.707108
    outer loop
      vertex 209.058 14.2527 511.439
      vertex 202.481 16.9417 508.75
      vertex 209.058 7.92347 517.768
    endloop
  endfacet
  facet normal -5.43053e-006 0.707113 0.7071
    outer loop
      vertex 209.058 7.92347 517.768
      vertex 204.413 4.98074 520.711
      vertex 206.807 5.02006 520.671
    endloop
  endfacet
  facet normal 1.6403e-005 0.707096 0.707117
    outer loop
      vertex 209.058 7.92347 517.768
      vertex 204.334 4.98312 520.708
      vertex 204.413 4.98074 520.711
    endloop
  endfacet
  facet normal 3.12239e-006 0.707107 0.707107
    outer loop
      vertex 209.058 7.92347 517.768
      vertex 202.481 16.9417 508.75
      vertex 204.334 4.98312 520.708
    endloop
  endfacet
  facet normal 1.1908e-005 0.707108 0.707106
    outer loop
      vertex 202.258 16.9119 508.779
      vertex 204.334 4.98312 520.708
      vertex 202.481 16.9417 508.75
    endloop
  endfacet
  facet normal -1.06869e-005 0.707106 0.707108
    outer loop
      vertex 202.258 16.9119 508.779
      vertex 201.967 4.98455 520.707
      vertex 204.334 4.98312 520.708
    endloop
  endfacet
  facet normal 4.99477e-007 0.707105 0.707108
    outer loop
      vertex 200.225 16.519 509.172
      vertex 201.967 4.98455 520.707
      vertex 202.258 16.9119 508.779
    endloop
  endfacet
  facet normal 0.000542413 0.707146 0.707067
    outer loop
      vertex 201.967 4.98455 520.707
      vertex 200.225 16.519 509.172
      vertex 201.889 4.98851 520.703
    endloop
  endfacet
  facet normal -4.36115e-005 0.707104 0.707109
    outer loop
      vertex 200.013 16.4855 509.206
      vertex 201.889 4.98851 520.703
      vertex 200.225 16.519 509.172
    endloop
  endfacet
  facet normal -8.06017e-006 0.707107 0.707107
    outer loop
      vertex 200.013 16.4855 509.206
      vertex 199.549 5.03909 520.652
      vertex 201.889 4.98851 520.703
    endloop
  endfacet
  facet normal -3.96327e-008 0.707107 0.707107
    outer loop
      vertex 198.033 16.0454 509.646
      vertex 199.549 5.03909 520.652
      vertex 200.013 16.4855 509.206
    endloop
  endfacet
  facet normal 0.000227325 0.707123 0.707091
    outer loop
      vertex 199.549 5.03909 520.652
      vertex 198.033 16.0454 509.646
      vertex 199.472 5.04497 520.646
    endloop
  endfacet
  facet normal 4.5524e-005 0.707111 0.707103
    outer loop
      vertex 197.832 16.0081 509.683
      vertex 199.472 5.04497 520.646
      vertex 198.033 16.0454 509.646
    endloop
  endfacet
  facet normal -1.42697e-006 0.707107 0.707106
    outer loop
      vertex 197.832 16.0081 509.683
      vertex 197.163 5.15336 520.538
      vertex 199.472 5.04497 520.646
    endloop
  endfacet
  facet normal -5.1723e-006 0.707107 0.707106
    outer loop
      vertex 195.917 15.518 510.173
      vertex 197.163 5.15336 520.538
      vertex 197.832 16.0081 509.683
    endloop
  endfacet
  facet normal -0.000331099 0.707088 0.707126
    outer loop
      vertex 197.163 5.15336 520.538
      vertex 195.917 15.518 510.173
      vertex 197.086 5.16132 520.53
    endloop
  endfacet
  facet normal 3.51724e-005 0.707108 0.707105
    outer loop
      vertex 195.729 15.4769 510.214
      vertex 197.086 5.16132 520.53
      vertex 195.917 15.518 510.173
    endloop
  endfacet
  facet normal -1.03742e-006 0.707106 0.707108
    outer loop
      vertex 195.729 15.4769 510.214
      vertex 194.869 5.33063 520.361
      vertex 197.086 5.16132 520.53
    endloop
  endfacet
  facet normal -4.766e-006 0.707106 0.707107
    outer loop
      vertex 193.899 14.9339 510.757
      vertex 194.869 5.33063 520.361
      vertex 195.729 15.4769 510.214
    endloop
  endfacet
  facet normal 0.000271217 0.70712 0.707093
    outer loop
      vertex 194.869 5.33063 520.361
      vertex 193.899 14.9339 510.757
      vertex 194.794 5.34079 520.351
    endloop
  endfacet
  facet normal 3.01077e-005 0.707109 0.707105
    outer loop
      vertex 193.726 14.8894 510.802
      vertex 194.794 5.34079 520.351
      vertex 193.899 14.9339 510.757
    endloop
  endfacet
  facet normal -1.35611e-006 0.707107 0.707107
    outer loop
      vertex 192.005 14.2918 511.4
      vertex 194.794 5.34079 520.351
      vertex 193.726 14.8894 510.802
    endloop
  endfacet
  facet normal 2.2665e-006 0.707108 0.707106
    outer loop
      vertex 194.794 5.34079 520.351
      vertex 192.005 14.2918 511.4
      vertex 192.694 5.57011 520.121
    endloop
  endfacet
  facet normal -0.000111328 0.707103 0.70711
    outer loop
      vertex 192.694 5.57011 520.121
      vertex 192.005 14.2918 511.4
      vertex 192.623 5.58237 520.109
    endloop
  endfacet
  facet normal 5.48056e-005 0.707109 0.707105
    outer loop
      vertex 191.849 14.2441 511.447
      vertex 192.623 5.58237 520.109
      vertex 192.005 14.2918 511.4
    endloop
  endfacet
  facet normal -1.10625e-005 0.707106 0.707107
    outer loop
      vertex 190.286 13.5986 512.093
      vertex 192.623 5.58237 520.109
      vertex 191.849 14.2441 511.447
    endloop
  endfacet
  facet normal 2.4819e-006 0.707108 0.707106
    outer loop
      vertex 192.623 5.58237 520.109
      vertex 190.286 13.5986 512.093
      vertex 190.705 5.86423 519.827
    endloop
  endfacet
  facet normal 7.7364e-005 0.70711 0.707103
    outer loop
      vertex 190.151 13.5488 512.143
      vertex 190.705 5.86423 519.827
      vertex 190.286 13.5986 512.093
    endloop
  endfacet
  facet normal -0.000586021 0.707086 0.707127
    outer loop
      vertex 190.705 5.86423 519.827
      vertex 190.151 13.5488 512.143
      vertex 190.65 5.87603 519.815
    endloop
  endfacet
  facet normal 4.86034e-006 0.707105 0.707108
    outer loop
      vertex 188.787 12.8681 512.823
      vertex 190.65 5.87603 519.815
      vertex 190.151 13.5488 512.143
    endloop
  endfacet
  facet normal 7.62485e-006 0.707106 0.707108
    outer loop
      vertex 190.65 5.87603 519.815
      vertex 188.787 12.8681 512.823
      vertex 189.22 6.14533 519.546
    endloop
  endfacet
  facet normal -0.000174406 0.7071 0.707114
    outer loop
      vertex 188.675 12.8177 512.874
      vertex 189.22 6.14533 519.546
      vertex 188.787 12.8681 512.823
    endloop
  endfacet
  facet normal 0.000684534 0.707135 0.707078
    outer loop
      vertex 189.22 6.14533 519.546
      vertex 188.675 12.8177 512.874
      vertex 189.178 6.15623 519.535
    endloop
  endfacet
  facet normal -4.98681e-006 0.707109 0.707105
    outer loop
      vertex 187.533 12.1172 513.574
      vertex 189.178 6.15623 519.535
      vertex 188.675 12.8177 512.874
    endloop
  endfacet
  facet normal -3.75102e-006 0.707109 0.707104
    outer loop
      vertex 189.178 6.15623 519.535
      vertex 187.533 12.1172 513.574
      vertex 188.132 6.40177 519.29
    endloop
  endfacet
  facet normal -9.81877e-005 0.707104 0.707109
    outer loop
      vertex 188.132 6.40177 519.29
      vertex 187.533 12.1172 513.574
      vertex 188.097 6.41269 519.279
    endloop
  endfacet
  facet normal -5.9945e-005 0.707106 0.707108
    outer loop
      vertex 187.444 12.0678 513.623
      vertex 188.097 6.41269 519.279
      vertex 187.533 12.1172 513.574
    endloop
  endfacet
  facet normal 5.4502e-007 0.70711 0.707104
    outer loop
      vertex 186.59 11.4154 514.276
      vertex 188.097 6.41269 519.279
      vertex 187.444 12.0678 513.623
    endloop
  endfacet
  facet normal 1.12861e-005 0.707111 0.707102
    outer loop
      vertex 188.097 6.41269 519.279
      vertex 186.59 11.4154 514.276
      vertex 187.253 6.65477 519.037
    endloop
  endfacet
  facet normal -0.000975397 0.707042 0.707171
    outer loop
      vertex 187.253 6.65477 519.037
      vertex 186.59 11.4154 514.276
      vertex 187.224 6.66547 519.026
    endloop
  endfacet
  facet normal -5.97911e-005 0.707104 0.70711
    outer loop
      vertex 186.527 11.3715 514.32
      vertex 187.224 6.66547 519.026
      vertex 186.59 11.4154 514.276
    endloop
  endfacet
  facet normal 6.11118e-005 0.707112 0.707101
    outer loop
      vertex 185.939 10.7989 514.892
      vertex 187.224 6.66547 519.026
      vertex 186.527 11.3715 514.32
    endloop
  endfacet
  facet normal 3.03908e-005 0.707108 0.707106
    outer loop
      vertex 187.224 6.66547 519.026
      vertex 185.939 10.7989 514.892
      vertex 186.544 6.89823 518.793
    endloop
  endfacet
  facet normal -4.60153e-005 0.707102 0.707112
    outer loop
      vertex 185.489 10.2409 515.45
      vertex 186.544 6.89823 518.793
      vertex 185.939 10.7989 514.892
    endloop
  endfacet
  facet normal -0.00139252 0.706889 0.707324
    outer loop
      vertex 186.544 6.89823 518.793
      vertex 185.489 10.2409 515.45
      vertex 186.521 6.90777 518.784
    endloop
  endfacet
  facet normal -7.60211e-006 0.707104 0.70711
    outer loop
      vertex 185.18 9.74152 515.95
      vertex 186.521 6.90777 518.784
      vertex 185.489 10.2409 515.45
    endloop
  endfacet
  facet normal -0.00106534 0.707513 0.7067
    outer loop
      vertex 185.489 10.2409 515.45
      vertex 185.939 10.7989 514.892
      vertex 185.898 10.7621 514.929
    endloop
  endfacet
  facet normal 4.91217e-005 0.707117 0.707096
    outer loop
      vertex 186.521 6.90777 518.784
      vertex 185.18 9.74152 515.95
      vertex 186.003 7.11074 518.581
    endloop
  endfacet
  facet normal -0.000663435 0.707006 0.707208
    outer loop
      vertex 186.003 7.11074 518.581
      vertex 185.18 9.74152 515.95
      vertex 185.985 7.1197 518.572
    endloop
  endfacet
  facet normal -4.14201e-006 0.707107 0.707107
    outer loop
      vertex 184.976 9.32203 516.369
      vertex 185.985 7.1197 518.572
      vertex 185.18 9.74152 515.95
    endloop
  endfacet
  facet normal 0.0013496 0.706683 0.707529
    outer loop
      vertex 185.18 9.74152 515.95
      vertex 185.489 10.2409 515.45
      vertex 185.461 10.2088 515.482
    endloop
  endfacet
  facet normal -3.99134e-005 0.707099 0.707115
    outer loop
      vertex 185.585 7.31719 518.374
      vertex 185.985 7.1197 518.572
      vertex 184.976 9.32203 516.369
    endloop
  endfacet
  facet normal 0.00444252 0.711618 0.702553
    outer loop
      vertex 185.985 7.1197 518.572
      vertex 185.585 7.31719 518.374
      vertex 185.598 7.30765 518.384
    endloop
  endfacet
  facet normal 0.000116754 0.707123 0.707091
    outer loop
      vertex 184.858 8.96836 516.723
      vertex 185.585 7.31719 518.374
      vertex 184.976 9.32203 516.369
    endloop
  endfacet
  facet normal 0.000549028 0.706973 0.70724
    outer loop
      vertex 184.976 9.32203 516.369
      vertex 185.18 9.74152 515.95
      vertex 185.161 9.71394 515.977
    endloop
  endfacet
  facet normal 0.00217747 0.708583 0.705624
    outer loop
      vertex 185.585 7.31719 518.374
      vertex 185.29 7.527 518.164
      vertex 185.299 7.51597 518.175
    endloop
  endfacet
  facet normal -0.00549249 0.704644 0.70954
    outer loop
      vertex 185.29 7.527 518.164
      vertex 185.077 7.76725 517.924
      vertex 185.083 7.75439 517.937
    endloop
  endfacet
  facet normal 9.07548e-005 0.707117 0.707097
    outer loop
      vertex 185.585 7.31719 518.374
      vertex 184.858 8.96836 516.723
      vertex 185.29 7.527 518.164
    endloop
  endfacet
  facet normal 0.000261762 0.707098 0.707115
    outer loop
      vertex 184.858 8.96836 516.723
      vertex 184.976 9.32203 516.369
      vertex 184.965 9.29975 516.392
    endloop
  endfacet
  facet normal -0.000123233 0.707085 0.707129
    outer loop
      vertex 184.931 8.0418 517.649
      vertex 185.29 7.527 518.164
      vertex 184.858 8.96836 516.723
    endloop
  endfacet
  facet normal 0.0010634 0.70744 0.706773
    outer loop
      vertex 185.077 7.76725 517.924
      vertex 184.931 8.0418 517.649
      vertex 184.935 8.02747 517.664
    endloop
  endfacet
  facet normal 0.00036864 0.707256 0.706957
    outer loop
      vertex 185.29 7.527 518.164
      vertex 184.931 8.0418 517.649
      vertex 185.077 7.76725 517.924
    endloop
  endfacet
  facet normal 0.0014818 0.706963 0.707249
    outer loop
      vertex 184.817 8.64813 517.043
      vertex 184.858 8.96836 516.723
      vertex 184.852 8.95012 516.741
    endloop
  endfacet
  facet normal -4.36139e-005 0.707088 0.707126
    outer loop
      vertex 184.858 8.96836 516.723
      vertex 184.844 8.34003 517.351
      vertex 184.931 8.0418 517.649
    endloop
  endfacet
  facet normal -0.00125608 0.70691 0.707302
    outer loop
      vertex 184.931 8.0418 517.649
      vertex 184.844 8.34003 517.351
      vertex 184.845 8.32483 517.366
    endloop
  endfacet
  facet normal -0.000554266 0.707094 0.70712
    outer loop
      vertex 184.858 8.96836 516.723
      vertex 184.817 8.64813 517.043
      vertex 184.844 8.34003 517.351
    endloop
  endfacet
  facet normal 0.00130356 0.707173 0.707039
    outer loop
      vertex 184.844 8.34003 517.351
      vertex 184.817 8.64813 517.043
      vertex 184.815 8.63196 517.059
    endloop
  endfacet
  facet normal 0 0 -1
    outer loop
      vertex 218.443 5.73818 296
      vertex 218.44 5.76897 296
      vertex 218.44 5.76855 296
    endloop
  endfacet
  facet normal 0 0 -1
    outer loop
      vertex 218.2 11.7437 296
      vertex 218.258 11.7384 296
      vertex 218.44 5.76897 296
    endloop
  endfacet
  facet normal 0 0 -1
    outer loop
      vertex 218.258 11.7384 296
      vertex 218.2 11.7437 296
      vertex 218.23 11.7413 296
    endloop
  endfacet
  facet normal 0 0 -1
    outer loop
      vertex 218.44 5.76897 296
      vertex 214.922 12.1049 296
      vertex 218.2 11.7437 296
    endloop
  endfacet
  facet normal 0 0 -1
    outer loop
      vertex 208.298 12.837 296
      vertex 218.44 5.76897 296
      vertex 218.443 5.73818 296
    endloop
  endfacet
  facet normal 0 0 -1
    outer loop
      vertex 218.44 5.76897 296
      vertex 214.862 12.1097 296
      vertex 214.922 12.1049 296
    endloop
  endfacet
  facet normal 0 0 -1
    outer loop
      vertex 218.44 5.76897 296
      vertex 208.298 12.837 296
      vertex 214.862 12.1097 296
    endloop
  endfacet
  facet normal 0 0 -1
    outer loop
      vertex 198.756 7.90838 296
      vertex 208.298 12.837 296
      vertex 218.443 5.73818 296
    endloop
  endfacet
  facet normal -0 0 -1
    outer loop
      vertex 208.298 12.837 296
      vertex 198.756 7.90838 296
      vertex 208.268 12.8394 296
    endloop
  endfacet
  facet normal 0 -0 -1
    outer loop
      vertex 198.849 8.09608 296
      vertex 208.268 12.8394 296
      vertex 198.756 7.90838 296
    endloop
  endfacet
  facet normal -0 0 -1
    outer loop
      vertex 208.268 12.8394 296
      vertex 198.849 8.09608 296
      vertex 205.004 13.1957 296
    endloop
  endfacet
  facet normal 0 -0 -1
    outer loop
      vertex 198.971 8.70837 296
      vertex 204.975 13.1979 296
      vertex 198.957 8.49953 296
    endloop
  endfacet
  facet normal 0 0 -1
    outer loop
      vertex 198.957 8.91722 296
      vertex 204.975 13.1979 296
      vertex 198.971 8.70837 296
    endloop
  endfacet
  facet normal -0 0 -1
    outer loop
      vertex 204.975 13.1979 296
      vertex 198.957 8.91722 296
      vertex 201.724 13.544 296
    endloop
  endfacet
  facet normal -0 0 -1
    outer loop
      vertex 205.004 13.1957 296
      vertex 198.957 8.49953 296
      vertex 204.975 13.1979 296
    endloop
  endfacet
  facet normal 0 -0 -1
    outer loop
      vertex 198.957 8.49953 296
      vertex 205.004 13.1957 296
      vertex 198.916 8.29426 296
    endloop
  endfacet
  facet normal 0 -0 -1
    outer loop
      vertex 198.916 8.29426 296
      vertex 205.004 13.1957 296
      vertex 198.849 8.09608 296
    endloop
  endfacet
  facet normal 0 0 -1
    outer loop
      vertex 218.443 5.73818 296
      vertex 198.64 7.73436 296
      vertex 198.756 7.90838 296
    endloop
  endfacet
  facet normal 0 0 -1
    outer loop
      vertex 218.443 5.73818 296
      vertex 198.502 7.577 296
      vertex 198.64 7.73436 296
    endloop
  endfacet
  facet normal 0 0 -1
    outer loop
      vertex 218.443 5.73818 296
      vertex 198.345 7.43901 296
      vertex 198.502 7.577 296
    endloop
  endfacet
  facet normal 0 0 -1
    outer loop
      vertex 218.443 5.73818 296
      vertex 198.171 7.32273 296
      vertex 198.345 7.43901 296
    endloop
  endfacet
  facet normal 0 0 -1
    outer loop
      vertex 218.443 5.73818 296
      vertex 197.983 7.23017 296
      vertex 198.171 7.32273 296
    endloop
  endfacet
  facet normal 0 0 -1
    outer loop
      vertex 218.443 5.73818 296
      vertex 197.785 7.16289 296
      vertex 197.983 7.23017 296
    endloop
  endfacet
  facet normal 0 0 -1
    outer loop
      vertex 218.443 5.73818 296
      vertex 197.58 7.12206 296
      vertex 197.785 7.16289 296
    endloop
  endfacet
  facet normal 0 0 -1
    outer loop
      vertex 183.979 3.01915 296
      vertex 197.58 7.12206 296
      vertex 218.443 5.73818 296
    endloop
  endfacet
  facet normal 0 0 -1
    outer loop
      vertex 188.681 14.7902 296
      vertex 195.771 8.70837 296
      vertex 195.784 8.49953 296
    endloop
  endfacet
  facet normal 0 0 -1
    outer loop
      vertex 195.771 8.70837 296
      vertex 195.16 14.2024 296
      vertex 195.19 14.2006 296
    endloop
  endfacet
  facet normal 0 0 -1
    outer loop
      vertex 195.771 8.70837 296
      vertex 191.932 14.5047 296
      vertex 195.16 14.2024 296
    endloop
  endfacet
  facet normal 0 0 -1
    outer loop
      vertex 183.979 3.01915 296
      vertex 195.784 8.49953 296
      vertex 195.825 8.29426 296
    endloop
  endfacet
  facet normal 0 0 -1
    outer loop
      vertex 183.979 3.01915 296
      vertex 195.825 8.29426 296
      vertex 195.893 8.09608 296
    endloop
  endfacet
  facet normal 0 0 -1
    outer loop
      vertex 183.979 3.01915 296
      vertex 195.893 8.09608 296
      vertex 195.985 7.90838 296
    endloop
  endfacet
  facet normal 0 0 -1
    outer loop
      vertex 195.771 8.70837 296
      vertex 191.903 14.5064 296
      vertex 191.932 14.5047 296
    endloop
  endfacet
  facet normal 0 0 -1
    outer loop
      vertex 195.771 8.70837 296
      vertex 188.681 14.7902 296
      vertex 191.903 14.5064 296
    endloop
  endfacet
  facet normal 0 0 -1
    outer loop
      vertex 183.979 3.01915 296
      vertex 195.985 7.90838 296
      vertex 196.101 7.73436 296
    endloop
  endfacet
  facet normal 0 0 -1
    outer loop
      vertex 183.979 3.01915 296
      vertex 196.101 7.73436 296
      vertex 196.239 7.577 296
    endloop
  endfacet
  facet normal -0 0 -1
    outer loop
      vertex 195.784 8.49953 296
      vertex 183.979 3.01915 296
      vertex 188.681 14.7902 296
    endloop
  endfacet
  facet normal -0 0 -1
    outer loop
      vertex 188.681 14.7902 296
      vertex 183.979 3.01915 296
      vertex 188.651 14.7917 296
    endloop
  endfacet
  facet normal 0 0 -1
    outer loop
      vertex 183.979 3.01915 296
      vertex 196.239 7.577 296
      vertex 196.397 7.43901 296
    endloop
  endfacet
  facet normal -0 0 -1
    outer loop
      vertex 188.651 14.7917 296
      vertex 183.979 3.01915 296
      vertex 185.434 15.0557 296
    endloop
  endfacet
  facet normal 0 0 -1
    outer loop
      vertex 197.58 7.12206 296
      vertex 183.979 3.01915 296
      vertex 197.371 7.10838 296
    endloop
  endfacet
  facet normal 0 0 -1
    outer loop
      vertex 183.979 3.01915 296
      vertex 197.162 7.12206 296
      vertex 197.371 7.10838 296
    endloop
  endfacet
  facet normal 0 0 -1
    outer loop
      vertex 183.979 3.01915 296
      vertex 196.957 7.16289 296
      vertex 197.162 7.12206 296
    endloop
  endfacet
  facet normal 0 0 -1
    outer loop
      vertex 183.979 3.01915 296
      vertex 196.758 7.23017 296
      vertex 196.957 7.16289 296
    endloop
  endfacet
  facet normal 0 0 -1
    outer loop
      vertex 183.979 3.01915 296
      vertex 196.571 7.32273 296
      vertex 196.758 7.23017 296
    endloop
  endfacet
  facet normal 0 0 -1
    outer loop
      vertex 183.979 3.01915 296
      vertex 196.397 7.43901 296
      vertex 196.571 7.32273 296
    endloop
  endfacet
  facet normal -0 0 -1
    outer loop
      vertex 185.434 15.0557 296
      vertex 183.979 3.01915 296
      vertex 185.404 15.057 296
    endloop
  endfacet
  facet normal 0 0 -1
    outer loop
      vertex 182.189 15.3003 296
      vertex 183.979 3.01915 296
      vertex 183.587 2.97616 296
    endloop
  endfacet
  facet normal 0 0 -1
    outer loop
      vertex 183.979 3.01915 296
      vertex 182.189 15.3003 296
      vertex 185.404 15.057 296
    endloop
  endfacet
  facet normal 0 0 -1
    outer loop
      vertex 183.587 2.97616 296
      vertex 182.159 15.3014 296
      vertex 182.189 15.3003 296
    endloop
  endfacet
  facet normal 0 0 -1
    outer loop
      vertex 180.295 2.71948 296
      vertex 182.159 15.3014 296
      vertex 183.587 2.97616 296
    endloop
  endfacet
  facet normal 0 0 -1
    outer loop
      vertex 178.945 15.5233 296
      vertex 180.295 2.71948 296
      vertex 180.265 2.71621 296
    endloop
  endfacet
  facet normal 0 0 -1
    outer loop
      vertex 180.295 2.71948 296
      vertex 178.945 15.5233 296
      vertex 182.159 15.3014 296
    endloop
  endfacet
  facet normal 0 0 -1
    outer loop
      vertex 180.265 2.71621 296
      vertex 178.915 15.5243 296
      vertex 178.945 15.5233 296
    endloop
  endfacet
  facet normal 0 0 -1
    outer loop
      vertex 176.975 2.46213 296
      vertex 178.915 15.5243 296
      vertex 180.265 2.71621 296
    endloop
  endfacet
  facet normal 0 0 -1
    outer loop
      vertex 175.701 15.7243 296
      vertex 176.975 2.46213 296
      vertex 176.945 2.45888 296
    endloop
  endfacet
  facet normal 0 0 -1
    outer loop
      vertex 176.975 2.46213 296
      vertex 175.701 15.7243 296
      vertex 178.915 15.5243 296
    endloop
  endfacet
  facet normal 0 0 -1
    outer loop
      vertex 176.945 2.45888 296
      vertex 175.672 15.725 296
      vertex 175.701 15.7243 296
    endloop
  endfacet
  facet normal 0 0 -1
    outer loop
      vertex 173.655 2.20774 296
      vertex 175.672 15.725 296
      vertex 176.945 2.45888 296
    endloop
  endfacet
  facet normal 0 0 -1
    outer loop
      vertex 172.458 15.9027 296
      vertex 173.655 2.20774 296
      vertex 173.625 2.20452 296
    endloop
  endfacet
  facet normal 0 0 -1
    outer loop
      vertex 173.655 2.20774 296
      vertex 172.458 15.9027 296
      vertex 175.672 15.725 296
    endloop
  endfacet
  facet normal 0 0 -1
    outer loop
      vertex 173.625 2.20452 296
      vertex 172.428 15.9032 296
      vertex 172.458 15.9027 296
    endloop
  endfacet
  facet normal 0 0 -1
    outer loop
      vertex 170.338 1.95682 296
      vertex 172.428 15.9032 296
      vertex 173.625 2.20452 296
    endloop
  endfacet
  facet normal 0 0 -1
    outer loop
      vertex 169.216 16.0581 296
      vertex 170.338 1.95682 296
      vertex 170.308 1.95363 296
    endloop
  endfacet
  facet normal 0 0 -1
    outer loop
      vertex 170.338 1.95682 296
      vertex 169.216 16.0581 296
      vertex 172.428 15.9032 296
    endloop
  endfacet
  facet normal 0 0 -1
    outer loop
      vertex 170.308 1.95363 296
      vertex 169.187 16.0584 296
      vertex 169.216 16.0581 296
    endloop
  endfacet
  facet normal 0 0 -1
    outer loop
      vertex 167.025 1.71051 296
      vertex 169.187 16.0584 296
      vertex 170.308 1.95363 296
    endloop
  endfacet
  facet normal 0 0 -1
    outer loop
      vertex 165.976 16.1898 296
      vertex 167.025 1.71051 296
      vertex 166.995 1.70737 296
    endloop
  endfacet
  facet normal 0 0 -1
    outer loop
      vertex 167.025 1.71051 296
      vertex 165.976 16.1898 296
      vertex 169.187 16.0584 296
    endloop
  endfacet
  facet normal 0 0 -1
    outer loop
      vertex 166.995 1.70737 296
      vertex 165.947 16.1899 296
      vertex 165.976 16.1898 296
    endloop
  endfacet
  facet normal 0 0 -1
    outer loop
      vertex 163.717 1.47013 296
      vertex 165.947 16.1899 296
      vertex 166.995 1.70737 296
    endloop
  endfacet
  facet normal 0 0 -1
    outer loop
      vertex 162.739 16.2969 296
      vertex 163.717 1.47013 296
      vertex 163.687 1.46704 296
    endloop
  endfacet
  facet normal 0 0 -1
    outer loop
      vertex 163.717 1.47013 296
      vertex 162.739 16.2969 296
      vertex 165.947 16.1899 296
    endloop
  endfacet
  facet normal 0 0 -1
    outer loop
      vertex 163.687 1.46704 296
      vertex 162.71 16.2967 296
      vertex 162.739 16.2969 296
    endloop
  endfacet
  facet normal 0 0 -1
    outer loop
      vertex 160.413 1.23667 296
      vertex 162.71 16.2967 296
      vertex 163.687 1.46704 296
    endloop
  endfacet
  facet normal 0 0 -1
    outer loop
      vertex 159.507 16.3783 296
      vertex 160.413 1.23667 296
      vertex 160.383 1.23365 296
    endloop
  endfacet
  facet normal 0 0 -1
    outer loop
      vertex 160.413 1.23667 296
      vertex 159.507 16.3783 296
      vertex 162.71 16.2967 296
    endloop
  endfacet
  facet normal 0 0 -1
    outer loop
      vertex 160.383 1.23365 296
      vertex 159.478 16.3779 296
      vertex 159.507 16.3783 296
    endloop
  endfacet
  facet normal 0 0 -1
    outer loop
      vertex 157.111 1.01103 296
      vertex 159.478 16.3779 296
      vertex 160.383 1.23365 296
    endloop
  endfacet
  facet normal 0 0 -1
    outer loop
      vertex 156.252 16.432 296
      vertex 157.111 1.01103 296
      vertex 157.081 1.00808 296
    endloop
  endfacet
  facet normal 0 0 -1
    outer loop
      vertex 157.111 1.01103 296
      vertex 156.281 16.4326 296
      vertex 159.478 16.3779 296
    endloop
  endfacet
  facet normal 0 0 -1
    outer loop
      vertex 157.111 1.01103 296
      vertex 156.252 16.432 296
      vertex 156.281 16.4326 296
    endloop
  endfacet
  facet normal 0 0 -1
    outer loop
      vertex 153.814 0.794152 296
      vertex 156.252 16.432 296
      vertex 157.081 1.00808 296
    endloop
  endfacet
  facet normal 0 0 -1
    outer loop
      vertex 153.032 16.4576 296
      vertex 153.814 0.794152 296
      vertex 153.784 0.791279 296
    endloop
  endfacet
  facet normal 0 0 -1
    outer loop
      vertex 153.814 0.794152 296
      vertex 153.061 16.4585 296
      vertex 156.252 16.432 296
    endloop
  endfacet
  facet normal 0 0 -1
    outer loop
      vertex 153.814 0.794152 296
      vertex 153.032 16.4576 296
      vertex 153.061 16.4585 296
    endloop
  endfacet
  facet normal 0 0 -1
    outer loop
      vertex 150.522 0.587606 296
      vertex 153.032 16.4576 296
      vertex 153.784 0.791279 296
    endloop
  endfacet
  facet normal 0 0 -1
    outer loop
      vertex 149.817 16.4534 296
      vertex 150.522 0.587606 296
      vertex 150.492 0.584828 296
    endloop
  endfacet
  facet normal 0 0 -1
    outer loop
      vertex 150.522 0.587606 296
      vertex 149.846 16.4546 296
      vertex 153.032 16.4576 296
    endloop
  endfacet
  facet normal 0 0 -1
    outer loop
      vertex 150.522 0.587606 296
      vertex 149.817 16.4534 296
      vertex 149.846 16.4546 296
    endloop
  endfacet
  facet normal 0 0 -1
    outer loop
      vertex 147.238 0.393361 296
      vertex 149.817 16.4534 296
      vertex 150.492 0.584828 296
    endloop
  endfacet
  facet normal 0 0 -1
    outer loop
      vertex 146.611 16.4178 296
      vertex 147.238 0.393361 296
      vertex 147.208 0.390697 296
    endloop
  endfacet
  facet normal 0 0 -1
    outer loop
      vertex 147.238 0.393361 296
      vertex 146.64 16.4193 296
      vertex 149.817 16.4534 296
    endloop
  endfacet
  facet normal 0 0 -1
    outer loop
      vertex 147.238 0.393361 296
      vertex 146.611 16.4178 296
      vertex 146.64 16.4193 296
    endloop
  endfacet
  facet normal 0 0 -1
    outer loop
      vertex 143.962 0.213324 296
      vertex 146.611 16.4178 296
      vertex 147.208 0.390697 296
    endloop
  endfacet
  facet normal 0 0 -1
    outer loop
      vertex 143.418 16.3488 296
      vertex 143.962 0.213324 296
      vertex 143.932 0.210791 296
    endloop
  endfacet
  facet normal 0 0 -1
    outer loop
      vertex 143.962 0.213324 296
      vertex 143.446 16.3506 296
      vertex 146.611 16.4178 296
    endloop
  endfacet
  facet normal 0 0 -1
    outer loop
      vertex 143.962 0.213324 296
      vertex 143.418 16.3488 296
      vertex 143.446 16.3506 296
    endloop
  endfacet
  facet normal 0 0 -1
    outer loop
      vertex 140.27 16.2453 296
      vertex 143.932 0.210791 296
      vertex 140.694 0.0494987 296
    endloop
  endfacet
  facet normal 0 0 -1
    outer loop
      vertex 140.241 16.2431 296
      vertex 140.694 0.0494987 296
      vertex 140.665 0.0471158 296
    endloop
  endfacet
  facet normal 0 0 -1
    outer loop
      vertex 143.932 0.210791 296
      vertex 140.27 16.2453 296
      vertex 143.418 16.3488 296
    endloop
  endfacet
  facet normal 0 0 -1
    outer loop
      vertex 140.694 0.0494987 296
      vertex 140.241 16.2431 296
      vertex 140.27 16.2453 296
    endloop
  endfacet
  facet normal 0 0 -1
    outer loop
      vertex 137.11 16.1003 296
      vertex 140.665 0.0471158 296
      vertex 137.434 -0.0960823 296
    endloop
  endfacet
  facet normal 0 0 -1
    outer loop
      vertex 129.86 6.57166 296
      vertex 137.434 -0.0960823 296
      vertex 137.404 -0.0982975 296
    endloop
  endfacet
  facet normal 0 0 -1
    outer loop
      vertex 140.665 0.0471158 296
      vertex 137.11 16.1003 296
      vertex 140.241 16.2431 296
    endloop
  endfacet
  facet normal 0 0 -1
    outer loop
      vertex 137.434 -0.0960823 296
      vertex 137.082 16.0977 296
      vertex 137.11 16.1003 296
    endloop
  endfacet
  facet normal 0 0 -1
    outer loop
      vertex 129.846 6.36282 296
      vertex 137.404 -0.0982975 296
      vertex 134.18 -0.221219 296
    endloop
  endfacet
  facet normal 0 0 -1
    outer loop
      vertex 129.738 5.95936 296
      vertex 134.18 -0.221219 296
      vertex 134.151 -0.223246 296
    endloop
  endfacet
  facet normal 0 0 -1
    outer loop
      vertex 137.434 -0.0960823 296
      vertex 129.846 6.7805 296
      vertex 137.082 16.0977 296
    endloop
  endfacet
  facet normal 0 0 -1
    outer loop
      vertex 129.806 6.98577 296
      vertex 137.082 16.0977 296
      vertex 129.846 6.7805 296
    endloop
  endfacet
  facet normal 0 0 -1
    outer loop
      vertex 129.529 5.59764 296
      vertex 134.151 -0.223246 296
      vertex 130.941 -0.323345 296
    endloop
  endfacet
  facet normal 0 0 -1
    outer loop
      vertex 129.06 5.18602 296
      vertex 130.941 -0.323345 296
      vertex 130.911 -0.32516 296
    endloop
  endfacet
  facet normal 0 0 -1
    outer loop
      vertex 137.434 -0.0960823 296
      vertex 129.86 6.57166 296
      vertex 129.846 6.7805 296
    endloop
  endfacet
  facet normal 0 0 -1
    outer loop
      vertex 129.738 7.18395 296
      vertex 137.082 16.0977 296
      vertex 129.806 6.98577 296
    endloop
  endfacet
  facet normal 0 0 -1
    outer loop
      vertex 137.082 16.0977 296
      vertex 129.738 7.18395 296
      vertex 133.968 15.9123 296
    endloop
  endfacet
  facet normal 0 0 -1
    outer loop
      vertex 137.404 -0.0982975 296
      vertex 129.846 6.36282 296
      vertex 129.86 6.57166 296
    endloop
  endfacet
  facet normal 0 0 -1
    outer loop
      vertex 134.18 -0.221219 296
      vertex 129.806 6.15755 296
      vertex 129.846 6.36282 296
    endloop
  endfacet
  facet normal 0 0 -1
    outer loop
      vertex 134.18 -0.221219 296
      vertex 129.738 5.95936 296
      vertex 129.806 6.15755 296
    endloop
  endfacet
  facet normal 0 0 -1
    outer loop
      vertex 134.151 -0.223246 296
      vertex 129.646 5.77166 296
      vertex 129.738 5.95936 296
    endloop
  endfacet
  facet normal 0 0 -1
    outer loop
      vertex 134.151 -0.223246 296
      vertex 129.529 5.59764 296
      vertex 129.646 5.77166 296
    endloop
  endfacet
  facet normal 0 0 -1
    outer loop
      vertex 130.941 -0.323345 296
      vertex 129.391 5.44029 296
      vertex 129.529 5.59764 296
    endloop
  endfacet
  facet normal 0 0 -1
    outer loop
      vertex 130.941 -0.323345 296
      vertex 129.234 5.30229 296
      vertex 129.391 5.44029 296
    endloop
  endfacet
  facet normal 0 0 -1
    outer loop
      vertex 130.941 -0.323345 296
      vertex 129.06 5.18602 296
      vertex 129.234 5.30229 296
    endloop
  endfacet
  facet normal 0 0 -1
    outer loop
      vertex 130.911 -0.32516 296
      vertex 128.872 5.09345 296
      vertex 129.06 5.18602 296
    endloop
  endfacet
  facet normal 0 0 -1
    outer loop
      vertex 130.911 -0.32516 296
      vertex 128.674 5.02618 296
      vertex 128.872 5.09345 296
    endloop
  endfacet
  facet normal 0 0 -1
    outer loop
      vertex 127.724 -0.398219 296
      vertex 128.674 5.02618 296
      vertex 130.911 -0.32516 296
    endloop
  endfacet
  facet normal 0 0 -1
    outer loop
      vertex 128.674 5.02618 296
      vertex 127.724 -0.398219 296
      vertex 128.469 4.98535 296
    endloop
  endfacet
  facet normal 0 0 -1
    outer loop
      vertex 128.469 4.98535 296
      vertex 127.724 -0.398219 296
      vertex 128.26 4.97166 296
    endloop
  endfacet
  facet normal -0 0 -1
    outer loop
      vertex 128.26 4.97166 296
      vertex 127.724 -0.398219 296
      vertex 128.051 4.98535 296
    endloop
  endfacet
  facet normal 0 0 -1
    outer loop
      vertex 127.695 -0.39978 296
      vertex 128.051 4.98535 296
      vertex 127.724 -0.398219 296
    endloop
  endfacet
  facet normal -0 0 -1
    outer loop
      vertex 128.051 4.98535 296
      vertex 127.695 -0.39978 296
      vertex 127.846 5.02618 296
    endloop
  endfacet
  facet normal 0 0 -1
    outer loop
      vertex 127.695 -0.39978 296
      vertex 127.648 5.09345 296
      vertex 127.846 5.02618 296
    endloop
  endfacet
  facet normal 0 0 -1
    outer loop
      vertex 127.695 -0.39978 296
      vertex 127.46 5.18602 296
      vertex 127.648 5.09345 296
    endloop
  endfacet
  facet normal 0 0 -1
    outer loop
      vertex 124.533 -0.439996 296
      vertex 127.46 5.18602 296
      vertex 127.695 -0.39978 296
    endloop
  endfacet
  facet normal -0 0 -1
    outer loop
      vertex 127.46 5.18602 296
      vertex 124.533 -0.439996 296
      vertex 127.286 5.30229 296
    endloop
  endfacet
  facet normal -0 0 -1
    outer loop
      vertex 127.286 5.30229 296
      vertex 124.533 -0.439996 296
      vertex 127.129 5.44029 296
    endloop
  endfacet
  facet normal -0 0 -1
    outer loop
      vertex 127.129 5.44029 296
      vertex 124.533 -0.439996 296
      vertex 126.991 5.59764 296
    endloop
  endfacet
  facet normal 0 0 -1
    outer loop
      vertex 124.504 -0.441249 296
      vertex 126.991 5.59764 296
      vertex 124.533 -0.439996 296
    endloop
  endfacet
  facet normal -0 0 -1
    outer loop
      vertex 126.991 5.59764 296
      vertex 124.504 -0.441249 296
      vertex 126.874 5.77166 296
    endloop
  endfacet
  facet normal 0 0 -1
    outer loop
      vertex 121.367 -0.442807 296
      vertex 126.874 5.77166 296
      vertex 124.504 -0.441249 296
    endloop
  endfacet
  facet normal 0 0 -1
    outer loop
      vertex 121.338 -0.443699 296
      vertex 126.66 6.57166 296
      vertex 126.674 6.36282 296
    endloop
  endfacet
  facet normal -0 0 -1
    outer loop
      vertex 126.874 5.77166 296
      vertex 121.367 -0.442807 296
      vertex 126.782 5.95936 296
    endloop
  endfacet
  facet normal -0 0 -1
    outer loop
      vertex 126.782 5.95936 296
      vertex 121.367 -0.442807 296
      vertex 126.715 6.15755 296
    endloop
  endfacet
  facet normal 0 0 -1
    outer loop
      vertex 126.66 6.57166 296
      vertex 124.641 15.0551 296
      vertex 124.668 15.0595 296
    endloop
  endfacet
  facet normal -0 0 -1
    outer loop
      vertex 126.715 6.15755 296
      vertex 121.367 -0.442807 296
      vertex 126.674 6.36282 296
    endloop
  endfacet
  facet normal 0 0 -1
    outer loop
      vertex 126.66 6.57166 296
      vertex 121.627 14.6674 296
      vertex 124.641 15.0551 296
    endloop
  endfacet
  facet normal 0 0 -1
    outer loop
      vertex 126.66 6.57166 296
      vertex 121.6 14.6625 296
      vertex 121.627 14.6674 296
    endloop
  endfacet
  facet normal 0 0 -1
    outer loop
      vertex 121.338 -0.443699 296
      vertex 126.674 6.36282 296
      vertex 121.367 -0.442807 296
    endloop
  endfacet
  facet normal 0 0 -1
    outer loop
      vertex 126.66 6.57166 296
      vertex 121.338 -0.443699 296
      vertex 118.236 -0.400787 296
    endloop
  endfacet
  facet normal 0 0 -1
    outer loop
      vertex 126.66 6.57166 296
      vertex 118.626 14.2147 296
      vertex 121.6 14.6625 296
    endloop
  endfacet
  facet normal 0 0 -1
    outer loop
      vertex 126.66 6.57166 296
      vertex 118.599 14.2092 296
      vertex 118.626 14.2147 296
    endloop
  endfacet
  facet normal -0 0 -1
    outer loop
      vertex 126.66 6.57166 296
      vertex 118.236 -0.400787 296
      vertex 118.599 14.2092 296
    endloop
  endfacet
  facet normal 0 0 -1
    outer loop
      vertex 115.675 13.6964 296
      vertex 118.236 -0.400787 296
      vertex 118.208 -0.401262 296
    endloop
  endfacet
  facet normal 0 0 -1
    outer loop
      vertex 118.236 -0.400787 296
      vertex 115.675 13.6964 296
      vertex 118.599 14.2092 296
    endloop
  endfacet
  facet normal 0 0 -1
    outer loop
      vertex 118.208 -0.401262 296
      vertex 115.649 13.6903 296
      vertex 115.675 13.6964 296
    endloop
  endfacet
  facet normal 0 0 -1
    outer loop
      vertex 115.163 -0.306363 296
      vertex 115.649 13.6903 296
      vertex 118.208 -0.401262 296
    endloop
  endfacet
  facet normal 0 0 -1
    outer loop
      vertex 112.791 13.1086 296
      vertex 115.163 -0.306363 296
      vertex 115.136 -0.306346 296
    endloop
  endfacet
  facet normal 0 0 -1
    outer loop
      vertex 115.163 -0.306363 296
      vertex 112.791 13.1086 296
      vertex 115.649 13.6903 296
    endloop
  endfacet
  facet normal 0 0 -1
    outer loop
      vertex 115.136 -0.306346 296
      vertex 112.766 13.1018 296
      vertex 112.791 13.1086 296
    endloop
  endfacet
  facet normal 0 0 -1
    outer loop
      vertex 112.153 -0.148568 296
      vertex 112.766 13.1018 296
      vertex 115.136 -0.306346 296
    endloop
  endfacet
  facet normal 0 0 -1
    outer loop
      vertex 109.998 12.4469 296
      vertex 112.153 -0.148568 296
      vertex 112.125 -0.147957 296
    endloop
  endfacet
  facet normal 0 0 -1
    outer loop
      vertex 112.153 -0.148568 296
      vertex 109.998 12.4469 296
      vertex 112.766 13.1018 296
    endloop
  endfacet
  facet normal 0 0 -1
    outer loop
      vertex 112.125 -0.147957 296
      vertex 109.974 12.4395 296
      vertex 109.998 12.4469 296
    endloop
  endfacet
  facet normal 0 0 -1
    outer loop
      vertex 109.212 0.0838348 296
      vertex 109.974 12.4395 296
      vertex 112.125 -0.147957 296
    endloop
  endfacet
  facet normal 0 0 -1
    outer loop
      vertex 107.328 11.7087 296
      vertex 109.212 0.0838348 296
      vertex 109.186 0.0851424 296
    endloop
  endfacet
  facet normal 0 0 -1
    outer loop
      vertex 109.212 0.0838348 296
      vertex 107.328 11.7087 296
      vertex 109.974 12.4395 296
    endloop
  endfacet
  facet normal 0 0 -1
    outer loop
      vertex 109.186 0.0851424 296
      vertex 107.306 11.7007 296
      vertex 107.328 11.7087 296
    endloop
  endfacet
  facet normal 0 0 -1
    outer loop
      vertex 106.422 0.392597 296
      vertex 107.306 11.7007 296
      vertex 109.186 0.0851424 296
    endloop
  endfacet
  facet normal 0 0 -1
    outer loop
      vertex 104.83 10.8931 296
      vertex 106.422 0.392597 296
      vertex 106.397 0.394639 296
    endloop
  endfacet
  facet normal 0 0 -1
    outer loop
      vertex 106.422 0.392597 296
      vertex 104.85 10.9015 296
      vertex 107.306 11.7007 296
    endloop
  endfacet
  facet normal 0 0 -1
    outer loop
      vertex 106.422 0.392597 296
      vertex 104.83 10.8931 296
      vertex 104.85 10.9015 296
    endloop
  endfacet
  facet normal 0 0 -1
    outer loop
      vertex 103.816 0.775627 296
      vertex 104.83 10.8931 296
      vertex 106.397 0.394639 296
    endloop
  endfacet
  facet normal 0 0 -1
    outer loop
      vertex 102.609 10.0324 296
      vertex 103.816 0.775627 296
      vertex 103.792 0.778394 296
    endloop
  endfacet
  facet normal 0 0 -1
    outer loop
      vertex 103.816 0.775627 296
      vertex 102.626 10.0411 296
      vertex 104.83 10.8931 296
    endloop
  endfacet
  facet normal 0 0 -1
    outer loop
      vertex 103.816 0.775627 296
      vertex 102.609 10.0324 296
      vertex 102.626 10.0411 296
    endloop
  endfacet
  facet normal 0 0 -1
    outer loop
      vertex 100.694 9.14765 296
      vertex 103.792 0.778394 296
      vertex 101.475 1.22075 296
    endloop
  endfacet
  facet normal 0 0 -1
    outer loop
      vertex 100.68 9.13962 296
      vertex 101.475 1.22075 296
      vertex 101.453 1.22415 296
    endloop
  endfacet
  facet normal 0 0 -1
    outer loop
      vertex 103.792 0.778394 296
      vertex 100.694 9.14765 296
      vertex 102.609 10.0324 296
    endloop
  endfacet
  facet normal 0 0 -1
    outer loop
      vertex 101.475 1.22075 296
      vertex 100.68 9.13962 296
      vertex 100.694 9.14765 296
    endloop
  endfacet
  facet normal 0 0 -1
    outer loop
      vertex 99.1783 8.30918 296
      vertex 101.453 1.22415 296
      vertex 99.7553 1.63127 296
    endloop
  endfacet
  facet normal 0 0 -1
    outer loop
      vertex 98.0656 7.56843 296
      vertex 99.7553 1.63127 296
      vertex 99.7396 1.63452 296
    endloop
  endfacet
  facet normal 0 0 -1
    outer loop
      vertex 101.453 1.22415 296
      vertex 99.1783 8.30918 296
      vertex 100.68 9.13962 296
    endloop
  endfacet
  facet normal 0 0 -1
    outer loop
      vertex 99.7553 1.63127 296
      vertex 99.1684 8.30215 296
      vertex 99.1783 8.30918 296
    endloop
  endfacet
  facet normal 0 0 -1
    outer loop
      vertex 98.0582 7.56205 296
      vertex 99.7396 1.63452 296
      vertex 98.5243 1.9958 296
    endloop
  endfacet
  facet normal 0 0 -1
    outer loop
      vertex 97.217 6.88467 296
      vertex 98.5243 1.9958 296
      vertex 98.5131 1.99877 296
    endloop
  endfacet
  facet normal 0 0 -1
    outer loop
      vertex 99.7553 1.63127 296
      vertex 98.0656 7.56843 296
      vertex 99.1684 8.30215 296
    endloop
  endfacet
  facet normal 0 0 -1
    outer loop
      vertex 99.7396 1.63452 296
      vertex 98.0582 7.56205 296
      vertex 98.0656 7.56843 296
    endloop
  endfacet
  facet normal 0 0 -1
    outer loop
      vertex 97.217 6.88467 296
      vertex 98.5131 1.99877 296
      vertex 97.5555 2.34783 296
    endloop
  endfacet
  facet normal 0 0 -1
    outer loop
      vertex 96.577 6.27529 296
      vertex 97.5555 2.34783 296
      vertex 97.5467 2.35076 296
    endloop
  endfacet
  facet normal 0 0 -1
    outer loop
      vertex 98.5243 1.9958 296
      vertex 97.2227 6.89039 296
      vertex 98.0582 7.56205 296
    endloop
  endfacet
  facet normal 0 0 -1
    outer loop
      vertex 98.5243 1.9958 296
      vertex 97.217 6.88467 296
      vertex 97.2227 6.89039 296
    endloop
  endfacet
  facet normal 0 0 -1
    outer loop
      vertex 96.577 6.27529 296
      vertex 97.5467 2.35076 296
      vertex 96.7962 2.68141 296
    endloop
  endfacet
  facet normal 0 0 -1
    outer loop
      vertex 96.1087 5.76285 296
      vertex 96.7962 2.68141 296
      vertex 96.7892 2.68423 296
    endloop
  endfacet
  facet normal 0 0 -1
    outer loop
      vertex 97.5555 2.34783 296
      vertex 96.5811 6.28007 296
      vertex 97.217 6.88467 296
    endloop
  endfacet
  facet normal 0 0 -1
    outer loop
      vertex 97.5555 2.34783 296
      vertex 96.577 6.27529 296
      vertex 96.5811 6.28007 296
    endloop
  endfacet
  facet normal 0 0 -1
    outer loop
      vertex 95.7792 5.32779 296
      vertex 96.7892 2.68423 296
      vertex 96.2312 2.96983 296
    endloop
  endfacet
  facet normal 0 0 -1
    outer loop
      vertex 95.4335 4.5415 296
      vertex 96.2312 2.96983 296
      vertex 96.226 2.97229 296
    endloop
  endfacet
  facet normal 0 0 -1
    outer loop
      vertex 96.7962 2.68141 296
      vertex 96.1115 5.76689 296
      vertex 96.577 6.27529 296
    endloop
  endfacet
  facet normal 0 0 -1
    outer loop
      vertex 96.7962 2.68141 296
      vertex 96.1087 5.76285 296
      vertex 96.1115 5.76689 296
    endloop
  endfacet
  facet normal 0 0 -1
    outer loop
      vertex 95.4335 4.5415 296
      vertex 96.226 2.97229 296
      vertex 95.8295 3.23325 296
    endloop
  endfacet
  facet normal 0 0 -1
    outer loop
      vertex 95.5665 3.50679 296
      vertex 95.8295 3.23325 296
      vertex 95.8258 3.23553 296
    endloop
  endfacet
  facet normal 0 0 -1
    outer loop
      vertex 96.7892 2.68423 296
      vertex 95.7792 5.32779 296
      vertex 96.1087 5.76285 296
    endloop
  endfacet
  facet normal 0 0 -1
    outer loop
      vertex 96.1087 5.76285 296
      vertex 95.7792 5.32779 296
      vertex 95.781 5.33147 296
    endloop
  endfacet
  facet normal 0 0 -1
    outer loop
      vertex 95.8295 3.23325 296
      vertex 95.5665 3.50679 296
      vertex 95.3859 4.16401 296
    endloop
  endfacet
  facet normal 0 0 -1
    outer loop
      vertex 95.4243 3.8149 296
      vertex 95.5665 3.50679 296
      vertex 95.5641 3.5092 296
    endloop
  endfacet
  facet normal 0 0 -1
    outer loop
      vertex 96.2312 2.96983 296
      vertex 95.5617 4.92905 296
      vertex 95.7792 5.32779 296
    endloop
  endfacet
  facet normal 0 0 -1
    outer loop
      vertex 95.7792 5.32779 296
      vertex 95.5617 4.92905 296
      vertex 95.5627 4.9326 296
    endloop
  endfacet
  facet normal 0 0 -1
    outer loop
      vertex 96.2312 2.96983 296
      vertex 95.4335 4.5415 296
      vertex 95.5617 4.92905 296
    endloop
  endfacet
  facet normal 0 0 -1
    outer loop
      vertex 95.5617 4.92905 296
      vertex 95.4335 4.5415 296
      vertex 95.4338 4.54494 296
    endloop
  endfacet
  facet normal 0 0 -1
    outer loop
      vertex 95.5665 3.50679 296
      vertex 95.4243 3.8149 296
      vertex 95.3859 4.16401 296
    endloop
  endfacet
  facet normal 0 0 -1
    outer loop
      vertex 95.3859 4.16401 296
      vertex 95.4243 3.8149 296
      vertex 95.423 3.81766 296
    endloop
  endfacet
  facet normal 0 0 -1
    outer loop
      vertex 95.8295 3.23325 296
      vertex 95.3859 4.16401 296
      vertex 95.4335 4.5415 296
    endloop
  endfacet
  facet normal 0 0 -1
    outer loop
      vertex 95.4335 4.5415 296
      vertex 95.3859 4.16401 296
      vertex 95.3855 4.16717 296
    endloop
  endfacet
  facet normal 0 0 -1
    outer loop
      vertex 198.916 9.12248 296
      vertex 201.724 13.544 296
      vertex 198.957 8.91722 296
    endloop
  endfacet
  facet normal 0 0 -1
    outer loop
      vertex 198.849 9.32067 296
      vertex 201.724 13.544 296
      vertex 198.916 9.12248 296
    endloop
  endfacet
  facet normal -0 0 -1
    outer loop
      vertex 201.724 13.544 296
      vertex 198.849 9.32067 296
      vertex 201.694 13.5461 296
    endloop
  endfacet
  facet normal 0 0 -1
    outer loop
      vertex 198.756 9.50837 296
      vertex 201.694 13.5461 296
      vertex 198.849 9.32067 296
    endloop
  endfacet
  facet normal 0 0 -1
    outer loop
      vertex 198.64 9.68239 296
      vertex 201.694 13.5461 296
      vertex 198.756 9.50837 296
    endloop
  endfacet
  facet normal 0 0 -1
    outer loop
      vertex 198.502 9.83974 296
      vertex 201.694 13.5461 296
      vertex 198.64 9.68239 296
    endloop
  endfacet
  facet normal 0 0 -1
    outer loop
      vertex 198.345 9.97774 296
      vertex 201.694 13.5461 296
      vertex 198.502 9.83974 296
    endloop
  endfacet
  facet normal -0 0 -1
    outer loop
      vertex 201.694 13.5461 296
      vertex 198.345 9.97774 296
      vertex 198.453 13.8796 296
    endloop
  endfacet
  facet normal 0 0 -1
    outer loop
      vertex 198.171 10.094 296
      vertex 198.453 13.8796 296
      vertex 198.345 9.97774 296
    endloop
  endfacet
  facet normal 0 0 -1
    outer loop
      vertex 197.983 10.1866 296
      vertex 198.453 13.8796 296
      vertex 198.171 10.094 296
    endloop
  endfacet
  facet normal 0 0 -1
    outer loop
      vertex 197.785 10.2539 296
      vertex 198.453 13.8796 296
      vertex 197.983 10.1866 296
    endloop
  endfacet
  facet normal -0 0 -1
    outer loop
      vertex 198.453 13.8796 296
      vertex 197.785 10.2539 296
      vertex 198.424 13.8816 296
    endloop
  endfacet
  facet normal 0 0 -1
    outer loop
      vertex 197.58 10.2947 296
      vertex 198.424 13.8816 296
      vertex 197.785 10.2539 296
    endloop
  endfacet
  facet normal 0 0 -1
    outer loop
      vertex 197.371 10.3084 296
      vertex 198.424 13.8816 296
      vertex 197.58 10.2947 296
    endloop
  endfacet
  facet normal 0 0 -1
    outer loop
      vertex 197.162 10.2947 296
      vertex 198.424 13.8816 296
      vertex 197.371 10.3084 296
    endloop
  endfacet
  facet normal 0 0 -1
    outer loop
      vertex 195.19 14.2006 296
      vertex 197.162 10.2947 296
      vertex 196.957 10.2539 296
    endloop
  endfacet
  facet normal 0 0 -1
    outer loop
      vertex 195.19 14.2006 296
      vertex 196.957 10.2539 296
      vertex 196.758 10.1866 296
    endloop
  endfacet
  facet normal 0 0 -1
    outer loop
      vertex 195.19 14.2006 296
      vertex 196.758 10.1866 296
      vertex 196.571 10.094 296
    endloop
  endfacet
  facet normal 0 0 -1
    outer loop
      vertex 195.19 14.2006 296
      vertex 196.571 10.094 296
      vertex 196.397 9.97774 296
    endloop
  endfacet
  facet normal 0 0 -1
    outer loop
      vertex 195.19 14.2006 296
      vertex 196.397 9.97774 296
      vertex 196.239 9.83974 296
    endloop
  endfacet
  facet normal 0 0 -1
    outer loop
      vertex 195.19 14.2006 296
      vertex 196.239 9.83974 296
      vertex 196.101 9.68239 296
    endloop
  endfacet
  facet normal 0 0 -1
    outer loop
      vertex 195.19 14.2006 296
      vertex 196.101 9.68239 296
      vertex 195.985 9.50837 296
    endloop
  endfacet
  facet normal 0 0 -1
    outer loop
      vertex 197.162 10.2947 296
      vertex 195.19 14.2006 296
      vertex 198.424 13.8816 296
    endloop
  endfacet
  facet normal 0 0 -1
    outer loop
      vertex 195.893 9.32067 296
      vertex 195.19 14.2006 296
      vertex 195.985 9.50837 296
    endloop
  endfacet
  facet normal 0 0 -1
    outer loop
      vertex 195.825 9.12248 296
      vertex 195.19 14.2006 296
      vertex 195.893 9.32067 296
    endloop
  endfacet
  facet normal 0 0 -1
    outer loop
      vertex 195.784 8.91722 296
      vertex 195.19 14.2006 296
      vertex 195.825 9.12248 296
    endloop
  endfacet
  facet normal 0 0 -1
    outer loop
      vertex 195.19 14.2006 296
      vertex 195.784 8.91722 296
      vertex 195.771 8.70837 296
    endloop
  endfacet
  facet normal 0 0 -1
    outer loop
      vertex 129.646 7.37166 296
      vertex 133.968 15.9123 296
      vertex 129.738 7.18395 296
    endloop
  endfacet
  facet normal 0 0 -1
    outer loop
      vertex 133.968 15.9123 296
      vertex 129.646 7.37166 296
      vertex 133.94 15.9093 296
    endloop
  endfacet
  facet normal 0 0 -1
    outer loop
      vertex 129.529 7.54568 296
      vertex 133.94 15.9093 296
      vertex 129.646 7.37166 296
    endloop
  endfacet
  facet normal 0 0 -1
    outer loop
      vertex 129.391 7.70303 296
      vertex 133.94 15.9093 296
      vertex 129.529 7.54568 296
    endloop
  endfacet
  facet normal 0 0 -1
    outer loop
      vertex 133.94 15.9093 296
      vertex 129.391 7.70303 296
      vertex 130.845 15.6784 296
    endloop
  endfacet
  facet normal 0 0 -1
    outer loop
      vertex 129.234 7.84102 296
      vertex 130.845 15.6784 296
      vertex 129.391 7.70303 296
    endloop
  endfacet
  facet normal 0 0 -1
    outer loop
      vertex 129.06 7.9573 296
      vertex 130.845 15.6784 296
      vertex 129.234 7.84102 296
    endloop
  endfacet
  facet normal 0 0 -1
    outer loop
      vertex 130.845 15.6784 296
      vertex 129.06 7.9573 296
      vertex 130.817 15.6749 296
    endloop
  endfacet
  facet normal 0 0 -1
    outer loop
      vertex 128.872 8.04986 296
      vertex 130.817 15.6749 296
      vertex 129.06 7.9573 296
    endloop
  endfacet
  facet normal 0 0 -1
    outer loop
      vertex 128.674 8.11714 296
      vertex 130.817 15.6749 296
      vertex 128.872 8.04986 296
    endloop
  endfacet
  facet normal 0 0 -1
    outer loop
      vertex 127.743 15.3951 296
      vertex 128.674 8.11714 296
      vertex 128.469 8.15797 296
    endloop
  endfacet
  facet normal 0 0 -1
    outer loop
      vertex 127.743 15.3951 296
      vertex 128.469 8.15797 296
      vertex 128.26 8.17166 296
    endloop
  endfacet
  facet normal 0 0 -1
    outer loop
      vertex 127.715 15.3912 296
      vertex 128.26 8.17166 296
      vertex 128.051 8.15797 296
    endloop
  endfacet
  facet normal 0 0 -1
    outer loop
      vertex 127.715 15.3912 296
      vertex 128.051 8.15797 296
      vertex 127.846 8.11714 296
    endloop
  endfacet
  facet normal 0 0 -1
    outer loop
      vertex 128.674 8.11714 296
      vertex 127.743 15.3951 296
      vertex 130.817 15.6749 296
    endloop
  endfacet
  facet normal 0 0 -1
    outer loop
      vertex 128.26 8.17166 296
      vertex 127.715 15.3912 296
      vertex 127.743 15.3951 296
    endloop
  endfacet
  facet normal 0 0 -1
    outer loop
      vertex 124.668 15.0595 296
      vertex 127.846 8.11714 296
      vertex 127.648 8.04986 296
    endloop
  endfacet
  facet normal 0 0 -1
    outer loop
      vertex 124.668 15.0595 296
      vertex 127.648 8.04986 296
      vertex 127.46 7.9573 296
    endloop
  endfacet
  facet normal 0 0 -1
    outer loop
      vertex 124.668 15.0595 296
      vertex 127.46 7.9573 296
      vertex 127.286 7.84102 296
    endloop
  endfacet
  facet normal 0 0 -1
    outer loop
      vertex 124.668 15.0595 296
      vertex 127.286 7.84102 296
      vertex 127.129 7.70303 296
    endloop
  endfacet
  facet normal 0 0 -1
    outer loop
      vertex 124.668 15.0595 296
      vertex 127.129 7.70303 296
      vertex 126.991 7.54568 296
    endloop
  endfacet
  facet normal 0 0 -1
    outer loop
      vertex 124.668 15.0595 296
      vertex 126.991 7.54568 296
      vertex 126.874 7.37166 296
    endloop
  endfacet
  facet normal 0 0 -1
    outer loop
      vertex 124.668 15.0595 296
      vertex 126.874 7.37166 296
      vertex 126.782 7.18395 296
    endloop
  endfacet
  facet normal 0 0 -1
    outer loop
      vertex 124.668 15.0595 296
      vertex 126.782 7.18395 296
      vertex 126.715 6.98577 296
    endloop
  endfacet
  facet normal 0 0 -1
    outer loop
      vertex 124.668 15.0595 296
      vertex 126.715 6.98577 296
      vertex 126.674 6.7805 296
    endloop
  endfacet
  facet normal 0 0 -1
    outer loop
      vertex 127.846 8.11714 296
      vertex 124.668 15.0595 296
      vertex 127.715 15.3912 296
    endloop
  endfacet
  facet normal 0 0 -1
    outer loop
      vertex 124.668 15.0595 296
      vertex 126.674 6.7805 296
      vertex 126.66 6.57166 296
    endloop
  endfacet
  facet normal -0.993789 0.0786861 0.0786863
    outer loop
      vertex 209.058 7.92347 517.768
      vertex 209.388 15.4597 514.399
      vertex 209.058 14.2527 511.439
    endloop
  endfacet
  facet normal -0.993789 0.0786857 0.0786856
    outer loop
      vertex 209.388 15.4597 514.399
      vertex 209.058 7.92347 517.768
      vertex 209.388 10.3377 519.521
    endloop
  endfacet
  facet normal 0 -0.587642 0.809121
    outer loop
      vertex 209.388 10.3377 519.521
      vertex 212.518 7.92347 517.768
      vertex 212.188 10.3377 519.521
    endloop
  endfacet
  facet normal 0 -0.587642 0.809121
    outer loop
      vertex 212.518 7.92347 517.768
      vertex 209.388 10.3377 519.521
      vertex 209.058 7.92347 517.768
    endloop
  endfacet
  facet normal 0 0.926005 -0.37751
    outer loop
      vertex 212.518 14.2527 511.439
      vertex 209.388 15.4597 514.399
      vertex 212.188 15.4597 514.399
    endloop
  endfacet
  facet normal 0 0.926005 -0.37751
    outer loop
      vertex 209.388 15.4597 514.399
      vertex 212.518 14.2527 511.439
      vertex 209.058 14.2527 511.439
    endloop
  endfacet
  facet normal 0 0.707108 0.707106
    outer loop
      vertex 212.188 15.4597 514.399
      vertex 209.388 10.3377 519.521
      vertex 212.188 10.3377 519.521
    endloop
  endfacet
  facet normal 0 0.707108 0.707106
    outer loop
      vertex 209.388 10.3377 519.521
      vertex 212.188 15.4597 514.399
      vertex 209.388 15.4597 514.399
    endloop
  endfacet
  facet normal 0.993789 0.0786857 0.0786856
    outer loop
      vertex 212.518 7.92347 517.768
      vertex 212.188 15.4597 514.399
      vertex 212.188 10.3377 519.521
    endloop
  endfacet
  facet normal 0.993789 0.0786861 0.0786863
    outer loop
      vertex 212.188 15.4597 514.399
      vertex 212.518 7.92347 517.768
      vertex 212.518 14.2527 511.439
    endloop
  endfacet
  facet normal 0.993789 0.0786865 0.0786862
    outer loop
      vertex 251.938 15.9782 509.713
      vertex 251.608 17.3059 512.553
      vertex 251.938 11.1491 514.542
    endloop
  endfacet
  facet normal -0.99379 0.0786829 0.0786826
    outer loop
      vertex 248.478 15.9782 509.713
      vertex 248.478 11.1491 514.542
      vertex 248.808 17.3059 512.553
    endloop
  endfacet
  facet normal -0.99379 0.0786831 0.0786832
    outer loop
      vertex 248.478 11.1491 514.542
      vertex 248.808 13.2083 516.651
      vertex 248.808 17.3059 512.553
    endloop
  endfacet
  facet normal -0.99379 0.0786835 0.0786829
    outer loop
      vertex 248.808 13.2083 516.651
      vertex 248.478 11.1491 514.542
      vertex 248.478 10.9148 514.777
    endloop
  endfacet
  facet normal 0 -0.632743 0.774362
    outer loop
      vertex 248.808 13.2083 516.651
      vertex 251.938 10.9148 514.777
      vertex 251.608 13.2083 516.651
    endloop
  endfacet
  facet normal 0 -0.632743 0.774362
    outer loop
      vertex 251.938 10.9148 514.777
      vertex 248.808 13.2083 516.651
      vertex 248.478 10.9148 514.777
    endloop
  endfacet
  facet normal 0 0.905888 -0.423518
    outer loop
      vertex 251.938 15.9782 509.713
      vertex 248.808 17.3059 512.553
      vertex 251.608 17.3059 512.553
    endloop
  endfacet
  facet normal 0 0.905888 -0.423518
    outer loop
      vertex 248.808 17.3059 512.553
      vertex 251.938 15.9782 509.713
      vertex 248.478 15.9782 509.713
    endloop
  endfacet
  facet normal -0 0.707106 0.707107
    outer loop
      vertex 248.808 17.3059 512.553
      vertex 251.608 13.2083 516.651
      vertex 251.608 17.3059 512.553
    endloop
  endfacet
  facet normal 0 0.707106 0.707107
    outer loop
      vertex 251.608 13.2083 516.651
      vertex 248.808 17.3059 512.553
      vertex 248.808 13.2083 516.651
    endloop
  endfacet
  facet normal 0.993789 0.0786867 0.0786868
    outer loop
      vertex 251.608 13.2083 516.651
      vertex 251.938 11.1491 514.542
      vertex 251.608 17.3059 512.553
    endloop
  endfacet
  facet normal 0.993789 0.0786871 0.0786865
    outer loop
      vertex 251.938 11.1491 514.542
      vertex 251.608 13.2083 516.651
      vertex 251.938 10.9148 514.777
    endloop
  endfacet
endsolid OpenSCAD_Model
